lead_id	subject_kind	subject_id	claim_kind	normalized_value	source_ids	independence_families	disposition	game_version	exact_citations	summary	limitations
eldenpedia-page-10227-revision-96278-check-7770023	check	7770023	identity_region	"{""item_name"":""Memory Stone"",""region"":""Caelid""}"	wiki:eldenpedia:page-10227:revision-96278	gameplay-wiki:eldenpedia	lead_only	unknown	eldenpedia:pageid-10227:revision-96278:#Notable_Loot:Memory Stone	Eldenpedia revision 96278 lists Memory Stone as notable loot on Lenne's Rise; that exact name identifies one current AP check in Caelid.	Community-wiki location lead matched by exact item name inside an explicit region mapping. It does not prove access, a v1.17 event predicate, route order, completeness, or absence of another source.
eldenpedia-page-10313-revision-95453-check-7772326	check	7772326	identity_region	"{""item_name"":""Gold-Pickled Fowl Foot"",""region"":""Altus""}"	wiki:eldenpedia:page-10313:revision-95453	gameplay-wiki:eldenpedia	lead_only	unknown	eldenpedia:pageid-10313:revision-95453:#Notable_Loot:Gold-Pickled Fowl Foot	Eldenpedia revision 95453 lists Gold-Pickled Fowl Foot as notable loot on Sealed Tunnel; that exact name identifies one current AP check in Altus.	Community-wiki location lead matched by exact item name inside an explicit region mapping. It does not prove access, a v1.17 event predicate, route order, completeness, or absence of another source.
eldenpedia-page-10313-revision-95453-check-7772330	check	7772330	identity_region	"{""item_name"":""Furlcalling Finger Remedy"",""region"":""Altus""}"	wiki:eldenpedia:page-10313:revision-95453	gameplay-wiki:eldenpedia	lead_only	unknown	eldenpedia:pageid-10313:revision-95453:#Notable_Loot:Furlcalling Finger Remedy	Eldenpedia revision 95453 lists Furlcalling Finger Remedy as notable loot on Sealed Tunnel; that exact name identifies one current AP check in Altus.	Community-wiki location lead matched by exact item name inside an explicit region mapping. It does not prove access, a v1.17 event predicate, route order, completeness, or absence of another source.
eldenpedia-page-10313-revision-95453-check-7772333	check	7772333	identity_region	"{""item_name"":""Large Glintstone Scrap"",""region"":""Altus""}"	wiki:eldenpedia:page-10313:revision-95453	gameplay-wiki:eldenpedia	lead_only	unknown	eldenpedia:pageid-10313:revision-95453:#Notable_Loot:Large Glintstone Scrap	Eldenpedia revision 95453 lists Large Glintstone Scrap as notable loot on Sealed Tunnel; that exact name identifies one current AP check in Altus.	Community-wiki location lead matched by exact item name inside an explicit region mapping. It does not prove access, a v1.17 event predicate, route order, completeness, or absence of another source.
eldenpedia-page-10313-revision-95453-check-7772337	check	7772337	identity_region	"{""item_name"":""Smithing-Stone Miner's Bell Bearing 2"",""region"":""Altus""}"	wiki:eldenpedia:page-10313:revision-95453	gameplay-wiki:eldenpedia	lead_only	unknown	eldenpedia:pageid-10313:revision-95453:#Notable_Loot:Smithing-Stone Miner's Bell Bearing 2	Eldenpedia revision 95453 lists Smithing-Stone Miner's Bell Bearing 2 as notable loot on Sealed Tunnel; that exact name identifies one current AP check in Altus.	Community-wiki location lead matched by exact item name inside an explicit region mapping. It does not prove access, a v1.17 event predicate, route order, completeness, or absence of another source.
eldenpedia-page-10313-revision-95453-check-7773843	check	7773843	identity_region	"{""item_name"":""Onyx Lord's Greatsword"",""region"":""Altus""}"	wiki:eldenpedia:page-10313:revision-95453	gameplay-wiki:eldenpedia	lead_only	unknown	eldenpedia:pageid-10313:revision-95453:#Notable_Loot:Onyx Lord's Greatsword	Eldenpedia revision 95453 lists Onyx Lord's Greatsword as notable loot on Sealed Tunnel; that exact name identifies one current AP check in Altus.	Community-wiki location lead matched by exact item name inside an explicit region mapping. It does not prove access, a v1.17 event predicate, route order, completeness, or absence of another source.
eldenpedia-page-10460-revision-39254-check-7770756	check	7770756	identity_region	"{""item_name"":""Ash of War: Shield Crash"",""region"":""Altus""}"	wiki:eldenpedia:page-10460:revision-39254	gameplay-wiki:eldenpedia	lead_only	unknown	eldenpedia:pageid-10460:revision-39254:#Notable_Loot:Ash of War: Shield Crash	Eldenpedia revision 39254 lists Ash of War: Shield Crash as notable loot on Lux Ruins; that exact name identifies one current AP check in Altus.	Community-wiki location lead matched by exact item name inside an explicit region mapping. It does not prove access, a v1.17 event predicate, route order, completeness, or absence of another source.
eldenpedia-page-10460-revision-39254-check-7774233	check	7774233	identity_region	"{""item_name"":""Ritual Sword Talisman"",""region"":""Altus""}"	wiki:eldenpedia:page-10460:revision-39254	gameplay-wiki:eldenpedia	lead_only	unknown	eldenpedia:pageid-10460:revision-39254:#Notable_Loot:Ritual Sword Talisman	Eldenpedia revision 39254 lists Ritual Sword Talisman as notable loot on Lux Ruins; that exact name identifies one current AP check in Altus.	Community-wiki location lead matched by exact item name inside an explicit region mapping. It does not prove access, a v1.17 event predicate, route order, completeness, or absence of another source.
eldenpedia-page-10495-revision-39361-check-7772106	check	7772106	identity_region	"{""item_name"":""Rejuvenating Boluses"",""region"":""Consecrated Snowfield""}"	wiki:eldenpedia:page-10495:revision-39361	gameplay-wiki:eldenpedia	lead_only	unknown	eldenpedia:pageid-10495:revision-39361:#Notable_Loot:Rejuvenating Boluses	Eldenpedia revision 39361 lists Rejuvenating Boluses as notable loot on Consecrated Snowfield Catacombs; that exact name identifies one current AP check in Consecrated Snowfield.	Community-wiki location lead matched by exact item name inside an explicit region mapping. It does not prove access, a v1.17 event predicate, route order, completeness, or absence of another source.
eldenpedia-page-10495-revision-39361-check-7772108	check	7772108	identity_region	"{""item_name"":""Human Bone Shard"",""region"":""Consecrated Snowfield""}"	wiki:eldenpedia:page-10495:revision-39361	gameplay-wiki:eldenpedia	lead_only	unknown	eldenpedia:pageid-10495:revision-39361:#Notable_Loot:Human Bone Shard	Eldenpedia revision 39361 lists Human Bone Shard as notable loot on Consecrated Snowfield Catacombs; that exact name identifies one current AP check in Consecrated Snowfield.	Community-wiki location lead matched by exact item name inside an explicit region mapping. It does not prove access, a v1.17 event predicate, route order, completeness, or absence of another source.
eldenpedia-page-10495-revision-39361-check-7772109	check	7772109	identity_region	"{""item_name"":""Imp Head (Elder)"",""region"":""Consecrated Snowfield""}"	wiki:eldenpedia:page-10495:revision-39361	gameplay-wiki:eldenpedia	lead_only	unknown	eldenpedia:pageid-10495:revision-39361:#Notable_Loot:Imp Head (Elder)	Eldenpedia revision 39361 lists Imp Head (Elder) as notable loot on Consecrated Snowfield Catacombs; that exact name identifies one current AP check in Consecrated Snowfield.	Community-wiki location lead matched by exact item name inside an explicit region mapping. It does not prove access, a v1.17 event predicate, route order, completeness, or absence of another source.
eldenpedia-page-10495-revision-39361-check-7773821	check	7773821	identity_region	"{""item_name"":""Great Grave Glovewort"",""region"":""Consecrated Snowfield""}"	wiki:eldenpedia:page-10495:revision-39361	gameplay-wiki:eldenpedia	lead_only	unknown	eldenpedia:pageid-10495:revision-39361:#Notable_Loot:Great Grave Glovewort	Eldenpedia revision 39361 lists Great Grave Glovewort as notable loot on Consecrated Snowfield Catacombs; that exact name identifies one current AP check in Consecrated Snowfield.	Community-wiki location lead matched by exact item name inside an explicit region mapping. It does not prove access, a v1.17 event predicate, route order, completeness, or absence of another source.
eldenpedia-page-10495-revision-39361-check-7900138	check	7900138	identity_region	"{""item_name"":""Rotten Gravekeeper Cloak"",""region"":""Consecrated Snowfield""}"	wiki:eldenpedia:page-10495:revision-39361	gameplay-wiki:eldenpedia	lead_only	unknown	eldenpedia:pageid-10495:revision-39361:#Notable_Loot:Rotten Gravekeeper Cloak	Eldenpedia revision 39361 lists Rotten Gravekeeper Cloak as notable loot on Consecrated Snowfield Catacombs; that exact name identifies one current AP check in Consecrated Snowfield.	Community-wiki location lead matched by exact item name inside an explicit region mapping. It does not prove access, a v1.17 event predicate, route order, completeness, or absence of another source.
eldenpedia-page-10560-revision-39666-check-7770117	check	7770117	identity_region	"{""item_name"":""Missionary's Cookbook 4"",""region"":""Altus""}"	wiki:eldenpedia:page-10560:revision-39666	gameplay-wiki:eldenpedia	lead_only	unknown	eldenpedia:pageid-10560:revision-39666:#Notable_Loot:Missionary's Cookbook 4	Eldenpedia revision 39666 lists Missionary's Cookbook 4 as notable loot on Minor Erdtree Church; that exact name identifies one current AP check in Altus.	Community-wiki location lead matched by exact item name inside an explicit region mapping. It does not prove access, a v1.17 event predicate, route order, completeness, or absence of another source.
eldenpedia-page-10593-revision-39788-check-7773126	check	7773126	identity_region	"{""item_name"":""Neutralizing Boluses"",""region"":""Caelid""}"	wiki:eldenpedia:page-10593:revision-39788	gameplay-wiki:eldenpedia	lead_only	unknown	eldenpedia:pageid-10593:revision-39788:#Notable_Loot:Neutralizing Boluses	Eldenpedia revision 39788 lists Neutralizing Boluses as notable loot on Fort Faroth; that exact name identifies one current AP check in Caelid.	Community-wiki location lead matched by exact item name inside an explicit region mapping. It does not prove access, a v1.17 event predicate, route order, completeness, or absence of another source.
eldenpedia-page-10593-revision-39788-check-7773127	check	7773127	identity_region	"{""item_name"":""Radagon's Soreseal"",""region"":""Caelid""}"	wiki:eldenpedia:page-10593:revision-39788	gameplay-wiki:eldenpedia	lead_only	unknown	eldenpedia:pageid-10593:revision-39788:#Notable_Loot:Radagon's Soreseal	Eldenpedia revision 39788 lists Radagon's Soreseal as notable loot on Fort Faroth; that exact name identifies one current AP check in Caelid.	Community-wiki location lead matched by exact item name inside an explicit region mapping. It does not prove access, a v1.17 event predicate, route order, completeness, or absence of another source.
eldenpedia-page-10593-revision-39788-check-7773128	check	7773128	identity_region	"{""item_name"":""Dectus Medallion (Right)"",""region"":""Caelid""}"	wiki:eldenpedia:page-10593:revision-39788	gameplay-wiki:eldenpedia	lead_only	unknown	eldenpedia:pageid-10593:revision-39788:#Notable_Loot:Dectus Medallion (Right)	Eldenpedia revision 39788 lists Dectus Medallion (Right) as notable loot on Fort Faroth; that exact name identifies one current AP check in Caelid.	Community-wiki location lead matched by exact item name inside an explicit region mapping. It does not prove access, a v1.17 event predicate, route order, completeness, or absence of another source.
eldenpedia-page-10634-revision-39901-check-7773149	check	7773149	identity_region	"{""item_name"":""Primal Glintstone Blade"",""region"":""Mountaintops of the Giants""}"	wiki:eldenpedia:page-10634:revision-39901	gameplay-wiki:eldenpedia	lead_only	unknown	eldenpedia:pageid-10634:revision-39901:#Notable_Loot:Primal Glintstone Blade	Eldenpedia revision 39901 lists Primal Glintstone Blade as notable loot on Stargazer's Ruins; that exact name identifies one current AP check in Mountaintops of the Giants.	Community-wiki location lead matched by exact item name inside an explicit region mapping. It does not prove access, a v1.17 event predicate, route order, completeness, or absence of another source.
eldenpedia-page-10763-revision-40416-check-7772089	check	7772089	identity_region	"{""item_name"":""Miranda Sprout Ashes"",""region"":""Caelid""}"	wiki:eldenpedia:page-10763:revision-40416	gameplay-wiki:eldenpedia	lead_only	unknown	eldenpedia:pageid-10763:revision-40416:#Notable_Loot:Miranda Sprout Ashes	Eldenpedia revision 40416 lists Miranda Sprout Ashes as notable loot on Caelid Catacombs; that exact name identifies one current AP check in Caelid.	Community-wiki location lead matched by exact item name inside an explicit region mapping. It does not prove access, a v1.17 event predicate, route order, completeness, or absence of another source.
eldenpedia-page-10763-revision-40416-check-7773817	check	7773817	identity_region	"{""item_name"":""Kindred of Rot Ashes"",""region"":""Caelid""}"	wiki:eldenpedia:page-10763:revision-40416	gameplay-wiki:eldenpedia	lead_only	unknown	eldenpedia:pageid-10763:revision-40416:#Notable_Loot:Kindred of Rot Ashes	Eldenpedia revision 40416 lists Kindred of Rot Ashes as notable loot on Caelid Catacombs; that exact name identifies one current AP check in Caelid.	Community-wiki location lead matched by exact item name inside an explicit region mapping. It does not prove access, a v1.17 event predicate, route order, completeness, or absence of another source.
eldenpedia-page-10839-revision-40802-check-7772072	check	7772072	identity_region	"{""item_name"":""Crucible Feather Talisman"",""region"":""Altus""}"	wiki:eldenpedia:page-10839:revision-40802	gameplay-wiki:eldenpedia	lead_only	unknown	eldenpedia:pageid-10839:revision-40802:#Notable_Loot:Crucible Feather Talisman	Eldenpedia revision 40802 lists Crucible Feather Talisman as notable loot on Auriza Hero's Grave; that exact name identifies one current AP check in Altus.	Community-wiki location lead matched by exact item name inside an explicit region mapping. It does not prove access, a v1.17 event predicate, route order, completeness, or absence of another source.
eldenpedia-page-10839-revision-40802-check-7772073	check	7772073	identity_region	"{""item_name"":""Golden Epitaph"",""region"":""Altus""}"	wiki:eldenpedia:page-10839:revision-40802	gameplay-wiki:eldenpedia	lead_only	unknown	eldenpedia:pageid-10839:revision-40802:#Notable_Loot:Golden Epitaph	Eldenpedia revision 40802 lists Golden Epitaph as notable loot on Auriza Hero's Grave; that exact name identifies one current AP check in Altus.	Community-wiki location lead matched by exact item name inside an explicit region mapping. It does not prove access, a v1.17 event predicate, route order, completeness, or absence of another source.
eldenpedia-page-10839-revision-40802-check-7772074	check	7772074	identity_region	"{""item_name"":""Great Dragonfly Head"",""region"":""Altus""}"	wiki:eldenpedia:page-10839:revision-40802	gameplay-wiki:eldenpedia	lead_only	unknown	eldenpedia:pageid-10839:revision-40802:#Notable_Loot:Great Dragonfly Head	Eldenpedia revision 40802 lists Great Dragonfly Head as notable loot on Auriza Hero's Grave; that exact name identifies one current AP check in Altus.	Community-wiki location lead matched by exact item name inside an explicit region mapping. It does not prove access, a v1.17 event predicate, route order, completeness, or absence of another source.
eldenpedia-page-10839-revision-40802-check-7772075	check	7772075	identity_region	"{""item_name"":""Vulgar Militia Ashes"",""region"":""Altus""}"	wiki:eldenpedia:page-10839:revision-40802	gameplay-wiki:eldenpedia	lead_only	unknown	eldenpedia:pageid-10839:revision-40802:#Notable_Loot:Vulgar Militia Ashes	Eldenpedia revision 40802 lists Vulgar Militia Ashes as notable loot on Auriza Hero's Grave; that exact name identifies one current AP check in Altus.	Community-wiki location lead matched by exact item name inside an explicit region mapping. It does not prove access, a v1.17 event predicate, route order, completeness, or absence of another source.
eldenpedia-page-10839-revision-40802-check-7772076	check	7772076	identity_region	"{""item_name"":""Ash of War: Holy Ground"",""region"":""Altus""}"	wiki:eldenpedia:page-10839:revision-40802	gameplay-wiki:eldenpedia	lead_only	unknown	eldenpedia:pageid-10839:revision-40802:#Notable_Loot:Ash of War: Holy Ground	Eldenpedia revision 40802 lists Ash of War: Holy Ground as notable loot on Auriza Hero's Grave; that exact name identifies one current AP check in Altus.	Community-wiki location lead matched by exact item name inside an explicit region mapping. It does not prove access, a v1.17 event predicate, route order, completeness, or absence of another source.
eldenpedia-page-10839-revision-40802-check-7773812	check	7773812	identity_region	"{""item_name"":""Ordovis's Greatsword"",""region"":""Altus""}"	wiki:eldenpedia:page-10839:revision-40802	gameplay-wiki:eldenpedia	lead_only	unknown	eldenpedia:pageid-10839:revision-40802:#Notable_Loot:Ordovis's Greatsword	Eldenpedia revision 40802 lists Ordovis's Greatsword as notable loot on Auriza Hero's Grave; that exact name identifies one current AP check in Altus.	Community-wiki location lead matched by exact item name inside an explicit region mapping. It does not prove access, a v1.17 event predicate, route order, completeness, or absence of another source.
eldenpedia-page-10912-revision-101159-check-7772271	check	7772271	identity_region	"{""item_name"":""Crystal Dart"",""region"":""Altus""}"	wiki:eldenpedia:page-10912:revision-101159	gameplay-wiki:eldenpedia	lead_only	unknown	eldenpedia:pageid-10912:revision-101159:#Notable_Loot:Crystal Dart	Eldenpedia revision 101159 lists Crystal Dart as notable loot on Altus Tunnel; that exact name identifies one current AP check in Altus.	Community-wiki location lead matched by exact item name inside an explicit region mapping. It does not prove access, a v1.17 event predicate, route order, completeness, or absence of another source.
eldenpedia-page-10912-revision-101159-check-7772274	check	7772274	identity_region	"{""item_name"":""Arsenal Charm +1"",""region"":""Altus""}"	wiki:eldenpedia:page-10912:revision-101159	gameplay-wiki:eldenpedia	lead_only	unknown	eldenpedia:pageid-10912:revision-101159:#Notable_Loot:Arsenal Charm +1	Eldenpedia revision 101159 lists Arsenal Charm +1 as notable loot on Altus Tunnel; that exact name identifies one current AP check in Altus.	Community-wiki location lead matched by exact item name inside an explicit region mapping. It does not prove access, a v1.17 event predicate, route order, completeness, or absence of another source.
eldenpedia-page-10913-revision-97244-check-7770043	check	7770043	identity_region	"{""item_name"":""Sanctified Whetblade"",""region"":""Leyndell""}"	wiki:eldenpedia:page-10913:revision-97244	gameplay-wiki:eldenpedia	lead_only	unknown	eldenpedia:pageid-10913:revision-97244:#Notable_Loot:Sanctified Whetblade	Eldenpedia revision 97244 lists Sanctified Whetblade as notable loot on Leyndell, Royal Capital; that exact name identifies one current AP check in Leyndell.	Community-wiki location lead matched by exact item name inside an explicit region mapping. It does not prove access, a v1.17 event predicate, route order, completeness, or absence of another source.
eldenpedia-page-10913-revision-97244-check-7770768	check	7770768	identity_region	"{""item_name"":""Barrier of Gold"",""region"":""Leyndell""}"	wiki:eldenpedia:page-10913:revision-97244	gameplay-wiki:eldenpedia	lead_only	unknown	eldenpedia:pageid-10913:revision-97244:#Notable_Loot:Barrier of Gold	Eldenpedia revision 97244 lists Barrier of Gold as notable loot on Leyndell, Royal Capital; that exact name identifies one current AP check in Leyndell.	Community-wiki location lead matched by exact item name inside an explicit region mapping. It does not prove access, a v1.17 event predicate, route order, completeness, or absence of another source.
eldenpedia-page-10913-revision-97244-check-7770769	check	7770769	identity_region	"{""item_name"":""Ash of War: Thunderbolt"",""region"":""Leyndell""}"	wiki:eldenpedia:page-10913:revision-97244	gameplay-wiki:eldenpedia	lead_only	unknown	eldenpedia:pageid-10913:revision-97244:#Notable_Loot:Ash of War: Thunderbolt	Eldenpedia revision 97244 lists Ash of War: Thunderbolt as notable loot on Leyndell, Royal Capital; that exact name identifies one current AP check in Leyndell.	Community-wiki location lead matched by exact item name inside an explicit region mapping. It does not prove access, a v1.17 event predicate, route order, completeness, or absence of another source.
eldenpedia-page-10913-revision-97244-check-7770799	check	7770799	identity_region	"{""item_name"":""Flightless Bird Painting"",""region"":""Leyndell""}"	wiki:eldenpedia:page-10913:revision-97244	gameplay-wiki:eldenpedia	lead_only	unknown	eldenpedia:pageid-10913:revision-97244:#Notable_Loot:Flightless Bird Painting	Eldenpedia revision 97244 lists Flightless Bird Painting as notable loot on Leyndell, Royal Capital; that exact name identifies one current AP check in Leyndell.	Community-wiki location lead matched by exact item name inside an explicit region mapping. It does not prove access, a v1.17 event predicate, route order, completeness, or absence of another source.
eldenpedia-page-10913-revision-97244-check-7770918	check	7770918	identity_region	"{""item_name"":""Erdtree Bow"",""region"":""Leyndell""}"	wiki:eldenpedia:page-10913:revision-97244	gameplay-wiki:eldenpedia	lead_only	unknown	eldenpedia:pageid-10913:revision-97244:#Notable_Loot:Erdtree Bow	Eldenpedia revision 97244 lists Erdtree Bow as notable loot on Leyndell, Royal Capital; that exact name identifies one current AP check in Leyndell.	Community-wiki location lead matched by exact item name inside an explicit region mapping. It does not prove access, a v1.17 event predicate, route order, completeness, or absence of another source.
eldenpedia-page-10913-revision-97244-check-7770922	check	7770922	identity_region	"{""item_name"":""Deathbed Dress"",""region"":""Leyndell""}"	wiki:eldenpedia:page-10913:revision-97244	gameplay-wiki:eldenpedia	lead_only	unknown	eldenpedia:pageid-10913:revision-97244:#Notable_Loot:Deathbed Dress	Eldenpedia revision 97244 lists Deathbed Dress as notable loot on Leyndell, Royal Capital; that exact name identifies one current AP check in Leyndell.	Community-wiki location lead matched by exact item name inside an explicit region mapping. It does not prove access, a v1.17 event predicate, route order, completeness, or absence of another source.
eldenpedia-page-10913-revision-97244-check-7770926	check	7770926	identity_region	"{""item_name"":""Hammer"",""region"":""Leyndell""}"	wiki:eldenpedia:page-10913:revision-97244	gameplay-wiki:eldenpedia	lead_only	unknown	eldenpedia:pageid-10913:revision-97244:#Notable_Loot:Hammer	Eldenpedia revision 97244 lists Hammer as notable loot on Leyndell, Royal Capital; that exact name identifies one current AP check in Leyndell.	Community-wiki location lead matched by exact item name inside an explicit region mapping. It does not prove access, a v1.17 event predicate, route order, completeness, or absence of another source.
eldenpedia-page-10913-revision-97244-check-7770933	check	7770933	identity_region	"{""item_name"":""Guilty Hood"",""region"":""Leyndell""}"	wiki:eldenpedia:page-10913:revision-97244	gameplay-wiki:eldenpedia	lead_only	unknown	eldenpedia:pageid-10913:revision-97244:#Notable_Loot:Guilty Hood	Eldenpedia revision 97244 lists Guilty Hood as notable loot on Leyndell, Royal Capital; that exact name identifies one current AP check in Leyndell.	Community-wiki location lead matched by exact item name inside an explicit region mapping. It does not prove access, a v1.17 event predicate, route order, completeness, or absence of another source.
eldenpedia-page-10913-revision-97244-check-7770936	check	7770936	identity_region	"{""item_name"":""Cane Sword"",""region"":""Leyndell""}"	wiki:eldenpedia:page-10913:revision-97244	gameplay-wiki:eldenpedia	lead_only	unknown	eldenpedia:pageid-10913:revision-97244:#Notable_Loot:Cane Sword	Eldenpedia revision 97244 lists Cane Sword as notable loot on Leyndell, Royal Capital; that exact name identifies one current AP check in Leyndell.	Community-wiki location lead matched by exact item name inside an explicit region mapping. It does not prove access, a v1.17 event predicate, route order, completeness, or absence of another source.
eldenpedia-page-10913-revision-97244-check-7770965	check	7770965	identity_region	"{""item_name"":""Imp Head (Corpse)"",""region"":""Leyndell""}"	wiki:eldenpedia:page-10913:revision-97244	gameplay-wiki:eldenpedia	lead_only	unknown	eldenpedia:pageid-10913:revision-97244:#Notable_Loot:Imp Head (Corpse)	Eldenpedia revision 97244 lists Imp Head (Corpse) as notable loot on Leyndell, Royal Capital; that exact name identifies one current AP check in Leyndell.	Community-wiki location lead matched by exact item name inside an explicit region mapping. It does not prove access, a v1.17 event predicate, route order, completeness, or absence of another source.
eldenpedia-page-10913-revision-97244-check-7770987	check	7770987	identity_region	"{""item_name"":""Erdsteel Dagger"",""region"":""Leyndell""}"	wiki:eldenpedia:page-10913:revision-97244	gameplay-wiki:eldenpedia	lead_only	unknown	eldenpedia:pageid-10913:revision-97244:#Notable_Loot:Erdsteel Dagger	Eldenpedia revision 97244 lists Erdsteel Dagger as notable loot on Leyndell, Royal Capital; that exact name identifies one current AP check in Leyndell.	Community-wiki location lead matched by exact item name inside an explicit region mapping. It does not prove access, a v1.17 event predicate, route order, completeness, or absence of another source.
eldenpedia-page-10913-revision-97244-check-7770995	check	7770995	identity_region	"{""item_name"":""Black Bow"",""region"":""Leyndell""}"	wiki:eldenpedia:page-10913:revision-97244	gameplay-wiki:eldenpedia	lead_only	unknown	eldenpedia:pageid-10913:revision-97244:#Notable_Loot:Black Bow	Eldenpedia revision 97244 lists Black Bow as notable loot on Leyndell, Royal Capital; that exact name identifies one current AP check in Leyndell.	Community-wiki location lead matched by exact item name inside an explicit region mapping. It does not prove access, a v1.17 event predicate, route order, completeness, or absence of another source.
eldenpedia-page-10913-revision-97244-check-7770997	check	7770997	identity_region	"{""item_name"":""Two Fingers' Prayerbook"",""region"":""Leyndell""}"	wiki:eldenpedia:page-10913:revision-97244	gameplay-wiki:eldenpedia	lead_only	unknown	eldenpedia:pageid-10913:revision-97244:#Notable_Loot:Two Fingers' Prayerbook	Eldenpedia revision 97244 lists Two Fingers' Prayerbook as notable loot on Leyndell, Royal Capital; that exact name identifies one current AP check in Leyndell.	Community-wiki location lead matched by exact item name inside an explicit region mapping. It does not prove access, a v1.17 event predicate, route order, completeness, or absence of another source.
eldenpedia-page-10913-revision-97244-check-7771012	check	7771012	identity_region	"{""item_name"":""Star Fist"",""region"":""Leyndell""}"	wiki:eldenpedia:page-10913:revision-97244	gameplay-wiki:eldenpedia	lead_only	unknown	eldenpedia:pageid-10913:revision-97244:#Notable_Loot:Star Fist	Eldenpedia revision 97244 lists Star Fist as notable loot on Leyndell, Royal Capital; that exact name identifies one current AP check in Leyndell.	Community-wiki location lead matched by exact item name inside an explicit region mapping. It does not prove access, a v1.17 event predicate, route order, completeness, or absence of another source.
eldenpedia-page-10913-revision-97244-check-7771014	check	7771014	identity_region	"{""item_name"":""Golden Order Principia"",""region"":""Leyndell""}"	wiki:eldenpedia:page-10913:revision-97244	gameplay-wiki:eldenpedia	lead_only	unknown	eldenpedia:pageid-10913:revision-97244:#Notable_Loot:Golden Order Principia	Eldenpedia revision 97244 lists Golden Order Principia as notable loot on Leyndell, Royal Capital; that exact name identifies one current AP check in Leyndell.	Community-wiki location lead matched by exact item name inside an explicit region mapping. It does not prove access, a v1.17 event predicate, route order, completeness, or absence of another source.
eldenpedia-page-10913-revision-97244-check-7771020	check	7771020	identity_region	"{""item_name"":""Coded Sword"",""region"":""Leyndell""}"	wiki:eldenpedia:page-10913:revision-97244	gameplay-wiki:eldenpedia	lead_only	unknown	eldenpedia:pageid-10913:revision-97244:#Notable_Loot:Coded Sword	Eldenpedia revision 97244 lists Coded Sword as notable loot on Leyndell, Royal Capital; that exact name identifies one current AP check in Leyndell.	Community-wiki location lead matched by exact item name inside an explicit region mapping. It does not prove access, a v1.17 event predicate, route order, completeness, or absence of another source.
eldenpedia-page-10913-revision-97244-check-7771024	check	7771024	identity_region	"{""item_name"":""Gravel Stone Seal"",""region"":""Leyndell""}"	wiki:eldenpedia:page-10913:revision-97244	gameplay-wiki:eldenpedia	lead_only	unknown	eldenpedia:pageid-10913:revision-97244:#Notable_Loot:Gravel Stone Seal	Eldenpedia revision 97244 lists Gravel Stone Seal as notable loot on Leyndell, Royal Capital; that exact name identifies one current AP check in Leyndell.	Community-wiki location lead matched by exact item name inside an explicit region mapping. It does not prove access, a v1.17 event predicate, route order, completeness, or absence of another source.
eldenpedia-page-10913-revision-97244-check-7771026	check	7771026	identity_region	"{""item_name"":""Omensmirk Mask"",""region"":""Leyndell""}"	wiki:eldenpedia:page-10913:revision-97244	gameplay-wiki:eldenpedia	lead_only	unknown	eldenpedia:pageid-10913:revision-97244:#Notable_Loot:Omensmirk Mask	Eldenpedia revision 97244 lists Omensmirk Mask as notable loot on Leyndell, Royal Capital; that exact name identifies one current AP check in Leyndell.	Community-wiki location lead matched by exact item name inside an explicit region mapping. It does not prove access, a v1.17 event predicate, route order, completeness, or absence of another source.
eldenpedia-page-10913-revision-97244-check-7771029	check	7771029	identity_region	"{""item_name"":""Ritual Shield Talisman"",""region"":""Leyndell""}"	wiki:eldenpedia:page-10913:revision-97244	gameplay-wiki:eldenpedia	lead_only	unknown	eldenpedia:pageid-10913:revision-97244:#Notable_Loot:Ritual Shield Talisman	Eldenpedia revision 97244 lists Ritual Shield Talisman as notable loot on Leyndell, Royal Capital; that exact name identifies one current AP check in Leyndell.	Community-wiki location lead matched by exact item name inside an explicit region mapping. It does not prove access, a v1.17 event predicate, route order, completeness, or absence of another source.
eldenpedia-page-10913-revision-97244-check-7771030	check	7771030	identity_region	"{""item_name"":""Bolt of Gransax"",""region"":""Leyndell""}"	wiki:eldenpedia:page-10913:revision-97244	gameplay-wiki:eldenpedia	lead_only	unknown	eldenpedia:pageid-10913:revision-97244:#Notable_Loot:Bolt of Gransax	Eldenpedia revision 97244 lists Bolt of Gransax as notable loot on Leyndell, Royal Capital; that exact name identifies one current AP check in Leyndell.	Community-wiki location lead matched by exact item name inside an explicit region mapping. It does not prove access, a v1.17 event predicate, route order, completeness, or absence of another source.
eldenpedia-page-10913-revision-97244-check-7772344	check	7772344	identity_region	"{""item_name"":""Flamedrake Talisman +1"",""region"":""Leyndell""}"	wiki:eldenpedia:page-10913:revision-97244	gameplay-wiki:eldenpedia	lead_only	unknown	eldenpedia:pageid-10913:revision-97244:#Notable_Loot:Flamedrake Talisman +1	Eldenpedia revision 97244 lists Flamedrake Talisman +1 as notable loot on Leyndell, Royal Capital; that exact name identifies one current AP check in Leyndell.	Community-wiki location lead matched by exact item name inside an explicit region mapping. It does not prove access, a v1.17 event predicate, route order, completeness, or absence of another source.
eldenpedia-page-10913-revision-97244-check-7774593	check	7774593	identity_region	"{""item_name"":""By My Sword"",""region"":""Leyndell""}"	wiki:eldenpedia:page-10913:revision-97244	gameplay-wiki:eldenpedia	lead_only	unknown	eldenpedia:pageid-10913:revision-97244:#Notable_Loot:By My Sword	Eldenpedia revision 97244 lists By My Sword as notable loot on Leyndell, Royal Capital; that exact name identifies one current AP check in Leyndell.	Community-wiki location lead matched by exact item name inside an explicit region mapping. It does not prove access, a v1.17 event predicate, route order, completeness, or absence of another source.
eldenpedia-page-11071-revision-100731-check-7773796	check	7773796	identity_region	"{""item_name"":""Ancestral Follower Ashes"",""region"":""Siofra River""}"	wiki:eldenpedia:page-11071:revision-100731	gameplay-wiki:eldenpedia	lead_only	unknown	eldenpedia:pageid-11071:revision-100731:#Notable_Loot:Ancestral Follower Ashes	Eldenpedia revision 100731 lists Ancestral Follower Ashes as notable loot on Hallowhorn Grounds (South); that exact name identifies one current AP check in Siofra River.	Community-wiki location lead matched by exact item name inside an explicit region mapping. It does not prove access, a v1.17 event predicate, route order, completeness, or absence of another source.
eldenpedia-page-11085-revision-41831-check-7773020	check	7773020	identity_region	"{""item_name"":""Gravity Stone Peddler's Bell Bearing"",""region"":""Caelid""}"	wiki:eldenpedia:page-11085:revision-41831	gameplay-wiki:eldenpedia	lead_only	unknown	eldenpedia:pageid-11085:revision-41831:#Notable_Loot:Gravity Stone Peddler's Bell Bearing	Eldenpedia revision 41831 lists Gravity Stone Peddler's Bell Bearing as notable loot on Isolated Merchant's Shack (Dragonbarrow); that exact name identifies one current AP check in Caelid.	Community-wiki location lead matched by exact item name inside an explicit region mapping. It does not prove access, a v1.17 event predicate, route order, completeness, or absence of another source.
eldenpedia-page-11126-revision-41948-check-7772034	check	7772034	identity_region	"{""item_name"":""Raya Lucaria Soldier Ashes"",""region"":""Liurnia""}"	wiki:eldenpedia:page-11126:revision-41948	gameplay-wiki:eldenpedia	lead_only	unknown	eldenpedia:pageid-11126:revision-41948:#Notable_Loot:Raya Lucaria Soldier Ashes	Eldenpedia revision 41948 lists Raya Lucaria Soldier Ashes as notable loot on Road's End Catacombs; that exact name identifies one current AP check in Liurnia.	Community-wiki location lead matched by exact item name inside an explicit region mapping. It does not prove access, a v1.17 event predicate, route order, completeness, or absence of another source.
eldenpedia-page-11126-revision-41948-check-7772037	check	7772037	identity_region	"{""item_name"":""Watchdog's Staff"",""region"":""Liurnia""}"	wiki:eldenpedia:page-11126:revision-41948	gameplay-wiki:eldenpedia	lead_only	unknown	eldenpedia:pageid-11126:revision-41948:#Notable_Loot:Watchdog's Staff	Eldenpedia revision 41948 lists Watchdog's Staff as notable loot on Road's End Catacombs; that exact name identifies one current AP check in Liurnia.	Community-wiki location lead matched by exact item name inside an explicit region mapping. It does not prove access, a v1.17 event predicate, route order, completeness, or absence of another source.
eldenpedia-page-11126-revision-41948-check-7773808	check	7773808	identity_region	"{""item_name"":""Glintstone Sorcerer Ashes"",""region"":""Liurnia""}"	wiki:eldenpedia:page-11126:revision-41948	gameplay-wiki:eldenpedia	lead_only	unknown	eldenpedia:pageid-11126:revision-41948:#Notable_Loot:Glintstone Sorcerer Ashes	Eldenpedia revision 41948 lists Glintstone Sorcerer Ashes as notable loot on Road's End Catacombs; that exact name identifies one current AP check in Liurnia.	Community-wiki location lead matched by exact item name inside an explicit region mapping. It does not prove access, a v1.17 event predicate, route order, completeness, or absence of another source.
eldenpedia-page-11127-revision-70954-check-7773246	check	7773246	identity_region	"{""item_name"":""Gravebird Armor"",""region"":""Gravesite""}"	wiki:eldenpedia:page-11127:revision-70954	gameplay-wiki:eldenpedia	lead_only	unknown	eldenpedia:pageid-11127:revision-70954:#Notable_Loot:Gravebird Armor	Eldenpedia revision 70954 lists Gravebird Armor as notable loot on Abandoned Ailing Village; that exact name identifies one current AP check in Gravesite.	Community-wiki location lead matched by exact item name inside an explicit region mapping. It does not prove access, a v1.17 event predicate, route order, completeness, or absence of another source.
eldenpedia-page-11127-revision-70954-check-7773320	check	7773320	identity_region	"{""item_name"":""Ailment Talisman"",""region"":""Gravesite""}"	wiki:eldenpedia:page-11127:revision-70954	gameplay-wiki:eldenpedia	lead_only	unknown	eldenpedia:pageid-11127:revision-70954:#Notable_Loot:Ailment Talisman	Eldenpedia revision 70954 lists Ailment Talisman as notable loot on Abandoned Ailing Village; that exact name identifies one current AP check in Gravesite.	Community-wiki location lead matched by exact item name inside an explicit region mapping. It does not prove access, a v1.17 event predicate, route order, completeness, or absence of another source.
eldenpedia-page-11127-revision-70954-check-7773910	check	7773910	identity_region	"{""item_name"":""Serpent Crest Shield"",""region"":""Gravesite""}"	wiki:eldenpedia:page-11127:revision-70954	gameplay-wiki:eldenpedia	lead_only	unknown	eldenpedia:pageid-11127:revision-70954:#Notable_Loot:Serpent Crest Shield	Eldenpedia revision 70954 lists Serpent Crest Shield as notable loot on Abandoned Ailing Village; that exact name identifies one current AP check in Gravesite.	Community-wiki location lead matched by exact item name inside an explicit region mapping. It does not prove access, a v1.17 event predicate, route order, completeness, or absence of another source.
eldenpedia-page-11147-revision-42019-check-7770123	check	7770123	identity_region	"{""item_name"":""Perfumer's Cookbook 3"",""region"":""Altus""}"	wiki:eldenpedia:page-11147:revision-42019	gameplay-wiki:eldenpedia	lead_only	unknown	eldenpedia:pageid-11147:revision-42019:#Notable_Loot:Perfumer's Cookbook 3	Eldenpedia revision 42019 lists Perfumer's Cookbook 3 as notable loot on Auriza Side Tomb; that exact name identifies one current AP check in Altus.	Community-wiki location lead matched by exact item name inside an explicit region mapping. It does not prove access, a v1.17 event predicate, route order, completeness, or absence of another source.
eldenpedia-page-11147-revision-42019-check-7773815	check	7773815	identity_region	"{""item_name"":""Soldjars of Fortune Ashes"",""region"":""Altus""}"	wiki:eldenpedia:page-11147:revision-42019	gameplay-wiki:eldenpedia	lead_only	unknown	eldenpedia:pageid-11147:revision-42019:#Notable_Loot:Soldjars of Fortune Ashes	Eldenpedia revision 42019 lists Soldjars of Fortune Ashes as notable loot on Auriza Side Tomb; that exact name identifies one current AP check in Altus.	Community-wiki location lead matched by exact item name inside an explicit region mapping. It does not prove access, a v1.17 event predicate, route order, completeness, or absence of another source.
eldenpedia-page-11379-revision-99815-check-7772216	check	7772216	identity_region	"{""item_name"":""Venomous Fang"",""region"":""Caelid""}"	wiki:eldenpedia:page-11379:revision-99815	gameplay-wiki:eldenpedia	lead_only	unknown	eldenpedia:pageid-11379:revision-99815:#Notable_Loot:Venomous Fang	Eldenpedia revision 99815 lists Venomous Fang as notable loot on Abandoned Cave; that exact name identifies one current AP check in Caelid.	Community-wiki location lead matched by exact item name inside an explicit region mapping. It does not prove access, a v1.17 event predicate, route order, completeness, or absence of another source.
eldenpedia-page-11379-revision-99815-check-7772217	check	7772217	identity_region	"{""item_name"":""Serpent Bow"",""region"":""Caelid""}"	wiki:eldenpedia:page-11379:revision-99815	gameplay-wiki:eldenpedia	lead_only	unknown	eldenpedia:pageid-11379:revision-99815:#Notable_Loot:Serpent Bow	Eldenpedia revision 99815 lists Serpent Bow as notable loot on Abandoned Cave; that exact name identifies one current AP check in Caelid.	Community-wiki location lead matched by exact item name inside an explicit region mapping. It does not prove access, a v1.17 event predicate, route order, completeness, or absence of another source.
eldenpedia-page-11379-revision-99815-check-7772218	check	7772218	identity_region	"{""item_name"":""Fire Grease"",""region"":""Caelid""}"	wiki:eldenpedia:page-11379:revision-99815	gameplay-wiki:eldenpedia	lead_only	unknown	eldenpedia:pageid-11379:revision-99815:#Notable_Loot:Fire Grease	Eldenpedia revision 99815 lists Fire Grease as notable loot on Abandoned Cave; that exact name identifies one current AP check in Caelid.	Community-wiki location lead matched by exact item name inside an explicit region mapping. It does not prove access, a v1.17 event predicate, route order, completeness, or absence of another source.
eldenpedia-page-11379-revision-99815-check-7773834	check	7773834	identity_region	"{""item_name"":""Gold Scarab"",""region"":""Caelid""}"	wiki:eldenpedia:page-11379:revision-99815	gameplay-wiki:eldenpedia	lead_only	unknown	eldenpedia:pageid-11379:revision-99815:#Notable_Loot:Gold Scarab	Eldenpedia revision 99815 lists Gold Scarab as notable loot on Abandoned Cave; that exact name identifies one current AP check in Caelid.	Community-wiki location lead matched by exact item name inside an explicit region mapping. It does not prove access, a v1.17 event predicate, route order, completeness, or absence of another source.
eldenpedia-page-11480-revision-43190-check-7770032	check	7770032	identity_region	"{""item_name"":""Greenburst Crystal Tear"",""region"":""Caelid""}"	wiki:eldenpedia:page-11480:revision-43190	gameplay-wiki:eldenpedia	lead_only	unknown	eldenpedia:pageid-11480:revision-43190:#Notable_Loot:Greenburst Crystal Tear	Eldenpedia revision 43190 lists Greenburst Crystal Tear as notable loot on Minor Erdtree (Caelid); that exact name identifies one current AP check in Caelid.	Community-wiki location lead matched by exact item name inside an explicit region mapping. It does not prove access, a v1.17 event predicate, route order, completeness, or absence of another source.
eldenpedia-page-11480-revision-43190-check-7773679	check	7773679	identity_region	"{""item_name"":""Flame-Shrouding Cracked Tear"",""region"":""Caelid""}"	wiki:eldenpedia:page-11480:revision-43190	gameplay-wiki:eldenpedia	lead_only	unknown	eldenpedia:pageid-11480:revision-43190:#Notable_Loot:Flame-Shrouding Cracked Tear	Eldenpedia revision 43190 lists Flame-Shrouding Cracked Tear as notable loot on Minor Erdtree (Caelid); that exact name identifies one current AP check in Caelid.	Community-wiki location lead matched by exact item name inside an explicit region mapping. It does not prove access, a v1.17 event predicate, route order, completeness, or absence of another source.
eldenpedia-page-11675-revision-65655-check-7770587	check	7770587	identity_region	"{""item_name"":""Scepter of the All-Knowing"",""region"":""Leyndell""}"	wiki:eldenpedia:page-11675:revision-65655	gameplay-wiki:eldenpedia	lead_only	unknown	eldenpedia:pageid-11675:revision-65655:#Notable_Loot:Scepter of the All-Knowing	Eldenpedia revision 65655 lists Scepter of the All-Knowing as notable loot on Leyndell, Ashen Capital; that exact name identifies one current AP check in Leyndell.	Community-wiki location lead matched by exact item name inside an explicit region mapping. It does not prove access, a v1.17 event predicate, route order, completeness, or absence of another source.
eldenpedia-page-11675-revision-65655-check-7772351	check	7772351	identity_region	"{""item_name"":""Crimson Amber Medallion +2"",""region"":""Leyndell""}"	wiki:eldenpedia:page-11675:revision-65655	gameplay-wiki:eldenpedia	lead_only	unknown	eldenpedia:pageid-11675:revision-65655:#Notable_Loot:Crimson Amber Medallion +2	Eldenpedia revision 65655 lists Crimson Amber Medallion +2 as notable loot on Leyndell, Ashen Capital; that exact name identifies one current AP check in Leyndell.	Community-wiki location lead matched by exact item name inside an explicit region mapping. It does not prove access, a v1.17 event predicate, route order, completeness, or absence of another source.
eldenpedia-page-11699-revision-44024-check-7772996	check	7772996	identity_region	"{""item_name"":""Rimed Rowa"",""region"":""Consecrated Snowfield""}"	wiki:eldenpedia:page-11699:revision-44024	gameplay-wiki:eldenpedia	lead_only	unknown	eldenpedia:pageid-11699:revision-44024:#Notable_Loot:Rimed Rowa	Eldenpedia revision 44024 lists Rimed Rowa as notable loot on Yelough Anix Ruins; that exact name identifies one current AP check in Consecrated Snowfield.	Community-wiki location lead matched by exact item name inside an explicit region mapping. It does not prove access, a v1.17 event predicate, route order, completeness, or absence of another source.
eldenpedia-page-11699-revision-44024-check-7772999	check	7772999	identity_region	"{""item_name"":""Unendurable Frenzy"",""region"":""Consecrated Snowfield""}"	wiki:eldenpedia:page-11699:revision-44024	gameplay-wiki:eldenpedia	lead_only	unknown	eldenpedia:pageid-11699:revision-44024:#Notable_Loot:Unendurable Frenzy	Eldenpedia revision 44024 lists Unendurable Frenzy as notable loot on Yelough Anix Ruins; that exact name identifies one current AP check in Consecrated Snowfield.	Community-wiki location lead matched by exact item name inside an explicit region mapping. It does not prove access, a v1.17 event predicate, route order, completeness, or absence of another source.
eldenpedia-page-11744-revision-44190-check-7772840	check	7772840	identity_region	"{""item_name"":""Bone Peddler's Bell Bearing"",""region"":""Limgrave""}"	wiki:eldenpedia:page-11744:revision-44190	gameplay-wiki:eldenpedia	lead_only	unknown	eldenpedia:pageid-11744:revision-44190:#Notable_Loot:Bone Peddler's Bell Bearing	Eldenpedia revision 44190 lists Bone Peddler's Bell Bearing as notable loot on Warmaster's Shack; that exact name identifies one current AP check in Limgrave.	Community-wiki location lead matched by exact item name inside an explicit region mapping. It does not prove access, a v1.17 event predicate, route order, completeness, or absence of another source.
eldenpedia-page-11776-revision-44298-check-7773065	check	7773065	identity_region	"{""item_name"":""Invigorating Cured Meat"",""region"":""Mountaintops of the Giants""}"	wiki:eldenpedia:page-11776:revision-44298	gameplay-wiki:eldenpedia	lead_only	unknown	eldenpedia:pageid-11776:revision-44298:#Notable_Loot:Invigorating Cured Meat	Eldenpedia revision 44298 lists Invigorating Cured Meat as notable loot on Zamor Ruins; that exact name identifies one current AP check in Mountaintops of the Giants.	Community-wiki location lead matched by exact item name inside an explicit region mapping. It does not prove access, a v1.17 event predicate, route order, completeness, or absence of another source.
eldenpedia-page-11776-revision-44298-check-7773067	check	7773067	identity_region	"{""item_name"":""Zamor Ice Storm"",""region"":""Mountaintops of the Giants""}"	wiki:eldenpedia:page-11776:revision-44298	gameplay-wiki:eldenpedia	lead_only	unknown	eldenpedia:pageid-11776:revision-44298:#Notable_Loot:Zamor Ice Storm	Eldenpedia revision 44298 lists Zamor Ice Storm as notable loot on Zamor Ruins; that exact name identifies one current AP check in Mountaintops of the Giants.	Community-wiki location lead matched by exact item name inside an explicit region mapping. It does not prove access, a v1.17 event predicate, route order, completeness, or absence of another source.
eldenpedia-page-11776-revision-44298-check-7773069	check	7773069	identity_region	"{""item_name"":""Smithing-Stone Miner's Bell Bearing 3"",""region"":""Mountaintops of the Giants""}"	wiki:eldenpedia:page-11776:revision-44298	gameplay-wiki:eldenpedia	lead_only	unknown	eldenpedia:pageid-11776:revision-44298:#Notable_Loot:Smithing-Stone Miner's Bell Bearing 3	Eldenpedia revision 44298 lists Smithing-Stone Miner's Bell Bearing 3 as notable loot on Zamor Ruins; that exact name identifies one current AP check in Mountaintops of the Giants.	Community-wiki location lead matched by exact item name inside an explicit region mapping. It does not prove access, a v1.17 event predicate, route order, completeness, or absence of another source.
eldenpedia-page-11882-revision-99814-check-7772183	check	7772183	identity_region	"{""item_name"":""Spiritflame Arrow"",""region"":""Consecrated Snowfield""}"	wiki:eldenpedia:page-11882:revision-99814	gameplay-wiki:eldenpedia	lead_only	unknown	eldenpedia:pageid-11882:revision-99814:#Notable_Loot:Spiritflame Arrow	Eldenpedia revision 99814 lists Spiritflame Arrow as notable loot on Cave of the Forlorn; that exact name identifies one current AP check in Consecrated Snowfield.	Community-wiki location lead matched by exact item name inside an explicit region mapping. It does not prove access, a v1.17 event predicate, route order, completeness, or absence of another source.
eldenpedia-page-11882-revision-99814-check-7773836	check	7773836	identity_region	"{""item_name"":""Golden Order Greatsword"",""region"":""Consecrated Snowfield""}"	wiki:eldenpedia:page-11882:revision-99814	gameplay-wiki:eldenpedia	lead_only	unknown	eldenpedia:pageid-11882:revision-99814:#Notable_Loot:Golden Order Greatsword	Eldenpedia revision 99814 lists Golden Order Greatsword as notable loot on Cave of the Forlorn; that exact name identifies one current AP check in Consecrated Snowfield.	Community-wiki location lead matched by exact item name inside an explicit region mapping. It does not prove access, a v1.17 event predicate, route order, completeness, or absence of another source.
eldenpedia-page-12071-revision-45418-check-7773007	check	7773007	identity_region	"{""item_name"":""Silver Mirrorshield"",""region"":""Consecrated Snowfield""}"	wiki:eldenpedia:page-12071:revision-45418	gameplay-wiki:eldenpedia	lead_only	unknown	eldenpedia:pageid-12071:revision-45418:#Notable_Loot:Silver Mirrorshield	Eldenpedia revision 45418 lists Silver Mirrorshield as notable loot on Apostate Derelict; that exact name identifies one current AP check in Consecrated Snowfield.	Community-wiki location lead matched by exact item name inside an explicit region mapping. It does not prove access, a v1.17 event predicate, route order, completeness, or absence of another source.
eldenpedia-page-12078-revision-45432-check-7773795	check	7773795	identity_region	"{""item_name"":""Inquisitor's Girandole"",""region"":""Mt. Gelmir""}"	wiki:eldenpedia:page-12078:revision-45432	gameplay-wiki:eldenpedia	lead_only	unknown	eldenpedia:pageid-12078:revision-45432:#Notable_Loot:Inquisitor's Girandole	Eldenpedia revision 45432 lists Inquisitor's Girandole as notable loot on Subterranean Inquisition Chamber; that exact name identifies one current AP check in Mt. Gelmir.	Community-wiki location lead matched by exact item name inside an explicit region mapping. It does not prove access, a v1.17 event predicate, route order, completeness, or absence of another source.
eldenpedia-page-12337-revision-46487-check-7774459	check	7774459	identity_region	"{""item_name"":""Black-Key Bolt"",""region"":""Caelid""}"	wiki:eldenpedia:page-12337:revision-46487	gameplay-wiki:eldenpedia	lead_only	unknown	eldenpedia:pageid-12337:revision-46487:#Notable_Loot:Black-Key Bolt	Eldenpedia revision 46487 lists Black-Key Bolt as notable loot on Sellia Gateway; that exact name identifies one current AP check in Caelid.	Community-wiki location lead matched by exact item name inside an explicit region mapping. It does not prove access, a v1.17 event predicate, route order, completeness, or absence of another source.
eldenpedia-page-12514-revision-65881-check-7770656	check	7770656	identity_region	"{""item_name"":""Remembrance of the Naturalborn"",""region"":""Ainsel River""}"	wiki:eldenpedia:page-12514:revision-65881	gameplay-wiki:eldenpedia	lead_only	unknown	eldenpedia:pageid-12514:revision-65881:#Notable_Loot:Remembrance of the Naturalborn	Eldenpedia revision 65881 lists Remembrance of the Naturalborn as notable loot on Grand Cloister; that exact name identifies one current AP check in Ainsel River.	Community-wiki location lead matched by exact item name inside an explicit region mapping. It does not prove access, a v1.17 event predicate, route order, completeness, or absence of another source.
eldenpedia-page-12514-revision-65881-check-7771126	check	7771126	identity_region	"{""item_name"":""Smithing Stone 7"",""region"":""Ainsel River""}"	wiki:eldenpedia:page-12514:revision-65881	gameplay-wiki:eldenpedia	lead_only	unknown	eldenpedia:pageid-12514:revision-65881:#Notable_Loot:Smithing Stone 7	Eldenpedia revision 65881 lists Smithing Stone 7 as notable loot on Grand Cloister; that exact name identifies one current AP check in Ainsel River.	Community-wiki location lead matched by exact item name inside an explicit region mapping. It does not prove access, a v1.17 event predicate, route order, completeness, or absence of another source.
eldenpedia-page-12514-revision-65881-check-7771132	check	7771132	identity_region	"{""item_name"":""Scorpion's Stinger"",""region"":""Ainsel River""}"	wiki:eldenpedia:page-12514:revision-65881	gameplay-wiki:eldenpedia	lead_only	unknown	eldenpedia:pageid-12514:revision-65881:#Notable_Loot:Scorpion's Stinger	Eldenpedia revision 65881 lists Scorpion's Stinger as notable loot on Grand Cloister; that exact name identifies one current AP check in Ainsel River.	Community-wiki location lead matched by exact item name inside an explicit region mapping. It does not prove access, a v1.17 event predicate, route order, completeness, or absence of another source.
eldenpedia-page-12514-revision-65881-check-7771135	check	7771135	identity_region	"{""item_name"":""Ghost Glovewort 9"",""region"":""Ainsel River""}"	wiki:eldenpedia:page-12514:revision-65881	gameplay-wiki:eldenpedia	lead_only	unknown	eldenpedia:pageid-12514:revision-65881:#Notable_Loot:Ghost Glovewort 9	Eldenpedia revision 65881 lists Ghost Glovewort 9 as notable loot on Grand Cloister; that exact name identifies one current AP check in Ainsel River.	Community-wiki location lead matched by exact item name inside an explicit region mapping. It does not prove access, a v1.17 event predicate, route order, completeness, or absence of another source.
eldenpedia-page-1259-revision-4984-check-7770087	check	7770087	identity_region	"{""item_name"":""Nomadic Warrior's Cookbook 19"",""region"":""Altus""}"	wiki:eldenpedia:page-1259:revision-4984	gameplay-wiki:eldenpedia	lead_only	unknown	eldenpedia:pageid-1259:revision-4984:#Notable_Loot:Nomadic Warrior's Cookbook 19	Eldenpedia revision 4984 lists Nomadic Warrior's Cookbook 19 as notable loot on Woodfolk Ruins; that exact name identifies one current AP check in Altus.	Community-wiki location lead matched by exact item name inside an explicit region mapping. It does not prove access, a v1.17 event predicate, route order, completeness, or absence of another source.
eldenpedia-page-1259-revision-4984-check-7770759	check	7770759	identity_region	"{""item_name"":""Ash of War: Golden Slam"",""region"":""Altus""}"	wiki:eldenpedia:page-1259:revision-4984	gameplay-wiki:eldenpedia	lead_only	unknown	eldenpedia:pageid-1259:revision-4984:#Notable_Loot:Ash of War: Golden Slam	Eldenpedia revision 4984 lists Ash of War: Golden Slam as notable loot on Woodfolk Ruins; that exact name identifies one current AP check in Altus.	Community-wiki location lead matched by exact item name inside an explicit region mapping. It does not prove access, a v1.17 event predicate, route order, completeness, or absence of another source.
eldenpedia-page-1259-revision-4984-check-7772900	check	7772900	identity_region	"{""item_name"":""Larval Tear"",""region"":""Altus""}"	wiki:eldenpedia:page-1259:revision-4984	gameplay-wiki:eldenpedia	lead_only	unknown	eldenpedia:pageid-1259:revision-4984:#Notable_Loot:Larval Tear	Eldenpedia revision 4984 lists Larval Tear as notable loot on Woodfolk Ruins; that exact name identifies one current AP check in Altus.	Community-wiki location lead matched by exact item name inside an explicit region mapping. It does not prove access, a v1.17 event predicate, route order, completeness, or absence of another source.
eldenpedia-page-1259-revision-4984-check-7774307	check	7774307	identity_region	"{""item_name"":""Wrath of Gold"",""region"":""Altus""}"	wiki:eldenpedia:page-1259:revision-4984	gameplay-wiki:eldenpedia	lead_only	unknown	eldenpedia:pageid-1259:revision-4984:#Notable_Loot:Wrath of Gold	Eldenpedia revision 4984 lists Wrath of Gold as notable loot on Woodfolk Ruins; that exact name identifies one current AP check in Altus.	Community-wiki location lead matched by exact item name inside an explicit region mapping. It does not prove access, a v1.17 event predicate, route order, completeness, or absence of another source.
eldenpedia-page-1259-revision-4984-check-7774311	check	7774311	identity_region	"{""item_name"":""Soft Cotton"",""region"":""Altus""}"	wiki:eldenpedia:page-1259:revision-4984	gameplay-wiki:eldenpedia	lead_only	unknown	eldenpedia:pageid-1259:revision-4984:#Notable_Loot:Soft Cotton	Eldenpedia revision 4984 lists Soft Cotton as notable loot on Woodfolk Ruins; that exact name identifies one current AP check in Altus.	Community-wiki location lead matched by exact item name inside an explicit region mapping. It does not prove access, a v1.17 event predicate, route order, completeness, or absence of another source.
eldenpedia-page-1259-revision-4984-check-7774312	check	7774312	identity_region	"{""item_name"":""Icon Shield"",""region"":""Altus""}"	wiki:eldenpedia:page-1259:revision-4984	gameplay-wiki:eldenpedia	lead_only	unknown	eldenpedia:pageid-1259:revision-4984:#Notable_Loot:Icon Shield	Eldenpedia revision 4984 lists Icon Shield as notable loot on Woodfolk Ruins; that exact name identifies one current AP check in Altus.	Community-wiki location lead matched by exact item name inside an explicit region mapping. It does not prove access, a v1.17 event predicate, route order, completeness, or absence of another source.
eldenpedia-page-1295-revision-5123-check-7772052	check	7772052	identity_region	"{""item_name"":""Crimson Seed Talisman"",""region"":""Altus""}"	wiki:eldenpedia:page-1295:revision-5123	gameplay-wiki:eldenpedia	lead_only	unknown	eldenpedia:pageid-1295:revision-5123:#Notable_Loot:Crimson Seed Talisman	Eldenpedia revision 5123 lists Crimson Seed Talisman as notable loot on Sainted Hero's Grave; that exact name identifies one current AP check in Altus.	Community-wiki location lead matched by exact item name inside an explicit region mapping. It does not prove access, a v1.17 event predicate, route order, completeness, or absence of another source.
eldenpedia-page-1295-revision-5123-check-7772053	check	7772053	identity_region	"{""item_name"":""Leyndell Soldier Ashes"",""region"":""Altus""}"	wiki:eldenpedia:page-1295:revision-5123	gameplay-wiki:eldenpedia	lead_only	unknown	eldenpedia:pageid-1295:revision-5123:#Notable_Loot:Leyndell Soldier Ashes	Eldenpedia revision 5123 lists Leyndell Soldier Ashes as notable loot on Sainted Hero's Grave; that exact name identifies one current AP check in Altus.	Community-wiki location lead matched by exact item name inside an explicit region mapping. It does not prove access, a v1.17 event predicate, route order, completeness, or absence of another source.
eldenpedia-page-1295-revision-5123-check-7772054	check	7772054	identity_region	"{""item_name"":""Dragoncrest Shield Talisman +1"",""region"":""Altus""}"	wiki:eldenpedia:page-1295:revision-5123	gameplay-wiki:eldenpedia	lead_only	unknown	eldenpedia:pageid-1295:revision-5123:#Notable_Loot:Dragoncrest Shield Talisman +1	Eldenpedia revision 5123 lists Dragoncrest Shield Talisman +1 as notable loot on Sainted Hero's Grave; that exact name identifies one current AP check in Altus.	Community-wiki location lead matched by exact item name inside an explicit region mapping. It does not prove access, a v1.17 event predicate, route order, completeness, or absence of another source.
eldenpedia-page-1295-revision-5123-check-7772056	check	7772056	identity_region	"{""item_name"":""Prattling Pate \""Let's Get to It\"""",""region"":""Altus""}"	wiki:eldenpedia:page-1295:revision-5123	gameplay-wiki:eldenpedia	lead_only	unknown	"eldenpedia:pageid-1295:revision-5123:#Notable_Loot:Prattling Pate ""Let's Get to It"""	"Eldenpedia revision 5123 lists Prattling Pate ""Let's Get to It"" as notable loot on Sainted Hero's Grave; that exact name identifies one current AP check in Altus."	Community-wiki location lead matched by exact item name inside an explicit region mapping. It does not prove access, a v1.17 event predicate, route order, completeness, or absence of another source.
eldenpedia-page-13139-revision-83796-check-7770005	check	7770005	identity_region	"{""item_name"":""Mohg's Great Rune"",""region"":""Mohgwyn""}"	wiki:eldenpedia:page-13139:revision-83796	gameplay-wiki:eldenpedia	lead_only	unknown	eldenpedia:pageid-13139:revision-83796:#Notable_Loot:Mohg's Great Rune	Eldenpedia revision 83796 lists Mohg's Great Rune as notable loot on Mohgwyn Palace; that exact name identifies one current AP check in Mohgwyn.	Community-wiki location lead matched by exact item name inside an explicit region mapping. It does not prove access, a v1.17 event predicate, route order, completeness, or absence of another source.
eldenpedia-page-13139-revision-83796-check-7770128	check	7770128	identity_region	"{""item_name"":""Nomadic Warrior's Cookbook 24"",""region"":""Mohgwyn""}"	wiki:eldenpedia:page-13139:revision-83796	gameplay-wiki:eldenpedia	lead_only	unknown	eldenpedia:pageid-13139:revision-83796:#Notable_Loot:Nomadic Warrior's Cookbook 24	Eldenpedia revision 83796 lists Nomadic Warrior's Cookbook 24 as notable loot on Mohgwyn Palace; that exact name identifies one current AP check in Mohgwyn.	Community-wiki location lead matched by exact item name inside an explicit region mapping. It does not prove access, a v1.17 event predicate, route order, completeness, or absence of another source.
eldenpedia-page-13139-revision-83796-check-7770659	check	7770659	identity_region	"{""item_name"":""Remembrance of the Blood Lord"",""region"":""Mohgwyn""}"	wiki:eldenpedia:page-13139:revision-83796	gameplay-wiki:eldenpedia	lead_only	unknown	eldenpedia:pageid-13139:revision-83796:#Notable_Loot:Remembrance of the Blood Lord	Eldenpedia revision 83796 lists Remembrance of the Blood Lord as notable loot on Mohgwyn Palace; that exact name identifies one current AP check in Mohgwyn.	Community-wiki location lead matched by exact item name inside an explicit region mapping. It does not prove access, a v1.17 event predicate, route order, completeness, or absence of another source.
eldenpedia-page-13139-revision-83796-check-7770792	check	7770792	identity_region	"{""item_name"":""Ash of War: Blood Tax"",""region"":""Mohgwyn""}"	wiki:eldenpedia:page-13139:revision-83796	gameplay-wiki:eldenpedia	lead_only	unknown	eldenpedia:pageid-13139:revision-83796:#Notable_Loot:Ash of War: Blood Tax	Eldenpedia revision 83796 lists Ash of War: Blood Tax as notable loot on Mohgwyn Palace; that exact name identifies one current AP check in Mohgwyn.	Community-wiki location lead matched by exact item name inside an explicit region mapping. It does not prove access, a v1.17 event predicate, route order, completeness, or absence of another source.
eldenpedia-page-13139-revision-83796-check-7771319	check	7771319	identity_region	"{""item_name"":""Swarm of Flies"",""region"":""Mohgwyn""}"	wiki:eldenpedia:page-13139:revision-83796	gameplay-wiki:eldenpedia	lead_only	unknown	eldenpedia:pageid-13139:revision-83796:#Notable_Loot:Swarm of Flies	Eldenpedia revision 83796 lists Swarm of Flies as notable loot on Mohgwyn Palace; that exact name identifies one current AP check in Mohgwyn.	Community-wiki location lead matched by exact item name inside an explicit region mapping. It does not prove access, a v1.17 event predicate, route order, completeness, or absence of another source.
eldenpedia-page-13139-revision-83796-check-7771341	check	7771341	identity_region	"{""item_name"":""Haligdrake Talisman +2"",""region"":""Mohgwyn""}"	wiki:eldenpedia:page-13139:revision-83796	gameplay-wiki:eldenpedia	lead_only	unknown	eldenpedia:pageid-13139:revision-83796:#Notable_Loot:Haligdrake Talisman +2	Eldenpedia revision 83796 lists Haligdrake Talisman +2 as notable loot on Mohgwyn Palace; that exact name identifies one current AP check in Mohgwyn.	Community-wiki location lead matched by exact item name inside an explicit region mapping. It does not prove access, a v1.17 event predicate, route order, completeness, or absence of another source.
eldenpedia-page-13139-revision-83796-check-7771357	check	7771357	identity_region	"{""item_name"":""Somber Ancient Dragon Smithing Stone"",""region"":""Mohgwyn""}"	wiki:eldenpedia:page-13139:revision-83796	gameplay-wiki:eldenpedia	lead_only	unknown	eldenpedia:pageid-13139:revision-83796:#Notable_Loot:Somber Ancient Dragon Smithing Stone	Eldenpedia revision 83796 lists Somber Ancient Dragon Smithing Stone as notable loot on Mohgwyn Palace; that exact name identifies one current AP check in Mohgwyn.	Community-wiki location lead matched by exact item name inside an explicit region mapping. It does not prove access, a v1.17 event predicate, route order, completeness, or absence of another source.
eldenpedia-page-13159-revision-49444-check-7772080	check	7772080	identity_region	"{""item_name"":""Winged Misbegotten Ashes"",""region"":""Altus""}"	wiki:eldenpedia:page-13159:revision-49444	gameplay-wiki:eldenpedia	lead_only	unknown	eldenpedia:pageid-13159:revision-49444:#Notable_Loot:Winged Misbegotten Ashes	Eldenpedia revision 49444 lists Winged Misbegotten Ashes as notable loot on Unsightly Catacombs; that exact name identifies one current AP check in Altus.	Community-wiki location lead matched by exact item name inside an explicit region mapping. It does not prove access, a v1.17 event predicate, route order, completeness, or absence of another source.
eldenpedia-page-13159-revision-49444-check-7772081	check	7772081	identity_region	"{""item_name"":""Prattling Pate \""Apologies\"""",""region"":""Altus""}"	wiki:eldenpedia:page-13159:revision-49444	gameplay-wiki:eldenpedia	lead_only	unknown	"eldenpedia:pageid-13159:revision-49444:#Notable_Loot:Prattling Pate ""Apologies"""	"Eldenpedia revision 49444 lists Prattling Pate ""Apologies"" as notable loot on Unsightly Catacombs; that exact name identifies one current AP check in Altus."	Community-wiki location lead matched by exact item name inside an explicit region mapping. It does not prove access, a v1.17 event predicate, route order, completeness, or absence of another source.
eldenpedia-page-13159-revision-49444-check-7773813	check	7773813	identity_region	"{""item_name"":""Perfumer Tricia"",""region"":""Altus""}"	wiki:eldenpedia:page-13159:revision-49444	gameplay-wiki:eldenpedia	lead_only	unknown	eldenpedia:pageid-13159:revision-49444:#Notable_Loot:Perfumer Tricia	Eldenpedia revision 49444 lists Perfumer Tricia as notable loot on Unsightly Catacombs; that exact name identifies one current AP check in Altus.	Community-wiki location lead matched by exact item name inside an explicit region mapping. It does not prove access, a v1.17 event predicate, route order, completeness, or absence of another source.
eldenpedia-page-13200-revision-66900-check-7770657	check	7770657	identity_region	"{""item_name"":""Gargoyle's Greatsword"",""region"":""Siofra River""}"	wiki:eldenpedia:page-13200:revision-66900	gameplay-wiki:eldenpedia	lead_only	unknown	eldenpedia:pageid-13200:revision-66900:#Notable_Loot:Gargoyle's Greatsword	Eldenpedia revision 66900 lists Gargoyle's Greatsword as notable loot on Nokron, Eternal City; that exact name identifies one current AP check in Siofra River.	Community-wiki location lead matched by exact item name inside an explicit region mapping. It does not prove access, a v1.17 event predicate, route order, completeness, or absence of another source.
eldenpedia-page-13200-revision-66900-check-7770783	check	7770783	identity_region	"{""item_name"":""Ash of War: Enchanted Shot"",""region"":""Siofra River""}"	wiki:eldenpedia:page-13200:revision-66900	gameplay-wiki:eldenpedia	lead_only	unknown	eldenpedia:pageid-13200:revision-66900:#Notable_Loot:Ash of War: Enchanted Shot	Eldenpedia revision 66900 lists Ash of War: Enchanted Shot as notable loot on Nokron, Eternal City; that exact name identifies one current AP check in Siofra River.	Community-wiki location lead matched by exact item name inside an explicit region mapping. It does not prove access, a v1.17 event predicate, route order, completeness, or absence of another source.
eldenpedia-page-13200-revision-66900-check-7771194	check	7771194	identity_region	"{""item_name"":""Clarifying Horn Charm +1"",""region"":""Siofra River""}"	wiki:eldenpedia:page-13200:revision-66900	gameplay-wiki:eldenpedia	lead_only	unknown	eldenpedia:pageid-13200:revision-66900:#Notable_Loot:Clarifying Horn Charm +1	Eldenpedia revision 66900 lists Clarifying Horn Charm +1 as notable loot on Nokron, Eternal City; that exact name identifies one current AP check in Siofra River.	Community-wiki location lead matched by exact item name inside an explicit region mapping. It does not prove access, a v1.17 event predicate, route order, completeness, or absence of another source.
eldenpedia-page-13200-revision-66900-check-7771207	check	7771207	identity_region	"{""item_name"":""Mottled Necklace +1"",""region"":""Siofra River""}"	wiki:eldenpedia:page-13200:revision-66900	gameplay-wiki:eldenpedia	lead_only	unknown	eldenpedia:pageid-13200:revision-66900:#Notable_Loot:Mottled Necklace +1	Eldenpedia revision 66900 lists Mottled Necklace +1 as notable loot on Nokron, Eternal City; that exact name identifies one current AP check in Siofra River.	Community-wiki location lead matched by exact item name inside an explicit region mapping. It does not prove access, a v1.17 event predicate, route order, completeness, or absence of another source.
eldenpedia-page-13200-revision-66900-check-7771393	check	7771393	identity_region	"{""item_name"":""Greatshield Soldier Ashes"",""region"":""Siofra River""}"	wiki:eldenpedia:page-13200:revision-66900	gameplay-wiki:eldenpedia	lead_only	unknown	eldenpedia:pageid-13200:revision-66900:#Notable_Loot:Greatshield Soldier Ashes	Eldenpedia revision 66900 lists Greatshield Soldier Ashes as notable loot on Nokron, Eternal City; that exact name identifies one current AP check in Siofra River.	Community-wiki location lead matched by exact item name inside an explicit region mapping. It does not prove access, a v1.17 event predicate, route order, completeness, or absence of another source.
eldenpedia-page-13200-revision-66900-check-7771399	check	7771399	identity_region	"{""item_name"":""Ghostflame Torch"",""region"":""Siofra River""}"	wiki:eldenpedia:page-13200:revision-66900	gameplay-wiki:eldenpedia	lead_only	unknown	eldenpedia:pageid-13200:revision-66900:#Notable_Loot:Ghostflame Torch	Eldenpedia revision 66900 lists Ghostflame Torch as notable loot on Nokron, Eternal City; that exact name identifies one current AP check in Siofra River.	Community-wiki location lead matched by exact item name inside an explicit region mapping. It does not prove access, a v1.17 event predicate, route order, completeness, or absence of another source.
eldenpedia-page-13200-revision-66900-check-7900118	check	7900118	identity_region	"{""item_name"":""Gargoyle's Twinblade"",""region"":""Siofra River""}"	wiki:eldenpedia:page-13200:revision-66900	gameplay-wiki:eldenpedia	lead_only	unknown	eldenpedia:pageid-13200:revision-66900:#Notable_Loot:Gargoyle's Twinblade	Eldenpedia revision 66900 lists Gargoyle's Twinblade as notable loot on Nokron, Eternal City; that exact name identifies one current AP check in Siofra River.	Community-wiki location lead matched by exact item name inside an explicit region mapping. It does not prove access, a v1.17 event predicate, route order, completeness, or absence of another source.
eldenpedia-page-13200-revision-66900-check-7900123	check	7900123	identity_region	"{""item_name"":""Silver Tear Mask"",""region"":""Siofra River""}"	wiki:eldenpedia:page-13200:revision-66900	gameplay-wiki:eldenpedia	lead_only	unknown	eldenpedia:pageid-13200:revision-66900:#Notable_Loot:Silver Tear Mask	Eldenpedia revision 66900 lists Silver Tear Mask as notable loot on Nokron, Eternal City; that exact name identifies one current AP check in Siofra River.	Community-wiki location lead matched by exact item name inside an explicit region mapping. It does not prove access, a v1.17 event predicate, route order, completeness, or absence of another source.
eldenpedia-page-13311-revision-49985-check-7774316	check	7774316	identity_region	"{""item_name"":""Raw Meat Dumpling"",""region"":""Altus""}"	wiki:eldenpedia:page-13311:revision-49985	gameplay-wiki:eldenpedia	lead_only	unknown	eldenpedia:pageid-13311:revision-49985:#Notable_Loot:Raw Meat Dumpling	Eldenpedia revision 49985 lists Raw Meat Dumpling as notable loot on Village Windmill Pasture; that exact name identifies one current AP check in Altus.	Community-wiki location lead matched by exact item name inside an explicit region mapping. It does not prove access, a v1.17 event predicate, route order, completeness, or absence of another source.
eldenpedia-page-13509-revision-50662-check-7770118	check	7770118	identity_region	"{""item_name"":""Missionary's Cookbook 3"",""region"":""Caelid""}"	wiki:eldenpedia:page-13509:revision-50662	gameplay-wiki:eldenpedia	lead_only	unknown	eldenpedia:pageid-13509:revision-50662:#Notable_Loot:Missionary's Cookbook 3	Eldenpedia revision 50662 lists Missionary's Cookbook 3 as notable loot on Smoldering Church; that exact name identifies one current AP check in Caelid.	Community-wiki location lead matched by exact item name inside an explicit region mapping. It does not prove access, a v1.17 event predicate, route order, completeness, or absence of another source.
eldenpedia-page-13509-revision-50662-check-7770124	check	7770124	identity_region	"{""item_name"":""Nomadic Warrior's Cookbook 14"",""region"":""Caelid""}"	wiki:eldenpedia:page-13509:revision-50662	gameplay-wiki:eldenpedia	lead_only	unknown	eldenpedia:pageid-13509:revision-50662:#Notable_Loot:Nomadic Warrior's Cookbook 14	Eldenpedia revision 50662 lists Nomadic Warrior's Cookbook 14 as notable loot on Smoldering Church; that exact name identifies one current AP check in Caelid.	Community-wiki location lead matched by exact item name inside an explicit region mapping. It does not prove access, a v1.17 event predicate, route order, completeness, or absence of another source.
eldenpedia-page-13509-revision-50662-check-7772966	check	7772966	identity_region	"{""item_name"":""Drawstring Lightning Grease"",""region"":""Caelid""}"	wiki:eldenpedia:page-13509:revision-50662	gameplay-wiki:eldenpedia	lead_only	unknown	eldenpedia:pageid-13509:revision-50662:#Notable_Loot:Drawstring Lightning Grease	Eldenpedia revision 50662 lists Drawstring Lightning Grease as notable loot on Smoldering Church; that exact name identifies one current AP check in Caelid.	Community-wiki location lead matched by exact item name inside an explicit region mapping. It does not prove access, a v1.17 event predicate, route order, completeness, or absence of another source.
eldenpedia-page-13509-revision-50662-check-7772967	check	7772967	identity_region	"{""item_name"":""Sacred Scorpion Charm"",""region"":""Caelid""}"	wiki:eldenpedia:page-13509:revision-50662	gameplay-wiki:eldenpedia	lead_only	unknown	eldenpedia:pageid-13509:revision-50662:#Notable_Loot:Sacred Scorpion Charm	Eldenpedia revision 50662 lists Sacred Scorpion Charm as notable loot on Smoldering Church; that exact name identifies one current AP check in Caelid.	Community-wiki location lead matched by exact item name inside an explicit region mapping. It does not prove access, a v1.17 event predicate, route order, completeness, or absence of another source.
eldenpedia-page-13594-revision-50914-check-7770764	check	7770764	identity_region	"{""item_name"":""Ash of War: Lightning Slash"",""region"":""Altus""}"	wiki:eldenpedia:page-13594:revision-50914	gameplay-wiki:eldenpedia	lead_only	unknown	eldenpedia:pageid-13594:revision-50914:#Notable_Loot:Ash of War: Lightning Slash	Eldenpedia revision 50914 lists Ash of War: Lightning Slash as notable loot on Highway Lookout Tower (Altus Plateau); that exact name identifies one current AP check in Altus.	Community-wiki location lead matched by exact item name inside an explicit region mapping. It does not prove access, a v1.17 event predicate, route order, completeness, or absence of another source.
eldenpedia-page-13594-revision-50914-check-7772940	check	7772940	identity_region	"{""item_name"":""Great Arrow"",""region"":""Altus""}"	wiki:eldenpedia:page-13594:revision-50914	gameplay-wiki:eldenpedia	lead_only	unknown	eldenpedia:pageid-13594:revision-50914:#Notable_Loot:Great Arrow	Eldenpedia revision 50914 lists Great Arrow as notable loot on Highway Lookout Tower (Altus Plateau); that exact name identifies one current AP check in Altus.	Community-wiki location lead matched by exact item name inside an explicit region mapping. It does not prove access, a v1.17 event predicate, route order, completeness, or absence of another source.
eldenpedia-page-13594-revision-50914-check-7774336	check	7774336	identity_region	"{""item_name"":""Greatbow"",""region"":""Altus""}"	wiki:eldenpedia:page-13594:revision-50914	gameplay-wiki:eldenpedia	lead_only	unknown	eldenpedia:pageid-13594:revision-50914:#Notable_Loot:Greatbow	Eldenpedia revision 50914 lists Greatbow as notable loot on Highway Lookout Tower (Altus Plateau); that exact name identifies one current AP check in Altus.	Community-wiki location lead matched by exact item name inside an explicit region mapping. It does not prove access, a v1.17 event predicate, route order, completeness, or absence of another source.
eldenpedia-page-13741-revision-51399-check-7772263	check	7772263	identity_region	"{""item_name"":""Shatter Earth"",""region"":""Liurnia""}"	wiki:eldenpedia:page-13741:revision-51399	gameplay-wiki:eldenpedia	lead_only	unknown	eldenpedia:pageid-13741:revision-51399:#Notable_Loot:Shatter Earth	Eldenpedia revision 51399 lists Shatter Earth as notable loot on Raya Lucaria Crystal Tunnel; that exact name identifies one current AP check in Liurnia.	Community-wiki location lead matched by exact item name inside an explicit region mapping. It does not prove access, a v1.17 event predicate, route order, completeness, or absence of another source.
eldenpedia-page-13741-revision-51399-check-7772264	check	7772264	identity_region	"{""item_name"":""Crystal Knife"",""region"":""Liurnia""}"	wiki:eldenpedia:page-13741:revision-51399	gameplay-wiki:eldenpedia	lead_only	unknown	eldenpedia:pageid-13741:revision-51399:#Notable_Loot:Crystal Knife	Eldenpedia revision 51399 lists Crystal Knife as notable loot on Raya Lucaria Crystal Tunnel; that exact name identifies one current AP check in Liurnia.	Community-wiki location lead matched by exact item name inside an explicit region mapping. It does not prove access, a v1.17 event predicate, route order, completeness, or absence of another source.
eldenpedia-page-13741-revision-51399-check-7772533	check	7772533	identity_region	"{""item_name"":""Somber Smithing Stone 1"",""region"":""Liurnia""}"	wiki:eldenpedia:page-13741:revision-51399	gameplay-wiki:eldenpedia	lead_only	unknown	eldenpedia:pageid-13741:revision-51399:#Notable_Loot:Somber Smithing Stone 1	Eldenpedia revision 51399 lists Somber Smithing Stone 1 as notable loot on Raya Lucaria Crystal Tunnel; that exact name identifies one current AP check in Liurnia.	Community-wiki location lead matched by exact item name inside an explicit region mapping. It does not prove access, a v1.17 event predicate, route order, completeness, or absence of another source.
eldenpedia-page-13752-revision-51433-check-7773860	check	7773860	identity_region	"{""item_name"":""Vyke's Dragonbolt"",""region"":""Mountaintops of the Giants""}"	wiki:eldenpedia:page-13752:revision-51433	gameplay-wiki:eldenpedia	lead_only	unknown	eldenpedia:pageid-13752:revision-51433:#Notable_Loot:Vyke's Dragonbolt	Eldenpedia revision 51433 lists Vyke's Dragonbolt as notable loot on Lord Contender's Evergaol; that exact name identifies one current AP check in Mountaintops of the Giants.	Community-wiki location lead matched by exact item name inside an explicit region mapping. It does not prove access, a v1.17 event predicate, route order, completeness, or absence of another source.
eldenpedia-page-13821-revision-84374-check-7772062	check	7772062	identity_region	"{""item_name"":""Ringed Finger"",""region"":""Mt. Gelmir""}"	wiki:eldenpedia:page-13821:revision-84374	gameplay-wiki:eldenpedia	lead_only	unknown	eldenpedia:pageid-13821:revision-84374:#Notable_Loot:Ringed Finger	Eldenpedia revision 84374 lists Ringed Finger as notable loot on Gelmir Hero's Grave; that exact name identifies one current AP check in Mt. Gelmir.	Community-wiki location lead matched by exact item name inside an explicit region mapping. It does not prove access, a v1.17 event predicate, route order, completeness, or absence of another source.
eldenpedia-page-13821-revision-84374-check-7772065	check	7772065	identity_region	"{""item_name"":""Root Resin"",""region"":""Mt. Gelmir""}"	wiki:eldenpedia:page-13821:revision-84374	gameplay-wiki:eldenpedia	lead_only	unknown	eldenpedia:pageid-13821:revision-84374:#Notable_Loot:Root Resin	Eldenpedia revision 84374 lists Root Resin as notable loot on Gelmir Hero's Grave; that exact name identifies one current AP check in Mt. Gelmir.	Community-wiki location lead matched by exact item name inside an explicit region mapping. It does not prove access, a v1.17 event predicate, route order, completeness, or absence of another source.
eldenpedia-page-13821-revision-84374-check-7773811	check	7773811	identity_region	"{""item_name"":""Bloodhound Knight Floh"",""region"":""Mt. Gelmir""}"	wiki:eldenpedia:page-13821:revision-84374	gameplay-wiki:eldenpedia	lead_only	unknown	eldenpedia:pageid-13821:revision-84374:#Notable_Loot:Bloodhound Knight Floh	Eldenpedia revision 84374 lists Bloodhound Knight Floh as notable loot on Gelmir Hero's Grave; that exact name identifies one current AP check in Mt. Gelmir.	Community-wiki location lead matched by exact item name inside an explicit region mapping. It does not prove access, a v1.17 event predicate, route order, completeness, or absence of another source.
eldenpedia-page-13853-revision-51769-check-7772823	check	7772823	identity_region	"{""item_name"":""Arrow's Reach Talisman"",""region"":""Limgrave""}"	wiki:eldenpedia:page-13853:revision-51769	gameplay-wiki:eldenpedia	lead_only	unknown	eldenpedia:pageid-13853:revision-51769:#Notable_Loot:Arrow's Reach Talisman	Eldenpedia revision 51769 lists Arrow's Reach Talisman as notable loot on Stormgate; that exact name identifies one current AP check in Limgrave.	Community-wiki location lead matched by exact item name inside an explicit region mapping. It does not prove access, a v1.17 event predicate, route order, completeness, or absence of another source.
eldenpedia-page-13945-revision-52141-check-7770076	check	7770076	identity_region	"{""item_name"":""Perfume Bottle"",""region"":""Caelid""}"	wiki:eldenpedia:page-13945:revision-52141	gameplay-wiki:eldenpedia	lead_only	unknown	eldenpedia:pageid-13945:revision-52141:#Notable_Loot:Perfume Bottle	Eldenpedia revision 52141 lists Perfume Bottle as notable loot on Street of Sages Ruins; that exact name identifies one current AP check in Caelid.	Community-wiki location lead matched by exact item name inside an explicit region mapping. It does not prove access, a v1.17 event predicate, route order, completeness, or absence of another source.
eldenpedia-page-13945-revision-52141-check-7773019	check	7773019	identity_region	"{""item_name"":""Rock Sling"",""region"":""Caelid""}"	wiki:eldenpedia:page-13945:revision-52141	gameplay-wiki:eldenpedia	lead_only	unknown	eldenpedia:pageid-13945:revision-52141:#Notable_Loot:Rock Sling	Eldenpedia revision 52141 lists Rock Sling as notable loot on Street of Sages Ruins; that exact name identifies one current AP check in Caelid.	Community-wiki location lead matched by exact item name inside an explicit region mapping. It does not prove access, a v1.17 event predicate, route order, completeness, or absence of another source.
eldenpedia-page-14103-revision-52755-check-7770030	check	7770030	identity_region	"{""item_name"":""Speckled Hardtear"",""region"":""Altus""}"	wiki:eldenpedia:page-14103:revision-52755	gameplay-wiki:eldenpedia	lead_only	unknown	eldenpedia:pageid-14103:revision-52755:#Notable_Loot:Speckled Hardtear	Eldenpedia revision 52755 lists Speckled Hardtear as notable loot on Minor Erdtree (Altus Plateau); that exact name identifies one current AP check in Altus.	Community-wiki location lead matched by exact item name inside an explicit region mapping. It does not prove access, a v1.17 event predicate, route order, completeness, or absence of another source.
eldenpedia-page-14103-revision-52755-check-7773663	check	7773663	identity_region	"{""item_name"":""Crimsonspill Crystal Tear"",""region"":""Altus""}"	wiki:eldenpedia:page-14103:revision-52755	gameplay-wiki:eldenpedia	lead_only	unknown	eldenpedia:pageid-14103:revision-52755:#Notable_Loot:Crimsonspill Crystal Tear	Eldenpedia revision 52755 lists Crimsonspill Crystal Tear as notable loot on Minor Erdtree (Altus Plateau); that exact name identifies one current AP check in Altus.	Community-wiki location lead matched by exact item name inside an explicit region mapping. It does not prove access, a v1.17 event predicate, route order, completeness, or absence of another source.
eldenpedia-page-14743-revision-55049-check-7772266	check	7772266	identity_region	"{""item_name"":""Stanching Boluses"",""region"":""Altus""}"	wiki:eldenpedia:page-14743:revision-55049	gameplay-wiki:eldenpedia	lead_only	unknown	eldenpedia:pageid-14743:revision-55049:#Notable_Loot:Stanching Boluses	Eldenpedia revision 55049 lists Stanching Boluses as notable loot on Old Altus Tunnel; that exact name identifies one current AP check in Altus.	Community-wiki location lead matched by exact item name inside an explicit region mapping. It does not prove access, a v1.17 event predicate, route order, completeness, or absence of another source.
eldenpedia-page-14743-revision-55049-check-7772268	check	7772268	identity_region	"{""item_name"":""Explosive Stone Clump"",""region"":""Altus""}"	wiki:eldenpedia:page-14743:revision-55049	gameplay-wiki:eldenpedia	lead_only	unknown	eldenpedia:pageid-14743:revision-55049:#Notable_Loot:Explosive Stone Clump	Eldenpedia revision 55049 lists Explosive Stone Clump as notable loot on Old Altus Tunnel; that exact name identifies one current AP check in Altus.	Community-wiki location lead matched by exact item name inside an explicit region mapping. It does not prove access, a v1.17 event predicate, route order, completeness, or absence of another source.
eldenpedia-page-14743-revision-55049-check-7772270	check	7772270	identity_region	"{""item_name"":""Troll's Hammer"",""region"":""Altus""}"	wiki:eldenpedia:page-14743:revision-55049	gameplay-wiki:eldenpedia	lead_only	unknown	eldenpedia:pageid-14743:revision-55049:#Notable_Loot:Troll's Hammer	Eldenpedia revision 55049 lists Troll's Hammer as notable loot on Old Altus Tunnel; that exact name identifies one current AP check in Altus.	Community-wiki location lead matched by exact item name inside an explicit region mapping. It does not prove access, a v1.17 event predicate, route order, completeness, or absence of another source.
eldenpedia-page-14743-revision-55049-check-7773842	check	7773842	identity_region	"{""item_name"":""Great Club"",""region"":""Altus""}"	wiki:eldenpedia:page-14743:revision-55049	gameplay-wiki:eldenpedia	lead_only	unknown	eldenpedia:pageid-14743:revision-55049:#Notable_Loot:Great Club	Eldenpedia revision 55049 lists Great Club as notable loot on Old Altus Tunnel; that exact name identifies one current AP check in Altus.	Community-wiki location lead matched by exact item name inside an explicit region mapping. It does not prove access, a v1.17 event predicate, route order, completeness, or absence of another source.
eldenpedia-page-14751-revision-55078-check-7770702	check	7770702	identity_region	"{""item_name"":""Meteorite"",""region"":""Liurnia""}"	wiki:eldenpedia:page-14751:revision-55078	gameplay-wiki:eldenpedia	lead_only	unknown	eldenpedia:pageid-14751:revision-55078:#Notable_Loot:Meteorite	Eldenpedia revision 55078 lists Meteorite as notable loot on Royal Grave Evergaol; that exact name identifies one current AP check in Liurnia.	Community-wiki location lead matched by exact item name inside an explicit region mapping. It does not prove access, a v1.17 event predicate, route order, completeness, or absence of another source.
eldenpedia-page-14848-revision-55435-check-7772079	check	7772079	identity_region	"{""item_name"":""Uchigatana"",""region"":""Limgrave""}"	wiki:eldenpedia:page-14848:revision-55435	gameplay-wiki:eldenpedia	lead_only	unknown	eldenpedia:pageid-14848:revision-55435:#Notable_Loot:Uchigatana	Eldenpedia revision 55435 lists Uchigatana as notable loot on Deathtouched Catacombs; that exact name identifies one current AP check in Limgrave.	Community-wiki location lead matched by exact item name inside an explicit region mapping. It does not prove access, a v1.17 event predicate, route order, completeness, or absence of another source.
eldenpedia-page-14848-revision-55435-check-7773934	check	7773934	identity_region	"{""item_name"":""Grave Glovewort 1"",""region"":""Limgrave""}"	wiki:eldenpedia:page-14848:revision-55435	gameplay-wiki:eldenpedia	lead_only	unknown	eldenpedia:pageid-14848:revision-55435:#Notable_Loot:Grave Glovewort 1	Eldenpedia revision 55435 lists Grave Glovewort 1 as notable loot on Deathtouched Catacombs; that exact name identifies one current AP check in Limgrave.	Community-wiki location lead matched by exact item name inside an explicit region mapping. It does not prove access, a v1.17 event predicate, route order, completeness, or absence of another source.
eldenpedia-page-1572-revision-66617-check-7770708	check	7770708	identity_region	"{""item_name"":""Godskin Peeler"",""region"":""Altus""}"	wiki:eldenpedia:page-1572:revision-66617	gameplay-wiki:eldenpedia	lead_only	unknown	eldenpedia:pageid-1572:revision-66617:#Notable_Loot:Godskin Peeler	Eldenpedia revision 66617 lists Godskin Peeler as notable loot on Dominula, Windmill Village; that exact name identifies one current AP check in Altus.	Community-wiki location lead matched by exact item name inside an explicit region mapping. It does not prove access, a v1.17 event predicate, route order, completeness, or absence of another source.
eldenpedia-page-1572-revision-66617-check-7772851	check	7772851	identity_region	"{""item_name"":""Celebrant's Skull"",""region"":""Altus""}"	wiki:eldenpedia:page-1572:revision-66617	gameplay-wiki:eldenpedia	lead_only	unknown	eldenpedia:pageid-1572:revision-66617:#Notable_Loot:Celebrant's Skull	Eldenpedia revision 66617 lists Celebrant's Skull as notable loot on Dominula, Windmill Village; that exact name identifies one current AP check in Altus.	Community-wiki location lead matched by exact item name inside an explicit region mapping. It does not prove access, a v1.17 event predicate, route order, completeness, or absence of another source.
eldenpedia-page-1572-revision-66617-check-7900146	check	7900146	identity_region	"{""item_name"":""Scouring Black Flame"",""region"":""Altus""}"	wiki:eldenpedia:page-1572:revision-66617	gameplay-wiki:eldenpedia	lead_only	unknown	eldenpedia:pageid-1572:revision-66617:#Notable_Loot:Scouring Black Flame	Eldenpedia revision 66617 lists Scouring Black Flame as notable loot on Dominula, Windmill Village; that exact name identifies one current AP check in Altus.	Community-wiki location lead matched by exact item name inside an explicit region mapping. It does not prove access, a v1.17 event predicate, route order, completeness, or absence of another source.
eldenpedia-page-1666-revision-6347-check-7770133	check	7770133	identity_region	"{""item_name"":""Ancient Dragon Apostle's Cookbook 3"",""region"":""Caelid""}"	wiki:eldenpedia:page-1666:revision-6347	gameplay-wiki:eldenpedia	lead_only	unknown	eldenpedia:pageid-1666:revision-6347:#Notable_Loot:Ancient Dragon Apostle's Cookbook 3	Eldenpedia revision 6347 lists Ancient Dragon Apostle's Cookbook 3 as notable loot on Cathedral of Dragon Communion; that exact name identifies one current AP check in Caelid.	Community-wiki location lead matched by exact item name inside an explicit region mapping. It does not prove access, a v1.17 event predicate, route order, completeness, or absence of another source.
eldenpedia-page-1693-revision-6429-check-7774509	check	7774509	identity_region	"{""item_name"":""Soft Cotton"",""region"":""Caelid""}"	wiki:eldenpedia:page-1693:revision-6429	gameplay-wiki:eldenpedia	lead_only	unknown	eldenpedia:pageid-1693:revision-6429:#Notable_Loot:Soft Cotton	Eldenpedia revision 6429 lists Soft Cotton as notable loot on Bestial Sanctum; that exact name identifies one current AP check in Caelid.	Community-wiki location lead matched by exact item name inside an explicit region mapping. It does not prove access, a v1.17 event predicate, route order, completeness, or absence of another source.
eldenpedia-page-1693-revision-6429-check-7774510	check	7774510	identity_region	"{""item_name"":""Cinquedea"",""region"":""Caelid""}"	wiki:eldenpedia:page-1693:revision-6429	gameplay-wiki:eldenpedia	lead_only	unknown	eldenpedia:pageid-1693:revision-6429:#Notable_Loot:Cinquedea	Eldenpedia revision 6429 lists Cinquedea as notable loot on Bestial Sanctum; that exact name identifies one current AP check in Caelid.	Community-wiki location lead matched by exact item name inside an explicit region mapping. It does not prove access, a v1.17 event predicate, route order, completeness, or absence of another source.
eldenpedia-page-1693-revision-6429-check-7774511	check	7774511	identity_region	"{""item_name"":""Dragoncrest Shield Talisman"",""region"":""Caelid""}"	wiki:eldenpedia:page-1693:revision-6429	gameplay-wiki:eldenpedia	lead_only	unknown	eldenpedia:pageid-1693:revision-6429:#Notable_Loot:Dragoncrest Shield Talisman	Eldenpedia revision 6429 lists Dragoncrest Shield Talisman as notable loot on Bestial Sanctum; that exact name identifies one current AP check in Caelid.	Community-wiki location lead matched by exact item name inside an explicit region mapping. It does not prove access, a v1.17 event predicate, route order, completeness, or absence of another source.
eldenpedia-page-17254-revision-84817-check-7773850	check	7773850	identity_region	"{""item_name"":""Demi-Human Swordsman Yosh"",""region"":""Gravesite""}"	wiki:eldenpedia:page-17254:revision-84817	gameplay-wiki:eldenpedia	lead_only	unknown	eldenpedia:pageid-17254:revision-84817:#Notable_Loot:Demi-Human Swordsman Yosh	Eldenpedia revision 84817 lists Demi-Human Swordsman Yosh as notable loot on Belurat Gaol; that exact name identifies one current AP check in Gravesite.	Community-wiki location lead matched by exact item name inside an explicit region mapping. It does not prove access, a v1.17 event predicate, route order, completeness, or absence of another source.
eldenpedia-page-17254-revision-84817-check-7774060	check	7774060	identity_region	"{""item_name"":""Greatjar"",""region"":""Gravesite""}"	wiki:eldenpedia:page-17254:revision-84817	gameplay-wiki:eldenpedia	lead_only	unknown	eldenpedia:pageid-17254:revision-84817:#Notable_Loot:Greatjar	Eldenpedia revision 84817 lists Greatjar as notable loot on Belurat Gaol; that exact name identifies one current AP check in Gravesite.	Community-wiki location lead matched by exact item name inside an explicit region mapping. It does not prove access, a v1.17 event predicate, route order, completeness, or absence of another source.
eldenpedia-page-215-revision-761-check-7772147	check	7772147	identity_region	"{""item_name"":""Preserving Boluses"",""region"":""Mt. Gelmir""}"	wiki:eldenpedia:page-215:revision-761	gameplay-wiki:eldenpedia	lead_only	unknown	eldenpedia:pageid-215:revision-761:#Notable_Loot:Preserving Boluses	Eldenpedia revision 761 lists Preserving Boluses as notable loot on Seethewater Cave; that exact name identifies one current AP check in Mt. Gelmir.	Community-wiki location lead matched by exact item name inside an explicit region mapping. It does not prove access, a v1.17 event predicate, route order, completeness, or absence of another source.
eldenpedia-page-215-revision-761-check-7772149	check	7772149	identity_region	"{""item_name"":""Poisonbone Dart"",""region"":""Mt. Gelmir""}"	wiki:eldenpedia:page-215:revision-761	gameplay-wiki:eldenpedia	lead_only	unknown	eldenpedia:pageid-215:revision-761:#Notable_Loot:Poisonbone Dart	Eldenpedia revision 761 lists Poisonbone Dart as notable loot on Seethewater Cave; that exact name identifies one current AP check in Mt. Gelmir.	Community-wiki location lead matched by exact item name inside an explicit region mapping. It does not prove access, a v1.17 event predicate, route order, completeness, or absence of another source.
eldenpedia-page-215-revision-761-check-7772151	check	7772151	identity_region	"{""item_name"":""Immunizing Cured Meat"",""region"":""Mt. Gelmir""}"	wiki:eldenpedia:page-215:revision-761	gameplay-wiki:eldenpedia	lead_only	unknown	eldenpedia:pageid-215:revision-761:#Notable_Loot:Immunizing Cured Meat	Eldenpedia revision 761 lists Immunizing Cured Meat as notable loot on Seethewater Cave; that exact name identifies one current AP check in Mt. Gelmir.	Community-wiki location lead matched by exact item name inside an explicit region mapping. It does not prove access, a v1.17 event predicate, route order, completeness, or absence of another source.
eldenpedia-page-2179-revision-8316-check-7773157	check	7773157	identity_region	"{""item_name"":""Cerulean Amber Medallion +1"",""region"":""Mountaintops of the Giants""}"	wiki:eldenpedia:page-2179:revision-8316	gameplay-wiki:eldenpedia	lead_only	unknown	eldenpedia:pageid-2179:revision-8316:#Notable_Loot:Cerulean Amber Medallion +1	Eldenpedia revision 8316 lists Cerulean Amber Medallion +1 as notable loot on Castle Sol; that exact name identifies one current AP check in Mountaintops of the Giants.	Community-wiki location lead matched by exact item name inside an explicit region mapping. It does not prove access, a v1.17 event predicate, route order, completeness, or absence of another source.
eldenpedia-page-2179-revision-8316-check-7773166	check	7773166	identity_region	"{""item_name"":""Furlcalling Finger Remedy"",""region"":""Mountaintops of the Giants""}"	wiki:eldenpedia:page-2179:revision-8316	gameplay-wiki:eldenpedia	lead_only	unknown	eldenpedia:pageid-2179:revision-8316:#Notable_Loot:Furlcalling Finger Remedy	Eldenpedia revision 8316 lists Furlcalling Finger Remedy as notable loot on Castle Sol; that exact name identifies one current AP check in Mountaintops of the Giants.	Community-wiki location lead matched by exact item name inside an explicit region mapping. It does not prove access, a v1.17 event predicate, route order, completeness, or absence of another source.
eldenpedia-page-2179-revision-8316-check-7773170	check	7773170	identity_region	"{""item_name"":""Golden Rune 9"",""region"":""Mountaintops of the Giants""}"	wiki:eldenpedia:page-2179:revision-8316	gameplay-wiki:eldenpedia	lead_only	unknown	eldenpedia:pageid-2179:revision-8316:#Notable_Loot:Golden Rune 9	Eldenpedia revision 8316 lists Golden Rune 9 as notable loot on Castle Sol; that exact name identifies one current AP check in Mountaintops of the Giants.	Community-wiki location lead matched by exact item name inside an explicit region mapping. It does not prove access, a v1.17 event predicate, route order, completeness, or absence of another source.
eldenpedia-page-2179-revision-8316-check-7773172	check	7773172	identity_region	"{""item_name"":""Stormhawk Axe"",""region"":""Mountaintops of the Giants""}"	wiki:eldenpedia:page-2179:revision-8316	gameplay-wiki:eldenpedia	lead_only	unknown	eldenpedia:pageid-2179:revision-8316:#Notable_Loot:Stormhawk Axe	Eldenpedia revision 8316 lists Stormhawk Axe as notable loot on Castle Sol; that exact name identifies one current AP check in Mountaintops of the Giants.	Community-wiki location lead matched by exact item name inside an explicit region mapping. It does not prove access, a v1.17 event predicate, route order, completeness, or absence of another source.
eldenpedia-page-2179-revision-8316-check-7773175	check	7773175	identity_region	"{""item_name"":""Eclipse Shotel"",""region"":""Mountaintops of the Giants""}"	wiki:eldenpedia:page-2179:revision-8316	gameplay-wiki:eldenpedia	lead_only	unknown	eldenpedia:pageid-2179:revision-8316:#Notable_Loot:Eclipse Shotel	Eldenpedia revision 8316 lists Eclipse Shotel as notable loot on Castle Sol; that exact name identifies one current AP check in Mountaintops of the Giants.	Community-wiki location lead matched by exact item name inside an explicit region mapping. It does not prove access, a v1.17 event predicate, route order, completeness, or absence of another source.
eldenpedia-page-2179-revision-8316-check-7773176	check	7773176	identity_region	"{""item_name"":""Haligtree Secret Medallion (Left)"",""region"":""Mountaintops of the Giants""}"	wiki:eldenpedia:page-2179:revision-8316	gameplay-wiki:eldenpedia	lead_only	unknown	eldenpedia:pageid-2179:revision-8316:#Notable_Loot:Haligtree Secret Medallion (Left)	Eldenpedia revision 8316 lists Haligtree Secret Medallion (Left) as notable loot on Castle Sol; that exact name identifies one current AP check in Mountaintops of the Giants.	Community-wiki location lead matched by exact item name inside an explicit region mapping. It does not prove access, a v1.17 event predicate, route order, completeness, or absence of another source.
eldenpedia-page-2179-revision-8316-check-7773806	check	7773806	identity_region	"{""item_name"":""Veteran's Prosthesis"",""region"":""Mountaintops of the Giants""}"	wiki:eldenpedia:page-2179:revision-8316	gameplay-wiki:eldenpedia	lead_only	unknown	eldenpedia:pageid-2179:revision-8316:#Notable_Loot:Veteran's Prosthesis	Eldenpedia revision 8316 lists Veteran's Prosthesis as notable loot on Castle Sol; that exact name identifies one current AP check in Mountaintops of the Giants.	Community-wiki location lead matched by exact item name inside an explicit region mapping. It does not prove access, a v1.17 event predicate, route order, completeness, or absence of another source.
eldenpedia-page-2179-revision-8316-check-7773906	check	7773906	identity_region	"{""item_name"":""\""Sorcerer\"" Painting"",""region"":""Mountaintops of the Giants""}"	wiki:eldenpedia:page-2179:revision-8316	gameplay-wiki:eldenpedia	lead_only	unknown	"eldenpedia:pageid-2179:revision-8316:#Notable_Loot:""Sorcerer"" Painting"	"Eldenpedia revision 8316 lists ""Sorcerer"" Painting as notable loot on Castle Sol; that exact name identifies one current AP check in Mountaintops of the Giants."	Community-wiki location lead matched by exact item name inside an explicit region mapping. It does not prove access, a v1.17 event predicate, route order, completeness, or absence of another source.
eldenpedia-page-2393-revision-9278-check-7770039	check	7770039	identity_region	"{""item_name"":""Purifying Crystal Tear"",""region"":""Altus""}"	wiki:eldenpedia:page-2393:revision-9278	gameplay-wiki:eldenpedia	lead_only	unknown	eldenpedia:pageid-2393:revision-9278:#Notable_Loot:Purifying Crystal Tear	Eldenpedia revision 9278 lists Purifying Crystal Tear as notable loot on Second Church of Marika; that exact name identifies one current AP check in Altus.	Community-wiki location lead matched by exact item name inside an explicit region mapping. It does not prove access, a v1.17 event predicate, route order, completeness, or absence of another source.
eldenpedia-page-2393-revision-9278-check-7774254	check	7774254	identity_region	"{""item_name"":""Eleonora's Poleblade"",""region"":""Altus""}"	wiki:eldenpedia:page-2393:revision-9278	gameplay-wiki:eldenpedia	lead_only	unknown	eldenpedia:pageid-2393:revision-9278:#Notable_Loot:Eleonora's Poleblade	Eldenpedia revision 9278 lists Eleonora's Poleblade as notable loot on Second Church of Marika; that exact name identifies one current AP check in Altus.	Community-wiki location lead matched by exact item name inside an explicit region mapping. It does not prove access, a v1.17 event predicate, route order, completeness, or absence of another source.
eldenpedia-page-2394-revision-9280-check-7774537	check	7774537	identity_region	"{""item_name"":""Founding Rain of Stars"",""region"":""Mountaintops of the Giants""}"	wiki:eldenpedia:page-2394:revision-9280	gameplay-wiki:eldenpedia	lead_only	unknown	eldenpedia:pageid-2394:revision-9280:#Notable_Loot:Founding Rain of Stars	Eldenpedia revision 9280 lists Founding Rain of Stars as notable loot on Heretical Rise; that exact name identifies one current AP check in Mountaintops of the Giants.	Community-wiki location lead matched by exact item name inside an explicit region mapping. It does not prove access, a v1.17 event predicate, route order, completeness, or absence of another source.
eldenpedia-page-245-revision-862-check-7772764	check	7772764	identity_region	"{""item_name"":""Dragonbolt Blessing"",""region"":""Altus""}"	wiki:eldenpedia:page-245:revision-862	gameplay-wiki:eldenpedia	lead_only	unknown	eldenpedia:pageid-245:revision-862:#Notable_Loot:Dragonbolt Blessing	Eldenpedia revision 862 lists Dragonbolt Blessing as notable loot on Stormcaller Church; that exact name identifies one current AP check in Altus.	Community-wiki location lead matched by exact item name inside an explicit region mapping. It does not prove access, a v1.17 event predicate, route order, completeness, or absence of another source.
eldenpedia-page-2575-revision-9968-check-7773204	check	7773204	identity_region	"{""item_name"":""Somberstone Miner's Bell Bearing 3"",""region"":""Mountaintops of the Giants""}"	wiki:eldenpedia:page-2575:revision-9968	gameplay-wiki:eldenpedia	lead_only	unknown	eldenpedia:pageid-2575:revision-9968:#Notable_Loot:Somberstone Miner's Bell Bearing 3	Eldenpedia revision 9968 lists Somberstone Miner's Bell Bearing 3 as notable loot on First Church of Marika; that exact name identifies one current AP check in Mountaintops of the Giants.	Community-wiki location lead matched by exact item name inside an explicit region mapping. It does not prove access, a v1.17 event predicate, route order, completeness, or absence of another source.
eldenpedia-page-2684-revision-95013-check-7773037	check	7773037	identity_region	"{""item_name"":""Cuckoo Glintstone"",""region"":""Consecrated Snowfield""}"	wiki:eldenpedia:page-2684:revision-95013	gameplay-wiki:eldenpedia	lead_only	unknown	eldenpedia:pageid-2684:revision-95013:#Notable_Loot:Cuckoo Glintstone	Eldenpedia revision 95013 lists Cuckoo Glintstone as notable loot on Ordina, Liturgical Town; that exact name identifies one current AP check in Consecrated Snowfield.	Community-wiki location lead matched by exact item name inside an explicit region mapping. It does not prove access, a v1.17 event predicate, route order, completeness, or absence of another source.
eldenpedia-page-2684-revision-95013-check-7773040	check	7773040	identity_region	"{""item_name"":""Slumbering Egg"",""region"":""Consecrated Snowfield""}"	wiki:eldenpedia:page-2684:revision-95013	gameplay-wiki:eldenpedia	lead_only	unknown	eldenpedia:pageid-2684:revision-95013:#Notable_Loot:Slumbering Egg	Eldenpedia revision 95013 lists Slumbering Egg as notable loot on Ordina, Liturgical Town; that exact name identifies one current AP check in Consecrated Snowfield.	Community-wiki location lead matched by exact item name inside an explicit region mapping. It does not prove access, a v1.17 event predicate, route order, completeness, or absence of another source.
eldenpedia-page-2684-revision-95013-check-7773042	check	7773042	identity_region	"{""item_name"":""Invigorating Cured Meat"",""region"":""Consecrated Snowfield""}"	wiki:eldenpedia:page-2684:revision-95013	gameplay-wiki:eldenpedia	lead_only	unknown	eldenpedia:pageid-2684:revision-95013:#Notable_Loot:Invigorating Cured Meat	Eldenpedia revision 95013 lists Invigorating Cured Meat as notable loot on Ordina, Liturgical Town; that exact name identifies one current AP check in Consecrated Snowfield.	Community-wiki location lead matched by exact item name inside an explicit region mapping. It does not prove access, a v1.17 event predicate, route order, completeness, or absence of another source.
eldenpedia-page-3029-revision-11708-check-7774428	check	7774428	identity_region	"{""item_name"":""Drawstring Fire Grease"",""region"":""Caelid""}"	wiki:eldenpedia:page-3029:revision-11708	gameplay-wiki:eldenpedia	lead_only	unknown	eldenpedia:pageid-3029:revision-11708:#Notable_Loot:Drawstring Fire Grease	Eldenpedia revision 11708 lists Drawstring Fire Grease as notable loot on Caelem Ruins; that exact name identifies one current AP check in Caelid.	Community-wiki location lead matched by exact item name inside an explicit region mapping. It does not prove access, a v1.17 event predicate, route order, completeness, or absence of another source.
eldenpedia-page-3029-revision-11708-check-7774440	check	7774440	identity_region	"{""item_name"":""Visage Shield"",""region"":""Caelid""}"	wiki:eldenpedia:page-3029:revision-11708	gameplay-wiki:eldenpedia	lead_only	unknown	eldenpedia:pageid-3029:revision-11708:#Notable_Loot:Visage Shield	Eldenpedia revision 11708 lists Visage Shield as notable loot on Caelem Ruins; that exact name identifies one current AP check in Caelid.	Community-wiki location lead matched by exact item name inside an explicit region mapping. It does not prove access, a v1.17 event predicate, route order, completeness, or absence of another source.
eldenpedia-page-3118-revision-12090-check-7770022	check	7770022	identity_region	"{""item_name"":""Memory Stone"",""region"":""Mt. Gelmir""}"	wiki:eldenpedia:page-3118:revision-12090	gameplay-wiki:eldenpedia	lead_only	unknown	eldenpedia:pageid-3118:revision-12090:#Notable_Loot:Memory Stone	Eldenpedia revision 12090 lists Memory Stone as notable loot on Hermit Village; that exact name identifies one current AP check in Mt. Gelmir.	Community-wiki location lead matched by exact item name inside an explicit region mapping. It does not prove access, a v1.17 event predicate, route order, completeness, or absence of another source.
eldenpedia-page-3118-revision-12090-check-7772640	check	7772640	identity_region	"{""item_name"":""Prattling Pate \""You're Beautiful\"""",""region"":""Mt. Gelmir""}"	wiki:eldenpedia:page-3118:revision-12090	gameplay-wiki:eldenpedia	lead_only	unknown	"eldenpedia:pageid-3118:revision-12090:#Notable_Loot:Prattling Pate ""You're Beautiful"""	"Eldenpedia revision 12090 lists Prattling Pate ""You're Beautiful"" as notable loot on Hermit Village; that exact name identifies one current AP check in Mt. Gelmir."	Community-wiki location lead matched by exact item name inside an explicit region mapping. It does not prove access, a v1.17 event predicate, route order, completeness, or absence of another source.
eldenpedia-page-3118-revision-12090-check-7772642	check	7772642	identity_region	"{""item_name"":""Hierodas Glintstone Crown"",""region"":""Mt. Gelmir""}"	wiki:eldenpedia:page-3118:revision-12090	gameplay-wiki:eldenpedia	lead_only	unknown	eldenpedia:pageid-3118:revision-12090:#Notable_Loot:Hierodas Glintstone Crown	Eldenpedia revision 12090 lists Hierodas Glintstone Crown as notable loot on Hermit Village; that exact name identifies one current AP check in Mt. Gelmir.	Community-wiki location lead matched by exact item name inside an explicit region mapping. It does not prove access, a v1.17 event predicate, route order, completeness, or absence of another source.
eldenpedia-page-3118-revision-12090-check-7773740	check	7773740	identity_region	"{""item_name"":""Comet Azur"",""region"":""Mt. Gelmir""}"	wiki:eldenpedia:page-3118:revision-12090	gameplay-wiki:eldenpedia	lead_only	unknown	eldenpedia:pageid-3118:revision-12090:#Notable_Loot:Comet Azur	Eldenpedia revision 12090 lists Comet Azur as notable loot on Hermit Village; that exact name identifies one current AP check in Mt. Gelmir.	Community-wiki location lead matched by exact item name inside an explicit region mapping. It does not prove access, a v1.17 event predicate, route order, completeness, or absence of another source.
eldenpedia-page-3192-revision-12414-check-7770001	check	7770001	identity_region	"{""item_name"":""Godrick's Great Rune"",""region"":""Stormveil""}"	wiki:eldenpedia:page-3192:revision-12414	gameplay-wiki:eldenpedia	lead_only	unknown	eldenpedia:pageid-3192:revision-12414:#Notable_Loot:Godrick's Great Rune	Eldenpedia revision 12414 lists Godrick's Great Rune as notable loot on Divine Tower of Limgrave; that exact name identifies one current AP check in Stormveil.	Community-wiki location lead matched by exact item name inside an explicit region mapping. It does not prove access, a v1.17 event predicate, route order, completeness, or absence of another source.
eldenpedia-page-3192-revision-12414-check-7772303	check	7772303	identity_region	"{""item_name"":""Soft Cotton"",""region"":""Stormveil""}"	wiki:eldenpedia:page-3192:revision-12414	gameplay-wiki:eldenpedia	lead_only	unknown	eldenpedia:pageid-3192:revision-12414:#Notable_Loot:Soft Cotton	Eldenpedia revision 12414 lists Soft Cotton as notable loot on Divine Tower of Limgrave; that exact name identifies one current AP check in Stormveil.	Community-wiki location lead matched by exact item name inside an explicit region mapping. It does not prove access, a v1.17 event predicate, route order, completeness, or absence of another source.
eldenpedia-page-3192-revision-12414-check-7772307	check	7772307	identity_region	"{""item_name"":""Boltdrake Talisman"",""region"":""Stormveil""}"	wiki:eldenpedia:page-3192:revision-12414	gameplay-wiki:eldenpedia	lead_only	unknown	eldenpedia:pageid-3192:revision-12414:#Notable_Loot:Boltdrake Talisman	Eldenpedia revision 12414 lists Boltdrake Talisman as notable loot on Divine Tower of Limgrave; that exact name identifies one current AP check in Stormveil.	Community-wiki location lead matched by exact item name inside an explicit region mapping. It does not prove access, a v1.17 event predicate, route order, completeness, or absence of another source.
eldenpedia-page-3192-revision-12414-check-7772308	check	7772308	identity_region	"{""item_name"":""Ash-of-War Scarab"",""region"":""Stormveil""}"	wiki:eldenpedia:page-3192:revision-12414	gameplay-wiki:eldenpedia	lead_only	unknown	eldenpedia:pageid-3192:revision-12414:#Notable_Loot:Ash-of-War Scarab	Eldenpedia revision 12414 lists Ash-of-War Scarab as notable loot on Divine Tower of Limgrave; that exact name identifies one current AP check in Stormveil.	Community-wiki location lead matched by exact item name inside an explicit region mapping. It does not prove access, a v1.17 event predicate, route order, completeness, or absence of another source.
eldenpedia-page-3228-revision-12530-check-7772737	check	7772737	identity_region	"{""item_name"":""Godfrey Icon"",""region"":""Altus""}"	wiki:eldenpedia:page-3228:revision-12530	gameplay-wiki:eldenpedia	lead_only	unknown	eldenpedia:pageid-3228:revision-12530:#Notable_Loot:Godfrey Icon	Eldenpedia revision 12530 lists Godfrey Icon as notable loot on Golden Lineage Evergaol; that exact name identifies one current AP check in Altus.	Community-wiki location lead matched by exact item name inside an explicit region mapping. It does not prove access, a v1.17 event predicate, route order, completeness, or absence of another source.
eldenpedia-page-3286-revision-13026-check-7774465	check	7774465	identity_region	"{""item_name"":""Eternal Darkness"",""region"":""Caelid""}"	wiki:eldenpedia:page-3286:revision-13026	gameplay-wiki:eldenpedia	lead_only	unknown	eldenpedia:pageid-3286:revision-13026:#Notable_Loot:Eternal Darkness	Eldenpedia revision 13026 lists Eternal Darkness as notable loot on Swamp Lookout Tower; that exact name identifies one current AP check in Caelid.	Community-wiki location lead matched by exact item name inside an explicit region mapping. It does not prove access, a v1.17 event predicate, route order, completeness, or absence of another source.
eldenpedia-page-340-revision-1146-check-7772416	check	7772416	identity_region	"{""item_name"":""Crucible Scale Talisman"",""region"":""Leyndell""}"	wiki:eldenpedia:page-340:revision-1146	gameplay-wiki:eldenpedia	lead_only	unknown	eldenpedia:pageid-340:revision-1146:#Notable_Loot:Crucible Scale Talisman	Eldenpedia revision 1146 lists Crucible Scale Talisman as notable loot on Leyndell Catacombs; that exact name identifies one current AP check in Leyndell.	Community-wiki location lead matched by exact item name inside an explicit region mapping. It does not prove access, a v1.17 event predicate, route order, completeness, or absence of another source.
eldenpedia-page-340-revision-1146-check-7773822	check	7773822	identity_region	"{""item_name"":""Lord of Blood's Exultation"",""region"":""Leyndell""}"	wiki:eldenpedia:page-340:revision-1146	gameplay-wiki:eldenpedia	lead_only	unknown	eldenpedia:pageid-340:revision-1146:#Notable_Loot:Lord of Blood's Exultation	Eldenpedia revision 1146 lists Lord of Blood's Exultation as notable loot on Leyndell Catacombs; that exact name identifies one current AP check in Leyndell.	Community-wiki location lead matched by exact item name inside an explicit region mapping. It does not prove access, a v1.17 event predicate, route order, completeness, or absence of another source.
eldenpedia-page-3438-revision-13564-check-7770122	check	7770122	identity_region	"{""item_name"":""Perfumer's Cookbook 2"",""region"":""Altus""}"	wiki:eldenpedia:page-3438:revision-13564	gameplay-wiki:eldenpedia	lead_only	unknown	eldenpedia:pageid-3438:revision-13564:#Notable_Loot:Perfumer's Cookbook 2	Eldenpedia revision 13564 lists Perfumer's Cookbook 2 as notable loot on The Shaded Castle; that exact name identifies one current AP check in Altus.	Community-wiki location lead matched by exact item name inside an explicit region mapping. It does not prove access, a v1.17 event predicate, route order, completeness, or absence of another source.
eldenpedia-page-3438-revision-13564-check-7770797	check	7770797	identity_region	"{""item_name"":""\""Champion's Song\"" Painting"",""region"":""Altus""}"	wiki:eldenpedia:page-3438:revision-13564	gameplay-wiki:eldenpedia	lead_only	unknown	"eldenpedia:pageid-3438:revision-13564:#Notable_Loot:""Champion's Song"" Painting"	"Eldenpedia revision 13564 lists ""Champion's Song"" Painting as notable loot on The Shaded Castle; that exact name identifies one current AP check in Altus."	Community-wiki location lead matched by exact item name inside an explicit region mapping. It does not prove access, a v1.17 event predicate, route order, completeness, or absence of another source.
eldenpedia-page-3438-revision-13564-check-7772758	check	7772758	identity_region	"{""item_name"":""Starlight Shards"",""region"":""Altus""}"	wiki:eldenpedia:page-3438:revision-13564	gameplay-wiki:eldenpedia	lead_only	unknown	eldenpedia:pageid-3438:revision-13564:#Notable_Loot:Starlight Shards	Eldenpedia revision 13564 lists Starlight Shards as notable loot on The Shaded Castle; that exact name identifies one current AP check in Altus.	Community-wiki location lead matched by exact item name inside an explicit region mapping. It does not prove access, a v1.17 event predicate, route order, completeness, or absence of another source.
eldenpedia-page-3438-revision-13564-check-7772759	check	7772759	identity_region	"{""item_name"":""Rot Grease"",""region"":""Altus""}"	wiki:eldenpedia:page-3438:revision-13564	gameplay-wiki:eldenpedia	lead_only	unknown	eldenpedia:pageid-3438:revision-13564:#Notable_Loot:Rot Grease	Eldenpedia revision 13564 lists Rot Grease as notable loot on The Shaded Castle; that exact name identifies one current AP check in Altus.	Community-wiki location lead matched by exact item name inside an explicit region mapping. It does not prove access, a v1.17 event predicate, route order, completeness, or absence of another source.
eldenpedia-page-3438-revision-13564-check-7773804	check	7773804	identity_region	"{""item_name"":""Marais Executioner's Sword"",""region"":""Altus""}"	wiki:eldenpedia:page-3438:revision-13564	gameplay-wiki:eldenpedia	lead_only	unknown	eldenpedia:pageid-3438:revision-13564:#Notable_Loot:Marais Executioner's Sword	Eldenpedia revision 13564 lists Marais Executioner's Sword as notable loot on The Shaded Castle; that exact name identifies one current AP check in Altus.	Community-wiki location lead matched by exact item name inside an explicit region mapping. It does not prove access, a v1.17 event predicate, route order, completeness, or absence of another source.
eldenpedia-page-3438-revision-13564-check-7774264	check	7774264	identity_region	"{""item_name"":""Drawstring Fire Grease"",""region"":""Altus""}"	wiki:eldenpedia:page-3438:revision-13564	gameplay-wiki:eldenpedia	lead_only	unknown	eldenpedia:pageid-3438:revision-13564:#Notable_Loot:Drawstring Fire Grease	Eldenpedia revision 13564 lists Drawstring Fire Grease as notable loot on The Shaded Castle; that exact name identifies one current AP check in Altus.	Community-wiki location lead matched by exact item name inside an explicit region mapping. It does not prove access, a v1.17 event predicate, route order, completeness, or absence of another source.
eldenpedia-page-3438-revision-13564-check-7774267	check	7774267	identity_region	"{""item_name"":""Neutralizing Boluses"",""region"":""Altus""}"	wiki:eldenpedia:page-3438:revision-13564	gameplay-wiki:eldenpedia	lead_only	unknown	eldenpedia:pageid-3438:revision-13564:#Notable_Loot:Neutralizing Boluses	Eldenpedia revision 13564 lists Neutralizing Boluses as notable loot on The Shaded Castle; that exact name identifies one current AP check in Altus.	Community-wiki location lead matched by exact item name inside an explicit region mapping. It does not prove access, a v1.17 event predicate, route order, completeness, or absence of another source.
eldenpedia-page-3438-revision-13564-check-7774277	check	7774277	identity_region	"{""item_name"":""Valkyrie's Prosthesis"",""region"":""Altus""}"	wiki:eldenpedia:page-3438:revision-13564	gameplay-wiki:eldenpedia	lead_only	unknown	eldenpedia:pageid-3438:revision-13564:#Notable_Loot:Valkyrie's Prosthesis	Eldenpedia revision 13564 lists Valkyrie's Prosthesis as notable loot on The Shaded Castle; that exact name identifies one current AP check in Altus.	Community-wiki location lead matched by exact item name inside an explicit region mapping. It does not prove access, a v1.17 event predicate, route order, completeness, or absence of another source.
eldenpedia-page-3438-revision-13564-check-7900128	check	7900128	identity_region	"{""item_name"":""Briar Greatshield"",""region"":""Altus""}"	wiki:eldenpedia:page-3438:revision-13564	gameplay-wiki:eldenpedia	lead_only	unknown	eldenpedia:pageid-3438:revision-13564:#Notable_Loot:Briar Greatshield	Eldenpedia revision 13564 lists Briar Greatshield as notable loot on The Shaded Castle; that exact name identifies one current AP check in Altus.	Community-wiki location lead matched by exact item name inside an explicit region mapping. It does not prove access, a v1.17 event predicate, route order, completeness, or absence of another source.
eldenpedia-page-4025-revision-15763-check-7772376	check	7772376	identity_region	"{""item_name"":""Dappled White Cured Meat"",""region"":""Leyndell""}"	wiki:eldenpedia:page-4025:revision-15763	gameplay-wiki:eldenpedia	lead_only	unknown	eldenpedia:pageid-4025:revision-15763:#Notable_Loot:Dappled White Cured Meat	Eldenpedia revision 15763 lists Dappled White Cured Meat as notable loot on Wyndham Ruins; that exact name identifies one current AP check in Leyndell.	Community-wiki location lead matched by exact item name inside an explicit region mapping. It does not prove access, a v1.17 event predicate, route order, completeness, or absence of another source.
eldenpedia-page-4206-revision-16430-check-7772159	check	7772159	identity_region	"{""item_name"":""Bull-Goat's Talisman"",""region"":""Caelid""}"	wiki:eldenpedia:page-4206:revision-16430	gameplay-wiki:eldenpedia	lead_only	unknown	eldenpedia:pageid-4206:revision-16430:#Notable_Loot:Bull-Goat's Talisman	Eldenpedia revision 16430 lists Bull-Goat's Talisman as notable loot on Dragonbarrow Cave; that exact name identifies one current AP check in Caelid.	Community-wiki location lead matched by exact item name inside an explicit region mapping. It does not prove access, a v1.17 event predicate, route order, completeness, or absence of another source.
eldenpedia-page-4206-revision-16430-check-7773833	check	7773833	identity_region	"{""item_name"":""Flamedrake Talisman +2"",""region"":""Caelid""}"	wiki:eldenpedia:page-4206:revision-16430	gameplay-wiki:eldenpedia	lead_only	unknown	eldenpedia:pageid-4206:revision-16430:#Notable_Loot:Flamedrake Talisman +2	Eldenpedia revision 16430 lists Flamedrake Talisman +2 as notable loot on Dragonbarrow Cave; that exact name identifies one current AP check in Caelid.	Community-wiki location lead matched by exact item name inside an explicit region mapping. It does not prove access, a v1.17 event predicate, route order, completeness, or absence of another source.
eldenpedia-page-4327-revision-16802-check-7770042	check	7770042	identity_region	"{""item_name"":""Red-Hot Whetblade"",""region"":""Caelid""}"	wiki:eldenpedia:page-4327:revision-16802	gameplay-wiki:eldenpedia	lead_only	unknown	eldenpedia:pageid-4327:revision-16802:#Notable_Loot:Red-Hot Whetblade	Eldenpedia revision 16802 lists Red-Hot Whetblade as notable loot on Redmane Castle; that exact name identifies one current AP check in Caelid.	Community-wiki location lead matched by exact item name inside an explicit region mapping. It does not prove access, a v1.17 event predicate, route order, completeness, or absence of another source.
eldenpedia-page-4327-revision-16802-check-7770099	check	7770099	identity_region	"{""item_name"":""Armorer's Cookbook 4"",""region"":""Caelid""}"	wiki:eldenpedia:page-4327:revision-16802	gameplay-wiki:eldenpedia	lead_only	unknown	eldenpedia:pageid-4327:revision-16802:#Notable_Loot:Armorer's Cookbook 4	Eldenpedia revision 16802 lists Armorer's Cookbook 4 as notable loot on Redmane Castle; that exact name identifies one current AP check in Caelid.	Community-wiki location lead matched by exact item name inside an explicit region mapping. It does not prove access, a v1.17 event predicate, route order, completeness, or absence of another source.
eldenpedia-page-4327-revision-16802-check-7773120	check	7773120	identity_region	"{""item_name"":""Flamberge"",""region"":""Caelid""}"	wiki:eldenpedia:page-4327:revision-16802	gameplay-wiki:eldenpedia	lead_only	unknown	eldenpedia:pageid-4327:revision-16802:#Notable_Loot:Flamberge	Eldenpedia revision 16802 lists Flamberge as notable loot on Redmane Castle; that exact name identifies one current AP check in Caelid.	Community-wiki location lead matched by exact item name inside an explicit region mapping. It does not prove access, a v1.17 event predicate, route order, completeness, or absence of another source.
eldenpedia-page-4327-revision-16802-check-7773805	check	7773805	identity_region	"{""item_name"":""Ruins Greatsword"",""region"":""Caelid""}"	wiki:eldenpedia:page-4327:revision-16802	gameplay-wiki:eldenpedia	lead_only	unknown	eldenpedia:pageid-4327:revision-16802:#Notable_Loot:Ruins Greatsword	Eldenpedia revision 16802 lists Ruins Greatsword as notable loot on Redmane Castle; that exact name identifies one current AP check in Caelid.	Community-wiki location lead matched by exact item name inside an explicit region mapping. It does not prove access, a v1.17 event predicate, route order, completeness, or absence of another source.
eldenpedia-page-4356-revision-16931-check-7772778	check	7772778	identity_region	"{""item_name"":""Giant Rat Ashes"",""region"":""Altus""}"	wiki:eldenpedia:page-4356:revision-16931	gameplay-wiki:eldenpedia	lead_only	unknown	eldenpedia:pageid-4356:revision-16931:#Notable_Loot:Giant Rat Ashes	Eldenpedia revision 16931 lists Giant Rat Ashes as notable loot on West Windmill Pasture; that exact name identifies one current AP check in Altus.	Community-wiki location lead matched by exact item name inside an explicit region mapping. It does not prove access, a v1.17 event predicate, route order, completeness, or absence of another source.
eldenpedia-page-4646-revision-17940-check-7772988	check	7772988	identity_region	"{""item_name"":""Meteoric Ore Blade"",""region"":""Caelid""}"	wiki:eldenpedia:page-4646:revision-17940	gameplay-wiki:eldenpedia	lead_only	unknown	eldenpedia:pageid-4646:revision-17940:#Notable_Loot:Meteoric Ore Blade	Eldenpedia revision 17940 lists Meteoric Ore Blade as notable loot on Caelid Waypoint Ruins; that exact name identifies one current AP check in Caelid.	Community-wiki location lead matched by exact item name inside an explicit region mapping. It does not prove access, a v1.17 event predicate, route order, completeness, or absence of another source.
eldenpedia-page-4662-revision-18006-check-7774430	check	7774430	identity_region	"{""item_name"":""Sword of St. Trina"",""region"":""Caelid""}"	wiki:eldenpedia:page-4662:revision-18006	gameplay-wiki:eldenpedia	lead_only	unknown	eldenpedia:pageid-4662:revision-18006:#Notable_Loot:Sword of St. Trina	Eldenpedia revision 18006 lists Sword of St. Trina as notable loot on Forsaken Ruins; that exact name identifies one current AP check in Caelid.	Community-wiki location lead matched by exact item name inside an explicit region mapping. It does not prove access, a v1.17 event predicate, route order, completeness, or absence of another source.
eldenpedia-page-4872-revision-18756-check-7773666	check	7773666	identity_region	"{""item_name"":""Cerulean Crystal Tear"",""region"":""Mountaintops of the Giants""}"	wiki:eldenpedia:page-4872:revision-18756	gameplay-wiki:eldenpedia	lead_only	unknown	eldenpedia:pageid-4872:revision-18756:#Notable_Loot:Cerulean Crystal Tear	Eldenpedia revision 18756 lists Cerulean Crystal Tear as notable loot on Minor Erdtree (Mountaintops of the Giants); that exact name identifies one current AP check in Mountaintops of the Giants.	Community-wiki location lead matched by exact item name inside an explicit region mapping. It does not prove access, a v1.17 event predicate, route order, completeness, or absence of another source.
eldenpedia-page-4872-revision-18756-check-7773667	check	7773667	identity_region	"{""item_name"":""Crimson Bubbletear"",""region"":""Mountaintops of the Giants""}"	wiki:eldenpedia:page-4872:revision-18756	gameplay-wiki:eldenpedia	lead_only	unknown	eldenpedia:pageid-4872:revision-18756:#Notable_Loot:Crimson Bubbletear	Eldenpedia revision 18756 lists Crimson Bubbletear as notable loot on Minor Erdtree (Mountaintops of the Giants); that exact name identifies one current AP check in Mountaintops of the Giants.	Community-wiki location lead matched by exact item name inside an explicit region mapping. It does not prove access, a v1.17 event predicate, route order, completeness, or absence of another source.
eldenpedia-page-4918-revision-95878-check-7772090	check	7772090	identity_region	"{""item_name"":""Magic Grease"",""region"":""Caelid""}"	wiki:eldenpedia:page-4918:revision-95878	gameplay-wiki:eldenpedia	lead_only	unknown	eldenpedia:pageid-4918:revision-95878:#Notable_Loot:Magic Grease	Eldenpedia revision 95878 lists Magic Grease as notable loot on War-Dead Catacombs; that exact name identifies one current AP check in Caelid.	Community-wiki location lead matched by exact item name inside an explicit region mapping. It does not prove access, a v1.17 event predicate, route order, completeness, or absence of another source.
eldenpedia-page-4918-revision-95878-check-7772091	check	7772091	identity_region	"{""item_name"":""Radahn Soldier Ashes"",""region"":""Caelid""}"	wiki:eldenpedia:page-4918:revision-95878	gameplay-wiki:eldenpedia	lead_only	unknown	eldenpedia:pageid-4918:revision-95878:#Notable_Loot:Radahn Soldier Ashes	Eldenpedia revision 95878 lists Radahn Soldier Ashes as notable loot on War-Dead Catacombs; that exact name identifies one current AP check in Caelid.	Community-wiki location lead matched by exact item name inside an explicit region mapping. It does not prove access, a v1.17 event predicate, route order, completeness, or absence of another source.
eldenpedia-page-4918-revision-95878-check-7772092	check	7772092	identity_region	"{""item_name"":""Silver-Pickled Fowl Foot"",""region"":""Caelid""}"	wiki:eldenpedia:page-4918:revision-95878	gameplay-wiki:eldenpedia	lead_only	unknown	eldenpedia:pageid-4918:revision-95878:#Notable_Loot:Silver-Pickled Fowl Foot	Eldenpedia revision 95878 lists Silver-Pickled Fowl Foot as notable loot on War-Dead Catacombs; that exact name identifies one current AP check in Caelid.	Community-wiki location lead matched by exact item name inside an explicit region mapping. It does not prove access, a v1.17 event predicate, route order, completeness, or absence of another source.
eldenpedia-page-4918-revision-95878-check-7772093	check	7772093	identity_region	"{""item_name"":""Collapsing Stars"",""region"":""Caelid""}"	wiki:eldenpedia:page-4918:revision-95878	gameplay-wiki:eldenpedia	lead_only	unknown	eldenpedia:pageid-4918:revision-95878:#Notable_Loot:Collapsing Stars	Eldenpedia revision 95878 lists Collapsing Stars as notable loot on War-Dead Catacombs; that exact name identifies one current AP check in Caelid.	Community-wiki location lead matched by exact item name inside an explicit region mapping. It does not prove access, a v1.17 event predicate, route order, completeness, or absence of another source.
eldenpedia-page-4918-revision-95878-check-7773818	check	7773818	identity_region	"{""item_name"":""Redmane Knight Ogha"",""region"":""Caelid""}"	wiki:eldenpedia:page-4918:revision-95878	gameplay-wiki:eldenpedia	lead_only	unknown	eldenpedia:pageid-4918:revision-95878:#Notable_Loot:Redmane Knight Ogha	Eldenpedia revision 95878 lists Redmane Knight Ogha as notable loot on War-Dead Catacombs; that exact name identifies one current AP check in Caelid.	Community-wiki location lead matched by exact item name inside an explicit region mapping. It does not prove access, a v1.17 event predicate, route order, completeness, or absence of another source.
eldenpedia-page-5006-revision-65280-check-7772628	check	7772628	identity_region	"{""item_name"":""Great Mace"",""region"":""Liurnia""}"	wiki:eldenpedia:page-5006:revision-65280	gameplay-wiki:eldenpedia	lead_only	unknown	eldenpedia:pageid-5006:revision-65280:#Notable_Loot:Great Mace	Eldenpedia revision 65280 lists Great Mace as notable loot on Bellum Highway; that exact name identifies one current AP check in Liurnia.	Community-wiki location lead matched by exact item name inside an explicit region mapping. It does not prove access, a v1.17 event predicate, route order, completeness, or absence of another source.
eldenpedia-page-5006-revision-65280-check-7772683	check	7772683	identity_region	"{""item_name"":""Shabriri's Woe"",""region"":""Liurnia""}"	wiki:eldenpedia:page-5006:revision-65280	gameplay-wiki:eldenpedia	lead_only	unknown	eldenpedia:pageid-5006:revision-65280:#Notable_Loot:Shabriri's Woe	Eldenpedia revision 65280 lists Shabriri's Woe as notable loot on Bellum Highway; that exact name identifies one current AP check in Liurnia.	Community-wiki location lead matched by exact item name inside an explicit region mapping. It does not prove access, a v1.17 event predicate, route order, completeness, or absence of another source.
eldenpedia-page-5006-revision-65280-check-7774227	check	7774227	identity_region	"{""item_name"":""Howl of Shabriri"",""region"":""Liurnia""}"	wiki:eldenpedia:page-5006:revision-65280	gameplay-wiki:eldenpedia	lead_only	unknown	eldenpedia:pageid-5006:revision-65280:#Notable_Loot:Howl of Shabriri	Eldenpedia revision 65280 lists Howl of Shabriri as notable loot on Bellum Highway; that exact name identifies one current AP check in Liurnia.	Community-wiki location lead matched by exact item name inside an explicit region mapping. It does not prove access, a v1.17 event predicate, route order, completeness, or absence of another source.
eldenpedia-page-5147-revision-19686-check-7772299	check	7772299	identity_region	"{""item_name"":""Explosive Stone Clump"",""region"":""Consecrated Snowfield""}"	wiki:eldenpedia:page-5147:revision-19686	gameplay-wiki:eldenpedia	lead_only	unknown	eldenpedia:pageid-5147:revision-19686:#Notable_Loot:Explosive Stone Clump	Eldenpedia revision 19686 lists Explosive Stone Clump as notable loot on Yelough Anix Tunnel; that exact name identifies one current AP check in Consecrated Snowfield.	Community-wiki location lead matched by exact item name inside an explicit region mapping. It does not prove access, a v1.17 event predicate, route order, completeness, or absence of another source.
eldenpedia-page-5147-revision-19686-check-7772300	check	7772300	identity_region	"{""item_name"":""Hero's Rune 5"",""region"":""Consecrated Snowfield""}"	wiki:eldenpedia:page-5147:revision-19686	gameplay-wiki:eldenpedia	lead_only	unknown	eldenpedia:pageid-5147:revision-19686:#Notable_Loot:Hero's Rune 5	Eldenpedia revision 19686 lists Hero's Rune 5 as notable loot on Yelough Anix Tunnel; that exact name identifies one current AP check in Consecrated Snowfield.	Community-wiki location lead matched by exact item name inside an explicit region mapping. It does not prove access, a v1.17 event predicate, route order, completeness, or absence of another source.
eldenpedia-page-5147-revision-19686-check-7773847	check	7773847	identity_region	"{""item_name"":""Meteorite of Astel"",""region"":""Consecrated Snowfield""}"	wiki:eldenpedia:page-5147:revision-19686	gameplay-wiki:eldenpedia	lead_only	unknown	eldenpedia:pageid-5147:revision-19686:#Notable_Loot:Meteorite of Astel	Eldenpedia revision 19686 lists Meteorite of Astel as notable loot on Yelough Anix Tunnel; that exact name identifies one current AP check in Consecrated Snowfield.	Community-wiki location lead matched by exact item name inside an explicit region mapping. It does not prove access, a v1.17 event predicate, route order, completeness, or absence of another source.
eldenpedia-page-5160-revision-19794-check-7772987	check	7772987	identity_region	"{""item_name"":""Starscourge Heirloom"",""region"":""Caelid""}"	wiki:eldenpedia:page-5160:revision-19794	gameplay-wiki:eldenpedia	lead_only	unknown	eldenpedia:pageid-5160:revision-19794:#Notable_Loot:Starscourge Heirloom	Eldenpedia revision 19794 lists Starscourge Heirloom as notable loot on Fort Gael; that exact name identifies one current AP check in Caelid.	Community-wiki location lead matched by exact item name inside an explicit region mapping. It does not prove access, a v1.17 event predicate, route order, completeness, or absence of another source.
eldenpedia-page-5160-revision-19794-check-7772989	check	7772989	identity_region	"{""item_name"":""Katar"",""region"":""Caelid""}"	wiki:eldenpedia:page-5160:revision-19794	gameplay-wiki:eldenpedia	lead_only	unknown	eldenpedia:pageid-5160:revision-19794:#Notable_Loot:Katar	Eldenpedia revision 19794 lists Katar as notable loot on Fort Gael; that exact name identifies one current AP check in Caelid.	Community-wiki location lead matched by exact item name inside an explicit region mapping. It does not prove access, a v1.17 event predicate, route order, completeness, or absence of another source.
eldenpedia-page-5161-revision-19798-check-7770108	check	7770108	identity_region	"{""item_name"":""Nomadic Warrior's Cookbook 9"",""region"":""Weeping""}"	wiki:eldenpedia:page-5161:revision-19798	gameplay-wiki:eldenpedia	lead_only	unknown	eldenpedia:pageid-5161:revision-19798:#Notable_Loot:Nomadic Warrior's Cookbook 9	Eldenpedia revision 19798 lists Nomadic Warrior's Cookbook 9 as notable loot on Tombsward Catacombs; that exact name identifies one current AP check in Weeping.	Community-wiki location lead matched by exact item name inside an explicit region mapping. It does not prove access, a v1.17 event predicate, route order, completeness, or absence of another source.
eldenpedia-page-5161-revision-19798-check-7770681	check	7770681	identity_region	"{""item_name"":""Lhutel the Headless"",""region"":""Weeping""}"	wiki:eldenpedia:page-5161:revision-19798	gameplay-wiki:eldenpedia	lead_only	unknown	eldenpedia:pageid-5161:revision-19798:#Notable_Loot:Lhutel the Headless	Eldenpedia revision 19798 lists Lhutel the Headless as notable loot on Tombsward Catacombs; that exact name identifies one current AP check in Weeping.	Community-wiki location lead matched by exact item name inside an explicit region mapping. It does not prove access, a v1.17 event predicate, route order, completeness, or absence of another source.
eldenpedia-page-5161-revision-19798-check-7772026	check	7772026	identity_region	"{""item_name"":""Prattling Pate \""Thank you\"""",""region"":""Weeping""}"	wiki:eldenpedia:page-5161:revision-19798	gameplay-wiki:eldenpedia	lead_only	unknown	"eldenpedia:pageid-5161:revision-19798:#Notable_Loot:Prattling Pate ""Thank you"""	"Eldenpedia revision 19798 lists Prattling Pate ""Thank you"" as notable loot on Tombsward Catacombs; that exact name identifies one current AP check in Weeping."	Community-wiki location lead matched by exact item name inside an explicit region mapping. It does not prove access, a v1.17 event predicate, route order, completeness, or absence of another source.
eldenpedia-page-5397-revision-20687-check-7770069	check	7770069	identity_region	"{""item_name"":""Ritual Pot"",""region"":""Leyndell""}"	wiki:eldenpedia:page-5397:revision-20687	gameplay-wiki:eldenpedia	lead_only	unknown	eldenpedia:pageid-5397:revision-20687:#Notable_Loot:Ritual Pot	Eldenpedia revision 20687 lists Ritual Pot as notable loot on Subterranean Shunning-Grounds; that exact name identifies one current AP check in Leyndell.	Community-wiki location lead matched by exact item name inside an explicit region mapping. It does not prove access, a v1.17 event predicate, route order, completeness, or absence of another source.
eldenpedia-page-5397-revision-20687-check-7772353	check	7772353	identity_region	"{""item_name"":""Bloodsoaked Manchettes"",""region"":""Leyndell""}"	wiki:eldenpedia:page-5397:revision-20687	gameplay-wiki:eldenpedia	lead_only	unknown	eldenpedia:pageid-5397:revision-20687:#Notable_Loot:Bloodsoaked Manchettes	Eldenpedia revision 20687 lists Bloodsoaked Manchettes as notable loot on Subterranean Shunning-Grounds; that exact name identifies one current AP check in Leyndell.	Community-wiki location lead matched by exact item name inside an explicit region mapping. It does not prove access, a v1.17 event predicate, route order, completeness, or absence of another source.
eldenpedia-page-5397-revision-20687-check-7772367	check	7772367	identity_region	"{""item_name"":""Somber Smithing Stone 8"",""region"":""Leyndell""}"	wiki:eldenpedia:page-5397:revision-20687	gameplay-wiki:eldenpedia	lead_only	unknown	eldenpedia:pageid-5397:revision-20687:#Notable_Loot:Somber Smithing Stone 8	Eldenpedia revision 20687 lists Somber Smithing Stone 8 as notable loot on Subterranean Shunning-Grounds; that exact name identifies one current AP check in Leyndell.	Community-wiki location lead matched by exact item name inside an explicit region mapping. It does not prove access, a v1.17 event predicate, route order, completeness, or absence of another source.
eldenpedia-page-5397-revision-20687-check-7772372	check	7772372	identity_region	"{""item_name"":""Nomad Ashes"",""region"":""Leyndell""}"	wiki:eldenpedia:page-5397:revision-20687	gameplay-wiki:eldenpedia	lead_only	unknown	eldenpedia:pageid-5397:revision-20687:#Notable_Loot:Nomad Ashes	Eldenpedia revision 20687 lists Nomad Ashes as notable loot on Subterranean Shunning-Grounds; that exact name identifies one current AP check in Leyndell.	Community-wiki location lead matched by exact item name inside an explicit region mapping. It does not prove access, a v1.17 event predicate, route order, completeness, or absence of another source.
eldenpedia-page-5397-revision-20687-check-7772375	check	7772375	identity_region	"{""item_name"":""Mohg's Shackle"",""region"":""Leyndell""}"	wiki:eldenpedia:page-5397:revision-20687	gameplay-wiki:eldenpedia	lead_only	unknown	eldenpedia:pageid-5397:revision-20687:#Notable_Loot:Mohg's Shackle	Eldenpedia revision 20687 lists Mohg's Shackle as notable loot on Subterranean Shunning-Grounds; that exact name identifies one current AP check in Leyndell.	Community-wiki location lead matched by exact item name inside an explicit region mapping. It does not prove access, a v1.17 event predicate, route order, completeness, or absence of another source.
eldenpedia-page-5397-revision-20687-check-7772385	check	7772385	identity_region	"{""item_name"":""Shadow Bait"",""region"":""Leyndell""}"	wiki:eldenpedia:page-5397:revision-20687	gameplay-wiki:eldenpedia	lead_only	unknown	eldenpedia:pageid-5397:revision-20687:#Notable_Loot:Shadow Bait	Eldenpedia revision 20687 lists Shadow Bait as notable loot on Subterranean Shunning-Grounds; that exact name identifies one current AP check in Leyndell.	Community-wiki location lead matched by exact item name inside an explicit region mapping. It does not prove access, a v1.17 event predicate, route order, completeness, or absence of another source.
eldenpedia-page-5397-revision-20687-check-7772394	check	7772394	identity_region	"{""item_name"":""Smithing Stone 8"",""region"":""Leyndell""}"	wiki:eldenpedia:page-5397:revision-20687	gameplay-wiki:eldenpedia	lead_only	unknown	eldenpedia:pageid-5397:revision-20687:#Notable_Loot:Smithing Stone 8	Eldenpedia revision 20687 lists Smithing Stone 8 as notable loot on Subterranean Shunning-Grounds; that exact name identifies one current AP check in Leyndell.	Community-wiki location lead matched by exact item name inside an explicit region mapping. It does not prove access, a v1.17 event predicate, route order, completeness, or absence of another source.
eldenpedia-page-5397-revision-20687-check-7772406	check	7772406	identity_region	"{""item_name"":""Erdtree's Favor +1"",""region"":""Leyndell""}"	wiki:eldenpedia:page-5397:revision-20687	gameplay-wiki:eldenpedia	lead_only	unknown	eldenpedia:pageid-5397:revision-20687:#Notable_Loot:Erdtree's Favor +1	Eldenpedia revision 20687 lists Erdtree's Favor +1 as notable loot on Subterranean Shunning-Grounds; that exact name identifies one current AP check in Leyndell.	Community-wiki location lead matched by exact item name inside an explicit region mapping. It does not prove access, a v1.17 event predicate, route order, completeness, or absence of another source.
eldenpedia-page-5397-revision-20687-check-7772420	check	7772420	identity_region	"{""item_name"":""Omen Bairn"",""region"":""Leyndell""}"	wiki:eldenpedia:page-5397:revision-20687	gameplay-wiki:eldenpedia	lead_only	unknown	eldenpedia:pageid-5397:revision-20687:#Notable_Loot:Omen Bairn	Eldenpedia revision 20687 lists Omen Bairn as notable loot on Subterranean Shunning-Grounds; that exact name identifies one current AP check in Leyndell.	Community-wiki location lead matched by exact item name inside an explicit region mapping. It does not prove access, a v1.17 event predicate, route order, completeness, or absence of another source.
eldenpedia-page-5397-revision-20687-check-7773792	check	7773792	identity_region	"{""item_name"":""Bloodflame Talons"",""region"":""Leyndell""}"	wiki:eldenpedia:page-5397:revision-20687	gameplay-wiki:eldenpedia	lead_only	unknown	eldenpedia:pageid-5397:revision-20687:#Notable_Loot:Bloodflame Talons	Eldenpedia revision 20687 lists Bloodflame Talons as notable loot on Subterranean Shunning-Grounds; that exact name identifies one current AP check in Leyndell.	Community-wiki location lead matched by exact item name inside an explicit region mapping. It does not prove access, a v1.17 event predicate, route order, completeness, or absence of another source.
eldenpedia-page-5397-revision-20687-check-7900219	check	7900219	identity_region	"{""item_name"":""Bloodsoaked Mask"",""region"":""Leyndell""}"	wiki:eldenpedia:page-5397:revision-20687	gameplay-wiki:eldenpedia	lead_only	unknown	eldenpedia:pageid-5397:revision-20687:#Notable_Loot:Bloodsoaked Mask	Eldenpedia revision 20687 lists Bloodsoaked Mask as notable loot on Subterranean Shunning-Grounds; that exact name identifies one current AP check in Leyndell.	Community-wiki location lead matched by exact item name inside an explicit region mapping. It does not prove access, a v1.17 event predicate, route order, completeness, or absence of another source.
eldenpedia-page-565-revision-101157-check-7773830	check	7773830	identity_region	"{""item_name"":""Great Omenkiller Cleaver"",""region"":""Altus""}"	wiki:eldenpedia:page-565:revision-101157	gameplay-wiki:eldenpedia	lead_only	unknown	eldenpedia:pageid-565:revision-101157:#Notable_Loot:Great Omenkiller Cleaver	Eldenpedia revision 101157 lists Great Omenkiller Cleaver as notable loot on Perfumer's Grotto; that exact name identifies one current AP check in Altus.	Community-wiki location lead matched by exact item name inside an explicit region mapping. It does not prove access, a v1.17 event predicate, route order, completeness, or absence of another source.
eldenpedia-page-5686-revision-21706-check-7773077	check	7773077	identity_region	"{""item_name"":""Sacred Tear"",""region"":""Caelid""}"	wiki:eldenpedia:page-5686:revision-21706	gameplay-wiki:eldenpedia	lead_only	unknown	eldenpedia:pageid-5686:revision-21706:#Notable_Loot:Sacred Tear	Eldenpedia revision 21706 lists Sacred Tear as notable loot on Church of the Plague; that exact name identifies one current AP check in Caelid.	Community-wiki location lead matched by exact item name inside an explicit region mapping. It does not prove access, a v1.17 event predicate, route order, completeness, or absence of another source.
eldenpedia-page-5744-revision-21867-check-7770098	check	7770098	identity_region	"{""item_name"":""Armorer's Cookbook 7"",""region"":""Mt. Gelmir""}"	wiki:eldenpedia:page-5744:revision-21867	gameplay-wiki:eldenpedia	lead_only	unknown	eldenpedia:pageid-5744:revision-21867:#Notable_Loot:Armorer's Cookbook 7	Eldenpedia revision 21867 lists Armorer's Cookbook 7 as notable loot on Fort Laiedd; that exact name identifies one current AP check in Mt. Gelmir.	Community-wiki location lead matched by exact item name inside an explicit region mapping. It does not prove access, a v1.17 event predicate, route order, completeness, or absence of another source.
eldenpedia-page-5744-revision-21867-check-7772575	check	7772575	identity_region	"{""item_name"":""Fire Scorpion Charm"",""region"":""Mt. Gelmir""}"	wiki:eldenpedia:page-5744:revision-21867	gameplay-wiki:eldenpedia	lead_only	unknown	eldenpedia:pageid-5744:revision-21867:#Notable_Loot:Fire Scorpion Charm	Eldenpedia revision 21867 lists Fire Scorpion Charm as notable loot on Fort Laiedd; that exact name identifies one current AP check in Mt. Gelmir.	Community-wiki location lead matched by exact item name inside an explicit region mapping. It does not prove access, a v1.17 event predicate, route order, completeness, or absence of another source.
eldenpedia-page-5744-revision-21867-check-7774189	check	7774189	identity_region	"{""item_name"":""Prelate's Inferno Crozier"",""region"":""Mt. Gelmir""}"	wiki:eldenpedia:page-5744:revision-21867	gameplay-wiki:eldenpedia	lead_only	unknown	eldenpedia:pageid-5744:revision-21867:#Notable_Loot:Prelate's Inferno Crozier	Eldenpedia revision 21867 lists Prelate's Inferno Crozier as notable loot on Fort Laiedd; that exact name identifies one current AP check in Mt. Gelmir.	Community-wiki location lead matched by exact item name inside an explicit region mapping. It does not prove access, a v1.17 event predicate, route order, completeness, or absence of another source.
eldenpedia-page-5887-revision-70836-check-7773085	check	7773085	identity_region	"{""item_name"":""Cerulean Tear Scarab"",""region"":""Caelid""}"	wiki:eldenpedia:page-5887:revision-70836	gameplay-wiki:eldenpedia	lead_only	unknown	eldenpedia:pageid-5887:revision-70836:#Notable_Loot:Cerulean Tear Scarab	Eldenpedia revision 70836 lists Cerulean Tear Scarab as notable loot on Sellia, Town of Sorcery; that exact name identifies one current AP check in Caelid.	Community-wiki location lead matched by exact item name inside an explicit region mapping. It does not prove access, a v1.17 event predicate, route order, completeness, or absence of another source.
eldenpedia-page-5887-revision-70836-check-7773088	check	7773088	identity_region	"{""item_name"":""Night Comet"",""region"":""Caelid""}"	wiki:eldenpedia:page-5887:revision-70836	gameplay-wiki:eldenpedia	lead_only	unknown	eldenpedia:pageid-5887:revision-70836:#Notable_Loot:Night Comet	Eldenpedia revision 70836 lists Night Comet as notable loot on Sellia, Town of Sorcery; that exact name identifies one current AP check in Caelid.	Community-wiki location lead matched by exact item name inside an explicit region mapping. It does not prove access, a v1.17 event predicate, route order, completeness, or absence of another source.
eldenpedia-page-5887-revision-70836-check-7773089	check	7773089	identity_region	"{""item_name"":""Imbued Sword Key"",""region"":""Caelid""}"	wiki:eldenpedia:page-5887:revision-70836	gameplay-wiki:eldenpedia	lead_only	unknown	eldenpedia:pageid-5887:revision-70836:#Notable_Loot:Imbued Sword Key	Eldenpedia revision 70836 lists Imbued Sword Key as notable loot on Sellia, Town of Sorcery; that exact name identifies one current AP check in Caelid.	Community-wiki location lead matched by exact item name inside an explicit region mapping. It does not prove access, a v1.17 event predicate, route order, completeness, or absence of another source.
eldenpedia-page-5887-revision-70836-check-7773907	check	7773907	identity_region	"{""item_name"":""\""Redmane\"" Painting"",""region"":""Caelid""}"	wiki:eldenpedia:page-5887:revision-70836	gameplay-wiki:eldenpedia	lead_only	unknown	"eldenpedia:pageid-5887:revision-70836:#Notable_Loot:""Redmane"" Painting"	"Eldenpedia revision 70836 lists ""Redmane"" Painting as notable loot on Sellia, Town of Sorcery; that exact name identifies one current AP check in Caelid."	Community-wiki location lead matched by exact item name inside an explicit region mapping. It does not prove access, a v1.17 event predicate, route order, completeness, or absence of another source.
eldenpedia-page-5887-revision-70836-check-7774469	check	7774469	identity_region	"{""item_name"":""Staff of Loss"",""region"":""Caelid""}"	wiki:eldenpedia:page-5887:revision-70836	gameplay-wiki:eldenpedia	lead_only	unknown	eldenpedia:pageid-5887:revision-70836:#Notable_Loot:Staff of Loss	Eldenpedia revision 70836 lists Staff of Loss as notable loot on Sellia, Town of Sorcery; that exact name identifies one current AP check in Caelid.	Community-wiki location lead matched by exact item name inside an explicit region mapping. It does not prove access, a v1.17 event predicate, route order, completeness, or absence of another source.
eldenpedia-page-5887-revision-70836-check-7774471	check	7774471	identity_region	"{""item_name"":""Nox Flowing Sword"",""region"":""Caelid""}"	wiki:eldenpedia:page-5887:revision-70836	gameplay-wiki:eldenpedia	lead_only	unknown	eldenpedia:pageid-5887:revision-70836:#Notable_Loot:Nox Flowing Sword	Eldenpedia revision 70836 lists Nox Flowing Sword as notable loot on Sellia, Town of Sorcery; that exact name identifies one current AP check in Caelid.	Community-wiki location lead matched by exact item name inside an explicit region mapping. It does not prove access, a v1.17 event predicate, route order, completeness, or absence of another source.
eldenpedia-page-5887-revision-70836-check-7774473	check	7774473	identity_region	"{""item_name"":""Lusat's Glintstone Staff"",""region"":""Caelid""}"	wiki:eldenpedia:page-5887:revision-70836	gameplay-wiki:eldenpedia	lead_only	unknown	eldenpedia:pageid-5887:revision-70836:#Notable_Loot:Lusat's Glintstone Staff	Eldenpedia revision 70836 lists Lusat's Glintstone Staff as notable loot on Sellia, Town of Sorcery; that exact name identifies one current AP check in Caelid.	Community-wiki location lead matched by exact item name inside an explicit region mapping. It does not prove access, a v1.17 event predicate, route order, completeness, or absence of another source.
eldenpedia-page-5887-revision-70836-check-7774474	check	7774474	identity_region	"{""item_name"":""Spelldrake Talisman +1"",""region"":""Caelid""}"	wiki:eldenpedia:page-5887:revision-70836	gameplay-wiki:eldenpedia	lead_only	unknown	eldenpedia:pageid-5887:revision-70836:#Notable_Loot:Spelldrake Talisman +1	Eldenpedia revision 70836 lists Spelldrake Talisman +1 as notable loot on Sellia, Town of Sorcery; that exact name identifies one current AP check in Caelid.	Community-wiki location lead matched by exact item name inside an explicit region mapping. It does not prove access, a v1.17 event predicate, route order, completeness, or absence of another source.
eldenpedia-page-5991-revision-65863-check-7771083	check	7771083	identity_region	"{""item_name"":""Furlcalling Finger Remedy"",""region"":""Ainsel River""}"	wiki:eldenpedia:page-5991:revision-65863	gameplay-wiki:eldenpedia	lead_only	unknown	eldenpedia:pageid-5991:revision-65863:#Notable_Loot:Furlcalling Finger Remedy	Eldenpedia revision 65863 lists Furlcalling Finger Remedy as notable loot on Uhl Palace Ruins; that exact name identifies one current AP check in Ainsel River.	Community-wiki location lead matched by exact item name inside an explicit region mapping. It does not prove access, a v1.17 event predicate, route order, completeness, or absence of another source.
eldenpedia-page-6011-revision-22770-check-7772592	check	7772592	identity_region	"{""item_name"":""Pulley Crossbow"",""region"":""Mt. Gelmir""}"	wiki:eldenpedia:page-6011:revision-22770	gameplay-wiki:eldenpedia	lead_only	unknown	eldenpedia:pageid-6011:revision-22770:#Notable_Loot:Pulley Crossbow	Eldenpedia revision 22770 lists Pulley Crossbow as notable loot on Craftsman's Shack; that exact name identifies one current AP check in Mt. Gelmir.	Community-wiki location lead matched by exact item name inside an explicit region mapping. It does not prove access, a v1.17 event predicate, route order, completeness, or absence of another source.
eldenpedia-page-62-revision-82794-check-7772201	check	7772201	identity_region	"{""item_name"":""Rejuvenating Boluses"",""region"":""Altus""}"	wiki:eldenpedia:page-62:revision-82794	gameplay-wiki:eldenpedia	lead_only	unknown	eldenpedia:pageid-62:revision-82794:#Notable_Loot:Rejuvenating Boluses	Eldenpedia revision 82794 lists Rejuvenating Boluses as notable loot on Sage's Cave; that exact name identifies one current AP check in Altus.	Community-wiki location lead matched by exact item name inside an explicit region mapping. It does not prove access, a v1.17 event predicate, route order, completeness, or absence of another source.
eldenpedia-page-62-revision-82794-check-7772203	check	7772203	identity_region	"{""item_name"":""Candletree Wooden Shield"",""region"":""Altus""}"	wiki:eldenpedia:page-62:revision-82794	gameplay-wiki:eldenpedia	lead_only	unknown	eldenpedia:pageid-62:revision-82794:#Notable_Loot:Candletree Wooden Shield	Eldenpedia revision 82794 lists Candletree Wooden Shield as notable loot on Sage's Cave; that exact name identifies one current AP check in Altus.	Community-wiki location lead matched by exact item name inside an explicit region mapping. It does not prove access, a v1.17 event predicate, route order, completeness, or absence of another source.
eldenpedia-page-62-revision-82794-check-7772205	check	7772205	identity_region	"{""item_name"":""Black Hood"",""region"":""Altus""}"	wiki:eldenpedia:page-62:revision-82794	gameplay-wiki:eldenpedia	lead_only	unknown	eldenpedia:pageid-62:revision-82794:#Notable_Loot:Black Hood	Eldenpedia revision 82794 lists Black Hood as notable loot on Sage's Cave; that exact name identifies one current AP check in Altus.	Community-wiki location lead matched by exact item name inside an explicit region mapping. It does not prove access, a v1.17 event predicate, route order, completeness, or absence of another source.
eldenpedia-page-62-revision-82794-check-7772209	check	7772209	identity_region	"{""item_name"":""Raptor Talons"",""region"":""Altus""}"	wiki:eldenpedia:page-62:revision-82794	gameplay-wiki:eldenpedia	lead_only	unknown	eldenpedia:pageid-62:revision-82794:#Notable_Loot:Raptor Talons	Eldenpedia revision 82794 lists Raptor Talons as notable loot on Sage's Cave; that exact name identifies one current AP check in Altus.	Community-wiki location lead matched by exact item name inside an explicit region mapping. It does not prove access, a v1.17 event predicate, route order, completeness, or absence of another source.
eldenpedia-page-62-revision-82794-check-7772210	check	7772210	identity_region	"{""item_name"":""Golden Great Arrow"",""region"":""Altus""}"	wiki:eldenpedia:page-62:revision-82794	gameplay-wiki:eldenpedia	lead_only	unknown	eldenpedia:pageid-62:revision-82794:#Notable_Loot:Golden Great Arrow	Eldenpedia revision 82794 lists Golden Great Arrow as notable loot on Sage's Cave; that exact name identifies one current AP check in Altus.	Community-wiki location lead matched by exact item name inside an explicit region mapping. It does not prove access, a v1.17 event predicate, route order, completeness, or absence of another source.
eldenpedia-page-62-revision-82794-check-7772211	check	7772211	identity_region	"{""item_name"":""Raptor's Black Feathers"",""region"":""Altus""}"	wiki:eldenpedia:page-62:revision-82794	gameplay-wiki:eldenpedia	lead_only	unknown	eldenpedia:pageid-62:revision-82794:#Notable_Loot:Raptor's Black Feathers	Eldenpedia revision 82794 lists Raptor's Black Feathers as notable loot on Sage's Cave; that exact name identifies one current AP check in Altus.	Community-wiki location lead matched by exact item name inside an explicit region mapping. It does not prove access, a v1.17 event predicate, route order, completeness, or absence of another source.
eldenpedia-page-62-revision-82794-check-7772212	check	7772212	identity_region	"{""item_name"":""Skeletal Mask"",""region"":""Altus""}"	wiki:eldenpedia:page-62:revision-82794	gameplay-wiki:eldenpedia	lead_only	unknown	eldenpedia:pageid-62:revision-82794:#Notable_Loot:Skeletal Mask	Eldenpedia revision 82794 lists Skeletal Mask as notable loot on Sage's Cave; that exact name identifies one current AP check in Altus.	Community-wiki location lead matched by exact item name inside an explicit region mapping. It does not prove access, a v1.17 event predicate, route order, completeness, or absence of another source.
eldenpedia-page-62-revision-82794-check-7773831	check	7773831	identity_region	"{""item_name"":""Concealing Veil"",""region"":""Altus""}"	wiki:eldenpedia:page-62:revision-82794	gameplay-wiki:eldenpedia	lead_only	unknown	eldenpedia:pageid-62:revision-82794:#Notable_Loot:Concealing Veil	Eldenpedia revision 82794 lists Concealing Veil as notable loot on Sage's Cave; that exact name identifies one current AP check in Altus.	Community-wiki location lead matched by exact item name inside an explicit region mapping. It does not prove access, a v1.17 event predicate, route order, completeness, or absence of another source.
eldenpedia-page-62-revision-82794-check-7773838	check	7773838	identity_region	"{""item_name"":""Family Heads"",""region"":""Altus""}"	wiki:eldenpedia:page-62:revision-82794	gameplay-wiki:eldenpedia	lead_only	unknown	eldenpedia:pageid-62:revision-82794:#Notable_Loot:Family Heads	Eldenpedia revision 82794 lists Family Heads as notable loot on Sage's Cave; that exact name identifies one current AP check in Altus.	Community-wiki location lead matched by exact item name inside an explicit region mapping. It does not prove access, a v1.17 event predicate, route order, completeness, or absence of another source.
eldenpedia-page-6363-revision-23984-check-7772591	check	7772591	identity_region	"{""item_name"":""Roiling Magma"",""region"":""Mt. Gelmir""}"	wiki:eldenpedia:page-6363:revision-23984	gameplay-wiki:eldenpedia	lead_only	unknown	eldenpedia:pageid-6363:revision-23984:#Notable_Loot:Roiling Magma	Eldenpedia revision 23984 lists Roiling Magma as notable loot on Hermit's Shack; that exact name identifies one current AP check in Mt. Gelmir.	Community-wiki location lead matched by exact item name inside an explicit region mapping. It does not prove access, a v1.17 event predicate, route order, completeness, or absence of another source.
eldenpedia-page-7007-revision-100041-check-7773714	check	7773714	identity_region	"{""item_name"":""Spirit Jellyfish Ashes"",""region"":""Limgrave""}"	wiki:eldenpedia:page-7007:revision-100041	gameplay-wiki:eldenpedia	lead_only	unknown	eldenpedia:pageid-7007:revision-100041:#Notable_Loot:Spirit Jellyfish Ashes	Eldenpedia revision 100041 lists Spirit Jellyfish Ashes as notable loot on Stormhill Shack; that exact name identifies one current AP check in Limgrave.	Community-wiki location lead matched by exact item name inside an explicit region mapping. It does not prove access, a v1.17 event predicate, route order, completeness, or absence of another source.
eldenpedia-page-7192-revision-27005-check-7772286	check	7772286	identity_region	"{""item_name"":""Glintstone Scrap"",""region"":""Caelid""}"	wiki:eldenpedia:page-7192:revision-27005	gameplay-wiki:eldenpedia	lead_only	unknown	eldenpedia:pageid-7192:revision-27005:#Notable_Loot:Glintstone Scrap	Eldenpedia revision 27005 lists Glintstone Scrap as notable loot on Sellia Crystal Tunnel; that exact name identifies one current AP check in Caelid.	Community-wiki location lead matched by exact item name inside an explicit region mapping. It does not prove access, a v1.17 event predicate, route order, completeness, or absence of another source.
eldenpedia-page-7192-revision-27005-check-7772288	check	7772288	identity_region	"{""item_name"":""Cuckoo Glintstone"",""region"":""Caelid""}"	wiki:eldenpedia:page-7192:revision-27005	gameplay-wiki:eldenpedia	lead_only	unknown	eldenpedia:pageid-7192:revision-27005:#Notable_Loot:Cuckoo Glintstone	Eldenpedia revision 27005 lists Cuckoo Glintstone as notable loot on Sellia Crystal Tunnel; that exact name identifies one current AP check in Caelid.	Community-wiki location lead matched by exact item name inside an explicit region mapping. It does not prove access, a v1.17 event predicate, route order, completeness, or absence of another source.
eldenpedia-page-7192-revision-27005-check-7772292	check	7772292	identity_region	"{""item_name"":""Faithful's Canvas Talisman"",""region"":""Caelid""}"	wiki:eldenpedia:page-7192:revision-27005	gameplay-wiki:eldenpedia	lead_only	unknown	eldenpedia:pageid-7192:revision-27005:#Notable_Loot:Faithful's Canvas Talisman	Eldenpedia revision 27005 lists Faithful's Canvas Talisman as notable loot on Sellia Crystal Tunnel; that exact name identifies one current AP check in Caelid.	Community-wiki location lead matched by exact item name inside an explicit region mapping. It does not prove access, a v1.17 event predicate, route order, completeness, or absence of another source.
eldenpedia-page-7192-revision-27005-check-7772293	check	7772293	identity_region	"{""item_name"":""Gravity Stone Fan"",""region"":""Caelid""}"	wiki:eldenpedia:page-7192:revision-27005	gameplay-wiki:eldenpedia	lead_only	unknown	eldenpedia:pageid-7192:revision-27005:#Notable_Loot:Gravity Stone Fan	Eldenpedia revision 27005 lists Gravity Stone Fan as notable loot on Sellia Crystal Tunnel; that exact name identifies one current AP check in Caelid.	Community-wiki location lead matched by exact item name inside an explicit region mapping. It does not prove access, a v1.17 event predicate, route order, completeness, or absence of another source.
eldenpedia-page-7192-revision-27005-check-7772294	check	7772294	identity_region	"{""item_name"":""Rock Blaster"",""region"":""Caelid""}"	wiki:eldenpedia:page-7192:revision-27005	gameplay-wiki:eldenpedia	lead_only	unknown	eldenpedia:pageid-7192:revision-27005:#Notable_Loot:Rock Blaster	Eldenpedia revision 27005 lists Rock Blaster as notable loot on Sellia Crystal Tunnel; that exact name identifies one current AP check in Caelid.	Community-wiki location lead matched by exact item name inside an explicit region mapping. It does not prove access, a v1.17 event predicate, route order, completeness, or absence of another source.
eldenpedia-page-7192-revision-27005-check-7773846	check	7773846	identity_region	"{""item_name"":""Somber Smithing Stone 6"",""region"":""Caelid""}"	wiki:eldenpedia:page-7192:revision-27005	gameplay-wiki:eldenpedia	lead_only	unknown	eldenpedia:pageid-7192:revision-27005:#Notable_Loot:Somber Smithing Stone 6	Eldenpedia revision 27005 lists Somber Smithing Stone 6 as notable loot on Sellia Crystal Tunnel; that exact name identifies one current AP check in Caelid.	Community-wiki location lead matched by exact item name inside an explicit region mapping. It does not prove access, a v1.17 event predicate, route order, completeness, or absence of another source.
eldenpedia-page-7219-revision-27090-check-7771229	check	7771229	identity_region	"{""item_name"":""Rejuvenating Boluses"",""region"":""Siofra River""}"	wiki:eldenpedia:page-7219:revision-27090	gameplay-wiki:eldenpedia	lead_only	unknown	eldenpedia:pageid-7219:revision-27090:#Notable_Loot:Rejuvenating Boluses	Eldenpedia revision 27090 lists Rejuvenating Boluses as notable loot on Night's Sacred Ground; that exact name identifies one current AP check in Siofra River.	Community-wiki location lead matched by exact item name inside an explicit region mapping. It does not prove access, a v1.17 event predicate, route order, completeness, or absence of another source.
eldenpedia-page-7219-revision-27090-check-7771235	check	7771235	identity_region	"{""item_name"":""Nox Flowing Hammer"",""region"":""Siofra River""}"	wiki:eldenpedia:page-7219:revision-27090	gameplay-wiki:eldenpedia	lead_only	unknown	eldenpedia:pageid-7219:revision-27090:#Notable_Loot:Nox Flowing Hammer	Eldenpedia revision 27090 lists Nox Flowing Hammer as notable loot on Night's Sacred Ground; that exact name identifies one current AP check in Siofra River.	Community-wiki location lead matched by exact item name inside an explicit region mapping. It does not prove access, a v1.17 event predicate, route order, completeness, or absence of another source.
eldenpedia-page-7219-revision-27090-check-7771238	check	7771238	identity_region	"{""item_name"":""Soft Cotton"",""region"":""Siofra River""}"	wiki:eldenpedia:page-7219:revision-27090	gameplay-wiki:eldenpedia	lead_only	unknown	eldenpedia:pageid-7219:revision-27090:#Notable_Loot:Soft Cotton	Eldenpedia revision 27090 lists Soft Cotton as notable loot on Night's Sacred Ground; that exact name identifies one current AP check in Siofra River.	Community-wiki location lead matched by exact item name inside an explicit region mapping. It does not prove access, a v1.17 event predicate, route order, completeness, or absence of another source.
eldenpedia-page-7264-revision-27257-check-7772153	check	7772153	identity_region	"{""item_name"":""Sliver of Meat"",""region"":""Mt. Gelmir""}"	wiki:eldenpedia:page-7264:revision-27257	gameplay-wiki:eldenpedia	lead_only	unknown	eldenpedia:pageid-7264:revision-27257:#Notable_Loot:Sliver of Meat	Eldenpedia revision 27257 lists Sliver of Meat as notable loot on Volcano Cave; that exact name identifies one current AP check in Mt. Gelmir.	Community-wiki location lead matched by exact item name inside an explicit region mapping. It does not prove access, a v1.17 event predicate, route order, completeness, or absence of another source.
eldenpedia-page-7264-revision-27257-check-7772156	check	7772156	identity_region	"{""item_name"":""Coil Shield"",""region"":""Mt. Gelmir""}"	wiki:eldenpedia:page-7264:revision-27257	gameplay-wiki:eldenpedia	lead_only	unknown	eldenpedia:pageid-7264:revision-27257:#Notable_Loot:Coil Shield	Eldenpedia revision 27257 lists Coil Shield as notable loot on Volcano Cave; that exact name identifies one current AP check in Mt. Gelmir.	Community-wiki location lead matched by exact item name inside an explicit region mapping. It does not prove access, a v1.17 event predicate, route order, completeness, or absence of another source.
eldenpedia-page-7264-revision-27257-check-7773829	check	7773829	identity_region	"{""item_name"":""Jar Cannon"",""region"":""Mt. Gelmir""}"	wiki:eldenpedia:page-7264:revision-27257	gameplay-wiki:eldenpedia	lead_only	unknown	eldenpedia:pageid-7264:revision-27257:#Notable_Loot:Jar Cannon	Eldenpedia revision 27257 lists Jar Cannon as notable loot on Volcano Cave; that exact name identifies one current AP check in Mt. Gelmir.	Community-wiki location lead matched by exact item name inside an explicit region mapping. It does not prove access, a v1.17 event predicate, route order, completeness, or absence of another source.
eldenpedia-page-7425-revision-27931-check-7772094	check	7772094	identity_region	"{""item_name"":""Cranial Vessel Candlestand"",""region"":""Mountaintops of the Giants""}"	wiki:eldenpedia:page-7425:revision-27931	gameplay-wiki:eldenpedia	lead_only	unknown	eldenpedia:pageid-7425:revision-27931:#Notable_Loot:Cranial Vessel Candlestand	Eldenpedia revision 27931 lists Cranial Vessel Candlestand as notable loot on Giant-Conquering Hero's Grave; that exact name identifies one current AP check in Mountaintops of the Giants.	Community-wiki location lead matched by exact item name inside an explicit region mapping. It does not prove access, a v1.17 event predicate, route order, completeness, or absence of another source.
eldenpedia-page-7425-revision-27931-check-7772095	check	7772095	identity_region	"{""item_name"":""Flame, Protect Me"",""region"":""Mountaintops of the Giants""}"	wiki:eldenpedia:page-7425:revision-27931	gameplay-wiki:eldenpedia	lead_only	unknown	eldenpedia:pageid-7425:revision-27931:#Notable_Loot:Flame, Protect Me	Eldenpedia revision 27931 lists Flame, Protect Me as notable loot on Giant-Conquering Hero's Grave; that exact name identifies one current AP check in Mountaintops of the Giants.	Community-wiki location lead matched by exact item name inside an explicit region mapping. It does not prove access, a v1.17 event predicate, route order, completeness, or absence of another source.
eldenpedia-page-7425-revision-27931-check-7772097	check	7772097	identity_region	"{""item_name"":""Giant's Seal"",""region"":""Mountaintops of the Giants""}"	wiki:eldenpedia:page-7425:revision-27931	gameplay-wiki:eldenpedia	lead_only	unknown	eldenpedia:pageid-7425:revision-27931:#Notable_Loot:Giant's Seal	Eldenpedia revision 27931 lists Giant's Seal as notable loot on Giant-Conquering Hero's Grave; that exact name identifies one current AP check in Mountaintops of the Giants.	Community-wiki location lead matched by exact item name inside an explicit region mapping. It does not prove access, a v1.17 event predicate, route order, completeness, or absence of another source.
eldenpedia-page-7425-revision-27931-check-7773819	check	7773819	identity_region	"{""item_name"":""Zamor Curved Sword"",""region"":""Mountaintops of the Giants""}"	wiki:eldenpedia:page-7425:revision-27931	gameplay-wiki:eldenpedia	lead_only	unknown	eldenpedia:pageid-7425:revision-27931:#Notable_Loot:Zamor Curved Sword	Eldenpedia revision 27931 lists Zamor Curved Sword as notable loot on Giant-Conquering Hero's Grave; that exact name identifies one current AP check in Mountaintops of the Giants.	Community-wiki location lead matched by exact item name inside an explicit region mapping. It does not prove access, a v1.17 event predicate, route order, completeness, or absence of another source.
eldenpedia-page-7454-revision-28046-check-7773731	check	7773731	identity_region	"{""item_name"":""Sellia's Secret"",""region"":""Caelid""}"	wiki:eldenpedia:page-7454:revision-28046	gameplay-wiki:eldenpedia	lead_only	unknown	eldenpedia:pageid-7454:revision-28046:#Notable_Loot:Sellia's Secret	Eldenpedia revision 28046 lists Sellia's Secret as notable loot on Gowry's Shack; that exact name identifies one current AP check in Caelid.	Community-wiki location lead matched by exact item name inside an explicit region mapping. It does not prove access, a v1.17 event predicate, route order, completeness, or absence of another source.
eldenpedia-page-7476-revision-101088-check-7773669	check	7773669	identity_region	"{""item_name"":""Opaline Hardtear"",""region"":""Caelid""}"	wiki:eldenpedia:page-7476:revision-101088	gameplay-wiki:eldenpedia	lead_only	unknown	eldenpedia:pageid-7476:revision-101088:#Notable_Loot:Opaline Hardtear	Eldenpedia revision 101088 lists Opaline Hardtear as notable loot on Minor Erdtree (Dragonbarrow); that exact name identifies one current AP check in Caelid.	Community-wiki location lead matched by exact item name inside an explicit region mapping. It does not prove access, a v1.17 event predicate, route order, completeness, or absence of another source.
eldenpedia-page-7476-revision-101088-check-7773678	check	7773678	identity_region	"{""item_name"":""Stonebarb Cracked Tear"",""region"":""Caelid""}"	wiki:eldenpedia:page-7476:revision-101088	gameplay-wiki:eldenpedia	lead_only	unknown	eldenpedia:pageid-7476:revision-101088:#Notable_Loot:Stonebarb Cracked Tear	Eldenpedia revision 101088 lists Stonebarb Cracked Tear as notable loot on Minor Erdtree (Dragonbarrow); that exact name identifies one current AP check in Caelid.	Community-wiki location lead matched by exact item name inside an explicit region mapping. It does not prove access, a v1.17 event predicate, route order, completeness, or absence of another source.
eldenpedia-page-7481-revision-28211-check-7773670	check	7773670	identity_region	"{""item_name"":""Thorny Cracked Tear"",""region"":""Consecrated Snowfield""}"	wiki:eldenpedia:page-7481:revision-28211	gameplay-wiki:eldenpedia	lead_only	unknown	eldenpedia:pageid-7481:revision-28211:#Notable_Loot:Thorny Cracked Tear	Eldenpedia revision 28211 lists Thorny Cracked Tear as notable loot on Minor Erdtree (Consecrated Snowfield); that exact name identifies one current AP check in Consecrated Snowfield.	Community-wiki location lead matched by exact item name inside an explicit region mapping. It does not prove access, a v1.17 event predicate, route order, completeness, or absence of another source.
eldenpedia-page-7481-revision-28211-check-7773673	check	7773673	identity_region	"{""item_name"":""Ruptured Crystal Tear"",""region"":""Consecrated Snowfield""}"	wiki:eldenpedia:page-7481:revision-28211	gameplay-wiki:eldenpedia	lead_only	unknown	eldenpedia:pageid-7481:revision-28211:#Notable_Loot:Ruptured Crystal Tear	Eldenpedia revision 28211 lists Ruptured Crystal Tear as notable loot on Minor Erdtree (Consecrated Snowfield); that exact name identifies one current AP check in Consecrated Snowfield.	Community-wiki location lead matched by exact item name inside an explicit region mapping. It does not prove access, a v1.17 event predicate, route order, completeness, or absence of another source.
eldenpedia-page-7535-revision-28371-check-7770035	check	7770035	identity_region	"{""item_name"":""Leaden Hardtear"",""region"":""Mt. Gelmir""}"	wiki:eldenpedia:page-7535:revision-28371	gameplay-wiki:eldenpedia	lead_only	unknown	eldenpedia:pageid-7535:revision-28371:#Notable_Loot:Leaden Hardtear	Eldenpedia revision 28371 lists Leaden Hardtear as notable loot on Minor Erdtree (Mt. Gelmir); that exact name identifies one current AP check in Mt. Gelmir.	Community-wiki location lead matched by exact item name inside an explicit region mapping. It does not prove access, a v1.17 event predicate, route order, completeness, or absence of another source.
eldenpedia-page-7535-revision-28371-check-7772600	check	7772600	identity_region	"{""item_name"":""Larval Tear"",""region"":""Mt. Gelmir""}"	wiki:eldenpedia:page-7535:revision-28371	gameplay-wiki:eldenpedia	lead_only	unknown	eldenpedia:pageid-7535:revision-28371:#Notable_Loot:Larval Tear	Eldenpedia revision 28371 lists Larval Tear as notable loot on Minor Erdtree (Mt. Gelmir); that exact name identifies one current AP check in Mt. Gelmir.	Community-wiki location lead matched by exact item name inside an explicit region mapping. It does not prove access, a v1.17 event predicate, route order, completeness, or absence of another source.
eldenpedia-page-7535-revision-28371-check-7772653	check	7772653	identity_region	"{""item_name"":""Golden Arrow"",""region"":""Mt. Gelmir""}"	wiki:eldenpedia:page-7535:revision-28371	gameplay-wiki:eldenpedia	lead_only	unknown	eldenpedia:pageid-7535:revision-28371:#Notable_Loot:Golden Arrow	Eldenpedia revision 28371 lists Golden Arrow as notable loot on Minor Erdtree (Mt. Gelmir); that exact name identifies one current AP check in Mt. Gelmir.	Community-wiki location lead matched by exact item name inside an explicit region mapping. It does not prove access, a v1.17 event predicate, route order, completeness, or absence of another source.
eldenpedia-page-7535-revision-28371-check-7773677	check	7773677	identity_region	"{""item_name"":""Cerulean Hidden Tear"",""region"":""Mt. Gelmir""}"	wiki:eldenpedia:page-7535:revision-28371	gameplay-wiki:eldenpedia	lead_only	unknown	eldenpedia:pageid-7535:revision-28371:#Notable_Loot:Cerulean Hidden Tear	Eldenpedia revision 28371 lists Cerulean Hidden Tear as notable loot on Minor Erdtree (Mt. Gelmir); that exact name identifies one current AP check in Mt. Gelmir.	Community-wiki location lead matched by exact item name inside an explicit region mapping. It does not prove access, a v1.17 event predicate, route order, completeness, or absence of another source.
eldenpedia-page-7694-revision-29052-check-7773194	check	7773194	identity_region	"{""item_name"":""Gravel Stone"",""region"":""Mountaintops of the Giants""}"	wiki:eldenpedia:page-7694:revision-29052	gameplay-wiki:eldenpedia	lead_only	unknown	eldenpedia:pageid-7694:revision-29052:#Notable_Loot:Gravel Stone	Eldenpedia revision 29052 lists Gravel Stone as notable loot on Guardians' Garrison; that exact name identifies one current AP check in Mountaintops of the Giants.	Community-wiki location lead matched by exact item name inside an explicit region mapping. It does not prove access, a v1.17 event predicate, route order, completeness, or absence of another source.
eldenpedia-page-7694-revision-29052-check-7773195	check	7773195	identity_region	"{""item_name"":""Giant's Prayerbook"",""region"":""Mountaintops of the Giants""}"	wiki:eldenpedia:page-7694:revision-29052	gameplay-wiki:eldenpedia	lead_only	unknown	eldenpedia:pageid-7694:revision-29052:#Notable_Loot:Giant's Prayerbook	Eldenpedia revision 29052 lists Giant's Prayerbook as notable loot on Guardians' Garrison; that exact name identifies one current AP check in Mountaintops of the Giants.	Community-wiki location lead matched by exact item name inside an explicit region mapping. It does not prove access, a v1.17 event predicate, route order, completeness, or absence of another source.
eldenpedia-page-7820-revision-29479-check-7772341	check	7772341	identity_region	"{""item_name"":""Godslayer's Greatsword"",""region"":""Caelid""}"	wiki:eldenpedia:page-7820:revision-29479	gameplay-wiki:eldenpedia	lead_only	unknown	eldenpedia:pageid-7820:revision-29479:#Notable_Loot:Godslayer's Greatsword	Eldenpedia revision 29479 lists Godslayer's Greatsword as notable loot on Divine Tower of Caelid; that exact name identifies one current AP check in Caelid.	Community-wiki location lead matched by exact item name inside an explicit region mapping. It does not prove access, a v1.17 event predicate, route order, completeness, or absence of another source.
eldenpedia-page-7820-revision-29479-check-7773057	check	7773057	identity_region	"{""item_name"":""Arteria Leaf"",""region"":""Caelid""}"	wiki:eldenpedia:page-7820:revision-29479	gameplay-wiki:eldenpedia	lead_only	unknown	eldenpedia:pageid-7820:revision-29479:#Notable_Loot:Arteria Leaf	Eldenpedia revision 29479 lists Arteria Leaf as notable loot on Divine Tower of Caelid; that exact name identifies one current AP check in Caelid.	Community-wiki location lead matched by exact item name inside an explicit region mapping. It does not prove access, a v1.17 event predicate, route order, completeness, or absence of another source.
eldenpedia-page-7820-revision-29479-check-7773060	check	7773060	identity_region	"{""item_name"":""Somber Smithing Stone 9"",""region"":""Caelid""}"	wiki:eldenpedia:page-7820:revision-29479	gameplay-wiki:eldenpedia	lead_only	unknown	eldenpedia:pageid-7820:revision-29479:#Notable_Loot:Somber Smithing Stone 9	Eldenpedia revision 29479 lists Somber Smithing Stone 9 as notable loot on Divine Tower of Caelid; that exact name identifies one current AP check in Caelid.	Community-wiki location lead matched by exact item name inside an explicit region mapping. It does not prove access, a v1.17 event predicate, route order, completeness, or absence of another source.
eldenpedia-page-7908-revision-73651-check-7772769	check	7772769	identity_region	"{""item_name"":""Bloody Helice"",""region"":""Altus""}"	wiki:eldenpedia:page-7908:revision-73651	gameplay-wiki:eldenpedia	lead_only	unknown	eldenpedia:pageid-7908:revision-73651:#Notable_Loot:Bloody Helice	Eldenpedia revision 73651 lists Bloody Helice as notable loot on Writheblood Ruins; that exact name identifies one current AP check in Altus.	Community-wiki location lead matched by exact item name inside an explicit region mapping. It does not prove access, a v1.17 event predicate, route order, completeness, or absence of another source.
eldenpedia-page-7922-revision-29870-check-7772702	check	7772702	identity_region	"{""item_name"":""Golden Vow"",""region"":""Mt. Gelmir""}"	wiki:eldenpedia:page-7922:revision-29870	gameplay-wiki:eldenpedia	lead_only	unknown	eldenpedia:pageid-7922:revision-29870:#Notable_Loot:Golden Vow	Eldenpedia revision 29870 lists Golden Vow as notable loot on Corpse-Stench Shack; that exact name identifies one current AP check in Mt. Gelmir.	Community-wiki location lead matched by exact item name inside an explicit region mapping. It does not prove access, a v1.17 event predicate, route order, completeness, or absence of another source.
eldenpedia-page-8089-revision-30482-check-7772237	check	7772237	identity_region	"{""item_name"":""Golden Rune 6"",""region"":""Mountaintops of the Giants""}"	wiki:eldenpedia:page-8089:revision-30482	gameplay-wiki:eldenpedia	lead_only	unknown	eldenpedia:pageid-8089:revision-30482:#Notable_Loot:Golden Rune 6	Eldenpedia revision 30482 lists Golden Rune 6 as notable loot on Spiritcaller Cave; that exact name identifies one current AP check in Mountaintops of the Giants.	Community-wiki location lead matched by exact item name inside an explicit region mapping. It does not prove access, a v1.17 event predicate, route order, completeness, or absence of another source.
eldenpedia-page-8089-revision-30482-check-7772241	check	7772241	identity_region	"{""item_name"":""Hero's Rune 1"",""region"":""Mountaintops of the Giants""}"	wiki:eldenpedia:page-8089:revision-30482	gameplay-wiki:eldenpedia	lead_only	unknown	eldenpedia:pageid-8089:revision-30482:#Notable_Loot:Hero's Rune 1	Eldenpedia revision 30482 lists Hero's Rune 1 as notable loot on Spiritcaller Cave; that exact name identifies one current AP check in Mountaintops of the Giants.	Community-wiki location lead matched by exact item name inside an explicit region mapping. It does not prove access, a v1.17 event predicate, route order, completeness, or absence of another source.
eldenpedia-page-8089-revision-30482-check-7773837	check	7773837	identity_region	"{""item_name"":""Godskin Swaddling Cloth"",""region"":""Mountaintops of the Giants""}"	wiki:eldenpedia:page-8089:revision-30482	gameplay-wiki:eldenpedia	lead_only	unknown	eldenpedia:pageid-8089:revision-30482:#Notable_Loot:Godskin Swaddling Cloth	Eldenpedia revision 30482 lists Godskin Swaddling Cloth as notable loot on Spiritcaller Cave; that exact name identifies one current AP check in Mountaintops of the Giants.	Community-wiki location lead matched by exact item name inside an explicit region mapping. It does not prove access, a v1.17 event predicate, route order, completeness, or absence of another source.
eldenpedia-page-8089-revision-30482-check-7900140	check	7900140	identity_region	"{""item_name"":""Black Flame Ritual"",""region"":""Mountaintops of the Giants""}"	wiki:eldenpedia:page-8089:revision-30482	gameplay-wiki:eldenpedia	lead_only	unknown	eldenpedia:pageid-8089:revision-30482:#Notable_Loot:Black Flame Ritual	Eldenpedia revision 30482 lists Black Flame Ritual as notable loot on Spiritcaller Cave; that exact name identifies one current AP check in Mountaintops of the Giants.	Community-wiki location lead matched by exact item name inside an explicit region mapping. It does not prove access, a v1.17 event predicate, route order, completeness, or absence of another source.
eldenpedia-page-8143-revision-30625-check-7772278	check	7772278	identity_region	"{""item_name"":""Somber Smithing Stone 2"",""region"":""Caelid""}"	wiki:eldenpedia:page-8143:revision-30625	gameplay-wiki:eldenpedia	lead_only	unknown	eldenpedia:pageid-8143:revision-30625:#Notable_Loot:Somber Smithing Stone 2	Eldenpedia revision 30625 lists Somber Smithing Stone 2 as notable loot on Gael Tunnel; that exact name identifies one current AP check in Caelid.	Community-wiki location lead matched by exact item name inside an explicit region mapping. It does not prove access, a v1.17 event predicate, route order, completeness, or absence of another source.
eldenpedia-page-8143-revision-30625-check-7772280	check	7772280	identity_region	"{""item_name"":""Cross-Naginata"",""region"":""Caelid""}"	wiki:eldenpedia:page-8143:revision-30625	gameplay-wiki:eldenpedia	lead_only	unknown	eldenpedia:pageid-8143:revision-30625:#Notable_Loot:Cross-Naginata	Eldenpedia revision 30625 lists Cross-Naginata as notable loot on Gael Tunnel; that exact name identifies one current AP check in Caelid.	Community-wiki location lead matched by exact item name inside an explicit region mapping. It does not prove access, a v1.17 event predicate, route order, completeness, or absence of another source.
eldenpedia-page-8143-revision-30625-check-7772281	check	7772281	identity_region	"{""item_name"":""Gold-Pickled Fowl Foot"",""region"":""Caelid""}"	wiki:eldenpedia:page-8143:revision-30625	gameplay-wiki:eldenpedia	lead_only	unknown	eldenpedia:pageid-8143:revision-30625:#Notable_Loot:Gold-Pickled Fowl Foot	Eldenpedia revision 30625 lists Gold-Pickled Fowl Foot as notable loot on Gael Tunnel; that exact name identifies one current AP check in Caelid.	Community-wiki location lead matched by exact item name inside an explicit region mapping. It does not prove access, a v1.17 event predicate, route order, completeness, or absence of another source.
eldenpedia-page-8143-revision-30625-check-7772282	check	7772282	identity_region	"{""item_name"":""Large Glintstone Scrap"",""region"":""Caelid""}"	wiki:eldenpedia:page-8143:revision-30625	gameplay-wiki:eldenpedia	lead_only	unknown	eldenpedia:pageid-8143:revision-30625:#Notable_Loot:Large Glintstone Scrap	Eldenpedia revision 30625 lists Large Glintstone Scrap as notable loot on Gael Tunnel; that exact name identifies one current AP check in Caelid.	Community-wiki location lead matched by exact item name inside an explicit region mapping. It does not prove access, a v1.17 event predicate, route order, completeness, or absence of another source.
eldenpedia-page-8143-revision-30625-check-7772283	check	7772283	identity_region	"{""item_name"":""Grace Mimic"",""region"":""Caelid""}"	wiki:eldenpedia:page-8143:revision-30625	gameplay-wiki:eldenpedia	lead_only	unknown	eldenpedia:pageid-8143:revision-30625:#Notable_Loot:Grace Mimic	Eldenpedia revision 30625 lists Grace Mimic as notable loot on Gael Tunnel; that exact name identifies one current AP check in Caelid.	Community-wiki location lead matched by exact item name inside an explicit region mapping. It does not prove access, a v1.17 event predicate, route order, completeness, or absence of another source.
eldenpedia-page-8143-revision-30625-check-7900141	check	7900141	identity_region	"{""item_name"":""Moonveil"",""region"":""Caelid""}"	wiki:eldenpedia:page-8143:revision-30625	gameplay-wiki:eldenpedia	lead_only	unknown	eldenpedia:pageid-8143:revision-30625:#Notable_Loot:Moonveil	Eldenpedia revision 30625 lists Moonveil as notable loot on Gael Tunnel; that exact name identifies one current AP check in Caelid.	Community-wiki location lead matched by exact item name inside an explicit region mapping. It does not prove access, a v1.17 event predicate, route order, completeness, or absence of another source.
eldenpedia-page-825-revision-3140-check-7770028	check	7770028	identity_region	"{""item_name"":""Crimson Crystal Tear"",""region"":""Altus""}"	wiki:eldenpedia:page-825:revision-3140	gameplay-wiki:eldenpedia	lead_only	unknown	eldenpedia:pageid-825:revision-3140:#Notable_Loot:Crimson Crystal Tear	Eldenpedia revision 3140 lists Crimson Crystal Tear as notable loot on Minor Erdtree (Capital Outskirts); that exact name identifies one current AP check in Altus.	Community-wiki location lead matched by exact item name inside an explicit region mapping. It does not prove access, a v1.17 event predicate, route order, completeness, or absence of another source.
eldenpedia-page-825-revision-3140-check-7770036	check	7770036	identity_region	"{""item_name"":""Twiggy Cracked Tear"",""region"":""Altus""}"	wiki:eldenpedia:page-825:revision-3140	gameplay-wiki:eldenpedia	lead_only	unknown	eldenpedia:pageid-825:revision-3140:#Notable_Loot:Twiggy Cracked Tear	Eldenpedia revision 3140 lists Twiggy Cracked Tear as notable loot on Minor Erdtree (Capital Outskirts); that exact name identifies one current AP check in Altus.	Community-wiki location lead matched by exact item name inside an explicit region mapping. It does not prove access, a v1.17 event predicate, route order, completeness, or absence of another source.
eldenpedia-page-8256-revision-31105-check-7770687	check	7770687	identity_region	"{""item_name"":""Assassin's Cerulean Dagger"",""region"":""Liurnia""}"	wiki:eldenpedia:page-8256:revision-31105	gameplay-wiki:eldenpedia	lead_only	unknown	eldenpedia:pageid-8256:revision-31105:#Notable_Loot:Assassin's Cerulean Dagger	Eldenpedia revision 31105 lists Assassin's Cerulean Dagger as notable loot on Black Knife Catacombs; that exact name identifies one current AP check in Liurnia.	Community-wiki location lead matched by exact item name inside an explicit region mapping. It does not prove access, a v1.17 event predicate, route order, completeness, or absence of another source.
eldenpedia-page-8256-revision-31105-check-7772039	check	7772039	identity_region	"{""item_name"":""Rosus' Axe"",""region"":""Liurnia""}"	wiki:eldenpedia:page-8256:revision-31105	gameplay-wiki:eldenpedia	lead_only	unknown	eldenpedia:pageid-8256:revision-31105:#Notable_Loot:Rosus' Axe	Eldenpedia revision 31105 lists Rosus' Axe as notable loot on Black Knife Catacombs; that exact name identifies one current AP check in Liurnia.	Community-wiki location lead matched by exact item name inside an explicit region mapping. It does not prove access, a v1.17 event predicate, route order, completeness, or absence of another source.
eldenpedia-page-8256-revision-31105-check-7773807	check	7773807	identity_region	"{""item_name"":""Twinsage Sorcerer Ashes"",""region"":""Liurnia""}"	wiki:eldenpedia:page-8256:revision-31105	gameplay-wiki:eldenpedia	lead_only	unknown	eldenpedia:pageid-8256:revision-31105:#Notable_Loot:Twinsage Sorcerer Ashes	Eldenpedia revision 31105 lists Twinsage Sorcerer Ashes as notable loot on Black Knife Catacombs; that exact name identifies one current AP check in Liurnia.	Community-wiki location lead matched by exact item name inside an explicit region mapping. It does not prove access, a v1.17 event predicate, route order, completeness, or absence of another source.
eldenpedia-page-8256-revision-31105-check-7900139	check	7900139	identity_region	"{""item_name"":""Black Knifeprint"",""region"":""Liurnia""}"	wiki:eldenpedia:page-8256:revision-31105	gameplay-wiki:eldenpedia	lead_only	unknown	eldenpedia:pageid-8256:revision-31105:#Notable_Loot:Black Knifeprint	Eldenpedia revision 31105 lists Black Knifeprint as notable loot on Black Knife Catacombs; that exact name identifies one current AP check in Liurnia.	Community-wiki location lead matched by exact item name inside an explicit region mapping. It does not prove access, a v1.17 event predicate, route order, completeness, or absence of another source.
eldenpedia-page-8336-revision-31356-check-7770011	check	7770011	identity_region	"{""item_name"":""Flask of Wondrous Physick"",""region"":""Limgrave""}"	wiki:eldenpedia:page-8336:revision-31356	gameplay-wiki:eldenpedia	lead_only	unknown	eldenpedia:pageid-8336:revision-31356:#Notable_Loot:Flask of Wondrous Physick	Eldenpedia revision 31356 lists Flask of Wondrous Physick as notable loot on Third Church of Marika; that exact name identifies one current AP check in Limgrave.	Community-wiki location lead matched by exact item name inside an explicit region mapping. It does not prove access, a v1.17 event predicate, route order, completeness, or absence of another source.
eldenpedia-page-8336-revision-31356-check-7772958	check	7772958	identity_region	"{""item_name"":""Sacred Tear"",""region"":""Limgrave""}"	wiki:eldenpedia:page-8336:revision-31356	gameplay-wiki:eldenpedia	lead_only	unknown	eldenpedia:pageid-8336:revision-31356:#Notable_Loot:Sacred Tear	Eldenpedia revision 31356 lists Sacred Tear as notable loot on Third Church of Marika; that exact name identifies one current AP check in Limgrave.	Community-wiki location lead matched by exact item name inside an explicit region mapping. It does not prove access, a v1.17 event predicate, route order, completeness, or absence of another source.
eldenpedia-page-8336-revision-31356-check-7773665	check	7773665	identity_region	"{""item_name"":""Crimson Crystal Tear"",""region"":""Limgrave""}"	wiki:eldenpedia:page-8336:revision-31356	gameplay-wiki:eldenpedia	lead_only	unknown	eldenpedia:pageid-8336:revision-31356:#Notable_Loot:Crimson Crystal Tear	Eldenpedia revision 31356 lists Crimson Crystal Tear as notable loot on Third Church of Marika; that exact name identifies one current AP check in Limgrave.	Community-wiki location lead matched by exact item name inside an explicit region mapping. It does not prove access, a v1.17 event predicate, route order, completeness, or absence of another source.
eldenpedia-page-842-revision-68986-check-7773730	check	7773730	identity_region	"{""item_name"":""Unalloyed Gold Needle"",""region"":""Caelid""}"	wiki:eldenpedia:page-842:revision-68986	gameplay-wiki:eldenpedia	lead_only	unknown	eldenpedia:pageid-842:revision-68986:#Notable_Loot:Unalloyed Gold Needle	Eldenpedia revision 68986 lists Unalloyed Gold Needle as notable loot on Swamp of Aeonia; that exact name identifies one current AP check in Caelid.	Community-wiki location lead matched by exact item name inside an explicit region mapping. It does not prove access, a v1.17 event predicate, route order, completeness, or absence of another source.
eldenpedia-page-842-revision-68986-check-7773855	check	7773855	identity_region	"{""item_name"":""Commander's Standard"",""region"":""Caelid""}"	wiki:eldenpedia:page-842:revision-68986	gameplay-wiki:eldenpedia	lead_only	unknown	eldenpedia:pageid-842:revision-68986:#Notable_Loot:Commander's Standard	Eldenpedia revision 68986 lists Commander's Standard as notable loot on Swamp of Aeonia; that exact name identifies one current AP check in Caelid.	Community-wiki location lead matched by exact item name inside an explicit region mapping. It does not prove access, a v1.17 event predicate, route order, completeness, or absence of another source.
eldenpedia-page-8436-revision-31759-check-7772102	check	7772102	identity_region	"{""item_name"":""Root Resin"",""region"":""Mountaintops of the Giants""}"	wiki:eldenpedia:page-8436:revision-31759	gameplay-wiki:eldenpedia	lead_only	unknown	eldenpedia:pageid-8436:revision-31759:#Notable_Loot:Root Resin	Eldenpedia revision 31759 lists Root Resin as notable loot on Giants' Mountaintop Catacombs; that exact name identifies one current AP check in Mountaintops of the Giants.	Community-wiki location lead matched by exact item name inside an explicit region mapping. It does not prove access, a v1.17 event predicate, route order, completeness, or absence of another source.
eldenpedia-page-8436-revision-31759-check-7772103	check	7772103	identity_region	"{""item_name"":""Fire Monk Ashes"",""region"":""Mountaintops of the Giants""}"	wiki:eldenpedia:page-8436:revision-31759	gameplay-wiki:eldenpedia	lead_only	unknown	eldenpedia:pageid-8436:revision-31759:#Notable_Loot:Fire Monk Ashes	Eldenpedia revision 31759 lists Fire Monk Ashes as notable loot on Giants' Mountaintop Catacombs; that exact name identifies one current AP check in Mountaintops of the Giants.	Community-wiki location lead matched by exact item name inside an explicit region mapping. It does not prove access, a v1.17 event predicate, route order, completeness, or absence of another source.
eldenpedia-page-8436-revision-31759-check-7773692	check	7773692	identity_region	"{""item_name"":""Ritual Pot"",""region"":""Mountaintops of the Giants""}"	wiki:eldenpedia:page-8436:revision-31759	gameplay-wiki:eldenpedia	lead_only	unknown	eldenpedia:pageid-8436:revision-31759:#Notable_Loot:Ritual Pot	Eldenpedia revision 31759 lists Ritual Pot as notable loot on Giants' Mountaintop Catacombs; that exact name identifies one current AP check in Mountaintops of the Giants.	Community-wiki location lead matched by exact item name inside an explicit region mapping. It does not prove access, a v1.17 event predicate, route order, completeness, or absence of another source.
eldenpedia-page-8436-revision-31759-check-7900137	check	7900137	identity_region	"{""item_name"":""Glovewort Picker's Bell Bearing 2"",""region"":""Mountaintops of the Giants""}"	wiki:eldenpedia:page-8436:revision-31759	gameplay-wiki:eldenpedia	lead_only	unknown	eldenpedia:pageid-8436:revision-31759:#Notable_Loot:Glovewort Picker's Bell Bearing 2	Eldenpedia revision 31759 lists Glovewort Picker's Bell Bearing 2 as notable loot on Giants' Mountaintop Catacombs; that exact name identifies one current AP check in Mountaintops of the Giants.	Community-wiki location lead matched by exact item name inside an explicit region mapping. It does not prove access, a v1.17 event predicate, route order, completeness, or absence of another source.
eldenpedia-page-8863-revision-33478-check-7772164	check	7772164	identity_region	"{""item_name"":""Stimulating Boluses"",""region"":""Caelid""}"	wiki:eldenpedia:page-8863:revision-33478	gameplay-wiki:eldenpedia	lead_only	unknown	eldenpedia:pageid-8863:revision-33478:#Notable_Loot:Stimulating Boluses	Eldenpedia revision 33478 lists Stimulating Boluses as notable loot on Sellia Hideaway; that exact name identifies one current AP check in Caelid.	Community-wiki location lead matched by exact item name inside an explicit region mapping. It does not prove access, a v1.17 event predicate, route order, completeness, or absence of another source.
eldenpedia-page-8863-revision-33478-check-7772167	check	7772167	identity_region	"{""item_name"":""Crystal Dart"",""region"":""Caelid""}"	wiki:eldenpedia:page-8863:revision-33478	gameplay-wiki:eldenpedia	lead_only	unknown	eldenpedia:pageid-8863:revision-33478:#Notable_Loot:Crystal Dart	Eldenpedia revision 33478 lists Crystal Dart as notable loot on Sellia Hideaway; that exact name identifies one current AP check in Caelid.	Community-wiki location lead matched by exact item name inside an explicit region mapping. It does not prove access, a v1.17 event predicate, route order, completeness, or absence of another source.
eldenpedia-page-8863-revision-33478-check-7772169	check	7772169	identity_region	"{""item_name"":""Crystal Spear"",""region"":""Caelid""}"	wiki:eldenpedia:page-8863:revision-33478	gameplay-wiki:eldenpedia	lead_only	unknown	eldenpedia:pageid-8863:revision-33478:#Notable_Loot:Crystal Spear	Eldenpedia revision 33478 lists Crystal Spear as notable loot on Sellia Hideaway; that exact name identifies one current AP check in Caelid.	Community-wiki location lead matched by exact item name inside an explicit region mapping. It does not prove access, a v1.17 event predicate, route order, completeness, or absence of another source.
eldenpedia-page-8863-revision-33478-check-7772170	check	7772170	identity_region	"{""item_name"":""Crystalian Ashes"",""region"":""Caelid""}"	wiki:eldenpedia:page-8863:revision-33478	gameplay-wiki:eldenpedia	lead_only	unknown	eldenpedia:pageid-8863:revision-33478:#Notable_Loot:Crystalian Ashes	Eldenpedia revision 33478 lists Crystalian Ashes as notable loot on Sellia Hideaway; that exact name identifies one current AP check in Caelid.	Community-wiki location lead matched by exact item name inside an explicit region mapping. It does not prove access, a v1.17 event predicate, route order, completeness, or absence of another source.
eldenpedia-page-8863-revision-33478-check-7773739	check	7773739	identity_region	"{""item_name"":""Stars of Ruin"",""region"":""Caelid""}"	wiki:eldenpedia:page-8863:revision-33478	gameplay-wiki:eldenpedia	lead_only	unknown	eldenpedia:pageid-8863:revision-33478:#Notable_Loot:Stars of Ruin	Eldenpedia revision 33478 lists Stars of Ruin as notable loot on Sellia Hideaway; that exact name identifies one current AP check in Caelid.	Community-wiki location lead matched by exact item name inside an explicit region mapping. It does not prove access, a v1.17 event predicate, route order, completeness, or absence of another source.
eldenpedia-page-8863-revision-33478-check-7773835	check	7773835	identity_region	"{""item_name"":""Crystal Torrent"",""region"":""Caelid""}"	wiki:eldenpedia:page-8863:revision-33478	gameplay-wiki:eldenpedia	lead_only	unknown	eldenpedia:pageid-8863:revision-33478:#Notable_Loot:Crystal Torrent	Eldenpedia revision 33478 lists Crystal Torrent as notable loot on Sellia Hideaway; that exact name identifies one current AP check in Caelid.	Community-wiki location lead matched by exact item name inside an explicit region mapping. It does not prove access, a v1.17 event predicate, route order, completeness, or absence of another source.
eldenpedia-page-9274-revision-70321-check-7772477	check	7772477	identity_region	"{""item_name"":""Golden Rune 9"",""region"":""Liurnia""}"	wiki:eldenpedia:page-9274:revision-70321	gameplay-wiki:eldenpedia	lead_only	unknown	eldenpedia:pageid-9274:revision-70321:#Notable_Loot:Golden Rune 9	Eldenpedia revision 70321 lists Golden Rune 9 as notable loot on Moonlight Altar; that exact name identifies one current AP check in Liurnia.	Community-wiki location lead matched by exact item name inside an explicit region mapping. It does not prove access, a v1.17 event predicate, route order, completeness, or absence of another source.
eldenpedia-page-9274-revision-70321-check-7772484	check	7772484	identity_region	"{""item_name"":""Somber Smithing Stone 8"",""region"":""Liurnia""}"	wiki:eldenpedia:page-9274:revision-70321	gameplay-wiki:eldenpedia	lead_only	unknown	eldenpedia:pageid-9274:revision-70321:#Notable_Loot:Somber Smithing Stone 8	Eldenpedia revision 70321 lists Somber Smithing Stone 8 as notable loot on Moonlight Altar; that exact name identifies one current AP check in Liurnia.	Community-wiki location lead matched by exact item name inside an explicit region mapping. It does not prove access, a v1.17 event predicate, route order, completeness, or absence of another source.
eldenpedia-page-9274-revision-70321-check-7772529	check	7772529	identity_region	"{""item_name"":""Cerulean Amber Medallion +2"",""region"":""Liurnia""}"	wiki:eldenpedia:page-9274:revision-70321	gameplay-wiki:eldenpedia	lead_only	unknown	eldenpedia:pageid-9274:revision-70321:#Notable_Loot:Cerulean Amber Medallion +2	Eldenpedia revision 70321 lists Cerulean Amber Medallion +2 as notable loot on Moonlight Altar; that exact name identifies one current AP check in Liurnia.	Community-wiki location lead matched by exact item name inside an explicit region mapping. It does not prove access, a v1.17 event predicate, route order, completeness, or absence of another source.
eldenpedia-page-948-revision-3597-check-7772110	check	7772110	identity_region	"{""item_name"":""Warming Stone"",""region"":""Consecrated Snowfield""}"	wiki:eldenpedia:page-948:revision-3597	gameplay-wiki:eldenpedia	lead_only	unknown	eldenpedia:pageid-948:revision-3597:#Notable_Loot:Warming Stone	Eldenpedia revision 3597 lists Warming Stone as notable loot on Hidden Path to the Haligtree; that exact name identifies one current AP check in Consecrated Snowfield.	Community-wiki location lead matched by exact item name inside an explicit region mapping. It does not prove access, a v1.17 event predicate, route order, completeness, or absence of another source.
eldenpedia-page-948-revision-3597-check-7772111	check	7772111	identity_region	"{""item_name"":""Deathroot"",""region"":""Consecrated Snowfield""}"	wiki:eldenpedia:page-948:revision-3597	gameplay-wiki:eldenpedia	lead_only	unknown	eldenpedia:pageid-948:revision-3597:#Notable_Loot:Deathroot	Eldenpedia revision 3597 lists Deathroot as notable loot on Hidden Path to the Haligtree; that exact name identifies one current AP check in Consecrated Snowfield.	Community-wiki location lead matched by exact item name inside an explicit region mapping. It does not prove access, a v1.17 event predicate, route order, completeness, or absence of another source.
eldenpedia-page-948-revision-3597-check-7773980	check	7773980	identity_region	"{""item_name"":""Sacramental Bud"",""region"":""Consecrated Snowfield""}"	wiki:eldenpedia:page-948:revision-3597	gameplay-wiki:eldenpedia	lead_only	unknown	eldenpedia:pageid-948:revision-3597:#Notable_Loot:Sacramental Bud	Eldenpedia revision 3597 lists Sacramental Bud as notable loot on Hidden Path to the Haligtree; that exact name identifies one current AP check in Consecrated Snowfield.	Community-wiki location lead matched by exact item name inside an explicit region mapping. It does not prove access, a v1.17 event predicate, route order, completeness, or absence of another source.
eldenpedia-page-948-revision-3597-check-7773981	check	7773981	identity_region	"{""item_name"":""Hero's Rune 1"",""region"":""Consecrated Snowfield""}"	wiki:eldenpedia:page-948:revision-3597	gameplay-wiki:eldenpedia	lead_only	unknown	eldenpedia:pageid-948:revision-3597:#Notable_Loot:Hero's Rune 1	Eldenpedia revision 3597 lists Hero's Rune 1 as notable loot on Hidden Path to the Haligtree; that exact name identifies one current AP check in Consecrated Snowfield.	Community-wiki location lead matched by exact item name inside an explicit region mapping. It does not prove access, a v1.17 event predicate, route order, completeness, or absence of another source.
eldenpedia-page-948-revision-3597-check-7773985	check	7773985	identity_region	"{""item_name"":""Spelldrake Talisman +2"",""region"":""Consecrated Snowfield""}"	wiki:eldenpedia:page-948:revision-3597	gameplay-wiki:eldenpedia	lead_only	unknown	eldenpedia:pageid-948:revision-3597:#Notable_Loot:Spelldrake Talisman +2	Eldenpedia revision 3597 lists Spelldrake Talisman +2 as notable loot on Hidden Path to the Haligtree; that exact name identifies one current AP check in Consecrated Snowfield.	Community-wiki location lead matched by exact item name inside an explicit region mapping. It does not prove access, a v1.17 event predicate, route order, completeness, or absence of another source.
eldenpedia-page-9515-revision-73525-check-7770142	check	7770142	identity_region	"{""item_name"":""Greater Potentate's Cookbook 1"",""region"":""Gravesite""}"	wiki:eldenpedia:page-9515:revision-73525	gameplay-wiki:eldenpedia	lead_only	unknown	eldenpedia:pageid-9515:revision-73525:#Notable_Loot:Greater Potentate's Cookbook 1	Eldenpedia revision 73525 lists Greater Potentate's Cookbook 1 as notable loot on Scorched Ruins; that exact name identifies one current AP check in Gravesite.	Community-wiki location lead matched by exact item name inside an explicit region mapping. It does not prove access, a v1.17 event predicate, route order, completeness, or absence of another source.
eldenpedia-page-9515-revision-73525-check-7773383	check	7773383	identity_region	"{""item_name"":""Furlcalling Finger Remedy"",""region"":""Gravesite""}"	wiki:eldenpedia:page-9515:revision-73525	gameplay-wiki:eldenpedia	lead_only	unknown	eldenpedia:pageid-9515:revision-73525:#Notable_Loot:Furlcalling Finger Remedy	Eldenpedia revision 73525 lists Furlcalling Finger Remedy as notable loot on Scorched Ruins; that exact name identifies one current AP check in Gravesite.	Community-wiki location lead matched by exact item name inside an explicit region mapping. It does not prove access, a v1.17 event predicate, route order, completeness, or absence of another source.
eldenpedia-page-9515-revision-73525-check-7773389	check	7773389	identity_region	"{""item_name"":""Blade of Mercy"",""region"":""Gravesite""}"	wiki:eldenpedia:page-9515:revision-73525	gameplay-wiki:eldenpedia	lead_only	unknown	eldenpedia:pageid-9515:revision-73525:#Notable_Loot:Blade of Mercy	Eldenpedia revision 73525 lists Blade of Mercy as notable loot on Scorched Ruins; that exact name identifies one current AP check in Gravesite.	Community-wiki location lead matched by exact item name inside an explicit region mapping. It does not prove access, a v1.17 event predicate, route order, completeness, or absence of another source.
eldenpedia-page-9814-revision-36867-check-7774513	check	7774513	identity_region	"{""item_name"":""Rivers of Blood"",""region"":""Mountaintops of the Giants""}"	wiki:eldenpedia:page-9814:revision-36867	gameplay-wiki:eldenpedia	lead_only	unknown	eldenpedia:pageid-9814:revision-36867:#Notable_Loot:Rivers of Blood	Eldenpedia revision 36867 lists Rivers of Blood as notable loot on Church of Repose; that exact name identifies one current AP check in Mountaintops of the Giants.	Community-wiki location lead matched by exact item name inside an explicit region mapping. It does not prove access, a v1.17 event predicate, route order, completeness, or absence of another source.
eldenpedia-page-9814-revision-36867-check-7900275	check	7900275	identity_region	"{""item_name"":""Okina Mask"",""region"":""Mountaintops of the Giants""}"	wiki:eldenpedia:page-9814:revision-36867	gameplay-wiki:eldenpedia	lead_only	unknown	eldenpedia:pageid-9814:revision-36867:#Notable_Loot:Okina Mask	Eldenpedia revision 36867 lists Okina Mask as notable loot on Church of Repose; that exact name identifies one current AP check in Mountaintops of the Giants.	Community-wiki location lead matched by exact item name inside an explicit region mapping. It does not prove access, a v1.17 event predicate, route order, completeness, or absence of another source.
eldenpedia-page-992-revision-3807-check-7774315	check	7774315	identity_region	"{""item_name"":""Twinned Knight Swords"",""region"":""Altus""}"	wiki:eldenpedia:page-992:revision-3807	gameplay-wiki:eldenpedia	lead_only	unknown	eldenpedia:pageid-992:revision-3807:#Notable_Loot:Twinned Knight Swords	Eldenpedia revision 3807 lists Twinned Knight Swords as notable loot on East Windmill Pasture; that exact name identifies one current AP check in Altus.	Community-wiki location lead matched by exact item name inside an explicit region mapping. It does not prove access, a v1.17 event predicate, route order, completeness, or absence of another source.
eldenpedia-page-992-revision-3807-check-7774317	check	7774317	identity_region	"{""item_name"":""Navy Hood"",""region"":""Altus""}"	wiki:eldenpedia:page-992:revision-3807	gameplay-wiki:eldenpedia	lead_only	unknown	eldenpedia:pageid-992:revision-3807:#Notable_Loot:Navy Hood	Eldenpedia revision 3807 lists Navy Hood as notable loot on East Windmill Pasture; that exact name identifies one current AP check in Altus.	Community-wiki location lead matched by exact item name inside an explicit region mapping. It does not prove access, a v1.17 event predicate, route order, completeness, or absence of another source.
