check_id	region	item_name	flag	detection_mechanism	map_tile	route_anchor	partition	confidence	external_family_count	external_families	review_reason
7773645	Abyssal	Clarifying Boluses	2052417010	ItemLotParam_map.getItemFlagId		near Church Ruins	ambiguous_map_lot	hold	0		same-name candidates survive the committed anchor/tile joins; player ruling needed
7773652	Abyssal	Clarifying Boluses	2053417020	ItemLotParam_map.getItemFlagId		near Church Ruins	ambiguous_map_lot	hold	0		same-name candidates survive the committed anchor/tile joins; player ruling needed
7772011	Abyssal	Swollen Grape	28007000	ItemLotParam_map.getItemFlagId		near Manse Hall	ambiguous_map_lot	hold	0		same-name candidates survive the committed anchor/tile joins; player ruling needed
7772013	Abyssal	Swollen Grape	28007020	ItemLotParam_map.getItemFlagId		near Manse Hall	ambiguous_map_lot	hold	0		same-name candidates survive the committed anchor/tile joins; player ruling needed
7771095	Ainsel River	Golden Rune [10]	12017560	ItemLotParam_map.getItemFlagId		near Nokstella, Eternal City	ambiguous_map_lot	hold	0		same-name candidates survive the committed anchor/tile joins; player ruling needed
7771099	Ainsel River	Golden Rune [10]	12017600	ItemLotParam_map.getItemFlagId		near Dragonkin Soldier of Nokstella	ambiguous_map_lot	hold	0		same-name candidates survive the committed anchor/tile joins; player ruling needed
7771103	Ainsel River	Golden Rune [10]	12017640	ItemLotParam_map.getItemFlagId		near Dragonkin Soldier of Nokstella	ambiguous_map_lot	hold	0		same-name candidates survive the committed anchor/tile joins; player ruling needed
7771104	Ainsel River	Golden Rune [10]	12017650	ItemLotParam_map.getItemFlagId		near Dragonkin Soldier of Nokstella	ambiguous_map_lot	hold	0		same-name candidates survive the committed anchor/tile joins; player ruling needed
7771105	Ainsel River	Golden Rune [10]	12017660	ItemLotParam_map.getItemFlagId		near Nokstella, Eternal City	ambiguous_map_lot	hold	0		same-name candidates survive the committed anchor/tile joins; player ruling needed
7771107	Ainsel River	Golden Rune [10]	12017680	ItemLotParam_map.getItemFlagId		near Dragonkin Soldier of Nokstella	ambiguous_map_lot	hold	0		same-name candidates survive the committed anchor/tile joins; player ruling needed
7771121	Ainsel River	Golden Rune [10]	12017820	ItemLotParam_map.getItemFlagId		near Grand Cloister	ambiguous_map_lot	hold	0		same-name candidates survive the committed anchor/tile joins; player ruling needed
7771124	Ainsel River	Golden Rune [10]	12017850	ItemLotParam_map.getItemFlagId		near Grand Cloister	ambiguous_map_lot	hold	0		same-name candidates survive the committed anchor/tile joins; player ruling needed
7771042	Ainsel River	Golden Rune [1]	12017040	ItemLotParam_map.getItemFlagId		near Ainsel River Sluice Gate	ambiguous_map_lot	hold	0		same-name candidates survive the committed anchor/tile joins; player ruling needed
7771059	Ainsel River	Golden Rune [1]	12017200	ItemLotParam_map.getItemFlagId		near Ainsel River Sluice Gate	ambiguous_map_lot	hold	0		same-name candidates survive the committed anchor/tile joins; player ruling needed
7771073	Ainsel River	Golden Rune [3]	12017340	ItemLotParam_map.getItemFlagId		near Ainsel River Downstream	ambiguous_map_lot	hold	0		same-name candidates survive the committed anchor/tile joins; player ruling needed
7771079	Ainsel River	Golden Rune [3]	12017400	ItemLotParam_map.getItemFlagId		near Ainsel River Downstream	ambiguous_map_lot	hold	0		same-name candidates survive the committed anchor/tile joins; player ruling needed
7771081	Ainsel River	Golden Rune [3]	12017420	ItemLotParam_map.getItemFlagId		near Ainsel River Downstream	ambiguous_map_lot	hold	0		same-name candidates survive the committed anchor/tile joins; player ruling needed
7771089	Ainsel River	Golden Rune [7]	12017500	ItemLotParam_map.getItemFlagId		near Ainsel River Main	ambiguous_map_lot	hold	0		same-name candidates survive the committed anchor/tile joins; player ruling needed
7771098	Ainsel River	Golden Rune [7]	12017590	ItemLotParam_map.getItemFlagId		near Ainsel River Main	ambiguous_map_lot	hold	0		same-name candidates survive the committed anchor/tile joins; player ruling needed
7771108	Ainsel River	Great Ghost Glovewort	12017690	ItemLotParam_map.getItemFlagId		near Dragonkin Soldier of Nokstella	ambiguous_map_lot	hold	0		same-name candidates survive the committed anchor/tile joins; player ruling needed
7771130	Ainsel River	Great Ghost Glovewort	12017910	ItemLotParam_map.getItemFlagId		near Dragonkin Soldier of Nokstella	ambiguous_map_lot	hold	0		same-name candidates survive the committed anchor/tile joins; player ruling needed
7771054	Ainsel River	Smithing Stone [3]	12017150	ItemLotParam_map.getItemFlagId		near Ainsel River Sluice Gate	ambiguous_map_lot	hold	0		same-name candidates survive the committed anchor/tile joins; player ruling needed
7771060	Ainsel River	Smithing Stone [3]	12017210	ItemLotParam_map.getItemFlagId		near Ainsel River Sluice Gate	ambiguous_map_lot	hold	0		same-name candidates survive the committed anchor/tile joins; player ruling needed
7771062	Ainsel River	Smithing Stone [3]	12017230	ItemLotParam_map.getItemFlagId		near Ainsel River Downstream	ambiguous_map_lot	hold	0		same-name candidates survive the committed anchor/tile joins; player ruling needed
7771065	Ainsel River	Smithing Stone [3]	12017260	ItemLotParam_map.getItemFlagId		near Ainsel River Downstream	ambiguous_map_lot	hold	0		same-name candidates survive the committed anchor/tile joins; player ruling needed
7771106	Ainsel River	Smithing Stone [6]	12017670	ItemLotParam_map.getItemFlagId		near Dragonkin Soldier of Nokstella	ambiguous_map_lot	hold	0		same-name candidates survive the committed anchor/tile joins; player ruling needed
7771115	Ainsel River	Smithing Stone [6]	12017760	ItemLotParam_map.getItemFlagId		near Dragonkin Soldier of Nokstella	ambiguous_map_lot	hold	0		same-name candidates survive the committed anchor/tile joins; player ruling needed
7770778	Ainsel River	Somber Smithing Stone [6]	540600	ItemLotParam_map.getItemFlagId		around Dragonkin Soldier of Nokstella	ambiguous_map_lot	hold	0		same-name candidates survive the committed anchor/tile joins; player ruling needed
7770779	Ainsel River	Somber Smithing Stone [6]	540602	ItemLotParam_map.getItemFlagId		around Dragonkin Soldier of Nokstella	ambiguous_map_lot	hold	0		same-name candidates survive the committed anchor/tile joins; player ruling needed
7771077	Ainsel River	Somber Smithing Stone [7]	12017380	ItemLotParam_map.getItemFlagId		near Lake of Rot Shoreside	ambiguous_map_lot	hold	0		same-name candidates survive the committed anchor/tile joins; player ruling needed
7771109	Ainsel River	Somber Smithing Stone [7]	12017700	ItemLotParam_map.getItemFlagId		near Dragonkin Soldier of Nokstella	ambiguous_map_lot	hold	0		same-name candidates survive the committed anchor/tile joins; player ruling needed
7771117	Ainsel River	Somber Smithing Stone [7]	12017780	ItemLotParam_map.getItemFlagId		near Dragonkin Soldier of Nokstella	ambiguous_map_lot	hold	0		same-name candidates survive the committed anchor/tile joins; player ruling needed
7771128	Ainsel River	Somber Smithing Stone [7]	12017890	ItemLotParam_map.getItemFlagId		near Lake of Rot Shoreside	ambiguous_map_lot	hold	0		same-name candidates survive the committed anchor/tile joins; player ruling needed
7771133	Ainsel River	Somber Smithing Stone [7]	12017940	ItemLotParam_map.getItemFlagId		near Dragonkin Soldier of Nokstella	ambiguous_map_lot	hold	0		same-name candidates survive the committed anchor/tile joins; player ruling needed
7770057	Altus	Cracked Pot	66140	ItemLotParam_map.getItemFlagId		near Auriza Side Tomb	ambiguous_map_lot	hold	0		same-name candidates survive the committed anchor/tile joins; player ruling needed
7770058	Altus	Cracked Pot	66150	ItemLotParam_map.getItemFlagId		near Auriza Side Tomb	ambiguous_map_lot	hold	0		same-name candidates survive the committed anchor/tile joins; player ruling needed
7770059	Altus	Cracked Pot	66160	ItemLotParam_map.getItemFlagId		near Auriza Side Tomb	ambiguous_map_lot	hold	0		same-name candidates survive the committed anchor/tile joins; player ruling needed
7770060	Altus	Cracked Pot	66170	ItemLotParam_map.getItemFlagId		near Auriza Side Tomb	ambiguous_map_lot	hold	0		same-name candidates survive the committed anchor/tile joins; player ruling needed
7772792	Altus	Golden Rune [4]	1041527020	ItemLotParam_map.getItemFlagId		near Rampartside Path	ambiguous_map_lot	hold	0		same-name candidates survive the committed anchor/tile joins; player ruling needed
7774274	Altus	Golden Rune [4]	1040527030	ItemLotParam_map.getItemFlagId		near Forest-Spanning Greatbridge	ambiguous_map_lot	hold	0		same-name candidates survive the committed anchor/tile joins; player ruling needed
7774276	Altus	Golden Rune [4]	1040527050	ItemLotParam_map.getItemFlagId		near Forest-Spanning Greatbridge	ambiguous_map_lot	hold	0		same-name candidates survive the committed anchor/tile joins; player ruling needed
7774313	Altus	Golden Rune [4]	1042527010	ItemLotParam_map.getItemFlagId		near Rampartside Path	ambiguous_map_lot	hold	0		same-name candidates survive the committed anchor/tile joins; player ruling needed
7772196	Altus	Golden Rune [5]	31187050	ItemLotParam_map.getItemFlagId		near Perfumer's Grotto	ambiguous_map_lot	hold	0		same-name candidates survive the committed anchor/tile joins; player ruling needed
7772199	Altus	Golden Rune [5]	31187080	ItemLotParam_map.getItemFlagId		near Perfumer's Grotto	ambiguous_map_lot	hold	0		same-name candidates survive the committed anchor/tile joins; player ruling needed
7772212	Altus	Golden Rune [5]	31197200	ItemLotParam_map.getItemFlagId		near Sage's Cave	ambiguous_map_lot	hold	0		same-name candidates survive the committed anchor/tile joins; player ruling needed
7772213	Altus	Golden Rune [5]	31197210	ItemLotParam_map.getItemFlagId		near Sage's Cave	ambiguous_map_lot	hold	0		same-name candidates survive the committed anchor/tile joins; player ruling needed
7772322	Altus	Golden Rune [5]	34127010	ItemLotParam_map.getItemFlagId		near Divine Tower of West Altus: Gate	ambiguous_map_lot	hold	0		same-name candidates survive the committed anchor/tile joins; player ruling needed
7772323	Altus	Golden Rune [5]	34127020	ItemLotParam_map.getItemFlagId		near Divine Tower of West Altus: Gate	ambiguous_map_lot	hold	0		same-name candidates survive the committed anchor/tile joins; player ruling needed
7774250	Altus	Golden Rune [6]	1039547060	ItemLotParam_map.getItemFlagId		near Shaded Castle Ramparts	ambiguous_map_lot	hold	0		same-name candidates survive the committed anchor/tile joins; player ruling needed
7774255	Altus	Golden Rune [6]	1039547110	ItemLotParam_map.getItemFlagId		near Shaded Castle Ramparts	ambiguous_map_lot	hold	0		same-name candidates survive the committed anchor/tile joins; player ruling needed
7774272	Altus	Golden Rune [6]	1040527010	ItemLotParam_map.getItemFlagId		near Forest-Spanning Greatbridge	ambiguous_map_lot	hold	0		same-name candidates survive the committed anchor/tile joins; player ruling needed
7774273	Altus	Golden Rune [6]	1040527020	ItemLotParam_map.getItemFlagId		near Forest-Spanning Greatbridge	ambiguous_map_lot	hold	0		same-name candidates survive the committed anchor/tile joins; player ruling needed
7772193	Altus	Living Jar Shard	31187020	ItemLotParam_map.getItemFlagId		near Perfumer's Grotto	ambiguous_map_lot	hold	0		same-name candidates survive the committed anchor/tile joins; player ruling needed
7772194	Altus	Living Jar Shard	31187030	ItemLotParam_map.getItemFlagId		near Perfumer's Grotto	ambiguous_map_lot	hold	0		same-name candidates survive the committed anchor/tile joins; player ruling needed
7770067	Altus	Ritual Pot	66470	ItemLotParam_map.getItemFlagId		near Auriza Side Tomb	ambiguous_map_lot	hold	0		same-name candidates survive the committed anchor/tile joins; player ruling needed
7770068	Altus	Ritual Pot	66480	ItemLotParam_map.getItemFlagId		near Auriza Side Tomb	ambiguous_map_lot	hold	0		same-name candidates survive the committed anchor/tile joins; player ruling needed
7770596	Altus	Seedbed Curse	400308	ItemLotParam_map.getItemFlagId			ambiguous_map_lot	hold	0		same-name candidates survive the committed anchor/tile joins; player ruling needed
7772754	Altus	Smithing Stone [5]	1039547230	ItemLotParam_map.getItemFlagId		near Shaded Castle Inner Gate	ambiguous_map_lot	hold	0		same-name candidates survive the committed anchor/tile joins; player ruling needed
7774247	Altus	Smithing Stone [5]	1039547020	ItemLotParam_map.getItemFlagId		near Shaded Castle Ramparts	ambiguous_map_lot	hold	0		same-name candidates survive the committed anchor/tile joins; player ruling needed
7774253	Altus	Smithing Stone [5]	1039547090	ItemLotParam_map.getItemFlagId		near Shaded Castle Inner Gate	ambiguous_map_lot	hold	0		same-name candidates survive the committed anchor/tile joins; player ruling needed
7774265	Altus	Smithing Stone [5]	1039547240	ItemLotParam_map.getItemFlagId		near Shaded Castle Ramparts	ambiguous_map_lot	hold	0		same-name candidates survive the committed anchor/tile joins; player ruling needed
7771736	Belurat	Black Pyrefly	20007080	ItemLotParam_map.getItemFlagId		near Small Private Altar	ambiguous_map_lot	hold	0		same-name candidates survive the committed anchor/tile joins; player ruling needed
7771768	Belurat	Black Pyrefly	20007400	ItemLotParam_map.getItemFlagId		near Small Private Altar	ambiguous_map_lot	hold	0		same-name candidates survive the committed anchor/tile joins; player ruling needed
7771772	Belurat	Black Pyrefly	20007440	ItemLotParam_map.getItemFlagId		near Small Private Altar	ambiguous_map_lot	hold	0		same-name candidates survive the committed anchor/tile joins; player ruling needed
7771800	Belurat	Black Pyrefly	20007730	ItemLotParam_map.getItemFlagId		near Small Private Altar	ambiguous_map_lot	hold	0		same-name candidates survive the committed anchor/tile joins; player ruling needed
7771732	Belurat	Knot Resin	20007040	ItemLotParam_map.getItemFlagId		near Belurat, Tower Settlement	ambiguous_map_lot	hold	0		same-name candidates survive the committed anchor/tile joins; player ruling needed
7771759	Belurat	Knot Resin	20007310	ItemLotParam_map.getItemFlagId		near Belurat, Tower Settlement	ambiguous_map_lot	hold	0		same-name candidates survive the committed anchor/tile joins; player ruling needed
7771731	Belurat	Neutralizing Boluses	20007030	ItemLotParam_map.getItemFlagId		near Belurat, Tower Settlement	ambiguous_map_lot	hold	0		same-name candidates survive the committed anchor/tile joins; player ruling needed
7771755	Belurat	Neutralizing Boluses	20007270	ItemLotParam_map.getItemFlagId		near Belurat, Tower Settlement	ambiguous_map_lot	hold	0		same-name candidates survive the committed anchor/tile joins; player ruling needed
7771740	Belurat	Rada Fruit	20007120	ItemLotParam_map.getItemFlagId		near Small Private Altar	ambiguous_map_lot	hold	0		same-name candidates survive the committed anchor/tile joins; player ruling needed
7771741	Belurat	Rada Fruit	20007130	ItemLotParam_map.getItemFlagId		near Small Private Altar	ambiguous_map_lot	hold	0		same-name candidates survive the committed anchor/tile joins; player ruling needed
7771742	Belurat	Rada Fruit	20007140	ItemLotParam_map.getItemFlagId		near Small Private Altar	ambiguous_map_lot	hold	0		same-name candidates survive the committed anchor/tile joins; player ruling needed
7771743	Belurat	Rada Fruit	20007150	ItemLotParam_map.getItemFlagId		near Small Private Altar	ambiguous_map_lot	hold	0		same-name candidates survive the committed anchor/tile joins; player ruling needed
7771744	Belurat	Rada Fruit	20007160	ItemLotParam_map.getItemFlagId		near Small Private Altar	ambiguous_map_lot	hold	0		same-name candidates survive the committed anchor/tile joins; player ruling needed
7771746	Belurat	Rada Fruit	20007180	ItemLotParam_map.getItemFlagId		near Small Private Altar	ambiguous_map_lot	hold	0		same-name candidates survive the committed anchor/tile joins; player ruling needed
7771747	Belurat	Rada Fruit	20007190	ItemLotParam_map.getItemFlagId		near Small Private Altar	ambiguous_map_lot	hold	0		same-name candidates survive the committed anchor/tile joins; player ruling needed
7771762	Belurat	Rada Fruit	20007340	ItemLotParam_map.getItemFlagId		near Belurat, Tower Settlement	ambiguous_map_lot	hold	0		same-name candidates survive the committed anchor/tile joins; player ruling needed
7771763	Belurat	Rada Fruit	20007350	ItemLotParam_map.getItemFlagId		near Belurat, Tower Settlement	ambiguous_map_lot	hold	0		same-name candidates survive the committed anchor/tile joins; player ruling needed
7771764	Belurat	Rada Fruit	20007360	ItemLotParam_map.getItemFlagId		near Belurat, Tower Settlement	ambiguous_map_lot	hold	0		same-name candidates survive the committed anchor/tile joins; player ruling needed
7771765	Belurat	Rada Fruit	20007370	ItemLotParam_map.getItemFlagId		near Belurat, Tower Settlement	ambiguous_map_lot	hold	0		same-name candidates survive the committed anchor/tile joins; player ruling needed
7771766	Belurat	Rada Fruit	20007380	ItemLotParam_map.getItemFlagId		near Small Private Altar	ambiguous_map_lot	hold	0		same-name candidates survive the committed anchor/tile joins; player ruling needed
7771767	Belurat	Rada Fruit	20007390	ItemLotParam_map.getItemFlagId		near Belurat, Tower Settlement	ambiguous_map_lot	hold	0		same-name candidates survive the committed anchor/tile joins; player ruling needed
7771782	Belurat	Rada Fruit	20007540	ItemLotParam_map.getItemFlagId		near Small Private Altar	ambiguous_map_lot	hold	0		same-name candidates survive the committed anchor/tile joins; player ruling needed
7771783	Belurat	Rada Fruit	20007550	ItemLotParam_map.getItemFlagId		near Small Private Altar	ambiguous_map_lot	hold	0		same-name candidates survive the committed anchor/tile joins; player ruling needed
7771784	Belurat	Rada Fruit	20007560	ItemLotParam_map.getItemFlagId		near Small Private Altar	ambiguous_map_lot	hold	0		same-name candidates survive the committed anchor/tile joins; player ruling needed
7771785	Belurat	Rada Fruit	20007570	ItemLotParam_map.getItemFlagId		near Small Private Altar	ambiguous_map_lot	hold	0		same-name candidates survive the committed anchor/tile joins; player ruling needed
7771786	Belurat	Rada Fruit	20007580	ItemLotParam_map.getItemFlagId		near Small Private Altar	ambiguous_map_lot	hold	0		same-name candidates survive the committed anchor/tile joins; player ruling needed
7771787	Belurat	Rada Fruit	20007590	ItemLotParam_map.getItemFlagId		near Small Private Altar	ambiguous_map_lot	hold	0		same-name candidates survive the committed anchor/tile joins; player ruling needed
7771801	Belurat	Rada Fruit	20007740	ItemLotParam_map.getItemFlagId		near Stagefront	ambiguous_map_lot	hold	0		same-name candidates survive the committed anchor/tile joins; player ruling needed
7771802	Belurat	Rada Fruit	20007750	ItemLotParam_map.getItemFlagId		near Stagefront	ambiguous_map_lot	hold	0		same-name candidates survive the committed anchor/tile joins; player ruling needed
7771803	Belurat	Rada Fruit	20007760	ItemLotParam_map.getItemFlagId		near Stagefront	ambiguous_map_lot	hold	0		same-name candidates survive the committed anchor/tile joins; player ruling needed
7771804	Belurat	Rada Fruit	20007770	ItemLotParam_map.getItemFlagId		near Stagefront	ambiguous_map_lot	hold	0		same-name candidates survive the committed anchor/tile joins; player ruling needed
7771805	Belurat	Rada Fruit	20007780	ItemLotParam_map.getItemFlagId		near Stagefront	ambiguous_map_lot	hold	0		same-name candidates survive the committed anchor/tile joins; player ruling needed
7771806	Belurat	Rada Fruit	20007790	ItemLotParam_map.getItemFlagId		near Stagefront	ambiguous_map_lot	hold	0		same-name candidates survive the committed anchor/tile joins; player ruling needed
7771737	Belurat	Silver Horn Tender	20007090	ItemLotParam_map.getItemFlagId		near Small Private Altar	ambiguous_map_lot	hold	0		same-name candidates survive the committed anchor/tile joins; player ruling needed
7771738	Belurat	Silver Horn Tender	20007100	ItemLotParam_map.getItemFlagId		near Small Private Altar	ambiguous_map_lot	hold	0		same-name candidates survive the committed anchor/tile joins; player ruling needed
7771760	Belurat	Whiteflesh Mushroom	20007320	ItemLotParam_map.getItemFlagId		near Belurat, Tower Settlement	ambiguous_map_lot	hold	0		same-name candidates survive the committed anchor/tile joins; player ruling needed
7771778	Belurat	Whiteflesh Mushroom	20007500	ItemLotParam_map.getItemFlagId		near Belurat, Tower Settlement	ambiguous_map_lot	hold	0		same-name candidates survive the committed anchor/tile joins; player ruling needed
7773047	Caelid	Beast Blood	1049377010	ItemLotParam_map.getItemFlagId		near Southern Aeonia Swamp Bank	ambiguous_map_lot	hold	0		same-name candidates survive the committed anchor/tile joins; player ruling needed
7773049	Caelid	Beast Blood	1049377050	ItemLotParam_map.getItemFlagId		near Southern Aeonia Swamp Bank	ambiguous_map_lot	hold	0		same-name candidates survive the committed anchor/tile joins; player ruling needed
7773734	Caelid	Cursemark of Death	400392	ItemLotParam_map.getItemFlagId			ambiguous_map_lot	hold	0		same-name candidates survive the committed anchor/tile joins; player ruling needed
7772968	Caelid	Golden Rune [1]	1047377000	ItemLotParam_map.getItemFlagId		near Caelid Highway South	ambiguous_map_lot	hold	0		same-name candidates survive the committed anchor/tile joins; player ruling needed
7772970	Caelid	Golden Rune [1]	1047377020	ItemLotParam_map.getItemFlagId		near Caelid Highway South	ambiguous_map_lot	hold	0		same-name candidates survive the committed anchor/tile joins; player ruling needed
7772218	Caelid	Golden Rune [2]	31217000	ItemLotParam_map.getItemFlagId		near Gaol Cave	ambiguous_map_lot	hold	0		same-name candidates survive the committed anchor/tile joins; player ruling needed
7772219	Caelid	Golden Rune [2]	31217030	ItemLotParam_map.getItemFlagId		near Gaol Cave	ambiguous_map_lot	hold	0		same-name candidates survive the committed anchor/tile joins; player ruling needed
7772221	Caelid	Golden Rune [2]	31217070	ItemLotParam_map.getItemFlagId		near Gaol Cave	ambiguous_map_lot	hold	0		same-name candidates survive the committed anchor/tile joins; player ruling needed
7772222	Caelid	Golden Rune [4]	31217080	ItemLotParam_map.getItemFlagId		near Gaol Cave	ambiguous_map_lot	hold	0		same-name candidates survive the committed anchor/tile joins; player ruling needed
7772225	Caelid	Golden Rune [4]	31217110	ItemLotParam_map.getItemFlagId		near Gaol Cave	ambiguous_map_lot	hold	0		same-name candidates survive the committed anchor/tile joins; player ruling needed
7772229	Caelid	Golden Rune [4]	31217160	ItemLotParam_map.getItemFlagId		near Gaol Cave	ambiguous_map_lot	hold	0		same-name candidates survive the committed anchor/tile joins; player ruling needed
7773008	Caelid	Golden Rune [4]	1048377030	ItemLotParam_map.getItemFlagId		near Aeonia Swamp Shore	ambiguous_map_lot	hold	0		same-name candidates survive the committed anchor/tile joins; player ruling needed
7773009	Caelid	Golden Rune [4]	1048387000	ItemLotParam_map.getItemFlagId		near Aeonia Swamp Shore	ambiguous_map_lot	hold	0		same-name candidates survive the committed anchor/tile joins; player ruling needed
7773984	Caelid	Golden Rune [5]	31117020	ItemLotParam_map.getItemFlagId		near Sellia Hideaway	ambiguous_map_lot	hold	0		same-name candidates survive the committed anchor/tile joins; player ruling needed
7773985	Caelid	Golden Rune [5]	31117100	ItemLotParam_map.getItemFlagId		near Sellia Hideaway	ambiguous_map_lot	hold	0		same-name candidates survive the committed anchor/tile joins; player ruling needed
7772974	Caelid	Larval Tear	1047377100	ItemLotParam_map.getItemFlagId			ambiguous_map_lot	hold	1	gameplay-guide:redmaw	same-name candidates survive the committed anchor/tile joins; player ruling needed
7773120	Caelid	Radahn's Spear	1051387000	ItemLotParam_map.getItemFlagId		near Starscourge Radahn	ambiguous_map_lot	hold	0		same-name candidates survive the committed anchor/tile joins; player ruling needed
7773121	Caelid	Radahn's Spear	1051387010	ItemLotParam_map.getItemFlagId		near Starscourge Radahn	ambiguous_map_lot	hold	0		same-name candidates survive the committed anchor/tile joins; player ruling needed
7773122	Caelid	Radahn's Spear	1051387020	ItemLotParam_map.getItemFlagId		near Starscourge Radahn	ambiguous_map_lot	hold	0		same-name candidates survive the committed anchor/tile joins; player ruling needed
7773010	Caelid	Roped Fire Pot	1048387010	ItemLotParam_map.getItemFlagId		near Aeonia Swamp Shore	ambiguous_map_lot	hold	0		same-name candidates survive the committed anchor/tile joins; player ruling needed
7773011	Caelid	Roped Fire Pot	1048387020	ItemLotParam_map.getItemFlagId		near Aeonia Swamp Shore	ambiguous_map_lot	hold	0		same-name candidates survive the committed anchor/tile joins; player ruling needed
7773013	Caelid	Sacramental Bud	1048397000	ItemLotParam_map.getItemFlagId		near Smoldering Wall	ambiguous_map_lot	hold	0		same-name candidates survive the committed anchor/tile joins; player ruling needed
7774427	Caelid	Sacramental Bud	1048407040	ItemLotParam_map.getItemFlagId		near Smoldering Wall	ambiguous_map_lot	hold	0		same-name candidates survive the committed anchor/tile joins; player ruling needed
7773110	Caelid	Smithing Stone [3]	1051367030	ItemLotParam_map.getItemFlagId		near Chamber Outside the Plaza	ambiguous_map_lot	hold	0		same-name candidates survive the committed anchor/tile joins; player ruling needed
7773112	Caelid	Smithing Stone [3]	1051367050	ItemLotParam_map.getItemFlagId		near Chamber Outside the Plaza	ambiguous_map_lot	hold	0		same-name candidates survive the committed anchor/tile joins; player ruling needed
7773111	Caelid	Smithing Stone [4]	1051367040	ItemLotParam_map.getItemFlagId		near Chamber Outside the Plaza	ambiguous_map_lot	hold	0		same-name candidates survive the committed anchor/tile joins; player ruling needed
7773115	Caelid	Smithing Stone [4]	1051367090	ItemLotParam_map.getItemFlagId		near Chamber Outside the Plaza	ambiguous_map_lot	hold	0		same-name candidates survive the committed anchor/tile joins; player ruling needed
7773113	Caelid	Smithing Stone [5]	1051367060	ItemLotParam_map.getItemFlagId		near Chamber Outside the Plaza	ambiguous_map_lot	hold	0		same-name candidates survive the committed anchor/tile joins; player ruling needed
7773114	Caelid	Smithing Stone [5]	1051367080	ItemLotParam_map.getItemFlagId		near Chamber Outside the Plaza	ambiguous_map_lot	hold	0		same-name candidates survive the committed anchor/tile joins; player ruling needed
7773109	Caelid	Smithing Stone [6]	1051367020	ItemLotParam_map.getItemFlagId		near Chamber Outside the Plaza	ambiguous_map_lot	hold	0		same-name candidates survive the committed anchor/tile joins; player ruling needed
7773119	Caelid	Smithing Stone [6]	1051367910	ItemLotParam_map.getItemFlagId		near Chamber Outside the Plaza	ambiguous_map_lot	hold	0		same-name candidates survive the committed anchor/tile joins; player ruling needed
7773078	Caelid	Smithing Stone [7]	1050397020	ItemLotParam_map.getItemFlagId		near Sellia Backstreets	ambiguous_map_lot	hold	0		same-name candidates survive the committed anchor/tile joins; player ruling needed
7773079	Caelid	Smithing Stone [7]	1050397030	ItemLotParam_map.getItemFlagId		near Sellia Backstreets	ambiguous_map_lot	hold	0		same-name candidates survive the committed anchor/tile joins; player ruling needed
7774493	Caelid	Somber Smithing Stone [4]	1051367700	ItemLotParam_map.getItemFlagId		around Chamber Outside the Plaza	ambiguous_map_lot	hold	0		same-name candidates survive the committed anchor/tile joins; player ruling needed
7774494	Caelid	Somber Smithing Stone [4]	1051367800	ItemLotParam_map.getItemFlagId		around Chamber Outside the Plaza	ambiguous_map_lot	hold	0		same-name candidates survive the committed anchor/tile joins; player ruling needed
7774633	Caelid	Somber Smithing Stone [4]	540424	ItemLotParam_map.getItemFlagId			ambiguous_map_lot	hold	0		same-name candidates survive the committed anchor/tile joins; player ruling needed
7773886	Caelid	Somber Smithing Stone [8]	540426	ItemLotParam_map.getItemFlagId			ambiguous_map_lot	hold	1	gameplay-guide:redmaw	same-name candidates survive the committed anchor/tile joins; player ruling needed
7774634	Caelid	Somber Smithing Stone [9]	540428	ItemLotParam_map.getItemFlagId			ambiguous_map_lot	hold	0		same-name candidates survive the committed anchor/tile joins; player ruling needed
7773458	Cerulean	Grave Cricket	2048387000	ItemLotParam_map.getItemFlagId		near Cerulean Coast	ambiguous_map_lot	hold	0		same-name candidates survive the committed anchor/tile joins; player ruling needed
7773462	Cerulean	Grave Cricket	2048397010	ItemLotParam_map.getItemFlagId		near Cerulean Coast	ambiguous_map_lot	hold	0		same-name candidates survive the committed anchor/tile joins; player ruling needed
7773365	Cerulean	Grave Glovewort [9]	2047387010	ItemLotParam_map.getItemFlagId		near Cerulean Coast	ambiguous_map_lot	hold	0		same-name candidates survive the committed anchor/tile joins; player ruling needed
7773367	Cerulean	Grave Glovewort [9]	2047397040	ItemLotParam_map.getItemFlagId		near Cerulean Coast	ambiguous_map_lot	hold	0		same-name candidates survive the committed anchor/tile joins; player ruling needed
7773369	Cerulean	Grave Glovewort [9]	2047397080	ItemLotParam_map.getItemFlagId		near Cerulean Coast	ambiguous_map_lot	hold	0		same-name candidates survive the committed anchor/tile joins; player ruling needed
7773454	Cerulean	Grave Glovewort [9]	2048377010	ItemLotParam_map.getItemFlagId		near Cerulean Coast Cross	ambiguous_map_lot	hold	0		same-name candidates survive the committed anchor/tile joins; player ruling needed
7773456	Cerulean	Grave Glovewort [9]	2048377030	ItemLotParam_map.getItemFlagId		near Cerulean Coast Cross	ambiguous_map_lot	hold	0		same-name candidates survive the committed anchor/tile joins; player ruling needed
7773299	Cerulean	Great Grave Glovewort	2046397020	ItemLotParam_map.getItemFlagId		near Cerulean Coast West	ambiguous_map_lot	hold	0		same-name candidates survive the committed anchor/tile joins; player ruling needed
7773305	Cerulean	Great Grave Glovewort	2046407040	ItemLotParam_map.getItemFlagId		near Cerulean Coast West	ambiguous_map_lot	hold	0		same-name candidates survive the committed anchor/tile joins; player ruling needed
7773455	Cerulean	Great Grave Glovewort	2048377020	ItemLotParam_map.getItemFlagId		near Cerulean Coast Cross	ambiguous_map_lot	hold	0		same-name candidates survive the committed anchor/tile joins; player ruling needed
7773459	Cerulean	Great Grave Glovewort	2048387010	ItemLotParam_map.getItemFlagId		near Cerulean Coast Cross	ambiguous_map_lot	hold	0		same-name candidates survive the committed anchor/tile joins; player ruling needed
7773700	Cerulean	Hefty Cracked Pot	66990	ItemLotParam_map.getItemFlagId			ambiguous_map_lot	hold	0		same-name candidates survive the committed anchor/tile joins; player ruling needed
7774434	Consecrated Snowfield	Ancient Dragon Smithing Stone	1048557700	ItemLotParam_map.getItemFlagId			ambiguous_map_lot	hold	0		same-name candidates survive the committed anchor/tile joins; player ruling needed
7772173	Consecrated Snowfield	Freezing Grease	31127010	ItemLotParam_map.getItemFlagId		near Cave of the Forlorn	ambiguous_map_lot	hold	0		same-name candidates survive the committed anchor/tile joins; player ruling needed
7772180	Consecrated Snowfield	Freezing Grease	31127090	ItemLotParam_map.getItemFlagId		near Cave of the Forlorn	ambiguous_map_lot	hold	0		same-name candidates survive the committed anchor/tile joins; player ruling needed
7772181	Consecrated Snowfield	Freezing Grease	31127100	ItemLotParam_map.getItemFlagId		near Cave of the Forlorn	ambiguous_map_lot	hold	0		same-name candidates survive the committed anchor/tile joins; player ruling needed
7774438	Consecrated Snowfield	Ghost Glovewort [9]	1048577900	ItemLotParam_map.getItemFlagId		around Ordina, Liturgical Town	ambiguous_map_lot	hold	0		same-name candidates survive the committed anchor/tile joins; player ruling needed
7774439	Consecrated Snowfield	Ghost Glovewort [9]	1048577910	ItemLotParam_map.getItemFlagId		around Ordina, Liturgical Town	ambiguous_map_lot	hold	0		same-name candidates survive the committed anchor/tile joins; player ruling needed
7774440	Consecrated Snowfield	Ghost Glovewort [9]	1048577920	ItemLotParam_map.getItemFlagId		around Ordina, Liturgical Town	ambiguous_map_lot	hold	0		same-name candidates survive the committed anchor/tile joins; player ruling needed
7774441	Consecrated Snowfield	Ghost Glovewort [9]	1048577930	ItemLotParam_map.getItemFlagId		around Ordina, Liturgical Town	ambiguous_map_lot	hold	0		same-name candidates survive the committed anchor/tile joins; player ruling needed
7773025	Consecrated Snowfield	Golden Rune [11]	1048547840	ItemLotParam_map.getItemFlagId		near Consecrated Snowfield	ambiguous_map_lot	hold	0		same-name candidates survive the committed anchor/tile joins; player ruling needed
7773069	Consecrated Snowfield	Golden Rune [11]	1049547310	ItemLotParam_map.getItemFlagId		near Consecrated Snowfield	ambiguous_map_lot	hold	0		same-name candidates survive the committed anchor/tile joins; player ruling needed
7772104	Consecrated Snowfield	Golden Rune [12]	30197000	ItemLotParam_map.getItemFlagId			ambiguous_map_lot	hold	0		same-name candidates survive the committed anchor/tile joins; player ruling needed
7772995	Consecrated Snowfield	Golden Rune [13]	1047557020	ItemLotParam_map.getItemFlagId		near Yelough Anix Tunnel	ambiguous_map_lot	hold	0		same-name candidates survive the committed anchor/tile joins; player ruling needed
7773026	Consecrated Snowfield	Golden Rune [13]	1048557300	ItemLotParam_map.getItemFlagId		near Yelough Anix Tunnel	ambiguous_map_lot	hold	0		same-name candidates survive the committed anchor/tile joins; player ruling needed
7773031	Consecrated Snowfield	Golden Rune [13]	1048577010	ItemLotParam_map.getItemFlagId		near Ordina, Liturgical Town	ambiguous_map_lot	hold	0		same-name candidates survive the committed anchor/tile joins; player ruling needed
7773033	Consecrated Snowfield	Golden Rune [13]	1048577030	ItemLotParam_map.getItemFlagId		near Ordina, Liturgical Town	ambiguous_map_lot	hold	0		same-name candidates survive the committed anchor/tile joins; player ruling needed
7773972	Consecrated Snowfield	Golden Rune [1]	30197900	ItemLotParam_map.getItemFlagId			ambiguous_map_lot	hold	0		same-name candidates survive the committed anchor/tile joins; player ruling needed
7772107	Consecrated Snowfield	Human Bone Shard	30197030	ItemLotParam_map.getItemFlagId			ambiguous_map_lot	hold	1	gameplay-wiki:eldenpedia	same-name candidates survive the committed anchor/tile joins; player ruling needed
7772106	Consecrated Snowfield	Root Resin	30197020	ItemLotParam_map.getItemFlagId			ambiguous_map_lot	hold	0		same-name candidates survive the committed anchor/tile joins; player ruling needed
7774436	Consecrated Snowfield	Somber Ancient Dragon Smithing Stone	1048567800	ItemLotParam_map.getItemFlagId			ambiguous_map_lot	hold	0		same-name candidates survive the committed anchor/tile joins; player ruling needed
7774479	Consecrated Snowfield	Somber Smithing Stone [7]	1049577700	ItemLotParam_map.getItemFlagId			ambiguous_map_lot	hold	1	gameplay-guide:redmaw	same-name candidates survive the committed anchor/tile joins; player ruling needed
7774480	Consecrated Snowfield	Somber Smithing Stone [8]	1049577710	ItemLotParam_map.getItemFlagId			ambiguous_map_lot	hold	0		same-name candidates survive the committed anchor/tile joins; player ruling needed
7774481	Consecrated Snowfield	Somber Smithing Stone [9]	1049577720	ItemLotParam_map.getItemFlagId			ambiguous_map_lot	hold	0		same-name candidates survive the committed anchor/tile joins; player ruling needed
7772177	Consecrated Snowfield	Thawfrost Boluses	31127060	ItemLotParam_map.getItemFlagId		near Cave of the Forlorn	ambiguous_map_lot	hold	0		same-name candidates survive the committed anchor/tile joins; player ruling needed
7772179	Consecrated Snowfield	Thawfrost Boluses	31127080	ItemLotParam_map.getItemFlagId		near Cave of the Forlorn	ambiguous_map_lot	hold	0		same-name candidates survive the committed anchor/tile joins; player ruling needed
7771272	Deeproot Depths	Golden Rune [8]	12037280	ItemLotParam_map.getItemFlagId		near The Nameless Eternal City	ambiguous_map_lot	hold	0		same-name candidates survive the committed anchor/tile joins; player ruling needed
7771273	Deeproot Depths	Golden Rune [8]	12037290	ItemLotParam_map.getItemFlagId		near The Nameless Eternal City	ambiguous_map_lot	hold	0		same-name candidates survive the committed anchor/tile joins; player ruling needed
7771281	Deeproot Depths	Golden Rune [8]	12037370	ItemLotParam_map.getItemFlagId		near The Nameless Eternal City	ambiguous_map_lot	hold	0		same-name candidates survive the committed anchor/tile joins; player ruling needed
7771283	Deeproot Depths	Golden Rune [8]	12037390	ItemLotParam_map.getItemFlagId		near The Nameless Eternal City	ambiguous_map_lot	hold	0		same-name candidates survive the committed anchor/tile joins; player ruling needed
7771287	Deeproot Depths	Golden Rune [8]	12037430	ItemLotParam_map.getItemFlagId		near The Nameless Eternal City	ambiguous_map_lot	hold	0		same-name candidates survive the committed anchor/tile joins; player ruling needed
7771291	Deeproot Depths	Golden Rune [8]	12037470	ItemLotParam_map.getItemFlagId		near The Nameless Eternal City	ambiguous_map_lot	hold	0		same-name candidates survive the committed anchor/tile joins; player ruling needed
7771298	Deeproot Depths	Golden Rune [8]	12037540	ItemLotParam_map.getItemFlagId		near The Nameless Eternal City	ambiguous_map_lot	hold	0		same-name candidates survive the committed anchor/tile joins; player ruling needed
7771300	Deeproot Depths	Numen's Rune	12037800	ItemLotParam_map.getItemFlagId		around Root-Facing Cliffs	ambiguous_map_lot	hold	0		same-name candidates survive the committed anchor/tile joins; player ruling needed
7771301	Deeproot Depths	Numen's Rune	12037810	ItemLotParam_map.getItemFlagId		around Root-Facing Cliffs	ambiguous_map_lot	hold	0		same-name candidates survive the committed anchor/tile joins; player ruling needed
7771302	Deeproot Depths	Numen's Rune	12037820	ItemLotParam_map.getItemFlagId		around Root-Facing Cliffs	ambiguous_map_lot	hold	0		same-name candidates survive the committed anchor/tile joins; player ruling needed
7771303	Deeproot Depths	Numen's Rune	12037830	ItemLotParam_map.getItemFlagId		around Root-Facing Cliffs	ambiguous_map_lot	hold	0		same-name candidates survive the committed anchor/tile joins; player ruling needed
7771304	Deeproot Depths	Numen's Rune	12037840	ItemLotParam_map.getItemFlagId		around Root-Facing Cliffs	ambiguous_map_lot	hold	0		same-name candidates survive the committed anchor/tile joins; player ruling needed
7771305	Deeproot Depths	Numen's Rune	12037850	ItemLotParam_map.getItemFlagId		around Root-Facing Cliffs	ambiguous_map_lot	hold	0		same-name candidates survive the committed anchor/tile joins; player ruling needed
7771253	Deeproot Depths	Smithing Stone [4]	12037090	ItemLotParam_map.getItemFlagId		near Deeproot Depths	ambiguous_map_lot	hold	0		same-name candidates survive the committed anchor/tile joins; player ruling needed
7771257	Deeproot Depths	Smithing Stone [4]	12037130	ItemLotParam_map.getItemFlagId		near Deeproot Depths	ambiguous_map_lot	hold	0		same-name candidates survive the committed anchor/tile joins; player ruling needed
7771285	Deeproot Depths	Smithing Stone [4]	12037410	ItemLotParam_map.getItemFlagId		near The Nameless Eternal City	ambiguous_map_lot	hold	0		same-name candidates survive the committed anchor/tile joins; player ruling needed
7771289	Deeproot Depths	Smithing Stone [4]	12037450	ItemLotParam_map.getItemFlagId		near The Nameless Eternal City	ambiguous_map_lot	hold	0		same-name candidates survive the committed anchor/tile joins; player ruling needed
7771292	Deeproot Depths	Smithing Stone [5]	12037480	ItemLotParam_map.getItemFlagId		near The Nameless Eternal City	ambiguous_map_lot	hold	0		same-name candidates survive the committed anchor/tile joins; player ruling needed
7771293	Deeproot Depths	Smithing Stone [5]	12037490	ItemLotParam_map.getItemFlagId		near The Nameless Eternal City	ambiguous_map_lot	hold	0		same-name candidates survive the committed anchor/tile joins; player ruling needed
7771263	Deeproot Depths	Smithing Stone [6]	12037190	ItemLotParam_map.getItemFlagId		near The Nameless Eternal City	ambiguous_map_lot	hold	0		same-name candidates survive the committed anchor/tile joins; player ruling needed
7771282	Deeproot Depths	Smithing Stone [6]	12037380	ItemLotParam_map.getItemFlagId		near The Nameless Eternal City	ambiguous_map_lot	hold	0		same-name candidates survive the committed anchor/tile joins; player ruling needed
7770787	Deeproot Depths	Somber Smithing Stone [6]	540668	ItemLotParam_map.getItemFlagId		around Root-Facing Cliffs	ambiguous_map_lot	hold	0		same-name candidates survive the committed anchor/tile joins; player ruling needed
7770788	Deeproot Depths	Somber Smithing Stone [6]	540670	ItemLotParam_map.getItemFlagId		around Root-Facing Cliffs	ambiguous_map_lot	hold	0		same-name candidates survive the committed anchor/tile joins; player ruling needed
7771267	Deeproot Depths	Somber Smithing Stone [7]	12037230	ItemLotParam_map.getItemFlagId		near The Nameless Eternal City	ambiguous_map_lot	hold	0		same-name candidates survive the committed anchor/tile joins; player ruling needed
7771268	Deeproot Depths	Somber Smithing Stone [7]	12037240	ItemLotParam_map.getItemFlagId		near The Nameless Eternal City	ambiguous_map_lot	hold	0		same-name candidates survive the committed anchor/tile joins; player ruling needed
7771269	Deeproot Depths	Somber Smithing Stone [7]	12037250	ItemLotParam_map.getItemFlagId		near The Nameless Eternal City	ambiguous_map_lot	hold	0		same-name candidates survive the committed anchor/tile joins; player ruling needed
7771297	Deeproot Depths	Somber Smithing Stone [7]	12037530	ItemLotParam_map.getItemFlagId		near The Nameless Eternal City	ambiguous_map_lot	hold	0		same-name candidates survive the committed anchor/tile joins; player ruling needed
7771874	Enir Ilim	Fireproof Pickled Liver	20017600	ItemLotParam_map.getItemFlagId		near First Rise	ambiguous_map_lot	hold	0		same-name candidates survive the committed anchor/tile joins; player ruling needed
7771880	Enir Ilim	Fireproof Pickled Liver	20017660	ItemLotParam_map.getItemFlagId		near First Rise	ambiguous_map_lot	hold	0		same-name candidates survive the committed anchor/tile joins; player ruling needed
7771816	Enir Ilim	Rada Fruit	20017020	ItemLotParam_map.getItemFlagId		near First Rise	ambiguous_map_lot	hold	0		same-name candidates survive the committed anchor/tile joins; player ruling needed
7771819	Enir Ilim	Rada Fruit	20017050	ItemLotParam_map.getItemFlagId		near First Rise	ambiguous_map_lot	hold	0		same-name candidates survive the committed anchor/tile joins; player ruling needed
7771820	Enir Ilim	Rada Fruit	20017060	ItemLotParam_map.getItemFlagId		near First Rise	ambiguous_map_lot	hold	0		same-name candidates survive the committed anchor/tile joins; player ruling needed
7771821	Enir Ilim	Rada Fruit	20017070	ItemLotParam_map.getItemFlagId		near First Rise	ambiguous_map_lot	hold	0		same-name candidates survive the committed anchor/tile joins; player ruling needed
7771822	Enir Ilim	Rada Fruit	20017080	ItemLotParam_map.getItemFlagId		near First Rise	ambiguous_map_lot	hold	0		same-name candidates survive the committed anchor/tile joins; player ruling needed
7771823	Enir Ilim	Rada Fruit	20017090	ItemLotParam_map.getItemFlagId		near First Rise	ambiguous_map_lot	hold	0		same-name candidates survive the committed anchor/tile joins; player ruling needed
7771824	Enir Ilim	Rada Fruit	20017100	ItemLotParam_map.getItemFlagId		near First Rise	ambiguous_map_lot	hold	0		same-name candidates survive the committed anchor/tile joins; player ruling needed
7771826	Enir Ilim	Rada Fruit	20017120	ItemLotParam_map.getItemFlagId		near First Rise	ambiguous_map_lot	hold	0		same-name candidates survive the committed anchor/tile joins; player ruling needed
7771829	Enir Ilim	Rada Fruit	20017150	ItemLotParam_map.getItemFlagId		near First Rise	ambiguous_map_lot	hold	0		same-name candidates survive the committed anchor/tile joins; player ruling needed
7771835	Enir Ilim	Rada Fruit	20017210	ItemLotParam_map.getItemFlagId		near First Rise	ambiguous_map_lot	hold	0		same-name candidates survive the committed anchor/tile joins; player ruling needed
7771838	Enir Ilim	Rada Fruit	20017240	ItemLotParam_map.getItemFlagId		near First Rise	ambiguous_map_lot	hold	0		same-name candidates survive the committed anchor/tile joins; player ruling needed
7771839	Enir Ilim	Rada Fruit	20017250	ItemLotParam_map.getItemFlagId		near First Rise	ambiguous_map_lot	hold	0		same-name candidates survive the committed anchor/tile joins; player ruling needed
7771840	Enir Ilim	Rada Fruit	20017260	ItemLotParam_map.getItemFlagId		near First Rise	ambiguous_map_lot	hold	0		same-name candidates survive the committed anchor/tile joins; player ruling needed
7771841	Enir Ilim	Rada Fruit	20017270	ItemLotParam_map.getItemFlagId		near First Rise	ambiguous_map_lot	hold	0		same-name candidates survive the committed anchor/tile joins; player ruling needed
7771842	Enir Ilim	Rada Fruit	20017280	ItemLotParam_map.getItemFlagId		near First Rise	ambiguous_map_lot	hold	0		same-name candidates survive the committed anchor/tile joins; player ruling needed
7771843	Enir Ilim	Rada Fruit	20017290	ItemLotParam_map.getItemFlagId		near First Rise	ambiguous_map_lot	hold	0		same-name candidates survive the committed anchor/tile joins; player ruling needed
7771850	Enir Ilim	Rada Fruit	20017360	ItemLotParam_map.getItemFlagId		near Spiral Rise	ambiguous_map_lot	hold	0		same-name candidates survive the committed anchor/tile joins; player ruling needed
7771851	Enir Ilim	Rada Fruit	20017370	ItemLotParam_map.getItemFlagId		near Spiral Rise	ambiguous_map_lot	hold	0		same-name candidates survive the committed anchor/tile joins; player ruling needed
7771853	Enir Ilim	Rada Fruit	20017390	ItemLotParam_map.getItemFlagId		near Spiral Rise	ambiguous_map_lot	hold	0		same-name candidates survive the committed anchor/tile joins; player ruling needed
7771860	Enir Ilim	Rada Fruit	20017460	ItemLotParam_map.getItemFlagId		near Spiral Rise	ambiguous_map_lot	hold	0		same-name candidates survive the committed anchor/tile joins; player ruling needed
7771865	Enir Ilim	Rada Fruit	20017510	ItemLotParam_map.getItemFlagId		near Spiral Rise	ambiguous_map_lot	hold	0		same-name candidates survive the committed anchor/tile joins; player ruling needed
7771867	Enir Ilim	Rada Fruit	20017530	ItemLotParam_map.getItemFlagId		near Cleansing Chamber Anteroom	ambiguous_map_lot	hold	0		same-name candidates survive the committed anchor/tile joins; player ruling needed
7771868	Enir Ilim	Rada Fruit	20017540	ItemLotParam_map.getItemFlagId		near Cleansing Chamber Anteroom	ambiguous_map_lot	hold	0		same-name candidates survive the committed anchor/tile joins; player ruling needed
7771870	Enir Ilim	Rada Fruit	20017560	ItemLotParam_map.getItemFlagId		near First Rise	ambiguous_map_lot	hold	0		same-name candidates survive the committed anchor/tile joins; player ruling needed
7771871	Enir Ilim	Rada Fruit	20017570	ItemLotParam_map.getItemFlagId		near First Rise	ambiguous_map_lot	hold	0		same-name candidates survive the committed anchor/tile joins; player ruling needed
7771872	Enir Ilim	Rada Fruit	20017580	ItemLotParam_map.getItemFlagId		near First Rise	ambiguous_map_lot	hold	0		same-name candidates survive the committed anchor/tile joins; player ruling needed
7771873	Enir Ilim	Rada Fruit	20017590	ItemLotParam_map.getItemFlagId		near First Rise	ambiguous_map_lot	hold	0		same-name candidates survive the committed anchor/tile joins; player ruling needed
7771875	Enir Ilim	Rada Fruit	20017610	ItemLotParam_map.getItemFlagId		near First Rise	ambiguous_map_lot	hold	0		same-name candidates survive the committed anchor/tile joins; player ruling needed
7771818	Enir Ilim	Somber Smithing Stone [8]	20017040	ItemLotParam_map.getItemFlagId		near First Rise	ambiguous_map_lot	hold	0		same-name candidates survive the committed anchor/tile joins; player ruling needed
7771879	Enir Ilim	Somber Smithing Stone [8]	20017650	ItemLotParam_map.getItemFlagId		near First Rise	ambiguous_map_lot	hold	0		same-name candidates survive the committed anchor/tile joins; player ruling needed
7773420	Ensis	Knot Resin	2047447210	ItemLotParam_map.getItemFlagId		near Castle Ensis Checkpoint	ambiguous_map_lot	hold	0		same-name candidates survive the committed anchor/tile joins; player ruling needed
7773484	Ensis	Knot Resin	2048447000	ItemLotParam_map.getItemFlagId		near Castle Ensis Checkpoint	ambiguous_map_lot	hold	0		same-name candidates survive the committed anchor/tile joins; player ruling needed
7773489	Ensis	Somber Smithing Stone [7]	2048447050	ItemLotParam_map.getItemFlagId		near Castle-Lord's Chamber	ambiguous_map_lot	hold	1	gameplay-guide:redmaw	same-name candidates survive the committed anchor/tile joins; player ruling needed
7773491	Ensis	Somber Smithing Stone [7]	2048447070	ItemLotParam_map.getItemFlagId		near Castle-Lord's Chamber	ambiguous_map_lot	hold	0		same-name candidates survive the committed anchor/tile joins; player ruling needed
7774637	Ensis	Somber Smithing Stone [8]	540920	ItemLotParam_map.getItemFlagId		around Castle-Lord's Chamber	ambiguous_map_lot	hold	0		same-name candidates survive the committed anchor/tile joins; player ruling needed
7774638	Ensis	Somber Smithing Stone [8]	540922	ItemLotParam_map.getItemFlagId		around Castle-Lord's Chamber	ambiguous_map_lot	hold	0		same-name candidates survive the committed anchor/tile joins; player ruling needed
7771486	Farum Azula	Ancient Dragon Smithing Stone	13007991	ItemLotParam_map.getItemFlagId		around Crumbling Beast Grave	ambiguous_map_lot	hold	0		same-name candidates survive the committed anchor/tile joins; player ruling needed
7771487	Farum Azula	Ancient Dragon Smithing Stone	13007993	ItemLotParam_map.getItemFlagId		around Crumbling Beast Grave	ambiguous_map_lot	hold	0		same-name candidates survive the committed anchor/tile joins; player ruling needed
7771431	Farum Azula	Golden Rune [12]	13007310	ItemLotParam_map.getItemFlagId		near Dragon Temple	ambiguous_map_lot	hold	0		same-name candidates survive the committed anchor/tile joins; player ruling needed
7771435	Farum Azula	Golden Rune [12]	13007360	ItemLotParam_map.getItemFlagId		near Dragon Temple Altar	ambiguous_map_lot	hold	0		same-name candidates survive the committed anchor/tile joins; player ruling needed
7771445	Farum Azula	Golden Rune [12]	13007490	ItemLotParam_map.getItemFlagId		near Beside the Great Bridge	ambiguous_map_lot	hold	0		same-name candidates survive the committed anchor/tile joins; player ruling needed
7771451	Farum Azula	Golden Rune [12]	13007550	ItemLotParam_map.getItemFlagId		near Dragon Temple Altar	ambiguous_map_lot	hold	0		same-name candidates survive the committed anchor/tile joins; player ruling needed
7771457	Farum Azula	Golden Rune [12]	13007620	ItemLotParam_map.getItemFlagId		near Dragon Temple	ambiguous_map_lot	hold	0		same-name candidates survive the committed anchor/tile joins; player ruling needed
7771464	Farum Azula	Golden Rune [12]	13007720	ItemLotParam_map.getItemFlagId		near Beside the Great Bridge	ambiguous_map_lot	hold	0		same-name candidates survive the committed anchor/tile joins; player ruling needed
7771470	Farum Azula	Golden Rune [12]	13007800	ItemLotParam_map.getItemFlagId		near Dragon Temple Altar	ambiguous_map_lot	hold	0		same-name candidates survive the committed anchor/tile joins; player ruling needed
7771428	Farum Azula	Gravel Stone	13007280	ItemLotParam_map.getItemFlagId		near Dragon Temple	ambiguous_map_lot	hold	0		same-name candidates survive the committed anchor/tile joins; player ruling needed
7771429	Farum Azula	Gravel Stone	13007290	ItemLotParam_map.getItemFlagId		near Dragon Temple	ambiguous_map_lot	hold	0		same-name candidates survive the committed anchor/tile joins; player ruling needed
7771400	Farum Azula	Smithing Stone [8]	13007000	ItemLotParam_map.getItemFlagId		near Crumbling Beast Grave	ambiguous_map_lot	hold	0		same-name candidates survive the committed anchor/tile joins; player ruling needed
7771409	Farum Azula	Smithing Stone [8]	13007050	ItemLotParam_map.getItemFlagId		near Crumbling Beast Grave	ambiguous_map_lot	hold	0		same-name candidates survive the committed anchor/tile joins; player ruling needed
7771411	Farum Azula	Smithing Stone [8]	13007070	ItemLotParam_map.getItemFlagId		near Tempest-Facing Balcony	ambiguous_map_lot	hold	0		same-name candidates survive the committed anchor/tile joins; player ruling needed
7771412	Farum Azula	Smithing Stone [8]	13007080	ItemLotParam_map.getItemFlagId		near Crumbling Beast Grave Depths	ambiguous_map_lot	hold	0		same-name candidates survive the committed anchor/tile joins; player ruling needed
7771421	Farum Azula	Smithing Stone [8]	13007190	ItemLotParam_map.getItemFlagId		near Crumbling Beast Grave Depths	ambiguous_map_lot	hold	0		same-name candidates survive the committed anchor/tile joins; player ruling needed
7771423	Farum Azula	Smithing Stone [8]	13007220	ItemLotParam_map.getItemFlagId		near Crumbling Beast Grave Depths	ambiguous_map_lot	hold	0		same-name candidates survive the committed anchor/tile joins; player ruling needed
7771477	Farum Azula	Smithing Stone [8]	13007880	ItemLotParam_map.getItemFlagId		near Tempest-Facing Balcony	ambiguous_map_lot	hold	0		same-name candidates survive the committed anchor/tile joins; player ruling needed
7771437	Farum Azula	Somber Smithing Stone [9]	13007390	ItemLotParam_map.getItemFlagId		near Dragon Temple	ambiguous_map_lot	hold	0		same-name candidates survive the committed anchor/tile joins; player ruling needed
7771476	Farum Azula	Somber Smithing Stone [9]	13007870	ItemLotParam_map.getItemFlagId		near Dragon Temple	ambiguous_map_lot	hold	0		same-name candidates survive the committed anchor/tile joins; player ruling needed
7773379	Gravesite	Black Pyrefly	2047417000	ItemLotParam_map.getItemFlagId		near Scorched Ruins	ambiguous_map_lot	hold	0		same-name candidates survive the committed anchor/tile joins; player ruling needed
7773383	Gravesite	Black Pyrefly	2047417060	ItemLotParam_map.getItemFlagId		near Scorched Ruins	ambiguous_map_lot	hold	0		same-name candidates survive the committed anchor/tile joins; player ruling needed
7772430	Gravesite	Frozen Maggot	41007000	ItemLotParam_map.getItemFlagId		near Belurat Gaol	ambiguous_map_lot	hold	0		same-name candidates survive the committed anchor/tile joins; player ruling needed
7774047	Gravesite	Frozen Maggot	41007020	ItemLotParam_map.getItemFlagId		near Belurat Gaol	ambiguous_map_lot	hold	0		same-name candidates survive the committed anchor/tile joins; player ruling needed
7773313	Gravesite	Furnace Visage	2046437700	ItemLotParam_map.getItemFlagId		near Greatbridge, North	ambiguous_map_lot	hold	0		same-name candidates survive the committed anchor/tile joins; player ruling needed
7773314	Gravesite	Furnace Visage	2046437710	ItemLotParam_map.getItemFlagId		near Greatbridge, North	ambiguous_map_lot	hold	0		same-name candidates survive the committed anchor/tile joins; player ruling needed
7770077	Gravesite	Hefty Cracked Pot	66910	ItemLotParam_map.getItemFlagId		near Belurat Gaol	ambiguous_map_lot	hold	0		same-name candidates survive the committed anchor/tile joins; player ruling needed
7773695	Gravesite	Hefty Cracked Pot	66900	ItemLotParam_map.getItemFlagId		near Belurat Gaol	ambiguous_map_lot	hold	0		same-name candidates survive the committed anchor/tile joins; player ruling needed
7773696	Gravesite	Hefty Cracked Pot	66920	ItemLotParam_map.getItemFlagId		near Belurat Gaol	ambiguous_map_lot	hold	0		same-name candidates survive the committed anchor/tile joins; player ruling needed
7774095	Gravesite	Sacred Bloody Flesh	43007040	ItemLotParam_map.getItemFlagId		near Rivermouth Cave	ambiguous_map_lot	hold	0		same-name candidates survive the committed anchor/tile joins; player ruling needed
7774096	Gravesite	Sacred Bloody Flesh	43007050	ItemLotParam_map.getItemFlagId		near Rivermouth Cave	ambiguous_map_lot	hold	0		same-name candidates survive the committed anchor/tile joins; player ruling needed
7772431	Gravesite	Smithing Stone [6]	41007200	ItemLotParam_map.getItemFlagId		near Belurat Gaol	ambiguous_map_lot	hold	0		same-name candidates survive the committed anchor/tile joins; player ruling needed
7772432	Gravesite	Smithing Stone [6]	41007260	ItemLotParam_map.getItemFlagId		near Belurat Gaol	ambiguous_map_lot	hold	0		same-name candidates survive the committed anchor/tile joins; player ruling needed
7774078	Gravesite	Smithing Stone [7]	42007130	ItemLotParam_map.getItemFlagId		near Ruined Forge Lava Intake	ambiguous_map_lot	hold	0		same-name candidates survive the committed anchor/tile joins; player ruling needed
7774079	Gravesite	Smithing Stone [7]	42007140	ItemLotParam_map.getItemFlagId		near Ruined Forge Lava Intake	ambiguous_map_lot	hold	0		same-name candidates survive the committed anchor/tile joins; player ruling needed
7773278	Gravesite	Sword of Darkness	2045477700	ItemLotParam_map.getItemFlagId		around Fog Rift Catacombs	ambiguous_map_lot	hold	0		same-name candidates survive the committed anchor/tile joins; player ruling needed
7773279	Gravesite	Sword of Darkness	2045477710	ItemLotParam_map.getItemFlagId		around Fog Rift Catacombs	ambiguous_map_lot	hold	0		same-name candidates survive the committed anchor/tile joins; player ruling needed
7773280	Gravesite	Sword of Darkness	2045477720	ItemLotParam_map.getItemFlagId		around Fog Rift Catacombs	ambiguous_map_lot	hold	0		same-name candidates survive the committed anchor/tile joins; player ruling needed
7773281	Gravesite	Sword of Darkness	2045477730	ItemLotParam_map.getItemFlagId		around Fog Rift Catacombs	ambiguous_map_lot	hold	0		same-name candidates survive the committed anchor/tile joins; player ruling needed
7773282	Gravesite	Sword of Darkness	2045477740	ItemLotParam_map.getItemFlagId		around Fog Rift Catacombs	ambiguous_map_lot	hold	0		same-name candidates survive the committed anchor/tile joins; player ruling needed
7773283	Gravesite	Sword of Darkness	2045477750	ItemLotParam_map.getItemFlagId		around Fog Rift Catacombs	ambiguous_map_lot	hold	0		same-name candidates survive the committed anchor/tile joins; player ruling needed
7773284	Gravesite	Sword of Darkness	2045477760	ItemLotParam_map.getItemFlagId		around Fog Rift Catacombs	ambiguous_map_lot	hold	0		same-name candidates survive the committed anchor/tile joins; player ruling needed
7773285	Gravesite	Sword of Darkness	2045477770	ItemLotParam_map.getItemFlagId		around Fog Rift Catacombs	ambiguous_map_lot	hold	0		same-name candidates survive the committed anchor/tile joins; player ruling needed
7773286	Gravesite	Sword of Darkness	2045477780	ItemLotParam_map.getItemFlagId		around Fog Rift Catacombs	ambiguous_map_lot	hold	0		same-name candidates survive the committed anchor/tile joins; player ruling needed
7773287	Gravesite	Sword of Darkness	2045477790	ItemLotParam_map.getItemFlagId		around Fog Rift Catacombs	ambiguous_map_lot	hold	0		same-name candidates survive the committed anchor/tile joins; player ruling needed
7773288	Gravesite	Sword of Darkness	2045477800	ItemLotParam_map.getItemFlagId		around Fog Rift Catacombs	ambiguous_map_lot	hold	0		same-name candidates survive the committed anchor/tile joins; player ruling needed
7771567	Haligtree	Golden Rune [10]	15007020	ItemLotParam_map.getItemFlagId		near Haligtree Canopy	ambiguous_map_lot	hold	0		same-name candidates survive the committed anchor/tile joins; player ruling needed
7771572	Haligtree	Golden Rune [10]	15007070	ItemLotParam_map.getItemFlagId		near Haligtree Canopy	ambiguous_map_lot	hold	0		same-name candidates survive the committed anchor/tile joins; player ruling needed
7771628	Haligtree	Golden Rune [10]	15007630	ItemLotParam_map.getItemFlagId		near Drainage Channel	ambiguous_map_lot	hold	0		same-name candidates survive the committed anchor/tile joins; player ruling needed
7771655	Haligtree	Golden Rune [10]	15007900	ItemLotParam_map.getItemFlagId		near Drainage Channel	ambiguous_map_lot	hold	0		same-name candidates survive the committed anchor/tile joins; player ruling needed
7771594	Haligtree	Golden Rune [12]	15007290	ItemLotParam_map.getItemFlagId		near Haligtree Town Plaza	ambiguous_map_lot	hold	0		same-name candidates survive the committed anchor/tile joins; player ruling needed
7771599	Haligtree	Golden Rune [12]	15007340	ItemLotParam_map.getItemFlagId		near Haligtree Town Plaza	ambiguous_map_lot	hold	0		same-name candidates survive the committed anchor/tile joins; player ruling needed
7771555	Haligtree	Golden Rune [1]	15001250	ItemLotParam_map.getItemFlagId		around Prayer Room	ambiguous_map_lot	hold	0		same-name candidates survive the committed anchor/tile joins; player ruling needed
7771556	Haligtree	Golden Rune [1]	15001260	ItemLotParam_map.getItemFlagId		around Prayer Room	ambiguous_map_lot	hold	0		same-name candidates survive the committed anchor/tile joins; player ruling needed
7771559	Haligtree	Golden Rune [1]	15001290	ItemLotParam_map.getItemFlagId		around Prayer Room	ambiguous_map_lot	hold	0		same-name candidates survive the committed anchor/tile joins; player ruling needed
7771583	Haligtree	Golden Rune [1]	15007180	ItemLotParam_map.getItemFlagId		near Haligtree Town	ambiguous_map_lot	hold	0		same-name candidates survive the committed anchor/tile joins; player ruling needed
7771584	Haligtree	Golden Rune [1]	15007190	ItemLotParam_map.getItemFlagId		near Haligtree Town	ambiguous_map_lot	hold	0		same-name candidates survive the committed anchor/tile joins; player ruling needed
7771606	Haligtree	Golden Rune [1]	15007410	ItemLotParam_map.getItemFlagId		near Haligtree Town	ambiguous_map_lot	hold	0		same-name candidates survive the committed anchor/tile joins; player ruling needed
7771607	Haligtree	Golden Rune [1]	15007420	ItemLotParam_map.getItemFlagId		near Haligtree Town	ambiguous_map_lot	hold	0		same-name candidates survive the committed anchor/tile joins; player ruling needed
7771608	Haligtree	Golden Rune [1]	15007430	ItemLotParam_map.getItemFlagId		near Haligtree Town	ambiguous_map_lot	hold	0		same-name candidates survive the committed anchor/tile joins; player ruling needed
7771609	Haligtree	Golden Rune [1]	15007440	ItemLotParam_map.getItemFlagId		near Haligtree Town	ambiguous_map_lot	hold	0		same-name candidates survive the committed anchor/tile joins; player ruling needed
7771612	Haligtree	Golden Rune [1]	15007470	ItemLotParam_map.getItemFlagId		near Haligtree Promenade	ambiguous_map_lot	hold	0		same-name candidates survive the committed anchor/tile joins; player ruling needed
7771613	Haligtree	Golden Rune [1]	15007480	ItemLotParam_map.getItemFlagId		near Haligtree Promenade	ambiguous_map_lot	hold	0		same-name candidates survive the committed anchor/tile joins; player ruling needed
7771620	Haligtree	Smithing Stone [7]	15007550	ItemLotParam_map.getItemFlagId		near Drainage Channel	ambiguous_map_lot	hold	0		same-name candidates survive the committed anchor/tile joins; player ruling needed
7771629	Haligtree	Smithing Stone [7]	15007640	ItemLotParam_map.getItemFlagId		near Drainage Channel	ambiguous_map_lot	hold	0		same-name candidates survive the committed anchor/tile joins; player ruling needed
7771633	Haligtree	Smithing Stone [8]	15007680	ItemLotParam_map.getItemFlagId		near Elphael Inner Wall	ambiguous_map_lot	hold	0		same-name candidates survive the committed anchor/tile joins; player ruling needed
7771638	Haligtree	Smithing Stone [8]	15007730	ItemLotParam_map.getItemFlagId		near Elphael Inner Wall	ambiguous_map_lot	hold	0		same-name candidates survive the committed anchor/tile joins; player ruling needed
7771627	Haligtree	Somber Smithing Stone [9]	15007620	ItemLotParam_map.getItemFlagId		near Drainage Channel	ambiguous_map_lot	hold	0		same-name candidates survive the committed anchor/tile joins; player ruling needed
7771641	Haligtree	Somber Smithing Stone [9]	15007760	ItemLotParam_map.getItemFlagId		near Drainage Channel	ambiguous_map_lot	hold	0		same-name candidates survive the committed anchor/tile joins; player ruling needed
7771565	Haligtree	Stonesword Key	15007000	ItemLotParam_map.getItemFlagId		near Haligtree Canopy	ambiguous_map_lot	hold	0		same-name candidates survive the committed anchor/tile joins; player ruling needed
7771568	Haligtree	Stonesword Key	15007030	ItemLotParam_map.getItemFlagId		near Haligtree Canopy	ambiguous_map_lot	hold	0		same-name candidates survive the committed anchor/tile joins; player ruling needed
7773509	Jagged Peak	Dragon Communion Harpoon	2049387000	ItemLotParam_map.getItemFlagId		near Grand Altar of Dragon Communion	ambiguous_map_lot	hold	0		same-name candidates survive the committed anchor/tile joins; player ruling needed
7773510	Jagged Peak	Dragon Communion Harpoon	2049387010	ItemLotParam_map.getItemFlagId		near Grand Altar of Dragon Communion	ambiguous_map_lot	hold	0		same-name candidates survive the committed anchor/tile joins; player ruling needed
7773512	Jagged Peak	Dragon Communion Harpoon	2049387030	ItemLotParam_map.getItemFlagId		near Grand Altar of Dragon Communion	ambiguous_map_lot	hold	0		same-name candidates survive the committed anchor/tile joins; player ruling needed
7773516	Jagged Peak	Swollen Grape	2049427700	ItemLotParam_map.getItemFlagId			ambiguous_map_lot	hold	0		same-name candidates survive the committed anchor/tile joins; player ruling needed
7773517	Jagged Peak	Swollen Grape	2049427720	ItemLotParam_map.getItemFlagId			ambiguous_map_lot	hold	0		same-name candidates survive the committed anchor/tile joins; player ruling needed
7772373	Leyndell	Glass Shard	35007300	ItemLotParam_map.getItemFlagId		near Leyndell Catacombs	ambiguous_map_lot	hold	0		same-name candidates survive the committed anchor/tile joins; player ruling needed
7772376	Leyndell	Glass Shard	35007330	ItemLotParam_map.getItemFlagId		near Leyndell Catacombs	ambiguous_map_lot	hold	0		same-name candidates survive the committed anchor/tile joins; player ruling needed
7772388	Leyndell	Glass Shard	35007470	ItemLotParam_map.getItemFlagId		near Leyndell Catacombs	ambiguous_map_lot	hold	0		same-name candidates survive the committed anchor/tile joins; player ruling needed
7772357	Leyndell	Golden Rune [11]	35007110	ItemLotParam_map.getItemFlagId		near Leyndell Catacombs	ambiguous_map_lot	hold	0		same-name candidates survive the committed anchor/tile joins; player ruling needed
7772391	Leyndell	Golden Rune [11]	35007510	ItemLotParam_map.getItemFlagId		near Leyndell Catacombs	ambiguous_map_lot	hold	0		same-name candidates survive the committed anchor/tile joins; player ruling needed
7772398	Leyndell	Golden Rune [11]	35007590	ItemLotParam_map.getItemFlagId		near Leyndell Catacombs	ambiguous_map_lot	hold	0		same-name candidates survive the committed anchor/tile joins; player ruling needed
7772349	Leyndell	Golden Rune [1]	35007020	ItemLotParam_map.getItemFlagId		around Underground Roadside	ambiguous_map_lot	hold	0		same-name candidates survive the committed anchor/tile joins; player ruling needed
7772356	Leyndell	Golden Rune [1]	35007100	ItemLotParam_map.getItemFlagId		around Underground Roadside	ambiguous_map_lot	hold	0		same-name candidates survive the committed anchor/tile joins; player ruling needed
7772397	Leyndell	Golden Rune [1]	35007580	ItemLotParam_map.getItemFlagId		around Underground Roadside	ambiguous_map_lot	hold	0		same-name candidates survive the committed anchor/tile joins; player ruling needed
7770953	Leyndell	Golden Rune [8]	11007220	ItemLotParam_map.getItemFlagId		near Avenue Balcony	ambiguous_map_lot	hold	0		same-name candidates survive the committed anchor/tile joins; player ruling needed
7770983	Leyndell	Golden Rune [8]	11007550	ItemLotParam_map.getItemFlagId		near Avenue Balcony	ambiguous_map_lot	hold	0		same-name candidates survive the committed anchor/tile joins; player ruling needed
7770961	Leyndell	Golden Rune [9]	11007280	ItemLotParam_map.getItemFlagId		near Avenue Balcony	ambiguous_map_lot	hold	0		same-name candidates survive the committed anchor/tile joins; player ruling needed
7770962	Leyndell	Golden Rune [9]	11007300	ItemLotParam_map.getItemFlagId		near East Capital Rampart	ambiguous_map_lot	hold	0		same-name candidates survive the committed anchor/tile joins; player ruling needed
7770965	Leyndell	Golden Rune [9]	11007330	ItemLotParam_map.getItemFlagId		near East Capital Rampart	ambiguous_map_lot	hold	0		same-name candidates survive the committed anchor/tile joins; player ruling needed
7770968	Leyndell	Golden Rune [9]	11007360	ItemLotParam_map.getItemFlagId		near Avenue Balcony	ambiguous_map_lot	hold	0		same-name candidates survive the committed anchor/tile joins; player ruling needed
7770975	Leyndell	Golden Rune [9]	11007450	ItemLotParam_map.getItemFlagId		near East Capital Rampart	ambiguous_map_lot	hold	0		same-name candidates survive the committed anchor/tile joins; player ruling needed
7770978	Leyndell	Golden Rune [9]	11007500	ItemLotParam_map.getItemFlagId		near Avenue Balcony	ambiguous_map_lot	hold	0		same-name candidates survive the committed anchor/tile joins; player ruling needed
7770993	Leyndell	Golden Rune [9]	11007660	ItemLotParam_map.getItemFlagId		near Avenue Balcony	ambiguous_map_lot	hold	0		same-name candidates survive the committed anchor/tile joins; player ruling needed
7771012	Leyndell	Holy Grease	11007890	ItemLotParam_map.getItemFlagId		near Erdtree Sanctuary	ambiguous_map_lot	hold	0		same-name candidates survive the committed anchor/tile joins; player ruling needed
7771015	Leyndell	Holy Grease	11007930	ItemLotParam_map.getItemFlagId		near Erdtree Sanctuary	ambiguous_map_lot	hold	0		same-name candidates survive the committed anchor/tile joins; player ruling needed
7771016	Leyndell	Holy Grease	11007940	ItemLotParam_map.getItemFlagId		near Erdtree Sanctuary	ambiguous_map_lot	hold	0		same-name candidates survive the committed anchor/tile joins; player ruling needed
7770071	Leyndell	Perfume Bottle	66720	ItemLotParam_map.getItemFlagId		near Queen's Bedchamber	ambiguous_map_lot	hold	0		same-name candidates survive the committed anchor/tile joins; player ruling needed
7773692	Leyndell	Perfume Bottle	66710	ItemLotParam_map.getItemFlagId		near Queen's Bedchamber	ambiguous_map_lot	hold	0		same-name candidates survive the committed anchor/tile joins; player ruling needed
7772378	Leyndell	Poisoned Stone	35007350	ItemLotParam_map.getItemFlagId		near Underground Roadside	ambiguous_map_lot	hold	0		same-name candidates survive the committed anchor/tile joins; player ruling needed
7772409	Leyndell	Poisoned Stone	35007740	ItemLotParam_map.getItemFlagId		near Underground Roadside	ambiguous_map_lot	hold	0		same-name candidates survive the committed anchor/tile joins; player ruling needed
7770948	Leyndell	Smithing Stone [4]	11007190	ItemLotParam_map.getItemFlagId		near Avenue Balcony	ambiguous_map_lot	hold	0		same-name candidates survive the committed anchor/tile joins; player ruling needed
7770979	Leyndell	Smithing Stone [4]	11007510	ItemLotParam_map.getItemFlagId		near Avenue Balcony	ambiguous_map_lot	hold	0		same-name candidates survive the committed anchor/tile joins; player ruling needed
7771002	Leyndell	Smithing Stone [5]	11007760	ItemLotParam_map.getItemFlagId		near Fortified Manor, First Floor	ambiguous_map_lot	hold	0		same-name candidates survive the committed anchor/tile joins; player ruling needed
7773914	Leyndell	Smithing Stone [5]	11007700	ItemLotParam_map.getItemFlagId		near Fortified Manor, First Floor	ambiguous_map_lot	hold	0		same-name candidates survive the committed anchor/tile joins; player ruling needed
7770967	Leyndell	Smithing Stone [6]	11007350	ItemLotParam_map.getItemFlagId		near Avenue Balcony	ambiguous_map_lot	hold	0		same-name candidates survive the committed anchor/tile joins; player ruling needed
7770981	Leyndell	Smithing Stone [6]	11007530	ItemLotParam_map.getItemFlagId		near Avenue Balcony	ambiguous_map_lot	hold	0		same-name candidates survive the committed anchor/tile joins; player ruling needed
7770998	Leyndell	Smithing Stone [6]	11007720	ItemLotParam_map.getItemFlagId		near Fortified Manor, First Floor	ambiguous_map_lot	hold	0		same-name candidates survive the committed anchor/tile joins; player ruling needed
7773906	Leyndell	Smithing Stone [6]	11007100	ItemLotParam_map.getItemFlagId		near Avenue Balcony	ambiguous_map_lot	hold	0		same-name candidates survive the committed anchor/tile joins; player ruling needed
7773910	Leyndell	Smithing Stone [6]	11007290	ItemLotParam_map.getItemFlagId		near Avenue Balcony	ambiguous_map_lot	hold	0		same-name candidates survive the committed anchor/tile joins; player ruling needed
7773915	Leyndell	Smithing Stone [6]	11007780	ItemLotParam_map.getItemFlagId		near Fortified Manor, First Floor	ambiguous_map_lot	hold	0		same-name candidates survive the committed anchor/tile joins; player ruling needed
7773916	Leyndell	Smithing Stone [6]	11007820	ItemLotParam_map.getItemFlagId		near Erdtree Sanctuary	ambiguous_map_lot	hold	0		same-name candidates survive the committed anchor/tile joins; player ruling needed
7773918	Leyndell	Smithing Stone [6]	11007900	ItemLotParam_map.getItemFlagId		near Erdtree Sanctuary	ambiguous_map_lot	hold	0		same-name candidates survive the committed anchor/tile joins; player ruling needed
7772364	Leyndell	Smithing Stone [7]	35007190	ItemLotParam_map.getItemFlagId		near Underground Roadside	ambiguous_map_lot	hold	0		same-name candidates survive the committed anchor/tile joins; player ruling needed
7772367	Leyndell	Smithing Stone [7]	35007220	ItemLotParam_map.getItemFlagId		near Underground Roadside	ambiguous_map_lot	hold	0		same-name candidates survive the committed anchor/tile joins; player ruling needed
7772383	Leyndell	Smithing Stone [7]	35007410	ItemLotParam_map.getItemFlagId		near Leyndell Catacombs	ambiguous_map_lot	hold	0		same-name candidates survive the committed anchor/tile joins; player ruling needed
7772387	Leyndell	Smithing Stone [7]	35007460	ItemLotParam_map.getItemFlagId		near Leyndell Catacombs	ambiguous_map_lot	hold	0		same-name candidates survive the committed anchor/tile joins; player ruling needed
7772389	Leyndell	Smithing Stone [7]	35007480	ItemLotParam_map.getItemFlagId		near Leyndell Catacombs	ambiguous_map_lot	hold	0		same-name candidates survive the committed anchor/tile joins; player ruling needed
7772396	Leyndell	Smithing Stone [7]	35007570	ItemLotParam_map.getItemFlagId		near Underground Roadside	ambiguous_map_lot	hold	0		same-name candidates survive the committed anchor/tile joins; player ruling needed
7770947	Leyndell	Somber Smithing Stone [6]	11007185	ItemLotParam_map.getItemFlagId		around East Capital Rampart	ambiguous_map_lot	hold	0		same-name candidates survive the committed anchor/tile joins; player ruling needed
7770949	Leyndell	Somber Smithing Stone [6]	11007195	ItemLotParam_map.getItemFlagId		around East Capital Rampart	ambiguous_map_lot	hold	0		same-name candidates survive the committed anchor/tile joins; player ruling needed
7772418	Leyndell	Somber Smithing Stone [7]	35007980	ItemLotParam_map.getItemFlagId		around Underground Roadside	ambiguous_map_lot	hold	0		same-name candidates survive the committed anchor/tile joins; player ruling needed
7773913	Leyndell	Stonesword Key	11007490	ItemLotParam_map.getItemFlagId		near Avenue Balcony	ambiguous_map_lot	hold	0		same-name candidates survive the committed anchor/tile joins; player ruling needed
7773919	Leyndell	Stonesword Key	11007980	ItemLotParam_map.getItemFlagId		near Avenue Balcony	ambiguous_map_lot	hold	0		same-name candidates survive the committed anchor/tile joins; player ruling needed
7772392	Leyndell	Warming Stone	35007530	ItemLotParam_map.getItemFlagId		near Underground Roadside	ambiguous_map_lot	hold	0		same-name candidates survive the committed anchor/tile joins; player ruling needed
7772408	Leyndell	Warming Stone	35007730	ItemLotParam_map.getItemFlagId		near Underground Roadside	ambiguous_map_lot	hold	0		same-name candidates survive the committed anchor/tile joins; player ruling needed
7772949	Limgrave	Bloodrose	1046367010	ItemLotParam_map.getItemFlagId		near Fort Haight West	ambiguous_map_lot	hold	0		same-name candidates survive the committed anchor/tile joins; player ruling needed
7772950	Limgrave	Bloodrose	1046367030	ItemLotParam_map.getItemFlagId		near Fort Haight West	ambiguous_map_lot	hold	0		same-name candidates survive the committed anchor/tile joins; player ruling needed
7772876	Limgrave	Crab Eggs	1043357000	ItemLotParam_map.getItemFlagId		near Seaside Ruins	ambiguous_map_lot	hold	0		same-name candidates survive the committed anchor/tile joins; player ruling needed
7772882	Limgrave	Crab Eggs	1043367040	ItemLotParam_map.getItemFlagId		near Seaside Ruins	ambiguous_map_lot	hold	0		same-name candidates survive the committed anchor/tile joins; player ruling needed
7772827	Limgrave	Golden Rune [1]	1042387040	ItemLotParam_map.getItemFlagId		near Warmaster's Shack	ambiguous_map_lot	hold	0		same-name candidates survive the committed anchor/tile joins; player ruling needed
7772830	Limgrave	Golden Rune [1]	1042387080	ItemLotParam_map.getItemFlagId		near Warmaster's Shack	ambiguous_map_lot	hold	0		same-name candidates survive the committed anchor/tile joins; player ruling needed
7772832	Limgrave	Golden Rune [1]	1042387100	ItemLotParam_map.getItemFlagId		near Warmaster's Shack	ambiguous_map_lot	hold	0		same-name candidates survive the committed anchor/tile joins; player ruling needed
7772833	Limgrave	Golden Rune [1]	1042387110	ItemLotParam_map.getItemFlagId		near Warmaster's Shack	ambiguous_map_lot	hold	0		same-name candidates survive the committed anchor/tile joins; player ruling needed
7772922	Limgrave	Golden Rune [1]	1044367010	ItemLotParam_map.getItemFlagId		near Waypoint Ruins Cellar	ambiguous_map_lot	hold	0		same-name candidates survive the committed anchor/tile joins; player ruling needed
7772927	Limgrave	Golden Rune [1]	1044367300	ItemLotParam_map.getItemFlagId		near Waypoint Ruins Cellar	ambiguous_map_lot	hold	0		same-name candidates survive the committed anchor/tile joins; player ruling needed
7772928	Limgrave	Golden Rune [1]	1044367310	ItemLotParam_map.getItemFlagId		near Waypoint Ruins Cellar	ambiguous_map_lot	hold	0		same-name candidates survive the committed anchor/tile joins; player ruling needed
7772930	Limgrave	Golden Rune [1]	1044367330	ItemLotParam_map.getItemFlagId		near Waypoint Ruins Cellar	ambiguous_map_lot	hold	0		same-name candidates survive the committed anchor/tile joins; player ruling needed
7772932	Limgrave	Golden Rune [1]	1044377010	ItemLotParam_map.getItemFlagId		near Mistwood Outskirts	ambiguous_map_lot	hold	0		same-name candidates survive the committed anchor/tile joins; player ruling needed
7774362	Limgrave	Golden Rune [1]	1044357020	ItemLotParam_map.getItemFlagId		near Agheel Lake South	ambiguous_map_lot	hold	0		same-name candidates survive the committed anchor/tile joins; player ruling needed
7774366	Limgrave	Golden Rune [1]	1044357060	ItemLotParam_map.getItemFlagId		near Agheel Lake South	ambiguous_map_lot	hold	0		same-name candidates survive the committed anchor/tile joins; player ruling needed
7774372	Limgrave	Golden Rune [1]	1045357000	ItemLotParam_map.getItemFlagId		near Fort Haight West	ambiguous_map_lot	hold	0		same-name candidates survive the committed anchor/tile joins; player ruling needed
7774373	Limgrave	Golden Rune [1]	1045357020	ItemLotParam_map.getItemFlagId		near Fort Haight West	ambiguous_map_lot	hold	0		same-name candidates survive the committed anchor/tile joins; player ruling needed
7774377	Limgrave	Golden Rune [1]	1045357060	ItemLotParam_map.getItemFlagId		near Fort Haight West	ambiguous_map_lot	hold	0		same-name candidates survive the committed anchor/tile joins; player ruling needed
7774379	Limgrave	Golden Rune [1]	1045357080	ItemLotParam_map.getItemFlagId		near Fort Haight West	ambiguous_map_lot	hold	0		same-name candidates survive the committed anchor/tile joins; player ruling needed
7774380	Limgrave	Golden Rune [1]	1045357090	ItemLotParam_map.getItemFlagId		near Fort Haight West	ambiguous_map_lot	hold	0		same-name candidates survive the committed anchor/tile joins; player ruling needed
7774383	Limgrave	Golden Rune [1]	1045377050	ItemLotParam_map.getItemFlagId		near Mistwood Outskirts	ambiguous_map_lot	hold	0		same-name candidates survive the committed anchor/tile joins; player ruling needed
7774390	Limgrave	Golden Rune [1]	1045387020	ItemLotParam_map.getItemFlagId		near Summonwater Village Outskirts	ambiguous_map_lot	hold	0		same-name candidates survive the committed anchor/tile joins; player ruling needed
7774391	Limgrave	Golden Rune [1]	1045387030	ItemLotParam_map.getItemFlagId		near Summonwater Village Outskirts	ambiguous_map_lot	hold	0		same-name candidates survive the committed anchor/tile joins; player ruling needed
7774392	Limgrave	Golden Rune [1]	1045387040	ItemLotParam_map.getItemFlagId		near Summonwater Village Outskirts	ambiguous_map_lot	hold	0		same-name candidates survive the committed anchor/tile joins; player ruling needed
7774400	Limgrave	Golden Rune [1]	1045397050	ItemLotParam_map.getItemFlagId		near Third Church of Marika	ambiguous_map_lot	hold	0		same-name candidates survive the committed anchor/tile joins; player ruling needed
7774401	Limgrave	Golden Rune [1]	1045397060	ItemLotParam_map.getItemFlagId		near Third Church of Marika	ambiguous_map_lot	hold	0		same-name candidates survive the committed anchor/tile joins; player ruling needed
7774402	Limgrave	Golden Rune [1]	1045397070	ItemLotParam_map.getItemFlagId		near Summonwater Village Outskirts	ambiguous_map_lot	hold	0		same-name candidates survive the committed anchor/tile joins; player ruling needed
7774403	Limgrave	Golden Rune [1]	1045397080	ItemLotParam_map.getItemFlagId		near Third Church of Marika	ambiguous_map_lot	hold	0		same-name candidates survive the committed anchor/tile joins; player ruling needed
7774406	Limgrave	Golden Rune [1]	1045397110	ItemLotParam_map.getItemFlagId		near Third Church of Marika	ambiguous_map_lot	hold	0		same-name candidates survive the committed anchor/tile joins; player ruling needed
7772829	Limgrave	Golden Rune [2]	1042387070	ItemLotParam_map.getItemFlagId		near Warmaster's Shack	ambiguous_map_lot	hold	0		same-name candidates survive the committed anchor/tile joins; player ruling needed
7772831	Limgrave	Golden Rune [2]	1042387090	ItemLotParam_map.getItemFlagId		near Warmaster's Shack	ambiguous_map_lot	hold	0		same-name candidates survive the committed anchor/tile joins; player ruling needed
7772929	Limgrave	Golden Rune [2]	1044367320	ItemLotParam_map.getItemFlagId		near Waypoint Ruins Cellar	ambiguous_map_lot	hold	0		same-name candidates survive the committed anchor/tile joins; player ruling needed
7774376	Limgrave	Golden Rune [2]	1045357050	ItemLotParam_map.getItemFlagId		near Fort Haight West	ambiguous_map_lot	hold	0		same-name candidates survive the committed anchor/tile joins; player ruling needed
7774378	Limgrave	Golden Rune [2]	1045357070	ItemLotParam_map.getItemFlagId		near Fort Haight West	ambiguous_map_lot	hold	0		same-name candidates survive the committed anchor/tile joins; player ruling needed
7774381	Limgrave	Golden Rune [2]	1045377000	ItemLotParam_map.getItemFlagId		near Waypoint Ruins Cellar	ambiguous_map_lot	hold	0		same-name candidates survive the committed anchor/tile joins; player ruling needed
7774393	Limgrave	Golden Rune [2]	1045387050	ItemLotParam_map.getItemFlagId		near Summonwater Village Outskirts	ambiguous_map_lot	hold	0		same-name candidates survive the committed anchor/tile joins; player ruling needed
7774405	Limgrave	Golden Rune [2]	1045397100	ItemLotParam_map.getItemFlagId		near Summonwater Village Outskirts	ambiguous_map_lot	hold	0		same-name candidates survive the committed anchor/tile joins; player ruling needed
7774394	Limgrave	Golden Rune [4]	1045387060	ItemLotParam_map.getItemFlagId		near Summonwater Village Outskirts	ambiguous_map_lot	hold	0		same-name candidates survive the committed anchor/tile joins; player ruling needed
7774395	Limgrave	Golden Rune [4]	1045387070	ItemLotParam_map.getItemFlagId		near Summonwater Village Outskirts	ambiguous_map_lot	hold	0		same-name candidates survive the committed anchor/tile joins; player ruling needed
7774397	Limgrave	Golden Rune [4]	1045397000	ItemLotParam_map.getItemFlagId		near Summonwater Village Outskirts	ambiguous_map_lot	hold	0		same-name candidates survive the committed anchor/tile joins; player ruling needed
7772758	Limgrave	Smithing Stone [1]	1040387000	ItemLotParam_map.getItemFlagId		near Stormhill Shack	ambiguous_map_lot	hold	0		same-name candidates survive the committed anchor/tile joins; player ruling needed
7774290	Limgrave	Smithing Stone [1]	1041387030	ItemLotParam_map.getItemFlagId		near Stormhill Shack	ambiguous_map_lot	hold	1	gameplay-guide:redmaw	same-name candidates survive the committed anchor/tile joins; player ruling needed
7770730	Limgrave	Somber Smithing Stone [1]	540146	ItemLotParam_map.getItemFlagId			ambiguous_map_lot	hold	0		same-name candidates survive the committed anchor/tile joins; player ruling needed
7770051	Liurnia	Cracked Pot	66080	ItemLotParam_map.getItemFlagId		near Jarburg	ambiguous_map_lot	hold	0		same-name candidates survive the committed anchor/tile joins; player ruling needed
7770052	Liurnia	Cracked Pot	66090	ItemLotParam_map.getItemFlagId		near Jarburg	ambiguous_map_lot	hold	0		same-name candidates survive the committed anchor/tile joins; player ruling needed
7770053	Liurnia	Cracked Pot	66100	ItemLotParam_map.getItemFlagId		near Jarburg	ambiguous_map_lot	hold	0		same-name candidates survive the committed anchor/tile joins; player ruling needed
7772679	Liurnia	Eye of Yelough	1038487020	ItemLotParam_map.getItemFlagId		near Frenzied Flame Village Outskirts	ambiguous_map_lot	hold	0		same-name candidates survive the committed anchor/tile joins; player ruling needed
7772682	Liurnia	Eye of Yelough	1038487120	ItemLotParam_map.getItemFlagId		near Frenzied Flame Village Outskirts	ambiguous_map_lot	hold	0		same-name candidates survive the committed anchor/tile joins; player ruling needed
7772496	Liurnia	Golden Rune [1]	1034477110	ItemLotParam_map.getItemFlagId		near Sorcerer's Isle	ambiguous_map_lot	hold	0		same-name candidates survive the committed anchor/tile joins; player ruling needed
7772499	Liurnia	Golden Rune [1]	1034477140	ItemLotParam_map.getItemFlagId		near Sorcerer's Isle	ambiguous_map_lot	hold	0		same-name candidates survive the committed anchor/tile joins; player ruling needed
7772535	Liurnia	Golden Rune [1]	1035447010	ItemLotParam_map.getItemFlagId		near South Raya Lucaria Gate	ambiguous_map_lot	hold	0		same-name candidates survive the committed anchor/tile joins; player ruling needed
7772541	Liurnia	Golden Rune [1]	1035447070	ItemLotParam_map.getItemFlagId		near South Raya Lucaria Gate	ambiguous_map_lot	hold	0		same-name candidates survive the committed anchor/tile joins; player ruling needed
7772502	Liurnia	Golden Rune [2]	1034477170	ItemLotParam_map.getItemFlagId		near Sorcerer's Isle	ambiguous_map_lot	hold	0		same-name candidates survive the committed anchor/tile joins; player ruling needed
7772506	Liurnia	Golden Rune [2]	1034477210	ItemLotParam_map.getItemFlagId		near Sorcerer's Isle	ambiguous_map_lot	hold	0		same-name candidates survive the committed anchor/tile joins; player ruling needed
7772510	Liurnia	Golden Rune [2]	1034477500	ItemLotParam_map.getItemFlagId		near Sorcerer's Isle	ambiguous_map_lot	hold	0		same-name candidates survive the committed anchor/tile joins; player ruling needed
7772538	Liurnia	Golden Rune [2]	1035447040	ItemLotParam_map.getItemFlagId		near South Raya Lucaria Gate	ambiguous_map_lot	hold	0		same-name candidates survive the committed anchor/tile joins; player ruling needed
7772540	Liurnia	Golden Rune [2]	1035447060	ItemLotParam_map.getItemFlagId		near South Raya Lucaria Gate	ambiguous_map_lot	hold	0		same-name candidates survive the committed anchor/tile joins; player ruling needed
7772543	Liurnia	Golden Rune [2]	1035447090	ItemLotParam_map.getItemFlagId		near South Raya Lucaria Gate	ambiguous_map_lot	hold	0		same-name candidates survive the committed anchor/tile joins; player ruling needed
7772720	Liurnia	Golden Rune [2]	1039437010	ItemLotParam_map.getItemFlagId		near Jarburg	ambiguous_map_lot	hold	0		same-name candidates survive the committed anchor/tile joins; player ruling needed
7772724	Liurnia	Golden Rune [2]	1039437050	ItemLotParam_map.getItemFlagId		near Jarburg	ambiguous_map_lot	hold	0		same-name candidates survive the committed anchor/tile joins; player ruling needed
7772497	Liurnia	Golden Rune [3]	1034477120	ItemLotParam_map.getItemFlagId		near Sorcerer's Isle	ambiguous_map_lot	hold	0		same-name candidates survive the committed anchor/tile joins; player ruling needed
7772498	Liurnia	Golden Rune [3]	1034477130	ItemLotParam_map.getItemFlagId		near Sorcerer's Isle	ambiguous_map_lot	hold	0		same-name candidates survive the committed anchor/tile joins; player ruling needed
7772501	Liurnia	Golden Rune [3]	1034477160	ItemLotParam_map.getItemFlagId		near Sorcerer's Isle	ambiguous_map_lot	hold	0		same-name candidates survive the committed anchor/tile joins; player ruling needed
7772503	Liurnia	Golden Rune [3]	1034477180	ItemLotParam_map.getItemFlagId		near Sorcerer's Isle	ambiguous_map_lot	hold	0		same-name candidates survive the committed anchor/tile joins; player ruling needed
7772504	Liurnia	Golden Rune [3]	1034477190	ItemLotParam_map.getItemFlagId		near Sorcerer's Isle	ambiguous_map_lot	hold	0		same-name candidates survive the committed anchor/tile joins; player ruling needed
7772516	Liurnia	Golden Rune [3]	1034507010	ItemLotParam_map.getItemFlagId		near Ranni's Rise	ambiguous_map_lot	hold	0		same-name candidates survive the committed anchor/tile joins; player ruling needed
7772520	Liurnia	Golden Rune [3]	1034507050	ItemLotParam_map.getItemFlagId		near Ranni's Rise	ambiguous_map_lot	hold	0		same-name candidates survive the committed anchor/tile joins; player ruling needed
7772521	Liurnia	Golden Rune [3]	1034507060	ItemLotParam_map.getItemFlagId		near Ranni's Rise	ambiguous_map_lot	hold	0		same-name candidates survive the committed anchor/tile joins; player ruling needed
7772523	Liurnia	Golden Rune [3]	1034507080	ItemLotParam_map.getItemFlagId		near Ranni's Rise	ambiguous_map_lot	hold	0		same-name candidates survive the committed anchor/tile joins; player ruling needed
7772537	Liurnia	Golden Rune [3]	1035447030	ItemLotParam_map.getItemFlagId		near South Raya Lucaria Gate	ambiguous_map_lot	hold	0		same-name candidates survive the committed anchor/tile joins; player ruling needed
7772544	Liurnia	Golden Rune [3]	1035447100	ItemLotParam_map.getItemFlagId		near South Raya Lucaria Gate	ambiguous_map_lot	hold	0		same-name candidates survive the committed anchor/tile joins; player ruling needed
7772613	Liurnia	Golden Rune [3]	1037487010	ItemLotParam_map.getItemFlagId		near Mausoleum Compound	ambiguous_map_lot	hold	0		same-name candidates survive the committed anchor/tile joins; player ruling needed
7772614	Liurnia	Golden Rune [3]	1037487020	ItemLotParam_map.getItemFlagId		near Mausoleum Compound	ambiguous_map_lot	hold	0		same-name candidates survive the committed anchor/tile joins; player ruling needed
7772617	Liurnia	Golden Rune [3]	1037487050	ItemLotParam_map.getItemFlagId		near Mausoleum Compound	ambiguous_map_lot	hold	0		same-name candidates survive the committed anchor/tile joins; player ruling needed
7772620	Liurnia	Golden Rune [3]	1037487080	ItemLotParam_map.getItemFlagId		near Mausoleum Compound	ambiguous_map_lot	hold	0		same-name candidates survive the committed anchor/tile joins; player ruling needed
7772710	Liurnia	Golden Rune [3]	1039417000	ItemLotParam_map.getItemFlagId		near Liurnia Highway North	ambiguous_map_lot	hold	0		same-name candidates survive the committed anchor/tile joins; player ruling needed
7772717	Liurnia	Golden Rune [3]	1039427030	ItemLotParam_map.getItemFlagId		near Liurnia Highway North	ambiguous_map_lot	hold	0		same-name candidates survive the committed anchor/tile joins; player ruling needed
7772723	Liurnia	Golden Rune [3]	1039437040	ItemLotParam_map.getItemFlagId		near Jarburg	ambiguous_map_lot	hold	0		same-name candidates survive the committed anchor/tile joins; player ruling needed
7772725	Liurnia	Golden Rune [3]	1039437060	ItemLotParam_map.getItemFlagId		near Jarburg	ambiguous_map_lot	hold	0		same-name candidates survive the committed anchor/tile joins; player ruling needed
7772505	Liurnia	Golden Rune [4]	1034477200	ItemLotParam_map.getItemFlagId		near Sorcerer's Isle	ambiguous_map_lot	hold	0		same-name candidates survive the committed anchor/tile joins; player ruling needed
7772507	Liurnia	Golden Rune [4]	1034477220	ItemLotParam_map.getItemFlagId		near Sorcerer's Isle	ambiguous_map_lot	hold	0		same-name candidates survive the committed anchor/tile joins; player ruling needed
7772536	Liurnia	Golden Rune [4]	1035447020	ItemLotParam_map.getItemFlagId		near South Raya Lucaria Gate	ambiguous_map_lot	hold	0		same-name candidates survive the committed anchor/tile joins; player ruling needed
7772539	Liurnia	Golden Rune [4]	1035447050	ItemLotParam_map.getItemFlagId		near South Raya Lucaria Gate	ambiguous_map_lot	hold	0		same-name candidates survive the committed anchor/tile joins; player ruling needed
7773998	Liurnia	Golden Rune [5]	39207100	ItemLotParam_map.getItemFlagId		near Ruin-Strewn Precipice	ambiguous_map_lot	hold	0		same-name candidates survive the committed anchor/tile joins; player ruling needed
7773999	Liurnia	Golden Rune [5]	39207110	ItemLotParam_map.getItemFlagId		near Ruin-Strewn Precipice	ambiguous_map_lot	hold	0		same-name candidates survive the committed anchor/tile joins; player ruling needed
7772508	Liurnia	Golden Rune [6]	1034477300	ItemLotParam_map.getItemFlagId		around Sorcerer's Isle	ambiguous_map_lot	hold	0		same-name candidates survive the committed anchor/tile joins; player ruling needed
7772509	Liurnia	Golden Rune [6]	1034477310	ItemLotParam_map.getItemFlagId		around Sorcerer's Isle	ambiguous_map_lot	hold	0		same-name candidates survive the committed anchor/tile joins; player ruling needed
7772514	Liurnia	Golden Rune [6]	1034487300	ItemLotParam_map.getItemFlagId		around Northern Liurnia Lake Shore	ambiguous_map_lot	hold	0		same-name candidates survive the committed anchor/tile joins; player ruling needed
7772515	Liurnia	Golden Rune [6]	1034487310	ItemLotParam_map.getItemFlagId		around Northern Liurnia Lake Shore	ambiguous_map_lot	hold	0		same-name candidates survive the committed anchor/tile joins; player ruling needed
7772554	Liurnia	Golden Rune [6]	1035487100	ItemLotParam_map.getItemFlagId			ambiguous_map_lot	hold	0		same-name candidates survive the committed anchor/tile joins; player ruling needed
7772712	Liurnia	Golden Rune [6]	1039417300	ItemLotParam_map.getItemFlagId		around Liurnia Highway South	ambiguous_map_lot	hold	0		same-name candidates survive the committed anchor/tile joins; player ruling needed
7772713	Liurnia	Golden Rune [6]	1039417310	ItemLotParam_map.getItemFlagId		around Liurnia Highway South	ambiguous_map_lot	hold	0		same-name candidates survive the committed anchor/tile joins; player ruling needed
7770557	Liurnia	Lord of Blood's Favor	400031	ItemLotParam_map.getItemFlagId			ambiguous_map_lot	hold	0		same-name candidates survive the committed anchor/tile joins; player ruling needed
7770558	Liurnia	Lord of Blood's Favor	400033	ItemLotParam_map.getItemFlagId			ambiguous_map_lot	hold	0		same-name candidates survive the committed anchor/tile joins; player ruling needed
7772471	Liurnia	Raw Meat Dumpling	1033447000	ItemLotParam_map.getItemFlagId		near Revenger's Shack	ambiguous_map_lot	hold	0		same-name candidates survive the committed anchor/tile joins; player ruling needed
7774103	Liurnia	Raw Meat Dumpling	1033447010	ItemLotParam_map.getItemFlagId		near Revenger's Shack	ambiguous_map_lot	hold	0		same-name candidates survive the committed anchor/tile joins; player ruling needed
7774104	Liurnia	Raw Meat Dumpling	1033447020	ItemLotParam_map.getItemFlagId		near Revenger's Shack	ambiguous_map_lot	hold	0		same-name candidates survive the committed anchor/tile joins; player ruling needed
7774105	Liurnia	Raw Meat Dumpling	1033447030	ItemLotParam_map.getItemFlagId		near Revenger's Shack	ambiguous_map_lot	hold	0		same-name candidates survive the committed anchor/tile joins; player ruling needed
7774106	Liurnia	Raw Meat Dumpling	1033447040	ItemLotParam_map.getItemFlagId		near Revenger's Shack	ambiguous_map_lot	hold	0		same-name candidates survive the committed anchor/tile joins; player ruling needed
7772560	Liurnia	Rimed Crystal Bud	1035507280	ItemLotParam_map.getItemFlagId		near Main Caria Manor Gate	ambiguous_map_lot	hold	0		same-name candidates survive the committed anchor/tile joins; player ruling needed
7774145	Liurnia	Rimed Crystal Bud	1035507120	ItemLotParam_map.getItemFlagId		near Main Caria Manor Gate	ambiguous_map_lot	hold	0		same-name candidates survive the committed anchor/tile joins; player ruling needed
7774153	Liurnia	Rimed Crystal Bud	1035507250	ItemLotParam_map.getItemFlagId		near Main Caria Manor Gate	ambiguous_map_lot	hold	0		same-name candidates survive the committed anchor/tile joins; player ruling needed
7774154	Liurnia	Rimed Crystal Bud	1035507260	ItemLotParam_map.getItemFlagId		near Main Caria Manor Gate	ambiguous_map_lot	hold	0		same-name candidates survive the committed anchor/tile joins; player ruling needed
7770063	Liurnia	Ritual Pot	66430	ItemLotParam_map.getItemFlagId		near Jarburg	ambiguous_map_lot	hold	0		same-name candidates survive the committed anchor/tile joins; player ruling needed
7770064	Liurnia	Ritual Pot	66440	ItemLotParam_map.getItemFlagId		near Jarburg	ambiguous_map_lot	hold	0		same-name candidates survive the committed anchor/tile joins; player ruling needed
7772579	Liurnia	Smithing Stone [2]	1036437000	ItemLotParam_map.getItemFlagId		near Fallen Ruins of the Lake	ambiguous_map_lot	hold	0		same-name candidates survive the committed anchor/tile joins; player ruling needed
7774188	Liurnia	Smithing Stone [2]	1036447040	ItemLotParam_map.getItemFlagId		near Fallen Ruins of the Lake	ambiguous_map_lot	hold	0		same-name candidates survive the committed anchor/tile joins; player ruling needed
7772673	Liurnia	Smithing Stone [3]	1038447030	ItemLotParam_map.getItemFlagId		near Eastern Liurnia Lake Shore	ambiguous_map_lot	hold	0		same-name candidates survive the committed anchor/tile joins; player ruling needed
7772728	Liurnia	Smithing Stone [3]	1039447000	ItemLotParam_map.getItemFlagId		near Jarburg	ambiguous_map_lot	hold	0		same-name candidates survive the committed anchor/tile joins; player ruling needed
7772731	Liurnia	Smithing Stone [3]	1039447030	ItemLotParam_map.getItemFlagId		near Jarburg	ambiguous_map_lot	hold	0		same-name candidates survive the committed anchor/tile joins; player ruling needed
7774002	Liurnia	Smithing Stone [3]	39207140	ItemLotParam_map.getItemFlagId		near Ruin-Strewn Precipice	ambiguous_map_lot	hold	0		same-name candidates survive the committed anchor/tile joins; player ruling needed
7774003	Liurnia	Smithing Stone [3]	39207150	ItemLotParam_map.getItemFlagId		near Ruin-Strewn Precipice	ambiguous_map_lot	hold	0		same-name candidates survive the committed anchor/tile joins; player ruling needed
7774207	Liurnia	Smithing Stone [3]	1037457100	ItemLotParam_map.getItemFlagId		near Eastern Liurnia Lake Shore	ambiguous_map_lot	hold	0		same-name candidates survive the committed anchor/tile joins; player ruling needed
7772466	Liurnia	Smithing Stone [7]	1033417000	ItemLotParam_map.getItemFlagId		near Altar South	ambiguous_map_lot	hold	0		same-name candidates survive the committed anchor/tile joins; player ruling needed
7772468	Liurnia	Smithing Stone [7]	1033417020	ItemLotParam_map.getItemFlagId		near Altar South	ambiguous_map_lot	hold	0		same-name candidates survive the committed anchor/tile joins; player ruling needed
7770746	Liurnia	Somber Smithing Stone [2]	540252	ItemLotParam_map.getItemFlagId			ambiguous_map_lot	hold	0		same-name candidates survive the committed anchor/tile joins; player ruling needed
7770752	Liurnia	Somber Smithing Stone [2]	540264	ItemLotParam_map.getItemFlagId			ambiguous_map_lot	hold	0		same-name candidates survive the committed anchor/tile joins; player ruling needed
7770749	Liurnia	Somber Smithing Stone [3]	540258	ItemLotParam_map.getItemFlagId			ambiguous_map_lot	hold	0		same-name candidates survive the committed anchor/tile joins; player ruling needed
7772257	Liurnia	Somber Smithing Stone [3]	32027010	ItemLotParam_map.getItemFlagId		treasure · Raya Lucaria Crystal Tunnel	ambiguous_map_lot	hold	0		same-name candidates survive the committed anchor/tile joins; player ruling needed
7772260	Liurnia	Somber Smithing Stone [3]	32027040	ItemLotParam_map.getItemFlagId		treasure · Raya Lucaria Crystal Tunnel	ambiguous_map_lot	hold	0		same-name candidates survive the committed anchor/tile joins; player ruling needed
7772530	Liurnia	Starlight Shards	1035427150	ItemLotParam_map.getItemFlagId		near Cathedral of Manus Celes	ambiguous_map_lot	hold	0		same-name candidates survive the committed anchor/tile joins; player ruling needed
7772531	Liurnia	Starlight Shards	1035427200	ItemLotParam_map.getItemFlagId		near Cathedral of Manus Celes	ambiguous_map_lot	hold	0		same-name candidates survive the committed anchor/tile joins; player ruling needed
7774120	Liurnia	Starlight Shards	1035427100	ItemLotParam_map.getItemFlagId		near Cathedral of Manus Celes	ambiguous_map_lot	hold	0		same-name candidates survive the committed anchor/tile joins; player ruling needed
7774121	Liurnia	Starlight Shards	1035427110	ItemLotParam_map.getItemFlagId		near Cathedral of Manus Celes	ambiguous_map_lot	hold	0		same-name candidates survive the committed anchor/tile joins; player ruling needed
7774122	Liurnia	Starlight Shards	1035427120	ItemLotParam_map.getItemFlagId		near Cathedral of Manus Celes	ambiguous_map_lot	hold	0		same-name candidates survive the committed anchor/tile joins; player ruling needed
7774123	Liurnia	Starlight Shards	1035427130	ItemLotParam_map.getItemFlagId		near Cathedral of Manus Celes	ambiguous_map_lot	hold	0		same-name candidates survive the committed anchor/tile joins; player ruling needed
7774124	Liurnia	Starlight Shards	1035427140	ItemLotParam_map.getItemFlagId		near Cathedral of Manus Celes	ambiguous_map_lot	hold	0		same-name candidates survive the committed anchor/tile joins; player ruling needed
7774125	Liurnia	Starlight Shards	1035427160	ItemLotParam_map.getItemFlagId		near Cathedral of Manus Celes	ambiguous_map_lot	hold	0		same-name candidates survive the committed anchor/tile joins; player ruling needed
7774126	Liurnia	Starlight Shards	1035427170	ItemLotParam_map.getItemFlagId		near Cathedral of Manus Celes	ambiguous_map_lot	hold	0		same-name candidates survive the committed anchor/tile joins; player ruling needed
7774127	Liurnia	Starlight Shards	1035427180	ItemLotParam_map.getItemFlagId		near Cathedral of Manus Celes	ambiguous_map_lot	hold	0		same-name candidates survive the committed anchor/tile joins; player ruling needed
7774128	Liurnia	Starlight Shards	1035427190	ItemLotParam_map.getItemFlagId		near Cathedral of Manus Celes	ambiguous_map_lot	hold	0		same-name candidates survive the committed anchor/tile joins; player ruling needed
7771316	Mohgwyn	Blood-Tainted Excrement	12057090	ItemLotParam_map.getItemFlagId		near Dynasty Mausoleum Entrance	ambiguous_map_lot	hold	0		same-name candidates survive the committed anchor/tile joins; player ruling needed
7771320	Mohgwyn	Blood-Tainted Excrement	12057130	ItemLotParam_map.getItemFlagId		near Dynasty Mausoleum Entrance	ambiguous_map_lot	hold	0		same-name candidates survive the committed anchor/tile joins; player ruling needed
7771312	Mohgwyn	Bloodrose	12057040	ItemLotParam_map.getItemFlagId		near Palace Approach Ledge-Road	ambiguous_map_lot	hold	0		same-name candidates survive the committed anchor/tile joins; player ruling needed
7771332	Mohgwyn	Bloodrose	12057290	ItemLotParam_map.getItemFlagId		near Palace Approach Ledge-Road	ambiguous_map_lot	hold	0		same-name candidates survive the committed anchor/tile joins; player ruling needed
7771310	Mohgwyn	Golden Rune [11]	12057020	ItemLotParam_map.getItemFlagId		near Palace Approach Ledge-Road	ambiguous_map_lot	hold	0		same-name candidates survive the committed anchor/tile joins; player ruling needed
7771352	Mohgwyn	Golden Rune [11]	12057680	ItemLotParam_map.getItemFlagId		near Palace Approach Ledge-Road	ambiguous_map_lot	hold	0		same-name candidates survive the committed anchor/tile joins; player ruling needed
7771321	Mohgwyn	Golden Rune [12]	12057140	ItemLotParam_map.getItemFlagId		near Dynasty Mausoleum Entrance	ambiguous_map_lot	hold	0		same-name candidates survive the committed anchor/tile joins; player ruling needed
7771323	Mohgwyn	Golden Rune [12]	12057160	ItemLotParam_map.getItemFlagId		near Dynasty Mausoleum Entrance	ambiguous_map_lot	hold	0		same-name candidates survive the committed anchor/tile joins; player ruling needed
7771328	Mohgwyn	Golden Rune [13]	12057210	ItemLotParam_map.getItemFlagId		near Dynasty Mausoleum Entrance	ambiguous_map_lot	hold	0		same-name candidates survive the committed anchor/tile joins; player ruling needed
7771337	Mohgwyn	Golden Rune [13]	12057340	ItemLotParam_map.getItemFlagId		near Dynasty Mausoleum Entrance	ambiguous_map_lot	hold	0		same-name candidates survive the committed anchor/tile joins; player ruling needed
7770789	Mohgwyn	Golden Rune [1]	540680	ItemLotParam_map.getItemFlagId		around Palace Approach Ledge-Road	ambiguous_map_lot	hold	0		same-name candidates survive the committed anchor/tile joins; player ruling needed
7770790	Mohgwyn	Golden Rune [1]	540682	ItemLotParam_map.getItemFlagId		around Palace Approach Ledge-Road	ambiguous_map_lot	hold	0		same-name candidates survive the committed anchor/tile joins; player ruling needed
7770791	Mohgwyn	Golden Rune [1]	540684	ItemLotParam_map.getItemFlagId		around Palace Approach Ledge-Road	ambiguous_map_lot	hold	0		same-name candidates survive the committed anchor/tile joins; player ruling needed
7771327	Mohgwyn	Golden Rune [1]	12057200	ItemLotParam_map.getItemFlagId		around Palace Approach Ledge-Road	ambiguous_map_lot	hold	0		same-name candidates survive the committed anchor/tile joins; player ruling needed
7771329	Mohgwyn	Golden Rune [1]	12057240	ItemLotParam_map.getItemFlagId		around Palace Approach Ledge-Road	ambiguous_map_lot	hold	0		same-name candidates survive the committed anchor/tile joins; player ruling needed
7771330	Mohgwyn	Golden Rune [1]	12057250	ItemLotParam_map.getItemFlagId		around Palace Approach Ledge-Road	ambiguous_map_lot	hold	0		same-name candidates survive the committed anchor/tile joins; player ruling needed
7771331	Mohgwyn	Golden Rune [1]	12057280	ItemLotParam_map.getItemFlagId		around Palace Approach Ledge-Road	ambiguous_map_lot	hold	0		same-name candidates survive the committed anchor/tile joins; player ruling needed
7771341	Mohgwyn	Golden Rune [1]	12057400	ItemLotParam_map.getItemFlagId		around Palace Approach Ledge-Road	ambiguous_map_lot	hold	0		same-name candidates survive the committed anchor/tile joins; player ruling needed
7771342	Mohgwyn	Golden Rune [1]	12057410	ItemLotParam_map.getItemFlagId		around Palace Approach Ledge-Road	ambiguous_map_lot	hold	0		same-name candidates survive the committed anchor/tile joins; player ruling needed
7771343	Mohgwyn	Golden Rune [1]	12057510	ItemLotParam_map.getItemFlagId		around Palace Approach Ledge-Road	ambiguous_map_lot	hold	0		same-name candidates survive the committed anchor/tile joins; player ruling needed
7771355	Mohgwyn	Golden Rune [1]	12057710	ItemLotParam_map.getItemFlagId		around Palace Approach Ledge-Road	ambiguous_map_lot	hold	0		same-name candidates survive the committed anchor/tile joins; player ruling needed
7771335	Mohgwyn	Smithing Stone [6]	12057320	ItemLotParam_map.getItemFlagId		near Dynasty Mausoleum Entrance	ambiguous_map_lot	hold	0		same-name candidates survive the committed anchor/tile joins; player ruling needed
7771354	Mohgwyn	Smithing Stone [6]	12057700	ItemLotParam_map.getItemFlagId		near Dynasty Mausoleum Entrance	ambiguous_map_lot	hold	0		same-name candidates survive the committed anchor/tile joins; player ruling needed
7773889	Mountaintops of the Giants	Ash of War: Troll's Roar	540512	ItemLotParam_map.getItemFlagId			ambiguous_map_lot	hold	0		same-name candidates survive the committed anchor/tile joins; player ruling needed
7772103	Mountaintops of the Giants	Deathroot	30187900	ItemLotParam_map.getItemFlagId			ambiguous_map_lot	hold	0		same-name candidates survive the committed anchor/tile joins; player ruling needed
7772097	Mountaintops of the Giants	Freezing Grease	30177040	ItemLotParam_map.getItemFlagId			ambiguous_map_lot	hold	0		same-name candidates survive the committed anchor/tile joins; player ruling needed
7773149	Mountaintops of the Giants	Golden Rune [10]	1051577010	ItemLotParam_map.getItemFlagId		near Castle Sol Main Gate	ambiguous_map_lot	hold	0		same-name candidates survive the committed anchor/tile joins; player ruling needed
7773152	Mountaintops of the Giants	Golden Rune [10]	1051577040	ItemLotParam_map.getItemFlagId		near Castle Sol Main Gate	ambiguous_map_lot	hold	0		same-name candidates survive the committed anchor/tile joins; player ruling needed
7773153	Mountaintops of the Giants	Golden Rune [10]	1051577050	ItemLotParam_map.getItemFlagId		near Castle Sol Rooftop	ambiguous_map_lot	hold	0		same-name candidates survive the committed anchor/tile joins; player ruling needed
7773160	Mountaintops of the Giants	Golden Rune [10]	1051577120	ItemLotParam_map.getItemFlagId		near Castle Sol Main Gate	ambiguous_map_lot	hold	0		same-name candidates survive the committed anchor/tile joins; player ruling needed
7773183	Mountaintops of the Giants	Golden Rune [10]	1052547010	ItemLotParam_map.getItemFlagId		near Giants' Gravepost	ambiguous_map_lot	hold	0		same-name candidates survive the committed anchor/tile joins; player ruling needed
7773184	Mountaintops of the Giants	Golden Rune [10]	1052547020	ItemLotParam_map.getItemFlagId		near Giants' Gravepost	ambiguous_map_lot	hold	0		same-name candidates survive the committed anchor/tile joins; player ruling needed
7773966	Mountaintops of the Giants	Golden Rune [10]	30187000	ItemLotParam_map.getItemFlagId			ambiguous_map_lot	hold	0		same-name candidates survive the committed anchor/tile joins; player ruling needed
7774530	Mountaintops of the Giants	Golden Rune [10]	1052587820	ItemLotParam_map.getItemFlagId		near Castle Sol Rooftop	ambiguous_map_lot	hold	0		same-name candidates survive the committed anchor/tile joins; player ruling needed
7772098	Mountaintops of the Giants	Golden Rune [11]	30177050	ItemLotParam_map.getItemFlagId			ambiguous_map_lot	hold	0		same-name candidates survive the committed anchor/tile joins; player ruling needed
7774531	Mountaintops of the Giants	Golden Rune [12]	1053567700	ItemLotParam_map.getItemFlagId		around Spiritcaller Cave	ambiguous_map_lot	hold	0		same-name candidates survive the committed anchor/tile joins; player ruling needed
7774532	Mountaintops of the Giants	Golden Rune [12]	1053567710	ItemLotParam_map.getItemFlagId		around Spiritcaller Cave	ambiguous_map_lot	hold	0		same-name candidates survive the committed anchor/tile joins; player ruling needed
7774533	Mountaintops of the Giants	Golden Rune [12]	1053567720	ItemLotParam_map.getItemFlagId		around Spiritcaller Cave	ambiguous_map_lot	hold	0		same-name candidates survive the committed anchor/tile joins; player ruling needed
7773198	Mountaintops of the Giants	Golden Rune [7]	1053567800	ItemLotParam_map.getItemFlagId		near First Church of Marika	ambiguous_map_lot	hold	0		same-name candidates survive the committed anchor/tile joins; player ruling needed
7773199	Mountaintops of the Giants	Golden Rune [7]	1053567810	ItemLotParam_map.getItemFlagId		near First Church of Marika	ambiguous_map_lot	hold	0		same-name candidates survive the committed anchor/tile joins; player ruling needed
7772095	Mountaintops of the Giants	Lightning Bastard Sword	30177020	ItemLotParam_map.getItemFlagId			ambiguous_map_lot	hold	0		same-name candidates survive the committed anchor/tile joins; player ruling needed
7773145	Mountaintops of the Giants	Miquella's Lily	1051567800	ItemLotParam_map.getItemFlagId		near Ancient Snow Valley Ruins	ambiguous_map_lot	hold	0		same-name candidates survive the committed anchor/tile joins; player ruling needed
7773146	Mountaintops of the Giants	Miquella's Lily	1051567810	ItemLotParam_map.getItemFlagId		near Ancient Snow Valley Ruins	ambiguous_map_lot	hold	0		same-name candidates survive the committed anchor/tile joins; player ruling needed
7772100	Mountaintops of the Giants	Nascent Butterfly	30187020	ItemLotParam_map.getItemFlagId			ambiguous_map_lot	hold	0		same-name candidates survive the committed anchor/tile joins; player ruling needed
7772101	Mountaintops of the Giants	Root Resin	30187030	ItemLotParam_map.getItemFlagId			ambiguous_map_lot	hold	1	gameplay-wiki:eldenpedia	same-name candidates survive the committed anchor/tile joins; player ruling needed
7773150	Mountaintops of the Giants	Smithing Stone [5]	1051577020	ItemLotParam_map.getItemFlagId		near Church of the Eclipse	ambiguous_map_lot	hold	0		same-name candidates survive the committed anchor/tile joins; player ruling needed
7773157	Mountaintops of the Giants	Smithing Stone [5]	1051577090	ItemLotParam_map.getItemFlagId		near Church of the Eclipse	ambiguous_map_lot	hold	0		same-name candidates survive the committed anchor/tile joins; player ruling needed
7773158	Mountaintops of the Giants	Smithing Stone [6]	1051577100	ItemLotParam_map.getItemFlagId		near Church of the Eclipse	ambiguous_map_lot	hold	0		same-name candidates survive the committed anchor/tile joins; player ruling needed
7773165	Mountaintops of the Giants	Smithing Stone [6]	1051577170	ItemLotParam_map.getItemFlagId		near Church of the Eclipse	ambiguous_map_lot	hold	0		same-name candidates survive the committed anchor/tile joins; player ruling needed
7773186	Mountaintops of the Giants	Smoldering Butterfly	1052557000	ItemLotParam_map.getItemFlagId		near Whiteridge Road	ambiguous_map_lot	hold	0		same-name candidates survive the committed anchor/tile joins; player ruling needed
7773189	Mountaintops of the Giants	Smoldering Butterfly	1052557030	ItemLotParam_map.getItemFlagId		near Whiteridge Road	ambiguous_map_lot	hold	0		same-name candidates survive the committed anchor/tile joins; player ruling needed
7774488	Mountaintops of the Giants	Somber Smithing Stone [7]	1050537700	ItemLotParam_map.getItemFlagId		around Giant-Conquering Hero's Grave	ambiguous_map_lot	hold	0		same-name candidates survive the committed anchor/tile joins; player ruling needed
7774516	Mountaintops of the Giants	Somber Smithing Stone [7]	1051577800	ItemLotParam_map.getItemFlagId		around Snow Valley Ruins Overlook	ambiguous_map_lot	hold	0		same-name candidates survive the committed anchor/tile joins; player ruling needed
7774517	Mountaintops of the Giants	Somber Smithing Stone [7]	1051577810	ItemLotParam_map.getItemFlagId		around Snow Valley Ruins Overlook	ambiguous_map_lot	hold	0		same-name candidates survive the committed anchor/tile joins; player ruling needed
7772099	Mountaintops of the Giants	Stimulating Boluses	30187010	ItemLotParam_map.getItemFlagId			ambiguous_map_lot	hold	0		same-name candidates survive the committed anchor/tile joins; player ruling needed
7773163	Mountaintops of the Giants	Thawfrost Boluses	1051577150	ItemLotParam_map.getItemFlagId		near Church of the Eclipse	ambiguous_map_lot	hold	0		same-name candidates survive the committed anchor/tile joins; player ruling needed
7773166	Mountaintops of the Giants	Thawfrost Boluses	1051577180	ItemLotParam_map.getItemFlagId		near Church of the Eclipse	ambiguous_map_lot	hold	0		same-name candidates survive the committed anchor/tile joins; player ruling needed
7772646	Mt. Gelmir	Beast Blood	1037547000	ItemLotParam_map.getItemFlagId		near First Mt. Gelmir Campsite	ambiguous_map_lot	hold	0		same-name candidates survive the committed anchor/tile joins; player ruling needed
7772703	Mt. Gelmir	Beast Blood	1038547080	ItemLotParam_map.getItemFlagId		near First Mt. Gelmir Campsite	ambiguous_map_lot	hold	0		same-name candidates survive the committed anchor/tile joins; player ruling needed
7773892	Mt. Gelmir	Golden Rune [1]	540570	ItemLotParam_map.getItemFlagId			ambiguous_map_lot	hold	0		same-name candidates survive the committed anchor/tile joins; player ruling needed
7772561	Mt. Gelmir	Golden Rune [2]	1035527010	ItemLotParam_map.getItemFlagId		near Craftsman's Shack	ambiguous_map_lot	hold	0		same-name candidates survive the committed anchor/tile joins; player ruling needed
7772563	Mt. Gelmir	Golden Rune [2]	1035527030	ItemLotParam_map.getItemFlagId		near Craftsman's Shack	ambiguous_map_lot	hold	0		same-name candidates survive the committed anchor/tile joins; player ruling needed
7774228	Mt. Gelmir	Golden Rune [3]	1038537010	ItemLotParam_map.getItemFlagId		near First Mt. Gelmir Campsite	ambiguous_map_lot	hold	0		same-name candidates survive the committed anchor/tile joins; player ruling needed
7774231	Mt. Gelmir	Golden Rune [3]	1038537040	ItemLotParam_map.getItemFlagId		near First Mt. Gelmir Campsite	ambiguous_map_lot	hold	0		same-name candidates survive the committed anchor/tile joins; player ruling needed
7771670	Mt. Gelmir	Golden Rune [9]	16007050	ItemLotParam_map.getItemFlagId		near Prison Town Church	ambiguous_map_lot	hold	0		same-name candidates survive the committed anchor/tile joins; player ruling needed
7771680	Mt. Gelmir	Golden Rune [9]	16007170	ItemLotParam_map.getItemFlagId		near Guest Hall	ambiguous_map_lot	hold	0		same-name candidates survive the committed anchor/tile joins; player ruling needed
7771682	Mt. Gelmir	Golden Rune [9]	16007200	ItemLotParam_map.getItemFlagId		near Guest Hall	ambiguous_map_lot	hold	0		same-name candidates survive the committed anchor/tile joins; player ruling needed
7771695	Mt. Gelmir	Golden Rune [9]	16007360	ItemLotParam_map.getItemFlagId		near Prison Town Church	ambiguous_map_lot	hold	0		same-name candidates survive the committed anchor/tile joins; player ruling needed
7770566	Mt. Gelmir	Letter from Volcano Manor	400073	ItemLotParam_map.getItemFlagId		around Volcano Manor	ambiguous_map_lot	hold	0		same-name candidates survive the committed anchor/tile joins; player ruling needed
7770567	Mt. Gelmir	Letter from Volcano Manor	400074	ItemLotParam_map.getItemFlagId		around Volcano Manor	ambiguous_map_lot	hold	0		same-name candidates survive the committed anchor/tile joins; player ruling needed
7771675	Mt. Gelmir	Smithing Stone [6]	16007120	ItemLotParam_map.getItemFlagId		near Prison Town Church	ambiguous_map_lot	hold	0		same-name candidates survive the committed anchor/tile joins; player ruling needed
7771694	Mt. Gelmir	Smithing Stone [6]	16007350	ItemLotParam_map.getItemFlagId		near Prison Town Church	ambiguous_map_lot	hold	0		same-name candidates survive the committed anchor/tile joins; player ruling needed
7771688	Mt. Gelmir	Smoldering Butterfly	16007270	ItemLotParam_map.getItemFlagId		near Temple of Eiglay	ambiguous_map_lot	hold	0		same-name candidates survive the committed anchor/tile joins; player ruling needed
7771691	Mt. Gelmir	Smoldering Butterfly	16007310	ItemLotParam_map.getItemFlagId		near Temple of Eiglay	ambiguous_map_lot	hold	0		same-name candidates survive the committed anchor/tile joins; player ruling needed
7771697	Mt. Gelmir	Smoldering Butterfly	16007390	ItemLotParam_map.getItemFlagId		near Temple of Eiglay	ambiguous_map_lot	hold	0		same-name candidates survive the committed anchor/tile joins; player ruling needed
7772565	Mt. Gelmir	Smoldering Butterfly	1035537000	ItemLotParam_map.getItemFlagId		near Seethewater Terminus	ambiguous_map_lot	hold	0		same-name candidates survive the committed anchor/tile joins; player ruling needed
7772567	Mt. Gelmir	Smoldering Butterfly	1035537030	ItemLotParam_map.getItemFlagId		near Seethewater Terminus	ambiguous_map_lot	hold	0		same-name candidates survive the committed anchor/tile joins; player ruling needed
7772568	Mt. Gelmir	Smoldering Butterfly	1035537040	ItemLotParam_map.getItemFlagId		near Seethewater Terminus	ambiguous_map_lot	hold	0		same-name candidates survive the committed anchor/tile joins; player ruling needed
7772593	Mt. Gelmir	Smoldering Butterfly	1036547010	ItemLotParam_map.getItemFlagId		near Road of Iniquity	ambiguous_map_lot	hold	0		same-name candidates survive the committed anchor/tile joins; player ruling needed
7772595	Mt. Gelmir	Smoldering Butterfly	1036547030	ItemLotParam_map.getItemFlagId		near Road of Iniquity	ambiguous_map_lot	hold	0		same-name candidates survive the committed anchor/tile joins; player ruling needed
7770776	Mt. Gelmir	Somber Smithing Stone [5]	540590	ItemLotParam_map.getItemFlagId		around Volcano Manor	ambiguous_map_lot	hold	0		same-name candidates survive the committed anchor/tile joins; player ruling needed
7770777	Mt. Gelmir	Somber Smithing Stone [5]	540592	ItemLotParam_map.getItemFlagId		around Volcano Manor	ambiguous_map_lot	hold	0		same-name candidates survive the committed anchor/tile joins; player ruling needed
7774022	Rauh Base	Grave Glovewort [7]	40017010	ItemLotParam_map.getItemFlagId		near Scorpion River Catacombs	ambiguous_map_lot	hold	0		same-name candidates survive the committed anchor/tile joins; player ruling needed
7774031	Rauh Base	Grave Glovewort [7]	40017100	ItemLotParam_map.getItemFlagId		near Scorpion River Catacombs	ambiguous_map_lot	hold	0		same-name candidates survive the committed anchor/tile joins; player ruling needed
7772426	Rauh Base	Rejuvenating Boluses	40017000	ItemLotParam_map.getItemFlagId		near Scorpion River Catacombs	ambiguous_map_lot	hold	0		same-name candidates survive the committed anchor/tile joins; player ruling needed
7774032	Rauh Base	Rejuvenating Boluses	40017110	ItemLotParam_map.getItemFlagId		near Scorpion River Catacombs	ambiguous_map_lot	hold	0		same-name candidates survive the committed anchor/tile joins; player ruling needed
7772460	Rauh Base	Smithing Stone [8]	42037170	ItemLotParam_map.getItemFlagId		near Taylew's Ruined Forge	ambiguous_map_lot	hold	1	gameplay-guide:redmaw	same-name candidates survive the committed anchor/tile joins; player ruling needed
7772461	Rauh Base	Smithing Stone [8]	42037180	ItemLotParam_map.getItemFlagId		near Taylew's Ruined Forge	ambiguous_map_lot	hold	0		same-name candidates survive the committed anchor/tile joins; player ruling needed
7773267	Rauh Base	Sword of Light	2045477500	ItemLotParam_map.getItemFlagId		around Ravine North	ambiguous_map_lot	hold	0		same-name candidates survive the committed anchor/tile joins; player ruling needed
7773268	Rauh Base	Sword of Light	2045477510	ItemLotParam_map.getItemFlagId		around Ravine North	ambiguous_map_lot	hold	0		same-name candidates survive the committed anchor/tile joins; player ruling needed
7773269	Rauh Base	Sword of Light	2045477520	ItemLotParam_map.getItemFlagId		around Ravine North	ambiguous_map_lot	hold	0		same-name candidates survive the committed anchor/tile joins; player ruling needed
7773270	Rauh Base	Sword of Light	2045477530	ItemLotParam_map.getItemFlagId		around Ravine North	ambiguous_map_lot	hold	0		same-name candidates survive the committed anchor/tile joins; player ruling needed
7773271	Rauh Base	Sword of Light	2045477540	ItemLotParam_map.getItemFlagId		around Ravine North	ambiguous_map_lot	hold	0		same-name candidates survive the committed anchor/tile joins; player ruling needed
7773272	Rauh Base	Sword of Light	2045477550	ItemLotParam_map.getItemFlagId		around Ravine North	ambiguous_map_lot	hold	0		same-name candidates survive the committed anchor/tile joins; player ruling needed
7773273	Rauh Base	Sword of Light	2045477560	ItemLotParam_map.getItemFlagId		around Ravine North	ambiguous_map_lot	hold	0		same-name candidates survive the committed anchor/tile joins; player ruling needed
7773274	Rauh Base	Sword of Light	2045477570	ItemLotParam_map.getItemFlagId		around Ravine North	ambiguous_map_lot	hold	0		same-name candidates survive the committed anchor/tile joins; player ruling needed
7773275	Rauh Base	Sword of Light	2045477580	ItemLotParam_map.getItemFlagId		around Ravine North	ambiguous_map_lot	hold	0		same-name candidates survive the committed anchor/tile joins; player ruling needed
7773276	Rauh Base	Sword of Light	2045477590	ItemLotParam_map.getItemFlagId		around Ravine North	ambiguous_map_lot	hold	0		same-name candidates survive the committed anchor/tile joins; player ruling needed
7773277	Rauh Base	Sword of Light	2045477600	ItemLotParam_map.getItemFlagId		around Ravine North	ambiguous_map_lot	hold	0		same-name candidates survive the committed anchor/tile joins; player ruling needed
7771510	Raya Lucaria Academy	Crystal Dart	14007330	ItemLotParam_map.getItemFlagId		near Schoolhouse Classroom	ambiguous_map_lot	hold	0		same-name candidates survive the committed anchor/tile joins; player ruling needed
7771526	Raya Lucaria Academy	Crystal Dart	14007520	ItemLotParam_map.getItemFlagId		near Schoolhouse Classroom	ambiguous_map_lot	hold	0		same-name candidates survive the committed anchor/tile joins; player ruling needed
7771531	Raya Lucaria Academy	Crystal Dart	14007620	ItemLotParam_map.getItemFlagId		near Schoolhouse Classroom	ambiguous_map_lot	hold	0		same-name candidates survive the committed anchor/tile joins; player ruling needed
7771515	Raya Lucaria Academy	Furlcalling Finger Remedy	14007390	ItemLotParam_map.getItemFlagId		near Schoolhouse Classroom	ambiguous_map_lot	hold	0		same-name candidates survive the committed anchor/tile joins; player ruling needed
7771528	Raya Lucaria Academy	Furlcalling Finger Remedy	14007540	ItemLotParam_map.getItemFlagId		near Schoolhouse Classroom	ambiguous_map_lot	hold	0		same-name candidates survive the committed anchor/tile joins; player ruling needed
7771506	Raya Lucaria Academy	Golden Rune [3]	14007280	ItemLotParam_map.getItemFlagId		near Church of the Cuckoo	ambiguous_map_lot	hold	0		same-name candidates survive the committed anchor/tile joins; player ruling needed
7771538	Raya Lucaria Academy	Golden Rune [3]	14007750	ItemLotParam_map.getItemFlagId		near Church of the Cuckoo	ambiguous_map_lot	hold	0		same-name candidates survive the committed anchor/tile joins; player ruling needed
7771503	Raya Lucaria Academy	Golden Rune [4]	14007200	ItemLotParam_map.getItemFlagId		near Church of the Cuckoo	ambiguous_map_lot	hold	0		same-name candidates survive the committed anchor/tile joins; player ruling needed
7771505	Raya Lucaria Academy	Golden Rune [4]	14007250	ItemLotParam_map.getItemFlagId		near Schoolhouse Classroom	ambiguous_map_lot	hold	0		same-name candidates survive the committed anchor/tile joins; player ruling needed
7771511	Raya Lucaria Academy	Golden Rune [4]	14007350	ItemLotParam_map.getItemFlagId		near Schoolhouse Classroom	ambiguous_map_lot	hold	0		same-name candidates survive the committed anchor/tile joins; player ruling needed
7771522	Raya Lucaria Academy	Golden Rune [4]	14007470	ItemLotParam_map.getItemFlagId		near Schoolhouse Classroom	ambiguous_map_lot	hold	0		same-name candidates survive the committed anchor/tile joins; player ruling needed
7771527	Raya Lucaria Academy	Golden Rune [4]	14007530	ItemLotParam_map.getItemFlagId		near Schoolhouse Classroom	ambiguous_map_lot	hold	0		same-name candidates survive the committed anchor/tile joins; player ruling needed
7771530	Raya Lucaria Academy	Golden Rune [4]	14007600	ItemLotParam_map.getItemFlagId		near Schoolhouse Classroom	ambiguous_map_lot	hold	0		same-name candidates survive the committed anchor/tile joins; player ruling needed
7771535	Raya Lucaria Academy	Golden Rune [4]	14007710	ItemLotParam_map.getItemFlagId		near Church of the Cuckoo	ambiguous_map_lot	hold	0		same-name candidates survive the committed anchor/tile joins; player ruling needed
7771489	Raya Lucaria Academy	Magic Grease	14007000	ItemLotParam_map.getItemFlagId		near Church of the Cuckoo	ambiguous_map_lot	hold	0		same-name candidates survive the committed anchor/tile joins; player ruling needed
7771537	Raya Lucaria Academy	Magic Grease	14007740	ItemLotParam_map.getItemFlagId		near Church of the Cuckoo	ambiguous_map_lot	hold	0		same-name candidates survive the committed anchor/tile joins; player ruling needed
7771498	Raya Lucaria Academy	Smithing Stone [4]	14007090	ItemLotParam_map.getItemFlagId		near Church of the Cuckoo	ambiguous_map_lot	hold	0		same-name candidates survive the committed anchor/tile joins; player ruling needed
7771534	Raya Lucaria Academy	Smithing Stone [4]	14007670	ItemLotParam_map.getItemFlagId		near Church of the Cuckoo	ambiguous_map_lot	hold	0		same-name candidates survive the committed anchor/tile joins; player ruling needed
7771514	Raya Lucaria Academy	Stonesword Key	14007380	ItemLotParam_map.getItemFlagId		near Schoolhouse Classroom	ambiguous_map_lot	hold	0		same-name candidates survive the committed anchor/tile joins; player ruling needed
7771517	Raya Lucaria Academy	Stonesword Key	14007420	ItemLotParam_map.getItemFlagId		near Schoolhouse Classroom	ambiguous_map_lot	hold	0		same-name candidates survive the committed anchor/tile joins; player ruling needed
7774101	Roundtable Hold	Cracked Pot	99997020	ItemLotParam_map.getItemFlagId			ambiguous_map_lot	hold	0		same-name candidates survive the committed anchor/tile joins; player ruling needed
7774102	Roundtable Hold	Perfume Bottle	99997030	ItemLotParam_map.getItemFlagId			ambiguous_map_lot	hold	0		same-name candidates survive the committed anchor/tile joins; player ruling needed
7773520	Scadu Altus	Blessed Bone Shard	2049437210	ItemLotParam_map.getItemFlagId		near Fort of Reprimand	ambiguous_map_lot	hold	0		same-name candidates survive the committed anchor/tile joins; player ruling needed
7773530	Scadu Altus	Blessed Bone Shard	2049437310	ItemLotParam_map.getItemFlagId		near Fort of Reprimand	ambiguous_map_lot	hold	0		same-name candidates survive the committed anchor/tile joins; player ruling needed
7773544	Scadu Altus	Blessed Bone Shard	2049437920	ItemLotParam_map.getItemFlagId		around Moorth Highway, South	ambiguous_map_lot	hold	0		same-name candidates survive the committed anchor/tile joins; player ruling needed
7773545	Scadu Altus	Blessed Bone Shard	2049437930	ItemLotParam_map.getItemFlagId		around Moorth Highway, South	ambiguous_map_lot	hold	0		same-name candidates survive the committed anchor/tile joins; player ruling needed
7772436	Scadu Altus	Broken Rune	41017100	ItemLotParam_map.getItemFlagId		near Bonny Gaol	ambiguous_map_lot	hold	0		same-name candidates survive the committed anchor/tile joins; player ruling needed
7772438	Scadu Altus	Broken Rune	41017130	ItemLotParam_map.getItemFlagId		near Bonny Gaol	ambiguous_map_lot	hold	0		same-name candidates survive the committed anchor/tile joins; player ruling needed
7772439	Scadu Altus	Broken Rune	41017200	ItemLotParam_map.getItemFlagId		near Bonny Gaol	ambiguous_map_lot	hold	0		same-name candidates survive the committed anchor/tile joins; player ruling needed
7773521	Scadu Altus	Broken Rune	2049437220	ItemLotParam_map.getItemFlagId		near Fort of Reprimand	ambiguous_map_lot	hold	0		same-name candidates survive the committed anchor/tile joins; player ruling needed
7773525	Scadu Altus	Broken Rune	2049437260	ItemLotParam_map.getItemFlagId		near Fort of Reprimand	ambiguous_map_lot	hold	0		same-name candidates survive the committed anchor/tile joins; player ruling needed
7773531	Scadu Altus	Broken Rune	2049437320	ItemLotParam_map.getItemFlagId		near Fort of Reprimand	ambiguous_map_lot	hold	0		same-name candidates survive the committed anchor/tile joins; player ruling needed
7773533	Scadu Altus	Broken Rune	2049437340	ItemLotParam_map.getItemFlagId		near Fort of Reprimand	ambiguous_map_lot	hold	0		same-name candidates survive the committed anchor/tile joins; player ruling needed
7773542	Scadu Altus	Broken Rune	2049437900	ItemLotParam_map.getItemFlagId		around Moorth Highway, South	ambiguous_map_lot	hold	0		same-name candidates survive the committed anchor/tile joins; player ruling needed
7773543	Scadu Altus	Broken Rune	2049437910	ItemLotParam_map.getItemFlagId		around Moorth Highway, South	ambiguous_map_lot	hold	0		same-name candidates survive the committed anchor/tile joins; player ruling needed
7771913	Scadu Altus	Crab Eggs	21007420	ItemLotParam_map.getItemFlagId		near Church District Entrance	ambiguous_map_lot	hold	0		same-name candidates survive the committed anchor/tile joins; player ruling needed
7771922	Scadu Altus	Crab Eggs	21007630	ItemLotParam_map.getItemFlagId		near Church District Entrance	ambiguous_map_lot	hold	0		same-name candidates survive the committed anchor/tile joins; player ruling needed
7773561	Scadu Altus	Furnace Visage	2049467510	ItemLotParam_map.getItemFlagId		near Castle Watering Hole	ambiguous_map_lot	hold	0		same-name candidates survive the committed anchor/tile joins; player ruling needed
7773562	Scadu Altus	Furnace Visage	2049467520	ItemLotParam_map.getItemFlagId		near Castle Watering Hole	ambiguous_map_lot	hold	0		same-name candidates survive the committed anchor/tile joins; player ruling needed
7773563	Scadu Altus	Furnace Visage	2049467530	ItemLotParam_map.getItemFlagId		near Castle Watering Hole	ambiguous_map_lot	hold	0		same-name candidates survive the committed anchor/tile joins; player ruling needed
7773564	Scadu Altus	Furnace Visage	2049467540	ItemLotParam_map.getItemFlagId		near Castle Watering Hole	ambiguous_map_lot	hold	0		same-name candidates survive the committed anchor/tile joins; player ruling needed
7773565	Scadu Altus	Furnace Visage	2049467550	ItemLotParam_map.getItemFlagId		near Castle Watering Hole	ambiguous_map_lot	hold	0		same-name candidates survive the committed anchor/tile joins; player ruling needed
7773566	Scadu Altus	Furnace Visage	2049467560	ItemLotParam_map.getItemFlagId		near Castle Watering Hole	ambiguous_map_lot	hold	0		same-name candidates survive the committed anchor/tile joins; player ruling needed
7773567	Scadu Altus	Furnace Visage	2049467570	ItemLotParam_map.getItemFlagId		near Castle Watering Hole	ambiguous_map_lot	hold	0		same-name candidates survive the committed anchor/tile joins; player ruling needed
7773568	Scadu Altus	Furnace Visage	2049467580	ItemLotParam_map.getItemFlagId		near Castle Watering Hole	ambiguous_map_lot	hold	0		same-name candidates survive the committed anchor/tile joins; player ruling needed
7773569	Scadu Altus	Furnace Visage	2049467590	ItemLotParam_map.getItemFlagId		near Castle Watering Hole	ambiguous_map_lot	hold	0		same-name candidates survive the committed anchor/tile joins; player ruling needed
7773570	Scadu Altus	Furnace Visage	2049467600	ItemLotParam_map.getItemFlagId		near Castle Watering Hole	ambiguous_map_lot	hold	0		same-name candidates survive the committed anchor/tile joins; player ruling needed
7773573	Scadu Altus	Furnace Visage	2049477500	ItemLotParam_map.getItemFlagId		near Castle Watering Hole	ambiguous_map_lot	hold	0		same-name candidates survive the committed anchor/tile joins; player ruling needed
7773574	Scadu Altus	Furnace Visage	2049477510	ItemLotParam_map.getItemFlagId		near Castle Watering Hole	ambiguous_map_lot	hold	0		same-name candidates survive the committed anchor/tile joins; player ruling needed
7773616	Scadu Altus	Furnace Visage	2050467710	ItemLotParam_map.getItemFlagId		near Castle Watering Hole	ambiguous_map_lot	hold	0		same-name candidates survive the committed anchor/tile joins; player ruling needed
7773617	Scadu Altus	Furnace Visage	2050467720	ItemLotParam_map.getItemFlagId		near Castle Watering Hole	ambiguous_map_lot	hold	0		same-name candidates survive the committed anchor/tile joins; player ruling needed
7773618	Scadu Altus	Furnace Visage	2050467730	ItemLotParam_map.getItemFlagId		near Castle Watering Hole	ambiguous_map_lot	hold	0		same-name candidates survive the committed anchor/tile joins; player ruling needed
7771888	Scadu Altus	Golden Vow	21007040	ItemLotParam_map.getItemFlagId		near Main Gate Plaza	ambiguous_map_lot	hold	0		same-name candidates survive the committed anchor/tile joins; player ruling needed
7771892	Scadu Altus	Golden Vow	21007090	ItemLotParam_map.getItemFlagId		near Main Gate Plaza	ambiguous_map_lot	hold	0		same-name candidates survive the committed anchor/tile joins; player ruling needed
7773591	Scadu Altus	Living Jar Shard	2050447020	ItemLotParam_map.getItemFlagId		near Bonny Village	ambiguous_map_lot	hold	0		same-name candidates survive the committed anchor/tile joins; player ruling needed
7773592	Scadu Altus	Living Jar Shard	2050447030	ItemLotParam_map.getItemFlagId		near Bonny Village	ambiguous_map_lot	hold	0		same-name candidates survive the committed anchor/tile joins; player ruling needed
7773443	Scadu Altus	Rauh Burrow	2047467010	ItemLotParam_map.getItemFlagId		near Ancient Ruins Base	ambiguous_map_lot	hold	0		same-name candidates survive the committed anchor/tile joins; player ruling needed
7773444	Scadu Altus	Rauh Burrow	2047467030	ItemLotParam_map.getItemFlagId		near Ancient Ruins Base	ambiguous_map_lot	hold	0		same-name candidates survive the committed anchor/tile joins; player ruling needed
7773540	Scadu Altus	Smithing Stone [6]	2049437600	ItemLotParam_map.getItemFlagId		near Behind the Fort of Reprimand	ambiguous_map_lot	hold	0		same-name candidates survive the committed anchor/tile joins; player ruling needed
7773586	Scadu Altus	Smithing Stone [6]	2050437220	ItemLotParam_map.getItemFlagId		near Behind the Fort of Reprimand	ambiguous_map_lot	hold	0		same-name candidates survive the committed anchor/tile joins; player ruling needed
7771885	Scadu Altus	Smithing Stone [7]	21007010	ItemLotParam_map.getItemFlagId		near Main Gate Plaza	ambiguous_map_lot	hold	0		same-name candidates survive the committed anchor/tile joins; player ruling needed
7773931	Scadu Altus	Smithing Stone [7]	21007180	ItemLotParam_map.getItemFlagId		near Main Gate Plaza	ambiguous_map_lot	hold	0		same-name candidates survive the committed anchor/tile joins; player ruling needed
7771891	Scadu Altus	Smithing Stone [8]	21007080	ItemLotParam_map.getItemFlagId		near Main Gate Plaza	ambiguous_map_lot	hold	0		same-name candidates survive the committed anchor/tile joins; player ruling needed
7771893	Scadu Altus	Smithing Stone [8]	21007100	ItemLotParam_map.getItemFlagId		near Main Gate Plaza	ambiguous_map_lot	hold	0		same-name candidates survive the committed anchor/tile joins; player ruling needed
7771897	Scadu Altus	Smithing Stone [8]	21007140	ItemLotParam_map.getItemFlagId		near Main Gate Plaza	ambiguous_map_lot	hold	0		same-name candidates survive the committed anchor/tile joins; player ruling needed
7773930	Scadu Altus	Smithing Stone [8]	21007060	ItemLotParam_map.getItemFlagId		near Main Gate Plaza	ambiguous_map_lot	hold	0		same-name candidates survive the committed anchor/tile joins; player ruling needed
7774085	Scadu Altus	Somber Smithing Stone [8]	42027020	ItemLotParam_map.getItemFlagId		near Ruined Forge of Starfall Past	ambiguous_map_lot	hold	0		same-name candidates survive the committed anchor/tile joins; player ruling needed
7774087	Scadu Altus	Somber Smithing Stone [8]	42027040	ItemLotParam_map.getItemFlagId		near Ruined Forge of Starfall Past	ambiguous_map_lot	hold	0		same-name candidates survive the committed anchor/tile joins; player ruling needed
7773581	Scadu Altus	Swollen Grape	2050417700	ItemLotParam_map.getItemFlagId			ambiguous_map_lot	hold	0		same-name candidates survive the committed anchor/tile joins; player ruling needed
7773626	Scadu Altus	Swollen Grape	2051417710	ItemLotParam_map.getItemFlagId			ambiguous_map_lot	hold	0		same-name candidates survive the committed anchor/tile joins; player ruling needed
7900068	Shadow Keep	Ansbach's Attire	400622	ItemLotParam_map.getItemFlagId		around Storehouse, First Floor	ambiguous_map_lot	hold	0		same-name candidates survive the committed anchor/tile joins; player ruling needed
7900076	Shadow Keep	Ansbach's Attire	400625	ItemLotParam_map.getItemFlagId		around Storehouse, First Floor	ambiguous_map_lot	hold	0		same-name candidates survive the committed anchor/tile joins; player ruling needed
7900070	Shadow Keep	Ansbach's Boots	400622	ItemLotParam_map.getItemFlagId		around Storehouse, First Floor	ambiguous_map_lot	hold	0		same-name candidates survive the committed anchor/tile joins; player ruling needed
7900078	Shadow Keep	Ansbach's Boots	400625	ItemLotParam_map.getItemFlagId		around Storehouse, First Floor	ambiguous_map_lot	hold	0		same-name candidates survive the committed anchor/tile joins; player ruling needed
7770630	Shadow Keep	Ansbach's Longbow	400595	ItemLotParam_map.getItemFlagId		around Storehouse, First Floor	ambiguous_map_lot	hold	0		same-name candidates survive the committed anchor/tile joins; player ruling needed
7770636	Shadow Keep	Ansbach's Longbow	400623	ItemLotParam_map.getItemFlagId		around Storehouse, First Floor	ambiguous_map_lot	hold	0		same-name candidates survive the committed anchor/tile joins; player ruling needed
7900079	Shadow Keep	Ansbach's Longbow	400625	ItemLotParam_map.getItemFlagId		around Storehouse, First Floor	ambiguous_map_lot	hold	0		same-name candidates survive the committed anchor/tile joins; player ruling needed
7900069	Shadow Keep	Ansbach's Manchettes	400622	ItemLotParam_map.getItemFlagId		around Storehouse, First Floor	ambiguous_map_lot	hold	0		same-name candidates survive the committed anchor/tile joins; player ruling needed
7900077	Shadow Keep	Ansbach's Manchettes	400625	ItemLotParam_map.getItemFlagId		around Storehouse, First Floor	ambiguous_map_lot	hold	0		same-name candidates survive the committed anchor/tile joins; player ruling needed
7771934	Shadow Keep	Ember of Messmer	21017030	ItemLotParam_map.getItemFlagId		near Storehouse, Back Section	ambiguous_map_lot	hold	0		same-name candidates survive the committed anchor/tile joins; player ruling needed
7771956	Shadow Keep	Ember of Messmer	21017360	ItemLotParam_map.getItemFlagId		near Storehouse, Back Section	ambiguous_map_lot	hold	0		same-name candidates survive the committed anchor/tile joins; player ruling needed
7771962	Shadow Keep	Ember of Messmer	21017470	ItemLotParam_map.getItemFlagId		near Storehouse, Seventh Floor	ambiguous_map_lot	hold	0		same-name candidates survive the committed anchor/tile joins; player ruling needed
7771964	Shadow Keep	Ember of Messmer	21017490	ItemLotParam_map.getItemFlagId		near Storehouse, Seventh Floor	ambiguous_map_lot	hold	0		same-name candidates survive the committed anchor/tile joins; player ruling needed
7771935	Shadow Keep	Fire Coil	21017040	ItemLotParam_map.getItemFlagId		near Storehouse, Back Section	ambiguous_map_lot	hold	0		same-name candidates survive the committed anchor/tile joins; player ruling needed
7771957	Shadow Keep	Fire Coil	21017410	ItemLotParam_map.getItemFlagId		near Storehouse, Back Section	ambiguous_map_lot	hold	0		same-name candidates survive the committed anchor/tile joins; player ruling needed
7773613	Shadow Keep	Furnace Visage	2050467500	ItemLotParam_map.getItemFlagId			ambiguous_map_lot	hold	0		same-name candidates survive the committed anchor/tile joins; player ruling needed
7773614	Shadow Keep	Furnace Visage	2050467510	ItemLotParam_map.getItemFlagId			ambiguous_map_lot	hold	0		same-name candidates survive the committed anchor/tile joins; player ruling needed
7770634	Shadow Keep	Letter for Freyja	400620	ItemLotParam_map.getItemFlagId		around Storehouse, First Floor	ambiguous_map_lot	hold	0		same-name candidates survive the committed anchor/tile joins; player ruling needed
7900080	Shadow Keep	Letter for Freyja	400625	ItemLotParam_map.getItemFlagId		around Storehouse, First Floor	ambiguous_map_lot	hold	0		same-name candidates survive the committed anchor/tile joins; player ruling needed
7773937	Shadow Keep	Rada Fruit	21027000	ItemLotParam_map.getItemFlagId		near West Rampart	ambiguous_map_lot	hold	0		same-name candidates survive the committed anchor/tile joins; player ruling needed
7773938	Shadow Keep	Rada Fruit	21027070	ItemLotParam_map.getItemFlagId		around West Rampart	ambiguous_map_lot	hold	0		same-name candidates survive the committed anchor/tile joins; player ruling needed
7773939	Shadow Keep	Rada Fruit	21027080	ItemLotParam_map.getItemFlagId		around West Rampart	ambiguous_map_lot	hold	0		same-name candidates survive the committed anchor/tile joins; player ruling needed
7773940	Shadow Keep	Rada Fruit	21027090	ItemLotParam_map.getItemFlagId		around West Rampart	ambiguous_map_lot	hold	0		same-name candidates survive the committed anchor/tile joins; player ruling needed
7773941	Shadow Keep	Rada Fruit	21027100	ItemLotParam_map.getItemFlagId		around West Rampart	ambiguous_map_lot	hold	0		same-name candidates survive the committed anchor/tile joins; player ruling needed
7773942	Shadow Keep	Rada Fruit	21027110	ItemLotParam_map.getItemFlagId		around West Rampart	ambiguous_map_lot	hold	0		same-name candidates survive the committed anchor/tile joins; player ruling needed
7773943	Shadow Keep	Rada Fruit	21027120	ItemLotParam_map.getItemFlagId		around West Rampart	ambiguous_map_lot	hold	0		same-name candidates survive the committed anchor/tile joins; player ruling needed
7773944	Shadow Keep	Rada Fruit	21027130	ItemLotParam_map.getItemFlagId		around West Rampart	ambiguous_map_lot	hold	0		same-name candidates survive the committed anchor/tile joins; player ruling needed
7773945	Shadow Keep	Rada Fruit	21027140	ItemLotParam_map.getItemFlagId		around West Rampart	ambiguous_map_lot	hold	0		same-name candidates survive the committed anchor/tile joins; player ruling needed
7773946	Shadow Keep	Rada Fruit	21027150	ItemLotParam_map.getItemFlagId		around West Rampart	ambiguous_map_lot	hold	0		same-name candidates survive the committed anchor/tile joins; player ruling needed
7773947	Shadow Keep	Rada Fruit	21027160	ItemLotParam_map.getItemFlagId		around West Rampart	ambiguous_map_lot	hold	0		same-name candidates survive the committed anchor/tile joins; player ruling needed
7773948	Shadow Keep	Rada Fruit	21027190	ItemLotParam_map.getItemFlagId		near West Rampart	ambiguous_map_lot	hold	0		same-name candidates survive the committed anchor/tile joins; player ruling needed
7771986	Shadow Keep	Smithing Stone [7]	21027200	ItemLotParam_map.getItemFlagId		near West Rampart	ambiguous_map_lot	hold	0		same-name candidates survive the committed anchor/tile joins; player ruling needed
7771989	Shadow Keep	Smithing Stone [7]	21027230	ItemLotParam_map.getItemFlagId		near West Rampart	ambiguous_map_lot	hold	0		same-name candidates survive the committed anchor/tile joins; player ruling needed
7770635	Shadow Keep	Wise Man's Mask	400622	ItemLotParam_map.getItemFlagId		around Storehouse, First Floor	ambiguous_map_lot	hold	0		same-name candidates survive the committed anchor/tile joins; player ruling needed
7770638	Shadow Keep	Wise Man's Mask	400625	ItemLotParam_map.getItemFlagId		around Storehouse, First Floor	ambiguous_map_lot	hold	0		same-name candidates survive the committed anchor/tile joins; player ruling needed
7771210	Siofra River	Beast Blood	12027660	ItemLotParam_map.getItemFlagId		near Ancestral Woods	ambiguous_map_lot	hold	0		same-name candidates survive the committed anchor/tile joins; player ruling needed
7771211	Siofra River	Beast Blood	12027670	ItemLotParam_map.getItemFlagId		near Ancestral Woods	ambiguous_map_lot	hold	0		same-name candidates survive the committed anchor/tile joins; player ruling needed
7771166	Siofra River	Dwelling Arrow	12027240	ItemLotParam_map.getItemFlagId		near Worshippers' Woods	ambiguous_map_lot	hold	0		same-name candidates survive the committed anchor/tile joins; player ruling needed
7771180	Siofra River	Dwelling Arrow	12027380	ItemLotParam_map.getItemFlagId		near Worshippers' Woods	ambiguous_map_lot	hold	0		same-name candidates survive the committed anchor/tile joins; player ruling needed
7771377	Siofra River	Golden Rune [1]	12077250	ItemLotParam_map.getItemFlagId		around Siofra River Well Depths	ambiguous_map_lot	hold	0		same-name candidates survive the committed anchor/tile joins; player ruling needed
7771399	Siofra River	Golden Rune [1]	12077510	ItemLotParam_map.getItemFlagId		around Siofra River Well Depths	ambiguous_map_lot	hold	0		same-name candidates survive the committed anchor/tile joins; player ruling needed
7771361	Siofra River	Golden Rune [2]	12077030	ItemLotParam_map.getItemFlagId		near Siofra River Well Depths	ambiguous_map_lot	hold	0		same-name candidates survive the committed anchor/tile joins; player ruling needed
7771364	Siofra River	Golden Rune [2]	12077060	ItemLotParam_map.getItemFlagId		near Siofra River Well Depths	ambiguous_map_lot	hold	0		same-name candidates survive the committed anchor/tile joins; player ruling needed
7771366	Siofra River	Golden Rune [2]	12077080	ItemLotParam_map.getItemFlagId		near Siofra River Well Depths	ambiguous_map_lot	hold	0		same-name candidates survive the committed anchor/tile joins; player ruling needed
7771161	Siofra River	Golden Rune [3]	12027190	ItemLotParam_map.getItemFlagId		near Worshippers' Woods	ambiguous_map_lot	hold	0		same-name candidates survive the committed anchor/tile joins; player ruling needed
7771175	Siofra River	Golden Rune [3]	12027330	ItemLotParam_map.getItemFlagId		near Worshippers' Woods	ambiguous_map_lot	hold	0		same-name candidates survive the committed anchor/tile joins; player ruling needed
7771168	Siofra River	Golden Rune [4]	12027260	ItemLotParam_map.getItemFlagId		near Siofra River Bank	ambiguous_map_lot	hold	0		same-name candidates survive the committed anchor/tile joins; player ruling needed
7771169	Siofra River	Golden Rune [4]	12027270	ItemLotParam_map.getItemFlagId		near Worshippers' Woods	ambiguous_map_lot	hold	0		same-name candidates survive the committed anchor/tile joins; player ruling needed
7771171	Siofra River	Golden Rune [4]	12027290	ItemLotParam_map.getItemFlagId		near Siofra River Bank	ambiguous_map_lot	hold	0		same-name candidates survive the committed anchor/tile joins; player ruling needed
7771179	Siofra River	Golden Rune [4]	12027370	ItemLotParam_map.getItemFlagId		near Siofra River Bank	ambiguous_map_lot	hold	0		same-name candidates survive the committed anchor/tile joins; player ruling needed
7771182	Siofra River	Golden Rune [4]	12027400	ItemLotParam_map.getItemFlagId		near Worshippers' Woods	ambiguous_map_lot	hold	0		same-name candidates survive the committed anchor/tile joins; player ruling needed
7771368	Siofra River	Golden Rune [4]	12077100	ItemLotParam_map.getItemFlagId		near Siofra River Well Depths	ambiguous_map_lot	hold	0		same-name candidates survive the committed anchor/tile joins; player ruling needed
7771372	Siofra River	Golden Rune [4]	12077140	ItemLotParam_map.getItemFlagId		near Siofra River Well Depths	ambiguous_map_lot	hold	0		same-name candidates survive the committed anchor/tile joins; player ruling needed
7771383	Siofra River	Golden Rune [6]	12077350	ItemLotParam_map.getItemFlagId		near Nokron, Eternal City	ambiguous_map_lot	hold	0		same-name candidates survive the committed anchor/tile joins; player ruling needed
7771387	Siofra River	Golden Rune [6]	12077390	ItemLotParam_map.getItemFlagId		near Nokron, Eternal City	ambiguous_map_lot	hold	0		same-name candidates survive the committed anchor/tile joins; player ruling needed
7771223	Siofra River	Golden Rune [7]	12027790	ItemLotParam_map.getItemFlagId		near Aqueduct-Facing Cliffs	ambiguous_map_lot	hold	0		same-name candidates survive the committed anchor/tile joins; player ruling needed
7771232	Siofra River	Golden Rune [7]	12027890	ItemLotParam_map.getItemFlagId		near Ancestral Woods	ambiguous_map_lot	hold	0		same-name candidates survive the committed anchor/tile joins; player ruling needed
7771241	Siofra River	Golden Rune [7]	12027980	ItemLotParam_map.getItemFlagId		near Ancestral Woods	ambiguous_map_lot	hold	0		same-name candidates survive the committed anchor/tile joins; player ruling needed
7771243	Siofra River	Golden Rune [7]	12027990	ItemLotParam_map.getItemFlagId		near Aqueduct-Facing Cliffs	ambiguous_map_lot	hold	0		same-name candidates survive the committed anchor/tile joins; player ruling needed
7771393	Siofra River	Golden Rune [7]	12077450	ItemLotParam_map.getItemFlagId		near Nokron, Eternal City	ambiguous_map_lot	hold	0		same-name candidates survive the committed anchor/tile joins; player ruling needed
7771394	Siofra River	Golden Rune [7]	12077460	ItemLotParam_map.getItemFlagId		near Nokron, Eternal City	ambiguous_map_lot	hold	0		same-name candidates survive the committed anchor/tile joins; player ruling needed
7771396	Siofra River	Larval Tear	12077480	ItemLotParam_map.getItemFlagId		near Nokron, Eternal City	ambiguous_map_lot	hold	0		same-name candidates survive the committed anchor/tile joins; player ruling needed
7771397	Siofra River	Larval Tear	12077490	ItemLotParam_map.getItemFlagId		near Nokron, Eternal City	ambiguous_map_lot	hold	0		same-name candidates survive the committed anchor/tile joins; player ruling needed
7771190	Siofra River	Rune Arc	12027460	ItemLotParam_map.getItemFlagId		near Great Waterfall Basin	ambiguous_map_lot	hold	0		same-name candidates survive the committed anchor/tile joins; player ruling needed
7771226	Siofra River	Rune Arc	12027820	ItemLotParam_map.getItemFlagId		near Great Waterfall Basin	ambiguous_map_lot	hold	0		same-name candidates survive the committed anchor/tile joins; player ruling needed
7771382	Siofra River	Rune Arc	12077340	ItemLotParam_map.getItemFlagId		near Nokron, Eternal City	ambiguous_map_lot	hold	0		same-name candidates survive the committed anchor/tile joins; player ruling needed
7771395	Siofra River	Rune Arc	12077470	ItemLotParam_map.getItemFlagId		near Nokron, Eternal City	ambiguous_map_lot	hold	0		same-name candidates survive the committed anchor/tile joins; player ruling needed
7771165	Siofra River	Smithing Stone [2]	12027230	ItemLotParam_map.getItemFlagId		near Worshippers' Woods	ambiguous_map_lot	hold	0		same-name candidates survive the committed anchor/tile joins; player ruling needed
7771183	Siofra River	Smithing Stone [2]	12027410	ItemLotParam_map.getItemFlagId		near Worshippers' Woods	ambiguous_map_lot	hold	0		same-name candidates survive the committed anchor/tile joins; player ruling needed
7771164	Siofra River	Smithing Stone [3]	12027220	ItemLotParam_map.getItemFlagId		near Worshippers' Woods	ambiguous_map_lot	hold	0		same-name candidates survive the committed anchor/tile joins; player ruling needed
7771177	Siofra River	Smithing Stone [3]	12027350	ItemLotParam_map.getItemFlagId		near Worshippers' Woods	ambiguous_map_lot	hold	0		same-name candidates survive the committed anchor/tile joins; player ruling needed
7771362	Siofra River	Smithing Stone [4]	12077040	ItemLotParam_map.getItemFlagId		near Siofra River Well Depths	ambiguous_map_lot	hold	0		same-name candidates survive the committed anchor/tile joins; player ruling needed
7771373	Siofra River	Smithing Stone [4]	12077150	ItemLotParam_map.getItemFlagId		near Siofra River Well Depths	ambiguous_map_lot	hold	0		same-name candidates survive the committed anchor/tile joins; player ruling needed
7771205	Siofra River	Smithing Stone [5]	12027610	ItemLotParam_map.getItemFlagId		near Ancestral Woods	ambiguous_map_lot	hold	0		same-name candidates survive the committed anchor/tile joins; player ruling needed
7771215	Siofra River	Smithing Stone [5]	12027710	ItemLotParam_map.getItemFlagId		near Ancestral Woods	ambiguous_map_lot	hold	0		same-name candidates survive the committed anchor/tile joins; player ruling needed
7771384	Siofra River	Smithing Stone [5]	12077360	ItemLotParam_map.getItemFlagId		near Nokron, Eternal City	ambiguous_map_lot	hold	0		same-name candidates survive the committed anchor/tile joins; player ruling needed
7771391	Siofra River	Smithing Stone [5]	12077430	ItemLotParam_map.getItemFlagId		near Nokron, Eternal City	ambiguous_map_lot	hold	0		same-name candidates survive the committed anchor/tile joins; player ruling needed
7770046	Stormveil	Cracked Pot	66010	ItemLotParam_map.getItemFlagId		near Liftside Chamber	ambiguous_map_lot	hold	0		same-name candidates survive the committed anchor/tile joins; player ruling needed
7770047	Stormveil	Cracked Pot	66020	ItemLotParam_map.getItemFlagId		near Liftside Chamber	ambiguous_map_lot	hold	0		same-name candidates survive the committed anchor/tile joins; player ruling needed
7770822	Stormveil	Golden Rune [1]	10007110	ItemLotParam_map.getItemFlagId		near Gateside Chamber	ambiguous_map_lot	hold	0		same-name candidates survive the committed anchor/tile joins; player ruling needed
7770863	Stormveil	Golden Rune [1]	10007520	ItemLotParam_map.getItemFlagId		near Gateside Chamber	ambiguous_map_lot	hold	0		same-name candidates survive the committed anchor/tile joins; player ruling needed
7770836	Stormveil	Golden Rune [2]	10007240	ItemLotParam_map.getItemFlagId		near Rampart Tower	ambiguous_map_lot	hold	0		same-name candidates survive the committed anchor/tile joins; player ruling needed
7770841	Stormveil	Golden Rune [2]	10007290	ItemLotParam_map.getItemFlagId		near Rampart Tower	ambiguous_map_lot	hold	0		same-name candidates survive the committed anchor/tile joins; player ruling needed
7770846	Stormveil	Golden Rune [2]	10007330	ItemLotParam_map.getItemFlagId		near Liftside Chamber	ambiguous_map_lot	hold	0		same-name candidates survive the committed anchor/tile joins; player ruling needed
7770849	Stormveil	Golden Rune [2]	10007360	ItemLotParam_map.getItemFlagId		near Rampart Tower	ambiguous_map_lot	hold	0		same-name candidates survive the committed anchor/tile joins; player ruling needed
7770868	Stormveil	Golden Rune [2]	10007570	ItemLotParam_map.getItemFlagId		near Rampart Tower	ambiguous_map_lot	hold	0		same-name candidates survive the committed anchor/tile joins; player ruling needed
7770880	Stormveil	Golden Rune [2]	10007690	ItemLotParam_map.getItemFlagId		near Liftside Chamber	ambiguous_map_lot	hold	0		same-name candidates survive the committed anchor/tile joins; player ruling needed
7770893	Stormveil	Golden Rune [2]	10007830	ItemLotParam_map.getItemFlagId		near Liftside Chamber	ambiguous_map_lot	hold	0		same-name candidates survive the committed anchor/tile joins; player ruling needed
7770899	Stormveil	Golden Rune [2]	10007890	ItemLotParam_map.getItemFlagId		near Liftside Chamber	ambiguous_map_lot	hold	0		same-name candidates survive the committed anchor/tile joins; player ruling needed
7770875	Stormveil	Smithing Stone [1]	10007640	ItemLotParam_map.getItemFlagId		near Liftside Chamber	ambiguous_map_lot	hold	0		same-name candidates survive the committed anchor/tile joins; player ruling needed
7770886	Stormveil	Smithing Stone [1]	10007750	ItemLotParam_map.getItemFlagId		near Liftside Chamber	ambiguous_map_lot	hold	0		same-name candidates survive the committed anchor/tile joins; player ruling needed
7770888	Stormveil	Smithing Stone [1]	10007780	ItemLotParam_map.getItemFlagId		near Liftside Chamber	ambiguous_map_lot	hold	0		same-name candidates survive the committed anchor/tile joins; player ruling needed
7770892	Stormveil	Smithing Stone [1]	10007820	ItemLotParam_map.getItemFlagId		near Liftside Chamber	ambiguous_map_lot	hold	0		same-name candidates survive the committed anchor/tile joins; player ruling needed
7770844	Stormveil	Smithing Stone [2]	10007310	ItemLotParam_map.getItemFlagId		near Liftside Chamber	ambiguous_map_lot	hold	0		same-name candidates survive the committed anchor/tile joins; player ruling needed
7770882	Stormveil	Smithing Stone [2]	10007710	ItemLotParam_map.getItemFlagId		near Liftside Chamber	ambiguous_map_lot	hold	0		same-name candidates survive the committed anchor/tile joins; player ruling needed
7770885	Stormveil	Smithing Stone [2]	10007740	ItemLotParam_map.getItemFlagId		near Secluded Cell	ambiguous_map_lot	hold	0		same-name candidates survive the committed anchor/tile joins; player ruling needed
7770890	Stormveil	Smithing Stone [2]	10007800	ItemLotParam_map.getItemFlagId		near Secluded Cell	ambiguous_map_lot	hold	0		same-name candidates survive the committed anchor/tile joins; player ruling needed
7770897	Stormveil	Smithing Stone [2]	10007870	ItemLotParam_map.getItemFlagId		near Liftside Chamber	ambiguous_map_lot	hold	0		same-name candidates survive the committed anchor/tile joins; player ruling needed
7770833	Stormveil	Smoldering Butterfly	10007210	ItemLotParam_map.getItemFlagId		near Rampart Tower	ambiguous_map_lot	hold	0		same-name candidates survive the committed anchor/tile joins; player ruling needed
7770901	Stormveil	Smoldering Butterfly	10007910	ItemLotParam_map.getItemFlagId		near Rampart Tower	ambiguous_map_lot	hold	0		same-name candidates survive the committed anchor/tile joins; player ruling needed
7770843	Stormveil	Somber Smithing Stone [2]	10007300	ItemLotParam_map.getItemFlagId		near Rampart Tower	ambiguous_map_lot	hold	0		same-name candidates survive the committed anchor/tile joins; player ruling needed
7770910	Stormveil	Somber Smithing Stone [2]	10007980	ItemLotParam_map.getItemFlagId		near Rampart Tower	ambiguous_map_lot	hold	0		same-name candidates survive the committed anchor/tile joins; player ruling needed
7770850	Stormveil	Stonesword Key	10007370	ItemLotParam_map.getItemFlagId		near Rampart Tower	ambiguous_map_lot	hold	0		same-name candidates survive the committed anchor/tile joins; player ruling needed
7770860	Stormveil	Stonesword Key	10007470	ItemLotParam_map.getItemFlagId		near Rampart Tower	ambiguous_map_lot	hold	0		same-name candidates survive the committed anchor/tile joins; player ruling needed
7770902	Stormveil	Stonesword Key	10007920	ItemLotParam_map.getItemFlagId		near Rampart Tower	ambiguous_map_lot	hold	0		same-name candidates survive the committed anchor/tile joins; player ruling needed
7770830	Stormveil	Throwing Dagger	10007190	ItemLotParam_map.getItemFlagId		near Rampart Tower	ambiguous_map_lot	hold	0		same-name candidates survive the committed anchor/tile joins; player ruling needed
7770838	Stormveil	Throwing Dagger	10007260	ItemLotParam_map.getItemFlagId		near Rampart Tower	ambiguous_map_lot	hold	0		same-name candidates survive the committed anchor/tile joins; player ruling needed
7770903	Stormveil	Throwing Dagger	10007930	ItemLotParam_map.getItemFlagId		near Rampart Tower	ambiguous_map_lot	hold	0		same-name candidates survive the committed anchor/tile joins; player ruling needed
7772122	Weeping	Arteria Leaf	31027030	ItemLotParam_map.getItemFlagId			ambiguous_map_lot	hold	0		same-name candidates survive the committed anchor/tile joins; player ruling needed
7772120	Weeping	Furlcalling Finger Remedy	31027010	ItemLotParam_map.getItemFlagId			ambiguous_map_lot	hold	0		same-name candidates survive the committed anchor/tile joins; player ruling needed
7772777	Weeping	Golden Rune [1]	1041327000	ItemLotParam_map.getItemFlagId		near Isolated Merchant's Shack	ambiguous_map_lot	hold	0		same-name candidates survive the committed anchor/tile joins; player ruling needed
7772778	Weeping	Golden Rune [1]	1041327010	ItemLotParam_map.getItemFlagId		near Isolated Merchant's Shack	ambiguous_map_lot	hold	0		same-name candidates survive the committed anchor/tile joins; player ruling needed
7772780	Weeping	Golden Rune [1]	1041327030	ItemLotParam_map.getItemFlagId		near Isolated Merchant's Shack	ambiguous_map_lot	hold	0		same-name candidates survive the committed anchor/tile joins; player ruling needed
7772781	Weeping	Golden Rune [1]	1041327040	ItemLotParam_map.getItemFlagId		near Isolated Merchant's Shack	ambiguous_map_lot	hold	0		same-name candidates survive the committed anchor/tile joins; player ruling needed
7774357	Weeping	Golden Rune [1]	1044347060	ItemLotParam_map.getItemFlagId		near Bridge of Sacrifice	ambiguous_map_lot	hold	0		same-name candidates survive the committed anchor/tile joins; player ruling needed
7774358	Weeping	Golden Rune [1]	1044347070	ItemLotParam_map.getItemFlagId		near Bridge of Sacrifice	ambiguous_map_lot	hold	0		same-name candidates survive the committed anchor/tile joins; player ruling needed
7772854	Weeping	Golden Rune [2]	1043317080	ItemLotParam_map.getItemFlagId		near Behind the Castle	ambiguous_map_lot	hold	0		same-name candidates survive the committed anchor/tile joins; player ruling needed
7772856	Weeping	Golden Rune [2]	1043317110	ItemLotParam_map.getItemFlagId		near Behind the Castle	ambiguous_map_lot	hold	0		same-name candidates survive the committed anchor/tile joins; player ruling needed
7772870	Weeping	Golden Rune [2]	1043337000	ItemLotParam_map.getItemFlagId		near Ailing Village Outskirts	ambiguous_map_lot	hold	0		same-name candidates survive the committed anchor/tile joins; player ruling needed
7773979	Weeping	Golden Rune [2]	31027000	ItemLotParam_map.getItemFlagId			ambiguous_map_lot	hold	0		same-name candidates survive the committed anchor/tile joins; player ruling needed
7774334	Weeping	Golden Rune [2]	1043337010	ItemLotParam_map.getItemFlagId		near Ailing Village Outskirts	ambiguous_map_lot	hold	0		same-name candidates survive the committed anchor/tile joins; player ruling needed
7772123	Weeping	Immunizing White Cured Meat	31027050	ItemLotParam_map.getItemFlagId			ambiguous_map_lot	hold	1	gameplay-guide:redmaw	same-name candidates survive the committed anchor/tile joins; player ruling needed
7772121	Weeping	Poisonbone Dart	31027020	ItemLotParam_map.getItemFlagId			ambiguous_map_lot	hold	0		same-name candidates survive the committed anchor/tile joins; player ruling needed
7772910	Weeping	Rainbow Stone	1044337020	ItemLotParam_map.getItemFlagId		near South of the Lookout Tower	ambiguous_map_lot	hold	0		same-name candidates survive the committed anchor/tile joins; player ruling needed
7774355	Weeping	Rainbow Stone	1044347040	ItemLotParam_map.getItemFlagId		near South of the Lookout Tower	ambiguous_map_lot	hold	0		same-name candidates survive the committed anchor/tile joins; player ruling needed
7772918	Weeping	Stonesword Key	1044347000	ItemLotParam_map.getItemFlagId		near Bridge of Sacrifice	ambiguous_map_lot	hold	0		same-name candidates survive the committed anchor/tile joins; player ruling needed
7774371	Weeping	Stonesword Key	1045347000	ItemLotParam_map.getItemFlagId		near Bridge of Sacrifice	ambiguous_map_lot	hold	0		same-name candidates survive the committed anchor/tile joins; player ruling needed
7774549	Abyssal	Great Grave Glovewort	2049427010	ItemLotParam_map.getItemFlagId		near Divided Falls	exact_route_anchor	hold	0		seek an independent source naming this exact route anchor and item
7772015	Abyssal	Shadow Realm Rune [6]	28007040	ItemLotParam_map.getItemFlagId		near Discussion Chamber	exact_route_anchor	hold	1	gameplay-guide:redmaw	seek an independent source naming this exact route anchor and item
7773627	Abyssal	Shadow Realm Rune [7]	2051427000	ItemLotParam_map.getItemFlagId		near Woodland Trail	exact_route_anchor	hold	0		seek an independent source naming this exact route anchor and item
7773644	Abyssal	Shadow Realm Rune [7]	2052417000	ItemLotParam_map.getItemFlagId		near Church Ruins	exact_route_anchor	hold	0		seek an independent source naming this exact route anchor and item
7773585	Abyssal	Smithing Stone [7]	2050437040	ItemLotParam_map.getItemFlagId		near Abyssal Woods	exact_route_anchor	hold	0		seek an independent source naming this exact route anchor and item
7773643	Abyssal	Somber Smithing Stone [9]	2052407010	ItemLotParam_map.getItemFlagId		near Church Ruins	exact_route_anchor	hold	0		seek an independent source naming this exact route anchor and item
7772019	Abyssal	Swollen Grape	28007090	ItemLotParam_map.getItemFlagId		near Midra's Library	exact_route_anchor	hold	0		seek an independent source naming this exact route anchor and item
7772014	Abyssal	Thin Beast Bones	28007030	ItemLotParam_map.getItemFlagId		near Discussion Chamber	exact_route_anchor	hold	0		seek an independent source naming this exact route anchor and item
7771074	Ainsel River	Celestial Dew	12017350	ItemLotParam_map.getItemFlagId		near Ainsel River Sluice Gate	exact_route_anchor	hold	1	gameplay-wiki:eldenpedia	seek an independent source naming this exact route anchor and item
7771116	Ainsel River	Celestial Dew	12017770	ItemLotParam_map.getItemFlagId		near Dragonkin Soldier of Nokstella	exact_route_anchor	hold	0		seek an independent source naming this exact route anchor and item
7771118	Ainsel River	Celestial Dew	12017790	ItemLotParam_map.getItemFlagId		near Nokstella Waterfall Basin	exact_route_anchor	hold	0		seek an independent source naming this exact route anchor and item
7771069	Ainsel River	Crystal Dart	12017300	ItemLotParam_map.getItemFlagId		near Ainsel River Downstream	exact_route_anchor	hold	1	gameplay-wiki:fextralife	seek an independent source naming this exact route anchor and item
7771113	Ainsel River	Drawstring Holy Grease	12017740	ItemLotParam_map.getItemFlagId		near Nokstella, Eternal City	exact_route_anchor	hold	1	gameplay-wiki:fextralife	seek an independent source naming this exact route anchor and item
7771100	Ainsel River	Fan Daggers	12017610	ItemLotParam_map.getItemFlagId		near Nokstella, Eternal City	exact_route_anchor	hold	0		seek an independent source naming this exact route anchor and item
7771132	Ainsel River	Fire Longsword	12017930	ItemLotParam_map.getItemFlagId		around Dragonkin Soldier of Nokstella	exact_route_anchor	hold	0		seek an independent source naming this exact route anchor and item
7771068	Ainsel River	Formic Rock	12017290	ItemLotParam_map.getItemFlagId		near Ainsel River Downstream	exact_route_anchor	hold	1	gameplay-guide:redmaw	seek an independent source naming this exact route anchor and item
7771049	Ainsel River	Golden Rune [10]	12017105	ItemLotParam_map.getItemFlagId		around Dragonkin Soldier of Nokstella	exact_route_anchor	hold	0		seek an independent source naming this exact route anchor and item
7771088	Ainsel River	Golden Rune [10]	12017490	ItemLotParam_map.getItemFlagId		near Lake of Rot Shoreside	exact_route_anchor	hold	0		seek an independent source naming this exact route anchor and item
7771043	Ainsel River	Golden Rune [2]	12017050	ItemLotParam_map.getItemFlagId		near Ainsel River Sluice Gate	exact_route_anchor	hold	0		seek an independent source naming this exact route anchor and item
7771063	Ainsel River	Golden Rune [2]	12017240	ItemLotParam_map.getItemFlagId		near Ainsel River Downstream	exact_route_anchor	hold	0		seek an independent source naming this exact route anchor and item
7771046	Ainsel River	Golden Rune [3]	12017080	ItemLotParam_map.getItemFlagId		near Ainsel River Sluice Gate	exact_route_anchor	hold	0		seek an independent source naming this exact route anchor and item
7771075	Ainsel River	Golden Rune [3]	12017360	ItemLotParam_map.getItemFlagId		near Ainsel River Well Depths	exact_route_anchor	hold	0		seek an independent source naming this exact route anchor and item
7771087	Ainsel River	Golden Rune [7]	12017480	ItemLotParam_map.getItemFlagId		near Lake of Rot Shoreside	exact_route_anchor	hold	0		seek an independent source naming this exact route anchor and item
7771056	Ainsel River	Grace Mimic	12017170	ItemLotParam_map.getItemFlagId		near Ainsel River Well Depths	exact_route_anchor	hold	0		seek an independent source naming this exact route anchor and item
7771090	Ainsel River	Human Bone Shard	12017510	ItemLotParam_map.getItemFlagId		near Ainsel River Main	exact_route_anchor	hold	0		seek an independent source naming this exact route anchor and item
7771053	Ainsel River	Lightningproof Dried Liver	12017140	ItemLotParam_map.getItemFlagId		near Grand Cloister	exact_route_anchor	hold	1	gameplay-guide:redmaw	seek an independent source naming this exact route anchor and item
7771045	Ainsel River	Magic Grease	12017070	ItemLotParam_map.getItemFlagId		near Ainsel River Well Depths	exact_route_anchor	hold	0		seek an independent source naming this exact route anchor and item
7771080	Ainsel River	Magic Grease	12017410	ItemLotParam_map.getItemFlagId		near Ainsel River Downstream	exact_route_anchor	hold	0		seek an independent source naming this exact route anchor and item
7771112	Ainsel River	Magic Grease	12017730	ItemLotParam_map.getItemFlagId		near Nokstella, Eternal City	exact_route_anchor	hold	1	gameplay-wiki:fextralife	seek an independent source naming this exact route anchor and item
7771050	Ainsel River	Rot Grease	12017110	ItemLotParam_map.getItemFlagId		near Lake of Rot Shoreside	exact_route_anchor	hold	1	gameplay-guide:redmaw	seek an independent source naming this exact route anchor and item
7771055	Ainsel River	Shattershard Arrow (Fletched)	12017160	ItemLotParam_map.getItemFlagId		near Ainsel River Sluice Gate	exact_route_anchor	hold	1	gameplay-wiki:fextralife	seek an independent source naming this exact route anchor and item
7771064	Ainsel River	Shield Grease	12017250	ItemLotParam_map.getItemFlagId		near Ainsel River Downstream	exact_route_anchor	hold	0		seek an independent source naming this exact route anchor and item
7771094	Ainsel River	Shield Grease	12017550	ItemLotParam_map.getItemFlagId		near Nokstella, Eternal City	exact_route_anchor	hold	1	gameplay-wiki:fextralife	seek an independent source naming this exact route anchor and item
7771078	Ainsel River	Silver Firefly	12017390	ItemLotParam_map.getItemFlagId		near Ainsel River Sluice Gate	exact_route_anchor	hold	0		seek an independent source naming this exact route anchor and item
7771114	Ainsel River	Silver Tear Husk	12017750	ItemLotParam_map.getItemFlagId		near Dragonkin Soldier of Nokstella	exact_route_anchor	hold	0		seek an independent source naming this exact route anchor and item
7771044	Ainsel River	Smithing Stone [1]	12017060	ItemLotParam_map.getItemFlagId		near Ainsel River Sluice Gate	exact_route_anchor	hold	0		seek an independent source naming this exact route anchor and item
7771083	Ainsel River	Smithing Stone [1]	12017440	ItemLotParam_map.getItemFlagId		near Ainsel River Downstream	exact_route_anchor	hold	0		seek an independent source naming this exact route anchor and item
7771067	Ainsel River	Smithing Stone [2]	12017280	ItemLotParam_map.getItemFlagId		near Ainsel River Downstream	exact_route_anchor	hold	0		seek an independent source naming this exact route anchor and item
7771058	Ainsel River	Smithing Stone [3]	12017190	ItemLotParam_map.getItemFlagId		near Ainsel River Well Depths	exact_route_anchor	hold	0		seek an independent source naming this exact route anchor and item
7771066	Ainsel River	Smithing Stone [4]	12017270	ItemLotParam_map.getItemFlagId		near Ainsel River Sluice Gate	exact_route_anchor	hold	0		seek an independent source naming this exact route anchor and item
7771092	Ainsel River	Smithing Stone [4]	12017530	ItemLotParam_map.getItemFlagId		near Ainsel River Main	exact_route_anchor	hold	0		seek an independent source naming this exact route anchor and item
7771119	Ainsel River	Smithing Stone [4]	12017800	ItemLotParam_map.getItemFlagId		near Nokstella Waterfall Basin	exact_route_anchor	hold	0		seek an independent source naming this exact route anchor and item
7771120	Ainsel River	Smithing Stone [5]	12017810	ItemLotParam_map.getItemFlagId		near Nokstella Waterfall Basin	exact_route_anchor	hold	0		seek an independent source naming this exact route anchor and item
7771122	Ainsel River	Smithing Stone [5]	12017830	ItemLotParam_map.getItemFlagId		near Grand Cloister	exact_route_anchor	hold	0		seek an independent source naming this exact route anchor and item
7771101	Ainsel River	Smithing Stone [6]	12017620	ItemLotParam_map.getItemFlagId		near Nokstella, Eternal City	exact_route_anchor	hold	0		seek an independent source naming this exact route anchor and item
7771126	Ainsel River	Smithing Stone [6]	12017870	ItemLotParam_map.getItemFlagId		near Grand Cloister	exact_route_anchor	hold	1	gameplay-wiki:eldenpedia	seek an independent source naming this exact route anchor and item
7771070	Ainsel River	Soap	12017310	ItemLotParam_map.getItemFlagId		near Ainsel River Downstream	exact_route_anchor	hold	1	gameplay-wiki:fextralife	seek an independent source naming this exact route anchor and item
7771071	Ainsel River	Somber Smithing Stone [3]	12017320	ItemLotParam_map.getItemFlagId		near Ainsel River Downstream	exact_route_anchor	hold	1	gameplay-guide:redmaw	seek an independent source naming this exact route anchor and item
7771091	Ainsel River	Somber Smithing Stone [6]	12017520	ItemLotParam_map.getItemFlagId		near Nokstella, Eternal City	exact_route_anchor	hold	0		seek an independent source naming this exact route anchor and item
7771143	Ainsel River	Somber Smithing Stone [7]	12017995	ItemLotParam_map.getItemFlagId		around Dragonkin Soldier of Nokstella	exact_route_anchor	hold	0		seek an independent source naming this exact route anchor and item
7771041	Ainsel River	Somber Smithing Stone [8]	12017030	ItemLotParam_map.getItemFlagId		near Grand Cloister	exact_route_anchor	hold	0		seek an independent source naming this exact route anchor and item
7771127	Ainsel River	Somber Smithing Stone [8]	12017880	ItemLotParam_map.getItemFlagId		near Lake of Rot Shoreside	exact_route_anchor	hold	0		seek an independent source naming this exact route anchor and item
7771047	Ainsel River	Somber Smithing Stone [9]	12017090	ItemLotParam_map.getItemFlagId		near Lake of Rot Shoreside	exact_route_anchor	hold	1	gameplay-guide:redmaw	seek an independent source naming this exact route anchor and item
7771097	Ainsel River	Stonesword Key	12017580	ItemLotParam_map.getItemFlagId		near Ainsel River Main	exact_route_anchor	hold	0		seek an independent source naming this exact route anchor and item
7771111	Ainsel River	Stonesword Key	12017720	ItemLotParam_map.getItemFlagId		near Nokstella Waterfall Basin	exact_route_anchor	hold	0		seek an independent source naming this exact route anchor and item
7771061	Ainsel River	Throwing Dagger	12017220	ItemLotParam_map.getItemFlagId		near Ainsel River Downstream	exact_route_anchor	hold	0		seek an independent source naming this exact route anchor and item
7772195	Altus	Arteria Leaf	31187040	ItemLotParam_map.getItemFlagId		near Perfumer's Grotto	exact_route_anchor	hold	1	gameplay-wiki:eldenpedia	seek an independent source naming this exact route anchor and item
7772271	Altus	Arteria Leaf	32057010	ItemLotParam_map.getItemFlagId		near Altus Tunnel	exact_route_anchor	hold	1	gameplay-wiki:eldenpedia	seek an independent source naming this exact route anchor and item
7774316	Altus	Arteria Leaf	1042527040	ItemLotParam_map.getItemFlagId		near Outer Wall Battleground	exact_route_anchor	hold	0		seek an independent source naming this exact route anchor and item
7772763	Altus	Beast Blood	1040517030	ItemLotParam_map.getItemFlagId		near Altus Highway Junction	exact_route_anchor	hold	0		seek an independent source naming this exact route anchor and item
7774256	Altus	Beast Blood	1039547120	ItemLotParam_map.getItemFlagId		near Shaded Castle Inner Gate	exact_route_anchor	hold	0		seek an independent source naming this exact route anchor and item
7774299	Altus	Beast Blood	1041537040	ItemLotParam_map.getItemFlagId		near Forest-Spanning Greatbridge	exact_route_anchor	hold	0		seek an independent source naming this exact route anchor and item
7772760	Altus	Celestial Dew	1040517000	ItemLotParam_map.getItemFlagId		near Rampartside Path	exact_route_anchor	hold	0		seek an independent source naming this exact route anchor and item
7772207	Altus	Dragonwound Grease	31197090	ItemLotParam_map.getItemFlagId		near Sage's Cave	exact_route_anchor	hold	1	gameplay-wiki:eldenpedia	seek an independent source naming this exact route anchor and item
7774278	Altus	Dragonwound Grease	1040547050	ItemLotParam_map.getItemFlagId		near Road of Iniquity Side Path	exact_route_anchor	hold	0		seek an independent source naming this exact route anchor and item
7774254	Altus	Drawstring Fire Grease	1039547100	ItemLotParam_map.getItemFlagId		near Shaded Castle Ramparts	exact_route_anchor	hold	1	gameplay-wiki:eldenpedia	seek an independent source naming this exact route anchor and item
7774349	Altus	Drawstring Holy Grease	1043537030	ItemLotParam_map.getItemFlagId		near Hermit Merchant's Shack	exact_route_anchor	hold	0		seek an independent source naming this exact route anchor and item
7774329	Altus	Exalted Flesh	1042547090	ItemLotParam_map.getItemFlagId		near Windmill Heights	exact_route_anchor	hold	0		seek an independent source naming this exact route anchor and item
7772267	Altus	Explosive Stone Clump	32047030	ItemLotParam_map.getItemFlagId		treasure · Old Altus Tunnel	exact_route_anchor	hold	1	gameplay-wiki:eldenpedia	seek an independent source naming this exact route anchor and item
7772736	Altus	Fan Daggers	1039517010	ItemLotParam_map.getItemFlagId		near Altus Highway Junction	exact_route_anchor	hold	0		seek an independent source naming this exact route anchor and item
7774320	Altus	Four-Toed Fowl Foot	1042547000	ItemLotParam_map.getItemFlagId		near Windmill Village	exact_route_anchor	hold	0		seek an independent source naming this exact route anchor and item
7772631	Altus	Fulgurbloom	1037517010	ItemLotParam_map.getItemFlagId		near Abandoned Coffin	exact_route_anchor	hold	0		seek an independent source naming this exact route anchor and item
7772769	Altus	Fulgurbloom	1040537030	ItemLotParam_map.getItemFlagId		near Forest-Spanning Greatbridge	exact_route_anchor	hold	0		seek an independent source naming this exact route anchor and item
7772753	Altus	Glass Shard	1039547220	ItemLotParam_map.getItemFlagId		near Shaded Castle Ramparts	exact_route_anchor	hold	0		seek an independent source naming this exact route anchor and item
7774258	Altus	Glass Shard	1039547140	ItemLotParam_map.getItemFlagId		near Shaded Castle Inner Gate	exact_route_anchor	hold	0		seek an independent source naming this exact route anchor and item
7772274	Altus	Glintstone Scrap	32057040	ItemLotParam_map.getItemFlagId		near Altus Tunnel	exact_route_anchor	hold	0		seek an independent source naming this exact route anchor and item
7772275	Altus	Glintstone Scrap	32057900	ItemLotParam_map.getItemFlagId		around Altus Tunnel	exact_route_anchor	hold	0		seek an independent source naming this exact route anchor and item
7774264	Altus	Gold Firefly	1039547210	ItemLotParam_map.getItemFlagId		near Castellan's Hall	exact_route_anchor	hold	0		seek an independent source naming this exact route anchor and item
7774327	Altus	Gold Firefly	1042547070	ItemLotParam_map.getItemFlagId		near Windmill Heights	exact_route_anchor	hold	0		seek an independent source naming this exact route anchor and item
7772770	Altus	Golden Arrow	1040537040	ItemLotParam_map.getItemFlagId		near Forest-Spanning Greatbridge	exact_route_anchor	hold	0		seek an independent source naming this exact route anchor and item
7774325	Altus	Golden Arrow	1042547050	ItemLotParam_map.getItemFlagId		near Windmill Village	exact_route_anchor	hold	1	gameplay-wiki:fextralife	seek an independent source naming this exact route anchor and item
7774315	Altus	Golden Rune [10]	1042527030	ItemLotParam_map.getItemFlagId		near Rampartside Path	exact_route_anchor	hold	0		seek an independent source naming this exact route anchor and item
7774347	Altus	Golden Rune [10]	1043537010	ItemLotParam_map.getItemFlagId		near Hermit Merchant's Shack	exact_route_anchor	hold	1	gameplay-wiki:fextralife	seek an independent source naming this exact route anchor and item
7772328	Altus	Golden Rune [1]	34127080	ItemLotParam_map.getItemFlagId		near Divine Tower of West Altus: Gate	exact_route_anchor	hold	0		seek an independent source naming this exact route anchor and item
7772794	Altus	Golden Rune [1]	1041527040	ItemLotParam_map.getItemFlagId		near Rampartside Path	exact_route_anchor	hold	0		seek an independent source naming this exact route anchor and item
7773954	Altus	Golden Rune [1]	30077900	ItemLotParam_map.getItemFlagId		around Wyndham Catacombs	exact_route_anchor	hold	0		seek an independent source naming this exact route anchor and item
7772940	Altus	Golden Rune [2]	1044527020	ItemLotParam_map.getItemFlagId		near Hermit Merchant's Shack	exact_route_anchor	hold	1	gameplay-guide:redmaw	seek an independent source naming this exact route anchor and item
7772786	Altus	Golden Rune [3]	1041517000	ItemLotParam_map.getItemFlagId		near Outer Wall Phantom Tree	exact_route_anchor	hold	0		seek an independent source naming this exact route anchor and item
7772793	Altus	Golden Rune [3]	1041527030	ItemLotParam_map.getItemFlagId		near Rampartside Path	exact_route_anchor	hold	0		seek an independent source naming this exact route anchor and item
7774226	Altus	Golden Rune [3]	1038517080	ItemLotParam_map.getItemFlagId		near Erdtree-Gazing Hill	exact_route_anchor	hold	0		seek an independent source naming this exact route anchor and item
7774246	Altus	Golden Rune [3]	1039547010	ItemLotParam_map.getItemFlagId		near Shaded Castle Ramparts	exact_route_anchor	hold	0		seek an independent source naming this exact route anchor and item
7774275	Altus	Golden Rune [3]	1040527040	ItemLotParam_map.getItemFlagId		near Forest-Spanning Greatbridge	exact_route_anchor	hold	0		seek an independent source naming this exact route anchor and item
7772755	Altus	Golden Rune [4]	1039547250	ItemLotParam_map.getItemFlagId		near Shaded Castle Inner Gate	exact_route_anchor	hold	0		seek an independent source naming this exact route anchor and item
7772941	Altus	Golden Rune [4]	1044537010	ItemLotParam_map.getItemFlagId		near Hermit Merchant's Shack	exact_route_anchor	hold	0		seek an independent source naming this exact route anchor and item
7774241	Altus	Golden Rune [4]	1039507020	ItemLotParam_map.getItemFlagId		near Altus Highway Junction	exact_route_anchor	hold	0		seek an independent source naming this exact route anchor and item
7772766	Altus	Golden Rune [5]	1040537000	ItemLotParam_map.getItemFlagId		near Bower of Bounty	exact_route_anchor	hold	0		seek an independent source naming this exact route anchor and item
7772894	Altus	Golden Rune [5]	1043527030	ItemLotParam_map.getItemFlagId		near Outer Wall Battleground	exact_route_anchor	hold	0		seek an independent source naming this exact route anchor and item
7773953	Altus	Golden Rune [5]	30077010	ItemLotParam_map.getItemFlagId		near Wyndham Catacombs	exact_route_anchor	hold	1	gameplay-wiki:fextralife	seek an independent source naming this exact route anchor and item
7774321	Altus	Golden Rune [5]	1042547010	ItemLotParam_map.getItemFlagId		near Windmill Village	exact_route_anchor	hold	0		seek an independent source naming this exact route anchor and item
7774351	Altus	Golden Rune [5]	1043537050	ItemLotParam_map.getItemFlagId		near Hermit Merchant's Shack	exact_route_anchor	hold	0		seek an independent source naming this exact route anchor and item
7772787	Altus	Golden Rune [6]	1041517010	ItemLotParam_map.getItemFlagId		near Outer Wall Phantom Tree	exact_route_anchor	hold	0		seek an independent source naming this exact route anchor and item
7772791	Altus	Golden Rune [6]	1041527010	ItemLotParam_map.getItemFlagId		near Rampartside Path	exact_route_anchor	hold	0		seek an independent source naming this exact route anchor and item
7772939	Altus	Golden Rune [6]	1044527010	ItemLotParam_map.getItemFlagId		near Capital Rampart	exact_route_anchor	hold	0		seek an independent source naming this exact route anchor and item
7774260	Altus	Golden Rune [6]	1039547160	ItemLotParam_map.getItemFlagId		near Shaded Castle Inner Gate	exact_route_anchor	hold	0		seek an independent source naming this exact route anchor and item
7772081	Altus	Golden Rune [7]	30137020	ItemLotParam_map.getItemFlagId		near Auriza Side Tomb	exact_route_anchor	hold	1	gameplay-wiki:eldenpedia	seek an independent source naming this exact route anchor and item
7772272	Altus	Golden Rune [7]	32057020	ItemLotParam_map.getItemFlagId		near Altus Tunnel	exact_route_anchor	hold	1	gameplay-wiki:fextralife	seek an independent source naming this exact route anchor and item
7772690	Altus	Golden Rune [7]	1038527030	ItemLotParam_map.getItemFlagId		near Old Altus Tunnel	exact_route_anchor	hold	0		seek an independent source naming this exact route anchor and item
7774352	Altus	Golden Rune [7]	1043537060	ItemLotParam_map.getItemFlagId		near Outer Wall Battleground	exact_route_anchor	hold	1	gameplay-guide:redmaw	seek an independent source naming this exact route anchor and item
7772790	Altus	Golden Rune [8]	1041527000	ItemLotParam_map.getItemFlagId		near Rampartside Path	exact_route_anchor	hold	1	gameplay-guide:redmaw	seek an independent source naming this exact route anchor and item
7772335	Altus	Golden Rune [9]	34127160	ItemLotParam_map.getItemFlagId		near Divine Tower of West Altus: Gate	exact_route_anchor	hold	0		seek an independent source naming this exact route anchor and item
7774346	Altus	Golden Rune [9]	1043537000	ItemLotParam_map.getItemFlagId		near Hermit Merchant's Shack	exact_route_anchor	hold	0		seek an independent source naming this exact route anchor and item
7772331	Altus	Grace Mimic	34127110	ItemLotParam_map.getItemFlagId		near Divine Tower of West Altus: Gate	exact_route_anchor	hold	0		seek an independent source naming this exact route anchor and item
7774348	Altus	Grace Mimic	1043537020	ItemLotParam_map.getItemFlagId		near Hermit Merchant's Shack	exact_route_anchor	hold	0		seek an independent source naming this exact route anchor and item
7772773	Altus	Gravel Stone	1040547010	ItemLotParam_map.getItemFlagId		near Shaded Castle Ramparts	exact_route_anchor	hold	0		seek an independent source naming this exact route anchor and item
7772945	Altus	Gravel Stone	1045527010	ItemLotParam_map.getItemFlagId		near Capital Rampart	exact_route_anchor	hold	0		seek an independent source naming this exact route anchor and item
7774300	Altus	Gravel Stone	1041537060	ItemLotParam_map.getItemFlagId		near Windmill Village	exact_route_anchor	hold	0		seek an independent source naming this exact route anchor and item
7772759	Altus	Gravity Stone Fan	1040507000	ItemLotParam_map.getItemFlagId		near Altus Highway Junction	exact_route_anchor	hold	0		seek an independent source naming this exact route anchor and item
7772944	Altus	Gravity Stone Fan	1045527000	ItemLotParam_map.getItemFlagId		near Capital Rampart	exact_route_anchor	hold	0		seek an independent source naming this exact route anchor and item
7772938	Altus	Great Arrow	1044527000	ItemLotParam_map.getItemFlagId		near Capital Rampart	exact_route_anchor	hold	1	gameplay-wiki:eldenpedia	seek an independent source naming this exact route anchor and item
7772073	Altus	Great Dragonfly Head	30107060	ItemLotParam_map.getItemFlagId		near Auriza Hero's Grave	exact_route_anchor	hold	1	gameplay-wiki:eldenpedia	seek an independent source naming this exact route anchor and item
7770628	Altus	Great Stars	400510	ItemLotParam_map.getItemFlagId		around Bower of Bounty	exact_route_anchor	hold	0		seek an independent source naming this exact route anchor and item
7774277	Altus	Great Stars	1040547000	ItemLotParam_map.getItemFlagId		near Road of Iniquity Side Path	exact_route_anchor	hold	1	gameplay-wiki:fextralife	seek an independent source naming this exact route anchor and item
7772324	Altus	Hefty Beast Bone	34127040	ItemLotParam_map.getItemFlagId		near Divine Tower of West Altus: Gate	exact_route_anchor	hold	0		seek an independent source naming this exact route anchor and item
7772772	Altus	Hefty Beast Bone	1040537060	ItemLotParam_map.getItemFlagId		near Bower of Bounty	exact_route_anchor	hold	0		seek an independent source naming this exact route anchor and item
7774239	Altus	Hefty Beast Bone	1039507000	ItemLotParam_map.getItemFlagId		near Altus Plateau	exact_route_anchor	hold	0		seek an independent source naming this exact route anchor and item
7774262	Altus	Hefty Beast Bone	1039547180	ItemLotParam_map.getItemFlagId		near Castellan's Hall	exact_route_anchor	hold	0		seek an independent source naming this exact route anchor and item
7774324	Altus	Hefty Beast Bone	1042547040	ItemLotParam_map.getItemFlagId		near Windmill Village	exact_route_anchor	hold	0		seek an independent source naming this exact route anchor and item
7772844	Altus	Holy Grease	1042517000	ItemLotParam_map.getItemFlagId		near Outer Wall Phantom Tree	exact_route_anchor	hold	1	gameplay-wiki:fextralife	seek an independent source naming this exact route anchor and item
7774322	Altus	Holyproof Dried Liver	1042547020	ItemLotParam_map.getItemFlagId		near Windmill Heights	exact_route_anchor	hold	1	gameplay-guide:redmaw	seek an independent source naming this exact route anchor and item
7772056	Altus	Human Bone Shard	30087060	ItemLotParam_map.getItemFlagId		near Sainted Hero's Grave	exact_route_anchor	hold	1	gameplay-wiki:eldenpedia	seek an independent source naming this exact route anchor and item
7774242	Altus	Human Bone Shard	1039527000	ItemLotParam_map.getItemFlagId		near Old Altus Tunnel	exact_route_anchor	hold	0		seek an independent source naming this exact route anchor and item
7774298	Altus	Invigorating White Cured Meat	1041537030	ItemLotParam_map.getItemFlagId		near Forest-Spanning Greatbridge	exact_route_anchor	hold	0		seek an independent source naming this exact route anchor and item
7772796	Altus	Land Octopus Ovary	1041527080	ItemLotParam_map.getItemFlagId		near Rampartside Path	exact_route_anchor	hold	1	gameplay-guide:redmaw	seek an independent source naming this exact route anchor and item
7772332	Altus	Large Glintstone Scrap	34127120	ItemLotParam_map.getItemFlagId		near Divine Tower of West Altus: Gate	exact_route_anchor	hold	1	gameplay-wiki:eldenpedia	seek an independent source naming this exact route anchor and item
7772334	Altus	Lightning Grease	34127150	ItemLotParam_map.getItemFlagId		near Divine Tower of West Altus: Gate	exact_route_anchor	hold	0		seek an independent source naming this exact route anchor and item
7774224	Altus	Lightning Grease	1038517060	ItemLotParam_map.getItemFlagId		near Erdtree-Gazing Hill	exact_route_anchor	hold	0		seek an independent source naming this exact route anchor and item
7774328	Altus	Lightning Grease	1042547080	ItemLotParam_map.getItemFlagId		near Windmill Heights	exact_route_anchor	hold	0		seek an independent source naming this exact route anchor and item
7772764	Altus	Lightning Greatbolt	1040517040	ItemLotParam_map.getItemFlagId		near Altus Highway Junction	exact_route_anchor	hold	0		seek an independent source naming this exact route anchor and item
7774318	Altus	Lightning Greatbolt	1042537000	ItemLotParam_map.getItemFlagId		near Rampartside Path	exact_route_anchor	hold	1	gameplay-wiki:eldenpedia	seek an independent source naming this exact route anchor and item
7774220	Altus	Lightningproof Dried Liver	1038517020	ItemLotParam_map.getItemFlagId		near Altus Plateau	exact_route_anchor	hold	1	gameplay-guide:redmaw	seek an independent source naming this exact route anchor and item
7774222	Altus	Lightningproof Dried Liver	1038517040	ItemLotParam_map.getItemFlagId		near Erdtree-Gazing Hill	exact_route_anchor	hold	0		seek an independent source naming this exact route anchor and item
7772893	Altus	Lost Ashes of War	1043527000	ItemLotParam_map.getItemFlagId		near Outer Wall Battleground	exact_route_anchor	hold	0		seek an independent source naming this exact route anchor and item
7772771	Altus	Lump of Flesh	1040537050	ItemLotParam_map.getItemFlagId		near Bower of Bounty	exact_route_anchor	hold	0		seek an independent source naming this exact route anchor and item
7772795	Altus	Lump of Flesh	1041527070	ItemLotParam_map.getItemFlagId		near Forest-Spanning Greatbridge	exact_route_anchor	hold	0		seek an independent source naming this exact route anchor and item
7772049	Altus	Magic Grease	30077020	ItemLotParam_map.getItemFlagId		near Wyndham Catacombs	exact_route_anchor	hold	1	gameplay-wiki:fextralife	seek an independent source naming this exact route anchor and item
7774243	Altus	Magic Grease	1039527020	ItemLotParam_map.getItemFlagId		near Old Altus Tunnel	exact_route_anchor	hold	0		seek an independent source naming this exact route anchor and item
7774353	Altus	Mushroom	1043537070	ItemLotParam_map.getItemFlagId		near Outer Wall Battleground	exact_route_anchor	hold	0		seek an independent source naming this exact route anchor and item
7772747	Altus	Nascent Butterfly	1039537040	ItemLotParam_map.getItemFlagId		near Bridge of Iniquity	exact_route_anchor	hold	0		seek an independent source naming this exact route anchor and item
7772768	Altus	Nascent Butterfly	1040537020	ItemLotParam_map.getItemFlagId		near Bower of Bounty	exact_route_anchor	hold	1	gameplay-guide:redmaw	seek an independent source naming this exact route anchor and item
7774218	Altus	Nascent Butterfly	1038517000	ItemLotParam_map.getItemFlagId		near Erdtree-Gazing Hill	exact_route_anchor	hold	0		seek an independent source naming this exact route anchor and item
7774257	Altus	Neutralizing Boluses	1039547130	ItemLotParam_map.getItemFlagId		near Shaded Castle Inner Gate	exact_route_anchor	hold	1	gameplay-wiki:eldenpedia	seek an independent source naming this exact route anchor and item
7772330	Altus	Old Fang	34127100	ItemLotParam_map.getItemFlagId		near Divine Tower of West Altus: Gate	exact_route_anchor	hold	0		seek an independent source naming this exact route anchor and item
7772761	Altus	Old Fang	1040517010	ItemLotParam_map.getItemFlagId		near Altus Highway Junction	exact_route_anchor	hold	0		seek an independent source naming this exact route anchor and item
7774312	Altus	Old Fang	1042527000	ItemLotParam_map.getItemFlagId		near Rampartside Path	exact_route_anchor	hold	0		seek an independent source naming this exact route anchor and item
7773694	Altus	Perfume Bottle	66770	ItemLotParam_map.getItemFlagId		near Shaded Castle Ramparts	exact_route_anchor	hold	0		seek an independent source naming this exact route anchor and item
7774261	Altus	Poison Grease	1039547170	ItemLotParam_map.getItemFlagId		near Shaded Castle Ramparts	exact_route_anchor	hold	1	gameplay-wiki:fextralife	seek an independent source naming this exact route anchor and item
7774303	Altus	Poison Grease	1041547000	ItemLotParam_map.getItemFlagId		near Windmill Village	exact_route_anchor	hold	0		seek an independent source naming this exact route anchor and item
7774248	Altus	Poisonbloom	1039547030	ItemLotParam_map.getItemFlagId		near Shaded Castle Ramparts	exact_route_anchor	hold	0		seek an independent source naming this exact route anchor and item
7774249	Altus	Poisonbone Dart	1039547050	ItemLotParam_map.getItemFlagId		near Shaded Castle Ramparts	exact_route_anchor	hold	0		seek an independent source naming this exact route anchor and item
7774296	Altus	Poisonbone Dart	1041537010	ItemLotParam_map.getItemFlagId		near Forest-Spanning Greatbridge	exact_route_anchor	hold	0		seek an independent source naming this exact route anchor and item
7774314	Altus	Rainbow Stone	1042527020	ItemLotParam_map.getItemFlagId		near Rampartside Path	exact_route_anchor	hold	0		seek an independent source naming this exact route anchor and item
7772054	Altus	Root Resin	30087040	ItemLotParam_map.getItemFlagId		near Sainted Hero's Grave	exact_route_anchor	hold	1	gameplay-wiki:eldenpedia	seek an independent source naming this exact route anchor and item
7772083	Altus	Root Resin	30137040	ItemLotParam_map.getItemFlagId		near Auriza Side Tomb	exact_route_anchor	hold	1	gameplay-wiki:eldenpedia	seek an independent source naming this exact route anchor and item
7772757	Altus	Rot Grease	1039570000	ItemLotParam_map.getItemFlagId		near Shaded Castle Inner Gate	exact_route_anchor	hold	1	gameplay-wiki:eldenpedia	seek an independent source naming this exact route anchor and item
7772327	Altus	Rune Arc	34127070	ItemLotParam_map.getItemFlagId		near Divine Tower of West Altus: Gate	exact_route_anchor	hold	0		seek an independent source naming this exact route anchor and item
7774330	Altus	Rune Arc	1042547100	ItemLotParam_map.getItemFlagId		near Windmill Village	exact_route_anchor	hold	0		seek an independent source naming this exact route anchor and item
7772737	Altus	Sacrificial Twig	1039517020	ItemLotParam_map.getItemFlagId		near Altus Highway Junction	exact_route_anchor	hold	1	gameplay-guide:redmaw	seek an independent source naming this exact route anchor and item
7772788	Altus	Silver-Pickled Fowl Foot	1041517020	ItemLotParam_map.getItemFlagId		near Outer Wall Phantom Tree	exact_route_anchor	hold	0		seek an independent source naming this exact route anchor and item
7772749	Altus	Slumbering Egg	1039537060	ItemLotParam_map.getItemFlagId		near Bower of Bounty	exact_route_anchor	hold	0		seek an independent source naming this exact route anchor and item
7774251	Altus	Smithing Stone [4]	1039547070	ItemLotParam_map.getItemFlagId		near Shaded Castle Ramparts	exact_route_anchor	hold	0		seek an independent source naming this exact route anchor and item
7774266	Altus	Smithing Stone [4]	1039547260	ItemLotParam_map.getItemFlagId		near Shaded Castle Inner Gate	exact_route_anchor	hold	0		seek an independent source naming this exact route anchor and item
7772082	Altus	Smithing Stone [5]	30137030	ItemLotParam_map.getItemFlagId		near Auriza Side Tomb	exact_route_anchor	hold	1	gameplay-wiki:eldenpedia	seek an independent source naming this exact route anchor and item
7772630	Altus	Smithing Stone [5]	1037517000	ItemLotParam_map.getItemFlagId		near Abandoned Coffin	exact_route_anchor	hold	1	gameplay-guide:redmaw	seek an independent source naming this exact route anchor and item
7772947	Altus	Smithing Stone [5]	1045527030	ItemLotParam_map.getItemFlagId		near Capital Rampart	exact_route_anchor	hold	0		seek an independent source naming this exact route anchor and item
7774263	Altus	Smithing Stone [5]	1039547200	ItemLotParam_map.getItemFlagId		near Castellan's Hall	exact_route_anchor	hold	0		seek an independent source naming this exact route anchor and item
7774350	Altus	Smithing Stone [5]	1043537040	ItemLotParam_map.getItemFlagId		near Hermit Merchant's Shack	exact_route_anchor	hold	0		seek an independent source naming this exact route anchor and item
7772333	Altus	Smithing Stone [6]	34127130	ItemLotParam_map.getItemFlagId		near Divine Tower of West Altus: Gate	exact_route_anchor	hold	0		seek an independent source naming this exact route anchor and item
7772946	Altus	Smithing Stone [6]	1045527020	ItemLotParam_map.getItemFlagId		near Capital Rampart	exact_route_anchor	hold	0		seek an independent source naming this exact route anchor and item
7772892	Altus	Smoldering Butterfly	1043507010	ItemLotParam_map.getItemFlagId		near Sealed Tunnel	exact_route_anchor	hold	0		seek an independent source naming this exact route anchor and item
7770765	Altus	Somber Smithing Stone [5]	540320	ItemLotParam_map.getItemFlagId		around Bower of Bounty	exact_route_anchor	hold	0		seek an independent source naming this exact route anchor and item
7774252	Altus	Somber Smithing Stone [5]	1039547080	ItemLotParam_map.getItemFlagId		near Shaded Castle Inner Gate	exact_route_anchor	hold	0		seek an independent source naming this exact route anchor and item
7774319	Altus	Somber Smithing Stone [5]	1042537010	ItemLotParam_map.getItemFlagId		near Rampartside Path	exact_route_anchor	hold	0		seek an independent source naming this exact route anchor and item
7772774	Altus	Stimulating Boluses	1040547030	ItemLotParam_map.getItemFlagId		near Road of Iniquity Side Path	exact_route_anchor	hold	0		seek an independent source naming this exact route anchor and item
7772326	Altus	Stonesword Key	34127060	ItemLotParam_map.getItemFlagId		near Divine Tower of West Altus: Gate	exact_route_anchor	hold	0		seek an independent source naming this exact route anchor and item
7772797	Altus	Stonesword Key	1041527090	ItemLotParam_map.getItemFlagId		near Rampartside Path	exact_route_anchor	hold	0		seek an independent source naming this exact route anchor and item
7774240	Altus	Stonesword Key	1039507010	ItemLotParam_map.getItemFlagId		near Altus Plateau	exact_route_anchor	hold	0		seek an independent source naming this exact route anchor and item
7774259	Altus	Stonesword Key	1039547150	ItemLotParam_map.getItemFlagId		near Shaded Castle Ramparts	exact_route_anchor	hold	0		seek an independent source naming this exact route anchor and item
7772692	Altus	Stormhawk Feather	1038527050	ItemLotParam_map.getItemFlagId		near Old Altus Tunnel	exact_route_anchor	hold	0		seek an independent source naming this exact route anchor and item
7774323	Altus	Stormhawk Feather	1042547030	ItemLotParam_map.getItemFlagId		near Windmill Village	exact_route_anchor	hold	0		seek an independent source naming this exact route anchor and item
7774219	Altus	String	1038517010	ItemLotParam_map.getItemFlagId		near Altus Plateau	exact_route_anchor	hold	0		seek an independent source naming this exact route anchor and item
7774225	Altus	String	1038517070	ItemLotParam_map.getItemFlagId		near Erdtree-Gazing Hill	exact_route_anchor	hold	0		seek an independent source naming this exact route anchor and item
7772739	Altus	Turtle Neck Meat	1039517040	ItemLotParam_map.getItemFlagId		near Altus Highway Junction	exact_route_anchor	hold	1	gameplay-guide:redmaw	seek an independent source naming this exact route anchor and item
7772198	Altus	Warming Stone	31187070	ItemLotParam_map.getItemFlagId		near Perfumer's Grotto	exact_route_anchor	hold	1	gameplay-wiki:eldenpedia	seek an independent source naming this exact route anchor and item
7772738	Altus	Warming Stone	1039517030	ItemLotParam_map.getItemFlagId		near Altus Highway Junction	exact_route_anchor	hold	0		seek an independent source naming this exact route anchor and item
7773351	Ancient Ruins	Beast Horn	2046477160	ItemLotParam_map.getItemFlagId		near Rauh Ancient Ruins, East	exact_route_anchor	hold	0		seek an independent source naming this exact route anchor and item
7773211	Ancient Ruins	Dappled White Cured Meat	2044467010	ItemLotParam_map.getItemFlagId		near Church of the Bud, Main Entrance	exact_route_anchor	hold	0		seek an independent source naming this exact route anchor and item
7773345	Ancient Ruins	Dewgem	2046477090	ItemLotParam_map.getItemFlagId		near Viaduct Minor Tower	exact_route_anchor	hold	0		seek an independent source naming this exact route anchor and item
7773343	Ancient Ruins	Fire Spritestone	2046477060	ItemLotParam_map.getItemFlagId		near Rauh Ancient Ruins, East	exact_route_anchor	hold	0		seek an independent source naming this exact route anchor and item
7773261	Ancient Ruins	Flight Pinion	2045477020	ItemLotParam_map.getItemFlagId		near Rauh Ancient Ruins, East	exact_route_anchor	hold	0		seek an independent source naming this exact route anchor and item
7773217	Ancient Ruins	Fly Mold	2044467070	ItemLotParam_map.getItemFlagId		near Church of the Bud, Main Entrance	exact_route_anchor	hold	0		seek an independent source naming this exact route anchor and item
7773206	Ancient Ruins	Four-Toed Fowl Foot	2044457010	ItemLotParam_map.getItemFlagId		near Ancient Ruins, Grand Stairway	exact_route_anchor	hold	0		seek an independent source naming this exact route anchor and item
7773349	Ancient Ruins	Glass Shard	2046477140	ItemLotParam_map.getItemFlagId		near Rauh Ancient Ruins, East	exact_route_anchor	hold	1	gameplay-guide:redmaw	seek an independent source naming this exact route anchor and item
7773446	Ancient Ruins	Golden Horn Tender	2047477010	ItemLotParam_map.getItemFlagId		near Viaduct Minor Tower	exact_route_anchor	hold	1	gameplay-guide:redmaw	seek an independent source naming this exact route anchor and item
7773212	Ancient Ruins	Immunizing Cured Meat	2044467020	ItemLotParam_map.getItemFlagId		near Church of the Bud, Main Entrance	exact_route_anchor	hold	0		seek an independent source naming this exact route anchor and item
7773215	Ancient Ruins	Knot Resin	2044467050	ItemLotParam_map.getItemFlagId		near Church of the Bud, Main Entrance	exact_route_anchor	hold	0		seek an independent source naming this exact route anchor and item
7773245	Ancient Ruins	Kukri	2045457000	ItemLotParam_map.getItemFlagId		near Ancient Ruins, Grand Stairway	exact_route_anchor	hold	0		seek an independent source naming this exact route anchor and item
7773336	Ancient Ruins	Redflesh Mushroom	2046467010	ItemLotParam_map.getItemFlagId		near Rauh Ancient Ruins, East	exact_route_anchor	hold	0		seek an independent source naming this exact route anchor and item
7773448	Ancient Ruins	Sacred Bloody Flesh	2047477030	ItemLotParam_map.getItemFlagId		near Ancient Ruins Base	exact_route_anchor	hold	0		seek an independent source naming this exact route anchor and item
7773449	Ancient Ruins	Sanguine Amaryllis	2047477040	ItemLotParam_map.getItemFlagId		near Ancient Ruins Base	exact_route_anchor	hold	0		seek an independent source naming this exact route anchor and item
7773348	Ancient Ruins	Scorpion Liver	2046477130	ItemLotParam_map.getItemFlagId		near Viaduct Minor Tower	exact_route_anchor	hold	0		seek an independent source naming this exact route anchor and item
7773450	Ancient Ruins	Shadow Realm Rune [3]	2047477070	ItemLotParam_map.getItemFlagId		near Ancient Ruins Base	exact_route_anchor	hold	0		seek an independent source naming this exact route anchor and item
7773213	Ancient Ruins	Shadow Realm Rune [4]	2044467030	ItemLotParam_map.getItemFlagId		near Ancient Ruins, Grand Stairway	exact_route_anchor	hold	1	gameplay-guide:redmaw	seek an independent source naming this exact route anchor and item
7773358	Ancient Ruins	Shadow Realm Rune [5]	2046487000	ItemLotParam_map.getItemFlagId		near Viaduct Minor Tower	exact_route_anchor	hold	1	gameplay-guide:redmaw	seek an independent source naming this exact route anchor and item
7773340	Ancient Ruins	Shadow Realm Rune [6]	2046477010	ItemLotParam_map.getItemFlagId		near Rauh Ancient Ruins, East	exact_route_anchor	hold	1	gameplay-guide:redmaw	seek an independent source naming this exact route anchor and item
7773251	Ancient Ruins	Shadow Realm Rune [7]	2045467050	ItemLotParam_map.getItemFlagId		near Rauh Ancient Ruins, East	exact_route_anchor	hold	1	gameplay-guide:redmaw	seek an independent source naming this exact route anchor and item
7773347	Ancient Ruins	Sliver of Meat	2046477120	ItemLotParam_map.getItemFlagId		near Viaduct Minor Tower	exact_route_anchor	hold	0		seek an independent source naming this exact route anchor and item
7774548	Ancient Ruins	Smithing Stone [7]	2047477050	ItemLotParam_map.getItemFlagId		near Ancient Ruins Base	exact_route_anchor	hold	0		seek an independent source naming this exact route anchor and item
7773216	Ancient Ruins	Smithing Stone [8]	2044467060	ItemLotParam_map.getItemFlagId		near Church of the Bud, Main Entrance	exact_route_anchor	hold	0		seek an independent source naming this exact route anchor and item
7773337	Ancient Ruins	Smithing Stone [8]	2046467020	ItemLotParam_map.getItemFlagId		near Temple Town Ruins	exact_route_anchor	hold	0		seek an independent source naming this exact route anchor and item
7773344	Ancient Ruins	Somber Smithing Stone [8]	2046477070	ItemLotParam_map.getItemFlagId		near Rauh Ancient Ruins, East	exact_route_anchor	hold	1	gameplay-guide:redmaw	seek an independent source naming this exact route anchor and item
7773352	Ancient Ruins	Somber Smithing Stone [8]	2046477700	ItemLotParam_map.getItemFlagId		near Viaduct Minor Tower	exact_route_anchor	hold	1	gameplay-guide:redmaw	seek an independent source naming this exact route anchor and item
7773342	Ancient Ruins	Somber Smithing Stone [9]	2046477030	ItemLotParam_map.getItemFlagId		near Rauh Ancient Ruins, East	exact_route_anchor	hold	1	gameplay-guide:redmaw	seek an independent source naming this exact route anchor and item
7773447	Ancient Ruins	Spirit Calculus	2047477020	ItemLotParam_map.getItemFlagId		near Viaduct Minor Tower	exact_route_anchor	hold	0		seek an independent source naming this exact route anchor and item
7773207	Ancient Ruins	Spiritgrave Stone	2044457020	ItemLotParam_map.getItemFlagId		near Ancient Ruins, Grand Stairway	exact_route_anchor	hold	0		seek an independent source naming this exact route anchor and item
7773346	Ancient Ruins	Thin Beast Bones	2046477100	ItemLotParam_map.getItemFlagId		near Viaduct Minor Tower	exact_route_anchor	hold	0		seek an independent source naming this exact route anchor and item
7773339	Ancient Ruins	Throwing Dagger	2046477000	ItemLotParam_map.getItemFlagId		near Rauh Ancient Ruins, East	exact_route_anchor	hold	0		seek an independent source naming this exact route anchor and item
7771035	Ashen Capital	Hero's Rune [4]	11057050	ItemLotParam_map.getItemFlagId		near Erdtree Sanctuary	exact_route_anchor	hold	1	gameplay-guide:redmaw	seek an independent source naming this exact route anchor and item
7773921	Ashen Capital	Rune Arc	11057030	ItemLotParam_map.getItemFlagId		near Leyndell, Capital of Ash	exact_route_anchor	hold	1	gameplay-guide:redmaw	seek an independent source naming this exact route anchor and item
7771032	Ashen Capital	Somber Ancient Dragon Smithing Stone	11057010	ItemLotParam_map.getItemFlagId		near Divine Bridge	exact_route_anchor	hold	1	gameplay-guide:redmaw	seek an independent source naming this exact route anchor and item
7771033	Ashen Capital	Tarnished Golden Sunflower	11057020	ItemLotParam_map.getItemFlagId		near Leyndell, Capital of Ash	exact_route_anchor	hold	1	gameplay-guide:redmaw	seek an independent source naming this exact route anchor and item
7771771	Belurat	Arrow	20007430	ItemLotParam_map.getItemFlagId		near Small Private Altar	exact_route_anchor	hold	0		seek an independent source naming this exact route anchor and item
7771757	Belurat	Beast Liver	20007290	ItemLotParam_map.getItemFlagId		near Belurat, Tower Settlement	exact_route_anchor	hold	0		seek an independent source naming this exact route anchor and item
7771730	Belurat	Black Pyrefly	20007020	ItemLotParam_map.getItemFlagId		near Belurat, Tower Settlement	exact_route_anchor	hold	1	gameplay-wiki:fextralife	seek an independent source naming this exact route anchor and item
7771797	Belurat	Black Pyrefly	20007690	ItemLotParam_map.getItemFlagId		near Stagefront	exact_route_anchor	hold	0		seek an independent source naming this exact route anchor and item
7771752	Belurat	Broken Rune	20007240	ItemLotParam_map.getItemFlagId		near Belurat, Tower Settlement	exact_route_anchor	hold	1	gameplay-wiki:fextralife	seek an independent source naming this exact route anchor and item
7771796	Belurat	Broken Rune	20007680	ItemLotParam_map.getItemFlagId		near Stagefront	exact_route_anchor	hold	0		seek an independent source naming this exact route anchor and item
7771770	Belurat	Dewgem	20007420	ItemLotParam_map.getItemFlagId		near Small Private Altar	exact_route_anchor	hold	0		seek an independent source naming this exact route anchor and item
7771729	Belurat	Fireproof Dried Liver	20007010	ItemLotParam_map.getItemFlagId		entrance lobby statue	exact_route_anchor	hold	0		seek an independent source naming this exact route anchor and item
7771780	Belurat	Flight Pinion	20007520	ItemLotParam_map.getItemFlagId		near Belurat, Tower Settlement	exact_route_anchor	hold	0		seek an independent source naming this exact route anchor and item
7771795	Belurat	Fly Mold	20007670	ItemLotParam_map.getItemFlagId		near Belurat, Tower Settlement	exact_route_anchor	hold	0		seek an independent source naming this exact route anchor and item
7771792	Belurat	Glass Shard	20007640	ItemLotParam_map.getItemFlagId		near Belurat, Tower Settlement	exact_route_anchor	hold	1	gameplay-wiki:fextralife	seek an independent source naming this exact route anchor and item
7771735	Belurat	Messmerfire Grease	20007070	ItemLotParam_map.getItemFlagId		near Small Private Altar	exact_route_anchor	hold	0		seek an independent source naming this exact route anchor and item
7771748	Belurat	Messmerfire Grease	20007200	ItemLotParam_map.getItemFlagId		near Belurat, Tower Settlement	exact_route_anchor	hold	1	gameplay-wiki:fextralife	seek an independent source naming this exact route anchor and item
7771754	Belurat	Poisonbone Dart	20007260	ItemLotParam_map.getItemFlagId		near Small Private Altar	exact_route_anchor	hold	0		seek an independent source naming this exact route anchor and item
7771774	Belurat	Redflesh Mushroom	20007460	ItemLotParam_map.getItemFlagId		near Belurat, Tower Settlement	exact_route_anchor	hold	1	gameplay-wiki:fextralife	seek an independent source naming this exact route anchor and item
7771794	Belurat	Redflesh Mushroom	20007660	ItemLotParam_map.getItemFlagId		near Stagefront	exact_route_anchor	hold	0		seek an independent source naming this exact route anchor and item
7771756	Belurat	Serpent Arrow	20007280	ItemLotParam_map.getItemFlagId		near Belurat, Tower Settlement	exact_route_anchor	hold	1	gameplay-wiki:fextralife	seek an independent source naming this exact route anchor and item
7771728	Belurat	Shadow Realm Rune [1]	20007000	ItemLotParam_map.getItemFlagId		near Small Private Altar	exact_route_anchor	hold	0		seek an independent source naming this exact route anchor and item
7771751	Belurat	Sliver of Meat	20007230	ItemLotParam_map.getItemFlagId		near Belurat, Tower Settlement	exact_route_anchor	hold	0		seek an independent source naming this exact route anchor and item
7771753	Belurat	Smithing Stone [5]	20007250	ItemLotParam_map.getItemFlagId		near Belurat, Tower Settlement	exact_route_anchor	hold	0		seek an independent source naming this exact route anchor and item
7771749	Belurat	Smithing Stone [6]	20007210	ItemLotParam_map.getItemFlagId		near Belurat, Tower Settlement	exact_route_anchor	hold	0		seek an independent source naming this exact route anchor and item
7771781	Belurat	Smithing Stone [6]	20007530	ItemLotParam_map.getItemFlagId		near Small Private Altar	exact_route_anchor	hold	0		seek an independent source naming this exact route anchor and item
7771734	Belurat	Somber Smithing Stone [5]	20007060	ItemLotParam_map.getItemFlagId		near Belurat, Tower Settlement	exact_route_anchor	hold	0		seek an independent source naming this exact route anchor and item
7771799	Belurat	Somber Smithing Stone [5]	20007710	ItemLotParam_map.getItemFlagId		statue near tree	exact_route_anchor	hold	0		seek an independent source naming this exact route anchor and item
7771739	Belurat	Somber Smithing Stone [7]	20007110	ItemLotParam_map.getItemFlagId		near Small Private Altar	exact_route_anchor	hold	0		seek an independent source naming this exact route anchor and item
7771793	Belurat	Stanching Boluses	20007650	ItemLotParam_map.getItemFlagId		near Stagefront	exact_route_anchor	hold	0		seek an independent source naming this exact route anchor and item
7771733	Belurat	Stimulating Boluses	20007050	ItemLotParam_map.getItemFlagId		near Belurat, Tower Settlement	exact_route_anchor	hold	0		seek an independent source naming this exact route anchor and item
7771775	Belurat	String	20007470	ItemLotParam_map.getItemFlagId		near Belurat, Tower Settlement	exact_route_anchor	hold	1	gameplay-wiki:fextralife	seek an independent source naming this exact route anchor and item
7771750	Belurat	Thin Beast Bones	20007220	ItemLotParam_map.getItemFlagId		near Belurat, Tower Settlement	exact_route_anchor	hold	0		seek an independent source naming this exact route anchor and item
7771773	Belurat	Thin Beast Bones	20007450	ItemLotParam_map.getItemFlagId		near Small Private Altar	exact_route_anchor	hold	0		seek an independent source naming this exact route anchor and item
7771789	Belurat	Thin Beast Bones	20007610	ItemLotParam_map.getItemFlagId		near Stagefront	exact_route_anchor	hold	0		seek an independent source naming this exact route anchor and item
7771777	Belurat	Throwing Dagger	20007490	ItemLotParam_map.getItemFlagId		near Belurat, Tower Settlement	exact_route_anchor	hold	1	gameplay-wiki:fextralife	seek an independent source naming this exact route anchor and item
7772087	Caelid	Aeonian Butterfly	30147030	ItemLotParam_map.getItemFlagId		near Minor Erdtree Catacombs	exact_route_anchor	hold	0		seek an independent source naming this exact route anchor and item
7773735	Caelid	Ancient Dragon Smithing Stone	400400	ItemLotParam_map.getItemFlagId		around Smoldering Church	exact_route_anchor	hold	0		seek an independent source naming this exact route anchor and item
7773055	Caelid	Arteria Leaf	1049417040	ItemLotParam_map.getItemFlagId		near Dragonbarrow West	exact_route_anchor	hold	1	gameplay-wiki:eldenpedia	seek an independent source naming this exact route anchor and item
7772160	Caelid	Beast Blood	31107120	ItemLotParam_map.getItemFlagId		near Dragonbarrow Cave	exact_route_anchor	hold	0		seek an independent source naming this exact route anchor and item
7773084	Caelid	Beast Blood	1050397090	ItemLotParam_map.getItemFlagId		near Fort Faroth	exact_route_anchor	hold	0		seek an independent source naming this exact route anchor and item
7774449	Caelid	Black-Key Bolt	1049387040	ItemLotParam_map.getItemFlagId		near Southern Aeonia Swamp Bank	exact_route_anchor	hold	1	gameplay-wiki:eldenpedia	seek an independent source naming this exact route anchor and item
7773006	Caelid	Crab Eggs	1048377000	ItemLotParam_map.getItemFlagId		near Southern Aeonia Swamp Bank	exact_route_anchor	hold	1	gameplay-guide:redmaw	seek an independent source naming this exact route anchor and item
7773689	Caelid	Cracked Pot	66190	ItemLotParam_map.getItemFlagId		near Rotview Balcony	exact_route_anchor	hold	0		seek an independent source naming this exact route anchor and item
7772287	Caelid	Cuckoo Glintstone	32087060	ItemLotParam_map.getItemFlagId		near Sellia Crystal Tunnel	exact_route_anchor	hold	1	gameplay-wiki:eldenpedia	seek an independent source naming this exact route anchor and item
7772214	Caelid	Dragonwound Grease	31207000	ItemLotParam_map.getItemFlagId		near Abandoned Cave	exact_route_anchor	hold	1	gameplay-wiki:eldenpedia	seek an independent source naming this exact route anchor and item
7772290	Caelid	Dragonwound Grease	32087110	ItemLotParam_map.getItemFlagId		near Sellia Crystal Tunnel	exact_route_anchor	hold	1	gameplay-wiki:eldenpedia	seek an independent source naming this exact route anchor and item
7773056	Caelid	Dragonwound Grease	1049417070	ItemLotParam_map.getItemFlagId		near Dragonbarrow West	exact_route_anchor	hold	0		seek an independent source naming this exact route anchor and item
7774418	Caelid	Drawstring Fire Grease	1047407070	ItemLotParam_map.getItemFlagId		near Caelem Ruins	exact_route_anchor	hold	1	gameplay-wiki:eldenpedia	seek an independent source naming this exact route anchor and item
7772983	Caelid	Explosive Greatbolt	1047387130	ItemLotParam_map.getItemFlagId		near Fort Gael North	exact_route_anchor	hold	0		seek an independent source naming this exact route anchor and item
7773046	Caelid	Fan Daggers	1049367010	ItemLotParam_map.getItemFlagId		near Southern Aeonia Swamp Bank	exact_route_anchor	hold	0		seek an independent source naming this exact route anchor and item
7774454	Caelid	Glass Shard	1049387120	ItemLotParam_map.getItemFlagId		near Southern Aeonia Swamp Bank	exact_route_anchor	hold	0		seek an independent source naming this exact route anchor and item
7772285	Caelid	Glintstone Scrap	32087030	ItemLotParam_map.getItemFlagId		near Sellia Crystal Tunnel	exact_route_anchor	hold	1	gameplay-wiki:eldenpedia	seek an independent source naming this exact route anchor and item
7772230	Caelid	Glowstone	31217190	ItemLotParam_map.getItemFlagId		near Gaol Cave	exact_route_anchor	hold	0		seek an independent source naming this exact route anchor and item
7773726	Caelid	Glowstone	400260	ItemLotParam_map.getItemFlagId		around Caelem Ruins	exact_route_anchor	hold	0		seek an independent source naming this exact route anchor and item
7772957	Caelid	Golden Rune [1]	1046397000	ItemLotParam_map.getItemFlagId		near Gael Tunnel	exact_route_anchor	hold	0		seek an independent source naming this exact route anchor and item
7773178	Caelid	Golden Rune [1]	1052417030	ItemLotParam_map.getItemFlagId		near Lenne's Rise	exact_route_anchor	hold	0		seek an independent source naming this exact route anchor and item
7773964	Caelid	Golden Rune [1]	30147900	ItemLotParam_map.getItemFlagId		around Minor Erdtree Catacombs	exact_route_anchor	hold	0		seek an independent source naming this exact route anchor and item
7774424	Caelid	Golden Rune [1]	1048407010	ItemLotParam_map.getItemFlagId		near Deep Siofra Well	exact_route_anchor	hold	0		seek an independent source naming this exact route anchor and item
7772958	Caelid	Golden Rune [2]	1046397010	ItemLotParam_map.getItemFlagId		near Gael Tunnel	exact_route_anchor	hold	0		seek an independent source naming this exact route anchor and item
7772971	Caelid	Golden Rune [2]	1047377030	ItemLotParam_map.getItemFlagId		near Caelid Highway South	exact_route_anchor	hold	0		seek an independent source naming this exact route anchor and item
7773050	Caelid	Golden Rune [2]	1049377070	ItemLotParam_map.getItemFlagId		near Southern Aeonia Swamp Bank	exact_route_anchor	hold	1	gameplay-guide:redmaw	seek an independent source naming this exact route anchor and item
7774426	Caelid	Golden Rune [2]	1048407030	ItemLotParam_map.getItemFlagId		near Deep Siofra Well	exact_route_anchor	hold	0		seek an independent source naming this exact route anchor and item
7772959	Caelid	Golden Rune [3]	1046397020	ItemLotParam_map.getItemFlagId		near Gael Tunnel	exact_route_anchor	hold	0		seek an independent source naming this exact route anchor and item
7772962	Caelid	Golden Rune [3]	1046407020	ItemLotParam_map.getItemFlagId		near Rotview Balcony	exact_route_anchor	hold	0		seek an independent source naming this exact route anchor and item
7773007	Caelid	Golden Rune [3]	1048377020	ItemLotParam_map.getItemFlagId		near Caelid Highway South	exact_route_anchor	hold	0		seek an independent source naming this exact route anchor and item
7773177	Caelid	Golden Rune [3]	1052417020	ItemLotParam_map.getItemFlagId		near Lenne's Rise	exact_route_anchor	hold	1	gameplay-wiki:fextralife	seek an independent source naming this exact route anchor and item
7772289	Caelid	Golden Rune [4]	32087100	ItemLotParam_map.getItemFlagId		near Sellia Crystal Tunnel	exact_route_anchor	hold	1	gameplay-wiki:eldenpedia	seek an independent source naming this exact route anchor and item
7773963	Caelid	Golden Rune [4]	30147040	ItemLotParam_map.getItemFlagId		near Minor Erdtree Catacombs	exact_route_anchor	hold	0		seek an independent source naming this exact route anchor and item
7774452	Caelid	Golden Rune [4]	1049387080	ItemLotParam_map.getItemFlagId		near Heart of Aeonia	exact_route_anchor	hold	0		seek an independent source naming this exact route anchor and item
7772227	Caelid	Golden Rune [5]	31217140	ItemLotParam_map.getItemFlagId		near Gaol Cave	exact_route_anchor	hold	1	gameplay-wiki:fextralife	seek an independent source naming this exact route anchor and item
7772278	Caelid	Golden Rune [5]	32077010	ItemLotParam_map.getItemFlagId		near Rear Gael Tunnel Entrance	exact_route_anchor	hold	1	gameplay-wiki:eldenpedia	seek an independent source naming this exact route anchor and item
7772284	Caelid	Golden Rune [5]	32087020	ItemLotParam_map.getItemFlagId		near Sellia Crystal Tunnel	exact_route_anchor	hold	1	gameplay-wiki:eldenpedia	seek an independent source naming this exact route anchor and item
7772969	Caelid	Golden Rune [5]	1047377010	ItemLotParam_map.getItemFlagId		near Caelid Highway South	exact_route_anchor	hold	0		seek an independent source naming this exact route anchor and item
7773051	Caelid	Golden Rune [5]	1049407000	ItemLotParam_map.getItemFlagId		near Dragonbarrow West	exact_route_anchor	hold	0		seek an independent source naming this exact route anchor and item
7773073	Caelid	Golden Rune [5]	1050387000	ItemLotParam_map.getItemFlagId		near Church of the Plague	exact_route_anchor	hold	0		seek an independent source naming this exact route anchor and item
7774414	Caelid	Golden Rune [5]	1047407000	ItemLotParam_map.getItemFlagId		near Rotview Balcony	exact_route_anchor	hold	0		seek an independent source naming this exact route anchor and item
7774453	Caelid	Golden Rune [5]	1049387110	ItemLotParam_map.getItemFlagId		near Southern Aeonia Swamp Bank	exact_route_anchor	hold	1	gameplay-guide:redmaw	seek an independent source naming this exact route anchor and item
7773108	Caelid	Golden Rune [6]	1051367000	ItemLotParam_map.getItemFlagId		near Chamber Outside the Plaza	exact_route_anchor	hold	0		seek an independent source naming this exact route anchor and item
7774425	Caelid	Golden Rune [6]	1048407020	ItemLotParam_map.getItemFlagId		near Deep Siofra Well	exact_route_anchor	hold	0		seek an independent source naming this exact route anchor and item
7772159	Caelid	Golden Rune [8]	31107110	ItemLotParam_map.getItemFlagId		near Dragonbarrow Cave	exact_route_anchor	hold	1	gameplay-wiki:eldenpedia	seek an independent source naming this exact route anchor and item
7774411	Caelid	Golden Rune [9]	1047397040	ItemLotParam_map.getItemFlagId		near Smoldering Wall	exact_route_anchor	hold	0		seek an independent source naming this exact route anchor and item
7772282	Caelid	Grace Mimic	32077070	ItemLotParam_map.getItemFlagId		near Rear Gael Tunnel Entrance	exact_route_anchor	hold	1	gameplay-wiki:eldenpedia	seek an independent source naming this exact route anchor and item
7772085	Caelid	Grave Violet	30147010	ItemLotParam_map.getItemFlagId		near Minor Erdtree Catacombs	exact_route_anchor	hold	0		seek an independent source naming this exact route anchor and item
7773052	Caelid	Gravel Stone	1049407010	ItemLotParam_map.getItemFlagId		near Dragonbarrow West	exact_route_anchor	hold	0		seek an independent source naming this exact route anchor and item
7772976	Caelid	Great Dragonfly Head	1047387030	ItemLotParam_map.getItemFlagId		near Astray from Caelid Highway North	exact_route_anchor	hold	0		seek an independent source naming this exact route anchor and item
7773015	Caelid	Great Dragonfly Head	1048397040	ItemLotParam_map.getItemFlagId		near Smoldering Wall	exact_route_anchor	hold	0		seek an independent source naming this exact route anchor and item
7774428	Caelid	Hefty Beast Bone	1048407050	ItemLotParam_map.getItemFlagId		near Caelem Ruins	exact_route_anchor	hold	0		seek an independent source naming this exact route anchor and item
7772281	Caelid	Large Glintstone Scrap	32077060	ItemLotParam_map.getItemFlagId		near Rear Gael Tunnel Entrance	exact_route_anchor	hold	1	gameplay-wiki:eldenpedia	seek an independent source naming this exact route anchor and item
7772981	Caelid	Mushroom	1047387110	ItemLotParam_map.getItemFlagId		near Fort Gael North	exact_route_anchor	hold	0		seek an independent source naming this exact route anchor and item
7773071	Caelid	Mushroom	1050367000	ItemLotParam_map.getItemFlagId		near Impassable Greatbridge	exact_route_anchor	hold	1	gameplay-guide:redmaw	seek an independent source naming this exact route anchor and item
7772960	Caelid	Nascent Butterfly	1046407000	ItemLotParam_map.getItemFlagId		near Rotview Balcony	exact_route_anchor	hold	1	gameplay-wiki:fextralife	seek an independent source naming this exact route anchor and item
7773124	Caelid	Neutralizing Boluses	1051397050	ItemLotParam_map.getItemFlagId		near Fort Faroth	exact_route_anchor	hold	1	gameplay-wiki:eldenpedia	seek an independent source naming this exact route anchor and item
7773059	Caelid	Numen's Rune	1049417100	ItemLotParam_map.getItemFlagId		near Dragonbarrow Fork	exact_route_anchor	hold	1	gameplay-guide:redmaw	seek an independent source naming this exact route anchor and item
7772220	Caelid	Old Fang	31217040	ItemLotParam_map.getItemFlagId		near Gaol Cave	exact_route_anchor	hold	1	gameplay-wiki:fextralife	seek an independent source naming this exact route anchor and item
7770076	Caelid	Perfume Bottle	66790	ItemLotParam_map.getItemFlagId		near Aeonia Swamp Shore	exact_route_anchor	hold	1	gameplay-wiki:eldenpedia	seek an independent source naming this exact route anchor and item
7773076	Caelid	Poison Grease	1050397000	ItemLotParam_map.getItemFlagId		near Sellia Under-Stair	exact_route_anchor	hold	0		seek an independent source naming this exact route anchor and item
7772972	Caelid	Poisonbloom	1047377040	ItemLotParam_map.getItemFlagId		near Caelid Highway South	exact_route_anchor	hold	0		seek an independent source naming this exact route anchor and item
7774457	Caelid	Poisonbloom	1049397010	ItemLotParam_map.getItemFlagId		near Sellia Under-Stair	exact_route_anchor	hold	0		seek an independent source naming this exact route anchor and item
7772963	Caelid	Preserving Boluses	1046407040	ItemLotParam_map.getItemFlagId		near Rotview Balcony	exact_route_anchor	hold	0		seek an independent source naming this exact route anchor and item
7772977	Caelid	Rot Grease	1047387040	ItemLotParam_map.getItemFlagId		near Caelid Highway South	exact_route_anchor	hold	0		seek an independent source naming this exact route anchor and item
7772338	Caelid	Rune Arc	34137010	ItemLotParam_map.getItemFlagId		near Divine Tower of Caelid: Center	exact_route_anchor	hold	1	gameplay-wiki:eldenpedia	seek an independent source naming this exact route anchor and item
7772961	Caelid	Rune Arc	1046407010	ItemLotParam_map.getItemFlagId		near Rotview Balcony	exact_route_anchor	hold	1	gameplay-guide:redmaw	seek an independent source naming this exact route anchor and item
7772989	Caelid	Rune Arc	1047407900	ItemLotParam_map.getItemFlagId		near Caelem Ruins	exact_route_anchor	hold	0		seek an independent source naming this exact route anchor and item
7773057	Caelid	Rune Arc	1049417080	ItemLotParam_map.getItemFlagId		near Dragonbarrow West	exact_route_anchor	hold	0		seek an independent source naming this exact route anchor and item
7773127	Caelid	Rune Arc	1051407040	ItemLotParam_map.getItemFlagId		near Fort Faroth	exact_route_anchor	hold	0		seek an independent source naming this exact route anchor and item
7774451	Caelid	Rune Arc	1049387070	ItemLotParam_map.getItemFlagId		near Southern Aeonia Swamp Bank	exact_route_anchor	hold	0		seek an independent source naming this exact route anchor and item
7774458	Caelid	Rune Arc	1049397020	ItemLotParam_map.getItemFlagId		near Sellia Under-Stair	exact_route_anchor	hold	1	gameplay-wiki:fextralife	seek an independent source naming this exact route anchor and item
7772086	Caelid	Sacramental Bud	30147020	ItemLotParam_map.getItemFlagId		near Minor Erdtree Catacombs	exact_route_anchor	hold	0		seek an independent source naming this exact route anchor and item
7773012	Caelid	Sacramental Bud	1048387500	ItemLotParam_map.getItemFlagId		around Aeonia Swamp Shore	exact_route_anchor	hold	0		seek an independent source naming this exact route anchor and item
7774450	Caelid	Sacramental Bud	1049387060	ItemLotParam_map.getItemFlagId		near Southern Aeonia Swamp Bank	exact_route_anchor	hold	1	gameplay-wiki:fextralife	seek an independent source naming this exact route anchor and item
7773053	Caelid	Sliver of Meat	1049407020	ItemLotParam_map.getItemFlagId		near Dragonbarrow West	exact_route_anchor	hold	0		seek an independent source naming this exact route anchor and item
7774412	Caelid	Slumbering Egg	1047397080	ItemLotParam_map.getItemFlagId		near Smoldering Wall	exact_route_anchor	hold	1	gameplay-wiki:fextralife	seek an independent source naming this exact route anchor and item
7772170	Caelid	Smithing Stone [1]	31117300	ItemLotParam_map.getItemFlagId		around Sellia Hideaway	exact_route_anchor	hold	0		seek an independent source naming this exact route anchor and item
7774415	Caelid	Smithing Stone [4]	1047407020	ItemLotParam_map.getItemFlagId		near Rotview Balcony	exact_route_anchor	hold	0		seek an independent source naming this exact route anchor and item
7774448	Caelid	Smithing Stone [4]	1049387030	ItemLotParam_map.getItemFlagId		near Southern Aeonia Swamp Bank	exact_route_anchor	hold	0		seek an independent source naming this exact route anchor and item
7772988	Caelid	Smithing Stone [5]	1047397000	ItemLotParam_map.getItemFlagId		near Fort Gael North	exact_route_anchor	hold	0		seek an independent source naming this exact route anchor and item
7773054	Caelid	Smithing Stone [5]	1049407040	ItemLotParam_map.getItemFlagId		near Deep Siofra Well	exact_route_anchor	hold	0		seek an independent source naming this exact route anchor and item
7773116	Caelid	Smithing Stone [6]	1051367100	ItemLotParam_map.getItemFlagId		near Redmane Castle Plaza	exact_route_anchor	hold	1	gameplay-wiki:eldenpedia	seek an independent source naming this exact route anchor and item
7773081	Caelid	Smithing Stone [8]	1050397050	ItemLotParam_map.getItemFlagId		near Sellia Backstreets	exact_route_anchor	hold	1	gameplay-guide:redmaw	seek an independent source naming this exact route anchor and item
7772980	Caelid	Smoldering Butterfly	1047387100	ItemLotParam_map.getItemFlagId		near Fort Gael North	exact_route_anchor	hold	0		seek an independent source naming this exact route anchor and item
7773045	Caelid	Smoldering Butterfly	1049367000	ItemLotParam_map.getItemFlagId		near Impassable Greatbridge	exact_route_anchor	hold	0		seek an independent source naming this exact route anchor and item
7773107	Caelid	Smoldering Butterfly	1051357000	ItemLotParam_map.getItemFlagId		near Chamber Outside the Plaza	exact_route_anchor	hold	0		seek an independent source naming this exact route anchor and item
7774419	Caelid	Smoldering Butterfly	1047407080	ItemLotParam_map.getItemFlagId		near Caelem Ruins	exact_route_anchor	hold	0		seek an independent source naming this exact route anchor and item
7774499	Caelid	Soft Cotton	1051417000	ItemLotParam_map.getItemFlagId		near Bestial Sanctum	exact_route_anchor	hold	1	gameplay-wiki:eldenpedia	seek an independent source naming this exact route anchor and item
7770775	Caelid	Somber Smithing Stone [4]	540422	ItemLotParam_map.getItemFlagId		around Fort Gael North	exact_route_anchor	hold	0		seek an independent source naming this exact route anchor and item
7772164	Caelid	Somber Smithing Stone [4]	31117040	ItemLotParam_map.getItemFlagId		near Sellia Hideaway	exact_route_anchor	hold	1	gameplay-wiki:eldenpedia	seek an independent source naming this exact route anchor and item
7772288	Caelid	Somber Smithing Stone [4]	32087070	ItemLotParam_map.getItemFlagId		near Sellia Crystal Tunnel	exact_route_anchor	hold	1	gameplay-wiki:eldenpedia	seek an independent source naming this exact route anchor and item
7772975	Caelid	Somber Smithing Stone [4]	1047387010	ItemLotParam_map.getItemFlagId		near Astray from Caelid Highway North	exact_route_anchor	hold	0		seek an independent source naming this exact route anchor and item
7774416	Caelid	Somber Smithing Stone [4]	1047407030	ItemLotParam_map.getItemFlagId		near Isolated Merchant's Shack	exact_route_anchor	hold	0		seek an independent source naming this exact route anchor and item
7774445	Caelid	Somber Smithing Stone [4]	1049377700	ItemLotParam_map.getItemFlagId		around Southern Aeonia Swamp Bank	exact_route_anchor	hold	0		seek an independent source naming this exact route anchor and item
7774446	Caelid	Somber Smithing Stone [4]	1049387010	ItemLotParam_map.getItemFlagId		near Heart of Aeonia	exact_route_anchor	hold	0		seek an independent source naming this exact route anchor and item
7772231	Caelid	Somber Smithing Stone [5]	31217200	ItemLotParam_map.getItemFlagId		near Gaol Cave	exact_route_anchor	hold	0		seek an independent source naming this exact route anchor and item
7773014	Caelid	Somber Smithing Stone [5]	1048397010	ItemLotParam_map.getItemFlagId		near Deep Siofra Well	exact_route_anchor	hold	0		seek an independent source naming this exact route anchor and item
7773117	Caelid	Somber Smithing Stone [5]	1051367110	ItemLotParam_map.getItemFlagId		near Redmane Castle Plaza	exact_route_anchor	hold	1	gameplay-wiki:eldenpedia	seek an independent source naming this exact route anchor and item
7772973	Caelid	Starlight Shards	1047377050	ItemLotParam_map.getItemFlagId		near Caelid Highway South	exact_route_anchor	hold	1	gameplay-wiki:fextralife	seek an independent source naming this exact route anchor and item
7773082	Caelid	Starlight Shards	1050397060	ItemLotParam_map.getItemFlagId		near Church of the Plague	exact_route_anchor	hold	1	gameplay-wiki:fextralife	seek an independent source naming this exact route anchor and item
7773179	Caelid	Starlight Shards	1052437000	ItemLotParam_map.getItemFlagId		near Farum Greatbridge	exact_route_anchor	hold	0		seek an independent source naming this exact route anchor and item
7772223	Caelid	Stonesword Key	31217090	ItemLotParam_map.getItemFlagId		near Gaol Cave	exact_route_anchor	hold	1	gameplay-wiki:fextralife	seek an independent source naming this exact route anchor and item
7772337	Caelid	Stonesword Key	34137000	ItemLotParam_map.getItemFlagId		near Divine Tower of Caelid: Center	exact_route_anchor	hold	1	gameplay-wiki:eldenpedia	seek an independent source naming this exact route anchor and item
7773080	Caelid	Stonesword Key	1050397040	ItemLotParam_map.getItemFlagId		near Sellia Backstreets	exact_route_anchor	hold	0		seek an independent source naming this exact route anchor and item
7774456	Caelid	Stonesword Key	1049397000	ItemLotParam_map.getItemFlagId		near Sellia Under-Stair	exact_route_anchor	hold	0		seek an independent source naming this exact route anchor and item
7772226	Caelid	Turtle Neck Meat	31217120	ItemLotParam_map.getItemFlagId		near Gaol Cave	exact_route_anchor	hold	1	gameplay-wiki:fextralife	seek an independent source naming this exact route anchor and item
7772156	Caelid	Warming Stone	31107000	ItemLotParam_map.getItemFlagId		near Dragonbarrow Cave	exact_route_anchor	hold	1	gameplay-wiki:eldenpedia	seek an independent source naming this exact route anchor and item
7773374	Cerulean	Arrow	2047407020	ItemLotParam_map.getItemFlagId		near Ellac River Downstream	exact_route_anchor	hold	0		seek an independent source naming this exact route anchor and item
7773508	Cerulean	Arrow	2049377000	ItemLotParam_map.getItemFlagId		near Finger Ruins of Rhia	exact_route_anchor	hold	0		seek an independent source naming this exact route anchor and item
7773373	Cerulean	Black Pyrefly	2047407010	ItemLotParam_map.getItemFlagId		near Ellac River Downstream	exact_route_anchor	hold	0		seek an independent source naming this exact route anchor and item
7773464	Cerulean	Call of Tibia	2048397030	ItemLotParam_map.getItemFlagId		near Charo's Hidden Grave	exact_route_anchor	hold	0		seek an independent source naming this exact route anchor and item
7774070	Cerulean	Call of Tibia	41027110	ItemLotParam_map.getItemFlagId		near Lamenter's Gaol	exact_route_anchor	hold	1	gameplay-wiki:fextralife	seek an independent source naming this exact route anchor and item
7772006	Cerulean	Congealed Putrescence	22007220	ItemLotParam_map.getItemFlagId		near Fissure Waypoint	exact_route_anchor	hold	0		seek an independent source naming this exact route anchor and item
7773295	Cerulean	Crab Eggs	2046387040	ItemLotParam_map.getItemFlagId		near Cerulean Coast West	exact_route_anchor	hold	0		seek an independent source naming this exact route anchor and item
7772007	Cerulean	Dewgem	22007230	ItemLotParam_map.getItemFlagId		near Fissure Waypoint	exact_route_anchor	hold	0		seek an independent source naming this exact route anchor and item
7773300	Cerulean	Fireproof Pickled Liver	2046397030	ItemLotParam_map.getItemFlagId		near Cerulean Coast West	exact_route_anchor	hold	1	gameplay-guide:redmaw	seek an independent source naming this exact route anchor and item
7773303	Cerulean	Furnace Visage	2046397060	ItemLotParam_map.getItemFlagId		around Cerulean Coast West	exact_route_anchor	hold	0		seek an independent source naming this exact route anchor and item
7773469	Cerulean	Furnace Visage	2048407020	ItemLotParam_map.getItemFlagId		near Ellac River Downstream	exact_route_anchor	hold	0		seek an independent source naming this exact route anchor and item
7773306	Cerulean	Ghost Glovewort [8]	2046407050	ItemLotParam_map.getItemFlagId		near Gravesite Plain	exact_route_anchor	hold	0		seek an independent source naming this exact route anchor and item
7773307	Cerulean	Ghost Glovewort [9]	2046407060	ItemLotParam_map.getItemFlagId		near Gravesite Plain	exact_route_anchor	hold	1	gameplay-guide:redmaw	seek an independent source naming this exact route anchor and item
7772003	Cerulean	Grave Glovewort [5]	22007170	ItemLotParam_map.getItemFlagId		near Fissure Cross	exact_route_anchor	hold	0		seek an independent source naming this exact route anchor and item
7773298	Cerulean	Grave Glovewort [6]	2046397000	ItemLotParam_map.getItemFlagId		near Cerulean Coast West	exact_route_anchor	hold	0		seek an independent source naming this exact route anchor and item
7772004	Cerulean	Grave Glovewort [7]	22007200	ItemLotParam_map.getItemFlagId		near Fissure Waypoint	exact_route_anchor	hold	0		seek an independent source naming this exact route anchor and item
7772008	Cerulean	Grave Glovewort [7]	22007240	ItemLotParam_map.getItemFlagId		near Fissure Cross	exact_route_anchor	hold	1	gameplay-guide:redmaw	seek an independent source naming this exact route anchor and item
7773364	Cerulean	Grave Glovewort [7]	2047387000	ItemLotParam_map.getItemFlagId		near Cerulean Coast West	exact_route_anchor	hold	0		seek an independent source naming this exact route anchor and item
7772000	Cerulean	Grave Glovewort [8]	22007140	ItemLotParam_map.getItemFlagId		near Fissure Waypoint	exact_route_anchor	hold	0		seek an independent source naming this exact route anchor and item
7772002	Cerulean	Grave Glovewort [8]	22007160	ItemLotParam_map.getItemFlagId		near Fissure Cross	exact_route_anchor	hold	0		seek an independent source naming this exact route anchor and item
7773302	Cerulean	Grave Glovewort [8]	2046397050	ItemLotParam_map.getItemFlagId		near Cerulean Coast West	exact_route_anchor	hold	0		seek an independent source naming this exact route anchor and item
7773361	Cerulean	Grave Glovewort [8]	2047367000	ItemLotParam_map.getItemFlagId		near The Fissure	exact_route_anchor	hold	0		seek an independent source naming this exact route anchor and item
7773465	Cerulean	Grave Glovewort [9]	2048397040	ItemLotParam_map.getItemFlagId		near Grand Altar of Dragon Communion	exact_route_anchor	hold	0		seek an independent source naming this exact route anchor and item
7773578	Cerulean	Grave Glovewort [9]	2050387010	ItemLotParam_map.getItemFlagId		near Finger Ruins of Rhia	exact_route_anchor	hold	0		seek an independent source naming this exact route anchor and item
7773460	Cerulean	Great Grave Glovewort	2048387030	ItemLotParam_map.getItemFlagId		near Charo's Hidden Grave	exact_route_anchor	hold	0		seek an independent source naming this exact route anchor and item
7773463	Cerulean	Human Bone Shard	2048397020	ItemLotParam_map.getItemFlagId		near Cerulean Coast	exact_route_anchor	hold	1	gameplay-guide:redmaw	seek an independent source naming this exact route anchor and item
7772446	Cerulean	Innard Meat	41027200	ItemLotParam_map.getItemFlagId		near Lamenter's Gaol	exact_route_anchor	hold	1	gameplay-wiki:fextralife	seek an independent source naming this exact route anchor and item
7772448	Cerulean	Living Jar Shard	41027300	ItemLotParam_map.getItemFlagId		near Lamenter's Gaol	exact_route_anchor	hold	1	gameplay-wiki:fextralife	seek an independent source naming this exact route anchor and item
7773360	Cerulean	Shadow Realm Rune [1]	2047357000	ItemLotParam_map.getItemFlagId		near The Fissure	exact_route_anchor	hold	1	gameplay-guide:redmaw	seek an independent source naming this exact route anchor and item
7773577	Cerulean	Shadow Realm Rune [2]	2050387000	ItemLotParam_map.getItemFlagId		near Finger Ruins of Rhia	exact_route_anchor	hold	1	gameplay-guide:redmaw	seek an independent source naming this exact route anchor and item
7771999	Cerulean	Shadow Realm Rune [3]	22007130	ItemLotParam_map.getItemFlagId		near Fissure Cross	exact_route_anchor	hold	0		seek an independent source naming this exact route anchor and item
7773292	Cerulean	Shadow Realm Rune [3]	2046387010	ItemLotParam_map.getItemFlagId		near Cerulean Coast West	exact_route_anchor	hold	0		seek an independent source naming this exact route anchor and item
7773370	Cerulean	Smithing Stone [6]	2047397090	ItemLotParam_map.getItemFlagId		near Cerulean Coast	exact_route_anchor	hold	0		seek an independent source naming this exact route anchor and item
7773513	Cerulean	Smithing Stone [6]	2049387060	ItemLotParam_map.getItemFlagId		near Finger Ruins of Rhia	exact_route_anchor	hold	0		seek an independent source naming this exact route anchor and item
7773950	Cerulean	Smithing Stone [6]	22007190	ItemLotParam_map.getItemFlagId		near Fissure Waypoint	exact_route_anchor	hold	0		seek an independent source naming this exact route anchor and item
7773461	Cerulean	Smithing Stone [7]	2048397000	ItemLotParam_map.getItemFlagId		near Cerulean Coast	exact_route_anchor	hold	0		seek an independent source naming this exact route anchor and item
7773296	Cerulean	Somber Smithing Stone [6]	2046387050	ItemLotParam_map.getItemFlagId		near Cerulean Coast West	exact_route_anchor	hold	0		seek an independent source naming this exact route anchor and item
7773294	Cerulean	Spiritgrave Stone	2046387030	ItemLotParam_map.getItemFlagId		near Cerulean Coast West	exact_route_anchor	hold	0		seek an independent source naming this exact route anchor and item
7773293	Cerulean	String	2046387020	ItemLotParam_map.getItemFlagId		near Cerulean Coast West	exact_route_anchor	hold	0		seek an independent source naming this exact route anchor and item
7773363	Cerulean	Whiteflesh Mushroom	2047377000	ItemLotParam_map.getItemFlagId		near Cerulean Coast Cross	exact_route_anchor	hold	0		seek an independent source naming this exact route anchor and item
7774473	Consecrated Snowfield	Albinauric Bloodclot	1049567300	ItemLotParam_map.getItemFlagId		near Inner Consecrated Snowfield	exact_route_anchor	hold	0		seek an independent source naming this exact route anchor and item
7772296	Consecrated Snowfield	Ancient Dragon Smithing Stone	32117030	ItemLotParam_map.getItemFlagId		treasure · Yelough Anix Tunnel	exact_route_anchor	hold	1	gameplay-wiki:eldenpedia	seek an independent source naming this exact route anchor and item
7773102	Consecrated Snowfield	Ancient Dragon Smithing Stone	1050567600	ItemLotParam_map.getItemFlagId		near Consecrated Snowfield Catacombs	exact_route_anchor	hold	0		seek an independent source naming this exact route anchor and item
7772178	Consecrated Snowfield	Crystal Dart	31127070	ItemLotParam_map.getItemFlagId		near Cave of the Forlorn	exact_route_anchor	hold	1	gameplay-wiki:eldenpedia	seek an independent source naming this exact route anchor and item
7773000	Consecrated Snowfield	Crystal Dart	1047567330	ItemLotParam_map.getItemFlagId		near Yelough Anix Tunnel	exact_route_anchor	hold	0		seek an independent source naming this exact route anchor and item
7773036	Consecrated Snowfield	Crystal Dart	1048577060	ItemLotParam_map.getItemFlagId		near Ordina, Liturgical Town	exact_route_anchor	hold	1	gameplay-wiki:eldenpedia	seek an independent source naming this exact route anchor and item
7772110	Consecrated Snowfield	Deathroot	30207910	ItemLotParam_map.getItemFlagId		near Hidden Path to the Haligtree	exact_route_anchor	hold	1	gameplay-wiki:eldenpedia	seek an independent source naming this exact route anchor and item
7774476	Consecrated Snowfield	Dragonwound Grease	1049567330	ItemLotParam_map.getItemFlagId		near Ordina, Liturgical Town	exact_route_anchor	hold	0		seek an independent source naming this exact route anchor and item
7772298	Consecrated Snowfield	Explosive Stone Clump	32117060	ItemLotParam_map.getItemFlagId		treasure · Yelough Anix Tunnel	exact_route_anchor	hold	1	gameplay-wiki:eldenpedia	seek an independent source naming this exact route anchor and item
7772294	Consecrated Snowfield	Freezing Grease	32117000	ItemLotParam_map.getItemFlagId		treasure · Yelough Anix Tunnel	exact_route_anchor	hold	1	gameplay-wiki:eldenpedia	seek an independent source naming this exact route anchor and item
7773034	Consecrated Snowfield	Freezing Grease	1048577040	ItemLotParam_map.getItemFlagId		near Ordina, Liturgical Town	exact_route_anchor	hold	1	gameplay-wiki:eldenpedia	seek an independent source naming this exact route anchor and item
7773977	Consecrated Snowfield	Freezing Grease	30207050	ItemLotParam_map.getItemFlagId		near Hidden Path to the Haligtree	exact_route_anchor	hold	1	gameplay-wiki:eldenpedia	seek an independent source naming this exact route anchor and item
7772295	Consecrated Snowfield	Golden Rune [10]	32117020	ItemLotParam_map.getItemFlagId		treasure · Yelough Anix Tunnel	exact_route_anchor	hold	1	gameplay-wiki:eldenpedia	seek an independent source naming this exact route anchor and item
7773987	Consecrated Snowfield	Golden Rune [10]	31127110	ItemLotParam_map.getItemFlagId		near Cave of the Forlorn	exact_route_anchor	hold	1	gameplay-wiki:eldenpedia	seek an independent source naming this exact route anchor and item
7774472	Consecrated Snowfield	Golden Rune [11]	1049557810	ItemLotParam_map.getItemFlagId		near Consecrated Snowfield Catacombs	exact_route_anchor	hold	0		seek an independent source naming this exact route anchor and item
7773003	Consecrated Snowfield	Golden Rune [12]	1047577310	ItemLotParam_map.getItemFlagId		near Apostate Derelict	exact_route_anchor	hold	1	gameplay-wiki:fextralife	seek an independent source naming this exact route anchor and item
7773039	Consecrated Snowfield	Golden Rune [12]	1048577090	ItemLotParam_map.getItemFlagId		near Ordina, Liturgical Town	exact_route_anchor	hold	1	gameplay-wiki:eldenpedia	seek an independent source naming this exact route anchor and item
7773044	Consecrated Snowfield	Golden Rune [13]	1048587300	ItemLotParam_map.getItemFlagId		near Apostate Derelict	exact_route_anchor	hold	0		seek an independent source naming this exact route anchor and item
7773068	Consecrated Snowfield	Golden Rune [13]	1049547300	ItemLotParam_map.getItemFlagId		near Consecrated Snowfield	exact_route_anchor	hold	0		seek an independent source naming this exact route anchor and item
7772966	Consecrated Snowfield	Golden Rune [1]	1046577300	ItemLotParam_map.getItemFlagId		near Apostate Derelict	exact_route_anchor	hold	0		seek an independent source naming this exact route anchor and item
7773021	Consecrated Snowfield	Golden Rune [1]	1048547800	ItemLotParam_map.getItemFlagId		near Consecrated Snowfield	exact_route_anchor	hold	0		seek an independent source naming this exact route anchor and item
7773022	Consecrated Snowfield	Golden Rune [3]	1048547810	ItemLotParam_map.getItemFlagId		near Consecrated Snowfield	exact_route_anchor	hold	1	gameplay-guide:redmaw	seek an independent source naming this exact route anchor and item
7773023	Consecrated Snowfield	Golden Rune [6]	1048547820	ItemLotParam_map.getItemFlagId		near Consecrated Snowfield	exact_route_anchor	hold	1	gameplay-guide:redmaw	seek an independent source naming this exact route anchor and item
7773002	Consecrated Snowfield	Golden Rune [7]	1047577300	ItemLotParam_map.getItemFlagId		near Apostate Derelict	exact_route_anchor	hold	0		seek an independent source naming this exact route anchor and item
7773136	Consecrated Snowfield	Golden Rune [7]	1051557300	ItemLotParam_map.getItemFlagId		near Consecrated Snowfield Catacombs	exact_route_anchor	hold	0		seek an independent source naming this exact route anchor and item
7773024	Consecrated Snowfield	Golden Rune [9]	1048547830	ItemLotParam_map.getItemFlagId		near Consecrated Snowfield	exact_route_anchor	hold	0		seek an independent source naming this exact route anchor and item
7773094	Consecrated Snowfield	Golden Rune [9]	1050557310	ItemLotParam_map.getItemFlagId		near Consecrated Snowfield Catacombs	exact_route_anchor	hold	0		seek an independent source naming this exact route anchor and item
7773032	Consecrated Snowfield	Hefty Beast Bone	1048577020	ItemLotParam_map.getItemFlagId		near Ordina, Liturgical Town	exact_route_anchor	hold	1	gameplay-wiki:eldenpedia	seek an independent source naming this exact route anchor and item
7773093	Consecrated Snowfield	Hefty Beast Bone	1050557300	ItemLotParam_map.getItemFlagId		near Consecrated Snowfield Catacombs	exact_route_anchor	hold	0		seek an independent source naming this exact route anchor and item
7773974	Consecrated Snowfield	Hero's Rune [1]	30207020	ItemLotParam_map.getItemFlagId		near Hidden Path to the Haligtree	exact_route_anchor	hold	1	gameplay-wiki:eldenpedia	seek an independent source naming this exact route anchor and item
7772998	Consecrated Snowfield	Hero's Rune [2]	1047567300	ItemLotParam_map.getItemFlagId		near Yelough Anix Tunnel	exact_route_anchor	hold	0		seek an independent source naming this exact route anchor and item
7774470	Consecrated Snowfield	Larval Tear	1049557700	ItemLotParam_map.getItemFlagId		around Inner Consecrated Snowfield	exact_route_anchor	hold	0		seek an independent source naming this exact route anchor and item
7773095	Consecrated Snowfield	Lump of Flesh	1050557320	ItemLotParam_map.getItemFlagId		near Consecrated Snowfield Catacombs	exact_route_anchor	hold	0		seek an independent source naming this exact route anchor and item
7772175	Consecrated Snowfield	Miquella's Lily	31127040	ItemLotParam_map.getItemFlagId		near Cave of the Forlorn	exact_route_anchor	hold	0		seek an independent source naming this exact route anchor and item
7774469	Consecrated Snowfield	Miquella's Lily	1049557330	ItemLotParam_map.getItemFlagId		near Inner Consecrated Snowfield	exact_route_anchor	hold	0		seek an independent source naming this exact route anchor and item
7772176	Consecrated Snowfield	Nascent Butterfly	31127050	ItemLotParam_map.getItemFlagId		near Cave of the Forlorn	exact_route_anchor	hold	1	gameplay-wiki:eldenpedia	seek an independent source naming this exact route anchor and item
7774477	Consecrated Snowfield	Nascent Butterfly	1049567340	ItemLotParam_map.getItemFlagId		near Inner Consecrated Snowfield	exact_route_anchor	hold	0		seek an independent source naming this exact route anchor and item
7773975	Consecrated Snowfield	Old Fang	30207030	ItemLotParam_map.getItemFlagId		near Hidden Path to the Haligtree	exact_route_anchor	hold	1	gameplay-wiki:eldenpedia	seek an independent source naming this exact route anchor and item
7774467	Consecrated Snowfield	Old Fang	1049557310	ItemLotParam_map.getItemFlagId		near Consecrated Snowfield Catacombs	exact_route_anchor	hold	0		seek an independent source naming this exact route anchor and item
7774474	Consecrated Snowfield	Old Fang	1049567310	ItemLotParam_map.getItemFlagId		near Inner Consecrated Snowfield	exact_route_anchor	hold	0		seek an independent source naming this exact route anchor and item
7773976	Consecrated Snowfield	Root Resin	30207040	ItemLotParam_map.getItemFlagId		near Hidden Path to the Haligtree	exact_route_anchor	hold	1	gameplay-wiki:eldenpedia	seek an independent source naming this exact route anchor and item
7772297	Consecrated Snowfield	Rune Arc	32117040	ItemLotParam_map.getItemFlagId		treasure · Yelough Anix Tunnel	exact_route_anchor	hold	1	gameplay-wiki:eldenpedia	seek an independent source naming this exact route anchor and item
7773030	Consecrated Snowfield	Rune Arc	1048577000	ItemLotParam_map.getItemFlagId		near Ordina, Liturgical Town	exact_route_anchor	hold	1	gameplay-wiki:eldenpedia	seek an independent source naming this exact route anchor and item
7773097	Consecrated Snowfield	Rune Arc	1050557900	ItemLotParam_map.getItemFlagId		near Consecrated Snowfield Catacombs	exact_route_anchor	hold	0		seek an independent source naming this exact route anchor and item
7773986	Consecrated Snowfield	Rune Arc	31127030	ItemLotParam_map.getItemFlagId		near Cave of the Forlorn	exact_route_anchor	hold	1	gameplay-wiki:eldenpedia	seek an independent source naming this exact route anchor and item
7773973	Consecrated Snowfield	Sacramental Bud	30207010	ItemLotParam_map.getItemFlagId		near Hidden Path to the Haligtree	exact_route_anchor	hold	1	gameplay-wiki:eldenpedia	seek an independent source naming this exact route anchor and item
7773038	Consecrated Snowfield	Slumbering Egg	1048577080	ItemLotParam_map.getItemFlagId		near Ordina, Liturgical Town	exact_route_anchor	hold	1	gameplay-wiki:eldenpedia	seek an independent source naming this exact route anchor and item
7772967	Consecrated Snowfield	Smithing Stone [7]	1046577800	ItemLotParam_map.getItemFlagId		near Apostate Derelict	exact_route_anchor	hold	0		seek an independent source naming this exact route anchor and item
7772993	Consecrated Snowfield	Smithing Stone [7]	1047557000	ItemLotParam_map.getItemFlagId		near Yelough Anix Tunnel	exact_route_anchor	hold	1	gameplay-wiki:eldenpedia	seek an independent source naming this exact route anchor and item
7772999	Consecrated Snowfield	Smithing Stone [8]	1047567310	ItemLotParam_map.getItemFlagId		near Yelough Anix Tunnel	exact_route_anchor	hold	1	gameplay-wiki:eldenpedia	seek an independent source naming this exact route anchor and item
7773104	Consecrated Snowfield	Smithing Stone [8]	1050567800	ItemLotParam_map.getItemFlagId		near Inner Consecrated Snowfield	exact_route_anchor	hold	0		seek an independent source naming this exact route anchor and item
7774478	Consecrated Snowfield	Smithing Stone [8]	1049567350	ItemLotParam_map.getItemFlagId		near Ordina, Liturgical Town	exact_route_anchor	hold	0		seek an independent source naming this exact route anchor and item
7770620	Consecrated Snowfield	Somber Ancient Dragon Smithing Stone	400411	ItemLotParam_map.getItemFlagId		around Apostate Derelict	exact_route_anchor	hold	1	gameplay-wiki:eldenpedia	seek an independent source naming this exact route anchor and item
7773096	Consecrated Snowfield	Somber Smithing Stone [8]	1050557800	ItemLotParam_map.getItemFlagId		near Consecrated Snowfield Catacombs	exact_route_anchor	hold	0		seek an independent source naming this exact route anchor and item
7774465	Consecrated Snowfield	Somber Smithing Stone [8]	1049547700	ItemLotParam_map.getItemFlagId		around Consecrated Snowfield	exact_route_anchor	hold	1	gameplay-guide:redmaw	seek an independent source naming this exact route anchor and item
7773004	Consecrated Snowfield	Somber Smithing Stone [9]	1047587000	ItemLotParam_map.getItemFlagId		near Apostate Derelict	exact_route_anchor	hold	1	gameplay-wiki:eldenpedia	seek an independent source naming this exact route anchor and item
7774466	Consecrated Snowfield	Somber Smithing Stone [9]	1049557300	ItemLotParam_map.getItemFlagId		near Inner Consecrated Snowfield	exact_route_anchor	hold	0		seek an independent source naming this exact route anchor and item
7772182	Consecrated Snowfield	Spiritflame Arrow	31127120	ItemLotParam_map.getItemFlagId		near Cave of the Forlorn	exact_route_anchor	hold	1	gameplay-wiki:eldenpedia	seek an independent source naming this exact route anchor and item
7772996	Consecrated Snowfield	Stonesword Key	1047557030	ItemLotParam_map.getItemFlagId		near Yelough Anix Tunnel	exact_route_anchor	hold	0		seek an independent source naming this exact route anchor and item
7773029	Consecrated Snowfield	Stonesword Key	1048567300	ItemLotParam_map.getItemFlagId		near Inner Consecrated Snowfield	exact_route_anchor	hold	0		seek an independent source naming this exact route anchor and item
7774475	Consecrated Snowfield	Strip of White Flesh	1049567320	ItemLotParam_map.getItemFlagId		near Inner Consecrated Snowfield	exact_route_anchor	hold	0		seek an independent source naming this exact route anchor and item
7773098	Consecrated Snowfield	Tarnished Golden Sunflower	1050567300	ItemLotParam_map.getItemFlagId		near Inner Consecrated Snowfield	exact_route_anchor	hold	0		seek an independent source naming this exact route anchor and item
7774423	Consecrated Snowfield	Thawfrost Boluses	1047567320	ItemLotParam_map.getItemFlagId		near Ordina, Liturgical Town	exact_route_anchor	hold	0		seek an independent source naming this exact route anchor and item
7771278	Deeproot Depths	Arteria Leaf	12037340	ItemLotParam_map.getItemFlagId		near Across the Roots	exact_route_anchor	hold	0		seek an independent source naming this exact route anchor and item
7771284	Deeproot Depths	Clarifying Boluses	12037400	ItemLotParam_map.getItemFlagId		near The Nameless Eternal City	exact_route_anchor	hold	1	gameplay-guide:redmaw	seek an independent source naming this exact route anchor and item
7771259	Deeproot Depths	Dragonwound Grease	12037150	ItemLotParam_map.getItemFlagId		near Deeproot Depths	exact_route_anchor	hold	1	gameplay-guide:redmaw	seek an independent source naming this exact route anchor and item
7771270	Deeproot Depths	Fan Daggers	12037260	ItemLotParam_map.getItemFlagId		near The Nameless Eternal City	exact_route_anchor	hold	0		seek an independent source naming this exact route anchor and item
7771246	Deeproot Depths	Formic Rock	12037020	ItemLotParam_map.getItemFlagId		near Root-Facing Cliffs	exact_route_anchor	hold	0		seek an independent source naming this exact route anchor and item
7771249	Deeproot Depths	Golden Arrow	12037050	ItemLotParam_map.getItemFlagId		near Great Waterfall Crest	exact_route_anchor	hold	0		seek an independent source naming this exact route anchor and item
7771261	Deeproot Depths	Golden Rune [1]	12037170	ItemLotParam_map.getItemFlagId		near The Nameless Eternal City	exact_route_anchor	hold	1	gameplay-guide:redmaw	seek an independent source naming this exact route anchor and item
7771247	Deeproot Depths	Golden Rune [5]	12037030	ItemLotParam_map.getItemFlagId		near Great Waterfall Crest	exact_route_anchor	hold	0		seek an independent source naming this exact route anchor and item
7771254	Deeproot Depths	Golden Rune [5]	12037100	ItemLotParam_map.getItemFlagId		near Deeproot Depths	exact_route_anchor	hold	0		seek an independent source naming this exact route anchor and item
7771264	Deeproot Depths	Golden Rune [5]	12037200	ItemLotParam_map.getItemFlagId		near Across the Roots	exact_route_anchor	hold	0		seek an independent source naming this exact route anchor and item
7771255	Deeproot Depths	Golden Rune [6]	12037110	ItemLotParam_map.getItemFlagId		near Deeproot Depths	exact_route_anchor	hold	1	gameplay-guide:redmaw	seek an independent source naming this exact route anchor and item
7771248	Deeproot Depths	Golden Rune [8]	12037040	ItemLotParam_map.getItemFlagId		near Great Waterfall Crest	exact_route_anchor	hold	0		seek an independent source naming this exact route anchor and item
7771265	Deeproot Depths	Golden Rune [8]	12037210	ItemLotParam_map.getItemFlagId		near Across the Roots	exact_route_anchor	hold	0		seek an independent source naming this exact route anchor and item
7771276	Deeproot Depths	Golden Rune [8]	12037320	ItemLotParam_map.getItemFlagId		near Root-Facing Cliffs	exact_route_anchor	hold	0		seek an independent source naming this exact route anchor and item
7771288	Deeproot Depths	Golden Rune [9]	12037440	ItemLotParam_map.getItemFlagId		near The Nameless Eternal City	exact_route_anchor	hold	1	gameplay-guide:redmaw	seek an independent source naming this exact route anchor and item
7771260	Deeproot Depths	Hefty Beast Bone	12037160	ItemLotParam_map.getItemFlagId		near The Nameless Eternal City	exact_route_anchor	hold	0		seek an independent source naming this exact route anchor and item
7771251	Deeproot Depths	Holy Grease	12037070	ItemLotParam_map.getItemFlagId		near Great Waterfall Crest	exact_route_anchor	hold	0		seek an independent source naming this exact route anchor and item
7771286	Deeproot Depths	Human Bone Shard	12037420	ItemLotParam_map.getItemFlagId		near The Nameless Eternal City	exact_route_anchor	hold	0		seek an independent source naming this exact route anchor and item
7771280	Deeproot Depths	Lightning Greatbolt	12037360	ItemLotParam_map.getItemFlagId		near Across the Roots	exact_route_anchor	hold	0		seek an independent source naming this exact route anchor and item
7771266	Deeproot Depths	Nascent Butterfly	12037220	ItemLotParam_map.getItemFlagId		near Across the Roots	exact_route_anchor	hold	0		seek an independent source naming this exact route anchor and item
7771290	Deeproot Depths	Nascent Butterfly	12037460	ItemLotParam_map.getItemFlagId		near The Nameless Eternal City	exact_route_anchor	hold	1	gameplay-wiki:fextralife	seek an independent source naming this exact route anchor and item
7771295	Deeproot Depths	Rune Arc	12037510	ItemLotParam_map.getItemFlagId		near Across the Roots	exact_route_anchor	hold	1	gameplay-guide:redmaw	seek an independent source naming this exact route anchor and item
7771250	Deeproot Depths	Smithing Stone [6]	12037060	ItemLotParam_map.getItemFlagId		near Great Waterfall Crest	exact_route_anchor	hold	0		seek an independent source naming this exact route anchor and item
7771275	Deeproot Depths	Smithing Stone [6]	12037310	ItemLotParam_map.getItemFlagId		near Root-Facing Cliffs	exact_route_anchor	hold	0		seek an independent source naming this exact route anchor and item
7771294	Deeproot Depths	Smithing Stone [6]	12037500	ItemLotParam_map.getItemFlagId		near Across the Roots	exact_route_anchor	hold	0		seek an independent source naming this exact route anchor and item
7771279	Deeproot Depths	Smithing Stone [7]	12037350	ItemLotParam_map.getItemFlagId		near Across the Roots	exact_route_anchor	hold	1	gameplay-guide:redmaw	seek an independent source naming this exact route anchor and item
7771271	Deeproot Depths	Somber Smithing Stone [6]	12037270	ItemLotParam_map.getItemFlagId		near The Nameless Eternal City	exact_route_anchor	hold	0		seek an independent source naming this exact route anchor and item
7771299	Deeproot Depths	Somber Smithing Stone [6]	12037550	ItemLotParam_map.getItemFlagId		near Great Waterfall Crest	exact_route_anchor	hold	0		seek an independent source naming this exact route anchor and item
7771277	Deeproot Depths	Somber Smithing Stone [7]	12037330	ItemLotParam_map.getItemFlagId		near Across the Roots	exact_route_anchor	hold	0		seek an independent source naming this exact route anchor and item
7900029	Deeproot Depths	Twinned Gauntlets	400348	ItemLotParam_map.getItemFlagId		around Root-Facing Cliffs	exact_route_anchor	hold	0		seek an independent source naming this exact route anchor and item
7900030	Deeproot Depths	Twinned Greaves	400348	ItemLotParam_map.getItemFlagId		around Root-Facing Cliffs	exact_route_anchor	hold	0		seek an independent source naming this exact route anchor and item
7900027	Deeproot Depths	Twinned Helm	400348	ItemLotParam_map.getItemFlagId		around Root-Facing Cliffs	exact_route_anchor	hold	0		seek an independent source naming this exact route anchor and item
7771256	Deeproot Depths	Warming Stone	12037120	ItemLotParam_map.getItemFlagId		near Deeproot Depths	exact_route_anchor	hold	0		seek an independent source naming this exact route anchor and item
7900071	Enir Ilim	Ansbach's Attire	400624	ItemLotParam_map.getItemFlagId		near Gate of Divinity	exact_route_anchor	hold	0		seek an independent source naming this exact route anchor and item
7900073	Enir Ilim	Ansbach's Boots	400624	ItemLotParam_map.getItemFlagId		near Gate of Divinity	exact_route_anchor	hold	0		seek an independent source naming this exact route anchor and item
7900072	Enir Ilim	Ansbach's Manchettes	400624	ItemLotParam_map.getItemFlagId		near Gate of Divinity	exact_route_anchor	hold	0		seek an independent source naming this exact route anchor and item
7771828	Enir Ilim	Budding Horn	20017140	ItemLotParam_map.getItemFlagId		near First Rise	exact_route_anchor	hold	0		seek an independent source naming this exact route anchor and item
7771844	Enir Ilim	Dragonbolt Grease	20017300	ItemLotParam_map.getItemFlagId		near First Rise	exact_route_anchor	hold	1	gameplay-guide:redmaw	seek an independent source naming this exact route anchor and item
7771846	Enir Ilim	Drawstring Golden Grease	20017320	ItemLotParam_map.getItemFlagId		near Spiral Rise	exact_route_anchor	hold	1	gameplay-guide:redmaw	seek an independent source naming this exact route anchor and item
7771847	Enir Ilim	Fire Arrow	20017330	ItemLotParam_map.getItemFlagId		near Spiral Rise	exact_route_anchor	hold	0		seek an independent source naming this exact route anchor and item
7771836	Enir Ilim	Furlcalling Finger Remedy	20017220	ItemLotParam_map.getItemFlagId		near First Rise	exact_route_anchor	hold	0		seek an independent source naming this exact route anchor and item
7771859	Enir Ilim	Golden Horn Tender	20017450	ItemLotParam_map.getItemFlagId		near Spiral Rise	exact_route_anchor	hold	1	gameplay-guide:redmaw	seek an independent source naming this exact route anchor and item
7771876	Enir Ilim	Holyproof Pickled Liver	20017620	ItemLotParam_map.getItemFlagId		near First Rise	exact_route_anchor	hold	1	gameplay-guide:redmaw	seek an independent source naming this exact route anchor and item
7771830	Enir Ilim	Lightningproof Pickled Liver	20017160	ItemLotParam_map.getItemFlagId		near First Rise	exact_route_anchor	hold	0		seek an independent source naming this exact route anchor and item
7771878	Enir Ilim	Lordsworn's Bolt	20017640	ItemLotParam_map.getItemFlagId		near First Rise	exact_route_anchor	hold	0		seek an independent source naming this exact route anchor and item
7771857	Enir Ilim	Neutralizing Boluses	20017430	ItemLotParam_map.getItemFlagId		near Spiral Rise	exact_route_anchor	hold	0		seek an independent source naming this exact route anchor and item
7771815	Enir Ilim	Rada Fruit	20017010	ItemLotParam_map.getItemFlagId		near Enir-Ilim: Outer Wall	exact_route_anchor	hold	0		seek an independent source naming this exact route anchor and item
7771833	Enir Ilim	Redflesh Mushroom	20017190	ItemLotParam_map.getItemFlagId		near First Rise	exact_route_anchor	hold	0		seek an independent source naming this exact route anchor and item
7771827	Enir Ilim	Rune Arc	20017130	ItemLotParam_map.getItemFlagId		near First Rise	exact_route_anchor	hold	1	gameplay-guide:redmaw	seek an independent source naming this exact route anchor and item
7771855	Enir Ilim	Silver Horn Tender	20017410	ItemLotParam_map.getItemFlagId		near Spiral Rise	exact_route_anchor	hold	1	gameplay-guide:redmaw	seek an independent source naming this exact route anchor and item
7771852	Enir Ilim	Smithing Stone [8]	20017380	ItemLotParam_map.getItemFlagId		near Spiral Rise	exact_route_anchor	hold	0		seek an independent source naming this exact route anchor and item
7771877	Enir Ilim	Smithing Stone [8]	20017630	ItemLotParam_map.getItemFlagId		near First Rise	exact_route_anchor	hold	0		seek an independent source naming this exact route anchor and item
7771863	Enir Ilim	Somber Smithing Stone [7]	20017490	ItemLotParam_map.getItemFlagId		near Spiral Rise	exact_route_anchor	hold	0		seek an independent source naming this exact route anchor and item
7771814	Enir Ilim	Somber Smithing Stone [9]	20017000	ItemLotParam_map.getItemFlagId		near Enir-Ilim: Outer Wall	exact_route_anchor	hold	1	gameplay-guide:redmaw	seek an independent source naming this exact route anchor and item
7771858	Enir Ilim	Stanching Boluses	20017440	ItemLotParam_map.getItemFlagId		near Spiral Rise	exact_route_anchor	hold	1	gameplay-guide:redmaw	seek an independent source naming this exact route anchor and item
7771831	Enir Ilim	Thin Beast Bones	20017170	ItemLotParam_map.getItemFlagId		near First Rise	exact_route_anchor	hold	0		seek an independent source naming this exact route anchor and item
7771832	Enir Ilim	Whiteflesh Mushroom	20017180	ItemLotParam_map.getItemFlagId		near First Rise	exact_route_anchor	hold	0		seek an independent source naming this exact route anchor and item
7770637	Enir Ilim	Wise Man's Mask	400624	ItemLotParam_map.getItemFlagId		near Gate of Divinity	exact_route_anchor	hold	0		seek an independent source naming this exact route anchor and item
7773414	Ensis	Arrow	2047447140	ItemLotParam_map.getItemFlagId		near Castle Ensis Checkpoint	exact_route_anchor	hold	1	gameplay-wiki:fextralife	seek an independent source naming this exact route anchor and item
7773401	Ensis	Black Pyrefly	2047447010	ItemLotParam_map.getItemFlagId		near Castle Front	exact_route_anchor	hold	1	gameplay-wiki:fextralife	seek an independent source naming this exact route anchor and item
7773415	Ensis	Bolt	2047447150	ItemLotParam_map.getItemFlagId		near Castle Ensis Checkpoint	exact_route_anchor	hold	1	gameplay-wiki:fextralife	seek an independent source naming this exact route anchor and item
7773405	Ensis	Flight Pinion	2047447050	ItemLotParam_map.getItemFlagId		near Castle Ensis Checkpoint	exact_route_anchor	hold	0		seek an independent source naming this exact route anchor and item
7773492	Ensis	Ghost Glovewort [7]	2048447080	ItemLotParam_map.getItemFlagId		near Castle-Lord's Chamber	exact_route_anchor	hold	0		seek an independent source naming this exact route anchor and item
7773404	Ensis	Glintslab Firefly	2047447040	ItemLotParam_map.getItemFlagId		near Castle Ensis Checkpoint	exact_route_anchor	hold	0		seek an independent source naming this exact route anchor and item
7773411	Ensis	Glintslab Firefly	2047447110	ItemLotParam_map.getItemFlagId		near Castle Front	exact_route_anchor	hold	0		seek an independent source naming this exact route anchor and item
7773417	Ensis	Glintslab Firefly	2047447170	ItemLotParam_map.getItemFlagId		near Ensis Moongazing Grounds	exact_route_anchor	hold	0		seek an independent source naming this exact route anchor and item
7773486	Ensis	Hefty Beast Bone	2048447020	ItemLotParam_map.getItemFlagId		near Castle-Lord's Chamber	exact_route_anchor	hold	0		seek an independent source naming this exact route anchor and item
7773488	Ensis	Lump of Flesh	2048447040	ItemLotParam_map.getItemFlagId		near Castle-Lord's Chamber	exact_route_anchor	hold	0		seek an independent source naming this exact route anchor and item
7773416	Ensis	Shadow Realm Rune [2]	2047447160	ItemLotParam_map.getItemFlagId		near Castle Front	exact_route_anchor	hold	0		seek an independent source naming this exact route anchor and item
7773485	Ensis	Shadow Realm Rune [2]	2048447010	ItemLotParam_map.getItemFlagId		near Castle-Lord's Chamber	exact_route_anchor	hold	0		seek an independent source naming this exact route anchor and item
7773402	Ensis	Somber Smithing Stone [5]	2047447020	ItemLotParam_map.getItemFlagId		near Castle Front	exact_route_anchor	hold	0		seek an independent source naming this exact route anchor and item
7773413	Ensis	Somber Smithing Stone [5]	2047447130	ItemLotParam_map.getItemFlagId		near Castle Ensis Checkpoint	exact_route_anchor	hold	0		seek an independent source naming this exact route anchor and item
7773407	Ensis	Somber Smithing Stone [6]	2047447070	ItemLotParam_map.getItemFlagId		near Castle Ensis Checkpoint	exact_route_anchor	hold	0		seek an independent source naming this exact route anchor and item
7773490	Ensis	Somber Smithing Stone [6]	2048447060	ItemLotParam_map.getItemFlagId		near Castle-Lord's Chamber	exact_route_anchor	hold	0		seek an independent source naming this exact route anchor and item
7773408	Ensis	Somber Smithing Stone [7]	2047447080	ItemLotParam_map.getItemFlagId		near Ensis Moongazing Grounds	exact_route_anchor	hold	0		seek an independent source naming this exact route anchor and item
7773410	Ensis	Somber Smithing Stone [8]	2047447100	ItemLotParam_map.getItemFlagId		near Castle Front	exact_route_anchor	hold	0		seek an independent source naming this exact route anchor and item
7773431	Ensis	Somber Smithing Stone [9]	2047447900	ItemLotParam_map.getItemFlagId		around Castle Front	exact_route_anchor	hold	1	gameplay-guide:redmaw	seek an independent source naming this exact route anchor and item
7773422	Ensis	Starlight Shards	2047447610	ItemLotParam_map.getItemFlagId		near Castle Ensis Checkpoint	exact_route_anchor	hold	1	gameplay-guide:redmaw	seek an independent source naming this exact route anchor and item
7773487	Ensis	String	2048447030	ItemLotParam_map.getItemFlagId		near Castle Ensis Checkpoint	exact_route_anchor	hold	1	gameplay-wiki:fextralife	seek an independent source naming this exact route anchor and item
7771444	Farum Azula	Ancient Dragon Smithing Stone	13007480	ItemLotParam_map.getItemFlagId		near Dragon Temple Lift	exact_route_anchor	hold	0		seek an independent source naming this exact route anchor and item
7771479	Farum Azula	Ancient Dragon Smithing Stone	13007900	ItemLotParam_map.getItemFlagId		near Maliketh, the Black Blade	exact_route_anchor	hold	0		seek an independent source naming this exact route anchor and item
7771461	Farum Azula	Arteria Leaf	13007680	ItemLotParam_map.getItemFlagId		near Dragon Temple Rooftop	exact_route_anchor	hold	0		seek an independent source naming this exact route anchor and item
7771447	Farum Azula	Dappled Cured Meat	13007510	ItemLotParam_map.getItemFlagId		near Dragon Temple Rooftop	exact_route_anchor	hold	1	gameplay-guide:redmaw	seek an independent source naming this exact route anchor and item
7771403	Farum Azula	Dragonwound Grease	13007015	ItemLotParam_map.getItemFlagId		near Dragon Temple Altar	exact_route_anchor	hold	0		seek an independent source naming this exact route anchor and item
7771410	Farum Azula	Dragonwound Grease	13007060	ItemLotParam_map.getItemFlagId		near Crumbling Beast Grave Depths	exact_route_anchor	hold	0		seek an independent source naming this exact route anchor and item
7771455	Farum Azula	Dragonwound Grease	13007590	ItemLotParam_map.getItemFlagId		near Dragon Temple	exact_route_anchor	hold	0		seek an independent source naming this exact route anchor and item
7771420	Farum Azula	Fulgurbloom	13007180	ItemLotParam_map.getItemFlagId		near Crumbling Beast Grave Depths	exact_route_anchor	hold	0		seek an independent source naming this exact route anchor and item
7771463	Farum Azula	Fulgurbloom	13007710	ItemLotParam_map.getItemFlagId		near Beside the Great Bridge	exact_route_anchor	hold	0		seek an independent source naming this exact route anchor and item
7771427	Farum Azula	Golden Arrow	13007270	ItemLotParam_map.getItemFlagId		near Dragon Temple	exact_route_anchor	hold	1	gameplay-wiki:fextralife	seek an independent source naming this exact route anchor and item
7771433	Farum Azula	Golden Rune [11]	13007330	ItemLotParam_map.getItemFlagId		near Dragon Temple	exact_route_anchor	hold	1	gameplay-wiki:fextralife	seek an independent source naming this exact route anchor and item
7771438	Farum Azula	Golden Rune [11]	13007420	ItemLotParam_map.getItemFlagId		near Dragon Temple Lift	exact_route_anchor	hold	0		seek an independent source naming this exact route anchor and item
7771414	Farum Azula	Golden Rune [12]	13007110	ItemLotParam_map.getItemFlagId		near Tempest-Facing Balcony	exact_route_anchor	hold	0		seek an independent source naming this exact route anchor and item
7771466	Farum Azula	Golden Rune [12]	13007740	ItemLotParam_map.getItemFlagId		near Dragon Temple Rooftop	exact_route_anchor	hold	1	gameplay-wiki:fextralife	seek an independent source naming this exact route anchor and item
7771402	Farum Azula	Golden Rune [9]	13007010	ItemLotParam_map.getItemFlagId		near Crumbling Beast Grave	exact_route_anchor	hold	0		seek an independent source naming this exact route anchor and item
7771426	Farum Azula	Golden Rune [9]	13007260	ItemLotParam_map.getItemFlagId		near Tempest-Facing Balcony	exact_route_anchor	hold	1	gameplay-wiki:fextralife	seek an independent source naming this exact route anchor and item
7771424	Farum Azula	Gravel Stone	13007240	ItemLotParam_map.getItemFlagId		near Crumbling Beast Grave	exact_route_anchor	hold	0		seek an independent source naming this exact route anchor and item
7771475	Farum Azula	Gravel Stone	13007860	ItemLotParam_map.getItemFlagId		near Tempest-Facing Balcony	exact_route_anchor	hold	0		seek an independent source naming this exact route anchor and item
7771405	Farum Azula	Great Grave Glovewort	13007025	ItemLotParam_map.getItemFlagId		near Dragon Temple	exact_route_anchor	hold	0		seek an independent source naming this exact route anchor and item
7771407	Farum Azula	Great Grave Glovewort	13007035	ItemLotParam_map.getItemFlagId		near Tempest-Facing Balcony	exact_route_anchor	hold	0		seek an independent source naming this exact route anchor and item
7771440	Farum Azula	Hero's Rune [5]	13007440	ItemLotParam_map.getItemFlagId		near Dragon Temple Lift	exact_route_anchor	hold	1	gameplay-guide:redmaw	seek an independent source naming this exact route anchor and item
7771442	Farum Azula	Lightning Grease	13007460	ItemLotParam_map.getItemFlagId		near Dragon Temple Lift	exact_route_anchor	hold	0		seek an independent source naming this exact route anchor and item
7771413	Farum Azula	Lightning Greatbolt	13007090	ItemLotParam_map.getItemFlagId		near Crumbling Beast Grave Depths	exact_route_anchor	hold	0		seek an independent source naming this exact route anchor and item
7771462	Farum Azula	Lightning Greatbolt	13007700	ItemLotParam_map.getItemFlagId		near Dragon Temple Rooftop	exact_route_anchor	hold	0		seek an independent source naming this exact route anchor and item
7771449	Farum Azula	Lord's Rune	13007530	ItemLotParam_map.getItemFlagId		near Dragon Temple Lift	exact_route_anchor	hold	1	gameplay-guide:redmaw	seek an independent source naming this exact route anchor and item
7771450	Farum Azula	Nascent Butterfly	13007540	ItemLotParam_map.getItemFlagId		near Dragon Temple Lift	exact_route_anchor	hold	1	gameplay-wiki:fextralife	seek an independent source naming this exact route anchor and item
7771404	Farum Azula	Old Fang	13007020	ItemLotParam_map.getItemFlagId		near Crumbling Beast Grave	exact_route_anchor	hold	0		seek an independent source naming this exact route anchor and item
7771439	Farum Azula	Old Fang	13007430	ItemLotParam_map.getItemFlagId		near Dragon Temple Lift	exact_route_anchor	hold	0		seek an independent source naming this exact route anchor and item
7771453	Farum Azula	Rune Arc	13007570	ItemLotParam_map.getItemFlagId		near Dragon Temple Altar	exact_route_anchor	hold	0		seek an independent source naming this exact route anchor and item
7771408	Farum Azula	Smithing Stone [6]	13007040	ItemLotParam_map.getItemFlagId		near Crumbling Beast Grave	exact_route_anchor	hold	0		seek an independent source naming this exact route anchor and item
7771417	Farum Azula	Smithing Stone [6]	13007140	ItemLotParam_map.getItemFlagId		near Tempest-Facing Balcony	exact_route_anchor	hold	0		seek an independent source naming this exact route anchor and item
7771432	Farum Azula	Smithing Stone [6]	13007320	ItemLotParam_map.getItemFlagId		near Dragon Temple	exact_route_anchor	hold	0		seek an independent source naming this exact route anchor and item
7771460	Farum Azula	Smithing Stone [6]	13007670	ItemLotParam_map.getItemFlagId		near Dragon Temple Rooftop	exact_route_anchor	hold	0		seek an independent source naming this exact route anchor and item
7771441	Farum Azula	Smithing Stone [7]	13007450	ItemLotParam_map.getItemFlagId		near Dragon Temple Lift	exact_route_anchor	hold	0		seek an independent source naming this exact route anchor and item
7771454	Farum Azula	Smithing Stone [7]	13007580	ItemLotParam_map.getItemFlagId		near Dragon Temple Altar	exact_route_anchor	hold	0		seek an independent source naming this exact route anchor and item
7771458	Farum Azula	Smithing Stone [7]	13007640	ItemLotParam_map.getItemFlagId		near Tempest-Facing Balcony	exact_route_anchor	hold	0		seek an independent source naming this exact route anchor and item
7771465	Farum Azula	Smithing Stone [7]	13007730	ItemLotParam_map.getItemFlagId		near Beside the Great Bridge	exact_route_anchor	hold	0		seek an independent source naming this exact route anchor and item
7771474	Farum Azula	Smithing Stone [7]	13007850	ItemLotParam_map.getItemFlagId		near Crumbling Beast Grave Depths	exact_route_anchor	hold	0		seek an independent source naming this exact route anchor and item
7771448	Farum Azula	Smithing Stone [8]	13007520	ItemLotParam_map.getItemFlagId		near Dragon Temple Rooftop	exact_route_anchor	hold	0		seek an independent source naming this exact route anchor and item
7771452	Farum Azula	Smithing Stone [8]	13007560	ItemLotParam_map.getItemFlagId		near Dragon Temple Altar	exact_route_anchor	hold	0		seek an independent source naming this exact route anchor and item
7771456	Farum Azula	Smithing Stone [8]	13007600	ItemLotParam_map.getItemFlagId		near Dragon Temple	exact_route_anchor	hold	0		seek an independent source naming this exact route anchor and item
7771425	Farum Azula	Somber Smithing Stone [7]	13007250	ItemLotParam_map.getItemFlagId		near Tempest-Facing Balcony	exact_route_anchor	hold	0		seek an independent source naming this exact route anchor and item
7771468	Farum Azula	Somber Smithing Stone [7]	13007770	ItemLotParam_map.getItemFlagId		near Beside the Great Bridge	exact_route_anchor	hold	0		seek an independent source naming this exact route anchor and item
7771471	Farum Azula	Somber Smithing Stone [7]	13007810	ItemLotParam_map.getItemFlagId		near Dragon Temple Transept	exact_route_anchor	hold	0		seek an independent source naming this exact route anchor and item
7771459	Farum Azula	Somber Smithing Stone [8]	13007660	ItemLotParam_map.getItemFlagId		near Tempest-Facing Balcony	exact_route_anchor	hold	0		seek an independent source naming this exact route anchor and item
7771472	Farum Azula	Somber Smithing Stone [8]	13007820	ItemLotParam_map.getItemFlagId		near Dragon Temple Rooftop	exact_route_anchor	hold	0		seek an independent source naming this exact route anchor and item
7771419	Farum Azula	Somber Smithing Stone [9]	13007170	ItemLotParam_map.getItemFlagId		near Crumbling Beast Grave Depths	exact_route_anchor	hold	1	gameplay-wiki:eldenpedia	seek an independent source naming this exact route anchor and item
7771443	Farum Azula	Somber Smithing Stone [9]	13007470	ItemLotParam_map.getItemFlagId		near Dragon Temple Lift	exact_route_anchor	hold	0		seek an independent source naming this exact route anchor and item
7771434	Farum Azula	Stonesword Key	13007350	ItemLotParam_map.getItemFlagId		near Dragon Temple Altar	exact_route_anchor	hold	1	gameplay-guide:redmaw	seek an independent source naming this exact route anchor and item
7774639	Farum Azula	[Sorcery] Gelmir's Fury	400295	ItemLotParam_map.getItemFlagId		defeat Recusant Bernahl in Crumbling Farum Azula	exact_route_anchor	hold	0		seek an independent source naming this exact route anchor and item
7773474	Gravesite	Ancient Dragon Smithing Stone	2048417800	ItemLotParam_map.getItemFlagId		near Pillar Path Waypoint	exact_route_anchor	hold	0		seek an independent source naming this exact route anchor and item
7773310	Gravesite	Ballista Bolt	2046437000	ItemLotParam_map.getItemFlagId		near Castle Front	exact_route_anchor	hold	0		seek an independent source naming this exact route anchor and item
7773228	Gravesite	Beast Blood	2045417000	ItemLotParam_map.getItemFlagId		near Cliffroad Terminus	exact_route_anchor	hold	0		seek an independent source naming this exact route anchor and item
7773321	Gravesite	Black Pyrefly	2046447070	ItemLotParam_map.getItemFlagId		near Greatbridge, North	exact_route_anchor	hold	0		seek an independent source naming this exact route anchor and item
7773471	Gravesite	Blessing of Marika	2048417010	ItemLotParam_map.getItemFlagId		near Ellac River Downstream	exact_route_anchor	hold	1	gameplay-guide:redmaw	seek an independent source naming this exact route anchor and item
7773315	Gravesite	Broken Rune	2046447000	ItemLotParam_map.getItemFlagId		near Greatbridge, North	exact_route_anchor	hold	0		seek an independent source naming this exact route anchor and item
7774013	Gravesite	Broken Rune	40007070	ItemLotParam_map.getItemFlagId		near Fog Rift Catacombs	exact_route_anchor	hold	1	gameplay-wiki:fextralife	seek an independent source naming this exact route anchor and item
7774048	Gravesite	Broken Rune	41007100	ItemLotParam_map.getItemFlagId		near Belurat Gaol	exact_route_anchor	hold	1	gameplay-wiki:fextralife	seek an independent source naming this exact route anchor and item
7774010	Gravesite	Dragonbolt Grease	40007040	ItemLotParam_map.getItemFlagId		near Fog Rift Catacombs	exact_route_anchor	hold	1	gameplay-wiki:fextralife	seek an independent source naming this exact route anchor and item
7773476	Gravesite	Festive Grease	2048427000	ItemLotParam_map.getItemFlagId		near Pillar Path Waypoint	exact_route_anchor	hold	1	gameplay-guide:redmaw	seek an independent source naming this exact route anchor and item
7773470	Gravesite	Fire Coil	2048417000	ItemLotParam_map.getItemFlagId		near Ellac River Downstream	exact_route_anchor	hold	0		seek an independent source naming this exact route anchor and item
7773317	Gravesite	Fly Mold	2046447020	ItemLotParam_map.getItemFlagId		near Greatbridge, North	exact_route_anchor	hold	0		seek an independent source naming this exact route anchor and item
7773320	Gravesite	Fly Mold	2046447060	ItemLotParam_map.getItemFlagId		near Castle Front	exact_route_anchor	hold	0		seek an independent source naming this exact route anchor and item
7773381	Gravesite	Furlcalling Finger Remedy	2047417020	ItemLotParam_map.getItemFlagId		near Scorched Ruins	exact_route_anchor	hold	1	gameplay-wiki:eldenpedia	seek an independent source naming this exact route anchor and item
7773309	Gravesite	Furnace Visage	2046427980	ItemLotParam_map.getItemFlagId		around Three-Path Cross	exact_route_anchor	hold	0		seek an independent source naming this exact route anchor and item
7773204	Gravesite	Ghost Glovewort [5]	2044417000	ItemLotParam_map.getItemFlagId		near Cliffroad Terminus	exact_route_anchor	hold	0		seek an independent source naming this exact route anchor and item
7774014	Gravesite	Ghost Glovewort [5]	40007080	ItemLotParam_map.getItemFlagId		near Fog Rift Catacombs	exact_route_anchor	hold	0		seek an independent source naming this exact route anchor and item
7774016	Gravesite	Ghost Glovewort [6]	40007100	ItemLotParam_map.getItemFlagId		near Fog Rift Catacombs	exact_route_anchor	hold	1	gameplay-guide:redmaw	seek an independent source naming this exact route anchor and item
7773372	Gravesite	Glass Shard	2047407000	ItemLotParam_map.getItemFlagId		near Gravesite Plain	exact_route_anchor	hold	0		seek an independent source naming this exact route anchor and item
7774012	Gravesite	Glass Shard	40007060	ItemLotParam_map.getItemFlagId		near Fog Rift Catacombs	exact_route_anchor	hold	1	gameplay-wiki:fextralife	seek an independent source naming this exact route anchor and item
7774051	Gravesite	Glass Shard	41007130	ItemLotParam_map.getItemFlagId		near Belurat Gaol	exact_route_anchor	hold	1	gameplay-wiki:fextralife	seek an independent source naming this exact route anchor and item
7774083	Gravesite	Glass Shard	42007180	ItemLotParam_map.getItemFlagId		near Ruined Forge Lava Intake	exact_route_anchor	hold	1	gameplay-wiki:fextralife	seek an independent source naming this exact route anchor and item
7772424	Gravesite	Grave Glovewort [5]	40007000	ItemLotParam_map.getItemFlagId		near Fog Rift Catacombs	exact_route_anchor	hold	0		seek an independent source naming this exact route anchor and item
7773388	Gravesite	Grave Glovewort [5]	2047427000	ItemLotParam_map.getItemFlagId		near Ellac River Cave	exact_route_anchor	hold	0		seek an independent source naming this exact route anchor and item
7773393	Gravesite	Grave Glovewort [5]	2047437000	ItemLotParam_map.getItemFlagId		near Castle-Lord's Chamber	exact_route_anchor	hold	1	gameplay-guide:redmaw	seek an independent source naming this exact route anchor and item
7773482	Gravesite	Grave Glovewort [6]	2048437030	ItemLotParam_map.getItemFlagId		near Pillar Path Cross	exact_route_anchor	hold	1	gameplay-guide:redmaw	seek an independent source naming this exact route anchor and item
7774011	Gravesite	Grave Glovewort [6]	40007050	ItemLotParam_map.getItemFlagId		near Fog Rift Catacombs	exact_route_anchor	hold	0		seek an independent source naming this exact route anchor and item
7774017	Gravesite	Grave Glovewort [7]	40007110	ItemLotParam_map.getItemFlagId		near Fog Rift Catacombs	exact_route_anchor	hold	0		seek an independent source naming this exact route anchor and item
7773438	Gravesite	Grave Glovewort [8]	2047457180	ItemLotParam_map.getItemFlagId		near Castle Ensis Checkpoint	exact_route_anchor	hold	0		seek an independent source naming this exact route anchor and item
7773233	Gravesite	Great Arrow	2045417050	ItemLotParam_map.getItemFlagId		near Cliffroad Terminus	exact_route_anchor	hold	0		seek an independent source naming this exact route anchor and item
7772425	Gravesite	Great Ghost Glovewort	40007800	ItemLotParam_map.getItemFlagId		near Fog Rift Catacombs	exact_route_anchor	hold	1	gameplay-guide:redmaw	seek an independent source naming this exact route anchor and item
7774092	Gravesite	Hefty Beast Bone	43007010	ItemLotParam_map.getItemFlagId		near Rivermouth Cave	exact_route_anchor	hold	1	gameplay-wiki:fextralife	seek an independent source naming this exact route anchor and item
7773316	Gravesite	Human Bone Shard	2046447010	ItemLotParam_map.getItemFlagId		near Greatbridge, North	exact_route_anchor	hold	1	gameplay-guide:redmaw	seek an independent source naming this exact route anchor and item
7900104	Gravesite	Igon's Armor	400711	ItemLotParam_map.getItemFlagId		around Pillar Path Waypoint	exact_route_anchor	hold	1	gameplay-wiki:eldenpedia	seek an independent source naming this exact route anchor and item
7900107	Gravesite	Igon's Bell Bearing	400711	ItemLotParam_map.getItemFlagId		around Pillar Path Waypoint	exact_route_anchor	hold	0		seek an independent source naming this exact route anchor and item
7900105	Gravesite	Igon's Gauntlets	400711	ItemLotParam_map.getItemFlagId		around Pillar Path Waypoint	exact_route_anchor	hold	1	gameplay-wiki:eldenpedia	seek an independent source naming this exact route anchor and item
7773762	Gravesite	Igon's Greatbow	400711	ItemLotParam_map.getItemFlagId		around Pillar Path Waypoint	exact_route_anchor	hold	0		seek an independent source naming this exact route anchor and item
7900103	Gravesite	Igon's Helm	400711	ItemLotParam_map.getItemFlagId		around Pillar Path Waypoint	exact_route_anchor	hold	1	gameplay-wiki:eldenpedia	seek an independent source naming this exact route anchor and item
7900106	Gravesite	Igon's Loincloth	400711	ItemLotParam_map.getItemFlagId		around Pillar Path Waypoint	exact_route_anchor	hold	1	gameplay-wiki:eldenpedia	seek an independent source naming this exact route anchor and item
7774009	Gravesite	Knot Resin	40007020	ItemLotParam_map.getItemFlagId		near Fog Rift Catacombs	exact_route_anchor	hold	1	gameplay-wiki:fextralife	seek an independent source naming this exact route anchor and item
7774098	Gravesite	Knot Resin	43017020	ItemLotParam_map.getItemFlagId		near Dragon's Pit	exact_route_anchor	hold	1	gameplay-wiki:fextralife	seek an independent source naming this exact route anchor and item
7773237	Gravesite	Larval Tear	2045417900	ItemLotParam_map.getItemFlagId		near Cliffroad Terminus	exact_route_anchor	hold	0		seek an independent source naming this exact route anchor and item
7773324	Gravesite	Larval Tear	2046447900	ItemLotParam_map.getItemFlagId		near Greatbridge, North	exact_route_anchor	hold	1	gameplay-wiki:fextralife	seek an independent source naming this exact route anchor and item
7773377	Gravesite	Larval Tear	2047407900	ItemLotParam_map.getItemFlagId		near Gravesite Plain	exact_route_anchor	hold	0		seek an independent source naming this exact route anchor and item
7773478	Gravesite	Larval Tear	2048427900	ItemLotParam_map.getItemFlagId		near Pillar Path Waypoint	exact_route_anchor	hold	0		seek an independent source naming this exact route anchor and item
7773311	Gravesite	Lost Ashes of War	2046437010	ItemLotParam_map.getItemFlagId		near Castle Front	exact_route_anchor	hold	0		seek an independent source naming this exact route anchor and item
7774054	Gravesite	Lost Ashes of War	41007270	ItemLotParam_map.getItemFlagId		near Belurat Gaol	exact_route_anchor	hold	1	gameplay-wiki:eldenpedia	seek an independent source naming this exact route anchor and item
7773375	Gravesite	Lump of Flesh	2047407030	ItemLotParam_map.getItemFlagId		near Gravesite Plain	exact_route_anchor	hold	0		seek an independent source naming this exact route anchor and item
7774018	Gravesite	Rada Fruit	40007120	ItemLotParam_map.getItemFlagId		near Fog Rift Catacombs	exact_route_anchor	hold	0		seek an independent source naming this exact route anchor and item
7773230	Gravesite	Sanguine Amaryllis	2045417020	ItemLotParam_map.getItemFlagId		near Cliffroad Terminus	exact_route_anchor	hold	0		seek an independent source naming this exact route anchor and item
7773240	Gravesite	Shadow Realm Rune [1]	2045437000	ItemLotParam_map.getItemFlagId		near Greatbridge, North	exact_route_anchor	hold	0		seek an independent source naming this exact route anchor and item
7773312	Gravesite	Shadow Realm Rune [1]	2046437020	ItemLotParam_map.getItemFlagId		near Castle Front	exact_route_anchor	hold	0		seek an independent source naming this exact route anchor and item
7773481	Gravesite	Shadow Realm Rune [1]	2048437020	ItemLotParam_map.getItemFlagId		near Pillar Path Cross	exact_route_anchor	hold	0		seek an independent source naming this exact route anchor and item
7774093	Gravesite	Shadow Realm Rune [1]	43007020	ItemLotParam_map.getItemFlagId		near Rivermouth Cave	exact_route_anchor	hold	1	gameplay-wiki:fextralife	seek an independent source naming this exact route anchor and item
7773380	Gravesite	Shadow Realm Rune [2]	2047417010	ItemLotParam_map.getItemFlagId		near Scorched Ruins	exact_route_anchor	hold	1	gameplay-wiki:eldenpedia	seek an independent source naming this exact route anchor and item
7773397	Gravesite	Shadow Realm Rune [2]	2047437040	ItemLotParam_map.getItemFlagId		near Ellac River Cave	exact_route_anchor	hold	0		seek an independent source naming this exact route anchor and item
7774097	Gravesite	Shadow Realm Rune [2]	43017010	ItemLotParam_map.getItemFlagId		near Dragon's Pit	exact_route_anchor	hold	1	gameplay-wiki:fextralife	seek an independent source naming this exact route anchor and item
7774020	Gravesite	Shadow Realm Rune [3]	40007820	ItemLotParam_map.getItemFlagId		near Fog Rift Catacombs	exact_route_anchor	hold	1	gameplay-wiki:fextralife	seek an independent source naming this exact route anchor and item
7774050	Gravesite	Shadow Realm Rune [3]	41007120	ItemLotParam_map.getItemFlagId		near Belurat Gaol	exact_route_anchor	hold	1	gameplay-wiki:fextralife	seek an independent source naming this exact route anchor and item
7773319	Gravesite	Silver Horn Tender	2046447050	ItemLotParam_map.getItemFlagId		near Greatbridge, North	exact_route_anchor	hold	0		seek an independent source naming this exact route anchor and item
7774046	Gravesite	Silver Horn Tender	41007010	ItemLotParam_map.getItemFlagId		near Belurat Gaol	exact_route_anchor	hold	1	gameplay-wiki:fextralife	seek an independent source naming this exact route anchor and item
7772462	Gravesite	Sliver of Meat	43007000	ItemLotParam_map.getItemFlagId		near Rivermouth Cave	exact_route_anchor	hold	0		seek an independent source naming this exact route anchor and item
7773232	Gravesite	Smithing Stone [5]	2045417040	ItemLotParam_map.getItemFlagId		near Cliffroad Terminus	exact_route_anchor	hold	0		seek an independent source naming this exact route anchor and item
7773239	Gravesite	Smithing Stone [5]	2045427000	ItemLotParam_map.getItemFlagId		near Main Gate Cross	exact_route_anchor	hold	0		seek an independent source naming this exact route anchor and item
7774077	Gravesite	Smithing Stone [5]	42007110	ItemLotParam_map.getItemFlagId		near Ruined Forge Lava Intake	exact_route_anchor	hold	0		seek an independent source naming this exact route anchor and item
7774099	Gravesite	Smithing Stone [5]	43017030	ItemLotParam_map.getItemFlagId		near Dragon's Pit	exact_route_anchor	hold	0		seek an independent source naming this exact route anchor and item
7773395	Gravesite	Smithing Stone [6]	2047437020	ItemLotParam_map.getItemFlagId		near Castle Front	exact_route_anchor	hold	0		seek an independent source naming this exact route anchor and item
7773472	Gravesite	Smithing Stone [6]	2048417030	ItemLotParam_map.getItemFlagId		near Scorched Ruins	exact_route_anchor	hold	0		seek an independent source naming this exact route anchor and item
7774076	Gravesite	Smithing Stone [6]	42007100	ItemLotParam_map.getItemFlagId		near Ruined Forge Lava Intake	exact_route_anchor	hold	0		seek an independent source naming this exact route anchor and item
7774537	Gravesite	Smithing Stone [6]	2046437040	ItemLotParam_map.getItemFlagId		near Greatbridge, North	exact_route_anchor	hold	0		seek an independent source naming this exact route anchor and item
7772463	Gravesite	Smithing Stone [7]	43017000	ItemLotParam_map.getItemFlagId		near Dragon's Pit	exact_route_anchor	hold	1	gameplay-guide:redmaw	seek an independent source naming this exact route anchor and item
7774100	Gravesite	Smithing Stone [7]	43017040	ItemLotParam_map.getItemFlagId		near Dragon's Pit Terminus	exact_route_anchor	hold	0		seek an independent source naming this exact route anchor and item
7773390	Gravesite	Somber Ancient Dragon Smithing Stone	2047427040	ItemLotParam_map.getItemFlagId		near Ellac River Cave	exact_route_anchor	hold	0		seek an independent source naming this exact route anchor and item
7773398	Gravesite	Somber Smithing Stone [4]	2047437050	ItemLotParam_map.getItemFlagId		near Ellac River Cave	exact_route_anchor	hold	0		seek an independent source naming this exact route anchor and item
7774082	Gravesite	Somber Smithing Stone [5]	42007170	ItemLotParam_map.getItemFlagId		near Ruined Forge Lava Intake	exact_route_anchor	hold	0		seek an independent source naming this exact route anchor and item
7773231	Gravesite	Somber Smithing Stone [6]	2045417030	ItemLotParam_map.getItemFlagId		near Cliffroad Terminus	exact_route_anchor	hold	0		seek an independent source naming this exact route anchor and item
7773389	Gravesite	Somber Smithing Stone [6]	2047427030	ItemLotParam_map.getItemFlagId		near Ellac River Downstream	exact_route_anchor	hold	0		seek an independent source naming this exact route anchor and item
7774081	Gravesite	Somber Smithing Stone [7]	42007160	ItemLotParam_map.getItemFlagId		near Ruined Forge Lava Intake	exact_route_anchor	hold	0		seek an independent source naming this exact route anchor and item
7773426	Gravesite	Starlight Shards	2047447730	ItemLotParam_map.getItemFlagId		near Castle Ensis Checkpoint	exact_route_anchor	hold	0		seek an independent source naming this exact route anchor and item
7773384	Gravesite	Thin Beast Bones	2047417100	ItemLotParam_map.getItemFlagId		near Ellac River Downstream	exact_route_anchor	hold	0		seek an independent source naming this exact route anchor and item
7773229	Gravesite	Whiteflesh Mushroom	2045417010	ItemLotParam_map.getItemFlagId		near Cliffroad Terminus	exact_route_anchor	hold	0		seek an independent source naming this exact route anchor and item
7773242	Gravesite	Whiteflesh Mushroom	2045447000	ItemLotParam_map.getItemFlagId		near Greatbridge, North	exact_route_anchor	hold	0		seek an independent source naming this exact route anchor and item
7771644	Haligtree	Aeonian Butterfly	15007790	ItemLotParam_map.getItemFlagId		near Drainage Channel	exact_route_anchor	hold	0		seek an independent source naming this exact route anchor and item
7771659	Haligtree	Aeonian Butterfly	15007940	ItemLotParam_map.getItemFlagId		near Haligtree Roots	exact_route_anchor	hold	0		seek an independent source naming this exact route anchor and item
7771592	Haligtree	Ancient Dragon Smithing Stone	15007270	ItemLotParam_map.getItemFlagId		near Haligtree Town Plaza	exact_route_anchor	hold	1	gameplay-wiki:eldenpedia	seek an independent source naming this exact route anchor and item
7771611	Haligtree	Ancient Dragon Smithing Stone	15007460	ItemLotParam_map.getItemFlagId		near Haligtree Promenade	exact_route_anchor	hold	0		seek an independent source naming this exact route anchor and item
7771636	Haligtree	Arteria Leaf	15007710	ItemLotParam_map.getItemFlagId		near Elphael Inner Wall	exact_route_anchor	hold	0		seek an independent source naming this exact route anchor and item
7771660	Haligtree	Arteria Leaf	15007950	ItemLotParam_map.getItemFlagId		near Drainage Channel	exact_route_anchor	hold	0		seek an independent source naming this exact route anchor and item
7771643	Haligtree	Beast Blood	15007780	ItemLotParam_map.getItemFlagId		near Drainage Channel	exact_route_anchor	hold	0		seek an independent source naming this exact route anchor and item
7771574	Haligtree	Dappled Cured Meat	15007090	ItemLotParam_map.getItemFlagId		near Haligtree Canopy	exact_route_anchor	hold	1	gameplay-guide:redmaw	seek an independent source naming this exact route anchor and item
7771569	Haligtree	Fire Grease	15007040	ItemLotParam_map.getItemFlagId		near Haligtree Canopy	exact_route_anchor	hold	0		seek an independent source naming this exact route anchor and item
7771591	Haligtree	Fire Grease	15007260	ItemLotParam_map.getItemFlagId		near Haligtree Town Plaza	exact_route_anchor	hold	0		seek an independent source naming this exact route anchor and item
7771585	Haligtree	Golden Rune [10]	15007200	ItemLotParam_map.getItemFlagId		near Haligtree Town	exact_route_anchor	hold	0		seek an independent source naming this exact route anchor and item
7771598	Haligtree	Golden Rune [10]	15007330	ItemLotParam_map.getItemFlagId		near Haligtree Town Plaza	exact_route_anchor	hold	0		seek an independent source naming this exact route anchor and item
7771635	Haligtree	Golden Rune [11]	15007700	ItemLotParam_map.getItemFlagId		near Elphael Inner Wall	exact_route_anchor	hold	1	gameplay-guide:redmaw	seek an independent source naming this exact route anchor and item
7771616	Haligtree	Golden Rune [12]	15007510	ItemLotParam_map.getItemFlagId		near Prayer Room	exact_route_anchor	hold	1	gameplay-guide:redmaw	seek an independent source naming this exact route anchor and item
7771646	Haligtree	Golden Rune [12]	15007810	ItemLotParam_map.getItemFlagId		near Drainage Channel	exact_route_anchor	hold	0		seek an independent source naming this exact route anchor and item
7771580	Haligtree	Golden Rune [13]	15007150	ItemLotParam_map.getItemFlagId		near Haligtree Town	exact_route_anchor	hold	0		seek an independent source naming this exact route anchor and item
7771589	Haligtree	Golden Rune [13]	15007240	ItemLotParam_map.getItemFlagId		near Haligtree Town Plaza	exact_route_anchor	hold	0		seek an independent source naming this exact route anchor and item
7771614	Haligtree	Golden Rune [1]	15007490	ItemLotParam_map.getItemFlagId		near Drainage Channel	exact_route_anchor	hold	0		seek an independent source naming this exact route anchor and item
7771650	Haligtree	Golden Rune [1]	15007850	ItemLotParam_map.getItemFlagId		near Elphael Inner Wall	exact_route_anchor	hold	0		seek an independent source naming this exact route anchor and item
7771654	Haligtree	Great Grave Glovewort	15007890	ItemLotParam_map.getItemFlagId		near Prayer Room	exact_route_anchor	hold	1	gameplay-guide:redmaw	seek an independent source naming this exact route anchor and item
7771590	Haligtree	Hefty Beast Bone	15007250	ItemLotParam_map.getItemFlagId		near Haligtree Town Plaza	exact_route_anchor	hold	0		seek an independent source naming this exact route anchor and item
7771604	Haligtree	Hero's Rune [4]	15007390	ItemLotParam_map.getItemFlagId		near Haligtree Town	exact_route_anchor	hold	1	gameplay-guide:redmaw	seek an independent source naming this exact route anchor and item
7771652	Haligtree	Hero's Rune [5]	15007870	ItemLotParam_map.getItemFlagId		near Elphael Inner Wall	exact_route_anchor	hold	1	gameplay-wiki:fextralife	seek an independent source naming this exact route anchor and item
7771661	Haligtree	Hero's Rune [5]	15007960	ItemLotParam_map.getItemFlagId		near Drainage Channel	exact_route_anchor	hold	0		seek an independent source naming this exact route anchor and item
7771615	Haligtree	Holy Grease	15007500	ItemLotParam_map.getItemFlagId		near Prayer Room	exact_route_anchor	hold	1	gameplay-wiki:fextralife	seek an independent source naming this exact route anchor and item
7771622	Haligtree	Immunizing White Cured Meat	15007570	ItemLotParam_map.getItemFlagId		near Drainage Channel	exact_route_anchor	hold	1	gameplay-guide:redmaw	seek an independent source naming this exact route anchor and item
7771619	Haligtree	Lightning Greatbolt	15007540	ItemLotParam_map.getItemFlagId		near Drainage Channel	exact_route_anchor	hold	0		seek an independent source naming this exact route anchor and item
7771557	Haligtree	Lord's Rune	15001270	ItemLotParam_map.getItemFlagId		around Prayer Room	exact_route_anchor	hold	0		seek an independent source naming this exact route anchor and item
7771639	Haligtree	Lord's Rune	15007740	ItemLotParam_map.getItemFlagId		near Drainage Channel	exact_route_anchor	hold	0		seek an independent source naming this exact route anchor and item
7771581	Haligtree	Lost Ashes of War	15007160	ItemLotParam_map.getItemFlagId		near Haligtree Town	exact_route_anchor	hold	1	gameplay-guide:redmaw	seek an independent source naming this exact route anchor and item
7770601	Haligtree	Miquella's Needle	400324	ItemLotParam_map.getItemFlagId		around Prayer Room	exact_route_anchor	hold	0		seek an independent source naming this exact route anchor and item
7771664	Haligtree	Miquella's Needle	15007990	ItemLotParam_map.getItemFlagId		near Malenia, Goddess of Rot	exact_route_anchor	hold	1	gameplay-wiki:eldenpedia	seek an independent source naming this exact route anchor and item
7771657	Haligtree	Nascent Butterfly	15007920	ItemLotParam_map.getItemFlagId		near Haligtree Roots	exact_route_anchor	hold	1	gameplay-guide:redmaw	seek an independent source naming this exact route anchor and item
7771579	Haligtree	Numen's Rune	15007140	ItemLotParam_map.getItemFlagId		near Haligtree Town	exact_route_anchor	hold	0		seek an independent source naming this exact route anchor and item
7771625	Haligtree	Numen's Rune	15007600	ItemLotParam_map.getItemFlagId		near Drainage Channel	exact_route_anchor	hold	0		seek an independent source naming this exact route anchor and item
7771662	Haligtree	Numen's Rune	15007970	ItemLotParam_map.getItemFlagId		near Haligtree Roots	exact_route_anchor	hold	0		seek an independent source naming this exact route anchor and item
7771630	Haligtree	Old Fang	15007650	ItemLotParam_map.getItemFlagId		near Elphael Inner Wall	exact_route_anchor	hold	0		seek an independent source naming this exact route anchor and item
7771642	Haligtree	Pickled Turtle Neck	15007770	ItemLotParam_map.getItemFlagId		near Drainage Channel	exact_route_anchor	hold	1	gameplay-guide:redmaw	seek an independent source naming this exact route anchor and item
7771571	Haligtree	Preserving Boluses	15007060	ItemLotParam_map.getItemFlagId		near Haligtree Canopy	exact_route_anchor	hold	1	gameplay-guide:redmaw	seek an independent source naming this exact route anchor and item
7771586	Haligtree	Rot Grease	15007210	ItemLotParam_map.getItemFlagId		near Haligtree Town Plaza	exact_route_anchor	hold	0		seek an independent source naming this exact route anchor and item
7771653	Haligtree	Rot Grease	15007880	ItemLotParam_map.getItemFlagId		near Elphael Inner Wall	exact_route_anchor	hold	0		seek an independent source naming this exact route anchor and item
7771566	Haligtree	Sacramental Bud	15007010	ItemLotParam_map.getItemFlagId		near Haligtree Canopy	exact_route_anchor	hold	1	gameplay-wiki:fextralife	seek an independent source naming this exact route anchor and item
7771602	Haligtree	Sacramental Bud	15007370	ItemLotParam_map.getItemFlagId		near Haligtree Town	exact_route_anchor	hold	0		seek an independent source naming this exact route anchor and item
7771637	Haligtree	Sacramental Bud	15007720	ItemLotParam_map.getItemFlagId		near Elphael Inner Wall	exact_route_anchor	hold	0		seek an independent source naming this exact route anchor and item
7771640	Haligtree	Seedbed Curse	15007750	ItemLotParam_map.getItemFlagId		near Drainage Channel	exact_route_anchor	hold	0		seek an independent source naming this exact route anchor and item
7771649	Haligtree	Seedbed Curse	15007840	ItemLotParam_map.getItemFlagId		near Elphael Inner Wall	exact_route_anchor	hold	0		seek an independent source naming this exact route anchor and item
7771596	Haligtree	Smithing Stone [6]	15007310	ItemLotParam_map.getItemFlagId		near Haligtree Town Plaza	exact_route_anchor	hold	0		seek an independent source naming this exact route anchor and item
7771601	Haligtree	Smithing Stone [6]	15007360	ItemLotParam_map.getItemFlagId		near Haligtree Town	exact_route_anchor	hold	0		seek an independent source naming this exact route anchor and item
7771648	Haligtree	Smithing Stone [6]	15007830	ItemLotParam_map.getItemFlagId		near Elphael Inner Wall	exact_route_anchor	hold	1	gameplay-guide:redmaw	seek an independent source naming this exact route anchor and item
7771603	Haligtree	Smithing Stone [7]	15007380	ItemLotParam_map.getItemFlagId		near Haligtree Town	exact_route_anchor	hold	0		seek an independent source naming this exact route anchor and item
7771575	Haligtree	Smithing Stone [8]	15007100	ItemLotParam_map.getItemFlagId		near Haligtree Canopy	exact_route_anchor	hold	0		seek an independent source naming this exact route anchor and item
7771588	Haligtree	Smithing Stone [8]	15007230	ItemLotParam_map.getItemFlagId		near Haligtree Town Plaza	exact_route_anchor	hold	0		seek an independent source naming this exact route anchor and item
7771605	Haligtree	Smithing Stone [8]	15007400	ItemLotParam_map.getItemFlagId		near Haligtree Town	exact_route_anchor	hold	0		seek an independent source naming this exact route anchor and item
7771617	Haligtree	Smithing Stone [8]	15007520	ItemLotParam_map.getItemFlagId		near Prayer Room	exact_route_anchor	hold	0		seek an independent source naming this exact route anchor and item
7770602	Haligtree	Somber Ancient Dragon Smithing Stone	400325	ItemLotParam_map.getItemFlagId		around Caelem Ruins	exact_route_anchor	hold	0		seek an independent source naming this exact route anchor and item
7771624	Haligtree	Somber Ancient Dragon Smithing Stone	15007590	ItemLotParam_map.getItemFlagId		near Elphael Inner Wall	exact_route_anchor	hold	0		seek an independent source naming this exact route anchor and item
7771626	Haligtree	Somber Ancient Dragon Smithing Stone	15007610	ItemLotParam_map.getItemFlagId		near Prayer Room	exact_route_anchor	hold	0		seek an independent source naming this exact route anchor and item
7771593	Haligtree	Somber Smithing Stone [8]	15007280	ItemLotParam_map.getItemFlagId		near Haligtree Town Plaza	exact_route_anchor	hold	1	gameplay-guide:redmaw	seek an independent source naming this exact route anchor and item
7771610	Haligtree	Somber Smithing Stone [9]	15007450	ItemLotParam_map.getItemFlagId		around Prayer Room	exact_route_anchor	hold	0		seek an independent source naming this exact route anchor and item
7771632	Haligtree	Spiritflame Arrow	15007670	ItemLotParam_map.getItemFlagId		near Elphael Inner Wall	exact_route_anchor	hold	1	gameplay-wiki:eldenpedia	seek an independent source naming this exact route anchor and item
7770599	Haligtree	Unalloyed Gold Needle	400321	ItemLotParam_map.getItemFlagId		around Prayer Room	exact_route_anchor	hold	1	gameplay-guide:redmaw	seek an independent source naming this exact route anchor and item
7771577	Haligtree	Warming Stone	15007120	ItemLotParam_map.getItemFlagId		near Haligtree Town	exact_route_anchor	hold	0		seek an independent source naming this exact route anchor and item
7771631	Haligtree	Warming Stone	15007660	ItemLotParam_map.getItemFlagId		near Elphael Inner Wall	exact_route_anchor	hold	0		seek an independent source naming this exact route anchor and item
7773647	Jagged Peak	Ancient Dragon Smithing Stone	2053397000	ItemLotParam_map.getItemFlagId		near Jagged Peak Summit	exact_route_anchor	hold	0		seek an independent source naming this exact route anchor and item
7900112	Jagged Peak	Igon's Bell Bearing	400714	ItemLotParam_map.getItemFlagId		near Foot of the Jagged Peak	exact_route_anchor	hold	1	gameplay-guide:redmaw	seek an independent source naming this exact route anchor and item
7773514	Jagged Peak	Red Fulgurbloom	2049397000	ItemLotParam_map.getItemFlagId		near Grand Altar of Dragon Communion	exact_route_anchor	hold	0		seek an independent source naming this exact route anchor and item
7773648	Jagged Peak	Somber Ancient Dragon Smithing Stone	2053397010	ItemLotParam_map.getItemFlagId		near Jagged Peak Mountainside	exact_route_anchor	hold	0		seek an independent source naming this exact route anchor and item
7770963	Leyndell	Arteria Leaf	11007310	ItemLotParam_map.getItemFlagId		near Avenue Balcony	exact_route_anchor	hold	0		seek an independent source naming this exact route anchor and item
7770970	Leyndell	Beast Blood	11007400	ItemLotParam_map.getItemFlagId		near East Capital Rampart	exact_route_anchor	hold	1	gameplay-guide:redmaw	seek an independent source naming this exact route anchor and item
7770936	Leyndell	Black-Key Bolt	11007125	ItemLotParam_map.getItemFlagId		near Fortified Manor, First Floor	exact_route_anchor	hold	0		seek an independent source naming this exact route anchor and item
7770982	Leyndell	Clarifying Boluses	11007540	ItemLotParam_map.getItemFlagId		near Avenue Balcony	exact_route_anchor	hold	1	gameplay-guide:redmaw	seek an independent source naming this exact route anchor and item
7772375	Leyndell	Dappled White Cured Meat	35007320	ItemLotParam_map.getItemFlagId		near Leyndell Catacombs	exact_route_anchor	hold	1	gameplay-wiki:eldenpedia	seek an independent source naming this exact route anchor and item
7770995	Leyndell	Dragonwound Grease	11007680	ItemLotParam_map.getItemFlagId		near Avenue Balcony	exact_route_anchor	hold	1	gameplay-guide:redmaw	seek an independent source naming this exact route anchor and item
7770972	Leyndell	Exalted Flesh	11007420	ItemLotParam_map.getItemFlagId		near East Capital Rampart	exact_route_anchor	hold	0		seek an independent source naming this exact route anchor and item
7772353	Leyndell	Eye of Yelough	35007060	ItemLotParam_map.getItemFlagId		near Cathedral of the Forsaken	exact_route_anchor	hold	1	gameplay-wiki:fextralife	seek an independent source naming this exact route anchor and item
7772394	Leyndell	Eye of Yelough	35007550	ItemLotParam_map.getItemFlagId		near Underground Roadside	exact_route_anchor	hold	0		seek an independent source naming this exact route anchor and item
7770938	Leyndell	Fan Daggers	11007140	ItemLotParam_map.getItemFlagId		near Avenue Balcony	exact_route_anchor	hold	0		seek an independent source naming this exact route anchor and item
7771006	Leyndell	Fan Daggers	11007810	ItemLotParam_map.getItemFlagId		near Lower Capital Church	exact_route_anchor	hold	0		seek an independent source naming this exact route anchor and item
7772370	Leyndell	Fire Grease	35007260	ItemLotParam_map.getItemFlagId		near Underground Roadside	exact_route_anchor	hold	0		seek an independent source naming this exact route anchor and item
7772381	Leyndell	Fire Grease	35007390	ItemLotParam_map.getItemFlagId		near Leyndell Catacombs	exact_route_anchor	hold	0		seek an independent source naming this exact route anchor and item
7772410	Leyndell	Fire Longsword	35007770	ItemLotParam_map.getItemFlagId		around Underground Roadside	exact_route_anchor	hold	0		seek an independent source naming this exact route anchor and item
7772365	Leyndell	Fireproof Dried Liver	35007200	ItemLotParam_map.getItemFlagId		near Underground Roadside	exact_route_anchor	hold	0		seek an independent source naming this exact route anchor and item
7900039	Leyndell	Flail	400370	ItemLotParam_map.getItemFlagId		around Elden Throne	exact_route_anchor	hold	0		seek an independent source naming this exact route anchor and item
7772379	Leyndell	Freezing Grease	35007370	ItemLotParam_map.getItemFlagId		near Underground Roadside	exact_route_anchor	hold	0		seek an independent source naming this exact route anchor and item
7770916	Leyndell	Furlcalling Finger Remedy	11007010	ItemLotParam_map.getItemFlagId		near East Capital Rampart	exact_route_anchor	hold	0		seek an independent source naming this exact route anchor and item
7771000	Leyndell	Furlcalling Finger Remedy	11007740	ItemLotParam_map.getItemFlagId		near Fortified Manor, First Floor	exact_route_anchor	hold	0		seek an independent source naming this exact route anchor and item
7771010	Leyndell	Furlcalling Finger Remedy	11007870	ItemLotParam_map.getItemFlagId		near Divine Bridge	exact_route_anchor	hold	0		seek an independent source naming this exact route anchor and item
7772355	Leyndell	Furlcalling Finger Remedy	35007090	ItemLotParam_map.getItemFlagId		near Underground Roadside	exact_route_anchor	hold	0		seek an independent source naming this exact route anchor and item
7772412	Leyndell	Ghost Glovewort [6]	35007900	ItemLotParam_map.getItemFlagId		near Leyndell Catacombs	exact_route_anchor	hold	1	gameplay-wiki:eldenpedia	seek an independent source naming this exact route anchor and item
7772348	Leyndell	Glass Shard	35007010	ItemLotParam_map.getItemFlagId		around Underground Roadside	exact_route_anchor	hold	0		seek an independent source naming this exact route anchor and item
7772360	Leyndell	Glass Shard	35007150	ItemLotParam_map.getItemFlagId		near Underground Roadside	exact_route_anchor	hold	0		seek an independent source naming this exact route anchor and item
7770940	Leyndell	Gold Firefly	11007150	ItemLotParam_map.getItemFlagId		near Avenue Balcony	exact_route_anchor	hold	0		seek an independent source naming this exact route anchor and item
7770980	Leyndell	Golden Arrow	11007520	ItemLotParam_map.getItemFlagId		near Avenue Balcony	exact_route_anchor	hold	0		seek an independent source naming this exact route anchor and item
7772385	Leyndell	Golden Rune [10]	35007430	ItemLotParam_map.getItemFlagId		near Leyndell Catacombs	exact_route_anchor	hold	0		seek an independent source naming this exact route anchor and item
7773907	Leyndell	Golden Rune [10]	11007120	ItemLotParam_map.getItemFlagId		near Avenue Balcony	exact_route_anchor	hold	0		seek an independent source naming this exact route anchor and item
7773908	Leyndell	Golden Rune [10]	11007215	ItemLotParam_map.getItemFlagId		near East Capital Rampart	exact_route_anchor	hold	1	gameplay-guide:redmaw	seek an independent source naming this exact route anchor and item
7773909	Leyndell	Golden Rune [10]	11007260	ItemLotParam_map.getItemFlagId		near West Capital Rampart	exact_route_anchor	hold	0		seek an independent source naming this exact route anchor and item
7770943	Leyndell	Golden Rune [11]	11007165	ItemLotParam_map.getItemFlagId		near Queen's Bedchamber	exact_route_anchor	hold	0		seek an independent source naming this exact route anchor and item
7770958	Leyndell	Golden Rune [11]	11007245	ItemLotParam_map.getItemFlagId		near Leyndell, Capital of Ash	exact_route_anchor	hold	0		seek an independent source naming this exact route anchor and item
7772351	Leyndell	Golden Rune [11]	35007040	ItemLotParam_map.getItemFlagId		near Underground Roadside	exact_route_anchor	hold	0		seek an independent source naming this exact route anchor and item
7772402	Leyndell	Golden Rune [11]	35007660	ItemLotParam_map.getItemFlagId		near Cathedral of the Forsaken	exact_route_anchor	hold	0		seek an independent source naming this exact route anchor and item
7770930	Leyndell	Golden Rune [12]	11007085	ItemLotParam_map.getItemFlagId		near Avenue Balcony	exact_route_anchor	hold	0		seek an independent source naming this exact route anchor and item
7770954	Leyndell	Golden Rune [12]	11007225	ItemLotParam_map.getItemFlagId		near Lower Capital Church	exact_route_anchor	hold	0		seek an independent source naming this exact route anchor and item
7770969	Leyndell	Golden Rune [12]	11007390	ItemLotParam_map.getItemFlagId		near East Capital Rampart	exact_route_anchor	hold	0		seek an independent source naming this exact route anchor and item
7770951	Leyndell	Golden Rune [13]	11007205	ItemLotParam_map.getItemFlagId		near West Capital Rampart	exact_route_anchor	hold	1	gameplay-guide:redmaw	seek an independent source naming this exact route anchor and item
7770922	Leyndell	Golden Rune [7]	11007040	ItemLotParam_map.getItemFlagId		near East Capital Rampart	exact_route_anchor	hold	1	gameplay-guide:redmaw	seek an independent source naming this exact route anchor and item
7770944	Leyndell	Golden Rune [8]	11007170	ItemLotParam_map.getItemFlagId		near Lower Capital Church	exact_route_anchor	hold	0		seek an independent source naming this exact route anchor and item
7770950	Leyndell	Golden Rune [8]	11007200	ItemLotParam_map.getItemFlagId		near Queen's Bedchamber	exact_route_anchor	hold	0		seek an independent source naming this exact route anchor and item
7770960	Leyndell	Golden Rune [8]	11007270	ItemLotParam_map.getItemFlagId		near West Capital Rampart	exact_route_anchor	hold	0		seek an independent source naming this exact route anchor and item
7772395	Leyndell	Golden Rune [8]	35007560	ItemLotParam_map.getItemFlagId		near Leyndell Catacombs	exact_route_anchor	hold	0		seek an independent source naming this exact route anchor and item
7770997	Leyndell	Golden Rune [9]	11007710	ItemLotParam_map.getItemFlagId		near West Capital Rampart	exact_route_anchor	hold	0		seek an independent source naming this exact route anchor and item
7771007	Leyndell	Golden Rune [9]	11007830	ItemLotParam_map.getItemFlagId		near Leyndell, Capital of Ash	exact_route_anchor	hold	0		seek an independent source naming this exact route anchor and item
7772345	Leyndell	Golden Rune [9]	34147800	ItemLotParam_map.getItemFlagId		near Divine Tower of East Altus: Gate	exact_route_anchor	hold	0		seek an independent source naming this exact route anchor and item
7772390	Leyndell	Golden Rune [9]	35007500	ItemLotParam_map.getItemFlagId		around Underground Roadside	exact_route_anchor	hold	0		seek an independent source naming this exact route anchor and item
7772368	Leyndell	Grace Mimic	35007240	ItemLotParam_map.getItemFlagId		near Underground Roadside	exact_route_anchor	hold	0		seek an independent source naming this exact route anchor and item
7772401	Leyndell	Grace Mimic	35007650	ItemLotParam_map.getItemFlagId		near Cathedral of the Forsaken	exact_route_anchor	hold	0		seek an independent source naming this exact route anchor and item
7772363	Leyndell	Grave Violet	35007180	ItemLotParam_map.getItemFlagId		near Underground Roadside	exact_route_anchor	hold	0		seek an independent source naming this exact route anchor and item
7770937	Leyndell	Gravel Stone	11007135	ItemLotParam_map.getItemFlagId		near West Capital Rampart	exact_route_anchor	hold	0		seek an independent source naming this exact route anchor and item
7770977	Leyndell	Gravel Stone	11007480	ItemLotParam_map.getItemFlagId		near Avenue Balcony	exact_route_anchor	hold	0		seek an independent source naming this exact route anchor and item
7771001	Leyndell	Gravel Stone	11007750	ItemLotParam_map.getItemFlagId		near Lower Capital Church	exact_route_anchor	hold	0		seek an independent source naming this exact route anchor and item
7771008	Leyndell	Gravel Stone	11007840	ItemLotParam_map.getItemFlagId		near Leyndell, Capital of Ash	exact_route_anchor	hold	0		seek an independent source naming this exact route anchor and item
7770918	Leyndell	Hefty Beast Bone	11007020	ItemLotParam_map.getItemFlagId		near Avenue Balcony	exact_route_anchor	hold	0		seek an independent source naming this exact route anchor and item
7772403	Leyndell	Hefty Beast Bone	35007670	ItemLotParam_map.getItemFlagId		near Cathedral of the Forsaken	exact_route_anchor	hold	0		seek an independent source naming this exact route anchor and item
7770928	Leyndell	Hero's Rune [1]	11007075	ItemLotParam_map.getItemFlagId		near Fortified Manor, First Floor	exact_route_anchor	hold	1	gameplay-guide:redmaw	seek an independent source naming this exact route anchor and item
7770945	Leyndell	Hero's Rune [2]	11007175	ItemLotParam_map.getItemFlagId		near West Capital Rampart	exact_route_anchor	hold	1	gameplay-guide:redmaw	seek an independent source naming this exact route anchor and item
7770942	Leyndell	Holy Grease	11007160	ItemLotParam_map.getItemFlagId		near Avenue Balcony	exact_route_anchor	hold	0		seek an independent source naming this exact route anchor and item
7770999	Leyndell	Holyproof Dried Liver	11007730	ItemLotParam_map.getItemFlagId		near Lower Capital Church	exact_route_anchor	hold	1	gameplay-guide:redmaw	seek an independent source naming this exact route anchor and item
7772341	Leyndell	Invigorating White Cured Meat	34147000	ItemLotParam_map.getItemFlagId		near Divine Tower of East Altus: Gate	exact_route_anchor	hold	0		seek an independent source naming this exact route anchor and item
7770956	Leyndell	Lightningproof Dried Liver	11007235	ItemLotParam_map.getItemFlagId		near West Capital Rampart	exact_route_anchor	hold	0		seek an independent source naming this exact route anchor and item
7770976	Leyndell	Lightningproof Dried Liver	11007460	ItemLotParam_map.getItemFlagId		near East Capital Rampart	exact_route_anchor	hold	0		seek an independent source naming this exact route anchor and item
7771030	Leyndell	Lord's Rune	11007998	ItemLotParam_map.getItemFlagId		around East Capital Rampart	exact_route_anchor	hold	1	gameplay-guide:redmaw	seek an independent source naming this exact route anchor and item
7770955	Leyndell	Lordsworn's Bolt	11007230	ItemLotParam_map.getItemFlagId		near West Capital Rampart	exact_route_anchor	hold	0		seek an independent source naming this exact route anchor and item
7770984	Leyndell	Lost Ashes of War	11007570	ItemLotParam_map.getItemFlagId		near Lower Capital Church	exact_route_anchor	hold	0		seek an independent source naming this exact route anchor and item
7772359	Leyndell	Lost Ashes of War	35007130	ItemLotParam_map.getItemFlagId		near Underground Roadside	exact_route_anchor	hold	0		seek an independent source naming this exact route anchor and item
7770914	Leyndell	Magic Grease	11007000	ItemLotParam_map.getItemFlagId		near East Capital Rampart	exact_route_anchor	hold	0		seek an independent source naming this exact route anchor and item
7770931	Leyndell	Miranda Powder	11007090	ItemLotParam_map.getItemFlagId		near Queen's Bedchamber	exact_route_anchor	hold	0		seek an independent source naming this exact route anchor and item
7770971	Leyndell	Nascent Butterfly	11007410	ItemLotParam_map.getItemFlagId		near East Capital Rampart	exact_route_anchor	hold	0		seek an independent source naming this exact route anchor and item
7771004	Leyndell	Nascent Butterfly	11007790	ItemLotParam_map.getItemFlagId		near Fortified Manor, First Floor	exact_route_anchor	hold	0		seek an independent source naming this exact route anchor and item
7770946	Leyndell	Old Fang	11007180	ItemLotParam_map.getItemFlagId		near Avenue Balcony	exact_route_anchor	hold	0		seek an independent source naming this exact route anchor and item
7771003	Leyndell	Old Fang	11007770	ItemLotParam_map.getItemFlagId		near Lower Capital Church	exact_route_anchor	hold	0		seek an independent source naming this exact route anchor and item
7770991	Leyndell	Pickled Turtle Neck	11007640	ItemLotParam_map.getItemFlagId		near Avenue Balcony	exact_route_anchor	hold	0		seek an independent source naming this exact route anchor and item
7770987	Leyndell	Poisonbone Dart	11007600	ItemLotParam_map.getItemFlagId		near Lower Capital Church	exact_route_anchor	hold	0		seek an independent source naming this exact route anchor and item
7772347	Leyndell	Poisonbone Dart	35007000	ItemLotParam_map.getItemFlagId		near Underground Roadside	exact_route_anchor	hold	0		seek an independent source naming this exact route anchor and item
7770926	Leyndell	Preserving Boluses	11007060	ItemLotParam_map.getItemFlagId		near Avenue Balcony	exact_route_anchor	hold	0		seek an independent source naming this exact route anchor and item
7772354	Leyndell	Preserving Boluses	35007080	ItemLotParam_map.getItemFlagId		near Underground Roadside	exact_route_anchor	hold	0		seek an independent source naming this exact route anchor and item
7772372	Leyndell	Preserving Boluses	35007280	ItemLotParam_map.getItemFlagId		near Leyndell Catacombs	exact_route_anchor	hold	0		seek an independent source naming this exact route anchor and item
7770069	Leyndell	Ritual Pot	66490	ItemLotParam_map.getItemFlagId		near Underground Roadside	exact_route_anchor	hold	1	gameplay-wiki:eldenpedia	seek an independent source naming this exact route anchor and item
7772413	Leyndell	Root Resin	35007910	ItemLotParam_map.getItemFlagId		near Leyndell Catacombs	exact_route_anchor	hold	0		seek an independent source naming this exact route anchor and item
7770985	Leyndell	Rune Arc	11007580	ItemLotParam_map.getItemFlagId		near Avenue Balcony	exact_route_anchor	hold	0		seek an independent source naming this exact route anchor and item
7771017	Leyndell	Rune Arc	11007950	ItemLotParam_map.getItemFlagId		near Leyndell, Capital of Ash	exact_route_anchor	hold	0		seek an independent source naming this exact route anchor and item
7772358	Leyndell	Rune Arc	35007120	ItemLotParam_map.getItemFlagId		near Underground Roadside	exact_route_anchor	hold	0		seek an independent source naming this exact route anchor and item
7772411	Leyndell	Rune Arc	35007780	ItemLotParam_map.getItemFlagId		near Frenzied Flame Proscription	exact_route_anchor	hold	0		seek an independent source naming this exact route anchor and item
7773905	Leyndell	Rune Arc	11007065	ItemLotParam_map.getItemFlagId		near Fortified Manor, First Floor	exact_route_anchor	hold	0		seek an independent source naming this exact route anchor and item
7772414	Leyndell	Sacramental Bud	35007930	ItemLotParam_map.getItemFlagId		near Leyndell Catacombs	exact_route_anchor	hold	1	gameplay-wiki:fextralife	seek an independent source naming this exact route anchor and item
7770966	Leyndell	Seedbed Curse	11007340	ItemLotParam_map.getItemFlagId		near Avenue Balcony	exact_route_anchor	hold	0		seek an independent source naming this exact route anchor and item
7771009	Leyndell	Seedbed Curse	11007850	ItemLotParam_map.getItemFlagId		near Divine Bridge	exact_route_anchor	hold	0		seek an independent source naming this exact route anchor and item
7772380	Leyndell	Serpent Arrow	35007380	ItemLotParam_map.getItemFlagId		near Underground Roadside	exact_route_anchor	hold	0		seek an independent source naming this exact route anchor and item
7770920	Leyndell	Smithing Stone [4]	11007030	ItemLotParam_map.getItemFlagId		near East Capital Rampart	exact_route_anchor	hold	0		seek an independent source naming this exact route anchor and item
7770990	Leyndell	Smithing Stone [5]	11007630	ItemLotParam_map.getItemFlagId		near Lower Capital Church	exact_route_anchor	hold	0		seek an independent source naming this exact route anchor and item
7772399	Leyndell	Smithing Stone [5]	35007600	ItemLotParam_map.getItemFlagId		near Leyndell Catacombs	exact_route_anchor	hold	0		seek an independent source naming this exact route anchor and item
7773911	Leyndell	Smithing Stone [5]	11007370	ItemLotParam_map.getItemFlagId		near Avenue Balcony	exact_route_anchor	hold	0		seek an independent source naming this exact route anchor and item
7773917	Leyndell	Smithing Stone [5]	11007860	ItemLotParam_map.getItemFlagId		near Erdtree Sanctuary	exact_route_anchor	hold	0		seek an independent source naming this exact route anchor and item
7770992	Leyndell	Smithing Stone [6]	11007650	ItemLotParam_map.getItemFlagId		near Lower Capital Church	exact_route_anchor	hold	0		seek an independent source naming this exact route anchor and item
7772400	Leyndell	Smithing Stone [6]	35007630	ItemLotParam_map.getItemFlagId		near Cathedral of the Forsaken	exact_route_anchor	hold	0		seek an independent source naming this exact route anchor and item
7772393	Leyndell	Smithing Stone [8]	35007540	ItemLotParam_map.getItemFlagId		near Underground Roadside	exact_route_anchor	hold	1	gameplay-wiki:eldenpedia	seek an independent source naming this exact route anchor and item
7770952	Leyndell	Somber Smithing Stone [5]	11007210	ItemLotParam_map.getItemFlagId		near Queen's Bedchamber	exact_route_anchor	hold	0		seek an independent source naming this exact route anchor and item
7771014	Leyndell	Somber Smithing Stone [5]	11007920	ItemLotParam_map.getItemFlagId		near Erdtree Sanctuary	exact_route_anchor	hold	0		seek an independent source naming this exact route anchor and item
7770939	Leyndell	Somber Smithing Stone [6]	11007145	ItemLotParam_map.getItemFlagId		near Fortified Manor, First Floor	exact_route_anchor	hold	0		seek an independent source naming this exact route anchor and item
7770974	Leyndell	Somber Smithing Stone [6]	11007440	ItemLotParam_map.getItemFlagId		near East Capital Rampart	exact_route_anchor	hold	0		seek an independent source naming this exact route anchor and item
7770988	Leyndell	Somber Smithing Stone [6]	11007610	ItemLotParam_map.getItemFlagId		near Lower Capital Church	exact_route_anchor	hold	0		seek an independent source naming this exact route anchor and item
7772344	Leyndell	Somber Smithing Stone [6]	34147720	ItemLotParam_map.getItemFlagId		around Divine Tower of East Altus: Gate	exact_route_anchor	hold	1	gameplay-guide:redmaw	seek an independent source naming this exact route anchor and item
7772382	Leyndell	Somber Smithing Stone [6]	35007400	ItemLotParam_map.getItemFlagId		near Underground Roadside	exact_route_anchor	hold	0		seek an independent source naming this exact route anchor and item
7772417	Leyndell	Somber Smithing Stone [6]	35007970	ItemLotParam_map.getItemFlagId		around Underground Roadside	exact_route_anchor	hold	0		seek an independent source naming this exact route anchor and item
7772386	Leyndell	Somber Smithing Stone [7]	35007450	ItemLotParam_map.getItemFlagId		near Leyndell Catacombs	exact_route_anchor	hold	0		seek an independent source naming this exact route anchor and item
7772366	Leyndell	Somber Smithing Stone [8]	35007210	ItemLotParam_map.getItemFlagId		near Underground Roadside	exact_route_anchor	hold	1	gameplay-wiki:eldenpedia	seek an independent source naming this exact route anchor and item
7770973	Leyndell	Soporific Grease	11007430	ItemLotParam_map.getItemFlagId		near East Capital Rampart	exact_route_anchor	hold	0		seek an independent source naming this exact route anchor and item
7770959	Leyndell	Stonesword Key	11007250	ItemLotParam_map.getItemFlagId		near West Capital Rampart	exact_route_anchor	hold	1	gameplay-wiki:fextralife	seek an independent source naming this exact route anchor and item
7771005	Leyndell	Stonesword Key	11007800	ItemLotParam_map.getItemFlagId		near Fortified Manor, First Floor	exact_route_anchor	hold	0		seek an independent source naming this exact route anchor and item
7772361	Leyndell	Stonesword Key	35007160	ItemLotParam_map.getItemFlagId		near Underground Roadside	exact_route_anchor	hold	1	gameplay-wiki:fextralife	seek an independent source naming this exact route anchor and item
7773912	Leyndell	Stonesword Key	11007380	ItemLotParam_map.getItemFlagId		near East Capital Rampart	exact_route_anchor	hold	0		seek an independent source naming this exact route anchor and item
7770933	Leyndell	Stormhawk Axe	11007105	ItemLotParam_map.getItemFlagId		near Fortified Manor, First Floor	exact_route_anchor	hold	1	gameplay-guide:redmaw	seek an independent source naming this exact route anchor and item
7770927	Leyndell	String	11007070	ItemLotParam_map.getItemFlagId		near Lower Capital Church	exact_route_anchor	hold	1	gameplay-wiki:eldenpedia	seek an independent source naming this exact route anchor and item
7772369	Leyndell	String	35007250	ItemLotParam_map.getItemFlagId		near Underground Roadside	exact_route_anchor	hold	0		seek an independent source naming this exact route anchor and item
7770957	Leyndell	Tarnished Golden Sunflower	11007240	ItemLotParam_map.getItemFlagId		near West Capital Rampart	exact_route_anchor	hold	0		seek an independent source naming this exact route anchor and item
7770934	Leyndell	Warming Stone	11007110	ItemLotParam_map.getItemFlagId		near Avenue Balcony	exact_route_anchor	hold	0		seek an independent source naming this exact route anchor and item
7772186	Limgrave	Arteria Leaf	31177020	ItemLotParam_map.getItemFlagId		near Highroad Cave	exact_route_anchor	hold	0		seek an independent source naming this exact route anchor and item
7772883	Limgrave	Arteria Leaf	1043367070	ItemLotParam_map.getItemFlagId		near Seaside Ruins	exact_route_anchor	hold	0		seek an independent source naming this exact route anchor and item
7774337	Limgrave	Arteria Leaf	1043377020	ItemLotParam_map.getItemFlagId		near Agheel Lake North	exact_route_anchor	hold	0		seek an independent source naming this exact route anchor and item
7772823	Limgrave	Beast Liver	1042387000	ItemLotParam_map.getItemFlagId		near Warmaster's Shack	exact_route_anchor	hold	0		seek an independent source naming this exact route anchor and item
7772077	Limgrave	Bloodrose	30117010	ItemLotParam_map.getItemFlagId		near Deathtouched Catacombs	exact_route_anchor	hold	0		seek an independent source naming this exact route anchor and item
7774294	Limgrave	Bloodrose	1041387200	ItemLotParam_map.getItemFlagId		near Stormhill Shack	exact_route_anchor	hold	0		seek an independent source naming this exact route anchor and item
7774364	Limgrave	Crab Eggs	1044357040	ItemLotParam_map.getItemFlagId		near Agheel Lake South	exact_route_anchor	hold	0		seek an independent source naming this exact route anchor and item
7773688	Limgrave	Cracked Pot	66000	ItemLotParam_map.getItemFlagId		near Groveside Cave	exact_route_anchor	hold	1	gameplay-wiki:fextralife	seek an independent source naming this exact route anchor and item
7772076	Limgrave	Deathroot	30117000	ItemLotParam_map.getItemFlagId		near Deathtouched Catacombs	exact_route_anchor	hold	1	gameplay-wiki:eldenpedia	seek an independent source naming this exact route anchor and item
7773925	Limgrave	Dragonwound Grease	18007030	ItemLotParam_map.getItemFlagId		near Cave of Knowledge	exact_route_anchor	hold	1	gameplay-guide:redmaw	seek an independent source naming this exact route anchor and item
7773715	Limgrave	Erdsteel Dagger	400221	ItemLotParam_map.getItemFlagId		from Kenneth Haight at Lake-Facing Cliffs	exact_route_anchor	hold	0		seek an independent source naming this exact route anchor and item
7774285	Limgrave	Exalted Flesh	1041357020	ItemLotParam_map.getItemFlagId		near Church of Dragon Communion	exact_route_anchor	hold	1	gameplay-wiki:fextralife	seek an independent source naming this exact route anchor and item
7774338	Limgrave	Exalted Flesh	1043397010	ItemLotParam_map.getItemFlagId		near Warmaster's Shack	exact_route_anchor	hold	1	gameplay-guide:redmaw	seek an independent source naming this exact route anchor and item
7772825	Limgrave	Fire Arrow	1042387020	ItemLotParam_map.getItemFlagId		near Warmaster's Shack	exact_route_anchor	hold	0		seek an independent source naming this exact route anchor and item
7772190	Limgrave	Fire Grease	31177060	ItemLotParam_map.getItemFlagId		near Highroad Cave	exact_route_anchor	hold	0		seek an independent source naming this exact route anchor and item
7774336	Limgrave	Fire Grease	1043377010	ItemLotParam_map.getItemFlagId		near Murkwater Cave	exact_route_anchor	hold	1	gameplay-wiki:fextralife	seek an independent source naming this exact route anchor and item
7772191	Limgrave	Furlcalling Finger Remedy	31177070	ItemLotParam_map.getItemFlagId		near Highroad Cave	exact_route_anchor	hold	1	gameplay-wiki:fextralife	seek an independent source naming this exact route anchor and item
7772113	Limgrave	Glass Shard	31007030	ItemLotParam_map.getItemFlagId		treasure · Murkwater Cave	exact_route_anchor	hold	1	gameplay-wiki:fextralife	seek an independent source naming this exact route anchor and item
7772255	Limgrave	Glintstone Scrap	32017040	ItemLotParam_map.getItemFlagId		treasure · Limgrave Tunnels	exact_route_anchor	hold	0		seek an independent source naming this exact route anchor and item
7772124	Limgrave	Glowstone	31037010	ItemLotParam_map.getItemFlagId		near Groveside Cave	exact_route_anchor	hold	1	gameplay-wiki:fextralife	seek an independent source naming this exact route anchor and item
7772921	Limgrave	Glowstone	1044367000	ItemLotParam_map.getItemFlagId		near Waypoint Ruins Cellar	exact_route_anchor	hold	1	gameplay-wiki:fextralife	seek an independent source naming this exact route anchor and item
7772809	Limgrave	Gold-Pickled Fowl Foot	1042357010	ItemLotParam_map.getItemFlagId		near The First Step	exact_route_anchor	hold	0		seek an independent source naming this exact route anchor and item
7772934	Limgrave	Gold-Pickled Fowl Foot	1044377200	ItemLotParam_map.getItemFlagId		near Waypoint Ruins Cellar	exact_route_anchor	hold	0		seek an independent source naming this exact route anchor and item
7774385	Limgrave	Gold-Tinged Excrement	1045377070	ItemLotParam_map.getItemFlagId		near Mistwood Outskirts	exact_route_anchor	hold	0		seek an independent source naming this exact route anchor and item
7770582	Limgrave	Golden Rune [1]	400183	ItemLotParam_map.getItemFlagId		Murkwater Cave	exact_route_anchor	hold	0		seek an independent source naming this exact route anchor and item
7772185	Limgrave	Golden Rune [1]	31177010	ItemLotParam_map.getItemFlagId		near Highroad Cave	exact_route_anchor	hold	0		seek an independent source naming this exact route anchor and item
7772254	Limgrave	Golden Rune [1]	32017030	ItemLotParam_map.getItemFlagId		treasure · Limgrave Tunnels	exact_route_anchor	hold	0		seek an independent source naming this exact route anchor and item
7772814	Limgrave	Golden Rune [1]	1042367040	ItemLotParam_map.getItemFlagId		near Church of Elleh	exact_route_anchor	hold	0		seek an independent source naming this exact route anchor and item
7772824	Limgrave	Golden Rune [1]	1042387010	ItemLotParam_map.getItemFlagId		near Gatefront	exact_route_anchor	hold	0		seek an independent source naming this exact route anchor and item
7772877	Limgrave	Golden Rune [1]	1043357010	ItemLotParam_map.getItemFlagId		near Seaside Ruins	exact_route_anchor	hold	0		seek an independent source naming this exact route anchor and item
7772937	Limgrave	Golden Rune [1]	1044387100	ItemLotParam_map.getItemFlagId		near Murkwater Coast	exact_route_anchor	hold	0		seek an independent source naming this exact route anchor and item
7773980	Limgrave	Golden Rune [1]	31037000	ItemLotParam_map.getItemFlagId		near Groveside Cave	exact_route_anchor	hold	0		seek an independent source naming this exact route anchor and item
7772834	Limgrave	Golden Rune [2]	1042387120	ItemLotParam_map.getItemFlagId		near Gatefront	exact_route_anchor	hold	0		seek an independent source naming this exact route anchor and item
7772881	Limgrave	Golden Rune [2]	1043367020	ItemLotParam_map.getItemFlagId		near Seaside Ruins	exact_route_anchor	hold	0		seek an independent source naming this exact route anchor and item
7772888	Limgrave	Golden Rune [2]	1043387020	ItemLotParam_map.getItemFlagId		near Murkwater Coast	exact_route_anchor	hold	0		seek an independent source naming this exact route anchor and item
7772828	Limgrave	Golden Rune [3]	1042387050	ItemLotParam_map.getItemFlagId		near Warmaster's Shack	exact_route_anchor	hold	1	gameplay-wiki:fextralife	seek an independent source naming this exact route anchor and item
7772931	Limgrave	Golden Rune [3]	1044367340	ItemLotParam_map.getItemFlagId		near Waypoint Ruins Cellar	exact_route_anchor	hold	0		seek an independent source naming this exact route anchor and item
7774341	Limgrave	Golden Rune [3]	1043397200	ItemLotParam_map.getItemFlagId		near Saintsbridge	exact_route_anchor	hold	0		seek an independent source naming this exact route anchor and item
7774375	Limgrave	Golden Rune [3]	1045357040	ItemLotParam_map.getItemFlagId		near Fort Haight West	exact_route_anchor	hold	0		seek an independent source naming this exact route anchor and item
7772189	Limgrave	Golden Rune [4]	31177050	ItemLotParam_map.getItemFlagId		near Highroad Cave	exact_route_anchor	hold	1	gameplay-wiki:fextralife	seek an independent source naming this exact route anchor and item
7772252	Limgrave	Golden Rune [4]	32017010	ItemLotParam_map.getItemFlagId		treasure · Limgrave Tunnels	exact_route_anchor	hold	1	gameplay-wiki:fextralife	seek an independent source naming this exact route anchor and item
7774374	Limgrave	Golden Rune [4]	1045357030	ItemLotParam_map.getItemFlagId		near Fort Haight West	exact_route_anchor	hold	0		seek an independent source naming this exact route anchor and item
7771725	Limgrave	Golden Rune [5]	18007020	ItemLotParam_map.getItemFlagId		near Cave of Knowledge	exact_route_anchor	hold	0		seek an independent source naming this exact route anchor and item
7772826	Limgrave	Golden Rune [5]	1042387030	ItemLotParam_map.getItemFlagId		near Warmaster's Shack	exact_route_anchor	hold	1	gameplay-wiki:fextralife	seek an independent source naming this exact route anchor and item
7774387	Limgrave	Golden Rune [5]	1045377090	ItemLotParam_map.getItemFlagId		near Mistwood Outskirts	exact_route_anchor	hold	0		seek an independent source naming this exact route anchor and item
7774404	Limgrave	Golden Rune [5]	1045397090	ItemLotParam_map.getItemFlagId		near Third Church of Marika	exact_route_anchor	hold	0		seek an independent source naming this exact route anchor and item
7774396	Limgrave	Golden Rune [6]	1045387080	ItemLotParam_map.getItemFlagId		near Summonwater Village Outskirts	exact_route_anchor	hold	1	gameplay-guide:redmaw	seek an independent source naming this exact route anchor and item
7770561	Limgrave	Grace Mimic	400050	ItemLotParam_map.getItemFlagId		around Waypoint Ruins Cellar	exact_route_anchor	hold	0		seek an independent source naming this exact route anchor and item
7772785	Limgrave	Great Dragonfly Head	1041357000	ItemLotParam_map.getItemFlagId		near Church of Dragon Communion	exact_route_anchor	hold	0		seek an independent source naming this exact route anchor and item
7772818	Limgrave	Kukri	1042377010	ItemLotParam_map.getItemFlagId		near Limgrave Tunnels	exact_route_anchor	hold	0		seek an independent source naming this exact route anchor and item
7772183	Limgrave	Land Octopus Ovary	31157010	ItemLotParam_map.getItemFlagId		near Coastal Cave	exact_route_anchor	hold	0		seek an independent source naming this exact route anchor and item
7774286	Limgrave	Land Octopus Ovary	1041367000	ItemLotParam_map.getItemFlagId		near Church of Elleh	exact_route_anchor	hold	0		seek an independent source naming this exact route anchor and item
7772253	Limgrave	Large Glintstone Scrap	32017020	ItemLotParam_map.getItemFlagId		treasure · Limgrave Tunnels	exact_route_anchor	hold	0		seek an independent source naming this exact route anchor and item
7773926	Limgrave	Lightning Grease	18007040	ItemLotParam_map.getItemFlagId		near Cave of Knowledge	exact_route_anchor	hold	0		seek an independent source naming this exact route anchor and item
7772808	Limgrave	Lump of Flesh	1042357000	ItemLotParam_map.getItemFlagId		near Seaside Ruins	exact_route_anchor	hold	0		seek an independent source naming this exact route anchor and item
7772835	Limgrave	Lump of Flesh	1042387140	ItemLotParam_map.getItemFlagId		near Gatefront	exact_route_anchor	hold	0		seek an independent source naming this exact route anchor and item
7774295	Limgrave	Lump of Flesh	1041397000	ItemLotParam_map.getItemFlagId		near Stormhill Shack	exact_route_anchor	hold	0		seek an independent source naming this exact route anchor and item
7774289	Limgrave	Magic Grease	1041387010	ItemLotParam_map.getItemFlagId		near Stormhill Shack	exact_route_anchor	hold	0		seek an independent source naming this exact route anchor and item
7774389	Limgrave	Magic Grease	1045387000	ItemLotParam_map.getItemFlagId		near Mistwood Outskirts	exact_route_anchor	hold	0		seek an independent source naming this exact route anchor and item
7772111	Limgrave	Mushroom	31007000	ItemLotParam_map.getItemFlagId		treasure · Murkwater Cave	exact_route_anchor	hold	0		seek an independent source naming this exact route anchor and item
7774398	Limgrave	Mushroom	1045397020	ItemLotParam_map.getItemFlagId		near Summonwater Village Outskirts	exact_route_anchor	hold	0		seek an independent source naming this exact route anchor and item
7772955	Limgrave	Neutralizing Boluses	1046387010	ItemLotParam_map.getItemFlagId		near Fort Gael North	exact_route_anchor	hold	0		seek an independent source naming this exact route anchor and item
7772936	Limgrave	Poisonbloom	1044387040	ItemLotParam_map.getItemFlagId		near Murkwater Coast	exact_route_anchor	hold	0		seek an independent source naming this exact route anchor and item
7771724	Limgrave	Poisonbone Dart	18007000	ItemLotParam_map.getItemFlagId		near Cave of Knowledge	exact_route_anchor	hold	0		seek an independent source naming this exact route anchor and item
7772028	Limgrave	Root Resin	30027000	ItemLotParam_map.getItemFlagId		near Stormfoot Catacombs	exact_route_anchor	hold	0		seek an independent source naming this exact route anchor and item
7772037	Limgrave	Root Resin	30047000	ItemLotParam_map.getItemFlagId		near Murkwater Catacombs	exact_route_anchor	hold	0		seek an independent source naming this exact route anchor and item
7772817	Limgrave	Ruin Fragment	1042377000	ItemLotParam_map.getItemFlagId		near Gatefront	exact_route_anchor	hold	0		seek an independent source naming this exact route anchor and item
7772933	Limgrave	Sacrificial Twig	1044377020	ItemLotParam_map.getItemFlagId		near Waypoint Ruins Cellar	exact_route_anchor	hold	1	gameplay-guide:redmaw	seek an independent source naming this exact route anchor and item
7772812	Limgrave	Silver-Pickled Fowl Foot	1042367010	ItemLotParam_map.getItemFlagId		near The First Step	exact_route_anchor	hold	1	gameplay-wiki:fextralife	seek an independent source naming this exact route anchor and item
7772810	Limgrave	Sliver of Meat	1042357020	ItemLotParam_map.getItemFlagId		near Church of Pilgrimage	exact_route_anchor	hold	0		seek an independent source naming this exact route anchor and item
7774363	Limgrave	Sliver of Meat	1044357030	ItemLotParam_map.getItemFlagId		near Agheel Lake South	exact_route_anchor	hold	0		seek an independent source naming this exact route anchor and item
7772878	Limgrave	Slumbering Egg	1043357030	ItemLotParam_map.getItemFlagId		near Seaside Ruins	exact_route_anchor	hold	1	gameplay-guide:redmaw	seek an independent source naming this exact route anchor and item
7772187	Limgrave	Smithing Stone [1]	31177030	ItemLotParam_map.getItemFlagId		near Highroad Cave	exact_route_anchor	hold	0		seek an independent source naming this exact route anchor and item
7772251	Limgrave	Smithing Stone [1]	32017000	ItemLotParam_map.getItemFlagId		treasure · Limgrave Tunnels	exact_route_anchor	hold	1	gameplay-wiki:eldenpedia	seek an independent source naming this exact route anchor and item
7772815	Limgrave	Smithing Stone [1]	1042367050	ItemLotParam_map.getItemFlagId		near The First Step	exact_route_anchor	hold	0		seek an independent source naming this exact route anchor and item
7772816	Limgrave	Smithing Stone [1]	1042367060	ItemLotParam_map.getItemFlagId		near Church of Elleh	exact_route_anchor	hold	1	gameplay-guide:redmaw	seek an independent source naming this exact route anchor and item
7772839	Limgrave	Smithing Stone [1]	1042387600	ItemLotParam_map.getItemFlagId		near Warmaster's Shack	exact_route_anchor	hold	1	gameplay-wiki:eldenpedia	seek an independent source naming this exact route anchor and item
7772885	Limgrave	Smithing Stone [1]	1043377000	ItemLotParam_map.getItemFlagId		near Murkwater Cave	exact_route_anchor	hold	0		seek an independent source naming this exact route anchor and item
7772887	Limgrave	Smithing Stone [1]	1043387010	ItemLotParam_map.getItemFlagId		near Murkwater Coast	exact_route_anchor	hold	0		seek an independent source naming this exact route anchor and item
7772935	Limgrave	Smithing Stone [1]	1044387010	ItemLotParam_map.getItemFlagId		near Artist's Shack	exact_route_anchor	hold	0		seek an independent source naming this exact route anchor and item
7772948	Limgrave	Smithing Stone [1]	1046367000	ItemLotParam_map.getItemFlagId		near Fort Haight West	exact_route_anchor	hold	1	gameplay-wiki:eldenpedia	seek an independent source naming this exact route anchor and item
7774339	Limgrave	Smithing Stone [1]	1043397020	ItemLotParam_map.getItemFlagId		near Saintsbridge	exact_route_anchor	hold	0		seek an independent source naming this exact route anchor and item
7774408	Limgrave	Smithing Stone [1]	1045397140	ItemLotParam_map.getItemFlagId		near Summonwater Village Outskirts	exact_route_anchor	hold	0		seek an independent source naming this exact route anchor and item
7772188	Limgrave	Smithing Stone [2]	31177040	ItemLotParam_map.getItemFlagId		near Highroad Cave	exact_route_anchor	hold	0		seek an independent source naming this exact route anchor and item
7774284	Limgrave	Smithing Stone [2]	1041357010	ItemLotParam_map.getItemFlagId		near Church of Dragon Communion	exact_route_anchor	hold	1	gameplay-wiki:eldenpedia	seek an independent source naming this exact route anchor and item
7774382	Limgrave	Smithing Stone [2]	1045377010	ItemLotParam_map.getItemFlagId		near Waypoint Ruins Cellar	exact_route_anchor	hold	0		seek an independent source naming this exact route anchor and item
7774399	Limgrave	Smithing Stone [2]	1045397040	ItemLotParam_map.getItemFlagId		near Summonwater Village Outskirts	exact_route_anchor	hold	0		seek an independent source naming this exact route anchor and item
7772029	Limgrave	Smoldering Butterfly	30027010	ItemLotParam_map.getItemFlagId		near Stormfoot Catacombs	exact_route_anchor	hold	0		seek an independent source naming this exact route anchor and item
7772184	Limgrave	Smoldering Butterfly	31157020	ItemLotParam_map.getItemFlagId		near Coastal Cave	exact_route_anchor	hold	0		seek an independent source naming this exact route anchor and item
7772836	Limgrave	Smoldering Butterfly	1042387200	ItemLotParam_map.getItemFlagId		near Gatefront	exact_route_anchor	hold	0		seek an independent source naming this exact route anchor and item
7772924	Limgrave	Smoldering Butterfly	1044367030	ItemLotParam_map.getItemFlagId		near Waypoint Ruins Cellar	exact_route_anchor	hold	0		seek an independent source naming this exact route anchor and item
7770728	Limgrave	Somber Smithing Stone [1]	540142	ItemLotParam_map.getItemFlagId		around Artist's Shack	exact_route_anchor	hold	1	gameplay-wiki:eldenpedia	seek an independent source naming this exact route anchor and item
7770729	Limgrave	Somber Smithing Stone [1]	540144	ItemLotParam_map.getItemFlagId		around Church of Dragon Communion	exact_route_anchor	hold	1	gameplay-wiki:eldenpedia	seek an independent source naming this exact route anchor and item
7772925	Limgrave	Somber Smithing Stone [1]	1044367040	ItemLotParam_map.getItemFlagId		near Waypoint Ruins Cellar	exact_route_anchor	hold	0		seek an independent source naming this exact route anchor and item
7772889	Limgrave	Soporific Grease	1043407000	ItemLotParam_map.getItemFlagId		near Saintsbridge	exact_route_anchor	hold	0		seek an independent source naming this exact route anchor and item
7774288	Limgrave	Starlight Shards	1041377020	ItemLotParam_map.getItemFlagId		near Church of Elleh	exact_route_anchor	hold	0		seek an independent source naming this exact route anchor and item
7774367	Limgrave	Starlight Shards	1044357070	ItemLotParam_map.getItemFlagId		near Agheel Lake South	exact_route_anchor	hold	1	gameplay-wiki:fextralife	seek an independent source naming this exact route anchor and item
7772880	Limgrave	Stonesword Key	1043367010	ItemLotParam_map.getItemFlagId		near Seaside Ruins	exact_route_anchor	hold	0		seek an independent source naming this exact route anchor and item
7773924	Limgrave	Stonesword Key	18007010	ItemLotParam_map.getItemFlagId		near Cave of Knowledge	exact_route_anchor	hold	0		seek an independent source naming this exact route anchor and item
7772954	Limgrave	Strip of White Flesh	1046377000	ItemLotParam_map.getItemFlagId		near Third Church of Marika	exact_route_anchor	hold	0		seek an independent source naming this exact route anchor and item
7774287	Limgrave	Strip of White Flesh	1041377000	ItemLotParam_map.getItemFlagId		near Stormhill Shack	exact_route_anchor	hold	0		seek an independent source naming this exact route anchor and item
7774384	Limgrave	Thin Beast Bones	1045377060	ItemLotParam_map.getItemFlagId		near Mistwood Outskirts	exact_route_anchor	hold	0		seek an independent source naming this exact route anchor and item
7774386	Limgrave	Throwing Dagger	1045377080	ItemLotParam_map.getItemFlagId		near Mistwood Outskirts	exact_route_anchor	hold	0		seek an independent source naming this exact route anchor and item
7772926	Limgrave	Trina's Lily	1044367100	ItemLotParam_map.getItemFlagId		near Waypoint Ruins Cellar	exact_route_anchor	hold	1	gameplay-wiki:fextralife	seek an independent source naming this exact route anchor and item
7774340	Limgrave	Turtle Neck Meat	1043397030	ItemLotParam_map.getItemFlagId		near Saintsbridge	exact_route_anchor	hold	1	gameplay-guide:redmaw	seek an independent source naming this exact route anchor and item
7772478	Liurnia	Albinauric Bloodclot	1034427020	ItemLotParam_map.getItemFlagId		near Village of the Albinaurics	exact_route_anchor	hold	1	gameplay-wiki:fextralife	seek an independent source naming this exact route anchor and item
7774113	Liurnia	Albinauric Bloodclot	1033477900	ItemLotParam_map.getItemFlagId		near The Four Belfries	exact_route_anchor	hold	1	gameplay-wiki:fextralife	seek an independent source naming this exact route anchor and item
7772140	Liurnia	Arteria Leaf	31057070	ItemLotParam_map.getItemFlagId		near Lakeside Crystal Cave	exact_route_anchor	hold	1	gameplay-guide:redmaw	seek an independent source naming this exact route anchor and item
7772609	Liurnia	Arteria Leaf	1037477010	ItemLotParam_map.getItemFlagId		near Raya Lucaria Crystal Tunnel	exact_route_anchor	hold	0		seek an independent source naming this exact route anchor and item
7774187	Liurnia	Arteria Leaf	1036447010	ItemLotParam_map.getItemFlagId		near Academy Gate Town	exact_route_anchor	hold	0		seek an independent source naming this exact route anchor and item
7772600	Liurnia	Ballista Bolt	1037417010	ItemLotParam_map.getItemFlagId		near Slumbering Wolf's Shack	exact_route_anchor	hold	0		seek an independent source naming this exact route anchor and item
7772718	Liurnia	Beast Blood	1039427040	ItemLotParam_map.getItemFlagId		near Liurnia Highway North	exact_route_anchor	hold	1	gameplay-guide:redmaw	seek an independent source naming this exact route anchor and item
7774108	Liurnia	Blood Grease	1033467030	ItemLotParam_map.getItemFlagId		near Foot of the Four Belfries	exact_route_anchor	hold	0		seek an independent source naming this exact route anchor and item
7774215	Liurnia	Burred Bolt	1038497030	ItemLotParam_map.getItemFlagId		near Frenzied Flame Village Outskirts	exact_route_anchor	hold	0		seek an independent source naming this exact route anchor and item
7774186	Liurnia	Crystal Bud	1036447000	ItemLotParam_map.getItemFlagId		near Academy Gate Town	exact_route_anchor	hold	0		seek an independent source naming this exact route anchor and item
7772715	Liurnia	Crystal Dart	1039427010	ItemLotParam_map.getItemFlagId		near Liurnia Highway North	exact_route_anchor	hold	1	gameplay-wiki:fextralife	seek an independent source naming this exact route anchor and item
7772733	Liurnia	Crystal Dart	1039487000	ItemLotParam_map.getItemFlagId		near Frenzied Flame Village Outskirts	exact_route_anchor	hold	0		seek an independent source naming this exact route anchor and item
7774140	Liurnia	Crystal Dart	1035507070	ItemLotParam_map.getItemFlagId		near Royal Moongazing Grounds	exact_route_anchor	hold	1	gameplay-guide:redmaw	seek an independent source naming this exact route anchor and item
7772142	Liurnia	Cuckoo Glintstone	31067000	ItemLotParam_map.getItemFlagId		near Academy Crystal Cave	exact_route_anchor	hold	1	gameplay-wiki:fextralife	seek an independent source naming this exact route anchor and item
7772487	Liurnia	Cuckoo Glintstone	1034437300	ItemLotParam_map.getItemFlagId		Sorcerer's Tower	exact_route_anchor	hold	0		seek an independent source naming this exact route anchor and item
7772621	Liurnia	Cuckoo Glintstone	1037497000	ItemLotParam_map.getItemFlagId		near Church of Inhibition	exact_route_anchor	hold	0		seek an independent source naming this exact route anchor and item
7774114	Liurnia	Cuckoo Glintstone	1033477910	ItemLotParam_map.getItemFlagId		near The Four Belfries	exact_route_anchor	hold	1	gameplay-wiki:fextralife	seek an independent source naming this exact route anchor and item
7774233	Liurnia	Cuckoo Glintstone	1039417010	ItemLotParam_map.getItemFlagId		near Liurnia Highway North	exact_route_anchor	hold	0		seek an independent source naming this exact route anchor and item
7772577	Liurnia	Dappled Cured Meat	1036417010	ItemLotParam_map.getItemFlagId		near Slumbering Wolf's Shack	exact_route_anchor	hold	1	gameplay-guide:redmaw	seek an independent source naming this exact route anchor and item
7772040	Liurnia	Deathroot	30057030	ItemLotParam_map.getItemFlagId		near Black Knife Catacombs	exact_route_anchor	hold	1	gameplay-wiki:eldenpedia	seek an independent source naming this exact route anchor and item
7772491	Liurnia	Dragonwound Grease	1034457010	ItemLotParam_map.getItemFlagId		near Crystalline Woods	exact_route_anchor	hold	0		seek an independent source naming this exact route anchor and item
7772685	Liurnia	Dragonwound Grease	1038507010	ItemLotParam_map.getItemFlagId		near Grand Lift of Dectus	exact_route_anchor	hold	1	gameplay-guide:redmaw	seek an independent source naming this exact route anchor and item
7772683	Liurnia	Frenzyflame Stone	1038487130	ItemLotParam_map.getItemFlagId		near Frenzied Flame Village Outskirts	exact_route_anchor	hold	1	gameplay-wiki:eldenpedia	seek an independent source naming this exact route anchor and item
7774202	Liurnia	Glass Shard	1037427030	ItemLotParam_map.getItemFlagId		near Scenic Isle	exact_route_anchor	hold	1	gameplay-guide:redmaw	seek an independent source naming this exact route anchor and item
7772313	Liurnia	Glintstone Firefly	34117120	ItemLotParam_map.getItemFlagId		near Study Hall Entrance	exact_route_anchor	hold	0		seek an independent source naming this exact route anchor and item
7772512	Liurnia	Glintstone Firefly	1034487010	ItemLotParam_map.getItemFlagId		near Road to the Manor	exact_route_anchor	hold	0		seek an independent source naming this exact route anchor and item
7772527	Liurnia	Glintstone Firefly	1035417010	ItemLotParam_map.getItemFlagId		near Cathedral of Manus Celes	exact_route_anchor	hold	0		seek an independent source naming this exact route anchor and item
7774152	Liurnia	Glintstone Firefly	1035507190	ItemLotParam_map.getItemFlagId		near Manor Lower Level	exact_route_anchor	hold	0		seek an independent source naming this exact route anchor and item
7774190	Liurnia	Glintstone Firefly	1036447060	ItemLotParam_map.getItemFlagId		near South Raya Lucaria Gate	exact_route_anchor	hold	1	gameplay-wiki:fextralife	seek an independent source naming this exact route anchor and item
7772129	Liurnia	Glowstone	31047040	ItemLotParam_map.getItemFlagId		near Stillwater Cave	exact_route_anchor	hold	0		seek an independent source naming this exact route anchor and item
7773713	Liurnia	Glowstone	400209	ItemLotParam_map.getItemFlagId		around Church of Vows	exact_route_anchor	hold	0		seek an independent source naming this exact route anchor and item
7772526	Liurnia	Golden Rune [10]	1035417000	ItemLotParam_map.getItemFlagId		near Cathedral of Manus Celes	exact_route_anchor	hold	1	gameplay-guide:redmaw	seek an independent source naming this exact route anchor and item
7772422	Liurnia	Golden Rune [1]	39207000	ItemLotParam_map.getItemFlagId		near Ruin-Strewn Precipice Overlook	exact_route_anchor	hold	0		seek an independent source naming this exact route anchor and item
7772519	Liurnia	Golden Rune [1]	1034507040	ItemLotParam_map.getItemFlagId		near Ranni's Rise	exact_route_anchor	hold	0		seek an independent source naming this exact route anchor and item
7772615	Liurnia	Golden Rune [1]	1037487030	ItemLotParam_map.getItemFlagId		near Mausoleum Compound	exact_route_anchor	hold	0		seek an independent source naming this exact route anchor and item
7772722	Liurnia	Golden Rune [1]	1039437030	ItemLotParam_map.getItemFlagId		near Jarburg	exact_route_anchor	hold	0		seek an independent source naming this exact route anchor and item
7772522	Liurnia	Golden Rune [2]	1034507070	ItemLotParam_map.getItemFlagId		near Ranni's Rise	exact_route_anchor	hold	0		seek an independent source naming this exact route anchor and item
7772618	Liurnia	Golden Rune [2]	1037487060	ItemLotParam_map.getItemFlagId		near Mausoleum Compound	exact_route_anchor	hold	0		seek an independent source naming this exact route anchor and item
7772125	Liurnia	Golden Rune [3]	31047000	ItemLotParam_map.getItemFlagId		near Stillwater Cave	exact_route_anchor	hold	1	gameplay-wiki:fextralife	seek an independent source naming this exact route anchor and item
7772258	Liurnia	Golden Rune [3]	32027020	ItemLotParam_map.getItemFlagId		treasure · Raya Lucaria Crystal Tunnel	exact_route_anchor	hold	1	gameplay-wiki:eldenpedia	seek an independent source naming this exact route anchor and item
7772308	Liurnia	Golden Rune [3]	34117010	ItemLotParam_map.getItemFlagId		near Study Hall Entrance	exact_route_anchor	hold	0		seek an independent source naming this exact route anchor and item
7772601	Liurnia	Golden Rune [3]	1037427000	ItemLotParam_map.getItemFlagId		near Laskyar Ruins	exact_route_anchor	hold	0		seek an independent source naming this exact route anchor and item
7773951	Liurnia	Golden Rune [3]	30067020	ItemLotParam_map.getItemFlagId		near Cliffbottom Catacombs	exact_route_anchor	hold	0		seek an independent source naming this exact route anchor and item
7774139	Liurnia	Golden Rune [3]	1035507060	ItemLotParam_map.getItemFlagId		near Manor Upper Level	exact_route_anchor	hold	0		seek an independent source naming this exact route anchor and item
7774195	Liurnia	Golden Rune [3]	1036507010	ItemLotParam_map.getItemFlagId		near Behind Caria Manor	exact_route_anchor	hold	1	gameplay-wiki:fextralife	seek an independent source naming this exact route anchor and item
7774205	Liurnia	Golden Rune [3]	1037437000	ItemLotParam_map.getItemFlagId		near Academy Gate Town	exact_route_anchor	hold	1	gameplay-wiki:fextralife	seek an independent source naming this exact route anchor and item
7774216	Liurnia	Golden Rune [3]	1038497040	ItemLotParam_map.getItemFlagId		near Frenzied Flame Village Outskirts	exact_route_anchor	hold	0		seek an independent source naming this exact route anchor and item
7772126	Liurnia	Golden Rune [4]	31047010	ItemLotParam_map.getItemFlagId		near Stillwater Cave	exact_route_anchor	hold	0		seek an independent source naming this exact route anchor and item
7772309	Liurnia	Golden Rune [4]	34117060	ItemLotParam_map.getItemFlagId		near Study Hall Entrance	exact_route_anchor	hold	0		seek an independent source naming this exact route anchor and item
7772517	Liurnia	Golden Rune [4]	1034507020	ItemLotParam_map.getItemFlagId		near Ranni's Rise	exact_route_anchor	hold	0		seek an independent source naming this exact route anchor and item
7772603	Liurnia	Golden Rune [4]	1037447000	ItemLotParam_map.getItemFlagId		near Academy Gate Town	exact_route_anchor	hold	1	gameplay-wiki:fextralife	seek an independent source naming this exact route anchor and item
7772619	Liurnia	Golden Rune [4]	1037487070	ItemLotParam_map.getItemFlagId		near Mausoleum Compound	exact_route_anchor	hold	0		seek an independent source naming this exact route anchor and item
7772667	Liurnia	Golden Rune [4]	1038427010	ItemLotParam_map.getItemFlagId		near Gate Town Bridge	exact_route_anchor	hold	0		seek an independent source naming this exact route anchor and item
7773994	Liurnia	Golden Rune [4]	39207060	ItemLotParam_map.getItemFlagId		near Ruin-Strewn Precipice	exact_route_anchor	hold	0		seek an independent source naming this exact route anchor and item
7774135	Liurnia	Golden Rune [4]	1035507010	ItemLotParam_map.getItemFlagId		near Main Caria Manor Gate	exact_route_anchor	hold	1	gameplay-wiki:fextralife	seek an independent source naming this exact route anchor and item
7774150	Liurnia	Golden Rune [4]	1035507170	ItemLotParam_map.getItemFlagId		near Royal Moongazing Grounds	exact_route_anchor	hold	0		seek an independent source naming this exact route anchor and item
7772128	Liurnia	Golden Rune [5]	31047030	ItemLotParam_map.getItemFlagId		near Stillwater Cave	exact_route_anchor	hold	1	gameplay-wiki:fextralife	seek an independent source naming this exact route anchor and item
7772135	Liurnia	Golden Rune [5]	31057020	ItemLotParam_map.getItemFlagId		near Lakeside Crystal Cave	exact_route_anchor	hold	0		seek an independent source naming this exact route anchor and item
7772500	Liurnia	Golden Rune [5]	1034477150	ItemLotParam_map.getItemFlagId		near Sorcerer's Isle	exact_route_anchor	hold	0		seek an independent source naming this exact route anchor and item
7772518	Liurnia	Golden Rune [5]	1034507030	ItemLotParam_map.getItemFlagId		near Ranni's Rise	exact_route_anchor	hold	0		seek an independent source naming this exact route anchor and item
7772542	Liurnia	Golden Rune [5]	1035447080	ItemLotParam_map.getItemFlagId		near South Raya Lucaria Gate	exact_route_anchor	hold	0		seek an independent source naming this exact route anchor and item
7773995	Liurnia	Golden Rune [5]	39207070	ItemLotParam_map.getItemFlagId		near Ruin-Strewn Precipice Overlook	exact_route_anchor	hold	0		seek an independent source naming this exact route anchor and item
7774198	Liurnia	Golden Rune [5]	1036517000	ItemLotParam_map.getItemFlagId		near Craftsman's Shack	exact_route_anchor	hold	0		seek an independent source naming this exact route anchor and item
7772486	Liurnia	Golden Rune [6]	1034437200	ItemLotParam_map.getItemFlagId		around Converted Tower	exact_route_anchor	hold	0		seek an independent source naming this exact route anchor and item
7772672	Liurnia	Golden Rune [6]	1038437100	ItemLotParam_map.getItemFlagId		around Gate Town Bridge	exact_route_anchor	hold	0		seek an independent source naming this exact route anchor and item
7772721	Liurnia	Golden Rune [6]	1039437020	ItemLotParam_map.getItemFlagId		near Jarburg	exact_route_anchor	hold	0		seek an independent source naming this exact route anchor and item
7772616	Liurnia	Golden Rune [7]	1037487040	ItemLotParam_map.getItemFlagId		near Mausoleum Compound	exact_route_anchor	hold	1	gameplay-guide:redmaw	seek an independent source naming this exact route anchor and item
7772608	Liurnia	Grave Violet	1037477000	ItemLotParam_map.getItemFlagId		near Ruined Labyrinth	exact_route_anchor	hold	0		seek an independent source naming this exact route anchor and item
7772475	Liurnia	Gravel Stone	1034417000	ItemLotParam_map.getItemFlagId		near Moonlight Altar	exact_route_anchor	hold	0		seek an independent source naming this exact route anchor and item
7772729	Liurnia	Great Dragonfly Head	1039447010	ItemLotParam_map.getItemFlagId		near Artist's Shack	exact_route_anchor	hold	0		seek an independent source naming this exact route anchor and item
7772046	Liurnia	Hefty Beast Bone	30067060	ItemLotParam_map.getItemFlagId		near Cliffbottom Catacombs	exact_route_anchor	hold	0		seek an independent source naming this exact route anchor and item
7772133	Liurnia	Hefty Beast Bone	31057000	ItemLotParam_map.getItemFlagId		near Lakeside Crystal Cave	exact_route_anchor	hold	0		seek an independent source naming this exact route anchor and item
7772312	Liurnia	Holyproof Dried Liver	34117110	ItemLotParam_map.getItemFlagId		near Study Hall Entrance	exact_route_anchor	hold	0		seek an independent source naming this exact route anchor and item
7772034	Liurnia	Human Bone Shard	30037020	ItemLotParam_map.getItemFlagId		near Road's End Catacombs	exact_route_anchor	hold	0		seek an independent source naming this exact route anchor and item
7772678	Liurnia	Immunizing White Cured Meat	1038467000	ItemLotParam_map.getItemFlagId		near Eastern Tableland	exact_route_anchor	hold	0		seek an independent source naming this exact route anchor and item
7772492	Liurnia	Kukri	1034457020	ItemLotParam_map.getItemFlagId		near Crystalline Woods	exact_route_anchor	hold	1	gameplay-guide:powerpyx	seek an independent source naming this exact route anchor and item
7772533	Liurnia	Larval Tear	1035437100	ItemLotParam_map.getItemFlagId		around Folly on the Lake	exact_route_anchor	hold	1	gameplay-wiki:fextralife	seek an independent source naming this exact route anchor and item
7774004	Liurnia	Lightning Grease	39207160	ItemLotParam_map.getItemFlagId		near Ruin-Strewn Precipice	exact_route_anchor	hold	0		seek an independent source naming this exact route anchor and item
7772732	Liurnia	Living Jar Shard	1039447040	ItemLotParam_map.getItemFlagId		near Jarburg	exact_route_anchor	hold	0		seek an independent source naming this exact route anchor and item
7772139	Liurnia	Lump of Flesh	31057060	ItemLotParam_map.getItemFlagId		near Lakeside Crystal Cave	exact_route_anchor	hold	0		seek an independent source naming this exact route anchor and item
7772553	Liurnia	Lump of Flesh	1035487030	ItemLotParam_map.getItemFlagId		near East Raya Lucaria Gate	exact_route_anchor	hold	0		seek an independent source naming this exact route anchor and item
7772477	Liurnia	Magic Grease	1034427010	ItemLotParam_map.getItemFlagId		near Moonlight Altar	exact_route_anchor	hold	0		seek an independent source naming this exact route anchor and item
7772485	Liurnia	Magic Grease	1034437000	ItemLotParam_map.getItemFlagId		near Converted Tower	exact_route_anchor	hold	1	gameplay-wiki:fextralife	seek an independent source naming this exact route anchor and item
7772557	Liurnia	Magic Grease	1035507220	ItemLotParam_map.getItemFlagId		near Manor Upper Level	exact_route_anchor	hold	0		seek an independent source naming this exact route anchor and item
7772604	Liurnia	Magic Grease	1037447010	ItemLotParam_map.getItemFlagId		near Academy Gate Town	exact_route_anchor	hold	0		seek an independent source naming this exact route anchor and item
7770020	Liurnia	Memory Stone	60420	ItemLotParam_map.getItemFlagId		near Sorcerer's Isle	exact_route_anchor	hold	0		seek an independent source naming this exact route anchor and item
7770021	Liurnia	Memory Stone	60430	ItemLotParam_map.getItemFlagId		near Manor Lower Level	exact_route_anchor	hold	0		seek an independent source naming this exact route anchor and item
7772714	Liurnia	Mushroom	1039427000	ItemLotParam_map.getItemFlagId		near Liurnia Highway North	exact_route_anchor	hold	0		seek an independent source naming this exact route anchor and item
7772628	Liurnia	Neutralizing Boluses	1037507000	ItemLotParam_map.getItemFlagId		near Ravine-Veiled Village	exact_route_anchor	hold	0		seek an independent source naming this exact route anchor and item
7774641	Liurnia	Numen's Rune	400452	ItemLotParam_map.getItemFlagId		Diallos at Jarburg	exact_route_anchor	hold	0		seek an independent source naming this exact route anchor and item
7772045	Liurnia	Old Fang	30067050	ItemLotParam_map.getItemFlagId		near Cliffbottom Catacombs	exact_route_anchor	hold	0		seek an independent source naming this exact route anchor and item
7772551	Liurnia	Old Fang	1035487010	ItemLotParam_map.getItemFlagId		near Sorcerer's Isle	exact_route_anchor	hold	0		seek an independent source naming this exact route anchor and item
7774151	Liurnia	Old Fang	1035507180	ItemLotParam_map.getItemFlagId		near Manor Lower Level	exact_route_anchor	hold	0		seek an independent source naming this exact route anchor and item
7773693	Liurnia	Perfume Bottle	66730	ItemLotParam_map.getItemFlagId		near Craftsman's Shack	exact_route_anchor	hold	0		seek an independent source naming this exact route anchor and item
7772130	Liurnia	Poison Grease	31047050	ItemLotParam_map.getItemFlagId		near Stillwater Cave	exact_route_anchor	hold	1	gameplay-wiki:fextralife	seek an independent source naming this exact route anchor and item
7774185	Liurnia	Rainbow Stone	1036437030	ItemLotParam_map.getItemFlagId		near Academy Gate Town	exact_route_anchor	hold	1	gameplay-wiki:fextralife	seek an independent source naming this exact route anchor and item
7772488	Liurnia	Rimed Crystal Bud	1034447000	ItemLotParam_map.getItemFlagId		Submerged Ruins, wolf-rider corpse	exact_route_anchor	hold	0		seek an independent source naming this exact route anchor and item
7772511	Liurnia	Rimed Crystal Bud	1034487000	ItemLotParam_map.getItemFlagId		near Road to the Manor	exact_route_anchor	hold	0		seek an independent source naming this exact route anchor and item
7772558	Liurnia	Rimed Crystal Bud	1035507230	ItemLotParam_map.getItemFlagId		near Royal Moongazing Grounds	exact_route_anchor	hold	0		seek an independent source naming this exact route anchor and item
7772559	Liurnia	Rimed Crystal Bud	1035507240	ItemLotParam_map.getItemFlagId		near Behind Caria Manor	exact_route_anchor	hold	0		seek an independent source naming this exact route anchor and item
7774155	Liurnia	Rimed Crystal Bud	1035507270	ItemLotParam_map.getItemFlagId		near Manor Lower Level	exact_route_anchor	hold	0		seek an independent source naming this exact route anchor and item
7773691	Liurnia	Ritual Pot	66420	ItemLotParam_map.getItemFlagId		near Laskyar Ruins	exact_route_anchor	hold	0		seek an independent source naming this exact route anchor and item
7772032	Liurnia	Root Resin	30037000	ItemLotParam_map.getItemFlagId		near Road's End Catacombs	exact_route_anchor	hold	0		seek an independent source naming this exact route anchor and item
7772042	Liurnia	Root Resin	30067000	ItemLotParam_map.getItemFlagId		near Cliffbottom Catacombs	exact_route_anchor	hold	0		seek an independent source naming this exact route anchor and item
7772039	Liurnia	Rune Arc	30057010	ItemLotParam_map.getItemFlagId		near Black Knife Catacombs	exact_route_anchor	hold	1	gameplay-wiki:eldenpedia	seek an independent source naming this exact route anchor and item
7772480	Liurnia	Rune Arc	1034427040	ItemLotParam_map.getItemFlagId		near Moonlight Altar	exact_route_anchor	hold	0		seek an independent source naming this exact route anchor and item
7772555	Liurnia	Rune Arc	1035507000	ItemLotParam_map.getItemFlagId		near Manor Upper Level	exact_route_anchor	hold	0		seek an independent source naming this exact route anchor and item
7772622	Liurnia	Rune Arc	1037497010	ItemLotParam_map.getItemFlagId		near Bellum Church	exact_route_anchor	hold	1	gameplay-wiki:fextralife	seek an independent source naming this exact route anchor and item
7772623	Liurnia	Rune Arc	1037497020	ItemLotParam_map.getItemFlagId		near Church of Inhibition	exact_route_anchor	hold	0		seek an independent source naming this exact route anchor and item
7773952	Liurnia	Rune Arc	30067040	ItemLotParam_map.getItemFlagId		near Cliffbottom Catacombs	exact_route_anchor	hold	1	gameplay-wiki:fextralife	seek an independent source naming this exact route anchor and item
7773982	Liurnia	Rune Arc	31067100	ItemLotParam_map.getItemFlagId		near Academy Crystal Cave	exact_route_anchor	hold	1	gameplay-wiki:fextralife	seek an independent source naming this exact route anchor and item
7773990	Liurnia	Rune Arc	39207020	ItemLotParam_map.getItemFlagId		near Ruin-Strewn Precipice	exact_route_anchor	hold	0		seek an independent source naming this exact route anchor and item
7773996	Liurnia	Rune Arc	39207080	ItemLotParam_map.getItemFlagId		near Ruin-Strewn Precipice Overlook	exact_route_anchor	hold	0		seek an independent source naming this exact route anchor and item
7774112	Liurnia	Rune Arc	1033477030	ItemLotParam_map.getItemFlagId		near The Four Belfries	exact_route_anchor	hold	1	gameplay-wiki:fextralife	seek an independent source naming this exact route anchor and item
7774118	Liurnia	Rune Arc	1035427030	ItemLotParam_map.getItemFlagId		near Village of the Albinaurics	exact_route_anchor	hold	1	gameplay-wiki:fextralife	seek an independent source naming this exact route anchor and item
7772665	Liurnia	Sacrificial Twig	1038417010	ItemLotParam_map.getItemFlagId		near Liurnia Lake Shore	exact_route_anchor	hold	1	gameplay-guide:redmaw	seek an independent source naming this exact route anchor and item
7772127	Liurnia	Serpent Arrow	31047020	ItemLotParam_map.getItemFlagId		near Stillwater Cave	exact_route_anchor	hold	0		seek an independent source naming this exact route anchor and item
7770562	Liurnia	Shabriri Grape	400061	ItemLotParam_map.getItemFlagId		around Revenger's Shack	exact_route_anchor	hold	0		seek an independent source naming this exact route anchor and item
7772711	Liurnia	Shabriri Grape	1039417200	ItemLotParam_map.getItemFlagId		near Liurnia Highway North	exact_route_anchor	hold	0		seek an independent source naming this exact route anchor and item
7774189	Liurnia	Shattershard Arrow (Fletched)	1036447050	ItemLotParam_map.getItemFlagId		near South Raya Lucaria Gate	exact_route_anchor	hold	0		seek an independent source naming this exact route anchor and item
7772671	Liurnia	Silver-Pickled Fowl Foot	1038437020	ItemLotParam_map.getItemFlagId		near Gate Town Bridge	exact_route_anchor	hold	0		seek an independent source naming this exact route anchor and item
7772670	Liurnia	Sliver of Meat	1038437010	ItemLotParam_map.getItemFlagId		near Gate Town Bridge	exact_route_anchor	hold	1	gameplay-guide:redmaw	seek an independent source naming this exact route anchor and item
7772612	Liurnia	Slumbering Egg	1037487000	ItemLotParam_map.getItemFlagId		near Bellum Church	exact_route_anchor	hold	0		seek an independent source naming this exact route anchor and item
7774137	Liurnia	Slumbering Egg	1035507030	ItemLotParam_map.getItemFlagId		near Manor Lower Level	exact_route_anchor	hold	0		seek an independent source naming this exact route anchor and item
7772261	Liurnia	Smithing Stone [1]	32027060	ItemLotParam_map.getItemFlagId		treasure · Raya Lucaria Crystal Tunnel	exact_route_anchor	hold	1	gameplay-wiki:eldenpedia	seek an independent source naming this exact route anchor and item
7772138	Liurnia	Smithing Stone [2]	31057050	ItemLotParam_map.getItemFlagId		near Lakeside Crystal Cave	exact_route_anchor	hold	0		seek an independent source naming this exact route anchor and item
7772479	Liurnia	Smithing Stone [2]	1034427030	ItemLotParam_map.getItemFlagId		near Village of the Albinaurics	exact_route_anchor	hold	0		seek an independent source naming this exact route anchor and item
7772489	Liurnia	Smithing Stone [2]	1034447010	ItemLotParam_map.getItemFlagId		Lake statue	exact_route_anchor	hold	0		seek an independent source naming this exact route anchor and item
7772545	Liurnia	Smithing Stone [2]	1035447110	ItemLotParam_map.getItemFlagId		near South Raya Lucaria Gate	exact_route_anchor	hold	0		seek an independent source naming this exact route anchor and item
7772550	Liurnia	Smithing Stone [2]	1035477010	ItemLotParam_map.getItemFlagId		near East Gate Bridge Trestle	exact_route_anchor	hold	0		seek an independent source naming this exact route anchor and item
7772666	Liurnia	Smithing Stone [2]	1038427000	ItemLotParam_map.getItemFlagId		near Gate Town Bridge	exact_route_anchor	hold	0		seek an independent source naming this exact route anchor and item
7774117	Liurnia	Smithing Stone [2]	1035427010	ItemLotParam_map.getItemFlagId		near Folly on the Lake	exact_route_anchor	hold	0		seek an independent source naming this exact route anchor and item
7774146	Liurnia	Smithing Stone [2]	1035507130	ItemLotParam_map.getItemFlagId		near Main Caria Manor Gate	exact_route_anchor	hold	0		seek an independent source naming this exact route anchor and item
7774214	Liurnia	Smithing Stone [2]	1038497010	ItemLotParam_map.getItemFlagId		near Church of Inhibition	exact_route_anchor	hold	0		seek an independent source naming this exact route anchor and item
7772259	Liurnia	Smithing Stone [3]	32027030	ItemLotParam_map.getItemFlagId		treasure · Raya Lucaria Crystal Tunnel	exact_route_anchor	hold	1	gameplay-wiki:eldenpedia	seek an independent source naming this exact route anchor and item
7772494	Liurnia	Smithing Stone [3]	1034467100	ItemLotParam_map.getItemFlagId		Lake statue, behind the snake	exact_route_anchor	hold	0		seek an independent source naming this exact route anchor and item
7772534	Liurnia	Smithing Stone [3]	1035447000	ItemLotParam_map.getItemFlagId		near South Raya Lucaria Gate	exact_route_anchor	hold	0		seek an independent source naming this exact route anchor and item
7774001	Liurnia	Smithing Stone [3]	39207130	ItemLotParam_map.getItemFlagId		near Ruin-Strewn Precipice Overlook	exact_route_anchor	hold	0		seek an independent source naming this exact route anchor and item
7774149	Liurnia	Smithing Stone [3]	1035507160	ItemLotParam_map.getItemFlagId		near Manor Upper Level	exact_route_anchor	hold	0		seek an independent source naming this exact route anchor and item
7774201	Liurnia	Smithing Stone [3]	1037427010	ItemLotParam_map.getItemFlagId		near Laskyar Ruins	exact_route_anchor	hold	0		seek an independent source naming this exact route anchor and item
7774206	Liurnia	Smithing Stone [3]	1037437010	ItemLotParam_map.getItemFlagId		near Academy Gate Town	exact_route_anchor	hold	0		seek an independent source naming this exact route anchor and item
7772137	Liurnia	Smithing Stone [4]	31057040	ItemLotParam_map.getItemFlagId		near Lakeside Crystal Cave	exact_route_anchor	hold	0		seek an independent source naming this exact route anchor and item
7772677	Liurnia	Smithing Stone [4]	1038457020	ItemLotParam_map.getItemFlagId		near Artist's Shack	exact_route_anchor	hold	0		seek an independent source naming this exact route anchor and item
7773993	Liurnia	Smithing Stone [4]	39207050	ItemLotParam_map.getItemFlagId		near Ruin-Strewn Precipice	exact_route_anchor	hold	0		seek an independent source naming this exact route anchor and item
7774110	Liurnia	Smithing Stone [4]	1033477010	ItemLotParam_map.getItemFlagId		near The Four Belfries	exact_route_anchor	hold	0		seek an independent source naming this exact route anchor and item
7774141	Liurnia	Smithing Stone [4]	1035507080	ItemLotParam_map.getItemFlagId		near Behind Caria Manor	exact_route_anchor	hold	0		seek an independent source naming this exact route anchor and item
7774147	Liurnia	Smithing Stone [4]	1035507140	ItemLotParam_map.getItemFlagId		near Manor Lower Level	exact_route_anchor	hold	0		seek an independent source naming this exact route anchor and item
7772684	Liurnia	Smithing Stone [5]	1038507000	ItemLotParam_map.getItemFlagId		near Ravine-Veiled Village	exact_route_anchor	hold	1	gameplay-guide:redmaw	seek an independent source naming this exact route anchor and item
7773989	Liurnia	Smithing Stone [5]	39207010	ItemLotParam_map.getItemFlagId		near Ruin-Strewn Precipice	exact_route_anchor	hold	0		seek an independent source naming this exact route anchor and item
7772467	Liurnia	Smithing Stone [8]	1033417010	ItemLotParam_map.getItemFlagId		near Altar South	exact_route_anchor	hold	0		seek an independent source naming this exact route anchor and item
7772529	Liurnia	Smithing Stone [8]	1035417110	ItemLotParam_map.getItemFlagId		near Cathedral of Manus Celes	exact_route_anchor	hold	0		seek an independent source naming this exact route anchor and item
7772664	Liurnia	Smoldering Butterfly	1038407000	ItemLotParam_map.getItemFlagId		near Liurnia Lake Shore	exact_route_anchor	hold	0		seek an independent source naming this exact route anchor and item
7772675	Liurnia	Smoldering Butterfly	1038457000	ItemLotParam_map.getItemFlagId		near Eastern Tableland	exact_route_anchor	hold	1	gameplay-wiki:eldenpedia	seek an independent source naming this exact route anchor and item
7772136	Liurnia	Soft Cotton	31057030	ItemLotParam_map.getItemFlagId		near Lakeside Crystal Cave	exact_route_anchor	hold	1	gameplay-wiki:fextralife	seek an independent source naming this exact route anchor and item
7773997	Liurnia	Soft Cotton	39207090	ItemLotParam_map.getItemFlagId		near Ruin-Strewn Precipice	exact_route_anchor	hold	1	gameplay-guide:redmaw	seek an independent source naming this exact route anchor and item
7770747	Liurnia	Somber Smithing Stone [2]	540254	ItemLotParam_map.getItemFlagId		around Mausoleum Compound	exact_route_anchor	hold	0		seek an independent source naming this exact route anchor and item
7770750	Liurnia	Somber Smithing Stone [2]	540260	ItemLotParam_map.getItemFlagId		around Converted Tower	exact_route_anchor	hold	0		seek an independent source naming this exact route anchor and item
7770751	Liurnia	Somber Smithing Stone [2]	540262	ItemLotParam_map.getItemFlagId		around Academy Gate Town	exact_route_anchor	hold	0		seek an independent source naming this exact route anchor and item
7772256	Liurnia	Somber Smithing Stone [2]	32027000	ItemLotParam_map.getItemFlagId		treasure · Raya Lucaria Crystal Tunnel	exact_route_anchor	hold	1	gameplay-wiki:eldenpedia	seek an independent source naming this exact route anchor and item
7774234	Liurnia	Somber Smithing Stone [2]	1039417020	ItemLotParam_map.getItemFlagId		near Liurnia Highway South	exact_route_anchor	hold	0		seek an independent source naming this exact route anchor and item
7770748	Liurnia	Somber Smithing Stone [3]	540256	ItemLotParam_map.getItemFlagId		around Grand Lift of Dectus	exact_route_anchor	hold	0		seek an independent source naming this exact route anchor and item
7772473	Liurnia	Somber Smithing Stone [3]	1033477000	ItemLotParam_map.getItemFlagId		near The Four Belfries	exact_route_anchor	hold	0		seek an independent source naming this exact route anchor and item
7773991	Liurnia	Somber Smithing Stone [3]	39207030	ItemLotParam_map.getItemFlagId		near Ruin-Strewn Precipice	exact_route_anchor	hold	0		seek an independent source naming this exact route anchor and item
7774138	Liurnia	Somber Smithing Stone [3]	1035507050	ItemLotParam_map.getItemFlagId		near Main Caria Manor Gate	exact_route_anchor	hold	0		seek an independent source naming this exact route anchor and item
7774143	Liurnia	Somber Smithing Stone [3]	1035507100	ItemLotParam_map.getItemFlagId		near Manor Upper Level	exact_route_anchor	hold	0		seek an independent source naming this exact route anchor and item
7774194	Liurnia	Somber Smithing Stone [3]	1036477000	ItemLotParam_map.getItemFlagId		near East Raya Lucaria Gate	exact_route_anchor	hold	0		seek an independent source naming this exact route anchor and item
7770754	Liurnia	Somber Smithing Stone [4]	540290	ItemLotParam_map.getItemFlagId		around Ruin-Strewn Precipice	exact_route_anchor	hold	0		seek an independent source naming this exact route anchor and item
7774133	Liurnia	Somber Smithing Stone [4]	1035497020	ItemLotParam_map.getItemFlagId		near The Ravine	exact_route_anchor	hold	1	gameplay-wiki:eldenpedia	seek an independent source naming this exact route anchor and item
7772552	Liurnia	Soporific Grease	1035487020	ItemLotParam_map.getItemFlagId		near The Ravine	exact_route_anchor	hold	0		seek an independent source naming this exact route anchor and item
7772041	Liurnia	Spellproof Dried Liver	30057040	ItemLotParam_map.getItemFlagId		near Black Knife Catacombs	exact_route_anchor	hold	1	gameplay-wiki:fextralife	seek an independent source naming this exact route anchor and item
7774144	Liurnia	Spellproof Dried Liver	1035507110	ItemLotParam_map.getItemFlagId		near Manor Lower Level	exact_route_anchor	hold	0		seek an independent source naming this exact route anchor and item
7772726	Liurnia	Starlight Shards	1039437100	ItemLotParam_map.getItemFlagId		near Gate Town Bridge	exact_route_anchor	hold	1	gameplay-wiki:fextralife	seek an independent source naming this exact route anchor and item
7772680	Liurnia	Stonesword Key	1038487030	ItemLotParam_map.getItemFlagId		near Frenzied Flame Village Outskirts	exact_route_anchor	hold	1	gameplay-wiki:fextralife	seek an independent source naming this exact route anchor and item
7773981	Liurnia	Stonesword Key	31067010	ItemLotParam_map.getItemFlagId		near Academy Crystal Cave	exact_route_anchor	hold	1	gameplay-wiki:fextralife	seek an independent source naming this exact route anchor and item
7774131	Liurnia	Stonesword Key	1035467020	ItemLotParam_map.getItemFlagId		near Main Academy Gate	exact_route_anchor	hold	1	gameplay-wiki:fextralife	seek an independent source naming this exact route anchor and item
7774136	Liurnia	Stonesword Key	1035507020	ItemLotParam_map.getItemFlagId		near Main Caria Manor Gate	exact_route_anchor	hold	1	gameplay-wiki:fextralife	seek an independent source naming this exact route anchor and item
7774193	Liurnia	Stonesword Key	1036457110	ItemLotParam_map.getItemFlagId		near South Raya Lucaria Gate	exact_route_anchor	hold	0		seek an independent source naming this exact route anchor and item
7774212	Liurnia	Stonesword Key	1038477030	ItemLotParam_map.getItemFlagId		near Ruined Labyrinth	exact_route_anchor	hold	0		seek an independent source naming this exact route anchor and item
7772606	Liurnia	Stormhawk Feather	1037467010	ItemLotParam_map.getItemFlagId		near Church of Vows	exact_route_anchor	hold	1	gameplay-wiki:fextralife	seek an independent source naming this exact route anchor and item
7774235	Liurnia	Stormhawk Feather	1039417030	ItemLotParam_map.getItemFlagId		near Liurnia Highway South	exact_route_anchor	hold	1	gameplay-wiki:fextralife	seek an independent source naming this exact route anchor and item
7772472	Liurnia	Strip of White Flesh	1033467000	ItemLotParam_map.getItemFlagId		near Foot of the Four Belfries	exact_route_anchor	hold	0		seek an independent source naming this exact route anchor and item
7772669	Liurnia	Strip of White Flesh	1038437000	ItemLotParam_map.getItemFlagId		near Gate Town Bridge	exact_route_anchor	hold	1	gameplay-wiki:fextralife	seek an independent source naming this exact route anchor and item
7774184	Liurnia	Tarnished Golden Sunflower	1036437020	ItemLotParam_map.getItemFlagId		near Fallen Ruins of the Lake	exact_route_anchor	hold	0		seek an independent source naming this exact route anchor and item
7774196	Liurnia	Thawfrost Boluses	1036507020	ItemLotParam_map.getItemFlagId		near Behind Caria Manor	exact_route_anchor	hold	1	gameplay-guide:redmaw	seek an independent source naming this exact route anchor and item
7772134	Liurnia	Throwing Dagger	31057010	ItemLotParam_map.getItemFlagId		near Lakeside Crystal Cave	exact_route_anchor	hold	0		seek an independent source naming this exact route anchor and item
7772495	Liurnia	Throwing Dagger	1034477000	ItemLotParam_map.getItemFlagId		near The Four Belfries	exact_route_anchor	hold	0		seek an independent source naming this exact route anchor and item
7772730	Liurnia	Trina's Lily	1039447020	ItemLotParam_map.getItemFlagId		near Jarburg	exact_route_anchor	hold	1	gameplay-guide:redmaw	seek an independent source naming this exact route anchor and item
7772663	Liurnia	Warming Stone	1038397000	ItemLotParam_map.getItemFlagId		near Lake-Facing Cliffs	exact_route_anchor	hold	0		seek an independent source naming this exact route anchor and item
7774213	Liurnia	Yellow Ember	1038497000	ItemLotParam_map.getItemFlagId		near Church of Inhibition	exact_route_anchor	hold	1	gameplay-guide:redmaw	seek an independent source naming this exact route anchor and item
7771336	Mohgwyn	Arteria Leaf	12057330	ItemLotParam_map.getItemFlagId		near Dynasty Mausoleum Entrance	exact_route_anchor	hold	0		seek an independent source naming this exact route anchor and item
7771347	Mohgwyn	Bloodrose	12057620	ItemLotParam_map.getItemFlagId		near Dynasty Mausoleum Midpoint	exact_route_anchor	hold	0		seek an independent source naming this exact route anchor and item
7771338	Mohgwyn	Clarifying Boluses	12057350	ItemLotParam_map.getItemFlagId		near Dynasty Mausoleum Entrance	exact_route_anchor	hold	1	gameplay-guide:redmaw	seek an independent source naming this exact route anchor and item
7770559	Mohgwyn	Festering Bloody Finger	400036	ItemLotParam_map.getItemFlagId		around Palace Approach Ledge-Road	exact_route_anchor	hold	0		seek an independent source naming this exact route anchor and item
7771348	Mohgwyn	Fire Longsword	12057630	ItemLotParam_map.getItemFlagId		near Dynasty Mausoleum Midpoint	exact_route_anchor	hold	0		seek an independent source naming this exact route anchor and item
7771351	Mohgwyn	Golden Rune [13]	12057670	ItemLotParam_map.getItemFlagId		near Dynasty Mausoleum Midpoint	exact_route_anchor	hold	0		seek an independent source naming this exact route anchor and item
7771313	Mohgwyn	Hero's Rune [4]	12057060	ItemLotParam_map.getItemFlagId		near Palace Approach Ledge-Road	exact_route_anchor	hold	1	gameplay-guide:redmaw	seek an independent source naming this exact route anchor and item
7771333	Mohgwyn	Holy Grease	12057300	ItemLotParam_map.getItemFlagId		near Dynasty Mausoleum Entrance	exact_route_anchor	hold	1	gameplay-guide:redmaw	seek an independent source naming this exact route anchor and item
7771353	Mohgwyn	Lord's Rune	12057690	ItemLotParam_map.getItemFlagId		near Dynasty Mausoleum Midpoint	exact_route_anchor	hold	1	gameplay-guide:redmaw	seek an independent source naming this exact route anchor and item
7771325	Mohgwyn	Nascent Butterfly	12057180	ItemLotParam_map.getItemFlagId		near Dynasty Mausoleum Entrance	exact_route_anchor	hold	0		seek an independent source naming this exact route anchor and item
7771350	Mohgwyn	Numen's Rune	12057650	ItemLotParam_map.getItemFlagId		near Dynasty Mausoleum Entrance	exact_route_anchor	hold	1	gameplay-guide:redmaw	seek an independent source naming this exact route anchor and item
7771339	Mohgwyn	Rot Grease	12057360	ItemLotParam_map.getItemFlagId		near Palace Approach Ledge-Road	exact_route_anchor	hold	0		seek an independent source naming this exact route anchor and item
7771326	Mohgwyn	Rune Arc	12057190	ItemLotParam_map.getItemFlagId		near Dynasty Mausoleum Entrance	exact_route_anchor	hold	0		seek an independent source naming this exact route anchor and item
7771311	Mohgwyn	Smithing Stone [6]	12057030	ItemLotParam_map.getItemFlagId		near Palace Approach Ledge-Road	exact_route_anchor	hold	0		seek an independent source naming this exact route anchor and item
7771322	Mohgwyn	Smithing Stone [7]	12057150	ItemLotParam_map.getItemFlagId		near Dynasty Mausoleum Entrance	exact_route_anchor	hold	0		seek an independent source naming this exact route anchor and item
7771344	Mohgwyn	Smithing Stone [7]	12057590	ItemLotParam_map.getItemFlagId		near Dynasty Mausoleum Midpoint	exact_route_anchor	hold	0		seek an independent source naming this exact route anchor and item
7771314	Mohgwyn	Smithing Stone [8]	12057070	ItemLotParam_map.getItemFlagId		near Dynasty Mausoleum Entrance	exact_route_anchor	hold	0		seek an independent source naming this exact route anchor and item
7771349	Mohgwyn	Smithing Stone [8]	12057640	ItemLotParam_map.getItemFlagId		near Cocoon of the Empyrean	exact_route_anchor	hold	0		seek an independent source naming this exact route anchor and item
7771317	Mohgwyn	Somber Smithing Stone [9]	12057100	ItemLotParam_map.getItemFlagId		near Palace Approach Ledge-Road	exact_route_anchor	hold	1	gameplay-guide:redmaw	seek an independent source naming this exact route anchor and item
7771345	Mohgwyn	Stanching Boluses	12057600	ItemLotParam_map.getItemFlagId		near Dynasty Mausoleum Midpoint	exact_route_anchor	hold	0		seek an independent source naming this exact route anchor and item
7771334	Mohgwyn	Stonesword Key	12057310	ItemLotParam_map.getItemFlagId		near Dynasty Mausoleum Entrance	exact_route_anchor	hold	0		seek an independent source naming this exact route anchor and item
7771346	Mohgwyn	Stonesword Key	12057610	ItemLotParam_map.getItemFlagId		near Dynasty Mausoleum Midpoint	exact_route_anchor	hold	0		seek an independent source naming this exact route anchor and item
7773128	Mountaintops of the Giants	Ancient Dragon Smithing Stone	1051537000	ItemLotParam_map.getItemFlagId		near Church of Repose	exact_route_anchor	hold	1	gameplay-guide:redmaw	seek an independent source naming this exact route anchor and item
7772243	Mountaintops of the Giants	Arteria Leaf	31227080	ItemLotParam_map.getItemFlagId		treasure · Spiritcaller Cave	exact_route_anchor	hold	1	gameplay-wiki:eldenpedia	seek an independent source naming this exact route anchor and item
7773091	Mountaintops of the Giants	Arteria Leaf	1050547800	ItemLotParam_map.getItemFlagId		near Giants' Mountaintop Catacombs	exact_route_anchor	hold	0		seek an independent source naming this exact route anchor and item
7773066	Mountaintops of the Giants	Beast Blood	1049537300	ItemLotParam_map.getItemFlagId		near Zamor Ruins	exact_route_anchor	hold	1	gameplay-guide:redmaw	seek an independent source naming this exact route anchor and item
7900276	Mountaintops of the Giants	Deathroot	1051577720	ItemLotParam_map.getItemFlagId		near Castle Sol Rooftop	exact_route_anchor	hold	0		seek an independent source naming this exact route anchor and item
7772992	Mountaintops of the Giants	Dragonwound Grease	1047517300	ItemLotParam_map.getItemFlagId		near Forbidden Lands	exact_route_anchor	hold	1	gameplay-guide:redmaw	seek an independent source naming this exact route anchor and item
7772990	Mountaintops of the Giants	Drawstring Fire Grease	1047517000	ItemLotParam_map.getItemFlagId		near Forbidden Lands	exact_route_anchor	hold	1	gameplay-wiki:fextralife	seek an independent source naming this exact route anchor and item
7773130	Mountaintops of the Giants	Drawstring Holy Grease	1051537300	ItemLotParam_map.getItemFlagId		near Giants' Mountaintop Catacombs	exact_route_anchor	hold	0		seek an independent source naming this exact route anchor and item
7773137	Mountaintops of the Giants	Drawstring Holy Grease	1051557310	ItemLotParam_map.getItemFlagId		near Ancient Snow Valley Ruins	exact_route_anchor	hold	0		seek an independent source naming this exact route anchor and item
7773194	Mountaintops of the Giants	Explosive Greatbolt	1052567300	ItemLotParam_map.getItemFlagId		near Whiteridge Road	exact_route_anchor	hold	0		seek an independent source naming this exact route anchor and item
7773135	Mountaintops of the Giants	Fan Daggers	1051547800	ItemLotParam_map.getItemFlagId		near Foot of the Forge	exact_route_anchor	hold	0		seek an independent source naming this exact route anchor and item
7773151	Mountaintops of the Giants	Fan Daggers	1051577030	ItemLotParam_map.getItemFlagId		near Church of the Eclipse	exact_route_anchor	hold	0		seek an independent source naming this exact route anchor and item
7773142	Mountaintops of the Giants	Formic Rock	1051567300	ItemLotParam_map.getItemFlagId		near Ancient Snow Valley Ruins	exact_route_anchor	hold	1	gameplay-wiki:fextralife	seek an independent source naming this exact route anchor and item
7772238	Mountaintops of the Giants	Freezing Grease	31227030	ItemLotParam_map.getItemFlagId		treasure · Spiritcaller Cave	exact_route_anchor	hold	1	gameplay-wiki:eldenpedia	seek an independent source naming this exact route anchor and item
7773060	Mountaintops of the Giants	Freezing Grease	1049527000	ItemLotParam_map.getItemFlagId		near Grand Lift of Rold	exact_route_anchor	hold	0		seek an independent source naming this exact route anchor and item
7773141	Mountaintops of the Giants	Freezing Grease	1051567030	ItemLotParam_map.getItemFlagId		near Ancient Snow Valley Ruins	exact_route_anchor	hold	0		seek an independent source naming this exact route anchor and item
7773148	Mountaintops of the Giants	Freezing Grease	1051577000	ItemLotParam_map.getItemFlagId		near Castle Sol Main Gate	exact_route_anchor	hold	1	gameplay-wiki:eldenpedia	seek an independent source naming this exact route anchor and item
7772239	Mountaintops of the Giants	Golden Rune [10]	31227040	ItemLotParam_map.getItemFlagId		treasure · Spiritcaller Cave	exact_route_anchor	hold	1	gameplay-wiki:eldenpedia	seek an independent source naming this exact route anchor and item
7773064	Mountaintops of the Giants	Golden Rune [10]	1049537020	ItemLotParam_map.getItemFlagId		near Zamor Ruins	exact_route_anchor	hold	0		seek an independent source naming this exact route anchor and item
7773144	Mountaintops of the Giants	Golden Rune [10]	1051567320	ItemLotParam_map.getItemFlagId		near Ancient Snow Valley Ruins	exact_route_anchor	hold	0		seek an independent source naming this exact route anchor and item
7773171	Mountaintops of the Giants	Golden Rune [10]	1051577230	ItemLotParam_map.getItemFlagId		near Snow Valley Ruins Overlook	exact_route_anchor	hold	1	gameplay-guide:redmaw	seek an independent source naming this exact route anchor and item
7773180	Mountaintops of the Giants	Golden Rune [10]	1052537000	ItemLotParam_map.getItemFlagId		near Foot of the Forge	exact_route_anchor	hold	0		seek an independent source naming this exact route anchor and item
7773188	Mountaintops of the Giants	Golden Rune [10]	1052557020	ItemLotParam_map.getItemFlagId		near Whiteridge Road	exact_route_anchor	hold	0		seek an independent source naming this exact route anchor and item
7773197	Mountaintops of the Giants	Golden Rune [10]	1053567310	ItemLotParam_map.getItemFlagId		near First Church of Marika	exact_route_anchor	hold	0		seek an independent source naming this exact route anchor and item
7773162	Mountaintops of the Giants	Golden Rune [11]	1051577140	ItemLotParam_map.getItemFlagId		near Castle Sol Main Gate	exact_route_anchor	hold	0		seek an independent source naming this exact route anchor and item
7773200	Mountaintops of the Giants	Golden Rune [11]	1053577300	ItemLotParam_map.getItemFlagId		near Spiritcaller Cave	exact_route_anchor	hold	0		seek an independent source naming this exact route anchor and item
7772237	Mountaintops of the Giants	Golden Rune [12]	31227020	ItemLotParam_map.getItemFlagId		treasure · Spiritcaller Cave	exact_route_anchor	hold	0		seek an independent source naming this exact route anchor and item
7773139	Mountaintops of the Giants	Golden Rune [13]	1051557330	ItemLotParam_map.getItemFlagId		near Ancient Snow Valley Ruins	exact_route_anchor	hold	1	gameplay-guide:redmaw	seek an independent source naming this exact route anchor and item
7774528	Mountaintops of the Giants	Golden Rune [4]	1052587800	ItemLotParam_map.getItemFlagId		near Castle Sol Rooftop	exact_route_anchor	hold	1	gameplay-guide:redmaw	seek an independent source naming this exact route anchor and item
7774529	Mountaintops of the Giants	Golden Rune [5]	1052587810	ItemLotParam_map.getItemFlagId		near Castle Sol Rooftop	exact_route_anchor	hold	1	gameplay-guide:redmaw	seek an independent source naming this exact route anchor and item
7772991	Mountaintops of the Giants	Golden Rune [7]	1047517010	ItemLotParam_map.getItemFlagId		near Forbidden Lands	exact_route_anchor	hold	0		seek an independent source naming this exact route anchor and item
7773190	Mountaintops of the Giants	Golden Rune [8]	1052557300	ItemLotParam_map.getItemFlagId		near Whiteridge Road	exact_route_anchor	hold	1	gameplay-guide:redmaw	seek an independent source naming this exact route anchor and item
7773182	Mountaintops of the Giants	Grace Mimic	1052547000	ItemLotParam_map.getItemFlagId		near Giants' Gravepost	exact_route_anchor	hold	0		seek an independent source naming this exact route anchor and item
7773192	Mountaintops of the Giants	Gravel Stone	1052557800	ItemLotParam_map.getItemFlagId		near Whiteridge Road	exact_route_anchor	hold	1	gameplay-wiki:eldenpedia	seek an independent source naming this exact route anchor and item
7773161	Mountaintops of the Giants	Human Bone Shard	1051577130	ItemLotParam_map.getItemFlagId		near Castle Sol Main Gate	exact_route_anchor	hold	0		seek an independent source naming this exact route anchor and item
7772242	Mountaintops of the Giants	Invigorating White Cured Meat	31227070	ItemLotParam_map.getItemFlagId		treasure · Spiritcaller Cave	exact_route_anchor	hold	1	gameplay-wiki:eldenpedia	seek an independent source naming this exact route anchor and item
7773100	Mountaintops of the Giants	Invigorating White Cured Meat	1050567510	ItemLotParam_map.getItemFlagId		near Ancient Snow Valley Ruins	exact_route_anchor	hold	0		seek an independent source naming this exact route anchor and item
7773134	Mountaintops of the Giants	Invigorating White Cured Meat	1051547000	ItemLotParam_map.getItemFlagId		near Giants' Mountaintop Catacombs	exact_route_anchor	hold	0		seek an independent source naming this exact route anchor and item
7773090	Mountaintops of the Giants	Lost Ashes of War	1050547000	ItemLotParam_map.getItemFlagId		near Consecrated Snowfield Catacombs	exact_route_anchor	hold	1	gameplay-guide:redmaw	seek an independent source naming this exact route anchor and item
7773154	Mountaintops of the Giants	Nascent Butterfly	1051577060	ItemLotParam_map.getItemFlagId		near Church of the Eclipse	exact_route_anchor	hold	0		seek an independent source naming this exact route anchor and item
7774524	Mountaintops of the Giants	Old Fang	1052577310	ItemLotParam_map.getItemFlagId		near Freezing Lake	exact_route_anchor	hold	0		seek an independent source naming this exact route anchor and item
7773138	Mountaintops of the Giants	Rainbow Stone	1051557320	ItemLotParam_map.getItemFlagId		near Ancient Snow Valley Ruins	exact_route_anchor	hold	0		seek an independent source naming this exact route anchor and item
7772241	Mountaintops of the Giants	Rune Arc	31227060	ItemLotParam_map.getItemFlagId		treasure · Spiritcaller Cave	exact_route_anchor	hold	1	gameplay-wiki:eldenpedia	seek an independent source naming this exact route anchor and item
7773169	Mountaintops of the Giants	Rune Arc	1051577210	ItemLotParam_map.getItemFlagId		near Church of the Eclipse	exact_route_anchor	hold	0		seek an independent source naming this exact route anchor and item
7773195	Mountaintops of the Giants	Rune Arc	1052567310	ItemLotParam_map.getItemFlagId		near Snow Valley Ruins Overlook	exact_route_anchor	hold	0		seek an independent source naming this exact route anchor and item
7773062	Mountaintops of the Giants	Sliver of Meat	1049537000	ItemLotParam_map.getItemFlagId		near Zamor Ruins	exact_route_anchor	hold	0		seek an independent source naming this exact route anchor and item
7773101	Mountaintops of the Giants	Smithing Stone [7]	1050567520	ItemLotParam_map.getItemFlagId		near Ancient Snow Valley Ruins	exact_route_anchor	hold	0		seek an independent source naming this exact route anchor and item
7773129	Mountaintops of the Giants	Smithing Stone [7]	1051537010	ItemLotParam_map.getItemFlagId		near Foot of the Forge	exact_route_anchor	hold	0		seek an independent source naming this exact route anchor and item
7773156	Mountaintops of the Giants	Smithing Stone [7]	1051577080	ItemLotParam_map.getItemFlagId		near Church of the Eclipse	exact_route_anchor	hold	0		seek an independent source naming this exact route anchor and item
7773187	Mountaintops of the Giants	Smithing Stone [7]	1052557010	ItemLotParam_map.getItemFlagId		near Whiteridge Road	exact_route_anchor	hold	0		seek an independent source naming this exact route anchor and item
7773201	Mountaintops of the Giants	Smithing Stone [7]	1054557000	ItemLotParam_map.getItemFlagId		near First Church of Marika	exact_route_anchor	hold	0		seek an independent source naming this exact route anchor and item
7774526	Mountaintops of the Giants	Smithing Stone [7]	1052577810	ItemLotParam_map.getItemFlagId		near Freezing Lake	exact_route_anchor	hold	0		seek an independent source naming this exact route anchor and item
7773089	Mountaintops of the Giants	Smoldering Butterfly	1050537300	ItemLotParam_map.getItemFlagId		near Giants' Mountaintop Catacombs	exact_route_anchor	hold	0		seek an independent source naming this exact route anchor and item
7773143	Mountaintops of the Giants	Soft Cotton	1051567310	ItemLotParam_map.getItemFlagId		near Ancient Snow Valley Ruins	exact_route_anchor	hold	0		seek an independent source naming this exact route anchor and item
7773019	Mountaintops of the Giants	Somber Smithing Stone [7]	1048517000	ItemLotParam_map.getItemFlagId		near Grand Lift of Rold	exact_route_anchor	hold	0		seek an independent source naming this exact route anchor and item
7773088	Mountaintops of the Giants	Somber Smithing Stone [7]	1050537000	ItemLotParam_map.getItemFlagId		near Giants' Mountaintop Catacombs	exact_route_anchor	hold	0		seek an independent source naming this exact route anchor and item
7773159	Mountaintops of the Giants	Somber Smithing Stone [8]	1051577110	ItemLotParam_map.getItemFlagId		near Castle Sol Main Gate	exact_route_anchor	hold	1	gameplay-wiki:eldenpedia	seek an independent source naming this exact route anchor and item
7773167	Mountaintops of the Giants	Somber Smithing Stone [8]	1051577190	ItemLotParam_map.getItemFlagId		near Church of the Eclipse	exact_route_anchor	hold	0		seek an independent source naming this exact route anchor and item
7773196	Mountaintops of the Giants	Somber Smithing Stone [8]	1053567300	ItemLotParam_map.getItemFlagId		near Spiritcaller Cave	exact_route_anchor	hold	0		seek an independent source naming this exact route anchor and item
7774504	Mountaintops of the Giants	Somber Smithing Stone [8]	1051537700	ItemLotParam_map.getItemFlagId		around Church of Repose	exact_route_anchor	hold	0		seek an independent source naming this exact route anchor and item
7774514	Mountaintops of the Giants	Somber Smithing Stone [8]	1051567700	ItemLotParam_map.getItemFlagId		around Ancient Snow Valley Ruins	exact_route_anchor	hold	0		seek an independent source naming this exact route anchor and item
7773140	Mountaintops of the Giants	Somber Smithing Stone [9]	1051567020	ItemLotParam_map.getItemFlagId		near Ancient Snow Valley Ruins	exact_route_anchor	hold	1	gameplay-guide:redmaw	seek an independent source naming this exact route anchor and item
7773106	Mountaintops of the Giants	Starlight Shards	1050577800	ItemLotParam_map.getItemFlagId		near Castle Sol Main Gate	exact_route_anchor	hold	1	gameplay-wiki:fextralife	seek an independent source naming this exact route anchor and item
7773185	Mountaintops of the Giants	Starlight Shards	1052547800	ItemLotParam_map.getItemFlagId		near Giants' Gravepost	exact_route_anchor	hold	0		seek an independent source naming this exact route anchor and item
7774522	Mountaintops of the Giants	Stimulating Boluses	1052577000	ItemLotParam_map.getItemFlagId		near Freezing Lake	exact_route_anchor	hold	0		seek an independent source naming this exact route anchor and item
7773191	Mountaintops of the Giants	Stonesword Key	1052557310	ItemLotParam_map.getItemFlagId		near Whiteridge Road	exact_route_anchor	hold	0		seek an independent source naming this exact route anchor and item
7774523	Mountaintops of the Giants	Thawfrost Boluses	1052577300	ItemLotParam_map.getItemFlagId		near Freezing Lake	exact_route_anchor	hold	0		seek an independent source naming this exact route anchor and item
7773099	Mountaintops of the Giants	Warming Stone	1050567500	ItemLotParam_map.getItemFlagId		near Ancient Snow Valley Ruins	exact_route_anchor	hold	0		seek an independent source naming this exact route anchor and item
7773105	Mountaintops of the Giants	Warming Stone	1050577300	ItemLotParam_map.getItemFlagId		near Ordina, Liturgical Town	exact_route_anchor	hold	0		seek an independent source naming this exact route anchor and item
7773133	Mountaintops of the Giants	Warming Stone	1051537810	ItemLotParam_map.getItemFlagId		near Foot of the Forge	exact_route_anchor	hold	0		seek an independent source naming this exact route anchor and item
7771685	Mt. Gelmir	Albinauric Bloodclot	16007230	ItemLotParam_map.getItemFlagId		near Guest Hall	exact_route_anchor	hold	1	gameplay-guide:redmaw	seek an independent source naming this exact route anchor and item
7772633	Mt. Gelmir	Arrow	1037527020	ItemLotParam_map.getItemFlagId		near Seethewater River	exact_route_anchor	hold	1	gameplay-wiki:fextralife	seek an independent source naming this exact route anchor and item
7772153	Mt. Gelmir	Arteria Leaf	31097020	ItemLotParam_map.getItemFlagId		near Volcano Cave	exact_route_anchor	hold	1	gameplay-wiki:eldenpedia	seek an independent source naming this exact route anchor and item
7772701	Mt. Gelmir	Arteria Leaf	1038547060	ItemLotParam_map.getItemFlagId		near First Mt. Gelmir Campsite	exact_route_anchor	hold	0		seek an independent source naming this exact route anchor and item
7771700	Mt. Gelmir	Beast Blood	16007420	ItemLotParam_map.getItemFlagId		near Guest Hall	exact_route_anchor	hold	0		seek an independent source naming this exact route anchor and item
7900246	Mt. Gelmir	Black-Key Bolt	1039537700	ItemLotParam_map.getItemFlagId		around Bridge of Iniquity	exact_route_anchor	hold	0		seek an independent source naming this exact route anchor and item
7772744	Mt. Gelmir	Blood Grease	1039537010	ItemLotParam_map.getItemFlagId		near Bridge of Iniquity	exact_route_anchor	hold	0		seek an independent source naming this exact route anchor and item
7772696	Mt. Gelmir	Bloodrose	1038547000	ItemLotParam_map.getItemFlagId		near First Mt. Gelmir Campsite	exact_route_anchor	hold	0		seek an independent source naming this exact route anchor and item
7771668	Mt. Gelmir	Budding Horn	16007030	ItemLotParam_map.getItemFlagId		near Volcano Manor	exact_route_anchor	hold	0		seek an independent source naming this exact route anchor and item
7772691	Mt. Gelmir	Dappled White Cured Meat	1038527040	ItemLotParam_map.getItemFlagId		near Seethewater River	exact_route_anchor	hold	0		seek an independent source naming this exact route anchor and item
7772060	Mt. Gelmir	Deathroot	30097000	ItemLotParam_map.getItemFlagId		near Gelmir Hero's Grave	exact_route_anchor	hold	1	gameplay-wiki:eldenpedia	seek an independent source naming this exact route anchor and item
7772570	Mt. Gelmir	Dragonwound Grease	1035547000	ItemLotParam_map.getItemFlagId		near Road of Iniquity	exact_route_anchor	hold	0		seek an independent source naming this exact route anchor and item
7771677	Mt. Gelmir	Drawstring Fire Grease	16007140	ItemLotParam_map.getItemFlagId		near Prison Town Church	exact_route_anchor	hold	0		seek an independent source naming this exact route anchor and item
7771702	Mt. Gelmir	Drawstring Fire Grease	16007440	ItemLotParam_map.getItemFlagId		near Temple of Eiglay	exact_route_anchor	hold	0		seek an independent source naming this exact route anchor and item
7772659	Mt. Gelmir	Drawstring Fire Grease	1037547130	ItemLotParam_map.getItemFlagId		near Ninth Mt. Gelmir Campsite	exact_route_anchor	hold	0		seek an independent source naming this exact route anchor and item
7771681	Mt. Gelmir	Explosive Greatbolt	16007190	ItemLotParam_map.getItemFlagId		near Guest Hall	exact_route_anchor	hold	1	gameplay-wiki:eldenpedia	seek an independent source naming this exact route anchor and item
7772697	Mt. Gelmir	Explosive Greatbolt	1038547010	ItemLotParam_map.getItemFlagId		near First Mt. Gelmir Campsite	exact_route_anchor	hold	0		seek an independent source naming this exact route anchor and item
7772650	Mt. Gelmir	Eye of Yelough	1037547040	ItemLotParam_map.getItemFlagId		near Ninth Mt. Gelmir Campsite	exact_route_anchor	hold	1	gameplay-wiki:fextralife	seek an independent source naming this exact route anchor and item
7772658	Mt. Gelmir	Fan Daggers	1037547120	ItemLotParam_map.getItemFlagId		near Ninth Mt. Gelmir Campsite	exact_route_anchor	hold	0		seek an independent source naming this exact route anchor and item
7771679	Mt. Gelmir	Fire Arrow	16007160	ItemLotParam_map.getItemFlagId		near Prison Town Church	exact_route_anchor	hold	0		seek an independent source naming this exact route anchor and item
7772699	Mt. Gelmir	Fire Arrow	1038547030	ItemLotParam_map.getItemFlagId		near First Mt. Gelmir Campsite	exact_route_anchor	hold	0		seek an independent source naming this exact route anchor and item
7771669	Mt. Gelmir	Fireproof Dried Liver	16007040	ItemLotParam_map.getItemFlagId		near Prison Town Church	exact_route_anchor	hold	0		seek an independent source naming this exact route anchor and item
7771684	Mt. Gelmir	Fireproof Dried Liver	16007220	ItemLotParam_map.getItemFlagId		near Guest Hall	exact_route_anchor	hold	0		seek an independent source naming this exact route anchor and item
7772597	Mt. Gelmir	Fireproof Dried Liver	1036547050	ItemLotParam_map.getItemFlagId		near Road of Iniquity	exact_route_anchor	hold	0		seek an independent source naming this exact route anchor and item
7771673	Mt. Gelmir	Furlcalling Finger Remedy	16007080	ItemLotParam_map.getItemFlagId		near Prison Town Church	exact_route_anchor	hold	0		seek an independent source naming this exact route anchor and item
7771699	Mt. Gelmir	Furlcalling Finger Remedy	16007410	ItemLotParam_map.getItemFlagId		near Temple of Eiglay	exact_route_anchor	hold	0		seek an independent source naming this exact route anchor and item
7772652	Mt. Gelmir	Glass Shard	1037547060	ItemLotParam_map.getItemFlagId		near Primeval Sorcerer Azur	exact_route_anchor	hold	1	gameplay-guide:redmaw	seek an independent source naming this exact route anchor and item
7772637	Mt. Gelmir	Gold Firefly	1037527060	ItemLotParam_map.getItemFlagId		near Seethewater River	exact_route_anchor	hold	0		seek an independent source naming this exact route anchor and item
7772636	Mt. Gelmir	Gold-Tinged Excrement	1037527050	ItemLotParam_map.getItemFlagId		near Primeval Sorcerer Azur	exact_route_anchor	hold	1	gameplay-guide:redmaw	seek an independent source naming this exact route anchor and item
7772651	Mt. Gelmir	Golden Arrow	1037547050	ItemLotParam_map.getItemFlagId		near Primeval Sorcerer Azur	exact_route_anchor	hold	1	gameplay-wiki:eldenpedia	seek an independent source naming this exact route anchor and item
7771693	Mt. Gelmir	Golden Rune [10]	16007330	ItemLotParam_map.getItemFlagId		near Guest Hall	exact_route_anchor	hold	0		seek an independent source naming this exact route anchor and item
7772695	Mt. Gelmir	Golden Rune [2]	1038537000	ItemLotParam_map.getItemFlagId		near First Mt. Gelmir Campsite	exact_route_anchor	hold	1	gameplay-wiki:fextralife	seek an independent source naming this exact route anchor and item
7772566	Mt. Gelmir	Golden Rune [3]	1035537010	ItemLotParam_map.getItemFlagId		near Seethewater Terminus	exact_route_anchor	hold	0		seek an independent source naming this exact route anchor and item
7772571	Mt. Gelmir	Golden Rune [3]	1035547010	ItemLotParam_map.getItemFlagId		near Road of Iniquity	exact_route_anchor	hold	0		seek an independent source naming this exact route anchor and item
7772592	Mt. Gelmir	Golden Rune [3]	1036547000	ItemLotParam_map.getItemFlagId		near Ninth Mt. Gelmir Campsite	exact_route_anchor	hold	0		seek an independent source naming this exact route anchor and item
7772689	Mt. Gelmir	Golden Rune [3]	1038527020	ItemLotParam_map.getItemFlagId		near Seethewater River	exact_route_anchor	hold	0		seek an independent source naming this exact route anchor and item
7772745	Mt. Gelmir	Golden Rune [3]	1039537020	ItemLotParam_map.getItemFlagId		near Old Altus Tunnel	exact_route_anchor	hold	0		seek an independent source naming this exact route anchor and item
7772750	Mt. Gelmir	Golden Rune [3]	1039537070	ItemLotParam_map.getItemFlagId		near Bower of Bounty	exact_route_anchor	hold	0		seek an independent source naming this exact route anchor and item
7772562	Mt. Gelmir	Golden Rune [4]	1035527020	ItemLotParam_map.getItemFlagId		near Craftsman's Shack	exact_route_anchor	hold	0		seek an independent source naming this exact route anchor and item
7772660	Mt. Gelmir	Golden Rune [4]	1037547140	ItemLotParam_map.getItemFlagId		near Ninth Mt. Gelmir Campsite	exact_route_anchor	hold	0		seek an independent source naming this exact route anchor and item
7772693	Mt. Gelmir	Golden Rune [4]	1038527060	ItemLotParam_map.getItemFlagId		near Seethewater River	exact_route_anchor	hold	0		seek an independent source naming this exact route anchor and item
7772743	Mt. Gelmir	Golden Rune [4]	1039537000	ItemLotParam_map.getItemFlagId		near Bridge of Iniquity	exact_route_anchor	hold	0		seek an independent source naming this exact route anchor and item
7774229	Mt. Gelmir	Golden Rune [4]	1038537020	ItemLotParam_map.getItemFlagId		near First Mt. Gelmir Campsite	exact_route_anchor	hold	0		seek an independent source naming this exact route anchor and item
7771671	Mt. Gelmir	Golden Rune [5]	16007060	ItemLotParam_map.getItemFlagId		near Prison Town Church	exact_route_anchor	hold	0		seek an independent source naming this exact route anchor and item
7772569	Mt. Gelmir	Golden Rune [5]	1035537050	ItemLotParam_map.getItemFlagId		near Seethewater Terminus	exact_route_anchor	hold	0		seek an independent source naming this exact route anchor and item
7771678	Mt. Gelmir	Golden Rune [6]	16007150	ItemLotParam_map.getItemFlagId		near Prison Town Church	exact_route_anchor	hold	0		seek an independent source naming this exact route anchor and item
7772564	Mt. Gelmir	Golden Rune [6]	1035527040	ItemLotParam_map.getItemFlagId		near Craftsman's Shack	exact_route_anchor	hold	0		seek an independent source naming this exact route anchor and item
7772643	Mt. Gelmir	Golden Rune [6]	1037537010	ItemLotParam_map.getItemFlagId		near Primeval Sorcerer Azur	exact_route_anchor	hold	1	gameplay-guide:redmaw	seek an independent source naming this exact route anchor and item
7772656	Mt. Gelmir	Golden Rune [6]	1037547100	ItemLotParam_map.getItemFlagId		near First Mt. Gelmir Campsite	exact_route_anchor	hold	0		seek an independent source naming this exact route anchor and item
7773983	Mt. Gelmir	Golden Rune [6]	31077050	ItemLotParam_map.getItemFlagId		near Seethewater Cave	exact_route_anchor	hold	1	gameplay-wiki:eldenpedia	seek an independent source naming this exact route anchor and item
7772594	Mt. Gelmir	Golden Rune [7]	1036547020	ItemLotParam_map.getItemFlagId		near Road of Iniquity	exact_route_anchor	hold	0		seek an independent source naming this exact route anchor and item
7774230	Mt. Gelmir	Golden Rune [7]	1038537030	ItemLotParam_map.getItemFlagId		near First Mt. Gelmir Campsite	exact_route_anchor	hold	1	gameplay-wiki:fextralife	seek an independent source naming this exact route anchor and item
7772574	Mt. Gelmir	Golden Rune [8]	1035547060	ItemLotParam_map.getItemFlagId		near Seethewater Terminus	exact_route_anchor	hold	0		seek an independent source naming this exact route anchor and item
7772698	Mt. Gelmir	Golden Rune [8]	1038547020	ItemLotParam_map.getItemFlagId		near First Mt. Gelmir Campsite	exact_route_anchor	hold	0		seek an independent source naming this exact route anchor and item
7771692	Mt. Gelmir	Golden Rune [9]	16007320	ItemLotParam_map.getItemFlagId		near Temple of Eiglay	exact_route_anchor	hold	1	gameplay-guide:redmaw	seek an independent source naming this exact route anchor and item
7772588	Mt. Gelmir	Gravel Stone	1036527040	ItemLotParam_map.getItemFlagId		near Craftsman's Shack	exact_route_anchor	hold	1	gameplay-guide:redmaw	seek an independent source naming this exact route anchor and item
7772657	Mt. Gelmir	Great Arrow	1037547110	ItemLotParam_map.getItemFlagId		near Ninth Mt. Gelmir Campsite	exact_route_anchor	hold	0		seek an independent source naming this exact route anchor and item
7772655	Mt. Gelmir	Hefty Beast Bone	1037547090	ItemLotParam_map.getItemFlagId		near Primeval Sorcerer Azur	exact_route_anchor	hold	0		seek an independent source naming this exact route anchor and item
7772694	Mt. Gelmir	Human Bone Shard	1038527070	ItemLotParam_map.getItemFlagId		near Seethewater River	exact_route_anchor	hold	0		seek an independent source naming this exact route anchor and item
7772145	Mt. Gelmir	Lump of Flesh	31077010	ItemLotParam_map.getItemFlagId		near Seethewater Cave	exact_route_anchor	hold	1	gameplay-wiki:eldenpedia	seek an independent source naming this exact route anchor and item
7772154	Mt. Gelmir	Lump of Flesh	31097030	ItemLotParam_map.getItemFlagId		near Volcano Cave	exact_route_anchor	hold	1	gameplay-wiki:eldenpedia	seek an independent source naming this exact route anchor and item
7772746	Mt. Gelmir	Miquella's Lily	1039537030	ItemLotParam_map.getItemFlagId		near Bridge of Iniquity	exact_route_anchor	hold	0		seek an independent source naming this exact route anchor and item
7772642	Mt. Gelmir	Mushroom	1037537000	ItemLotParam_map.getItemFlagId		near Primeval Sorcerer Azur	exact_route_anchor	hold	0		seek an independent source naming this exact route anchor and item
7774178	Mt. Gelmir	Mushroom	1035537020	ItemLotParam_map.getItemFlagId		near Seethewater Terminus	exact_route_anchor	hold	0		seek an independent source naming this exact route anchor and item
7772587	Mt. Gelmir	Nascent Butterfly	1036527030	ItemLotParam_map.getItemFlagId		near Craftsman's Shack	exact_route_anchor	hold	0		seek an independent source naming this exact route anchor and item
7772653	Mt. Gelmir	Nascent Butterfly	1037547070	ItemLotParam_map.getItemFlagId		near Primeval Sorcerer Azur	exact_route_anchor	hold	0		seek an independent source naming this exact route anchor and item
7770070	Mt. Gelmir	Perfume Bottle	66700	ItemLotParam_map.getItemFlagId		near Volcano Manor	exact_route_anchor	hold	0		seek an independent source naming this exact route anchor and item
7770072	Mt. Gelmir	Perfume Bottle	66740	ItemLotParam_map.getItemFlagId		near Craftsman's Shack	exact_route_anchor	hold	0		seek an independent source naming this exact route anchor and item
7772144	Mt. Gelmir	Poison Grease	31077000	ItemLotParam_map.getItemFlagId		near Seethewater Cave	exact_route_anchor	hold	1	gameplay-wiki:eldenpedia	seek an independent source naming this exact route anchor and item
7772662	Mt. Gelmir	Poison Grease	1037557000	ItemLotParam_map.getItemFlagId		near Ninth Mt. Gelmir Campsite	exact_route_anchor	hold	0		seek an independent source naming this exact route anchor and item
7772654	Mt. Gelmir	Rejuvenating Boluses	1037547080	ItemLotParam_map.getItemFlagId		near Primeval Sorcerer Azur	exact_route_anchor	hold	1	gameplay-guide:redmaw	seek an independent source naming this exact route anchor and item
7772064	Mt. Gelmir	Root Resin	30097060	ItemLotParam_map.getItemFlagId		near Gelmir Hero's Grave	exact_route_anchor	hold	1	gameplay-wiki:eldenpedia	seek an independent source naming this exact route anchor and item
7771705	Mt. Gelmir	Rune Arc	16007500	ItemLotParam_map.getItemFlagId		near Prison Town Church	exact_route_anchor	hold	1	gameplay-guide:redmaw	seek an independent source naming this exact route anchor and item
7772634	Mt. Gelmir	Sacramental Bud	1037527030	ItemLotParam_map.getItemFlagId		near Craftsman's Shack	exact_route_anchor	hold	0		seek an independent source naming this exact route anchor and item
7771715	Mt. Gelmir	Seedbed Curse	16007700	ItemLotParam_map.getItemFlagId		near Prison Town Church	exact_route_anchor	hold	1	gameplay-guide:redmaw	seek an independent source naming this exact route anchor and item
7772152	Mt. Gelmir	Sliver of Meat	31097010	ItemLotParam_map.getItemFlagId		near Volcano Cave	exact_route_anchor	hold	1	gameplay-wiki:eldenpedia	seek an independent source naming this exact route anchor and item
7772575	Mt. Gelmir	Slumbering Egg	1035547070	ItemLotParam_map.getItemFlagId		near Seethewater Terminus	exact_route_anchor	hold	0		seek an independent source naming this exact route anchor and item
7771686	Mt. Gelmir	Smithing Stone [4]	16007240	ItemLotParam_map.getItemFlagId		near Guest Hall	exact_route_anchor	hold	0		seek an independent source naming this exact route anchor and item
7771711	Mt. Gelmir	Smithing Stone [4]	16007560	ItemLotParam_map.getItemFlagId		near Subterranean Inquisition Chamber	exact_route_anchor	hold	1	gameplay-wiki:eldenpedia	seek an independent source naming this exact route anchor and item
7771696	Mt. Gelmir	Smithing Stone [5]	16007380	ItemLotParam_map.getItemFlagId		near Prison Town Church	exact_route_anchor	hold	0		seek an independent source naming this exact route anchor and item
7772644	Mt. Gelmir	Smithing Stone [5]	1037537020	ItemLotParam_map.getItemFlagId		near Primeval Sorcerer Azur	exact_route_anchor	hold	0		seek an independent source naming this exact route anchor and item
7772688	Mt. Gelmir	Smithing Stone [5]	1038527010	ItemLotParam_map.getItemFlagId		near Seethewater River	exact_route_anchor	hold	0		seek an independent source naming this exact route anchor and item
7772704	Mt. Gelmir	Smithing Stone [5]	1038547090	ItemLotParam_map.getItemFlagId		near Shaded Castle Inner Gate	exact_route_anchor	hold	0		seek an independent source naming this exact route anchor and item
7771665	Mt. Gelmir	Smithing Stone [6]	16007000	ItemLotParam_map.getItemFlagId		near Volcano Manor	exact_route_anchor	hold	0		seek an independent source naming this exact route anchor and item
7771687	Mt. Gelmir	Smithing Stone [6]	16007250	ItemLotParam_map.getItemFlagId		near Guest Hall	exact_route_anchor	hold	0		seek an independent source naming this exact route anchor and item
7771710	Mt. Gelmir	Smithing Stone [6]	16007550	ItemLotParam_map.getItemFlagId		near Subterranean Inquisition Chamber	exact_route_anchor	hold	1	gameplay-wiki:eldenpedia	seek an independent source naming this exact route anchor and item
7772584	Mt. Gelmir	Smithing Stone [6]	1036527000	ItemLotParam_map.getItemFlagId		near Craftsman's Shack	exact_route_anchor	hold	0		seek an independent source naming this exact route anchor and item
7771689	Mt. Gelmir	Smithing Stone [7]	16007280	ItemLotParam_map.getItemFlagId		near Temple of Eiglay	exact_route_anchor	hold	1	gameplay-guide:redmaw	seek an independent source naming this exact route anchor and item
7772062	Mt. Gelmir	Smoldering Butterfly	30097030	ItemLotParam_map.getItemFlagId		near Gelmir Hero's Grave	exact_route_anchor	hold	1	gameplay-wiki:eldenpedia	seek an independent source naming this exact route anchor and item
7771690	Mt. Gelmir	Somber Smithing Stone [5]	16007290	ItemLotParam_map.getItemFlagId		near Temple of Eiglay	exact_route_anchor	hold	0		seek an independent source naming this exact route anchor and item
7771683	Mt. Gelmir	Somber Smithing Stone [6]	16007210	ItemLotParam_map.getItemFlagId		near Guest Hall	exact_route_anchor	hold	0		seek an independent source naming this exact route anchor and item
7771708	Mt. Gelmir	Somber Smithing Stone [6]	16007530	ItemLotParam_map.getItemFlagId		near Volcano Manor	exact_route_anchor	hold	0		seek an independent source naming this exact route anchor and item
7774232	Mt. Gelmir	Somber Smithing Stone [6]	1038537050	ItemLotParam_map.getItemFlagId		near First Mt. Gelmir Campsite	exact_route_anchor	hold	0		seek an independent source naming this exact route anchor and item
7771674	Mt. Gelmir	Somber Smithing Stone [7]	16007100	ItemLotParam_map.getItemFlagId		near Prison Town Church	exact_route_anchor	hold	1	gameplay-guide:redmaw	seek an independent source naming this exact route anchor and item
7772648	Mt. Gelmir	Soporific Grease	1037547020	ItemLotParam_map.getItemFlagId		near Ninth Mt. Gelmir Campsite	exact_route_anchor	hold	0		seek an independent source naming this exact route anchor and item
7772596	Mt. Gelmir	Starlight Shards	1036547040	ItemLotParam_map.getItemFlagId		near Ninth Mt. Gelmir Campsite	exact_route_anchor	hold	1	gameplay-wiki:fextralife	seek an independent source naming this exact route anchor and item
7772639	Mt. Gelmir	Starlight Shards	1037527080	ItemLotParam_map.getItemFlagId		near Seethewater River	exact_route_anchor	hold	0		seek an independent source naming this exact route anchor and item
7771672	Mt. Gelmir	Stonesword Key	16007070	ItemLotParam_map.getItemFlagId		near Guest Hall	exact_route_anchor	hold	0		seek an independent source naming this exact route anchor and item
7771704	Mt. Gelmir	Stonesword Key	16007490	ItemLotParam_map.getItemFlagId		near Temple of Eiglay	exact_route_anchor	hold	0		seek an independent source naming this exact route anchor and item
7772572	Mt. Gelmir	Stonesword Key	1035547020	ItemLotParam_map.getItemFlagId		near Seethewater Terminus	exact_route_anchor	hold	0		seek an independent source naming this exact route anchor and item
7772647	Mt. Gelmir	Stonesword Key	1037547010	ItemLotParam_map.getItemFlagId		near First Mt. Gelmir Campsite	exact_route_anchor	hold	0		seek an independent source naming this exact route anchor and item
7773956	Mt. Gelmir	Stonesword Key	30097040	ItemLotParam_map.getItemFlagId		near Gelmir Hero's Grave	exact_route_anchor	hold	1	gameplay-wiki:eldenpedia	seek an independent source naming this exact route anchor and item
7772635	Mt. Gelmir	String	1037527040	ItemLotParam_map.getItemFlagId		near Primeval Sorcerer Azur	exact_route_anchor	hold	0		seek an independent source naming this exact route anchor and item
7772702	Mt. Gelmir	Throwing Dagger	1038547070	ItemLotParam_map.getItemFlagId		near First Mt. Gelmir Campsite	exact_route_anchor	hold	0		seek an independent source naming this exact route anchor and item
7770593	Mt. Gelmir	[Sorcery] Gelmir's Fury	400291	ItemLotParam_map.getItemFlagId		around Volcano Manor	exact_route_anchor	hold	0		seek an independent source naming this exact route anchor and item
7773326	Rauh Base	Arrow	2046457020	ItemLotParam_map.getItemFlagId		near Temple Town Ruins	exact_route_anchor	hold	0		seek an independent source naming this exact route anchor and item
7773223	Rauh Base	Beast Blood	2044477020	ItemLotParam_map.getItemFlagId		near Ravine North	exact_route_anchor	hold	0		seek an independent source naming this exact route anchor and item
7773327	Rauh Base	Beast Blood	2046457030	ItemLotParam_map.getItemFlagId		near Temple Town Ruins	exact_route_anchor	hold	0		seek an independent source naming this exact route anchor and item
7773248	Rauh Base	Beast Horn	2045467000	ItemLotParam_map.getItemFlagId		near Church of the Bud, Main Entrance	exact_route_anchor	hold	0		seek an independent source naming this exact route anchor and item
7773258	Rauh Base	Beast Horn	2045467910	ItemLotParam_map.getItemFlagId		near Temple Town Ruins	exact_route_anchor	hold	0		seek an independent source naming this exact route anchor and item
7773263	Rauh Base	Broken Rune	2045477050	ItemLotParam_map.getItemFlagId		near Rauh Ancient Ruins, East	exact_route_anchor	hold	0		seek an independent source naming this exact route anchor and item
7774036	Rauh Base	Broken Rune	40017150	ItemLotParam_map.getItemFlagId		near Scorpion River Catacombs	exact_route_anchor	hold	1	gameplay-wiki:fextralife	seek an independent source naming this exact route anchor and item
7773264	Rauh Base	Dewgem	2045477060	ItemLotParam_map.getItemFlagId		near Rauh Ancient Ruins, East	exact_route_anchor	hold	1	gameplay-wiki:fextralife	seek an independent source naming this exact route anchor and item
7773256	Rauh Base	Furnace Visage	2045467500	ItemLotParam_map.getItemFlagId		around Temple Town Ruins	exact_route_anchor	hold	0		seek an independent source naming this exact route anchor and item
7773221	Rauh Base	Ghost Glovewort [6]	2044477000	ItemLotParam_map.getItemFlagId		near Ravine North	exact_route_anchor	hold	0		seek an independent source naming this exact route anchor and item
7774025	Rauh Base	Ghost Glovewort [6]	40017040	ItemLotParam_map.getItemFlagId		near Scorpion River Catacombs	exact_route_anchor	hold	0		seek an independent source naming this exact route anchor and item
7774024	Rauh Base	Ghost Glovewort [7]	40017030	ItemLotParam_map.getItemFlagId		near Scorpion River Catacombs	exact_route_anchor	hold	0		seek an independent source naming this exact route anchor and item
7774034	Rauh Base	Ghost Glovewort [8]	40017130	ItemLotParam_map.getItemFlagId		near Scorpion River Catacombs	exact_route_anchor	hold	1	gameplay-guide:redmaw	seek an independent source naming this exact route anchor and item
7774027	Rauh Base	Ghost Glovewort [9]	40017060	ItemLotParam_map.getItemFlagId		near Scorpion River Catacombs	exact_route_anchor	hold	1	gameplay-guide:redmaw	seek an independent source naming this exact route anchor and item
7773250	Rauh Base	Golden Horn Tender	2045467040	ItemLotParam_map.getItemFlagId		near Church of the Bud, Main Entrance	exact_route_anchor	hold	0		seek an independent source naming this exact route anchor and item
7773246	Rauh Base	Grave Glovewort [8]	2045457010	ItemLotParam_map.getItemFlagId		near Temple Town Ruins	exact_route_anchor	hold	0		seek an independent source naming this exact route anchor and item
7774033	Rauh Base	Great Ghost Glovewort	40017120	ItemLotParam_map.getItemFlagId		near Scorpion River Catacombs	exact_route_anchor	hold	1	gameplay-guide:redmaw	seek an independent source naming this exact route anchor and item
7773338	Rauh Base	Larval Tear	2046467800	ItemLotParam_map.getItemFlagId		near Scadu Altus, West	exact_route_anchor	hold	0		seek an independent source naming this exact route anchor and item
7773224	Rauh Base	Lump of Flesh	2044477030	ItemLotParam_map.getItemFlagId		near Ravine North	exact_route_anchor	hold	0		seek an independent source naming this exact route anchor and item
7773255	Rauh Base	Preserving Boluses	2045467090	ItemLotParam_map.getItemFlagId		near Ravine North	exact_route_anchor	hold	0		seek an independent source naming this exact route anchor and item
7773265	Rauh Base	Rauh Burrow	2045477070	ItemLotParam_map.getItemFlagId		near Rauh Ancient Ruins, East	exact_route_anchor	hold	0		seek an independent source naming this exact route anchor and item
7774023	Rauh Base	Redflesh Mushroom	40017020	ItemLotParam_map.getItemFlagId		near Scorpion River Catacombs	exact_route_anchor	hold	1	gameplay-wiki:fextralife	seek an independent source naming this exact route anchor and item
7774035	Rauh Base	Shadow Realm Rune [4]	40017140	ItemLotParam_map.getItemFlagId		near Scorpion River Catacombs	exact_route_anchor	hold	1	gameplay-guide:redmaw	seek an independent source naming this exact route anchor and item
7773260	Rauh Base	Shadow Realm Rune [7]	2045477010	ItemLotParam_map.getItemFlagId		near Rauh Ancient Ruins, East	exact_route_anchor	hold	0		seek an independent source naming this exact route anchor and item
7773331	Rauh Base	Smithing Stone [5]	2046457070	ItemLotParam_map.getItemFlagId		near Temple Town Ruins	exact_route_anchor	hold	0		seek an independent source naming this exact route anchor and item
7773249	Rauh Base	Smithing Stone [7]	2045467020	ItemLotParam_map.getItemFlagId		near Rauh Ancient Ruins, West	exact_route_anchor	hold	0		seek an independent source naming this exact route anchor and item
7773252	Rauh Base	Smithing Stone [7]	2045467060	ItemLotParam_map.getItemFlagId		near Temple Town Ruins	exact_route_anchor	hold	0		seek an independent source naming this exact route anchor and item
7773330	Rauh Base	Somber Smithing Stone [6]	2046457060	ItemLotParam_map.getItemFlagId		near Temple Town Ruins	exact_route_anchor	hold	0		seek an independent source naming this exact route anchor and item
7774636	Rauh Base	Somber Smithing Stone [7]	540914	ItemLotParam_map.getItemFlagId		around Ancient Ruins Base	exact_route_anchor	hold	0		seek an independent source naming this exact route anchor and item
7772457	Rauh Base	Somber Smithing Stone [8]	42037140	ItemLotParam_map.getItemFlagId		near Taylew's Ruined Forge	exact_route_anchor	hold	1	gameplay-guide:redmaw	seek an independent source naming this exact route anchor and item
7772456	Rauh Base	Somber Smithing Stone [9]	42037130	ItemLotParam_map.getItemFlagId		near Taylew's Ruined Forge	exact_route_anchor	hold	0		seek an independent source naming this exact route anchor and item
7773226	Rauh Base	Somber Smithing Stone [9]	2044477050	ItemLotParam_map.getItemFlagId		near Ravine North	exact_route_anchor	hold	0		seek an independent source naming this exact route anchor and item
7774635	Rauh Base	Somber Smithing Stone [9]	540912	ItemLotParam_map.getItemFlagId		around Ancient Ruins Base	exact_route_anchor	hold	0		seek an independent source naming this exact route anchor and item
7773225	Rauh Base	Throwing Dagger	2044477040	ItemLotParam_map.getItemFlagId		near Ravine North	exact_route_anchor	hold	0		seek an independent source naming this exact route anchor and item
7773254	Rauh Base	Whiteflesh Mushroom	2045467080	ItemLotParam_map.getItemFlagId		near Temple Town Ruins	exact_route_anchor	hold	0		seek an independent source naming this exact route anchor and item
7772547	Raya Lucaria Academy	Celestial Dew	1035457000	ItemLotParam_map.getItemFlagId		near South Raya Lucaria Gate	exact_route_anchor	hold	0		seek an independent source naming this exact route anchor and item
7771521	Raya Lucaria Academy	Crystal Bud	14007460	ItemLotParam_map.getItemFlagId		near Debate Parlor	exact_route_anchor	hold	1	gameplay-wiki:fextralife	seek an independent source naming this exact route anchor and item
7771518	Raya Lucaria Academy	Glintstone Firefly	14007430	ItemLotParam_map.getItemFlagId		near Schoolhouse Classroom	exact_route_anchor	hold	0		seek an independent source naming this exact route anchor and item
7771494	Raya Lucaria Academy	Golden Rune [2]	14007030	ItemLotParam_map.getItemFlagId		near Church of the Cuckoo	exact_route_anchor	hold	1	gameplay-wiki:fextralife	seek an independent source naming this exact route anchor and item
7771519	Raya Lucaria Academy	Golden Rune [2]	14007440	ItemLotParam_map.getItemFlagId		near Raya Lucaria Grand Library	exact_route_anchor	hold	0		seek an independent source naming this exact route anchor and item
7771524	Raya Lucaria Academy	Golden Rune [2]	14007490	ItemLotParam_map.getItemFlagId		near Schoolhouse Classroom	exact_route_anchor	hold	0		seek an independent source naming this exact route anchor and item
7771525	Raya Lucaria Academy	Golden Rune [3]	14007510	ItemLotParam_map.getItemFlagId		near Schoolhouse Classroom	exact_route_anchor	hold	0		seek an independent source naming this exact route anchor and item
7771520	Raya Lucaria Academy	Golden Rune [4]	14007450	ItemLotParam_map.getItemFlagId		near Raya Lucaria Grand Library	exact_route_anchor	hold	0		seek an independent source naming this exact route anchor and item
7771529	Raya Lucaria Academy	Golden Rune [7]	14007560	ItemLotParam_map.getItemFlagId		near Raya Lucaria Grand Library	exact_route_anchor	hold	1	gameplay-guide:redmaw	seek an independent source naming this exact route anchor and item
7771497	Raya Lucaria Academy	Grace Mimic	14007070	ItemLotParam_map.getItemFlagId		near Church of the Cuckoo	exact_route_anchor	hold	0		seek an independent source naming this exact route anchor and item
7771532	Raya Lucaria Academy	Imbued Sword Key	14007630	ItemLotParam_map.getItemFlagId		near Church of the Cuckoo	exact_route_anchor	hold	1	gameplay-guide:redmaw	seek an independent source naming this exact route anchor and item
7771516	Raya Lucaria Academy	Living Jar Shard	14007410	ItemLotParam_map.getItemFlagId		near Debate Parlor	exact_route_anchor	hold	0		seek an independent source naming this exact route anchor and item
7771544	Raya Lucaria Academy	Lost Ashes of War	14007870	ItemLotParam_map.getItemFlagId		near Church of the Cuckoo	exact_route_anchor	hold	0		seek an independent source naming this exact route anchor and item
7771502	Raya Lucaria Academy	Magic Grease	14007190	ItemLotParam_map.getItemFlagId		near Schoolhouse Classroom	exact_route_anchor	hold	0		seek an independent source naming this exact route anchor and item
7771504	Raya Lucaria Academy	Mushroom	14007220	ItemLotParam_map.getItemFlagId		near Schoolhouse Classroom	exact_route_anchor	hold	1	gameplay-guide:game8	seek an independent source naming this exact route anchor and item
7770062	Raya Lucaria Academy	Ritual Pot	66410	ItemLotParam_map.getItemFlagId		near Debate Parlor	exact_route_anchor	hold	1	gameplay-guide:redmaw	seek an independent source naming this exact route anchor and item
7771536	Raya Lucaria Academy	Smithing Stone [3]	14007720	ItemLotParam_map.getItemFlagId		near Church of the Cuckoo	exact_route_anchor	hold	1	gameplay-guide:game8	seek an independent source naming this exact route anchor and item
7771513	Raya Lucaria Academy	Smithing Stone [4]	14007370	ItemLotParam_map.getItemFlagId		near Debate Parlor	exact_route_anchor	hold	0		seek an independent source naming this exact route anchor and item
7771508	Raya Lucaria Academy	Smithing Stone [5]	14007300	ItemLotParam_map.getItemFlagId		near Church of the Cuckoo	exact_route_anchor	hold	0		seek an independent source naming this exact route anchor and item
7771523	Raya Lucaria Academy	Smithing Stone [5]	14007480	ItemLotParam_map.getItemFlagId		near Schoolhouse Classroom	exact_route_anchor	hold	0		seek an independent source naming this exact route anchor and item
7771496	Raya Lucaria Academy	Somber Smithing Stone [3]	14007040	ItemLotParam_map.getItemFlagId		near Church of the Cuckoo	exact_route_anchor	hold	0		seek an independent source naming this exact route anchor and item
7771543	Raya Lucaria Academy	Somber Smithing Stone [3]	14007860	ItemLotParam_map.getItemFlagId		near Schoolhouse Classroom	exact_route_anchor	hold	0		seek an independent source naming this exact route anchor and item
7771539	Raya Lucaria Academy	Somber Smithing Stone [4]	14007760	ItemLotParam_map.getItemFlagId		near Church of the Cuckoo	exact_route_anchor	hold	1	gameplay-guide:redmaw	seek an independent source naming this exact route anchor and item
7773707	Raya Lucaria Academy	Starlight Shards	400103	ItemLotParam_map.getItemFlagId		around Church of the Cuckoo	exact_route_anchor	hold	0		seek an independent source naming this exact route anchor and item
7774130	Raya Lucaria Academy	Strip of White Flesh	1035457030	ItemLotParam_map.getItemFlagId		near South Raya Lucaria Gate	exact_route_anchor	hold	0		seek an independent source naming this exact route anchor and item
7900181	Roundtable Hold	Black-Key Bolt	11107710	ItemLotParam_map.getItemFlagId		near Table of Lost Grace	exact_route_anchor	hold	0		seek an independent source naming this exact route anchor and item
7900032	Roundtable Hold	Twinned Armor	400349	ItemLotParam_map.getItemFlagId		around Table of Lost Grace	exact_route_anchor	hold	0		seek an independent source naming this exact route anchor and item
7900033	Roundtable Hold	Twinned Gauntlets	400349	ItemLotParam_map.getItemFlagId		around Table of Lost Grace	exact_route_anchor	hold	0		seek an independent source naming this exact route anchor and item
7900034	Roundtable Hold	Twinned Greaves	400349	ItemLotParam_map.getItemFlagId		around Table of Lost Grace	exact_route_anchor	hold	0		seek an independent source naming this exact route anchor and item
7900031	Roundtable Hold	Twinned Helm	400349	ItemLotParam_map.getItemFlagId		around Table of Lost Grace	exact_route_anchor	hold	0		seek an independent source naming this exact route anchor and item
7773539	Scadu Altus	Ancient Dragon Smithing Stone	2049437520	ItemLotParam_map.getItemFlagId		near Fort of Reprimand	exact_route_anchor	hold	0		seek an independent source naming this exact route anchor and item
7773432	Scadu Altus	Black Pyrefly	2047457000	ItemLotParam_map.getItemFlagId		near Scadu Altus, West	exact_route_anchor	hold	0		seek an independent source naming this exact route anchor and item
7773496	Scadu Altus	Black Pyrefly	2048457000	ItemLotParam_map.getItemFlagId		near Highroad Cross	exact_route_anchor	hold	0		seek an independent source naming this exact route anchor and item
7773623	Scadu Altus	Blessed Bone Shard	2050477020	ItemLotParam_map.getItemFlagId		near Church District Highroad	exact_route_anchor	hold	0		seek an independent source naming this exact route anchor and item
7772433	Scadu Altus	Bolt	41017010	ItemLotParam_map.getItemFlagId		near Bonny Gaol	exact_route_anchor	hold	1	gameplay-wiki:fextralife	seek an independent source naming this exact route anchor and item
7773597	Scadu Altus	Broken Rune	2050447090	ItemLotParam_map.getItemFlagId		near Bonny Village	exact_route_anchor	hold	0		seek an independent source naming this exact route anchor and item
7773580	Scadu Altus	Clarifying Boluses	2050417010	ItemLotParam_map.getItemFlagId		near Abyssal Woods	exact_route_anchor	hold	0		seek an independent source naming this exact route anchor and item
7771916	Scadu Altus	Crab Eggs	21007570	ItemLotParam_map.getItemFlagId		near Sunken Chapel	exact_route_anchor	hold	0		seek an independent source naming this exact route anchor and item
7773528	Scadu Altus	Dewgem	2049437290	ItemLotParam_map.getItemFlagId		near Fort of Reprimand	exact_route_anchor	hold	1	gameplay-wiki:fextralife	seek an independent source naming this exact route anchor and item
7771896	Scadu Altus	Drawstring Golden Grease	21007130	ItemLotParam_map.getItemFlagId		near Main Gate Plaza	exact_route_anchor	hold	0		seek an independent source naming this exact route anchor and item
7771906	Scadu Altus	Ember of Messmer	21007340	ItemLotParam_map.getItemFlagId		near Church District Entrance	exact_route_anchor	hold	0		seek an independent source naming this exact route anchor and item
7771911	Scadu Altus	Ember of Messmer	21007390	ItemLotParam_map.getItemFlagId		near Sunken Chapel	exact_route_anchor	hold	0		seek an independent source naming this exact route anchor and item
7773501	Scadu Altus	Ember of Messmer	2048467040	ItemLotParam_map.getItemFlagId		near Ancient Ruins Base	exact_route_anchor	hold	0		seek an independent source naming this exact route anchor and item
7773611	Scadu Altus	Ember of Messmer	2050467030	ItemLotParam_map.getItemFlagId		near Castle Watering Hole	exact_route_anchor	hold	0		seek an independent source naming this exact route anchor and item
7771884	Scadu Altus	Festive Grease	21007000	ItemLotParam_map.getItemFlagId		near Main Gate Plaza	exact_route_anchor	hold	0		seek an independent source naming this exact route anchor and item
7773537	Scadu Altus	Festive Grease	2049437380	ItemLotParam_map.getItemFlagId		near Behind the Fort of Reprimand	exact_route_anchor	hold	0		seek an independent source naming this exact route anchor and item
7773437	Scadu Altus	Fire Arrow	2047457080	ItemLotParam_map.getItemFlagId		near Scadu Altus, West	exact_route_anchor	hold	0		seek an independent source naming this exact route anchor and item
7771905	Scadu Altus	Fireproof Pickled Liver	21007330	ItemLotParam_map.getItemFlagId		near Church District Entrance	exact_route_anchor	hold	1	gameplay-wiki:fextralife	seek an independent source naming this exact route anchor and item
7773529	Scadu Altus	Fireproof Pickled Liver	2049437300	ItemLotParam_map.getItemFlagId		near Behind the Fort of Reprimand	exact_route_anchor	hold	0		seek an independent source naming this exact route anchor and item
7773608	Scadu Altus	Fly Mold	2050457060	ItemLotParam_map.getItemFlagId		near Recluses' River Upstream	exact_route_anchor	hold	0		seek an independent source naming this exact route anchor and item
7773630	Scadu Altus	Fly Mold	2051447030	ItemLotParam_map.getItemFlagId		near Bridge Leading to the Village	exact_route_anchor	hold	0		seek an independent source naming this exact route anchor and item
7773557	Scadu Altus	Four-Toed Fowl Foot	2049457050	ItemLotParam_map.getItemFlagId		near Moorth Ruins	exact_route_anchor	hold	0		seek an independent source naming this exact route anchor and item
7773634	Scadu Altus	Furnace Visage	2051457700	ItemLotParam_map.getItemFlagId		around Cathedral of Manus Metyr	exact_route_anchor	hold	0		seek an independent source naming this exact route anchor and item
7773532	Scadu Altus	Ghost Glovewort [6]	2049437330	ItemLotParam_map.getItemFlagId		near Fort of Reprimand	exact_route_anchor	hold	0		seek an independent source naming this exact route anchor and item
7771917	Scadu Altus	Ghost Glovewort [7]	21007580	ItemLotParam_map.getItemFlagId		near Sunken Chapel	exact_route_anchor	hold	0		seek an independent source naming this exact route anchor and item
7774039	Scadu Altus	Ghost Glovewort [7]	40027100	ItemLotParam_map.getItemFlagId		near Darklight Catacombs	exact_route_anchor	hold	0		seek an independent source naming this exact route anchor and item
7772428	Scadu Altus	Ghost Glovewort [8]	40027200	ItemLotParam_map.getItemFlagId		near Darklight Catacombs	exact_route_anchor	hold	1	gameplay-guide:redmaw	seek an independent source naming this exact route anchor and item
7773624	Scadu Altus	Ghost Glovewort [9]	2051417000	ItemLotParam_map.getItemFlagId		near Church Ruins	exact_route_anchor	hold	1	gameplay-guide:redmaw	seek an independent source naming this exact route anchor and item
7774043	Scadu Altus	Ghost Glovewort [9]	40027140	ItemLotParam_map.getItemFlagId		near Darklight Catacombs	exact_route_anchor	hold	1	gameplay-guide:redmaw	seek an independent source naming this exact route anchor and item
7773596	Scadu Altus	Glass Shard	2050447070	ItemLotParam_map.getItemFlagId		near Recluses' River Downstream	exact_route_anchor	hold	0		seek an independent source naming this exact route anchor and item
7774084	Scadu Altus	Glass Shard	42027010	ItemLotParam_map.getItemFlagId		near Ruined Forge of Starfall Past	exact_route_anchor	hold	1	gameplay-wiki:fextralife	seek an independent source naming this exact route anchor and item
7773550	Scadu Altus	Golden Horn Tender	2049447050	ItemLotParam_map.getItemFlagId		near Bonny Village	exact_route_anchor	hold	0		seek an independent source naming this exact route anchor and item
7773600	Scadu Altus	Golden Horn Tender	2050447140	ItemLotParam_map.getItemFlagId		near Recluses' River Downstream	exact_route_anchor	hold	0		seek an independent source naming this exact route anchor and item
7773499	Scadu Altus	Golden Vow	2048467010	ItemLotParam_map.getItemFlagId		near Ancient Ruins Base	exact_route_anchor	hold	0		seek an independent source naming this exact route anchor and item
7772427	Scadu Altus	Grave Glovewort [6]	40027000	ItemLotParam_map.getItemFlagId		near Darklight Catacombs	exact_route_anchor	hold	0		seek an independent source naming this exact route anchor and item
7773622	Scadu Altus	Grave Glovewort [7]	2050477010	ItemLotParam_map.getItemFlagId		near Church District Highroad	exact_route_anchor	hold	1	gameplay-guide:redmaw	seek an independent source naming this exact route anchor and item
7774037	Scadu Altus	Grave Glovewort [7]	40027010	ItemLotParam_map.getItemFlagId		near Darklight Catacombs	exact_route_anchor	hold	0		seek an independent source naming this exact route anchor and item
7774044	Scadu Altus	Great Ghost Glovewort	40027210	ItemLotParam_map.getItemFlagId		near Darklight Catacombs	exact_route_anchor	hold	0		seek an independent source naming this exact route anchor and item
7771904	Scadu Altus	Great Grave Glovewort	21007320	ItemLotParam_map.getItemFlagId		near Sunken Chapel	exact_route_anchor	hold	0		seek an independent source naming this exact route anchor and item
7771912	Scadu Altus	Hefty Beast Bone	21007410	ItemLotParam_map.getItemFlagId		near Sunken Chapel	exact_route_anchor	hold	0		seek an independent source naming this exact route anchor and item
7770080	Scadu Altus	Hefty Cracked Pot	66970	ItemLotParam_map.getItemFlagId		near Recluses' River Downstream	exact_route_anchor	hold	0		seek an independent source naming this exact route anchor and item
7771894	Scadu Altus	Holyproof Pickled Liver	21007110	ItemLotParam_map.getItemFlagId		near Main Gate Plaza	exact_route_anchor	hold	0		seek an independent source naming this exact route anchor and item
7773595	Scadu Altus	Human Bone Shard	2050447060	ItemLotParam_map.getItemFlagId		near Bonny Village	exact_route_anchor	hold	0		seek an independent source naming this exact route anchor and item
7773599	Scadu Altus	Human Bone Shard	2050447120	ItemLotParam_map.getItemFlagId		near Recluses' River Downstream	exact_route_anchor	hold	0		seek an independent source naming this exact route anchor and item
7771929	Scadu Altus	Iris of Occultation	21007993	ItemLotParam_map.getItemFlagId		around Shadow Keep Main Gate	exact_route_anchor	hold	0		seek an independent source naming this exact route anchor and item
7773546	Scadu Altus	Iris of Occultation	2049437940	ItemLotParam_map.getItemFlagId		around Moorth Highway, South	exact_route_anchor	hold	0		seek an independent source naming this exact route anchor and item
7773523	Scadu Altus	Knot Resin	2049437240	ItemLotParam_map.getItemFlagId		near Fort of Reprimand	exact_route_anchor	hold	1	gameplay-wiki:fextralife	seek an independent source naming this exact route anchor and item
7771920	Scadu Altus	Kukri	21007610	ItemLotParam_map.getItemFlagId		near Church District Entrance	exact_route_anchor	hold	1	gameplay-wiki:fextralife	seek an independent source naming this exact route anchor and item
7773598	Scadu Altus	Kukri	2050447100	ItemLotParam_map.getItemFlagId		near Bonny Village	exact_route_anchor	hold	0		seek an independent source naming this exact route anchor and item
7773440	Scadu Altus	Larval Tear	2047457800	ItemLotParam_map.getItemFlagId		near Scadu Altus, West	exact_route_anchor	hold	0		seek an independent source naming this exact route anchor and item
7773571	Scadu Altus	Larval Tear	2049467900	ItemLotParam_map.getItemFlagId		near Castle Watering Hole	exact_route_anchor	hold	0		seek an independent source naming this exact route anchor and item
7773619	Scadu Altus	Larval Tear	2050467800	ItemLotParam_map.getItemFlagId		near Church District Highroad	exact_route_anchor	hold	1	gameplay-guide:redmaw	seek an independent source naming this exact route anchor and item
7900282	Scadu Altus	Leather Arm Wraps	2049457200	ItemLotParam_map.getItemFlagId		near Recluses' River Upstream	exact_route_anchor	hold	0		seek an independent source naming this exact route anchor and item
7900283	Scadu Altus	Leather Leg Wraps	2049457200	ItemLotParam_map.getItemFlagId		near Recluses' River Upstream	exact_route_anchor	hold	0		seek an independent source naming this exact route anchor and item
7771909	Scadu Altus	Lightningproof Pickled Liver	21007370	ItemLotParam_map.getItemFlagId		near Sunken Chapel	exact_route_anchor	hold	0		seek an independent source naming this exact route anchor and item
7773610	Scadu Altus	Lost Ashes of War	2050467020	ItemLotParam_map.getItemFlagId		near Castle Watering Hole	exact_route_anchor	hold	0		seek an independent source naming this exact route anchor and item
7771927	Scadu Altus	Marika's Rune	21007810	ItemLotParam_map.getItemFlagId		near Tree-Worship Sanctum	exact_route_anchor	hold	1	gameplay-wiki:fextralife	seek an independent source naming this exact route anchor and item
7773524	Scadu Altus	Marika's Rune	2049437250	ItemLotParam_map.getItemFlagId		near Fort of Reprimand	exact_route_anchor	hold	1	gameplay-wiki:fextralife	seek an independent source naming this exact route anchor and item
7771895	Scadu Altus	Messmerfire Grease	21007120	ItemLotParam_map.getItemFlagId		near Main Gate Plaza	exact_route_anchor	hold	0		seek an independent source naming this exact route anchor and item
7773435	Scadu Altus	Messmerfire Grease	2047457040	ItemLotParam_map.getItemFlagId		near Scadu Altus, West	exact_route_anchor	hold	0		seek an independent source naming this exact route anchor and item
7773629	Scadu Altus	Nascent Butterfly	2051447010	ItemLotParam_map.getItemFlagId		near Recluses' River Downstream	exact_route_anchor	hold	0		seek an independent source naming this exact route anchor and item
7771901	Scadu Altus	Rada Fruit	21007200	ItemLotParam_map.getItemFlagId		near Main Gate Plaza	exact_route_anchor	hold	0		seek an independent source naming this exact route anchor and item
7773933	Scadu Altus	Rada Fruit	21007670	ItemLotParam_map.getItemFlagId		near Church District Entrance	exact_route_anchor	hold	1	gameplay-wiki:fextralife	seek an independent source naming this exact route anchor and item
7773593	Scadu Altus	Raw Meat Dumpling	2050447040	ItemLotParam_map.getItemFlagId		near Recluses' River Downstream	exact_route_anchor	hold	0		seek an independent source naming this exact route anchor and item
7774062	Scadu Altus	Raw Meat Dumpling	41017240	ItemLotParam_map.getItemFlagId		near Bonny Gaol	exact_route_anchor	hold	1	gameplay-wiki:fextralife	seek an independent source naming this exact route anchor and item
7771887	Scadu Altus	Redflesh Mushroom	21007030	ItemLotParam_map.getItemFlagId		near Main Gate Plaza	exact_route_anchor	hold	0		seek an independent source naming this exact route anchor and item
7773436	Scadu Altus	Redflesh Mushroom	2047457070	ItemLotParam_map.getItemFlagId		near Scadu Altus, West	exact_route_anchor	hold	0		seek an independent source naming this exact route anchor and item
7773534	Scadu Altus	Redflesh Mushroom	2049437350	ItemLotParam_map.getItemFlagId		near Fort of Reprimand	exact_route_anchor	hold	1	gameplay-wiki:fextralife	seek an independent source naming this exact route anchor and item
7773519	Scadu Altus	Rune Arc	2049437200	ItemLotParam_map.getItemFlagId		near Moorth Highway, South	exact_route_anchor	hold	0		seek an independent source naming this exact route anchor and item
7774546	Scadu Altus	Rune Arc	2047467000	ItemLotParam_map.getItemFlagId		near Scadu Altus, West	exact_route_anchor	hold	0		seek an independent source naming this exact route anchor and item
7771910	Scadu Altus	Rune of an Unsung Hero	21007380	ItemLotParam_map.getItemFlagId		near Sunken Chapel	exact_route_anchor	hold	0		seek an independent source naming this exact route anchor and item
7773631	Scadu Altus	Scorpion Liver	2051447040	ItemLotParam_map.getItemFlagId		near Recluses' River Downstream	exact_route_anchor	hold	0		seek an independent source naming this exact route anchor and item
7773549	Scadu Altus	Shadow Realm Rune [3]	2049447040	ItemLotParam_map.getItemFlagId		near Moorth Ruins	exact_route_anchor	hold	1	gameplay-guide:redmaw	seek an independent source naming this exact route anchor and item
7773556	Scadu Altus	Shadow Realm Rune [3]	2049457010	ItemLotParam_map.getItemFlagId		near Recluses' River Upstream	exact_route_anchor	hold	0		seek an independent source naming this exact route anchor and item
7773505	Scadu Altus	Shadow Realm Rune [4]	2048467500	ItemLotParam_map.getItemFlagId		near Ancient Ruins Base	exact_route_anchor	hold	0		seek an independent source naming this exact route anchor and item
7773536	Scadu Altus	Shadow Realm Rune [4]	2049437370	ItemLotParam_map.getItemFlagId		near Fort of Reprimand	exact_route_anchor	hold	1	gameplay-wiki:fextralife	seek an independent source naming this exact route anchor and item
7773590	Scadu Altus	Shadow Realm Rune [4]	2050447010	ItemLotParam_map.getItemFlagId		near Recluses' River Downstream	exact_route_anchor	hold	0		seek an independent source naming this exact route anchor and item
7771919	Scadu Altus	Shadow Realm Rune [5]	21007600	ItemLotParam_map.getItemFlagId		near Church District Entrance	exact_route_anchor	hold	1	gameplay-wiki:fextralife	seek an independent source naming this exact route anchor and item
7774041	Scadu Altus	Shadow Realm Rune [5]	40027120	ItemLotParam_map.getItemFlagId		near Darklight Catacombs	exact_route_anchor	hold	1	gameplay-wiki:fextralife	seek an independent source naming this exact route anchor and item
7771889	Scadu Altus	Shadow Realm Rune [6]	21007050	ItemLotParam_map.getItemFlagId		near Main Gate Plaza	exact_route_anchor	hold	0		seek an independent source naming this exact route anchor and item
7771923	Scadu Altus	Shadow Sunflower	21007640	ItemLotParam_map.getItemFlagId		near Sunken Chapel	exact_route_anchor	hold	0		seek an independent source naming this exact route anchor and item
7773504	Scadu Altus	Shadow Sunflower	2048467090	ItemLotParam_map.getItemFlagId		near Ancient Ruins Base	exact_route_anchor	hold	0		seek an independent source naming this exact route anchor and item
7773547	Scadu Altus	Shadow Sunflower	2049447020	ItemLotParam_map.getItemFlagId		near Bonny Village	exact_route_anchor	hold	0		seek an independent source naming this exact route anchor and item
7773555	Scadu Altus	Shadow Sunflower	2049457000	ItemLotParam_map.getItemFlagId		near Recluses' River Upstream	exact_route_anchor	hold	0		seek an independent source naming this exact route anchor and item
7773638	Scadu Altus	Shadow Sunflower	2051477010	ItemLotParam_map.getItemFlagId		near Hinterland Bridge	exact_route_anchor	hold	1	gameplay-wiki:fextralife	seek an independent source naming this exact route anchor and item
7772444	Scadu Altus	Silver Horn Tender	41017310	ItemLotParam_map.getItemFlagId		near Bonny Gaol	exact_route_anchor	hold	1	gameplay-wiki:fextralife	seek an independent source naming this exact route anchor and item
7773583	Scadu Altus	Silver Horn Tender	2050437000	ItemLotParam_map.getItemFlagId		near Recluses' River Downstream	exact_route_anchor	hold	0		seek an independent source naming this exact route anchor and item
7771900	Scadu Altus	Silver-Pickled Fowl Foot	21007190	ItemLotParam_map.getItemFlagId		near Main Gate Plaza	exact_route_anchor	hold	0		seek an independent source naming this exact route anchor and item
7771907	Scadu Altus	Slumbering Egg	21007350	ItemLotParam_map.getItemFlagId		near Sunken Chapel	exact_route_anchor	hold	0		seek an independent source naming this exact route anchor and item
7774090	Scadu Altus	Smithing Stone [6]	42027070	ItemLotParam_map.getItemFlagId		near Ruined Forge of Starfall Past	exact_route_anchor	hold	0		seek an independent source naming this exact route anchor and item
7773433	Scadu Altus	Smithing Stone [7]	2047457010	ItemLotParam_map.getItemFlagId		near Scadu Altus, West	exact_route_anchor	hold	0		seek an independent source naming this exact route anchor and item
7773503	Scadu Altus	Smithing Stone [7]	2048467060	ItemLotParam_map.getItemFlagId		near Ancient Ruins Base	exact_route_anchor	hold	0		seek an independent source naming this exact route anchor and item
7773538	Scadu Altus	Smithing Stone [7]	2049437500	ItemLotParam_map.getItemFlagId		near Behind the Fort of Reprimand	exact_route_anchor	hold	0		seek an independent source naming this exact route anchor and item
7773589	Scadu Altus	Smithing Stone [7]	2050447000	ItemLotParam_map.getItemFlagId		near Recluses' River Downstream	exact_route_anchor	hold	0		seek an independent source naming this exact route anchor and item
7774551	Scadu Altus	Smithing Stone [7]	2049447070	ItemLotParam_map.getItemFlagId		near Moorth Highway, South	exact_route_anchor	hold	0		seek an independent source naming this exact route anchor and item
7771921	Scadu Altus	Smithing Stone [8]	21007620	ItemLotParam_map.getItemFlagId		near Church District Entrance	exact_route_anchor	hold	0		seek an independent source naming this exact route anchor and item
7773439	Scadu Altus	Smithing Stone [8]	2047457700	ItemLotParam_map.getItemFlagId		around Scadu Altus, West	exact_route_anchor	hold	0		seek an independent source naming this exact route anchor and item
7773609	Scadu Altus	Smithing Stone [8]	2050467000	ItemLotParam_map.getItemFlagId		near Castle Watering Hole	exact_route_anchor	hold	0		seek an independent source naming this exact route anchor and item
7774061	Scadu Altus	Smithing Stone [8]	41017110	ItemLotParam_map.getItemFlagId		near Bonny Gaol	exact_route_anchor	hold	0		seek an independent source naming this exact route anchor and item
7774091	Scadu Altus	Smithing Stone [8]	42027080	ItemLotParam_map.getItemFlagId		near Ruined Forge of Starfall Past	exact_route_anchor	hold	0		seek an independent source naming this exact route anchor and item
7774545	Scadu Altus	Smithing Stone [8]	2047457920	ItemLotParam_map.getItemFlagId		near Scadu Altus, West	exact_route_anchor	hold	0		seek an independent source naming this exact route anchor and item
7774562	Scadu Altus	Smithing Stone [8]	2051447020	ItemLotParam_map.getItemFlagId		near Bridge Leading to the Village	exact_route_anchor	hold	0		seek an independent source naming this exact route anchor and item
7771918	Scadu Altus	Somber Smithing Stone [7]	21007590	ItemLotParam_map.getItemFlagId		near Sunken Chapel	exact_route_anchor	hold	0		seek an independent source naming this exact route anchor and item
7773434	Scadu Altus	Somber Smithing Stone [7]	2047457020	ItemLotParam_map.getItemFlagId		near Scadu Altus, West	exact_route_anchor	hold	0		seek an independent source naming this exact route anchor and item
7773500	Scadu Altus	Somber Smithing Stone [7]	2048467030	ItemLotParam_map.getItemFlagId		near Castle Watering Hole	exact_route_anchor	hold	0		seek an independent source naming this exact route anchor and item
7774560	Scadu Altus	Somber Smithing Stone [7]	2050457080	ItemLotParam_map.getItemFlagId		near Recluses' River Upstream	exact_route_anchor	hold	0		seek an independent source naming this exact route anchor and item
7771898	Scadu Altus	Somber Smithing Stone [8]	21007160	ItemLotParam_map.getItemFlagId		near Main Gate Plaza	exact_route_anchor	hold	0		seek an independent source naming this exact route anchor and item
7773605	Scadu Altus	Somber Smithing Stone [8]	2050447740	ItemLotParam_map.getItemFlagId		around Recluses' River Downstream	exact_route_anchor	hold	0		seek an independent source naming this exact route anchor and item
7771914	Scadu Altus	Somber Smithing Stone [9]	21007550	ItemLotParam_map.getItemFlagId		near Sunken Chapel	exact_route_anchor	hold	0		seek an independent source naming this exact route anchor and item
7773527	Scadu Altus	Spiritgrave Stone	2049437280	ItemLotParam_map.getItemFlagId		near Behind the Fort of Reprimand	exact_route_anchor	hold	1	gameplay-wiki:fextralife	seek an independent source naming this exact route anchor and item
7773633	Scadu Altus	Starlight Shards	2051457530	ItemLotParam_map.getItemFlagId		near Cathedral of Manus Metyr	exact_route_anchor	hold	1	gameplay-guide:redmaw	seek an independent source naming this exact route anchor and item
7773620	Scadu Altus	Stone-Sheathed Sword	2050467900	ItemLotParam_map.getItemFlagId		near Castle Watering Hole	exact_route_anchor	hold	0		seek an independent source naming this exact route anchor and item
7771908	Scadu Altus	Stormhawk Feather	21007360	ItemLotParam_map.getItemFlagId		near Sunken Chapel	exact_route_anchor	hold	0		seek an independent source naming this exact route anchor and item
7771925	Scadu Altus	String	21007680	ItemLotParam_map.getItemFlagId		near Church District Entrance	exact_route_anchor	hold	0		seek an independent source naming this exact route anchor and item
7773548	Scadu Altus	String	2049447030	ItemLotParam_map.getItemFlagId		near Bonny Village	exact_route_anchor	hold	0		seek an independent source naming this exact route anchor and item
7771903	Scadu Altus	Strip of White Flesh	21007310	ItemLotParam_map.getItemFlagId		near Church District Entrance	exact_route_anchor	hold	1	gameplay-wiki:fextralife	seek an independent source naming this exact route anchor and item
7771902	Scadu Altus	Thin Beast Bones	21007300	ItemLotParam_map.getItemFlagId		near Church District Entrance	exact_route_anchor	hold	0		seek an independent source naming this exact route anchor and item
7773606	Scadu Altus	Thin Beast Bones	2050457000	ItemLotParam_map.getItemFlagId		near Recluses' River Upstream	exact_route_anchor	hold	0		seek an independent source naming this exact route anchor and item
7774040	Scadu Altus	Thin Beast Bones	40027110	ItemLotParam_map.getItemFlagId		near Darklight Catacombs	exact_route_anchor	hold	0		seek an independent source naming this exact route anchor and item
7773535	Scadu Altus	Throwing Dagger	2049437360	ItemLotParam_map.getItemFlagId		near Fort of Reprimand	exact_route_anchor	hold	1	gameplay-wiki:fextralife	seek an independent source naming this exact route anchor and item
7773551	Scadu Altus	Whiteflesh Mushroom	2049447060	ItemLotParam_map.getItemFlagId		near Bonny Village	exact_route_anchor	hold	0		seek an independent source naming this exact route anchor and item
7773612	Scadu Altus	Whiteflesh Mushroom	2050467040	ItemLotParam_map.getItemFlagId		near Recluses' River Upstream	exact_route_anchor	hold	0		seek an independent source naming this exact route anchor and item
7771988	Shadow Keep	Beast Blood	21027220	ItemLotParam_map.getItemFlagId		near West Rampart	exact_route_anchor	hold	0		seek an independent source naming this exact route anchor and item
7771939	Shadow Keep	Beast Horn	21017080	ItemLotParam_map.getItemFlagId		near Storehouse, Back Section	exact_route_anchor	hold	0		seek an independent source naming this exact route anchor and item
7771941	Shadow Keep	Beast Horn	21017110	ItemLotParam_map.getItemFlagId		near Storehouse, Fourth Floor	exact_route_anchor	hold	0		seek an independent source naming this exact route anchor and item
7771947	Shadow Keep	Beast Horn	21017170	ItemLotParam_map.getItemFlagId		near Storehouse, First Floor	exact_route_anchor	hold	0		seek an independent source naming this exact route anchor and item
7771987	Shadow Keep	Beast Liver	21027210	ItemLotParam_map.getItemFlagId		near West Rampart	exact_route_anchor	hold	0		seek an independent source naming this exact route anchor and item
7771938	Shadow Keep	Black Pyrefly	21017070	ItemLotParam_map.getItemFlagId		near Storehouse, Seventh Floor	exact_route_anchor	hold	0		seek an independent source naming this exact route anchor and item
7771951	Shadow Keep	Black Pyrefly	21017310	ItemLotParam_map.getItemFlagId		near Storehouse, Loft	exact_route_anchor	hold	0		seek an independent source naming this exact route anchor and item
7771943	Shadow Keep	Blessed Bone Shard	21017130	ItemLotParam_map.getItemFlagId		near Storehouse, Back Section	exact_route_anchor	hold	0		seek an independent source naming this exact route anchor and item
7771974	Shadow Keep	Blessed Bone Shard	21017670	ItemLotParam_map.getItemFlagId		near Storehouse, Loft	exact_route_anchor	hold	0		seek an independent source naming this exact route anchor and item
7771970	Shadow Keep	Fire Coil	21017630	ItemLotParam_map.getItemFlagId		near Storehouse, Loft	exact_route_anchor	hold	0		seek an independent source naming this exact route anchor and item
7771931	Shadow Keep	Fireproof Pickled Liver	21017000	ItemLotParam_map.getItemFlagId		near Storehouse, Back Section	exact_route_anchor	hold	1	gameplay-guide:redmaw	seek an independent source naming this exact route anchor and item
7771944	Shadow Keep	Furlcalling Finger Remedy	21017140	ItemLotParam_map.getItemFlagId		near Storehouse, Back Section	exact_route_anchor	hold	1	gameplay-guide:redmaw	seek an independent source naming this exact route anchor and item
7773745	Shadow Keep	Furnace Visage	400612	ItemLotParam_map.getItemFlagId		around Storehouse, First Floor	exact_route_anchor	hold	0		seek an independent source naming this exact route anchor and item
7771971	Shadow Keep	Ghost Glovewort [7]	21017640	ItemLotParam_map.getItemFlagId		near Storehouse, Loft	exact_route_anchor	hold	0		seek an independent source naming this exact route anchor and item
7771968	Shadow Keep	Glintslab Firefly	21017610	ItemLotParam_map.getItemFlagId		near Storehouse, First Floor	exact_route_anchor	hold	0		seek an independent source naming this exact route anchor and item
7771982	Shadow Keep	Gold-Pickled Fowl Foot	21027010	ItemLotParam_map.getItemFlagId		near West Rampart	exact_route_anchor	hold	1	gameplay-guide:redmaw	seek an independent source naming this exact route anchor and item
7771936	Shadow Keep	Hefty Beast Bone	21017050	ItemLotParam_map.getItemFlagId		near Storehouse, Back Section	exact_route_anchor	hold	0		seek an independent source naming this exact route anchor and item
7771953	Shadow Keep	Holyproof Pickled Liver	21017330	ItemLotParam_map.getItemFlagId		near Storehouse, Back Section	exact_route_anchor	hold	1	gameplay-guide:redmaw	seek an independent source naming this exact route anchor and item
7771985	Shadow Keep	Innard Meat	21027050	ItemLotParam_map.getItemFlagId		near West Rampart	exact_route_anchor	hold	1	gameplay-guide:redmaw	seek an independent source naming this exact route anchor and item
7771984	Shadow Keep	Iris of Grace	21027040	ItemLotParam_map.getItemFlagId		near West Rampart	exact_route_anchor	hold	1	gameplay-guide:redmaw	seek an independent source naming this exact route anchor and item
7771946	Shadow Keep	Lump of Flesh	21017160	ItemLotParam_map.getItemFlagId		near Storehouse, Back Section	exact_route_anchor	hold	0		seek an independent source naming this exact route anchor and item
7771955	Shadow Keep	Redflesh Mushroom	21017350	ItemLotParam_map.getItemFlagId		near Storehouse, Back Section	exact_route_anchor	hold	0		seek an independent source naming this exact route anchor and item
7771990	Shadow Keep	Redflesh Mushroom	21027240	ItemLotParam_map.getItemFlagId		near West Rampart	exact_route_anchor	hold	0		seek an independent source naming this exact route anchor and item
7771979	Shadow Keep	Rune of an Unsung Hero	21017790	ItemLotParam_map.getItemFlagId		near Storehouse, Loft	exact_route_anchor	hold	1	gameplay-guide:redmaw	seek an independent source naming this exact route anchor and item
7771952	Shadow Keep	Shadow Realm Rune [5]	21017320	ItemLotParam_map.getItemFlagId		near Storehouse, Back Section	exact_route_anchor	hold	0		seek an independent source naming this exact route anchor and item
7771963	Shadow Keep	Shadow Realm Rune [5]	21017480	ItemLotParam_map.getItemFlagId		near Storehouse, Seventh Floor	exact_route_anchor	hold	0		seek an independent source naming this exact route anchor and item
7773656	Shadow Keep	Shadow Realm Rune [6]	2053487010	ItemLotParam_map.getItemFlagId		near Fingerstone Hill	exact_route_anchor	hold	1	gameplay-guide:redmaw	seek an independent source naming this exact route anchor and item
7771973	Shadow Keep	Shadow Sunflower	21017660	ItemLotParam_map.getItemFlagId		near Storehouse, Loft	exact_route_anchor	hold	0		seek an independent source naming this exact route anchor and item
7771958	Shadow Keep	Silver-Pickled Fowl Foot	21017430	ItemLotParam_map.getItemFlagId		near Storehouse, Seventh Floor	exact_route_anchor	hold	1	gameplay-guide:redmaw	seek an independent source naming this exact route anchor and item
7771960	Shadow Keep	Sliver of Meat	21017450	ItemLotParam_map.getItemFlagId		near Storehouse, Seventh Floor	exact_route_anchor	hold	0		seek an independent source naming this exact route anchor and item
7773934	Shadow Keep	Smithing Stone [7]	21017090	ItemLotParam_map.getItemFlagId		near Storehouse, Back Section	exact_route_anchor	hold	0		seek an independent source naming this exact route anchor and item
7773935	Shadow Keep	Smithing Stone [7]	21017400	ItemLotParam_map.getItemFlagId		near Storehouse, Loft	exact_route_anchor	hold	0		seek an independent source naming this exact route anchor and item
7771937	Shadow Keep	Smithing Stone [8]	21017060	ItemLotParam_map.getItemFlagId		near Storehouse, First Floor	exact_route_anchor	hold	0		seek an independent source naming this exact route anchor and item
7771976	Shadow Keep	Smithing Stone [8]	21017760	ItemLotParam_map.getItemFlagId		near Storehouse, Loft	exact_route_anchor	hold	0		seek an independent source naming this exact route anchor and item
7773936	Shadow Keep	Smithing Stone [8]	21017420	ItemLotParam_map.getItemFlagId		near Storehouse, Seventh Floor	exact_route_anchor	hold	0		seek an independent source naming this exact route anchor and item
7771992	Shadow Keep	Somber Smithing Stone [6]	21027260	ItemLotParam_map.getItemFlagId		near West Rampart	exact_route_anchor	hold	0		seek an independent source naming this exact route anchor and item
7771977	Shadow Keep	Somber Smithing Stone [8]	21017770	ItemLotParam_map.getItemFlagId		near Storehouse, Seventh Floor	exact_route_anchor	hold	1	gameplay-guide:redmaw	seek an independent source naming this exact route anchor and item
7771967	Shadow Keep	Somber Smithing Stone [9]	21017600	ItemLotParam_map.getItemFlagId		near Storehouse, Back Section	exact_route_anchor	hold	0		seek an independent source naming this exact route anchor and item
7771993	Shadow Keep	Somber Smithing Stone [9]	21027270	ItemLotParam_map.getItemFlagId		near West Rampart	exact_route_anchor	hold	1	gameplay-wiki:eldenpedia	seek an independent source naming this exact route anchor and item
7771959	Shadow Keep	Spirit Calculus	21017440	ItemLotParam_map.getItemFlagId		near Storehouse, Seventh Floor	exact_route_anchor	hold	1	gameplay-guide:redmaw	seek an independent source naming this exact route anchor and item
7771950	Shadow Keep	Stormhawk Feather	21017300	ItemLotParam_map.getItemFlagId		near Storehouse, Fourth Floor	exact_route_anchor	hold	1	gameplay-wiki:fextralife	seek an independent source naming this exact route anchor and item
7771975	Shadow Keep	Thin Beast Bones	21017750	ItemLotParam_map.getItemFlagId		near Storehouse, Seventh Floor	exact_route_anchor	hold	0		seek an independent source naming this exact route anchor and item
7771991	Shadow Keep	Thin Beast Bones	21027250	ItemLotParam_map.getItemFlagId		near West Rampart	exact_route_anchor	hold	0		seek an independent source naming this exact route anchor and item
7771147	Siofra River	Arteria Leaf	12027030	ItemLotParam_map.getItemFlagId		near Siofra River Bank	exact_route_anchor	hold	0		seek an independent source naming this exact route anchor and item
7771154	Siofra River	Beast Liver	12027110	ItemLotParam_map.getItemFlagId		near Siofra River Bank	exact_route_anchor	hold	0		seek an independent source naming this exact route anchor and item
7771369	Siofra River	Budding Horn	12077110	ItemLotParam_map.getItemFlagId		near Siofra River Well Depths	exact_route_anchor	hold	0		seek an independent source naming this exact route anchor and item
7771380	Siofra River	Burred Bolt	12077320	ItemLotParam_map.getItemFlagId		near Nokron, Eternal City	exact_route_anchor	hold	1	gameplay-wiki:fextralife	seek an independent source naming this exact route anchor and item
7771217	Siofra River	Celestial Dew	12027730	ItemLotParam_map.getItemFlagId		near Worshippers' Woods	exact_route_anchor	hold	0		seek an independent source naming this exact route anchor and item
7771153	Siofra River	Crab Eggs	12027100	ItemLotParam_map.getItemFlagId		near Siofra River Bank	exact_route_anchor	hold	0		seek an independent source naming this exact route anchor and item
7771162	Siofra River	Dappled Cured Meat	12027200	ItemLotParam_map.getItemFlagId		near Worshippers' Woods	exact_route_anchor	hold	0		seek an independent source naming this exact route anchor and item
7771239	Siofra River	Dragonwound Grease	12027960	ItemLotParam_map.getItemFlagId		near Siofra River Bank	exact_route_anchor	hold	0		seek an independent source naming this exact route anchor and item
7771195	Siofra River	Dwelling Arrow	12027510	ItemLotParam_map.getItemFlagId		near Ancestral Woods	exact_route_anchor	hold	0		seek an independent source naming this exact route anchor and item
7771198	Siofra River	Fireproof Dried Liver	12027540	ItemLotParam_map.getItemFlagId		near Ancestral Woods	exact_route_anchor	hold	1	gameplay-guide:redmaw	seek an independent source naming this exact route anchor and item
7771170	Siofra River	Furlcalling Finger Remedy	12027280	ItemLotParam_map.getItemFlagId		near Siofra River Bank	exact_route_anchor	hold	0		seek an independent source naming this exact route anchor and item
7771358	Siofra River	Furlcalling Finger Remedy	12077000	ItemLotParam_map.getItemFlagId		near Siofra River Well Depths	exact_route_anchor	hold	1	gameplay-wiki:fextralife	seek an independent source naming this exact route anchor and item
7771385	Siofra River	Furlcalling Finger Remedy	12077370	ItemLotParam_map.getItemFlagId		near Nokron, Eternal City	exact_route_anchor	hold	1	gameplay-wiki:fextralife	seek an independent source naming this exact route anchor and item
7771167	Siofra River	Gold-Pickled Fowl Foot	12027250	ItemLotParam_map.getItemFlagId		near Siofra River Bank	exact_route_anchor	hold	0		seek an independent source naming this exact route anchor and item
7771178	Siofra River	Gold-Pickled Fowl Foot	12027360	ItemLotParam_map.getItemFlagId		near Worshippers' Woods	exact_route_anchor	hold	0		seek an independent source naming this exact route anchor and item
7771197	Siofra River	Gold-Tinged Excrement	12027530	ItemLotParam_map.getItemFlagId		near Ancestral Woods	exact_route_anchor	hold	0		seek an independent source naming this exact route anchor and item
7771213	Siofra River	Golden Rune [12]	12027690	ItemLotParam_map.getItemFlagId		near Aqueduct-Facing Cliffs	exact_route_anchor	hold	1	gameplay-guide:redmaw	seek an independent source naming this exact route anchor and item
7771222	Siofra River	Golden Rune [13]	12027780	ItemLotParam_map.getItemFlagId		near Aqueduct-Facing Cliffs	exact_route_anchor	hold	1	gameplay-guide:redmaw	seek an independent source naming this exact route anchor and item
7771214	Siofra River	Golden Rune [1]	12027700	ItemLotParam_map.getItemFlagId		around Siofra River Bank	exact_route_anchor	hold	0		seek an independent source naming this exact route anchor and item
7771221	Siofra River	Golden Rune [1]	12027770	ItemLotParam_map.getItemFlagId		near Aqueduct-Facing Cliffs	exact_route_anchor	hold	0		seek an independent source naming this exact route anchor and item
7771159	Siofra River	Golden Rune [2]	12027170	ItemLotParam_map.getItemFlagId		near Worshippers' Woods	exact_route_anchor	hold	0		seek an independent source naming this exact route anchor and item
7771155	Siofra River	Golden Rune [3]	12027120	ItemLotParam_map.getItemFlagId		near Siofra River Bank	exact_route_anchor	hold	0		seek an independent source naming this exact route anchor and item
7771360	Siofra River	Golden Rune [3]	12077020	ItemLotParam_map.getItemFlagId		near Siofra River Well Depths	exact_route_anchor	hold	0		seek an independent source naming this exact route anchor and item
7771185	Siofra River	Golden Rune [4]	12027430	ItemLotParam_map.getItemFlagId		near Below the Well	exact_route_anchor	hold	0		seek an independent source naming this exact route anchor and item
7771194	Siofra River	Golden Rune [4]	12027500	ItemLotParam_map.getItemFlagId		near Mimic Tear	exact_route_anchor	hold	0		seek an independent source naming this exact route anchor and item
7771199	Siofra River	Golden Rune [4]	12027550	ItemLotParam_map.getItemFlagId		near Ancestral Woods	exact_route_anchor	hold	0		seek an independent source naming this exact route anchor and item
7771202	Siofra River	Golden Rune [5]	12027580	ItemLotParam_map.getItemFlagId		near Ancestral Woods	exact_route_anchor	hold	0		seek an independent source naming this exact route anchor and item
7771378	Siofra River	Golden Rune [5]	12077300	ItemLotParam_map.getItemFlagId		near Nokron, Eternal City	exact_route_anchor	hold	0		seek an independent source naming this exact route anchor and item
7771174	Siofra River	Golden Rune [6]	12027320	ItemLotParam_map.getItemFlagId		near Siofra River Bank	exact_route_anchor	hold	0		seek an independent source naming this exact route anchor and item
7771225	Siofra River	Golden Rune [6]	12027810	ItemLotParam_map.getItemFlagId		near Great Waterfall Basin	exact_route_anchor	hold	0		seek an independent source naming this exact route anchor and item
7771236	Siofra River	Golden Rune [7]	12027930	ItemLotParam_map.getItemFlagId		near Night's Sacred Ground	exact_route_anchor	hold	1	gameplay-wiki:eldenpedia	seek an independent source naming this exact route anchor and item
7771173	Siofra River	Hefty Beast Bone	12027310	ItemLotParam_map.getItemFlagId		near Worshippers' Woods	exact_route_anchor	hold	0		seek an independent source naming this exact route anchor and item
7771204	Siofra River	Hefty Beast Bone	12027600	ItemLotParam_map.getItemFlagId		near Ancestral Woods	exact_route_anchor	hold	0		seek an independent source naming this exact route anchor and item
7771208	Siofra River	Hefty Beast Bone	12027640	ItemLotParam_map.getItemFlagId		near Aqueduct-Facing Cliffs	exact_route_anchor	hold	0		seek an independent source naming this exact route anchor and item
7771365	Siofra River	Immunizing Cured Meat	12077070	ItemLotParam_map.getItemFlagId		near Siofra River Well Depths	exact_route_anchor	hold	1	gameplay-wiki:fextralife	seek an independent source naming this exact route anchor and item
7771203	Siofra River	Kukri	12027590	ItemLotParam_map.getItemFlagId		near Ancestral Woods	exact_route_anchor	hold	0		seek an independent source naming this exact route anchor and item
7771150	Siofra River	Lightning Bastard Sword	12027070	ItemLotParam_map.getItemFlagId		near Worshippers' Woods	exact_route_anchor	hold	0		seek an independent source naming this exact route anchor and item
7771192	Siofra River	Lump of Flesh	12027480	ItemLotParam_map.getItemFlagId		near Siofra River Bank	exact_route_anchor	hold	0		seek an independent source naming this exact route anchor and item
7771381	Siofra River	Nascent Butterfly	12077330	ItemLotParam_map.getItemFlagId		near Nokron, Eternal City	exact_route_anchor	hold	1	gameplay-wiki:fextralife	seek an independent source naming this exact route anchor and item
7771158	Siofra River	Old Fang	12027160	ItemLotParam_map.getItemFlagId		near Siofra River Bank	exact_route_anchor	hold	1	gameplay-wiki:fextralife	seek an independent source naming this exact route anchor and item
7771201	Siofra River	Old Fang	12027570	ItemLotParam_map.getItemFlagId		near Ancestral Woods	exact_route_anchor	hold	0		seek an independent source naming this exact route anchor and item
7771207	Siofra River	Old Fang	12027630	ItemLotParam_map.getItemFlagId		near Aqueduct-Facing Cliffs	exact_route_anchor	hold	0		seek an independent source naming this exact route anchor and item
7771375	Siofra River	Preserving Boluses	12077170	ItemLotParam_map.getItemFlagId		near Siofra River Well Depths	exact_route_anchor	hold	1	gameplay-wiki:fextralife	seek an independent source naming this exact route anchor and item
7771367	Siofra River	Rainbow Stone	12077090	ItemLotParam_map.getItemFlagId		near Siofra River Well Depths	exact_route_anchor	hold	1	gameplay-wiki:fextralife	seek an independent source naming this exact route anchor and item
7771229	Siofra River	Rune Arc	12027860	ItemLotParam_map.getItemFlagId		near Ancestral Woods	exact_route_anchor	hold	0		seek an independent source naming this exact route anchor and item
7771160	Siofra River	Shield Grease	12027180	ItemLotParam_map.getItemFlagId		near Worshippers' Woods	exact_route_anchor	hold	0		seek an independent source naming this exact route anchor and item
7771200	Siofra River	Shining Horned Headband	12027560	ItemLotParam_map.getItemFlagId		near Ancestral Woods	exact_route_anchor	hold	1	gameplay-wiki:fextralife	seek an independent source naming this exact route anchor and item
7771359	Siofra River	Silver Firefly	12077010	ItemLotParam_map.getItemFlagId		near Siofra River Well Depths	exact_route_anchor	hold	0		seek an independent source naming this exact route anchor and item
7771220	Siofra River	Silver Tear Husk	12027760	ItemLotParam_map.getItemFlagId		near Aqueduct-Facing Cliffs	exact_route_anchor	hold	0		seek an independent source naming this exact route anchor and item
7771376	Siofra River	Silver-Pickled Fowl Foot	12077180	ItemLotParam_map.getItemFlagId		near Siofra River Well Depths	exact_route_anchor	hold	0		seek an independent source naming this exact route anchor and item
7771176	Siofra River	Sliver of Meat	12027340	ItemLotParam_map.getItemFlagId		near Worshippers' Woods	exact_route_anchor	hold	0		seek an independent source naming this exact route anchor and item
7771187	Siofra River	Sliver of Meat	12027440	ItemLotParam_map.getItemFlagId		near Below the Well	exact_route_anchor	hold	0		seek an independent source naming this exact route anchor and item
7771240	Siofra River	Slumbering Egg	12027970	ItemLotParam_map.getItemFlagId		near Worshippers' Woods	exact_route_anchor	hold	0		seek an independent source naming this exact route anchor and item
7771216	Siofra River	Smithing Stone [2]	12027720	ItemLotParam_map.getItemFlagId		near Ancestral Woods	exact_route_anchor	hold	0		seek an independent source naming this exact route anchor and item
7771363	Siofra River	Smithing Stone [2]	12077050	ItemLotParam_map.getItemFlagId		near Siofra River Well Depths	exact_route_anchor	hold	0		seek an independent source naming this exact route anchor and item
7771233	Siofra River	Smithing Stone [3]	12027900	ItemLotParam_map.getItemFlagId		near Night's Sacred Ground	exact_route_anchor	hold	1	gameplay-wiki:eldenpedia	seek an independent source naming this exact route anchor and item
7771371	Siofra River	Smithing Stone [3]	12077130	ItemLotParam_map.getItemFlagId		near Siofra River Well Depths	exact_route_anchor	hold	0		seek an independent source naming this exact route anchor and item
7771389	Siofra River	Smithing Stone [3]	12077410	ItemLotParam_map.getItemFlagId		near Nokron, Eternal City	exact_route_anchor	hold	0		seek an independent source naming this exact route anchor and item
7771172	Siofra River	Smithing Stone [4]	12027300	ItemLotParam_map.getItemFlagId		near Worshippers' Woods	exact_route_anchor	hold	0		seek an independent source naming this exact route anchor and item
7771209	Siofra River	Smithing Stone [4]	12027650	ItemLotParam_map.getItemFlagId		near Ancestral Woods	exact_route_anchor	hold	0		seek an independent source naming this exact route anchor and item
7771227	Siofra River	Smithing Stone [4]	12027830	ItemLotParam_map.getItemFlagId		near Great Waterfall Basin	exact_route_anchor	hold	0		seek an independent source naming this exact route anchor and item
7771218	Siofra River	Smithing Stone [5]	12027740	ItemLotParam_map.getItemFlagId		near Worshippers' Woods	exact_route_anchor	hold	0		seek an independent source naming this exact route anchor and item
7771224	Siofra River	Smithing Stone [5]	12027800	ItemLotParam_map.getItemFlagId		near Aqueduct-Facing Cliffs	exact_route_anchor	hold	0		seek an independent source naming this exact route anchor and item
7771374	Siofra River	Soap	12077160	ItemLotParam_map.getItemFlagId		near Siofra River Well Depths	exact_route_anchor	hold	0		seek an independent source naming this exact route anchor and item
7771237	Siofra River	Soft Cotton	12027940	ItemLotParam_map.getItemFlagId		near Night's Sacred Ground	exact_route_anchor	hold	1	gameplay-wiki:eldenpedia	seek an independent source naming this exact route anchor and item
7771157	Siofra River	Somber Smithing Stone [2]	12027150	ItemLotParam_map.getItemFlagId		near Siofra River Bank	exact_route_anchor	hold	0		seek an independent source naming this exact route anchor and item
7771163	Siofra River	Somber Smithing Stone [2]	12027210	ItemLotParam_map.getItemFlagId		near Worshippers' Woods	exact_route_anchor	hold	0		seek an independent source naming this exact route anchor and item
7771390	Siofra River	Somber Smithing Stone [4]	12077420	ItemLotParam_map.getItemFlagId		near Nokron, Eternal City	exact_route_anchor	hold	1	gameplay-guide:redmaw	seek an independent source naming this exact route anchor and item
7770782	Siofra River	Somber Smithing Stone [5]	540642	ItemLotParam_map.getItemFlagId		around Siofra River Bank	exact_route_anchor	hold	0		seek an independent source naming this exact route anchor and item
7771212	Siofra River	Somber Smithing Stone [5]	12027680	ItemLotParam_map.getItemFlagId		near Ancestral Woods	exact_route_anchor	hold	1	gameplay-guide:redmaw	seek an independent source naming this exact route anchor and item
7771238	Siofra River	Somber Smithing Stone [5]	12027950	ItemLotParam_map.getItemFlagId		near Worshippers' Woods	exact_route_anchor	hold	0		seek an independent source naming this exact route anchor and item
7771188	Siofra River	Somber Smithing Stone [6]	12027445	ItemLotParam_map.getItemFlagId		around Siofra River Bank	exact_route_anchor	hold	1	gameplay-guide:redmaw	seek an independent source naming this exact route anchor and item
7771379	Siofra River	Soporific Grease	12077310	ItemLotParam_map.getItemFlagId		near Nokron, Eternal City	exact_route_anchor	hold	1	gameplay-wiki:fextralife	seek an independent source naming this exact route anchor and item
7771181	Siofra River	Stonesword Key	12027390	ItemLotParam_map.getItemFlagId		near Worshippers' Woods	exact_route_anchor	hold	0		seek an independent source naming this exact route anchor and item
7771189	Siofra River	Stonesword Key	12027450	ItemLotParam_map.getItemFlagId		near Below the Well	exact_route_anchor	hold	0		seek an independent source naming this exact route anchor and item
7771219	Siofra River	Stonesword Key	12027750	ItemLotParam_map.getItemFlagId		near Aqueduct-Facing Cliffs	exact_route_anchor	hold	0		seek an independent source naming this exact route anchor and item
7771370	Siofra River	Throwing Dagger	12077120	ItemLotParam_map.getItemFlagId		near Siofra River Well Depths	exact_route_anchor	hold	0		seek an independent source naming this exact route anchor and item
7770818	Stormveil	Arrow	10007080	ItemLotParam_map.getItemFlagId		near Gateside Chamber	exact_route_anchor	hold	0		seek an independent source naming this exact route anchor and item
7770855	Stormveil	Arrow	10007430	ItemLotParam_map.getItemFlagId		near Rampart Tower	exact_route_anchor	hold	0		seek an independent source naming this exact route anchor and item
7770837	Stormveil	Arteria Leaf	10007250	ItemLotParam_map.getItemFlagId		near Rampart Tower	exact_route_anchor	hold	0		seek an independent source naming this exact route anchor and item
7770898	Stormveil	Arteria Leaf	10007880	ItemLotParam_map.getItemFlagId		near Liftside Chamber	exact_route_anchor	hold	0		seek an independent source naming this exact route anchor and item
7770865	Stormveil	Ballista Bolt	10007540	ItemLotParam_map.getItemFlagId		near Gateside Chamber	exact_route_anchor	hold	0		seek an independent source naming this exact route anchor and item
7770823	Stormveil	Bolt	10007120	ItemLotParam_map.getItemFlagId		near Gateside Chamber	exact_route_anchor	hold	0		seek an independent source naming this exact route anchor and item
7770840	Stormveil	Drawstring Fire Grease	10007280	ItemLotParam_map.getItemFlagId		near Rampart Tower	exact_route_anchor	hold	1	gameplay-guide:powerpyx	seek an independent source naming this exact route anchor and item
7770851	Stormveil	Exalted Flesh	10007380	ItemLotParam_map.getItemFlagId		near Rampart Tower	exact_route_anchor	hold	1	gameplay-guide:redmaw	seek an independent source naming this exact route anchor and item
7770817	Stormveil	Festering Bloody Finger	10007060	ItemLotParam_map.getItemFlagId		near Rampart Tower	exact_route_anchor	hold	0		seek an independent source naming this exact route anchor and item
7770872	Stormveil	Fire Arrow	10007610	ItemLotParam_map.getItemFlagId		near Rampart Tower	exact_route_anchor	hold	0		seek an independent source naming this exact route anchor and item
7770815	Stormveil	Fire Grease	10007040	ItemLotParam_map.getItemFlagId		near Stormveil Main Gate	exact_route_anchor	hold	1	gameplay-wiki:fextralife	seek an independent source naming this exact route anchor and item
7770834	Stormveil	Fire Grease	10007220	ItemLotParam_map.getItemFlagId		near Rampart Tower	exact_route_anchor	hold	0		seek an independent source naming this exact route anchor and item
7770813	Stormveil	Furlcalling Finger Remedy	10007030	ItemLotParam_map.getItemFlagId		near Stormveil Main Gate	exact_route_anchor	hold	0		seek an independent source naming this exact route anchor and item
7770874	Stormveil	Furlcalling Finger Remedy	10007630	ItemLotParam_map.getItemFlagId		near Liftside Chamber	exact_route_anchor	hold	0		seek an independent source naming this exact route anchor and item
7770853	Stormveil	Golden Rune [1]	10007400	ItemLotParam_map.getItemFlagId		near Rampart Tower	exact_route_anchor	hold	0		seek an independent source naming this exact route anchor and item
7770878	Stormveil	Golden Rune [1]	10007670	ItemLotParam_map.getItemFlagId		near Liftside Chamber	exact_route_anchor	hold	1	gameplay-wiki:fextralife	seek an independent source naming this exact route anchor and item
7770828	Stormveil	Golden Rune [2]	10007170	ItemLotParam_map.getItemFlagId		near Stormveil Cliffside	exact_route_anchor	hold	0		seek an independent source naming this exact route anchor and item
7770864	Stormveil	Golden Rune [2]	10007530	ItemLotParam_map.getItemFlagId		near Gateside Chamber	exact_route_anchor	hold	0		seek an independent source naming this exact route anchor and item
7770883	Stormveil	Golden Rune [2]	10007720	ItemLotParam_map.getItemFlagId		near Secluded Cell	exact_route_anchor	hold	0		seek an independent source naming this exact route anchor and item
7772305	Stormveil	Golden Rune [2]	34107090	ItemLotParam_map.getItemFlagId		near Divine Tower of Limgrave	exact_route_anchor	hold	0		seek an independent source naming this exact route anchor and item
7770871	Stormveil	Golden Rune [4]	10007600	ItemLotParam_map.getItemFlagId		near Stormveil Cliffside	exact_route_anchor	hold	0		seek an independent source naming this exact route anchor and item
7770877	Stormveil	Golden Rune [4]	10007660	ItemLotParam_map.getItemFlagId		near Rampart Tower	exact_route_anchor	hold	0		seek an independent source naming this exact route anchor and item
7770887	Stormveil	Golden Rune [5]	10007760	ItemLotParam_map.getItemFlagId		near Liftside Chamber	exact_route_anchor	hold	0		seek an independent source naming this exact route anchor and item
7770848	Stormveil	Kukri	10007350	ItemLotParam_map.getItemFlagId		near Liftside Chamber	exact_route_anchor	hold	0		seek an independent source naming this exact route anchor and item
7770889	Stormveil	Kukri	10007790	ItemLotParam_map.getItemFlagId		near Secluded Cell	exact_route_anchor	hold	0		seek an independent source naming this exact route anchor and item
7770905	Stormveil	Kukri	10007950	ItemLotParam_map.getItemFlagId		near Rampart Tower	exact_route_anchor	hold	0		seek an independent source naming this exact route anchor and item
7770852	Stormveil	Lump of Flesh	10007390	ItemLotParam_map.getItemFlagId		near Rampart Tower	exact_route_anchor	hold	0		seek an independent source naming this exact route anchor and item
7770891	Stormveil	Lump of Flesh	10007810	ItemLotParam_map.getItemFlagId		near Secluded Cell	exact_route_anchor	hold	0		seek an independent source naming this exact route anchor and item
7770881	Stormveil	Magic Grease	10007700	ItemLotParam_map.getItemFlagId		near Liftside Chamber	exact_route_anchor	hold	1	gameplay-guide:redmaw	seek an independent source naming this exact route anchor and item
7770839	Stormveil	Mushroom	10007270	ItemLotParam_map.getItemFlagId		near Rampart Tower	exact_route_anchor	hold	0		seek an independent source naming this exact route anchor and item
7770879	Stormveil	Mushroom	10007680	ItemLotParam_map.getItemFlagId		near Liftside Chamber	exact_route_anchor	hold	0		seek an independent source naming this exact route anchor and item
7770906	Stormveil	Pickled Turtle Neck	10007960	ItemLotParam_map.getItemFlagId		near Rampart Tower	exact_route_anchor	hold	1	gameplay-guide:powerpyx	seek an independent source naming this exact route anchor and item
7770900	Stormveil	Poisonbloom	10007900	ItemLotParam_map.getItemFlagId		near Liftside Chamber	exact_route_anchor	hold	1	gameplay-guide:powerpyx	seek an independent source naming this exact route anchor and item
7770896	Stormveil	Rainbow Stone	10007860	ItemLotParam_map.getItemFlagId		near Liftside Chamber	exact_route_anchor	hold	0		seek an independent source naming this exact route anchor and item
7770825	Stormveil	Ruin Fragment	10007140	ItemLotParam_map.getItemFlagId		near Gateside Chamber	exact_route_anchor	hold	0		seek an independent source naming this exact route anchor and item
7770827	Stormveil	Silver-Pickled Fowl Foot	10007160	ItemLotParam_map.getItemFlagId		near Rampart Tower	exact_route_anchor	hold	0		seek an independent source naming this exact route anchor and item
7772304	Stormveil	Silver-Pickled Fowl Foot	34107080	ItemLotParam_map.getItemFlagId		near Divine Tower of Limgrave	exact_route_anchor	hold	0		seek an independent source naming this exact route anchor and item
7770862	Stormveil	Smithing Stone [1]	10007510	ItemLotParam_map.getItemFlagId		near Stormveil Cliffside	exact_route_anchor	hold	0		seek an independent source naming this exact route anchor and item
7770826	Stormveil	Smithing Stone [2]	10007150	ItemLotParam_map.getItemFlagId		near Stormveil Cliffside	exact_route_anchor	hold	0		seek an independent source naming this exact route anchor and item
7770854	Stormveil	Smithing Stone [2]	10007410	ItemLotParam_map.getItemFlagId		near Rampart Tower	exact_route_anchor	hold	1	gameplay-guide:redmaw	seek an independent source naming this exact route anchor and item
7770870	Stormveil	Smithing Stone [2]	10007590	ItemLotParam_map.getItemFlagId		near Gateside Chamber	exact_route_anchor	hold	0		seek an independent source naming this exact route anchor and item
7770824	Stormveil	Smithing Stone [3]	10007130	ItemLotParam_map.getItemFlagId		near Stormveil Cliffside	exact_route_anchor	hold	0		seek an independent source naming this exact route anchor and item
7770894	Stormveil	Smithing Stone [3]	10007840	ItemLotParam_map.getItemFlagId		near Liftside Chamber	exact_route_anchor	hold	0		seek an independent source naming this exact route anchor and item
7770876	Stormveil	Smoldering Butterfly	10007650	ItemLotParam_map.getItemFlagId		near Liftside Chamber	exact_route_anchor	hold	0		seek an independent source naming this exact route anchor and item
7770832	Stormveil	St. Trina's Arrow	10007200	ItemLotParam_map.getItemFlagId		near Rampart Tower	exact_route_anchor	hold	0		seek an independent source naming this exact route anchor and item
7770859	Stormveil	Stanching Boluses	10007460	ItemLotParam_map.getItemFlagId		near Rampart Tower	exact_route_anchor	hold	1	gameplay-guide:redmaw	seek an independent source naming this exact route anchor and item
7772303	Stormveil	Stormhawk Feather	34107070	ItemLotParam_map.getItemFlagId		near Divine Tower of Limgrave	exact_route_anchor	hold	0		seek an independent source naming this exact route anchor and item
7772249	Weeping	Arteria Leaf	32007070	ItemLotParam_map.getItemFlagId		near Morne Tunnel	exact_route_anchor	hold	0		seek an independent source naming this exact route anchor and item
7772871	Weeping	Arteria Leaf	1043347000	ItemLotParam_map.getItemFlagId		near Church of Pilgrimage	exact_route_anchor	hold	0		seek an independent source naming this exact route anchor and item
7772901	Weeping	Arteria Leaf	1044317020	ItemLotParam_map.getItemFlagId		near Castle Morne Lift	exact_route_anchor	hold	0		seek an independent source naming this exact route anchor and item
7772865	Weeping	Ballista Bolt	1043317360	ItemLotParam_map.getItemFlagId		around Castle Morne Lift	exact_route_anchor	hold	0		seek an independent source naming this exact route anchor and item
7772804	Weeping	Beast Liver	1042347010	ItemLotParam_map.getItemFlagId		near Tombsward Cave	exact_route_anchor	hold	1	gameplay-guide:redmaw	seek an independent source naming this exact route anchor and item
7772803	Weeping	Blood Grease	1042347000	ItemLotParam_map.getItemFlagId		near Church of Pilgrimage	exact_route_anchor	hold	1	gameplay-wiki:fextralife	seek an independent source naming this exact route anchor and item
7772851	Weeping	Fire Arrow	1043307010	ItemLotParam_map.getItemFlagId		near Beside the Rampart Gaol	exact_route_anchor	hold	0		seek an independent source naming this exact route anchor and item
7772852	Weeping	Fire Grease	1043317000	ItemLotParam_map.getItemFlagId		near Behind the Castle	exact_route_anchor	hold	0		seek an independent source naming this exact route anchor and item
7772862	Weeping	Furlcalling Finger Remedy	1043317320	ItemLotParam_map.getItemFlagId		near Behind the Castle	exact_route_anchor	hold	0		seek an independent source naming this exact route anchor and item
7772115	Weeping	Glowstone	31017010	ItemLotParam_map.getItemFlagId		near Earthbore Cave	exact_route_anchor	hold	1	gameplay-wiki:fextralife	seek an independent source naming this exact route anchor and item
7772872	Weeping	Gold-Tinged Excrement	1043347040	ItemLotParam_map.getItemFlagId		near Ailing Village Outskirts	exact_route_anchor	hold	0		seek an independent source naming this exact route anchor and item
7772114	Weeping	Golden Rune [1]	31017000	ItemLotParam_map.getItemFlagId		near Earthbore Cave	exact_route_anchor	hold	0		seek an independent source naming this exact route anchor and item
7772783	Weeping	Golden Rune [1]	1041337000	ItemLotParam_map.getItemFlagId		near Fourth Church of Marika	exact_route_anchor	hold	0		seek an independent source naming this exact route anchor and item
7772867	Weeping	Golden Rune [1]	1043317400	ItemLotParam_map.getItemFlagId		near Castle Morne Lift	exact_route_anchor	hold	1	gameplay-wiki:fextralife	seek an independent source naming this exact route anchor and item
7772024	Weeping	Golden Rune [2]	30007020	ItemLotParam_map.getItemFlagId		near Tombsward Catacombs	exact_route_anchor	hold	1	gameplay-wiki:eldenpedia	seek an independent source naming this exact route anchor and item
7772244	Weeping	Golden Rune [2]	32007000	ItemLotParam_map.getItemFlagId		near Morne Tunnel	exact_route_anchor	hold	1	gameplay-wiki:fextralife	seek an independent source naming this exact route anchor and item
7772779	Weeping	Golden Rune [2]	1041327020	ItemLotParam_map.getItemFlagId		near Isolated Merchant's Shack	exact_route_anchor	hold	0		seek an independent source naming this exact route anchor and item
7772805	Weeping	Golden Rune [2]	1042347020	ItemLotParam_map.getItemFlagId		near Tombsward Cave	exact_route_anchor	hold	1	gameplay-wiki:fextralife	seek an independent source naming this exact route anchor and item
7772912	Weeping	Golden Rune [2]	1044337050	ItemLotParam_map.getItemFlagId		near South of the Lookout Tower	exact_route_anchor	hold	0		seek an independent source naming this exact route anchor and item
7772913	Weeping	Golden Rune [2]	1044337070	ItemLotParam_map.getItemFlagId		around Castle Morne Rampart	exact_route_anchor	hold	1	gameplay-wiki:fextralife	seek an independent source naming this exact route anchor and item
7772782	Weeping	Golden Rune [3]	1041327050	ItemLotParam_map.getItemFlagId		near Isolated Merchant's Shack	exact_route_anchor	hold	1	gameplay-guide:redmaw	seek an independent source naming this exact route anchor and item
7772245	Weeping	Golden Rune [4]	32007010	ItemLotParam_map.getItemFlagId		near Morne Tunnel	exact_route_anchor	hold	1	gameplay-wiki:fextralife	seek an independent source naming this exact route anchor and item
7772900	Weeping	Golden Rune [4]	1044317010	ItemLotParam_map.getItemFlagId		near Castle Morne Lift	exact_route_anchor	hold	0		seek an independent source naming this exact route anchor and item
7774281	Weeping	Golden Rune [5]	1041337010	ItemLotParam_map.getItemFlagId		near Isolated Merchant's Shack	exact_route_anchor	hold	0		seek an independent source naming this exact route anchor and item
7772798	Weeping	Great Dragonfly Head	1042327000	ItemLotParam_map.getItemFlagId		near Tombsward	exact_route_anchor	hold	0		seek an independent source naming this exact route anchor and item
7774282	Weeping	Great Dragonfly Head	1041337030	ItemLotParam_map.getItemFlagId		near Fourth Church of Marika	exact_route_anchor	hold	0		seek an independent source naming this exact route anchor and item
7772023	Weeping	Human Bone Shard	30007010	ItemLotParam_map.getItemFlagId		near Tombsward Catacombs	exact_route_anchor	hold	0		seek an independent source naming this exact route anchor and item
7772116	Weeping	Kukri	31017020	ItemLotParam_map.getItemFlagId		near Earthbore Cave	exact_route_anchor	hold	0		seek an independent source naming this exact route anchor and item
7770018	Weeping	Memory Stone	60400	ItemLotParam_map.getItemFlagId		near Beside the Crater-Pocked Glade	exact_route_anchor	hold	1	gameplay-guide:redmaw	seek an independent source naming this exact route anchor and item
7772799	Weeping	Mushroom	1042327020	ItemLotParam_map.getItemFlagId		near Tombsward	exact_route_anchor	hold	0		seek an independent source naming this exact route anchor and item
7772119	Weeping	Pickled Turtle Neck	31017060	ItemLotParam_map.getItemFlagId		near Earthbore Cave	exact_route_anchor	hold	1	gameplay-wiki:fextralife	seek an independent source naming this exact route anchor and item
7772857	Weeping	Pickled Turtle Neck	1043317140	ItemLotParam_map.getItemFlagId		near Behind the Castle	exact_route_anchor	hold	0		seek an independent source naming this exact route anchor and item
7772026	Weeping	Root Resin	30017010	ItemLotParam_map.getItemFlagId		near Impaler's Catacombs	exact_route_anchor	hold	0		seek an independent source naming this exact route anchor and item
7774356	Weeping	Ruin Fragment	1044347050	ItemLotParam_map.getItemFlagId		near Bridge of Sacrifice	exact_route_anchor	hold	0		seek an independent source naming this exact route anchor and item
7774332	Weeping	Sliver of Meat	1043327010	ItemLotParam_map.getItemFlagId		near Tombsward	exact_route_anchor	hold	1	gameplay-guide:redmaw	seek an independent source naming this exact route anchor and item
7772864	Weeping	Smithing Stone [1]	1043317350	ItemLotParam_map.getItemFlagId		near Behind the Castle	exact_route_anchor	hold	0		seek an independent source naming this exact route anchor and item
7772903	Weeping	Smithing Stone [1]	1044327010	ItemLotParam_map.getItemFlagId		near Castle Morne Rampart	exact_route_anchor	hold	1	gameplay-wiki:eldenpedia	seek an independent source naming this exact route anchor and item
7774354	Weeping	Smithing Stone [1]	1044347010	ItemLotParam_map.getItemFlagId		near Bridge of Sacrifice	exact_route_anchor	hold	1	gameplay-wiki:eldenpedia	seek an independent source naming this exact route anchor and item
7772853	Weeping	Smithing Stone [2]	1043317020	ItemLotParam_map.getItemFlagId		near Castle Morne Lift	exact_route_anchor	hold	0		seek an independent source naming this exact route anchor and item
7772855	Weeping	Smithing Stone [2]	1043317090	ItemLotParam_map.getItemFlagId		near Behind the Castle	exact_route_anchor	hold	1	gameplay-wiki:eldenpedia	seek an independent source naming this exact route anchor and item
7772860	Weeping	Smithing Stone [2]	1043317240	ItemLotParam_map.getItemFlagId		near Beside the Rampart Gaol	exact_route_anchor	hold	0		seek an independent source naming this exact route anchor and item
7772916	Weeping	Smithing Stone [2]	1044337200	ItemLotParam_map.getItemFlagId		near South of the Lookout Tower	exact_route_anchor	hold	0		seek an independent source naming this exact route anchor and item
7772117	Weeping	Smoldering Butterfly	31017030	ItemLotParam_map.getItemFlagId		near Earthbore Cave	exact_route_anchor	hold	0		seek an independent source naming this exact route anchor and item
7772850	Weeping	Somber Smithing Stone [1]	1043307000	ItemLotParam_map.getItemFlagId		near Beside the Rampart Gaol	exact_route_anchor	hold	1	gameplay-guide:redmaw	seek an independent source naming this exact route anchor and item
7772902	Weeping	Somber Smithing Stone [2]	1044317030	ItemLotParam_map.getItemFlagId		near Castle Morne Lift	exact_route_anchor	hold	0		seek an independent source naming this exact route anchor and item
7772943	Weeping	Starlight Shards	1045337000	ItemLotParam_map.getItemFlagId		near Beside the Crater-Pocked Glade	exact_route_anchor	hold	1	gameplay-guide:redmaw	seek an independent source naming this exact route anchor and item
7772873	Weeping	String	1043347050	ItemLotParam_map.getItemFlagId		near Ailing Village Outskirts	exact_route_anchor	hold	0		seek an independent source naming this exact route anchor and item
7772911	Weeping	Strip of White Flesh	1044337030	ItemLotParam_map.getItemFlagId		near South of the Lookout Tower	exact_route_anchor	hold	0		seek an independent source naming this exact route anchor and item
7772859	Weeping	Tarnished Golden Sunflower	1043317220	ItemLotParam_map.getItemFlagId		near Beside the Rampart Gaol	exact_route_anchor	hold	0		seek an independent source naming this exact route anchor and item
7772861	Weeping	Throwing Dagger	1043317280	ItemLotParam_map.getItemFlagId		near Beside the Rampart Gaol	exact_route_anchor	hold	0		seek an independent source naming this exact route anchor and item
7772905	Weeping	Warming Stone	1044327030	ItemLotParam_map.getItemFlagId		near Castle Morne Rampart	exact_route_anchor	hold	1	gameplay-wiki:fextralife	seek an independent source naming this exact route anchor and item
7774331	Weeping	Yellow Ember	1043327000	ItemLotParam_map.getItemFlagId		near Ailing Village Outskirts	exact_route_anchor	hold	0		seek an independent source naming this exact route anchor and item
7771145	Ainsel River	Alabaster Lord's Sword	12017999			around Dragonkin Soldier of Nokstella	non_map_lot	hold	1	gameplay-guide:redmaw	requires a mechanism-specific evidence join
7771136	Ainsel River	Larval Tear	12017965			around Dragonkin Soldier of Nokstella	non_map_lot	hold	0		requires a mechanism-specific evidence join
7771138	Ainsel River	Larval Tear	12017975			around Dragonkin Soldier of Nokstella	non_map_lot	hold	0		requires a mechanism-specific evidence join
7771140	Ainsel River	Larval Tear	12017985			around Dragonkin Soldier of Nokstella	non_map_lot	hold	0		requires a mechanism-specific evidence join
7772057	Altus	Ghost Glovewort [4]	30087970			around Sainted Hero's Grave	non_map_lot	hold	0		requires a mechanism-specific evidence join
7772058	Altus	Ghost Glovewort [4]	30087980			around Sainted Hero's Grave	non_map_lot	hold	0		requires a mechanism-specific evidence join
7772059	Altus	Ghost Glovewort [4]	30087990			around Sainted Hero's Grave	non_map_lot	hold	0		requires a mechanism-specific evidence join
7774268	Altus	Ghost Glovewort [4]	1039547980			around Shaded Castle Ramparts	non_map_lot	hold	0		requires a mechanism-specific evidence join
7774269	Altus	Ghost Glovewort [4]	1039547990			around Shaded Castle Ramparts	non_map_lot	hold	0		requires a mechanism-specific evidence join
7774279	Altus	Golden Rune [10]	1040547700			around Road of Iniquity Side Path	non_map_lot	hold	0		requires a mechanism-specific evidence join
7774343	Altus	Golden Rune [12]	1043527700				non_map_lot	hold	1	gameplay-guide:redmaw	requires a mechanism-specific evidence join
7774344	Altus	Golden Rune [13]	1043527750				non_map_lot	hold	0		requires a mechanism-specific evidence join
7774345	Altus	Golden Rune [13]	1043527760				non_map_lot	hold	0		requires a mechanism-specific evidence join
7774317	Altus	Golden Rune [9]	1042527990				non_map_lot	hold	0		requires a mechanism-specific evidence join
7773959	Altus	Living Jar Shard	30137960			around Auriza Side Tomb	non_map_lot	hold	0		requires a mechanism-specific evidence join
7773960	Altus	Living Jar Shard	30137970			around Auriza Side Tomb	non_map_lot	hold	0		requires a mechanism-specific evidence join
7773961	Altus	Living Jar Shard	30137980			around Auriza Side Tomb	non_map_lot	hold	0		requires a mechanism-specific evidence join
7773962	Altus	Living Jar Shard	30137990			around Auriza Side Tomb	non_map_lot	hold	0		requires a mechanism-specific evidence join
7773357	Ancient Ruins	Fire Spritestone	2046477970			around Rauh Ancient Ruins, East	non_map_lot	hold	0		requires a mechanism-specific evidence join
7773453	Ancient Ruins	Sacred Bloody Flesh	2047477995			around Viaduct Minor Tower	non_map_lot	hold	0		requires a mechanism-specific evidence join
7773209	Ancient Ruins	Spirit Calculus	2044457950			around Ancient Ruins, Grand Stairway	non_map_lot	hold	0		requires a mechanism-specific evidence join
7773356	Ancient Ruins	Spirit Calculus	2046477955			around Rauh Ancient Ruins, East	non_map_lot	hold	0		requires a mechanism-specific evidence join
7772171	Caelid	Ghost Glovewort [4]	31117990			around Sellia Hideaway	non_map_lot	hold	1	gameplay-guide:redmaw	requires a mechanism-specific evidence join
7774482	Caelid	Golden Rune [9]	1050387950			around Church of the Plague	non_map_lot	hold	0		requires a mechanism-specific evidence join
7774483	Caelid	Golden Rune [9]	1050387960			around Church of the Plague	non_map_lot	hold	0		requires a mechanism-specific evidence join
7774484	Caelid	Golden Rune [9]	1050387970			around Church of the Plague	non_map_lot	hold	0		requires a mechanism-specific evidence join
7774485	Caelid	Golden Rune [9]	1050387980			around Church of the Plague	non_map_lot	hold	0		requires a mechanism-specific evidence join
7774486	Caelid	Golden Rune [9]	1050387990			around Church of the Plague	non_map_lot	hold	0		requires a mechanism-specific evidence join
7774492	Caelid	Golden Rune [9]	1051357990				non_map_lot	hold	0		requires a mechanism-specific evidence join
7774495	Caelid	Golden Rune [9]	1051397960			around Fort Faroth	non_map_lot	hold	0		requires a mechanism-specific evidence join
7774496	Caelid	Golden Rune [9]	1051397970			around Fort Faroth	non_map_lot	hold	0		requires a mechanism-specific evidence join
7774497	Caelid	Golden Rune [9]	1051397980			around Fort Faroth	non_map_lot	hold	0		requires a mechanism-specific evidence join
7774498	Caelid	Golden Rune [9]	1051397990			around Fort Faroth	non_map_lot	hold	0		requires a mechanism-specific evidence join
7774409	Caelid	Smoldering Butterfly	1047387980				non_map_lot	hold	0		requires a mechanism-specific evidence join
7774410	Caelid	Smoldering Butterfly	1047387990				non_map_lot	hold	0		requires a mechanism-specific evidence join
7774413	Caelid	Smoldering Butterfly	1047397990			around Fort Gael North	non_map_lot	hold	0		requires a mechanism-specific evidence join
7774422	Caelid	Smoldering Butterfly	1047407990			around Caelem Ruins	non_map_lot	hold	0		requires a mechanism-specific evidence join
7774431	Caelid	Smoldering Butterfly	1048407980			around Deep Siofra Well	non_map_lot	hold	0		requires a mechanism-specific evidence join
7774432	Caelid	Smoldering Butterfly	1048407990			around Deep Siofra Well	non_map_lot	hold	0		requires a mechanism-specific evidence join
7774073	Cerulean	Living Jar Shard	41027985			around Lamenter's Gaol	non_map_lot	hold	0		requires a mechanism-specific evidence join
7774074	Cerulean	Living Jar Shard	41027990			around Lamenter's Gaol	non_map_lot	hold	0		requires a mechanism-specific evidence join
7774075	Cerulean	Living Jar Shard	41027995			around Lamenter's Gaol	non_map_lot	hold	0		requires a mechanism-specific evidence join
7772010	Cerulean	Smithing Stone [8]	22007910			around Stone Coffin Fissure	non_map_lot	hold	0		requires a mechanism-specific evidence join
7773371	Cerulean	Starlight Shards	2047397995				non_map_lot	hold	1	gameplay-guide:redmaw	requires a mechanism-specific evidence join
7772300	Consecrated Snowfield	Alabaster Lord's Sword	32117700			Yelough Anix Tunnel	non_map_lot	hold	1	gameplay-guide:redmaw	requires a mechanism-specific evidence join
7774055	Gravesite	Living Jar Shard	41007970			around Belurat Gaol	non_map_lot	hold	0		requires a mechanism-specific evidence join
7774056	Gravesite	Living Jar Shard	41007975			around Belurat Gaol	non_map_lot	hold	0		requires a mechanism-specific evidence join
7774057	Gravesite	Living Jar Shard	41007980			around Belurat Gaol	non_map_lot	hold	0		requires a mechanism-specific evidence join
7774058	Gravesite	Living Jar Shard	41007985			around Belurat Gaol	non_map_lot	hold	0		requires a mechanism-specific evidence join
7774059	Gravesite	Living Jar Shard	41007990			around Belurat Gaol	non_map_lot	hold	0		requires a mechanism-specific evidence join
7774060	Gravesite	Living Jar Shard	41007995			around Belurat Gaol	non_map_lot	hold	0		requires a mechanism-specific evidence join
7773392	Gravesite	Smithing Stone [8]	2047427950				non_map_lot	hold	0		requires a mechanism-specific evidence join
7771560	Haligtree	Ghost Glovewort [9]	15001300			around Prayer Room	non_map_lot	hold	0		requires a mechanism-specific evidence join
7771561	Haligtree	Ghost Glovewort [9]	15001310			around Prayer Room	non_map_lot	hold	0		requires a mechanism-specific evidence join
7771562	Haligtree	Ghost Glovewort [9]	15001320			around Prayer Room	non_map_lot	hold	0		requires a mechanism-specific evidence join
7771563	Haligtree	Ghost Glovewort [9]	15001330			around Prayer Room	non_map_lot	hold	0		requires a mechanism-specific evidence join
7771564	Haligtree	Ghost Glovewort [9]	15001340			around Prayer Room	non_map_lot	hold	0		requires a mechanism-specific evidence join
7772421	Leyndell	Ghost Glovewort [6]	35007995			around Underground Roadside	non_map_lot	hold	0		requires a mechanism-specific evidence join
7773988	Leyndell	Living Jar Shard	35007997			around Underground Roadside	non_map_lot	hold	0		requires a mechanism-specific evidence join
7771020	Leyndell	Somber Smithing Stone [4]	11007983			around East Capital Rampart	non_map_lot	hold	1	gameplay-guide:redmaw	requires a mechanism-specific evidence join
7772420	Leyndell	Somber Smithing Stone [7]	35007993			around Underground Roadside	non_map_lot	hold	0		requires a mechanism-specific evidence join
7774115	Liurnia	Ghost Glovewort [2]	1035417980				non_map_lot	hold	0		requires a mechanism-specific evidence join
7774116	Liurnia	Ghost Glovewort [2]	1035417990				non_map_lot	hold	0		requires a mechanism-specific evidence join
7774204	Liurnia	Ghost Glovewort [2]	1037427990			around Scenic Isle	non_map_lot	hold	0		requires a mechanism-specific evidence join
7772132	Liurnia	Golden Rune [6]	31047990			around Stillwater Cave	non_map_lot	hold	0		requires a mechanism-specific evidence join
7774006	Liurnia	Golden Rune [6]	39207970			around Ruin-Strewn Precipice	non_map_lot	hold	0		requires a mechanism-specific evidence join
7774007	Liurnia	Golden Rune [6]	39207980			around Ruin-Strewn Precipice	non_map_lot	hold	0		requires a mechanism-specific evidence join
7774008	Liurnia	Golden Rune [6]	39207990			around Ruin-Strewn Precipice	non_map_lot	hold	0		requires a mechanism-specific evidence join
7774107	Liurnia	Golden Rune [6]	1033457990			near Foot of the Four Belfries	non_map_lot	hold	0		requires a mechanism-specific evidence join
7774157	Liurnia	Living Jar Shard	1035507610			around Main Caria Manor Gate	non_map_lot	hold	0		requires a mechanism-specific evidence join
7774158	Liurnia	Living Jar Shard	1035507620			around Main Caria Manor Gate	non_map_lot	hold	0		requires a mechanism-specific evidence join
7774159	Liurnia	Living Jar Shard	1035507630			around Main Caria Manor Gate	non_map_lot	hold	0		requires a mechanism-specific evidence join
7774237	Liurnia	Living Jar Shard	1039447980			around Jarburg	non_map_lot	hold	0		requires a mechanism-specific evidence join
7774238	Liurnia	Living Jar Shard	1039447990			around Jarburg	non_map_lot	hold	0		requires a mechanism-specific evidence join
7774129	Liurnia	Smoldering Butterfly	1035447990				non_map_lot	hold	0		requires a mechanism-specific evidence join
7774208	Liurnia	Smoldering Butterfly	1037497990			around Church of Inhibition	non_map_lot	hold	0		requires a mechanism-specific evidence join
7774210	Liurnia	Smoldering Butterfly	1038467990			around Eastern Tableland	non_map_lot	hold	0		requires a mechanism-specific evidence join
7774134	Liurnia	Somber Smithing Stone [2]	1035497990				non_map_lot	hold	0		requires a mechanism-specific evidence join
7774160	Liurnia	Somber Smithing Stone [2]	1035507650			around Main Caria Manor Gate	non_map_lot	hold	0		requires a mechanism-specific evidence join
7774161	Liurnia	Somber Smithing Stone [2]	1035507660			around Main Caria Manor Gate	non_map_lot	hold	0		requires a mechanism-specific evidence join
7774162	Liurnia	Somber Smithing Stone [2]	1035507670			around Main Caria Manor Gate	non_map_lot	hold	0		requires a mechanism-specific evidence join
7774163	Liurnia	Somber Smithing Stone [2]	1035507680			around Main Caria Manor Gate	non_map_lot	hold	0		requires a mechanism-specific evidence join
7774164	Liurnia	Somber Smithing Stone [2]	1035507690			around Main Caria Manor Gate	non_map_lot	hold	0		requires a mechanism-specific evidence join
7774165	Liurnia	Somber Smithing Stone [2]	1035507700			around Main Caria Manor Gate	non_map_lot	hold	0		requires a mechanism-specific evidence join
7774166	Liurnia	Somber Smithing Stone [2]	1035507710			around Main Caria Manor Gate	non_map_lot	hold	0		requires a mechanism-specific evidence join
7774167	Liurnia	Somber Smithing Stone [2]	1035507720			around Main Caria Manor Gate	non_map_lot	hold	0		requires a mechanism-specific evidence join
7774168	Liurnia	Somber Smithing Stone [2]	1035507730			around Main Caria Manor Gate	non_map_lot	hold	0		requires a mechanism-specific evidence join
7774169	Liurnia	Somber Smithing Stone [2]	1035507740			around Main Caria Manor Gate	non_map_lot	hold	0		requires a mechanism-specific evidence join
7774170	Liurnia	Somber Smithing Stone [2]	1035507750			around Main Caria Manor Gate	non_map_lot	hold	0		requires a mechanism-specific evidence join
7774171	Liurnia	Somber Smithing Stone [2]	1035507760			around Main Caria Manor Gate	non_map_lot	hold	0		requires a mechanism-specific evidence join
7774172	Liurnia	Somber Smithing Stone [2]	1035507770			around Main Caria Manor Gate	non_map_lot	hold	0		requires a mechanism-specific evidence join
7774173	Liurnia	Somber Smithing Stone [2]	1035507780			around Main Caria Manor Gate	non_map_lot	hold	0		requires a mechanism-specific evidence join
7774174	Liurnia	Somber Smithing Stone [2]	1035507790			around Main Caria Manor Gate	non_map_lot	hold	0		requires a mechanism-specific evidence join
7774175	Liurnia	Somber Smithing Stone [2]	1035507800			around Main Caria Manor Gate	non_map_lot	hold	0		requires a mechanism-specific evidence join
7773967	Mountaintops of the Giants	Living Jar Shard	30187950				non_map_lot	hold	0		requires a mechanism-specific evidence join
7773968	Mountaintops of the Giants	Living Jar Shard	30187960				non_map_lot	hold	0		requires a mechanism-specific evidence join
7773969	Mountaintops of the Giants	Living Jar Shard	30187970				non_map_lot	hold	0		requires a mechanism-specific evidence join
7773970	Mountaintops of the Giants	Living Jar Shard	30187980				non_map_lot	hold	0		requires a mechanism-specific evidence join
7773971	Mountaintops of the Giants	Living Jar Shard	30187990				non_map_lot	hold	0		requires a mechanism-specific evidence join
7774489	Mountaintops of the Giants	Somber Smithing Stone [7]	1050537980			around Giant-Conquering Hero's Grave	non_map_lot	hold	0		requires a mechanism-specific evidence join
7774490	Mountaintops of the Giants	Somber Smithing Stone [7]	1050537990			around Giant-Conquering Hero's Grave	non_map_lot	hold	0		requires a mechanism-specific evidence join
7774505	Mountaintops of the Giants	Somber Smithing Stone [7]	1051537950			around Church of Repose	non_map_lot	hold	0		requires a mechanism-specific evidence join
7774506	Mountaintops of the Giants	Somber Smithing Stone [7]	1051537960			around Church of Repose	non_map_lot	hold	0		requires a mechanism-specific evidence join
7774507	Mountaintops of the Giants	Somber Smithing Stone [7]	1051537970			around Church of Repose	non_map_lot	hold	0		requires a mechanism-specific evidence join
7774508	Mountaintops of the Giants	Somber Smithing Stone [7]	1051537980			around Church of Repose	non_map_lot	hold	0		requires a mechanism-specific evidence join
7774509	Mountaintops of the Giants	Somber Smithing Stone [7]	1051537990			around Church of Repose	non_map_lot	hold	0		requires a mechanism-specific evidence join
7774510	Mountaintops of the Giants	Somber Smithing Stone [7]	1051547960				non_map_lot	hold	0		requires a mechanism-specific evidence join
7774511	Mountaintops of the Giants	Somber Smithing Stone [7]	1051547970				non_map_lot	hold	0		requires a mechanism-specific evidence join
7774512	Mountaintops of the Giants	Somber Smithing Stone [7]	1051547980				non_map_lot	hold	0		requires a mechanism-specific evidence join
7774513	Mountaintops of the Giants	Somber Smithing Stone [7]	1051547990				non_map_lot	hold	0		requires a mechanism-specific evidence join
7774519	Mountaintops of the Giants	Somber Smithing Stone [7]	1052547980			around Giants' Gravepost	non_map_lot	hold	0		requires a mechanism-specific evidence join
7774520	Mountaintops of the Giants	Somber Smithing Stone [7]	1052547990			around Giants' Gravepost	non_map_lot	hold	0		requires a mechanism-specific evidence join
7774245	Mt. Gelmir	Golden Rune [10]	1039537750			around Bridge of Iniquity	non_map_lot	hold	0		requires a mechanism-specific evidence join
7771720	Mt. Gelmir	Great Omenkiller Cleaver	16007960			around Volcano Manor	non_map_lot	hold	0		requires a mechanism-specific evidence join
7771721	Mt. Gelmir	Great Omenkiller Cleaver	16007970			around Volcano Manor	non_map_lot	hold	0		requires a mechanism-specific evidence join
7773923	Mt. Gelmir	Living Jar Shard	16007930			around Volcano Manor	non_map_lot	hold	0		requires a mechanism-specific evidence join
7774179	Mt. Gelmir	Smoldering Butterfly	1035537980			around Seethewater Terminus	non_map_lot	hold	0		requires a mechanism-specific evidence join
7774180	Mt. Gelmir	Smoldering Butterfly	1035537990			around Seethewater Terminus	non_map_lot	hold	0		requires a mechanism-specific evidence join
7774183	Mt. Gelmir	Smoldering Butterfly	1035547990				non_map_lot	hold	0		requires a mechanism-specific evidence join
7774182	Mt. Gelmir	Somber Smithing Stone [4]	1035547980				non_map_lot	hold	0		requires a mechanism-specific evidence join
7774200	Mt. Gelmir	Somber Smithing Stone [4]	1036547990				non_map_lot	hold	0		requires a mechanism-specific evidence join
7773335	Rauh Base	Rauh Burrow	2046457950				non_map_lot	hold	0		requires a mechanism-specific evidence join
7773259	Rauh Base	Sacred Bloody Flesh	2045467995			around Temple Town Ruins	non_map_lot	hold	0		requires a mechanism-specific evidence join
7773922	Raya Lucaria Academy	Living Jar Shard	14007997			around Church of the Cuckoo	non_map_lot	hold	0		requires a mechanism-specific evidence join
7774045	Scadu Altus	Great Ghost Glovewort	40027900			around Darklight Catacombs	non_map_lot	hold	1	gameplay-guide:redmaw	requires a mechanism-specific evidence join
7774063	Scadu Altus	Living Jar Shard	41017975			around Bonny Gaol	non_map_lot	hold	0		requires a mechanism-specific evidence join
7774064	Scadu Altus	Living Jar Shard	41017980			around Bonny Gaol	non_map_lot	hold	0		requires a mechanism-specific evidence join
7774065	Scadu Altus	Living Jar Shard	41017985			around Bonny Gaol	non_map_lot	hold	0		requires a mechanism-specific evidence join
7774066	Scadu Altus	Living Jar Shard	41017990			around Bonny Gaol	non_map_lot	hold	0		requires a mechanism-specific evidence join
7774067	Scadu Altus	Living Jar Shard	41017995			around Bonny Gaol	non_map_lot	hold	0		requires a mechanism-specific evidence join
7773949	Shadow Keep	Living Jar Shard	21027985			around West Rampart	non_map_lot	hold	0		requires a mechanism-specific evidence join
7771242	Siofra River	Larval Tear	12027985			around Siofra River Bank	non_map_lot	hold	0		requires a mechanism-specific evidence join
7771244	Siofra River	Shining Horned Headband	12027995			around Siofra River Bank	non_map_lot	hold	0		requires a mechanism-specific evidence join
7773904	Stormveil	Living Jar Shard	10007082			around Castleward Tunnel	non_map_lot	hold	0		requires a mechanism-specific evidence join
7774333	Weeping	Golden Rune [6]	1043327990				non_map_lot	hold	1	gameplay-guide:redmaw	requires a mechanism-specific evidence join
7772898	Altus	Larval Tear	1043537100	ItemLotParam_map.getItemFlagId			ambiguous_map_lot	trusted_identity_region	2	gameplay-guide:redmaw;gameplay-wiki:eldenpedia	same-name candidates survive the committed anchor/tile joins; player ruling needed
7772105	Consecrated Snowfield	Rejuvenating Boluses	30197010	ItemLotParam_map.getItemFlagId			ambiguous_map_lot	trusted_identity_region	2	gameplay-guide:redmaw;gameplay-wiki:eldenpedia	same-name candidates survive the committed anchor/tile joins; player ruling needed
7773690	Mountaintops of the Giants	Ritual Pot	66400	ItemLotParam_map.getItemFlagId			ambiguous_map_lot	trusted_identity_region	2	gameplay-guide:redmaw;gameplay-wiki:eldenpedia	same-name candidates survive the committed anchor/tile joins; player ruling needed
7772017	Abyssal	Golden Horn Tender	28007070	ItemLotParam_map.getItemFlagId		near Midra's Library	exact_route_anchor	trusted_identity_region	2	gameplay-guide:redmaw;gameplay-wiki:fextralife	seek an independent source naming this exact route anchor and item
7772018	Abyssal	Shadow Realm Rune [7]	28007080	ItemLotParam_map.getItemFlagId		near Midra's Library	exact_route_anchor	trusted_identity_region	2	gameplay-guide:redmaw;gameplay-wiki:fextralife	seek an independent source naming this exact route anchor and item
7773582	Abyssal	Swollen Grape	2050427700	ItemLotParam_map.getItemFlagId		around Abyssal Woods	exact_route_anchor	trusted_identity_region	3	gameplay-guide:eip;gameplay-guide:redmaw;gameplay-wiki:fextralife	seek an independent source naming this exact route anchor and item
7771076	Ainsel River	Aeonian Butterfly	12017370	ItemLotParam_map.getItemFlagId		near Lake of Rot Shoreside	exact_route_anchor	trusted_identity_region	2	gameplay-guide:redmaw;gameplay-wiki:fextralife	seek an independent source naming this exact route anchor and item
7771051	Ainsel River	Black-Key Bolt	12017120	ItemLotParam_map.getItemFlagId		near Lake of Rot Shoreside	exact_route_anchor	trusted_identity_region	2	gameplay-wiki:eldenpedia;gameplay-wiki:fextralife	seek an independent source naming this exact route anchor and item
7771123	Ainsel River	Fan Daggers	12017840	ItemLotParam_map.getItemFlagId		near Grand Cloister	exact_route_anchor	trusted_identity_region	2	gameplay-wiki:eldenpedia;gameplay-wiki:fextralife	seek an independent source naming this exact route anchor and item
7771082	Ainsel River	Furlcalling Finger Remedy	12017430	ItemLotParam_map.getItemFlagId		near Ainsel River Downstream	exact_route_anchor	trusted_identity_region	2	gameplay-guide:redmaw;gameplay-wiki:eldenpedia	seek an independent source naming this exact route anchor and item
7771134	Ainsel River	Ghost Glovewort [9]	12017950	ItemLotParam_map.getItemFlagId		near Dragonkin Soldier of Nokstella	exact_route_anchor	trusted_identity_region	2	gameplay-guide:redmaw;gameplay-wiki:eldenpedia	seek an independent source naming this exact route anchor and item
7771084	Ainsel River	Golden Rune [9]	12017450	ItemLotParam_map.getItemFlagId		near Lake of Rot Shoreside	exact_route_anchor	trusted_identity_region	2	gameplay-guide:redmaw;gameplay-wiki:fextralife	seek an independent source naming this exact route anchor and item
7771086	Ainsel River	Preserving Boluses	12017470	ItemLotParam_map.getItemFlagId		near Grand Cloister	exact_route_anchor	trusted_identity_region	3	gameplay-guide:powerpyx;gameplay-guide:redmaw;gameplay-wiki:fextralife	seek an independent source naming this exact route anchor and item
7771125	Ainsel River	Smithing Stone [7]	12017860	ItemLotParam_map.getItemFlagId		near Grand Cloister	exact_route_anchor	trusted_identity_region	2	gameplay-guide:redmaw;gameplay-wiki:eldenpedia	seek an independent source naming this exact route anchor and item
7771093	Ainsel River	Stimulating Boluses	12017540	ItemLotParam_map.getItemFlagId		near Nokstella, Eternal City	exact_route_anchor	trusted_identity_region	2	gameplay-guide:redmaw;gameplay-wiki:fextralife	seek an independent source naming this exact route anchor and item
7771052	Ainsel River	Warming Stone	12017130	ItemLotParam_map.getItemFlagId		near Lake of Rot Shoreside	exact_route_anchor	trusted_identity_region	2	gameplay-guide:redmaw;gameplay-wiki:fextralife	seek an independent source naming this exact route anchor and item
7772270	Altus	Crystal Dart	32057000	ItemLotParam_map.getItemFlagId		near Altus Tunnel	exact_route_anchor	trusted_identity_region	2	gameplay-wiki:eldenpedia;gameplay-wiki:fextralife	seek an independent source naming this exact route anchor and item
7772069	Altus	Fan Daggers	30107020	ItemLotParam_map.getItemFlagId		near Auriza Hero's Grave	exact_route_anchor	trusted_identity_region	2	gameplay-wiki:eldenpedia;gameplay-wiki:fextralife	seek an independent source naming this exact route anchor and item
7772329	Altus	Furlcalling Finger Remedy	34127090	ItemLotParam_map.getItemFlagId		near Divine Tower of West Altus: Gate	exact_route_anchor	trusted_identity_region	2	gameplay-guide:redmaw;gameplay-wiki:eldenpedia	seek an independent source naming this exact route anchor and item
7772325	Altus	Gold-Pickled Fowl Foot	34127050	ItemLotParam_map.getItemFlagId		near Divine Tower of West Altus: Gate	exact_route_anchor	trusted_identity_region	2	gameplay-guide:redmaw;gameplay-wiki:eldenpedia	seek an independent source naming this exact route anchor and item
7772264	Altus	Golden Rune [6]	32047000	ItemLotParam_map.getItemFlagId		treasure · Old Altus Tunnel	exact_route_anchor	trusted_identity_region	2	gameplay-wiki:eldenpedia;gameplay-wiki:fextralife	seek an independent source naming this exact route anchor and item
7772070	Altus	Golden Rune [7]	30107030	ItemLotParam_map.getItemFlagId		near Auriza Hero's Grave	exact_route_anchor	trusted_identity_region	2	gameplay-wiki:eldenpedia;gameplay-wiki:fextralife	seek an independent source naming this exact route anchor and item
7772068	Altus	Holy Grease	30107010	ItemLotParam_map.getItemFlagId		near Auriza Hero's Grave	exact_route_anchor	trusted_identity_region	2	gameplay-wiki:eldenpedia;gameplay-wiki:fextralife	seek an independent source naming this exact route anchor and item
7772201	Altus	Lost Ashes of War	31197010	ItemLotParam_map.getItemFlagId		near Sage's Cave	exact_route_anchor	trusted_identity_region	2	gameplay-wiki:eldenpedia;gameplay-wiki:fextralife	seek an independent source naming this exact route anchor and item
7772197	Altus	Miranda Powder	31187060	ItemLotParam_map.getItemFlagId		near Perfumer's Grotto	exact_route_anchor	trusted_identity_region	2	gameplay-wiki:eldenpedia;gameplay-wiki:fextralife	seek an independent source naming this exact route anchor and item
7772205	Altus	Nascent Butterfly	31197060	ItemLotParam_map.getItemFlagId		near Sage's Cave	exact_route_anchor	trusted_identity_region	2	gameplay-wiki:eldenpedia;gameplay-wiki:fextralife	seek an independent source naming this exact route anchor and item
7770074	Altus	Perfume Bottle	66760	ItemLotParam_map.getItemFlagId		near Altus Highway Junction	exact_route_anchor	trusted_identity_region	3	gameplay-guide:redmaw;gameplay-wiki:eldenpedia;gameplay-wiki:fextralife	seek an independent source naming this exact route anchor and item
7770075	Altus	Perfume Bottle	66780	ItemLotParam_map.getItemFlagId		near Perfumer's Grotto	exact_route_anchor	trusted_identity_region	2	gameplay-wiki:eldenpedia;gameplay-wiki:fextralife	seek an independent source naming this exact route anchor and item
7774306	Altus	Raw Meat Dumpling	1041557010	ItemLotParam_map.getItemFlagId		near Windmill Village	exact_route_anchor	trusted_identity_region	2	gameplay-wiki:eldenpedia;gameplay-wiki:fextralife	seek an independent source naming this exact route anchor and item
7772200	Altus	Rejuvenating Boluses	31197000	ItemLotParam_map.getItemFlagId		near Sage's Cave	exact_route_anchor	trusted_identity_region	2	gameplay-wiki:eldenpedia;gameplay-wiki:fextralife	seek an independent source naming this exact route anchor and item
7772276	Altus	Rune Arc	32057910	ItemLotParam_map.getItemFlagId		near Altus Tunnel	exact_route_anchor	trusted_identity_region	2	gameplay-wiki:eldenpedia;gameplay-wiki:fextralife	seek an independent source naming this exact route anchor and item
7773958	Altus	Rune Arc	30127020	ItemLotParam_map.getItemFlagId		near Unsightly Catacombs	exact_route_anchor	trusted_identity_region	2	gameplay-wiki:eldenpedia;gameplay-wiki:fextralife	seek an independent source naming this exact route anchor and item
7772203	Altus	Silver-Pickled Fowl Foot	31197040	ItemLotParam_map.getItemFlagId		near Sage's Cave	exact_route_anchor	trusted_identity_region	2	gameplay-wiki:eldenpedia;gameplay-wiki:fextralife	seek an independent source naming this exact route anchor and item
7774301	Altus	Soft Cotton	1041537070	ItemLotParam_map.getItemFlagId		near Forest-Spanning Greatbridge	exact_route_anchor	trusted_identity_region	2	gameplay-guide:redmaw;gameplay-wiki:eldenpedia	seek an independent source naming this exact route anchor and item
7772266	Altus	Somber Smithing Stone [4]	32047020	ItemLotParam_map.getItemFlagId		treasure · Old Altus Tunnel	exact_route_anchor	trusted_identity_region	2	gameplay-guide:redmaw;gameplay-wiki:eldenpedia	seek an independent source naming this exact route anchor and item
7772265	Altus	Stanching Boluses	32047010	ItemLotParam_map.getItemFlagId		treasure · Old Altus Tunnel	exact_route_anchor	trusted_identity_region	3	gameplay-guide:redmaw;gameplay-wiki:eldenpedia;gameplay-wiki:fextralife	seek an independent source naming this exact route anchor and item
7772756	Altus	Starlight Shards	1039547350	ItemLotParam_map.getItemFlagId		near Shaded Castle Inner Gate	exact_route_anchor	trusted_identity_region	2	gameplay-guide:redmaw;gameplay-wiki:eldenpedia	seek an independent source naming this exact route anchor and item
7772206	Altus	Stonesword Key	31197080	ItemLotParam_map.getItemFlagId		near Sage's Cave	exact_route_anchor	trusted_identity_region	2	gameplay-wiki:eldenpedia;gameplay-wiki:fextralife	seek an independent source naming this exact route anchor and item
7773957	Altus	Stonesword Key	30107070	ItemLotParam_map.getItemFlagId		near Auriza Hero's Grave	exact_route_anchor	trusted_identity_region	2	gameplay-wiki:eldenpedia;gameplay-wiki:fextralife	seek an independent source naming this exact route anchor and item
7773247	Ancient Ruins	Spirit Calculus	2045457020	ItemLotParam_map.getItemFlagId		near Ancient Ruins, Grand Stairway	exact_route_anchor	trusted_identity_region	2	gameplay-guide:game8;gameplay-wiki:fextralife	seek an independent source naming this exact route anchor and item
7774447	Caelid	Aeonian Butterfly	1049387020	ItemLotParam_map.getItemFlagId		near Heart of Aeonia	exact_route_anchor	trusted_identity_region	2	gameplay-wiki:eldenpedia;gameplay-wiki:fextralife	seek an independent source naming this exact route anchor and item
7772166	Caelid	Crystal Dart	31117090	ItemLotParam_map.getItemFlagId		near Sellia Hideaway	exact_route_anchor	trusted_identity_region	2	gameplay-wiki:eldenpedia;gameplay-wiki:fextralife	seek an independent source naming this exact route anchor and item
7772217	Caelid	Fire Grease	31207030	ItemLotParam_map.getItemFlagId		near Abandoned Cave	exact_route_anchor	trusted_identity_region	2	gameplay-guide:redmaw;gameplay-wiki:eldenpedia	seek an independent source naming this exact route anchor and item
7772167	Caelid	Glowstone	31117110	ItemLotParam_map.getItemFlagId		near Sellia Hideaway	exact_route_anchor	trusted_identity_region	2	gameplay-wiki:eldenpedia;gameplay-wiki:fextralife	seek an independent source naming this exact route anchor and item
7772280	Caelid	Gold-Pickled Fowl Foot	32077030	ItemLotParam_map.getItemFlagId		near Rear Gael Tunnel Entrance	exact_route_anchor	trusted_identity_region	2	gameplay-guide:redmaw;gameplay-wiki:eldenpedia	seek an independent source naming this exact route anchor and item
7772157	Caelid	Golden Rune [12]	31107010	ItemLotParam_map.getItemFlagId		near Dragonbarrow Cave	exact_route_anchor	trusted_identity_region	2	gameplay-wiki:eldenpedia;gameplay-wiki:fextralife	seek an independent source naming this exact route anchor and item
7772339	Caelid	Golden Rune [12]	34137020	ItemLotParam_map.getItemFlagId		near Divine Tower of Caelid: Center	exact_route_anchor	trusted_identity_region	2	gameplay-wiki:eldenpedia;gameplay-wiki:fextralife	seek an independent source naming this exact route anchor and item
7773123	Caelid	Golden Rune [12]	1051397040	ItemLotParam_map.getItemFlagId		near Fort Faroth	exact_route_anchor	trusted_identity_region	2	gameplay-wiki:eldenpedia;gameplay-wiki:fextralife	seek an independent source naming this exact route anchor and item
7772161	Caelid	Golden Rune [3]	31117000	ItemLotParam_map.getItemFlagId		near Sellia Hideaway	exact_route_anchor	trusted_identity_region	2	gameplay-wiki:eldenpedia;gameplay-wiki:fextralife	seek an independent source naming this exact route anchor and item
7773176	Caelid	Golden Rune [6]	1052417010	ItemLotParam_map.getItemFlagId		near Lenne's Rise	exact_route_anchor	trusted_identity_region	2	gameplay-guide:powerpyx;gameplay-wiki:fextralife	seek an independent source naming this exact route anchor and item
7773965	Caelid	Golden Rune [6]	30167000	ItemLotParam_map.getItemFlagId		near War-Dead Catacombs	exact_route_anchor	trusted_identity_region	2	gameplay-wiki:eldenpedia;gameplay-wiki:fextralife	seek an independent source naming this exact route anchor and item
7773175	Caelid	Golden Rune [8]	1052417000	ItemLotParam_map.getItemFlagId		near Lenne's Rise	exact_route_anchor	trusted_identity_region	2	gameplay-guide:powerpyx;gameplay-wiki:fextralife	seek an independent source naming this exact route anchor and item
7772292	Caelid	Gravity Stone Fan	32087900	ItemLotParam_map.getItemFlagId		near Sellia Crystal Tunnel	exact_route_anchor	trusted_identity_region	2	gameplay-wiki:eldenpedia;gameplay-wiki:fextralife	seek an independent source naming this exact route anchor and item
7773087	Caelid	Imbued Sword Key	1050397910	ItemLotParam_map.getItemFlagId		near Sellia Under-Stair	exact_route_anchor	trusted_identity_region	3	gameplay-guide:game8;gameplay-guide:redmaw;gameplay-wiki:eldenpedia	seek an independent source naming this exact route anchor and item
7772162	Caelid	Lost Ashes of War	31117010	ItemLotParam_map.getItemFlagId		near Sellia Hideaway	exact_route_anchor	trusted_identity_region	2	gameplay-wiki:eldenpedia;gameplay-wiki:fextralife	seek an independent source naming this exact route anchor and item
7772089	Caelid	Magic Grease	30167010	ItemLotParam_map.getItemFlagId		near War-Dead Catacombs	exact_route_anchor	trusted_identity_region	2	gameplay-wiki:eldenpedia;gameplay-wiki:fextralife	seek an independent source naming this exact route anchor and item
7770023	Caelid	Memory Stone	60460	ItemLotParam_map.getItemFlagId		near Lenne's Rise	exact_route_anchor	trusted_identity_region	2	gameplay-wiki:eldenpedia;gameplay-wiki:fextralife	seek an independent source naming this exact route anchor and item
7772165	Caelid	Preserving Boluses	31117080	ItemLotParam_map.getItemFlagId		near Sellia Hideaway	exact_route_anchor	trusted_identity_region	2	gameplay-wiki:eldenpedia;gameplay-wiki:fextralife	seek an independent source naming this exact route anchor and item
7772228	Caelid	Rainbow Stone	31217150	ItemLotParam_map.getItemFlagId		near Gaol Cave	exact_route_anchor	trusted_identity_region	2	gameplay-guide:redmaw;gameplay-wiki:fextralife	seek an independent source naming this exact route anchor and item
7772283	Caelid	Rot Grease	32087000	ItemLotParam_map.getItemFlagId		near Sellia Crystal Tunnel	exact_route_anchor	trusted_identity_region	2	gameplay-wiki:eldenpedia;gameplay-wiki:fextralife	seek an independent source naming this exact route anchor and item
7772234	Caelid	Rune Arc	31217400	ItemLotParam_map.getItemFlagId		near Gaol Cave	exact_route_anchor	trusted_identity_region	2	gameplay-guide:redmaw;gameplay-wiki:fextralife	seek an independent source naming this exact route anchor and item
7772286	Caelid	Rune Arc	32087050	ItemLotParam_map.getItemFlagId		near Sellia Crystal Tunnel	exact_route_anchor	trusted_identity_region	2	gameplay-wiki:eldenpedia;gameplay-wiki:fextralife	seek an independent source naming this exact route anchor and item
7772978	Caelid	Rune Arc	1047387070	ItemLotParam_map.getItemFlagId		near Fort Gael North	exact_route_anchor	trusted_identity_region	2	gameplay-wiki:eldenpedia;gameplay-wiki:fextralife	seek an independent source naming this exact route anchor and item
7772091	Caelid	Silver-Pickled Fowl Foot	30167030	ItemLotParam_map.getItemFlagId		near War-Dead Catacombs	exact_route_anchor	trusted_identity_region	2	gameplay-guide:redmaw;gameplay-wiki:eldenpedia	seek an independent source naming this exact route anchor and item
7772277	Caelid	Somber Smithing Stone [2]	32077000	ItemLotParam_map.getItemFlagId		near Rear Gael Tunnel Entrance	exact_route_anchor	trusted_identity_region	2	gameplay-guide:redmaw;gameplay-wiki:eldenpedia	seek an independent source naming this exact route anchor and item
7773058	Caelid	Somber Smithing Stone [9]	1049417090	ItemLotParam_map.getItemFlagId		near Dragonbarrow West	exact_route_anchor	trusted_identity_region	2	gameplay-guide:redmaw;gameplay-wiki:eldenpedia	seek an independent source naming this exact route anchor and item
7772163	Caelid	Stimulating Boluses	31117030	ItemLotParam_map.getItemFlagId		near Sellia Hideaway	exact_route_anchor	trusted_identity_region	2	gameplay-wiki:eldenpedia;gameplay-wiki:fextralife	seek an independent source naming this exact route anchor and item
7773016	Caelid	Stonesword Key	1048397050	ItemLotParam_map.getItemFlagId		near Deep Siofra Well	exact_route_anchor	trusted_identity_region	2	gameplay-wiki:eldenpedia;gameplay-wiki:fextralife	seek an independent source naming this exact route anchor and item
7773728	Caelid	Unalloyed Gold Needle	400310	ItemLotParam_map.getItemFlagId		around Caelem Ruins	exact_route_anchor	trusted_identity_region	2	gameplay-guide:redmaw;gameplay-wiki:eldenpedia	seek an independent source naming this exact route anchor and item
7772979	Caelid	Warming Stone	1047387080	ItemLotParam_map.getItemFlagId		near Fort Gael North	exact_route_anchor	trusted_identity_region	2	gameplay-wiki:eldenpedia;gameplay-wiki:fextralife	seek an independent source naming this exact route anchor and item
7771996	Cerulean	Congealed Putrescence	22007100	ItemLotParam_map.getItemFlagId		near Stone Coffin Fissure	exact_route_anchor	trusted_identity_region	2	gameplay-wiki:eldenpedia;gameplay-wiki:fextralife	seek an independent source naming this exact route anchor and item
7771998	Cerulean	Deep-Purple Lily	22007120	ItemLotParam_map.getItemFlagId		near Stone Coffin Fissure	exact_route_anchor	trusted_identity_region	2	gameplay-wiki:eldenpedia;gameplay-wiki:fextralife	seek an independent source naming this exact route anchor and item
7773362	Cerulean	Deep-Purple Lily	2047367010	ItemLotParam_map.getItemFlagId		near The Fissure	exact_route_anchor	trusted_identity_region	2	gameplay-guide:redmaw;gameplay-wiki:fextralife	seek an independent source naming this exact route anchor and item
7773697	Cerulean	Hefty Cracked Pot	66940	ItemLotParam_map.getItemFlagId		near Lamenter's Gaol	exact_route_anchor	trusted_identity_region	2	gameplay-wiki:eldenpedia;gameplay-wiki:fextralife	seek an independent source naming this exact route anchor and item
7773291	Cerulean	Lost Ashes of War	2046387000	ItemLotParam_map.getItemFlagId		near Cerulean Coast West	exact_route_anchor	trusted_identity_region	2	gameplay-guide:redmaw;gameplay-wiki:eldenpedia	seek an independent source naming this exact route anchor and item
7774071	Cerulean	Shadow Realm Rune [4]	41027120	ItemLotParam_map.getItemFlagId		near Lamenter's Gaol	exact_route_anchor	trusted_identity_region	2	gameplay-guide:redmaw;gameplay-wiki:fextralife	seek an independent source naming this exact route anchor and item
7771997	Cerulean	St. Trina's Arrow	22007110	ItemLotParam_map.getItemFlagId		near Stone Coffin Fissure	exact_route_anchor	trusted_identity_region	2	gameplay-guide:redmaw;gameplay-wiki:fextralife	seek an independent source naming this exact route anchor and item
7773035	Consecrated Snowfield	Cuckoo Glintstone	1048577050	ItemLotParam_map.getItemFlagId		near Ordina, Liturgical Town	exact_route_anchor	trusted_identity_region	2	gameplay-wiki:eldenpedia;gameplay-wiki:fextralife	seek an independent source naming this exact route anchor and item
7773041	Consecrated Snowfield	Golden Rune [10]	1048577310	ItemLotParam_map.getItemFlagId		near Ordina, Liturgical Town	exact_route_anchor	trusted_identity_region	2	gameplay-wiki:eldenpedia;gameplay-wiki:fextralife	seek an independent source naming this exact route anchor and item
7772172	Consecrated Snowfield	Golden Rune [7]	31127000	ItemLotParam_map.getItemFlagId		near Cave of the Forlorn	exact_route_anchor	trusted_identity_region	2	gameplay-wiki:eldenpedia;gameplay-wiki:fextralife	seek an independent source naming this exact route anchor and item
7772174	Consecrated Snowfield	Hero's Rune [2]	31127020	ItemLotParam_map.getItemFlagId		near Cave of the Forlorn	exact_route_anchor	trusted_identity_region	2	gameplay-wiki:eldenpedia;gameplay-wiki:fextralife	seek an independent source naming this exact route anchor and item
7772299	Consecrated Snowfield	Hero's Rune [5]	32117080	ItemLotParam_map.getItemFlagId		treasure · Yelough Anix Tunnel	exact_route_anchor	trusted_identity_region	2	gameplay-guide:redmaw;gameplay-wiki:eldenpedia	seek an independent source naming this exact route anchor and item
7773040	Consecrated Snowfield	Invigorating Cured Meat	1048577300	ItemLotParam_map.getItemFlagId		near Ordina, Liturgical Town	exact_route_anchor	trusted_identity_region	3	gameplay-guide:redmaw;gameplay-wiki:eldenpedia;gameplay-wiki:fextralife	seek an independent source naming this exact route anchor and item
7773037	Consecrated Snowfield	Old Fang	1048577070	ItemLotParam_map.getItemFlagId		near Ordina, Liturgical Town	exact_route_anchor	trusted_identity_region	2	gameplay-wiki:eldenpedia;gameplay-wiki:fextralife	seek an independent source naming this exact route anchor and item
7772109	Consecrated Snowfield	Warming Stone	30207000	ItemLotParam_map.getItemFlagId		near Hidden Path to the Haligtree	exact_route_anchor	trusted_identity_region	2	gameplay-wiki:eldenpedia;gameplay-wiki:fextralife	seek an independent source naming this exact route anchor and item
7771245	Deeproot Depths	Stonesword Key	12037010	ItemLotParam_map.getItemFlagId		near The Nameless Eternal City	exact_route_anchor	trusted_identity_region	2	gameplay-guide:redmaw;gameplay-wiki:fextralife	seek an independent source naming this exact route anchor and item
7900028	Deeproot Depths	Twinned Armor	400348	ItemLotParam_map.getItemFlagId		around Root-Facing Cliffs	exact_route_anchor	trusted_identity_region	2	gameplay-guide:powerpyx;gameplay-wiki:eldenpedia	seek an independent source naming this exact route anchor and item
7771825	Enir Ilim	Broken Rune	20017110	ItemLotParam_map.getItemFlagId		near First Rise	exact_route_anchor	trusted_identity_region	2	gameplay-guide:redmaw;gameplay-wiki:fextralife	seek an independent source naming this exact route anchor and item
7771817	Enir Ilim	Messmerfire Grease	20017030	ItemLotParam_map.getItemFlagId		near First Rise	exact_route_anchor	trusted_identity_region	3	gameplay-guide:eip;gameplay-guide:redmaw;gameplay-wiki:fextralife	seek an independent source naming this exact route anchor and item
7771866	Enir Ilim	Somber Ancient Dragon Smithing Stone	20017520	ItemLotParam_map.getItemFlagId		near Spiral Rise	exact_route_anchor	trusted_identity_region	3	gameplay-guide:eip;gameplay-guide:game8;gameplay-guide:redmaw	seek an independent source naming this exact route anchor and item
7773403	Ensis	Broken Rune	2047447030	ItemLotParam_map.getItemFlagId		near Castle Ensis Checkpoint	exact_route_anchor	trusted_identity_region	2	gameplay-guide:redmaw;gameplay-wiki:fextralife	seek an independent source naming this exact route anchor and item
7773412	Ensis	Dewgem	2047447120	ItemLotParam_map.getItemFlagId		near Castle-Lord's Chamber	exact_route_anchor	trusted_identity_region	2	gameplay-guide:game8;gameplay-guide:redmaw	seek an independent source naming this exact route anchor and item
7773494	Ensis	Imbued Sword Key	2048447800	ItemLotParam_map.getItemFlagId		near Castle-Lord's Chamber	exact_route_anchor	trusted_identity_region	3	gameplay-guide:game8;gameplay-guide:redmaw;gameplay-wiki:eldenpedia	seek an independent source naming this exact route anchor and item
7773421	Ensis	Shadow Realm Rune [4]	2047447600	ItemLotParam_map.getItemFlagId		near Castle Ensis Checkpoint	exact_route_anchor	trusted_identity_region	3	gameplay-guide:pushsquare;gameplay-guide:redmaw;gameplay-wiki:fextralife	seek an independent source naming this exact route anchor and item
7773406	Ensis	Silver-Pickled Fowl Foot	2047447060	ItemLotParam_map.getItemFlagId		near Castle Ensis Checkpoint	exact_route_anchor	trusted_identity_region	2	gameplay-guide:redmaw;gameplay-wiki:fextralife	seek an independent source naming this exact route anchor and item
7771430	Farum Azula	Golden Rune [10]	13007300	ItemLotParam_map.getItemFlagId		near Dragon Temple	exact_route_anchor	trusted_identity_region	2	gameplay-guide:redmaw;gameplay-wiki:fextralife	seek an independent source naming this exact route anchor and item
7771416	Farum Azula	Hero's Rune [2]	13007130	ItemLotParam_map.getItemFlagId		near Crumbling Beast Grave Depths	exact_route_anchor	trusted_identity_region	2	gameplay-guide:redmaw;gameplay-wiki:fextralife	seek an independent source naming this exact route anchor and item
7771406	Farum Azula	Lightningproof Dried Liver	13007030	ItemLotParam_map.getItemFlagId		near Crumbling Beast Grave	exact_route_anchor	trusted_identity_region	2	gameplay-guide:redmaw;gameplay-wiki:eldenpedia	seek an independent source naming this exact route anchor and item
7771422	Farum Azula	Rejuvenating Boluses	13007200	ItemLotParam_map.getItemFlagId		near Crumbling Beast Grave Depths	exact_route_anchor	trusted_identity_region	2	gameplay-guide:redmaw;gameplay-wiki:fextralife	seek an independent source naming this exact route anchor and item
7771436	Farum Azula	Rune Arc	13007380	ItemLotParam_map.getItemFlagId		near Dragon Temple	exact_route_anchor	trusted_identity_region	2	gameplay-guide:redmaw;gameplay-wiki:fextralife	seek an independent source naming this exact route anchor and item
7771401	Farum Azula	Somber Ancient Dragon Smithing Stone	13007005	ItemLotParam_map.getItemFlagId		near Maliketh, the Black Blade	exact_route_anchor	trusted_identity_region	2	gameplay-guide:game8;gameplay-guide:redmaw	seek an independent source naming this exact route anchor and item
7773479	Gravesite	Deep-Purple Lily	2048437000	ItemLotParam_map.getItemFlagId		near Ellac River Cave	exact_route_anchor	trusted_identity_region	3	gameplay-guide:redmaw;gameplay-wiki:eldenpedia;gameplay-wiki:fextralife	seek an independent source naming this exact route anchor and item
7773698	Gravesite	Hefty Cracked Pot	66950	ItemLotParam_map.getItemFlagId		near Scorched Ruins	exact_route_anchor	trusted_identity_region	2	gameplay-wiki:eldenpedia;gameplay-wiki:fextralife	seek an independent source naming this exact route anchor and item
7774052	Gravesite	Innard Meat	41007210	ItemLotParam_map.getItemFlagId		near Belurat Gaol	exact_route_anchor	trusted_identity_region	2	gameplay-guide:redmaw;gameplay-wiki:fextralife	seek an independent source naming this exact route anchor and item
7773382	Gravesite	Redflesh Mushroom	2047417030	ItemLotParam_map.getItemFlagId		near Scorched Ruins	exact_route_anchor	trusted_identity_region	2	gameplay-wiki:eldenpedia;gameplay-wiki:fextralife	seek an independent source naming this exact route anchor and item
7774094	Gravesite	Sanguine Amaryllis	43007030	ItemLotParam_map.getItemFlagId		near Rivermouth Cave	exact_route_anchor	trusted_identity_region	2	gameplay-wiki:eldenpedia;gameplay-wiki:fextralife	seek an independent source naming this exact route anchor and item
7773289	Gravesite	Stone-Sheathed Sword	2045477900	ItemLotParam_map.getItemFlagId		around Fog Rift Catacombs	exact_route_anchor	trusted_identity_region	3	gameplay-guide:game8;gameplay-guide:redmaw;gameplay-wiki:fextralife	seek an independent source naming this exact route anchor and item
7774049	Gravesite	Thawfrost Boluses	41007110	ItemLotParam_map.getItemFlagId		near Belurat Gaol	exact_route_anchor	trusted_identity_region	2	gameplay-guide:redmaw;gameplay-wiki:fextralife	seek an independent source naming this exact route anchor and item
7771570	Haligtree	Aeonian Butterfly	15007050	ItemLotParam_map.getItemFlagId		near Haligtree Canopy	exact_route_anchor	trusted_identity_region	2	gameplay-wiki:eldenpedia;gameplay-wiki:fextralife	seek an independent source naming this exact route anchor and item
7771595	Haligtree	Aeonian Butterfly	15007300	ItemLotParam_map.getItemFlagId		near Haligtree Town Plaza	exact_route_anchor	trusted_identity_region	2	gameplay-wiki:eldenpedia;gameplay-wiki:fextralife	seek an independent source naming this exact route anchor and item
7771597	Haligtree	Somber Smithing Stone [9]	15007320	ItemLotParam_map.getItemFlagId		near Haligtree Town Plaza	exact_route_anchor	trusted_identity_region	2	gameplay-guide:game8;gameplay-wiki:eldenpedia	seek an independent source naming this exact route anchor and item
7900109	Jagged Peak	Igon's Armor	400714	ItemLotParam_map.getItemFlagId		near Foot of the Jagged Peak	exact_route_anchor	trusted_identity_region	2	gameplay-guide:game8;gameplay-wiki:eldenpedia	seek an independent source naming this exact route anchor and item
7900110	Jagged Peak	Igon's Gauntlets	400714	ItemLotParam_map.getItemFlagId		near Foot of the Jagged Peak	exact_route_anchor	trusted_identity_region	2	gameplay-guide:game8;gameplay-wiki:eldenpedia	seek an independent source naming this exact route anchor and item
7773764	Jagged Peak	Igon's Greatbow	400714	ItemLotParam_map.getItemFlagId		near Foot of the Jagged Peak	exact_route_anchor	trusted_identity_region	3	gameplay-guide:game8;gameplay-guide:redmaw;gameplay-wiki:fextralife	seek an independent source naming this exact route anchor and item
7900108	Jagged Peak	Igon's Helm	400714	ItemLotParam_map.getItemFlagId		near Foot of the Jagged Peak	exact_route_anchor	trusted_identity_region	2	gameplay-guide:game8;gameplay-wiki:eldenpedia	seek an independent source naming this exact route anchor and item
7900111	Jagged Peak	Igon's Loincloth	400714	ItemLotParam_map.getItemFlagId		near Foot of the Jagged Peak	exact_route_anchor	trusted_identity_region	2	gameplay-guide:game8;gameplay-wiki:eldenpedia	seek an independent source naming this exact route anchor and item
7773650	Jagged Peak	Red Fulgurbloom	2053407000	ItemLotParam_map.getItemFlagId		near Jagged Peak Mountainside	exact_route_anchor	trusted_identity_region	2	gameplay-guide:game8;gameplay-wiki:fextralife	seek an independent source naming this exact route anchor and item
7770989	Leyndell	Albinauric Bloodclot	11007620	ItemLotParam_map.getItemFlagId		near Avenue Balcony	exact_route_anchor	trusted_identity_region	2	gameplay-guide:redmaw;gameplay-wiki:fextralife	seek an independent source naming this exact route anchor and item
7770919	Leyndell	Celestial Dew	11007025	ItemLotParam_map.getItemFlagId		near Erdtree Sanctuary	exact_route_anchor	trusted_identity_region	3	gameplay-guide:redmaw;gameplay-wiki:eldenpedia;gameplay-wiki:fextralife	seek an independent source naming this exact route anchor and item
7770056	Leyndell	Cracked Pot	66130	ItemLotParam_map.getItemFlagId		near Avenue Balcony	exact_route_anchor	trusted_identity_region	2	gameplay-guide:redmaw;gameplay-wiki:fextralife	seek an independent source naming this exact route anchor and item
7770986	Leyndell	Erdsteel Dagger	11007590	ItemLotParam_map.getItemFlagId		near Lower Capital Church	exact_route_anchor	trusted_identity_region	2	gameplay-guide:redmaw;gameplay-wiki:eldenpedia	seek an independent source naming this exact route anchor and item
7770941	Leyndell	Hero's Rune [5]	11007155	ItemLotParam_map.getItemFlagId		near East Capital Rampart	exact_route_anchor	trusted_identity_region	2	gameplay-guide:redmaw;gameplay-wiki:fextralife	seek an independent source naming this exact route anchor and item
7772819	Limgrave	Flail	1042377060	ItemLotParam_map.getItemFlagId		near Agheel Lake North	exact_route_anchor	trusted_identity_region	2	gameplay-guide:powerpyx;gameplay-guide:redmaw	seek an independent source naming this exact route anchor and item
7772813	Limgrave	Golden Rune [2]	1042367030	ItemLotParam_map.getItemFlagId		near Church of Elleh	exact_route_anchor	trusted_identity_region	2	gameplay-guide:powerpyx;gameplay-wiki:fextralife	seek an independent source naming this exact route anchor and item
7772919	Limgrave	Golden Rune [2]	1044357000	ItemLotParam_map.getItemFlagId		near Agheel Lake South	exact_route_anchor	trusted_identity_region	2	gameplay-guide:powerpyx;gameplay-guide:redmaw	seek an independent source naming this exact route anchor and item
7772923	Limgrave	Immunizing Cured Meat	1044367020	ItemLotParam_map.getItemFlagId		near Waypoint Ruins Cellar	exact_route_anchor	trusted_identity_region	2	gameplay-guide:redmaw;gameplay-wiki:fextralife	seek an independent source naming this exact route anchor and item
7772920	Limgrave	Larval Tear	1044357100	ItemLotParam_map.getItemFlagId		around Agheel Lake South	exact_route_anchor	trusted_identity_region	3	gameplay-guide:redmaw;gameplay-wiki:eldenpedia;gameplay-wiki:fextralife	seek an independent source naming this exact route anchor and item
7774291	Limgrave	Stonesword Key	1041387040	ItemLotParam_map.getItemFlagId		near Stormhill Shack	exact_route_anchor	trusted_identity_region	3	gameplay-guide:redmaw;gameplay-wiki:eldenpedia;gameplay-wiki:fextralife	seek an independent source naming this exact route anchor and item
7770054	Liurnia	Cracked Pot	66110	ItemLotParam_map.getItemFlagId		near Royal Moongazing Grounds	exact_route_anchor	trusted_identity_region	2	gameplay-guide:redmaw;gameplay-wiki:fextralife	seek an independent source naming this exact route anchor and item
7772319	Liurnia	Cursemark of Death	34117500	ItemLotParam_map.getItemFlagId		near Divine Tower of Liurnia	exact_route_anchor	trusted_identity_region	3	gameplay-guide:redmaw;gameplay-wiki:eldenpedia;gameplay-wiki:fextralife	seek an independent source naming this exact route anchor and item
7774211	Liurnia	Frenzyflame Stone	1038477010	ItemLotParam_map.getItemFlagId		near Ruined Labyrinth	exact_route_anchor	trusted_identity_region	2	gameplay-wiki:eldenpedia;gameplay-wiki:fextralife	seek an independent source naming this exact route anchor and item
7772716	Liurnia	Golden Rune [6]	1039427020	ItemLotParam_map.getItemFlagId		near Liurnia Highway North	exact_route_anchor	trusted_identity_region	2	gameplay-guide:redmaw;gameplay-wiki:fextralife	seek an independent source naming this exact route anchor and item
7772476	Liurnia	Golden Rune [9]	1034427000	ItemLotParam_map.getItemFlagId		near Moonlight Altar	exact_route_anchor	trusted_identity_region	2	gameplay-guide:redmaw;gameplay-wiki:eldenpedia	seek an independent source naming this exact route anchor and item
7774111	Liurnia	Imbued Sword Key	1033477020	ItemLotParam_map.getItemFlagId		near The Four Belfries	exact_route_anchor	trusted_identity_region	2	gameplay-guide:redmaw;gameplay-wiki:fextralife	seek an independent source naming this exact route anchor and item
7772482	Liurnia	Larval Tear	1034427060	ItemLotParam_map.getItemFlagId		near Village of the Albinaurics	exact_route_anchor	trusted_identity_region	2	gameplay-wiki:eldenpedia;gameplay-wiki:fextralife	seek an independent source naming this exact route anchor and item
7774000	Liurnia	Lost Ashes of War	39207120	ItemLotParam_map.getItemFlagId		near Ruin-Strewn Precipice Overlook	exact_route_anchor	trusted_identity_region	2	gameplay-wiki:eldenpedia;gameplay-wiki:fextralife	seek an independent source naming this exact route anchor and item
7770019	Liurnia	Memory Stone	60410	ItemLotParam_map.getItemFlagId		near Converted Tower	exact_route_anchor	trusted_identity_region	2	gameplay-wiki:eldenpedia;gameplay-wiki:fextralife	seek an independent source naming this exact route anchor and item
7772035	Liurnia	Rune Arc	30037030	ItemLotParam_map.getItemFlagId		near Road's End Catacombs	exact_route_anchor	trusted_identity_region	2	gameplay-wiki:eldenpedia;gameplay-wiki:fextralife	seek an independent source naming this exact route anchor and item
7772578	Liurnia	Rune Arc	1036417020	ItemLotParam_map.getItemFlagId		near Slumbering Wolf's Shack	exact_route_anchor	trusted_identity_region	2	gameplay-guide:redmaw;gameplay-wiki:fextralife	seek an independent source naming this exact route anchor and item
7772532	Liurnia	Somber Smithing Stone [1]	1035437010	ItemLotParam_map.getItemFlagId		near Folly on the Lake	exact_route_anchor	trusted_identity_region	3	gameplay-guide:powerpyx;gameplay-guide:redmaw;gameplay-wiki:eldenpedia	seek an independent source naming this exact route anchor and item
7772483	Liurnia	Somber Smithing Stone [8]	1034427100	ItemLotParam_map.getItemFlagId		near Village of the Albinaurics	exact_route_anchor	trusted_identity_region	2	gameplay-guide:redmaw;gameplay-wiki:eldenpedia	seek an independent source naming this exact route anchor and item
7771324	Mohgwyn	Sacramental Bud	12057170	ItemLotParam_map.getItemFlagId		near Dynasty Mausoleum Entrance	exact_route_anchor	trusted_identity_region	2	gameplay-guide:redmaw;gameplay-wiki:fextralife	seek an independent source naming this exact route anchor and item
7771356	Mohgwyn	Somber Ancient Dragon Smithing Stone	12057900	ItemLotParam_map.getItemFlagId		near Dynasty Mausoleum Midpoint	exact_route_anchor	trusted_identity_region	3	gameplay-guide:powerpyx;gameplay-guide:redmaw;gameplay-wiki:eldenpedia	seek an independent source naming this exact route anchor and item
7773131	Mountaintops of the Giants	Ash of War: Troll's Roar	1051537600	ItemLotParam_map.getItemFlagId		near Church of Repose	exact_route_anchor	trusted_identity_region	2	gameplay-wiki:eldenpedia;gameplay-wiki:fextralife	seek an independent source naming this exact route anchor and item
7773164	Mountaintops of the Giants	Furlcalling Finger Remedy	1051577160	ItemLotParam_map.getItemFlagId		near Church of the Eclipse	exact_route_anchor	trusted_identity_region	2	gameplay-guide:redmaw;gameplay-wiki:eldenpedia	seek an independent source naming this exact route anchor and item
7772236	Mountaintops of the Giants	Golden Rune [6]	31227010	ItemLotParam_map.getItemFlagId		treasure · Spiritcaller Cave	exact_route_anchor	trusted_identity_region	2	gameplay-guide:redmaw;gameplay-wiki:eldenpedia	seek an independent source naming this exact route anchor and item
7773168	Mountaintops of the Giants	Golden Rune [9]	1051577200	ItemLotParam_map.getItemFlagId		near Castle Sol Rooftop	exact_route_anchor	trusted_identity_region	2	gameplay-guide:redmaw;gameplay-wiki:eldenpedia	seek an independent source naming this exact route anchor and item
7772240	Mountaintops of the Giants	Hero's Rune [1]	31227050	ItemLotParam_map.getItemFlagId		treasure · Spiritcaller Cave	exact_route_anchor	trusted_identity_region	2	gameplay-guide:redmaw;gameplay-wiki:eldenpedia	seek an independent source naming this exact route anchor and item
7773063	Mountaintops of the Giants	Invigorating Cured Meat	1049537010	ItemLotParam_map.getItemFlagId		near Zamor Ruins	exact_route_anchor	trusted_identity_region	2	gameplay-guide:redmaw;gameplay-wiki:eldenpedia	seek an independent source naming this exact route anchor and item
7773172	Mountaintops of the Giants	Stonesword Key	1051577300	ItemLotParam_map.getItemFlagId		near Castle Sol Rooftop	exact_route_anchor	trusted_identity_region	2	gameplay-wiki:eldenpedia;gameplay-wiki:fextralife	seek an independent source naming this exact route anchor and item
7773170	Mountaintops of the Giants	Stormhawk Axe	1051577220	ItemLotParam_map.getItemFlagId		near Church of the Eclipse	exact_route_anchor	trusted_identity_region	2	gameplay-guide:redmaw;gameplay-wiki:eldenpedia	seek an independent source naming this exact route anchor and item
7772065	Mt. Gelmir	Beast Blood	30097070	ItemLotParam_map.getItemFlagId		near Gelmir Hero's Grave	exact_route_anchor	trusted_identity_region	2	gameplay-wiki:eldenpedia;gameplay-wiki:fextralife	seek an independent source naming this exact route anchor and item
7771698	Mt. Gelmir	Golden Rune [12]	16007400	ItemLotParam_map.getItemFlagId		near Temple of Eiglay	exact_route_anchor	trusted_identity_region	2	gameplay-guide:redmaw;gameplay-wiki:fextralife	seek an independent source naming this exact route anchor and item
7772151	Mt. Gelmir	Golden Rune [6]	31097000	ItemLotParam_map.getItemFlagId		near Volcano Cave	exact_route_anchor	trusted_identity_region	2	gameplay-wiki:eldenpedia;gameplay-wiki:fextralife	seek an independent source naming this exact route anchor and item
7772591	Mt. Gelmir	Golden Rune [6]	1036537000	ItemLotParam_map.getItemFlagId		near Seethewater Terminus	exact_route_anchor	trusted_identity_region	2	gameplay-guide:redmaw;gameplay-wiki:fextralife	seek an independent source naming this exact route anchor and item
7773955	Mt. Gelmir	Golden Rune [6]	30097020	ItemLotParam_map.getItemFlagId		near Gelmir Hero's Grave	exact_route_anchor	trusted_identity_region	2	gameplay-wiki:eldenpedia;gameplay-wiki:fextralife	seek an independent source naming this exact route anchor and item
7772149	Mt. Gelmir	Golden Rune [7]	31077060	ItemLotParam_map.getItemFlagId		near Seethewater Cave	exact_route_anchor	trusted_identity_region	2	gameplay-wiki:eldenpedia;gameplay-wiki:fextralife	seek an independent source naming this exact route anchor and item
7772150	Mt. Gelmir	Immunizing Cured Meat	31077070	ItemLotParam_map.getItemFlagId		near Seethewater Cave	exact_route_anchor	trusted_identity_region	3	gameplay-guide:redmaw;gameplay-wiki:eldenpedia;gameplay-wiki:fextralife	seek an independent source naming this exact route anchor and item
7772598	Mt. Gelmir	Larval Tear	1036547100	ItemLotParam_map.getItemFlagId		around Ninth Mt. Gelmir Campsite	exact_route_anchor	trusted_identity_region	2	gameplay-guide:redmaw;gameplay-wiki:eldenpedia	seek an independent source naming this exact route anchor and item
7772148	Mt. Gelmir	Poisonbone Dart	31077040	ItemLotParam_map.getItemFlagId		near Seethewater Cave	exact_route_anchor	trusted_identity_region	2	gameplay-wiki:eldenpedia;gameplay-wiki:fextralife	seek an independent source naming this exact route anchor and item
7772146	Mt. Gelmir	Preserving Boluses	31077020	ItemLotParam_map.getItemFlagId		near Seethewater Cave	exact_route_anchor	trusted_identity_region	2	gameplay-guide:redmaw;gameplay-wiki:eldenpedia	seek an independent source naming this exact route anchor and item
7772454	Rauh Base	Ancient Dragon Smithing Stone	42037110	ItemLotParam_map.getItemFlagId		near Taylew's Ruined Forge	exact_route_anchor	trusted_identity_region	3	gameplay-guide:game8;gameplay-guide:redmaw;gameplay-wiki:eldenpedia	seek an independent source naming this exact route anchor and item
7773227	Rauh Base	Larval Tear	2044477900	ItemLotParam_map.getItemFlagId		near Ravine North	exact_route_anchor	trusted_identity_region	2	gameplay-guide:game8;gameplay-wiki:fextralife	seek an independent source naming this exact route anchor and item
7900278	Rauh Base	Leather Arm Wraps	2044477010	ItemLotParam_map.getItemFlagId		near Ravine North	exact_route_anchor	trusted_identity_region	2	gameplay-wiki:eldenpedia;gameplay-wiki:fextralife	seek an independent source naming this exact route anchor and item
7900279	Rauh Base	Leather Leg Wraps	2044477010	ItemLotParam_map.getItemFlagId		near Ravine North	exact_route_anchor	trusted_identity_region	2	gameplay-wiki:eldenpedia;gameplay-wiki:fextralife	seek an independent source naming this exact route anchor and item
7772458	Rauh Base	Shadow Realm Rune [3]	42037150	ItemLotParam_map.getItemFlagId		near Taylew's Ruined Forge	exact_route_anchor	trusted_identity_region	3	gameplay-guide:game8;gameplay-guide:redmaw;gameplay-wiki:fextralife	seek an independent source naming this exact route anchor and item
7773329	Rauh Base	Spiritgrave Stone	2046457050	ItemLotParam_map.getItemFlagId		near Temple Town Ruins	exact_route_anchor	trusted_identity_region	2	gameplay-guide:game8;gameplay-wiki:fextralife	seek an independent source naming this exact route anchor and item
7770055	Raya Lucaria Academy	Cracked Pot	66120	ItemLotParam_map.getItemFlagId		near Debate Parlor	exact_route_anchor	trusted_identity_region	2	gameplay-guide:redmaw;gameplay-wiki:fextralife	seek an independent source naming this exact route anchor and item
7771492	Raya Lucaria Academy	Rune Arc	14007020	ItemLotParam_map.getItemFlagId		near Church of the Cuckoo	exact_route_anchor	trusted_identity_region	2	gameplay-guide:redmaw;gameplay-wiki:fextralife	seek an independent source naming this exact route anchor and item
7771501	Raya Lucaria Academy	Silver-Pickled Fowl Foot	14007160	ItemLotParam_map.getItemFlagId		near Church of the Cuckoo	exact_route_anchor	trusted_identity_region	2	gameplay-guide:game8;gameplay-guide:redmaw	seek an independent source naming this exact route anchor and item
7771499	Raya Lucaria Academy	Spellproof Dried Liver	14007120	ItemLotParam_map.getItemFlagId		near Church of the Cuckoo	exact_route_anchor	trusted_identity_region	2	gameplay-guide:game8;gameplay-guide:redmaw	seek an independent source naming this exact route anchor and item
7773541	Scadu Altus	Blessing of Marika	2049437620	ItemLotParam_map.getItemFlagId		near Behind the Fort of Reprimand	exact_route_anchor	trusted_identity_region	2	gameplay-guide:redmaw;gameplay-wiki:eldenpedia	seek an independent source naming this exact route anchor and item
7772435	Scadu Altus	Frozen Maggot	41017030	ItemLotParam_map.getItemFlagId		near Bonny Gaol	exact_route_anchor	trusted_identity_region	2	gameplay-wiki:eldenpedia;gameplay-wiki:fextralife	seek an independent source naming this exact route anchor and item
7770078	Scadu Altus	Hefty Cracked Pot	66930	ItemLotParam_map.getItemFlagId		near Bonny Gaol	exact_route_anchor	trusted_identity_region	2	gameplay-wiki:eldenpedia;gameplay-wiki:fextralife	seek an independent source naming this exact route anchor and item
7770079	Scadu Altus	Hefty Cracked Pot	66960	ItemLotParam_map.getItemFlagId		near Bonny Village	exact_route_anchor	trusted_identity_region	2	gameplay-wiki:eldenpedia;gameplay-wiki:fextralife	seek an independent source naming this exact route anchor and item
7772442	Scadu Altus	Innard Meat	41017230	ItemLotParam_map.getItemFlagId		near Bonny Gaol	exact_route_anchor	trusted_identity_region	2	gameplay-guide:redmaw;gameplay-wiki:fextralife	seek an independent source naming this exact route anchor and item
7772437	Scadu Altus	Invigorating Cured Meat	41017120	ItemLotParam_map.getItemFlagId		near Bonny Gaol	exact_route_anchor	trusted_identity_region	2	gameplay-guide:redmaw;gameplay-wiki:fextralife	seek an independent source naming this exact route anchor and item
7771926	Scadu Altus	Iris of Grace	21007800	ItemLotParam_map.getItemFlagId		near Tree-Worship Sanctum	exact_route_anchor	trusted_identity_region	2	gameplay-wiki:eldenpedia;gameplay-wiki:fextralife	seek an independent source naming this exact route anchor and item
7772440	Scadu Altus	Lost Ashes of War	41017210	ItemLotParam_map.getItemFlagId		near Bonny Gaol	exact_route_anchor	trusted_identity_region	2	gameplay-guide:game8;gameplay-wiki:eldenpedia	seek an independent source naming this exact route anchor and item
7773423	Scadu Altus	Shadow Realm Rune [2]	2047447620	ItemLotParam_map.getItemFlagId		near Castle Ensis Checkpoint	exact_route_anchor	trusted_identity_region	2	gameplay-guide:redmaw;gameplay-wiki:fextralife	seek an independent source naming this exact route anchor and item
7773699	Shadow Keep	Hefty Cracked Pot	66980	ItemLotParam_map.getItemFlagId		near West Rampart	exact_route_anchor	trusted_identity_region	2	gameplay-guide:redmaw;gameplay-wiki:fextralife	seek an independent source naming this exact route anchor and item
7771932	Shadow Keep	Rune Arc	21017010	ItemLotParam_map.getItemFlagId		near Storehouse, First Floor	exact_route_anchor	trusted_identity_region	2	gameplay-guide:redmaw;gameplay-wiki:fextralife	seek an independent source naming this exact route anchor and item
7771230	Siofra River	Celestial Dew	12027870	ItemLotParam_map.getItemFlagId		near Ancestral Woods	exact_route_anchor	trusted_identity_region	2	gameplay-wiki:eldenpedia;gameplay-wiki:fextralife	seek an independent source naming this exact route anchor and item
7771235	Siofra River	Celestial Dew	12027920	ItemLotParam_map.getItemFlagId		near Night's Sacred Ground	exact_route_anchor	trusted_identity_region	2	gameplay-wiki:eldenpedia;gameplay-wiki:fextralife	seek an independent source naming this exact route anchor and item
7771196	Siofra River	Nascent Butterfly	12027520	ItemLotParam_map.getItemFlagId		near Ancestral Woods	exact_route_anchor	trusted_identity_region	2	gameplay-wiki:eldenpedia;gameplay-wiki:fextralife	seek an independent source naming this exact route anchor and item
7771228	Siofra River	Rejuvenating Boluses	12027850	ItemLotParam_map.getItemFlagId		near Ancestral Woods	exact_route_anchor	trusted_identity_region	2	gameplay-guide:redmaw;gameplay-wiki:eldenpedia	seek an independent source naming this exact route anchor and item
7770856	Stormveil	Fireproof Dried Liver	10007440	ItemLotParam_map.getItemFlagId		near Rampart Tower	exact_route_anchor	trusted_identity_region	2	gameplay-guide:powerpyx;gameplay-guide:redmaw	seek an independent source naming this exact route anchor and item
7770816	Stormveil	Gold-Pickled Fowl Foot	10007050	ItemLotParam_map.getItemFlagId		near Rampart Tower	exact_route_anchor	trusted_identity_region	2	gameplay-guide:powerpyx;gameplay-guide:redmaw	seek an independent source naming this exact route anchor and item
7770869	Stormveil	Golden Rune [5]	10007580	ItemLotParam_map.getItemFlagId		near Gateside Chamber	exact_route_anchor	trusted_identity_region	2	gameplay-guide:powerpyx;gameplay-guide:redmaw	seek an independent source naming this exact route anchor and item
7770895	Stormveil	Shabriri Grape	10007850	ItemLotParam_map.getItemFlagId		near Godrick the Grafted	exact_route_anchor	trusted_identity_region	2	gameplay-guide:powerpyx;gameplay-guide:redmaw	seek an independent source naming this exact route anchor and item
7772302	Stormveil	Soft Cotton	34107010	ItemLotParam_map.getItemFlagId		near Limgrave Tower Bridge	exact_route_anchor	trusted_identity_region	3	gameplay-guide:powerpyx;gameplay-guide:redmaw;gameplay-wiki:eldenpedia	seek an independent source naming this exact route anchor and item
7770819	Stormveil	Somber Smithing Stone [1]	10007085	ItemLotParam_map.getItemFlagId		around Castleward Tunnel	exact_route_anchor	trusted_identity_region	2	gameplay-guide:powerpyx;gameplay-guide:redmaw	seek an independent source naming this exact route anchor and item
7772301	Stormveil	Warming Stone	34107000	ItemLotParam_map.getItemFlagId		near Limgrave Tower Bridge	exact_route_anchor	trusted_identity_region	2	gameplay-guide:powerpyx;gameplay-guide:redmaw	seek an independent source naming this exact route anchor and item
7772250	Weeping	Exalted Flesh	32007900	ItemLotParam_map.getItemFlagId		near Morne Tunnel	exact_route_anchor	trusted_identity_region	2	gameplay-guide:redmaw;gameplay-wiki:fextralife	seek an independent source naming this exact route anchor and item
7772246	Weeping	Large Glintstone Scrap	32007020	ItemLotParam_map.getItemFlagId		near Morne Tunnel	exact_route_anchor	trusted_identity_region	2	gameplay-wiki:eldenpedia;gameplay-wiki:fextralife	seek an independent source naming this exact route anchor and item
7772248	Weeping	Soft Cotton	32007060	ItemLotParam_map.getItemFlagId		near Morne Tunnel	exact_route_anchor	trusted_identity_region	2	gameplay-guide:redmaw;gameplay-wiki:fextralife	seek an independent source naming this exact route anchor and item
7772247	Weeping	Stanching Boluses	32007030	ItemLotParam_map.getItemFlagId		near Morne Tunnel	exact_route_anchor	trusted_identity_region	2	gameplay-guide:redmaw;gameplay-wiki:fextralife	seek an independent source naming this exact route anchor and item
7772858	Weeping	Stonesword Key	1043317170	ItemLotParam_map.getItemFlagId		near Behind the Castle	exact_route_anchor	trusted_identity_region	2	gameplay-wiki:eldenpedia;gameplay-wiki:fextralife	seek an independent source naming this exact route anchor and item
7772118	Weeping	Trina's Lily	31017040	ItemLotParam_map.getItemFlagId		near Earthbore Cave	exact_route_anchor	trusted_identity_region	2	gameplay-guide:redmaw;gameplay-wiki:fextralife	seek an independent source naming this exact route anchor and item
