lead_id	subject_kind	subject_id	claim_kind	normalized_value	source_ids	independence_families	disposition	game_version	exact_citations	summary	limitations
redmaw-merchant-abandoned-merchant-m35-1-check-7770469	check	7770469	identity_region	"{""ap_flag"":190400,""item_name"":""Soap"",""merchant_anchor"":""abandoned-merchant"",""region"":""Siofra River"",""shop_row_ids"":[100940],""wiki_url"":""https://eldenring.wiki.gg/wiki/Soap""}"	wiki:redmaw:checklists:7281cb6f;wiki:eldenpedia:merchant-item:revision-84889	gameplay-guide:redmaw;gameplay-wiki:eldenpedia	lead_only	unknown	redmaw-checklists:merchants.html#abandoned-merchant/m35-1;wiki.gg:https://eldenring.wiki.gg/wiki/Soap?oldid=84889	Redmaw lists Soap under merchant section abandoned-merchant; that context identifies current AP shop flag 190400.	The identity is narrowed by Redmaw's merchant anchor and AP's current flag, shop-row, and physical-merchant evidence (Siofra River). It does not prove v1.17 behavior, access logic, stock predicates, or shop availability.
redmaw-merchant-abandoned-merchant-m35-2-check-7770470	check	7770470	identity_region	"{""ap_flag"":190410,""item_name"":""Nascent Butterfly"",""merchant_anchor"":""abandoned-merchant"",""region"":""Siofra River"",""shop_row_ids"":[100941],""wiki_url"":""https://eldenring.wiki.gg/wiki/Nascent_Butterfly""}"	wiki:redmaw:checklists:7281cb6f;wiki:eldenpedia:merchant-item:revision-99391	gameplay-guide:redmaw;gameplay-wiki:eldenpedia	lead_only	unknown	redmaw-checklists:merchants.html#abandoned-merchant/m35-2;wiki.gg:https://eldenring.wiki.gg/wiki/Nascent_Butterfly?oldid=99391	Redmaw lists Nascent Butterfly under merchant section abandoned-merchant; that context identifies current AP shop flag 190410.	The identity is narrowed by Redmaw's merchant anchor and AP's current flag, shop-row, and physical-merchant evidence (Siofra River). It does not prove v1.17 behavior, access logic, stock predicates, or shop availability.
redmaw-merchant-abandoned-merchant-m35-3-check-7770465	check	7770465	identity_region	"{""ap_flag"":190280,""item_name"":""Stonesword Key"",""merchant_anchor"":""abandoned-merchant"",""region"":""Siofra River"",""shop_row_ids"":[100928],""wiki_url"":""https://eldenring.wiki.gg/wiki/Stonesword_Key""}"	wiki:redmaw:checklists:7281cb6f;wiki:eldenpedia:merchant-item:revision-100701	gameplay-guide:redmaw;gameplay-wiki:eldenpedia	lead_only	unknown	redmaw-checklists:merchants.html#abandoned-merchant/m35-3;wiki.gg:https://eldenring.wiki.gg/wiki/Stonesword_Key?oldid=100701	Redmaw lists Stonesword Key under merchant section abandoned-merchant; that context identifies current AP shop flag 190280.	The identity is narrowed by Redmaw's merchant anchor and AP's current flag, shop-row, and physical-merchant evidence (Siofra River). It does not prove v1.17 behavior, access logic, stock predicates, or shop availability.
redmaw-merchant-abandoned-merchant-m35-4-check-7770467	check	7770467	identity_region	"{""ap_flag"":190360,""item_name"":""Larval Tear"",""merchant_anchor"":""abandoned-merchant"",""region"":""Siofra River"",""shop_row_ids"":[100936],""wiki_url"":""https://eldenring.wiki.gg/wiki/Larval_Tear""}"	wiki:redmaw:checklists:7281cb6f;wiki:eldenpedia:merchant-item:revision-99687	gameplay-guide:redmaw;gameplay-wiki:eldenpedia	lead_only	unknown	redmaw-checklists:merchants.html#abandoned-merchant/m35-4;wiki.gg:https://eldenring.wiki.gg/wiki/Larval_Tear?oldid=99687	Redmaw lists Larval Tear under merchant section abandoned-merchant; that context identifies current AP shop flag 190360.	The identity is narrowed by Redmaw's merchant anchor and AP's current flag, shop-row, and physical-merchant evidence (Siofra River). It does not prove v1.17 behavior, access logic, stock predicates, or shop availability.
redmaw-merchant-abandoned-merchant-m35-5-check-7770090	check	7770090	identity_region	"{""ap_flag"":67100,""item_name"":""Nomadic Warrior's Cookbook [17]"",""merchant_anchor"":""abandoned-merchant"",""region"":""Siofra River"",""shop_row_ids"":[100925],""wiki_url"":""https://eldenring.wiki.gg/wiki/Nomadic_Warrior%27s_Cookbook_17""}"	wiki:redmaw:checklists:7281cb6f;wiki:eldenpedia:merchant-item:revision-84885	gameplay-guide:redmaw;gameplay-wiki:eldenpedia	lead_only	unknown	redmaw-checklists:merchants.html#abandoned-merchant/m35-5;wiki.gg:https://eldenring.wiki.gg/wiki/Nomadic_Warrior's_Cookbook_17?oldid=84885	Redmaw lists Nomadic Warrior's Cookbook [17] under merchant section abandoned-merchant; that context identifies current AP shop flag 67100.	The identity is narrowed by Redmaw's merchant anchor and AP's current flag, shop-row, and physical-merchant evidence (Siofra River). It does not prove v1.17 behavior, access logic, stock predicates, or shop availability.
redmaw-merchant-abandoned-merchant-m35-6-check-7770100	check	7770100	identity_region	"{""ap_flag"":67270,""item_name"":""Nomadic Warrior's Cookbook [18]"",""merchant_anchor"":""abandoned-merchant"",""region"":""Siofra River"",""shop_row_ids"":[100926],""wiki_url"":""https://eldenring.wiki.gg/wiki/Nomadic_Warrior%27s_Cookbook_18""}"	wiki:redmaw:checklists:7281cb6f;wiki:eldenpedia:merchant-item:revision-84891	gameplay-guide:redmaw;gameplay-wiki:eldenpedia	lead_only	unknown	redmaw-checklists:merchants.html#abandoned-merchant/m35-6;wiki.gg:https://eldenring.wiki.gg/wiki/Nomadic_Warrior's_Cookbook_18?oldid=84891	Redmaw lists Nomadic Warrior's Cookbook [18] under merchant section abandoned-merchant; that context identifies current AP shop flag 67270.	The identity is narrowed by Redmaw's merchant anchor and AP's current flag, shop-row, and physical-merchant evidence (Siofra River). It does not prove v1.17 behavior, access logic, stock predicates, or shop availability.
redmaw-merchant-abandoned-merchant-m35-7-check-7770468	check	7770468	identity_region	"{""ap_flag"":190370,""item_name"":""Shotel"",""merchant_anchor"":""abandoned-merchant"",""region"":""Siofra River"",""shop_row_ids"":[100937],""wiki_url"":""https://eldenring.wiki.gg/wiki/Shotel""}"	wiki:redmaw:checklists:7281cb6f;wiki:eldenpedia:merchant-item:revision-95442	gameplay-guide:redmaw;gameplay-wiki:eldenpedia	lead_only	unknown	redmaw-checklists:merchants.html#abandoned-merchant/m35-7;wiki.gg:https://eldenring.wiki.gg/wiki/Shotel?oldid=95442	Redmaw lists Shotel under merchant section abandoned-merchant; that context identifies current AP shop flag 190370.	The identity is narrowed by Redmaw's merchant anchor and AP's current flag, shop-row, and physical-merchant evidence (Siofra River). It does not prove v1.17 behavior, access logic, stock predicates, or shop availability.
redmaw-merchant-abandoned-merchant-m35-9-check-7770466	check	7770466	identity_region	"{""ap_flag"":190350,""item_name"":""Dwelling Arrow"",""merchant_anchor"":""abandoned-merchant"",""region"":""Siofra River"",""shop_row_ids"":[100935],""wiki_url"":""https://eldenring.wiki.gg/wiki/Dwelling_Arrow""}"	wiki:redmaw:checklists:7281cb6f;wiki:eldenpedia:merchant-item:revision-19612	gameplay-guide:redmaw;gameplay-wiki:eldenpedia	lead_only	unknown	redmaw-checklists:merchants.html#abandoned-merchant/m35-9;wiki.gg:https://eldenring.wiki.gg/wiki/Dwelling_Arrow?oldid=19612	Redmaw lists Dwelling Arrow under merchant section abandoned-merchant; that context identifies current AP shop flag 190350.	The identity is narrowed by Redmaw's merchant anchor and AP's current flag, shop-row, and physical-merchant evidence (Siofra River). It does not prove v1.17 behavior, access logic, stock predicates, or shop availability.
redmaw-merchant-bernahl-m4-1-check-7770226	check	7770226	identity	"{""ap_flag"":100780,""item_name"":""Ash of War: Stamp (Upward Cut)"",""merchant_anchor"":""bernahl"",""shop_row_ids"":[100078],""wiki_url"":""https://eldenring.wiki.gg/wiki/Ash_of_War:_Stamp_(Upward_Cut)""}"	wiki:redmaw:checklists:7281cb6f;wiki:eldenpedia:merchant-item:revision-68392	gameplay-guide:redmaw;gameplay-wiki:eldenpedia	lead_only	unknown	redmaw-checklists:merchants.html#bernahl/m4-1;wiki.gg:https://eldenring.wiki.gg/wiki/Ash_of_War%3A_Stamp_(Upward_Cut)?oldid=68392	Redmaw lists Ash of War: Stamp (Upward Cut) under merchant section bernahl; that context identifies current AP shop flag 100780.	The identity is narrowed by Redmaw's merchant anchor and AP's current flag, shop-row, and physical-merchant evidence (Roundtable Hold). It does not prove v1.17 behavior, access logic, stock predicates, or shop availability.
redmaw-merchant-bernahl-m4-10-check-7770234	check	7770234	identity	"{""ap_flag"":100860,""item_name"":""Ash of War: No Skill"",""merchant_anchor"":""bernahl"",""shop_row_ids"":[100086],""wiki_url"":""https://eldenring.wiki.gg/wiki/Ash_of_War:_No_Skill""}"	wiki:redmaw:checklists:7281cb6f;wiki:eldenpedia:merchant-item:revision-68933	gameplay-guide:redmaw;gameplay-wiki:eldenpedia	lead_only	unknown	redmaw-checklists:merchants.html#bernahl/m4-10;wiki.gg:https://eldenring.wiki.gg/wiki/Ash_of_War%3A_No_Skill?oldid=68933	Redmaw lists Ash of War: No Skill under merchant section bernahl; that context identifies current AP shop flag 100860.	The identity is narrowed by Redmaw's merchant anchor and AP's current flag, shop-row, and physical-merchant evidence (Roundtable Hold). It does not prove v1.17 behavior, access logic, stock predicates, or shop availability.
redmaw-merchant-bernahl-m4-12-check-7770232	check	7770232	identity	"{""ap_flag"":100840,""item_name"":""Ash of War: Eruption"",""merchant_anchor"":""bernahl"",""shop_row_ids"":[100084],""wiki_url"":""https://eldenring.wiki.gg/wiki/Ash_of_War:_Eruption""}"	wiki:redmaw:checklists:7281cb6f;wiki:eldenpedia:merchant-item:revision-70148	gameplay-guide:redmaw;gameplay-wiki:eldenpedia	lead_only	unknown	redmaw-checklists:merchants.html#bernahl/m4-12;wiki.gg:https://eldenring.wiki.gg/wiki/Ash_of_War%3A_Eruption?oldid=70148	Redmaw lists Ash of War: Eruption under merchant section bernahl; that context identifies current AP shop flag 100840.	The identity is narrowed by Redmaw's merchant anchor and AP's current flag, shop-row, and physical-merchant evidence (Roundtable Hold). It does not prove v1.17 behavior, access logic, stock predicates, or shop availability.
redmaw-merchant-bernahl-m4-13-check-7770233	check	7770233	identity	"{""ap_flag"":100850,""item_name"":""Ash of War: Assassin's Gambit"",""merchant_anchor"":""bernahl"",""shop_row_ids"":[100085],""wiki_url"":""https://eldenring.wiki.gg/wiki/Ash_of_War:_Assassin%27s_Gambit""}"	wiki:redmaw:checklists:7281cb6f;wiki:eldenpedia:merchant-item:revision-68811	gameplay-guide:redmaw;gameplay-wiki:eldenpedia	lead_only	unknown	redmaw-checklists:merchants.html#bernahl/m4-13;wiki.gg:https://eldenring.wiki.gg/wiki/Ash_of_War%3A_Assassin's_Gambit?oldid=68811	Redmaw lists Ash of War: Assassin's Gambit under merchant section bernahl; that context identifies current AP shop flag 100850.	The identity is narrowed by Redmaw's merchant anchor and AP's current flag, shop-row, and physical-merchant evidence (Roundtable Hold). It does not prove v1.17 behavior, access logic, stock predicates, or shop availability.
redmaw-merchant-bernahl-m4-2-check-7770227	check	7770227	identity	"{""ap_flag"":100790,""item_name"":""Ash of War: Kick"",""merchant_anchor"":""bernahl"",""shop_row_ids"":[100079],""wiki_url"":""https://eldenring.wiki.gg/wiki/Ash_of_War:_Kick""}"	wiki:redmaw:checklists:7281cb6f;wiki:eldenpedia:merchant-item:revision-68814	gameplay-guide:redmaw;gameplay-wiki:eldenpedia	lead_only	unknown	redmaw-checklists:merchants.html#bernahl/m4-2;wiki.gg:https://eldenring.wiki.gg/wiki/Ash_of_War%3A_Kick?oldid=68814	Redmaw lists Ash of War: Kick under merchant section bernahl; that context identifies current AP shop flag 100790.	The identity is narrowed by Redmaw's merchant anchor and AP's current flag, shop-row, and physical-merchant evidence (Roundtable Hold). It does not prove v1.17 behavior, access logic, stock predicates, or shop availability.
redmaw-merchant-bernahl-m4-3-check-7770229	check	7770229	identity	"{""ap_flag"":100810,""item_name"":""Ash of War: Endure"",""merchant_anchor"":""bernahl"",""shop_row_ids"":[100081],""wiki_url"":""https://eldenring.wiki.gg/wiki/Ash_of_War:_Endure""}"	wiki:redmaw:checklists:7281cb6f;wiki:eldenpedia:merchant-item:revision-68815	gameplay-guide:redmaw;gameplay-wiki:eldenpedia	lead_only	unknown	redmaw-checklists:merchants.html#bernahl/m4-3;wiki.gg:https://eldenring.wiki.gg/wiki/Ash_of_War%3A_Endure?oldid=68815	Redmaw lists Ash of War: Endure under merchant section bernahl; that context identifies current AP shop flag 100810.	The identity is narrowed by Redmaw's merchant anchor and AP's current flag, shop-row, and physical-merchant evidence (Roundtable Hold). It does not prove v1.17 behavior, access logic, stock predicates, or shop availability.
redmaw-merchant-bernahl-m4-4-check-7770228	check	7770228	identity	"{""ap_flag"":100800,""item_name"":""Ash of War: War Cry"",""merchant_anchor"":""bernahl"",""shop_row_ids"":[100080],""wiki_url"":""https://eldenring.wiki.gg/wiki/Ash_of_War:_War_Cry""}"	wiki:redmaw:checklists:7281cb6f;wiki:eldenpedia:merchant-item:revision-69797	gameplay-guide:redmaw;gameplay-wiki:eldenpedia	lead_only	unknown	redmaw-checklists:merchants.html#bernahl/m4-4;wiki.gg:https://eldenring.wiki.gg/wiki/Ash_of_War%3A_War_Cry?oldid=69797	Redmaw lists Ash of War: War Cry under merchant section bernahl; that context identifies current AP shop flag 100800.	The identity is narrowed by Redmaw's merchant anchor and AP's current flag, shop-row, and physical-merchant evidence (Roundtable Hold). It does not prove v1.17 behavior, access logic, stock predicates, or shop availability.
redmaw-merchant-bernahl-m4-5-check-7770224	check	7770224	identity	"{""ap_flag"":100760,""item_name"":""Ash of War: Spinning Slash"",""merchant_anchor"":""bernahl"",""shop_row_ids"":[100076],""wiki_url"":""https://eldenring.wiki.gg/wiki/Ash_of_War:_Spinning_Slash""}"	wiki:redmaw:checklists:7281cb6f;wiki:eldenpedia:merchant-item:revision-68409	gameplay-guide:redmaw;gameplay-wiki:eldenpedia	lead_only	unknown	redmaw-checklists:merchants.html#bernahl/m4-5;wiki.gg:https://eldenring.wiki.gg/wiki/Ash_of_War%3A_Spinning_Slash?oldid=68409	Redmaw lists Ash of War: Spinning Slash under merchant section bernahl; that context identifies current AP shop flag 100760.	The identity is narrowed by Redmaw's merchant anchor and AP's current flag, shop-row, and physical-merchant evidence (Roundtable Hold). It does not prove v1.17 behavior, access logic, stock predicates, or shop availability.
redmaw-merchant-bernahl-m4-6-check-7770223	check	7770223	identity	"{""ap_flag"":100750,""item_name"":""Ash of War: Impaling Thrust"",""merchant_anchor"":""bernahl"",""shop_row_ids"":[100075],""wiki_url"":""https://eldenring.wiki.gg/wiki/Ash_of_War:_Impaling_Thrust""}"	wiki:redmaw:checklists:7281cb6f;wiki:eldenpedia:merchant-item:revision-68410	gameplay-guide:redmaw;gameplay-wiki:eldenpedia	lead_only	unknown	redmaw-checklists:merchants.html#bernahl/m4-6;wiki.gg:https://eldenring.wiki.gg/wiki/Ash_of_War%3A_Impaling_Thrust?oldid=68410	Redmaw lists Ash of War: Impaling Thrust under merchant section bernahl; that context identifies current AP shop flag 100750.	The identity is narrowed by Redmaw's merchant anchor and AP's current flag, shop-row, and physical-merchant evidence (Roundtable Hold). It does not prove v1.17 behavior, access logic, stock predicates, or shop availability.
redmaw-merchant-bernahl-m4-7-check-7770225	check	7770225	identity	"{""ap_flag"":100770,""item_name"":""Ash of War: Quickstep"",""merchant_anchor"":""bernahl"",""shop_row_ids"":[100077],""wiki_url"":""https://eldenring.wiki.gg/wiki/Ash_of_War:_Quickstep""}"	wiki:redmaw:checklists:7281cb6f;wiki:eldenpedia:merchant-item:revision-68821	gameplay-guide:redmaw;gameplay-wiki:eldenpedia	lead_only	unknown	redmaw-checklists:merchants.html#bernahl/m4-7;wiki.gg:https://eldenring.wiki.gg/wiki/Ash_of_War%3A_Quickstep?oldid=68821	Redmaw lists Ash of War: Quickstep under merchant section bernahl; that context identifies current AP shop flag 100770.	The identity is narrowed by Redmaw's merchant anchor and AP's current flag, shop-row, and physical-merchant evidence (Roundtable Hold). It does not prove v1.17 behavior, access logic, stock predicates, or shop availability.
redmaw-merchant-bernahl-m4-8-check-7770231	check	7770231	identity	"{""ap_flag"":100830,""item_name"":""Ash of War: Storm Blade"",""merchant_anchor"":""bernahl"",""shop_row_ids"":[100083],""wiki_url"":""https://eldenring.wiki.gg/wiki/Ash_of_War:_Storm_Blade""}"	wiki:redmaw:checklists:7281cb6f;wiki:eldenpedia:merchant-item:revision-69750	gameplay-guide:redmaw;gameplay-wiki:eldenpedia	lead_only	unknown	redmaw-checklists:merchants.html#bernahl/m4-8;wiki.gg:https://eldenring.wiki.gg/wiki/Ash_of_War%3A_Storm_Blade?oldid=69750	Redmaw lists Ash of War: Storm Blade under merchant section bernahl; that context identifies current AP shop flag 100830.	The identity is narrowed by Redmaw's merchant anchor and AP's current flag, shop-row, and physical-merchant evidence (Roundtable Hold). It does not prove v1.17 behavior, access logic, stock predicates, or shop availability.
redmaw-merchant-bernahl-m4-9-check-7770230	check	7770230	identity	"{""ap_flag"":100820,""item_name"":""Ash of War: Parry"",""merchant_anchor"":""bernahl"",""shop_row_ids"":[100082],""wiki_url"":""https://eldenring.wiki.gg/wiki/Ash_of_War:_Parry""}"	wiki:redmaw:checklists:7281cb6f;wiki:eldenpedia:merchant-item:revision-68918	gameplay-guide:redmaw;gameplay-wiki:eldenpedia	lead_only	unknown	redmaw-checklists:merchants.html#bernahl/m4-9;wiki.gg:https://eldenring.wiki.gg/wiki/Ash_of_War%3A_Parry?oldid=68918	Redmaw lists Ash of War: Parry under merchant section bernahl; that context identifies current AP shop flag 100820.	The identity is narrowed by Redmaw's merchant anchor and AP's current flag, shop-row, and physical-merchant evidence (Roundtable Hold). It does not prove v1.17 behavior, access logic, stock predicates, or shop availability.
redmaw-merchant-blackguard-m12-2-check-7770595	check	7770595	identity	"{""ap_flag"":400300,""item_name"":""Rya's Necklace"",""merchant_anchor"":""blackguard"",""shop_row_ids"":[100150],""wiki_url"":""https://eldenring.wiki.gg/wiki/Rya%27s_Necklace""}"	wiki:redmaw:checklists:7281cb6f;wiki:eldenpedia:merchant-item:revision-50524	gameplay-guide:redmaw;gameplay-wiki:eldenpedia	lead_only	unknown	redmaw-checklists:merchants.html#blackguard/m12-2;wiki.gg:https://eldenring.wiki.gg/wiki/Rya's_Necklace?oldid=50524	Redmaw lists Rya's Necklace under merchant section blackguard; that context identifies current AP shop flag 400300.	The identity is narrowed by Redmaw's merchant anchor and AP's current flag, shop-row, and physical-merchant evidence (Liurnia). It does not prove v1.17 behavior, access logic, stock predicates, or shop availability.
redmaw-merchant-corhyn-m8-1-check-7770285	check	7770285	identity	"{""ap_flag"":130510,""item_name"":""Urgent Heal"",""merchant_anchor"":""corhyn"",""shop_row_ids"":[100351],""wiki_url"":""https://eldenring.wiki.gg/wiki/Urgent_Heal""}"	wiki:redmaw:checklists:7281cb6f;wiki:eldenpedia:merchant-item:revision-87535	gameplay-guide:redmaw;gameplay-wiki:eldenpedia	lead_only	unknown	redmaw-checklists:merchants.html#corhyn/m8-1;wiki.gg:https://eldenring.wiki.gg/wiki/Urgent_Heal?oldid=87535	Redmaw lists Urgent Heal under merchant section corhyn; that context identifies current AP shop flag 130510.	The identity is narrowed by Redmaw's merchant anchor and AP's current flag, shop-row, and physical-merchant evidence (Roundtable Hold). It does not prove v1.17 behavior, access logic, stock predicates, or shop availability.
redmaw-merchant-corhyn-m8-10-check-7770292	check	7770292	identity	"{""ap_flag"":130580,""item_name"":""Great Heal"",""merchant_anchor"":""corhyn"",""shop_row_ids"":[100358],""wiki_url"":""https://eldenring.wiki.gg/wiki/Great_Heal""}"	wiki:redmaw:checklists:7281cb6f;wiki:eldenpedia:merchant-item:revision-83519	gameplay-guide:redmaw;gameplay-wiki:eldenpedia	lead_only	unknown	redmaw-checklists:merchants.html#corhyn/m8-10;wiki.gg:https://eldenring.wiki.gg/wiki/Great_Heal?oldid=83519	Redmaw lists Great Heal under merchant section corhyn; that context identifies current AP shop flag 130580.	The identity is narrowed by Redmaw's merchant anchor and AP's current flag, shop-row, and physical-merchant evidence (Roundtable Hold). It does not prove v1.17 behavior, access logic, stock predicates, or shop availability.
redmaw-merchant-corhyn-m8-11-check-7770293	check	7770293	identity	"{""ap_flag"":130590,""item_name"":""Lightning Fortification"",""merchant_anchor"":""corhyn"",""shop_row_ids"":[100359],""wiki_url"":""https://eldenring.wiki.gg/wiki/Lightning_Fortification""}"	wiki:redmaw:checklists:7281cb6f;wiki:eldenpedia:merchant-item:revision-83525	gameplay-guide:redmaw;gameplay-wiki:eldenpedia	lead_only	unknown	redmaw-checklists:merchants.html#corhyn/m8-11;wiki.gg:https://eldenring.wiki.gg/wiki/Lightning_Fortification?oldid=83525	Redmaw lists Lightning Fortification under merchant section corhyn; that context identifies current AP shop flag 130590.	The identity is narrowed by Redmaw's merchant anchor and AP's current flag, shop-row, and physical-merchant evidence (Roundtable Hold). It does not prove v1.17 behavior, access logic, stock predicates, or shop availability.
redmaw-merchant-corhyn-m8-13-check-7770294	check	7770294	identity	"{""ap_flag"":130600,""item_name"":""Discus of Light"",""merchant_anchor"":""corhyn"",""shop_row_ids"":[100360],""wiki_url"":""https://eldenring.wiki.gg/wiki/Discus_of_Light""}"	wiki:redmaw:checklists:7281cb6f;wiki:eldenpedia:merchant-item:revision-97559	gameplay-guide:redmaw;gameplay-wiki:eldenpedia	lead_only	unknown	redmaw-checklists:merchants.html#corhyn/m8-13;wiki.gg:https://eldenring.wiki.gg/wiki/Discus_of_Light?oldid=97559	Redmaw lists Discus of Light under merchant section corhyn; that context identifies current AP shop flag 130600.	The identity is narrowed by Redmaw's merchant anchor and AP's current flag, shop-row, and physical-merchant evidence (Roundtable Hold). It does not prove v1.17 behavior, access logic, stock predicates, or shop availability.
redmaw-merchant-corhyn-m8-15-check-7770295	check	7770295	identity	"{""ap_flag"":130610,""item_name"":""Immutable Shield"",""merchant_anchor"":""corhyn"",""shop_row_ids"":[100361],""wiki_url"":""https://eldenring.wiki.gg/wiki/Immutable_Shield""}"	wiki:redmaw:checklists:7281cb6f;wiki:eldenpedia:merchant-item:revision-83590	gameplay-guide:redmaw;gameplay-wiki:eldenpedia	lead_only	unknown	redmaw-checklists:merchants.html#corhyn/m8-15;wiki.gg:https://eldenring.wiki.gg/wiki/Immutable_Shield?oldid=83590	Redmaw lists Immutable Shield under merchant section corhyn; that context identifies current AP shop flag 130610.	The identity is narrowed by Redmaw's merchant anchor and AP's current flag, shop-row, and physical-merchant evidence (Roundtable Hold). It does not prove v1.17 behavior, access logic, stock predicates, or shop availability.
redmaw-merchant-corhyn-m8-2-check-7770286	check	7770286	identity	"{""ap_flag"":130520,""item_name"":""Heal"",""merchant_anchor"":""corhyn"",""shop_row_ids"":[100352],""wiki_url"":""https://eldenring.wiki.gg/wiki/Heal""}"	wiki:redmaw:checklists:7281cb6f;wiki:eldenpedia:merchant-item:revision-83518	gameplay-guide:redmaw;gameplay-wiki:eldenpedia	lead_only	unknown	redmaw-checklists:merchants.html#corhyn/m8-2;wiki.gg:https://eldenring.wiki.gg/wiki/Heal?oldid=83518	Redmaw lists Heal under merchant section corhyn; that context identifies current AP shop flag 130520.	The identity is narrowed by Redmaw's merchant anchor and AP's current flag, shop-row, and physical-merchant evidence (Roundtable Hold). It does not prove v1.17 behavior, access logic, stock predicates, or shop availability.
redmaw-merchant-corhyn-m8-3-check-7770287	check	7770287	identity	"{""ap_flag"":130530,""item_name"":""Cure Poison"",""merchant_anchor"":""corhyn"",""shop_row_ids"":[100353],""wiki_url"":""https://eldenring.wiki.gg/wiki/Cure_Poison""}"	wiki:redmaw:checklists:7281cb6f;wiki:eldenpedia:merchant-item:revision-91513	gameplay-guide:redmaw;gameplay-wiki:eldenpedia	lead_only	unknown	redmaw-checklists:merchants.html#corhyn/m8-3;wiki.gg:https://eldenring.wiki.gg/wiki/Cure_Poison?oldid=91513	Redmaw lists Cure Poison under merchant section corhyn; that context identifies current AP shop flag 130530.	The identity is narrowed by Redmaw's merchant anchor and AP's current flag, shop-row, and physical-merchant evidence (Roundtable Hold). It does not prove v1.17 behavior, access logic, stock predicates, or shop availability.
redmaw-merchant-corhyn-m8-4-check-7770289	check	7770289	identity	"{""ap_flag"":130550,""item_name"":""Magic Fortification"",""merchant_anchor"":""corhyn"",""shop_row_ids"":[100355],""wiki_url"":""https://eldenring.wiki.gg/wiki/Magic_Fortification""}"	wiki:redmaw:checklists:7281cb6f;wiki:eldenpedia:merchant-item:revision-83523	gameplay-guide:redmaw;gameplay-wiki:eldenpedia	lead_only	unknown	redmaw-checklists:merchants.html#corhyn/m8-4;wiki.gg:https://eldenring.wiki.gg/wiki/Magic_Fortification?oldid=83523	Redmaw lists Magic Fortification under merchant section corhyn; that context identifies current AP shop flag 130550.	The identity is narrowed by Redmaw's merchant anchor and AP's current flag, shop-row, and physical-merchant evidence (Roundtable Hold). It does not prove v1.17 behavior, access logic, stock predicates, or shop availability.
redmaw-merchant-corhyn-m8-5-check-7770288	check	7770288	identity	"{""ap_flag"":130540,""item_name"":""Flame Fortification"",""merchant_anchor"":""corhyn"",""shop_row_ids"":[100354],""wiki_url"":""https://eldenring.wiki.gg/wiki/Flame_Fortification""}"	wiki:redmaw:checklists:7281cb6f;wiki:eldenpedia:merchant-item:revision-83524	gameplay-guide:redmaw;gameplay-wiki:eldenpedia	lead_only	unknown	redmaw-checklists:merchants.html#corhyn/m8-5;wiki.gg:https://eldenring.wiki.gg/wiki/Flame_Fortification?oldid=83524	Redmaw lists Flame Fortification under merchant section corhyn; that context identifies current AP shop flag 130540.	The identity is narrowed by Redmaw's merchant anchor and AP's current flag, shop-row, and physical-merchant evidence (Roundtable Hold). It does not prove v1.17 behavior, access logic, stock predicates, or shop availability.
redmaw-merchant-corhyn-m8-6-check-7770284	check	7770284	identity	"{""ap_flag"":130500,""item_name"":""Rejection"",""merchant_anchor"":""corhyn"",""shop_row_ids"":[100350],""wiki_url"":""https://eldenring.wiki.gg/wiki/Rejection""}"	wiki:redmaw:checklists:7281cb6f;wiki:eldenpedia:merchant-item:revision-83555	gameplay-guide:redmaw;gameplay-wiki:eldenpedia	lead_only	unknown	redmaw-checklists:merchants.html#corhyn/m8-6;wiki.gg:https://eldenring.wiki.gg/wiki/Rejection?oldid=83555	Redmaw lists Rejection under merchant section corhyn; that context identifies current AP shop flag 130500.	The identity is narrowed by Redmaw's merchant anchor and AP's current flag, shop-row, and physical-merchant evidence (Roundtable Hold). It does not prove v1.17 behavior, access logic, stock predicates, or shop availability.
redmaw-merchant-corhyn-m8-7-check-7770290	check	7770290	identity	"{""ap_flag"":130560,""item_name"":""Catch Flame"",""merchant_anchor"":""corhyn"",""shop_row_ids"":[100356],""wiki_url"":""https://eldenring.wiki.gg/wiki/Catch_Flame""}"	wiki:redmaw:checklists:7281cb6f;wiki:eldenpedia:merchant-item:revision-97570	gameplay-guide:redmaw;gameplay-wiki:eldenpedia	lead_only	unknown	redmaw-checklists:merchants.html#corhyn/m8-7;wiki.gg:https://eldenring.wiki.gg/wiki/Catch_Flame?oldid=97570	Redmaw lists Catch Flame under merchant section corhyn; that context identifies current AP shop flag 130560.	The identity is narrowed by Redmaw's merchant anchor and AP's current flag, shop-row, and physical-merchant evidence (Roundtable Hold). It does not prove v1.17 behavior, access logic, stock predicates, or shop availability.
redmaw-merchant-corhyn-m8-8-check-7770291	check	7770291	identity	"{""ap_flag"":130570,""item_name"":""Flame Sling"",""merchant_anchor"":""corhyn"",""shop_row_ids"":[100357],""wiki_url"":""https://eldenring.wiki.gg/wiki/Flame_Sling""}"	wiki:redmaw:checklists:7281cb6f;wiki:eldenpedia:merchant-item:revision-83619	gameplay-guide:redmaw;gameplay-wiki:eldenpedia	lead_only	unknown	redmaw-checklists:merchants.html#corhyn/m8-8;wiki.gg:https://eldenring.wiki.gg/wiki/Flame_Sling?oldid=83619	Redmaw lists Flame Sling under merchant section corhyn; that context identifies current AP shop flag 130570.	The identity is narrowed by Redmaw's merchant anchor and AP's current flag, shop-row, and physical-merchant evidence (Roundtable Hold). It does not prove v1.17 behavior, access logic, stock predicates, or shop availability.
redmaw-merchant-darian-m7-1-check-7770247	check	7770247	identity	"{""ap_flag"":110260,""item_name"":""Litany of Proper Death"",""merchant_anchor"":""darian"",""shop_row_ids"":[100126],""wiki_url"":""https://eldenring.wiki.gg/wiki/Litany_of_Proper_Death""}"	wiki:redmaw:checklists:7281cb6f;wiki:eldenpedia:merchant-item:revision-97567	gameplay-guide:redmaw;gameplay-wiki:eldenpedia	lead_only	unknown	redmaw-checklists:merchants.html#darian/m7-1;wiki.gg:https://eldenring.wiki.gg/wiki/Litany_of_Proper_Death?oldid=97567	Redmaw lists Litany of Proper Death under merchant section darian; that context identifies current AP shop flag 110260.	The identity is narrowed by Redmaw's merchant anchor and AP's current flag, shop-row, and physical-merchant evidence (Limgrave). It does not prove v1.17 behavior, access logic, stock predicates, or shop availability.
redmaw-merchant-darian-m7-2-check-7770248	check	7770248	identity	"{""ap_flag"":110270,""item_name"":""Order's Blade"",""merchant_anchor"":""darian"",""shop_row_ids"":[100127],""wiki_url"":""https://eldenring.wiki.gg/wiki/Order%27s_Blade""}"	wiki:redmaw:checklists:7281cb6f;wiki:eldenpedia:merchant-item:revision-83589	gameplay-guide:redmaw;gameplay-wiki:eldenpedia	lead_only	unknown	redmaw-checklists:merchants.html#darian/m7-2;wiki.gg:https://eldenring.wiki.gg/wiki/Order's_Blade?oldid=83589	Redmaw lists Order's Blade under merchant section darian; that context identifies current AP shop flag 110270.	The identity is narrowed by Redmaw's merchant anchor and AP's current flag, shop-row, and physical-merchant evidence (Limgrave). It does not prove v1.17 behavior, access logic, stock predicates, or shop availability.
redmaw-merchant-dragon-communion-m18-1-check-7770506	check	7770506	identity	"{""ap_flag"":290500,""item_name"":""Dragonfire"",""merchant_anchor"":""dragon-communion"",""shop_row_ids"":[101950,101980],""wiki_url"":""https://eldenring.wiki.gg/wiki/Dragonfire""}"	wiki:redmaw:checklists:7281cb6f;wiki:eldenpedia:merchant-item:revision-96228	gameplay-guide:redmaw;gameplay-wiki:eldenpedia	lead_only	unknown	redmaw-checklists:merchants.html#dragon-communion/m18-1;wiki.gg:https://eldenring.wiki.gg/wiki/Dragonfire?oldid=96228	Redmaw lists Dragonfire under merchant section dragon-communion; that context identifies current AP shop flag 290500.	The identity is narrowed by Redmaw's merchant anchor and AP's current flag, shop-row, and physical-merchant evidence (Roundtable Hold). It does not prove v1.17 behavior, access logic, stock predicates, or shop availability.
redmaw-merchant-dragon-communion-m18-10-check-7770509	check	7770509	identity	"{""ap_flag"":290530,""item_name"":""Rotten Breath"",""merchant_anchor"":""dragon-communion"",""shop_row_ids"":[101953],""wiki_url"":""https://eldenring.wiki.gg/wiki/Rotten_Breath""}"	wiki:redmaw:checklists:7281cb6f;wiki:eldenpedia:merchant-item:revision-101150	gameplay-guide:redmaw;gameplay-wiki:eldenpedia	lead_only	unknown	redmaw-checklists:merchants.html#dragon-communion/m18-10;wiki.gg:https://eldenring.wiki.gg/wiki/Rotten_Breath?oldid=101150	Redmaw lists Rotten Breath under merchant section dragon-communion; that context identifies current AP shop flag 290530.	The identity is narrowed by Redmaw's merchant anchor and AP's current flag, shop-row, and physical-merchant evidence (Caelid). It does not prove v1.17 behavior, access logic, stock predicates, or shop availability.
redmaw-merchant-dragon-communion-m18-11-check-7770513	check	7770513	identity	"{""ap_flag"":290570,""item_name"":""Ekzykes's Decay"",""merchant_anchor"":""dragon-communion"",""shop_row_ids"":[101957],""wiki_url"":""https://eldenring.wiki.gg/wiki/Ekzykes%27s_Decay""}"	wiki:redmaw:checklists:7281cb6f;wiki:eldenpedia:merchant-item:revision-83704	gameplay-guide:redmaw;gameplay-wiki:eldenpedia	lead_only	unknown	redmaw-checklists:merchants.html#dragon-communion/m18-11;wiki.gg:https://eldenring.wiki.gg/wiki/Ekzykes's_Decay?oldid=83704	Redmaw lists Ekzykes's Decay under merchant section dragon-communion; that context identifies current AP shop flag 290570.	The identity is narrowed by Redmaw's merchant anchor and AP's current flag, shop-row, and physical-merchant evidence (Caelid). It does not prove v1.17 behavior, access logic, stock predicates, or shop availability.
redmaw-merchant-dragon-communion-m18-12-check-7770507	check	7770507	identity	"{""ap_flag"":290510,""item_name"":""Dragonice"",""merchant_anchor"":""dragon-communion"",""shop_row_ids"":[101951],""wiki_url"":""https://eldenring.wiki.gg/wiki/Dragonice""}"	wiki:redmaw:checklists:7281cb6f;wiki:eldenpedia:merchant-item:revision-96308	gameplay-guide:redmaw;gameplay-wiki:eldenpedia	lead_only	unknown	redmaw-checklists:merchants.html#dragon-communion/m18-12;wiki.gg:https://eldenring.wiki.gg/wiki/Dragonice?oldid=96308	Redmaw lists Dragonice under merchant section dragon-communion; that context identifies current AP shop flag 290510.	The identity is narrowed by Redmaw's merchant anchor and AP's current flag, shop-row, and physical-merchant evidence (Caelid). It does not prove v1.17 behavior, access logic, stock predicates, or shop availability.
redmaw-merchant-dragon-communion-m18-13-check-7770511	check	7770511	identity	"{""ap_flag"":290550,""item_name"":""Borealis's Mist"",""merchant_anchor"":""dragon-communion"",""shop_row_ids"":[101955],""wiki_url"":""https://eldenring.wiki.gg/wiki/Borealis%27s_Mist""}"	wiki:redmaw:checklists:7281cb6f;wiki:eldenpedia:merchant-item:revision-83707	gameplay-guide:redmaw;gameplay-wiki:eldenpedia	lead_only	unknown	redmaw-checklists:merchants.html#dragon-communion/m18-13;wiki.gg:https://eldenring.wiki.gg/wiki/Borealis's_Mist?oldid=83707	Redmaw lists Borealis's Mist under merchant section dragon-communion; that context identifies current AP shop flag 290550.	The identity is narrowed by Redmaw's merchant anchor and AP's current flag, shop-row, and physical-merchant evidence (Caelid). It does not prove v1.17 behavior, access logic, stock predicates, or shop availability.
redmaw-merchant-dragon-communion-m18-14-check-7770521	check	7770521	identity	"{""ap_flag"":290790,""item_name"":""Greyoll's Roar"",""merchant_anchor"":""dragon-communion"",""shop_row_ids"":[101962],""wiki_url"":""https://eldenring.wiki.gg/wiki/Greyoll%27s_Roar""}"	wiki:redmaw:checklists:7281cb6f;wiki:eldenpedia:merchant-item:revision-96968	gameplay-guide:redmaw;gameplay-wiki:eldenpedia	lead_only	unknown	redmaw-checklists:merchants.html#dragon-communion/m18-14;wiki.gg:https://eldenring.wiki.gg/wiki/Greyoll's_Roar?oldid=96968	Redmaw lists Greyoll's Roar under merchant section dragon-communion; that context identifies current AP shop flag 290790.	The identity is narrowed by Redmaw's merchant anchor and AP's current flag, shop-row, and physical-merchant evidence (Caelid). It does not prove v1.17 behavior, access logic, stock predicates, or shop availability.
redmaw-merchant-dragon-communion-m18-16-check-7770514	check	7770514	identity	"{""ap_flag"":290650,""item_name"":""Bayle's Tyranny"",""merchant_anchor"":""dragon-communion"",""shop_row_ids"":[102350],""wiki_url"":""https://eldenring.wiki.gg/wiki/Bayle%27s_Tyranny""}"	wiki:redmaw:checklists:7281cb6f;wiki:eldenpedia:merchant-item:revision-83712	gameplay-guide:redmaw;gameplay-wiki:eldenpedia	lead_only	unknown	redmaw-checklists:merchants.html#dragon-communion/m18-16;wiki.gg:https://eldenring.wiki.gg/wiki/Bayle's_Tyranny?oldid=83712	Redmaw lists Bayle's Tyranny under merchant section dragon-communion; that context identifies current AP shop flag 290650.	The identity is narrowed by Redmaw's merchant anchor and AP's current flag, shop-row, and physical-merchant evidence (Jagged Peak). It does not prove v1.17 behavior, access logic, stock predicates, or shop availability.
redmaw-merchant-dragon-communion-m18-17-check-7770515	check	7770515	identity	"{""ap_flag"":290660,""item_name"":""Bayle's Flame Lightning"",""merchant_anchor"":""dragon-communion"",""shop_row_ids"":[102351],""wiki_url"":""https://eldenring.wiki.gg/wiki/Bayle%27s_Flame_Lightning""}"	wiki:redmaw:checklists:7281cb6f;wiki:eldenpedia:merchant-item:revision-83713	gameplay-guide:redmaw;gameplay-wiki:eldenpedia	lead_only	unknown	redmaw-checklists:merchants.html#dragon-communion/m18-17;wiki.gg:https://eldenring.wiki.gg/wiki/Bayle's_Flame_Lightning?oldid=83713	Redmaw lists Bayle's Flame Lightning under merchant section dragon-communion; that context identifies current AP shop flag 290660.	The identity is narrowed by Redmaw's merchant anchor and AP's current flag, shop-row, and physical-merchant evidence (Jagged Peak). It does not prove v1.17 behavior, access logic, stock predicates, or shop availability.
redmaw-merchant-dragon-communion-m18-18-check-7770516	check	7770516	identity	"{""ap_flag"":290670,""item_name"":""Ghostflame Breath"",""merchant_anchor"":""dragon-communion"",""shop_row_ids"":[102355],""wiki_url"":""https://eldenring.wiki.gg/wiki/Ghostflame_Breath""}"	wiki:redmaw:checklists:7281cb6f;wiki:eldenpedia:merchant-item:revision-96207	gameplay-guide:redmaw;gameplay-wiki:eldenpedia	lead_only	unknown	redmaw-checklists:merchants.html#dragon-communion/m18-18;wiki.gg:https://eldenring.wiki.gg/wiki/Ghostflame_Breath?oldid=96207	Redmaw lists Ghostflame Breath under merchant section dragon-communion; that context identifies current AP shop flag 290670.	The identity is narrowed by Redmaw's merchant anchor and AP's current flag, shop-row, and physical-merchant evidence (Jagged Peak). It does not prove v1.17 behavior, access logic, stock predicates, or shop availability.
redmaw-merchant-dragon-communion-m18-2-check-7770517	check	7770517	identity	"{""ap_flag"":290750,""item_name"":""Dragonclaw"",""merchant_anchor"":""dragon-communion"",""shop_row_ids"":[101958,101975],""wiki_url"":""https://eldenring.wiki.gg/wiki/Dragonclaw""}"	wiki:redmaw:checklists:7281cb6f;wiki:eldenpedia:merchant-item:revision-83709	gameplay-guide:redmaw;gameplay-wiki:eldenpedia	lead_only	unknown	redmaw-checklists:merchants.html#dragon-communion/m18-2;wiki.gg:https://eldenring.wiki.gg/wiki/Dragonclaw?oldid=83709	Redmaw lists Dragonclaw under merchant section dragon-communion; that context identifies current AP shop flag 290750.	The identity is narrowed by Redmaw's merchant anchor and AP's current flag, shop-row, and physical-merchant evidence (Roundtable Hold). It does not prove v1.17 behavior, access logic, stock predicates, or shop availability.
redmaw-merchant-dragon-communion-m18-3-check-7770518	check	7770518	identity	"{""ap_flag"":290760,""item_name"":""Dragonmaw"",""merchant_anchor"":""dragon-communion"",""shop_row_ids"":[101959,101976],""wiki_url"":""https://eldenring.wiki.gg/wiki/Dragonmaw""}"	wiki:redmaw:checklists:7281cb6f;wiki:eldenpedia:merchant-item:revision-83710	gameplay-guide:redmaw;gameplay-wiki:eldenpedia	lead_only	unknown	redmaw-checklists:merchants.html#dragon-communion/m18-3;wiki.gg:https://eldenring.wiki.gg/wiki/Dragonmaw?oldid=83710	Redmaw lists Dragonmaw under merchant section dragon-communion; that context identifies current AP shop flag 290760.	The identity is narrowed by Redmaw's merchant anchor and AP's current flag, shop-row, and physical-merchant evidence (Roundtable Hold). It does not prove v1.17 behavior, access logic, stock predicates, or shop availability.
redmaw-merchant-dragon-communion-m18-5-check-7770510	check	7770510	identity	"{""ap_flag"":290540,""item_name"":""Agheel's Flame"",""merchant_anchor"":""dragon-communion"",""shop_row_ids"":[101954],""wiki_url"":""https://eldenring.wiki.gg/wiki/Agheel%27s_Flame""}"	wiki:redmaw:checklists:7281cb6f;wiki:eldenpedia:merchant-item:revision-83692	gameplay-guide:redmaw;gameplay-wiki:eldenpedia	lead_only	unknown	redmaw-checklists:merchants.html#dragon-communion/m18-5;wiki.gg:https://eldenring.wiki.gg/wiki/Agheel's_Flame?oldid=83692	Redmaw lists Agheel's Flame under merchant section dragon-communion; that context identifies current AP shop flag 290540.	The identity is narrowed by Redmaw's merchant anchor and AP's current flag, shop-row, and physical-merchant evidence (Caelid). It does not prove v1.17 behavior, access logic, stock predicates, or shop availability.
redmaw-merchant-dragon-communion-m18-6-check-7770519	check	7770519	identity	"{""ap_flag"":290770,""item_name"":""Magma Breath"",""merchant_anchor"":""dragon-communion"",""shop_row_ids"":[101960],""wiki_url"":""https://eldenring.wiki.gg/wiki/Magma_Breath""}"	wiki:redmaw:checklists:7281cb6f;wiki:eldenpedia:merchant-item:revision-83693	gameplay-guide:redmaw;gameplay-wiki:eldenpedia	lead_only	unknown	redmaw-checklists:merchants.html#dragon-communion/m18-6;wiki.gg:https://eldenring.wiki.gg/wiki/Magma_Breath?oldid=83693	Redmaw lists Magma Breath under merchant section dragon-communion; that context identifies current AP shop flag 290770.	The identity is narrowed by Redmaw's merchant anchor and AP's current flag, shop-row, and physical-merchant evidence (Caelid). It does not prove v1.17 behavior, access logic, stock predicates, or shop availability.
redmaw-merchant-dragon-communion-m18-7-check-7770520	check	7770520	identity	"{""ap_flag"":290780,""item_name"":""Theodorix's Magma"",""merchant_anchor"":""dragon-communion"",""shop_row_ids"":[101961],""wiki_url"":""https://eldenring.wiki.gg/wiki/Theodorix%27s_Magma""}"	wiki:redmaw:checklists:7281cb6f;wiki:eldenpedia:merchant-item:revision-83695	gameplay-guide:redmaw;gameplay-wiki:eldenpedia	lead_only	unknown	redmaw-checklists:merchants.html#dragon-communion/m18-7;wiki.gg:https://eldenring.wiki.gg/wiki/Theodorix's_Magma?oldid=83695	Redmaw lists Theodorix's Magma under merchant section dragon-communion; that context identifies current AP shop flag 290780.	The identity is narrowed by Redmaw's merchant anchor and AP's current flag, shop-row, and physical-merchant evidence (Caelid). It does not prove v1.17 behavior, access logic, stock predicates, or shop availability.
redmaw-merchant-dragon-communion-m18-8-check-7770508	check	7770508	identity	"{""ap_flag"":290520,""item_name"":""Glintstone Breath"",""merchant_anchor"":""dragon-communion"",""shop_row_ids"":[101952],""wiki_url"":""https://eldenring.wiki.gg/wiki/Glintstone_Breath""}"	wiki:redmaw:checklists:7281cb6f;wiki:eldenpedia:merchant-item:revision-83698	gameplay-guide:redmaw;gameplay-wiki:eldenpedia	lead_only	unknown	redmaw-checklists:merchants.html#dragon-communion/m18-8;wiki.gg:https://eldenring.wiki.gg/wiki/Glintstone_Breath?oldid=83698	Redmaw lists Glintstone Breath under merchant section dragon-communion; that context identifies current AP shop flag 290520.	The identity is narrowed by Redmaw's merchant anchor and AP's current flag, shop-row, and physical-merchant evidence (Caelid). It does not prove v1.17 behavior, access logic, stock predicates, or shop availability.
redmaw-merchant-dragon-communion-m18-9-check-7770512	check	7770512	identity	"{""ap_flag"":290560,""item_name"":""Smarag's Glintstone Breath"",""merchant_anchor"":""dragon-communion"",""shop_row_ids"":[101956],""wiki_url"":""https://eldenring.wiki.gg/wiki/Smarag%27s_Glintstone_Breath""}"	wiki:redmaw:checklists:7281cb6f;wiki:eldenpedia:merchant-item:revision-83701	gameplay-guide:redmaw;gameplay-wiki:eldenpedia	lead_only	unknown	redmaw-checklists:merchants.html#dragon-communion/m18-9;wiki.gg:https://eldenring.wiki.gg/wiki/Smarag's_Glintstone_Breath?oldid=83701	Redmaw lists Smarag's Glintstone Breath under merchant section dragon-communion; that context identifies current AP shop flag 290560.	The identity is narrowed by Redmaw's merchant anchor and AP's current flag, shop-row, and physical-merchant evidence (Caelid). It does not prove v1.17 behavior, access logic, stock predicates, or shop availability.
redmaw-merchant-gostoc-m5-1-check-7770199	check	7770199	identity_region	"{""ap_flag"":100100,""item_name"":""Silver-Pickled Fowl Foot"",""merchant_anchor"":""gostoc"",""region"":""Stormveil"",""shop_row_ids"":[100010],""wiki_url"":""https://eldenring.wiki.gg/wiki/Silver-Pickled_Fowl_Foot""}"	wiki:redmaw:checklists:7281cb6f;wiki:eldenpedia:merchant-item:revision-101061	gameplay-guide:redmaw;gameplay-wiki:eldenpedia	lead_only	unknown	redmaw-checklists:merchants.html#gostoc/m5-1;wiki.gg:https://eldenring.wiki.gg/wiki/Silver-Pickled_Fowl_Foot?oldid=101061	Redmaw lists Silver-Pickled Fowl Foot under merchant section gostoc; that context identifies current AP shop flag 100100.	The identity is narrowed by Redmaw's merchant anchor and AP's current flag, shop-row, and physical-merchant evidence (Stormveil). It does not prove v1.17 behavior, access logic, stock predicates, or shop availability.
redmaw-merchant-gostoc-m5-10-check-7770206	check	7770206	identity_region	"{""ap_flag"":100170,""item_name"":""Bandit Garb"",""merchant_anchor"":""gostoc"",""region"":""Stormveil"",""shop_row_ids"":[100017],""wiki_url"":""https://eldenring.wiki.gg/wiki/Bandit_Garb""}"	wiki:redmaw:checklists:7281cb6f;wiki:eldenpedia:merchant-item:revision-99984	gameplay-guide:redmaw;gameplay-wiki:eldenpedia	lead_only	unknown	redmaw-checklists:merchants.html#gostoc/m5-10;wiki.gg:https://eldenring.wiki.gg/wiki/Bandit_Garb?oldid=99984	Redmaw lists Bandit Garb under merchant section gostoc; that context identifies current AP shop flag 100170.	The identity is narrowed by Redmaw's merchant anchor and AP's current flag, shop-row, and physical-merchant evidence (Stormveil). It does not prove v1.17 behavior, access logic, stock predicates, or shop availability.
redmaw-merchant-gostoc-m5-11-check-7770204	check	7770204	identity_region	"{""ap_flag"":100150,""item_name"":""Bandit Manchettes"",""merchant_anchor"":""gostoc"",""region"":""Stormveil"",""shop_row_ids"":[100015],""wiki_url"":""https://eldenring.wiki.gg/wiki/Bandit_Manchettes""}"	wiki:redmaw:checklists:7281cb6f;wiki:eldenpedia:merchant-item:revision-99985	gameplay-guide:redmaw;gameplay-wiki:eldenpedia	lead_only	unknown	redmaw-checklists:merchants.html#gostoc/m5-11;wiki.gg:https://eldenring.wiki.gg/wiki/Bandit_Manchettes?oldid=99985	Redmaw lists Bandit Manchettes under merchant section gostoc; that context identifies current AP shop flag 100150.	The identity is narrowed by Redmaw's merchant anchor and AP's current flag, shop-row, and physical-merchant evidence (Stormveil). It does not prove v1.17 behavior, access logic, stock predicates, or shop availability.
redmaw-merchant-gostoc-m5-12-check-7770205	check	7770205	identity_region	"{""ap_flag"":100160,""item_name"":""Bandit Boots"",""merchant_anchor"":""gostoc"",""region"":""Stormveil"",""shop_row_ids"":[100016],""wiki_url"":""https://eldenring.wiki.gg/wiki/Bandit_Boots""}"	wiki:redmaw:checklists:7281cb6f;wiki:eldenpedia:merchant-item:revision-99986	gameplay-guide:redmaw;gameplay-wiki:eldenpedia	lead_only	unknown	redmaw-checklists:merchants.html#gostoc/m5-12;wiki.gg:https://eldenring.wiki.gg/wiki/Bandit_Boots?oldid=99986	Redmaw lists Bandit Boots under merchant section gostoc; that context identifies current AP shop flag 100160.	The identity is narrowed by Redmaw's merchant anchor and AP's current flag, shop-row, and physical-merchant evidence (Stormveil). It does not prove v1.17 behavior, access logic, stock predicates, or shop availability.
redmaw-merchant-gostoc-m5-14-check-7770207	check	7770207	identity_region	"{""ap_flag"":100180,""item_name"":""Ancient Dragon Smithing Stone"",""merchant_anchor"":""gostoc"",""region"":""Stormveil"",""shop_row_ids"":[100018],""wiki_url"":""https://eldenring.wiki.gg/wiki/Ancient_Dragon_Smithing_Stone""}"	wiki:redmaw:checklists:7281cb6f;wiki:eldenpedia:merchant-item:revision-87032	gameplay-guide:redmaw;gameplay-wiki:eldenpedia	lead_only	unknown	redmaw-checklists:merchants.html#gostoc/m5-14;wiki.gg:https://eldenring.wiki.gg/wiki/Ancient_Dragon_Smithing_Stone?oldid=87032	Redmaw lists Ancient Dragon Smithing Stone under merchant section gostoc; that context identifies current AP shop flag 100180.	The identity is narrowed by Redmaw's merchant anchor and AP's current flag, shop-row, and physical-merchant evidence (Stormveil). It does not prove v1.17 behavior, access logic, stock predicates, or shop availability.
redmaw-merchant-gostoc-m5-3-check-7770198	check	7770198	identity_region	"{""ap_flag"":100090,""item_name"":""Furlcalling Finger Remedy"",""merchant_anchor"":""gostoc"",""region"":""Stormveil"",""shop_row_ids"":[100009],""wiki_url"":""https://eldenring.wiki.gg/wiki/Furlcalling_Finger_Remedy""}"	wiki:redmaw:checklists:7281cb6f;wiki:eldenpedia:merchant-item:revision-95351	gameplay-guide:redmaw;gameplay-wiki:eldenpedia	lead_only	unknown	redmaw-checklists:merchants.html#gostoc/m5-3;wiki.gg:https://eldenring.wiki.gg/wiki/Furlcalling_Finger_Remedy?oldid=95351	Redmaw lists Furlcalling Finger Remedy under merchant section gostoc; that context identifies current AP shop flag 100090.	The identity is narrowed by Redmaw's merchant anchor and AP's current flag, shop-row, and physical-merchant evidence (Stormveil). It does not prove v1.17 behavior, access logic, stock predicates, or shop availability.
redmaw-merchant-gostoc-m5-4-check-7770196	check	7770196	identity_region	"{""ap_flag"":100000,""item_name"":""Festering Bloody Finger"",""merchant_anchor"":""gostoc"",""region"":""Stormveil"",""shop_row_ids"":[100000],""wiki_url"":""https://eldenring.wiki.gg/wiki/Festering_Bloody_Finger""}"	wiki:redmaw:checklists:7281cb6f;wiki:eldenpedia:merchant-item:revision-9529	gameplay-guide:redmaw;gameplay-wiki:eldenpedia	lead_only	unknown	redmaw-checklists:merchants.html#gostoc/m5-4;wiki.gg:https://eldenring.wiki.gg/wiki/Festering_Bloody_Finger?oldid=9529	Redmaw lists Festering Bloody Finger under merchant section gostoc; that context identifies current AP shop flag 100000.	The identity is narrowed by Redmaw's merchant anchor and AP's current flag, shop-row, and physical-merchant evidence (Stormveil). It does not prove v1.17 behavior, access logic, stock predicates, or shop availability.
redmaw-merchant-gostoc-m5-5-check-7770200	check	7770200	identity_region	"{""ap_flag"":100110,""item_name"":""Stormhawk Feather"",""merchant_anchor"":""gostoc"",""region"":""Stormveil"",""shop_row_ids"":[100011],""wiki_url"":""https://eldenring.wiki.gg/wiki/Stormhawk_Feather""}"	wiki:redmaw:checklists:7281cb6f;wiki:eldenpedia:merchant-item:revision-49482	gameplay-guide:redmaw;gameplay-wiki:eldenpedia	lead_only	unknown	redmaw-checklists:merchants.html#gostoc/m5-5;wiki.gg:https://eldenring.wiki.gg/wiki/Stormhawk_Feather?oldid=49482	Redmaw lists Stormhawk Feather under merchant section gostoc; that context identifies current AP shop flag 100110.	The identity is narrowed by Redmaw's merchant anchor and AP's current flag, shop-row, and physical-merchant evidence (Stormveil). It does not prove v1.17 behavior, access logic, stock predicates, or shop availability.
redmaw-merchant-gostoc-m5-6-check-7770201	check	7770201	identity_region	"{""ap_flag"":100120,""item_name"":""Caestus"",""merchant_anchor"":""gostoc"",""region"":""Stormveil"",""shop_row_ids"":[100012],""wiki_url"":""https://eldenring.wiki.gg/wiki/Caestus""}"	wiki:redmaw:checklists:7281cb6f;wiki:eldenpedia:merchant-item:revision-84248	gameplay-guide:redmaw;gameplay-wiki:eldenpedia	lead_only	unknown	redmaw-checklists:merchants.html#gostoc/m5-6;wiki.gg:https://eldenring.wiki.gg/wiki/Caestus?oldid=84248	Redmaw lists Caestus under merchant section gostoc; that context identifies current AP shop flag 100120.	The identity is narrowed by Redmaw's merchant anchor and AP's current flag, shop-row, and physical-merchant evidence (Stormveil). It does not prove v1.17 behavior, access logic, stock predicates, or shop availability.
redmaw-merchant-gostoc-m5-7-check-7770202	check	7770202	identity_region	"{""ap_flag"":100130,""item_name"":""Great Arrow"",""merchant_anchor"":""gostoc"",""region"":""Stormveil"",""shop_row_ids"":[100013],""wiki_url"":""https://eldenring.wiki.gg/wiki/Great_Arrow""}"	wiki:redmaw:checklists:7281cb6f;wiki:eldenpedia:merchant-item:revision-25044	gameplay-guide:redmaw;gameplay-wiki:eldenpedia	lead_only	unknown	redmaw-checklists:merchants.html#gostoc/m5-7;wiki.gg:https://eldenring.wiki.gg/wiki/Great_Arrow?oldid=25044	Redmaw lists Great Arrow under merchant section gostoc; that context identifies current AP shop flag 100130.	The identity is narrowed by Redmaw's merchant anchor and AP's current flag, shop-row, and physical-merchant evidence (Stormveil). It does not prove v1.17 behavior, access logic, stock predicates, or shop availability.
redmaw-merchant-gostoc-m5-8-check-7770203	check	7770203	identity_region	"{""ap_flag"":100140,""item_name"":""Ballista Bolt"",""merchant_anchor"":""gostoc"",""region"":""Stormveil"",""shop_row_ids"":[100014],""wiki_url"":""https://eldenring.wiki.gg/wiki/Ballista_Bolt""}"	wiki:redmaw:checklists:7281cb6f;wiki:eldenpedia:merchant-item:revision-84958	gameplay-guide:redmaw;gameplay-wiki:eldenpedia	lead_only	unknown	redmaw-checklists:merchants.html#gostoc/m5-8;wiki.gg:https://eldenring.wiki.gg/wiki/Ballista_Bolt?oldid=84958	Redmaw lists Ballista Bolt under merchant section gostoc; that context identifies current AP shop flag 100140.	The identity is narrowed by Redmaw's merchant anchor and AP's current flag, shop-row, and physical-merchant evidence (Stormveil). It does not prove v1.17 behavior, access logic, stock predicates, or shop availability.
redmaw-merchant-gostoc-m5-9-check-7770197	check	7770197	identity_region	"{""ap_flag"":100040,""item_name"":""Buckler"",""merchant_anchor"":""gostoc"",""region"":""Stormveil"",""shop_row_ids"":[100004],""wiki_url"":""https://eldenring.wiki.gg/wiki/Buckler""}"	wiki:redmaw:checklists:7281cb6f;wiki:eldenpedia:merchant-item:revision-101149	gameplay-guide:redmaw;gameplay-wiki:eldenpedia	lead_only	unknown	redmaw-checklists:merchants.html#gostoc/m5-9;wiki.gg:https://eldenring.wiki.gg/wiki/Buckler?oldid=101149	Redmaw lists Buckler under merchant section gostoc; that context identifies current AP shop flag 100040.	The identity is narrowed by Redmaw's merchant anchor and AP's current flag, shop-row, and physical-merchant evidence (Stormveil). It does not prove v1.17 behavior, access logic, stock predicates, or shop availability.
redmaw-merchant-gowry-m17-1-check-7770251	check	7770251	identity_region	"{""ap_flag"":110770,""item_name"":""Glintstone Stars"",""merchant_anchor"":""gowry"",""region"":""Caelid"",""shop_row_ids"":[100177],""wiki_url"":""https://eldenring.wiki.gg/wiki/Glintstone_Stars""}"	wiki:redmaw:checklists:7281cb6f;wiki:eldenpedia:merchant-item:revision-99315	gameplay-guide:redmaw;gameplay-wiki:eldenpedia	lead_only	unknown	redmaw-checklists:merchants.html#gowry/m17-1;wiki.gg:https://eldenring.wiki.gg/wiki/Glintstone_Stars?oldid=99315	Redmaw lists Glintstone Stars under merchant section gowry; that context identifies current AP shop flag 110770.	The identity is narrowed by Redmaw's merchant anchor and AP's current flag, shop-row, and physical-merchant evidence (Caelid). It does not prove v1.17 behavior, access logic, stock predicates, or shop availability.
redmaw-merchant-gowry-m17-2-check-7770249	check	7770249	identity_region	"{""ap_flag"":110750,""item_name"":""Night Shard"",""merchant_anchor"":""gowry"",""region"":""Caelid"",""shop_row_ids"":[100175],""wiki_url"":""https://eldenring.wiki.gg/wiki/Night_Shard""}"	wiki:redmaw:checklists:7281cb6f;wiki:eldenpedia:merchant-item:revision-100258	gameplay-guide:redmaw;gameplay-wiki:eldenpedia	lead_only	unknown	redmaw-checklists:merchants.html#gowry/m17-2;wiki.gg:https://eldenring.wiki.gg/wiki/Night_Shard?oldid=100258	Redmaw lists Night Shard under merchant section gowry; that context identifies current AP shop flag 110750.	The identity is narrowed by Redmaw's merchant anchor and AP's current flag, shop-row, and physical-merchant evidence (Caelid). It does not prove v1.17 behavior, access logic, stock predicates, or shop availability.
redmaw-merchant-gowry-m17-3-check-7770250	check	7770250	identity_region	"{""ap_flag"":110760,""item_name"":""Night Maiden's Mist"",""merchant_anchor"":""gowry"",""region"":""Caelid"",""shop_row_ids"":[100176],""wiki_url"":""https://eldenring.wiki.gg/wiki/Night_Maiden%27s_Mist""}"	wiki:redmaw:checklists:7281cb6f;wiki:eldenpedia:merchant-item:revision-83192	gameplay-guide:redmaw;gameplay-wiki:eldenpedia	lead_only	unknown	redmaw-checklists:merchants.html#gowry/m17-3;wiki.gg:https://eldenring.wiki.gg/wiki/Night_Maiden's_Mist?oldid=83192	Redmaw lists Night Maiden's Mist under merchant section gowry; that context identifies current AP shop flag 110760.	The identity is narrowed by Redmaw's merchant anchor and AP's current flag, shop-row, and physical-merchant evidence (Caelid). It does not prove v1.17 behavior, access logic, stock predicates, or shop availability.
redmaw-merchant-gowry-m17-5-check-7770252	check	7770252	identity_region	"{""ap_flag"":110850,""item_name"":""Pest Threads"",""merchant_anchor"":""gowry"",""region"":""Caelid"",""shop_row_ids"":[100185],""wiki_url"":""https://eldenring.wiki.gg/wiki/Pest_Threads""}"	wiki:redmaw:checklists:7281cb6f;wiki:eldenpedia:merchant-item:revision-83678	gameplay-guide:redmaw;gameplay-wiki:eldenpedia	lead_only	unknown	redmaw-checklists:merchants.html#gowry/m17-5;wiki.gg:https://eldenring.wiki.gg/wiki/Pest_Threads?oldid=83678	Redmaw lists Pest Threads under merchant section gowry; that context identifies current AP shop flag 110850.	The identity is narrowed by Redmaw's merchant anchor and AP's current flag, shop-row, and physical-merchant evidence (Caelid). It does not prove v1.17 behavior, access logic, stock predicates, or shop availability.
redmaw-merchant-hermit-ainsel-river-m34-1-check-7770473	check	7770473	identity_region	"{""ap_flag"":190630,""item_name"":""Gravity Stone Fan"",""merchant_anchor"":""hermit-ainsel-river"",""region"":""Ainsel River"",""shop_row_ids"":[100963],""wiki_url"":""https://eldenring.wiki.gg/wiki/Gravity_Stone_Fan""}"	wiki:redmaw:checklists:7281cb6f;wiki:eldenpedia:merchant-item:revision-70638	gameplay-guide:redmaw;gameplay-wiki:eldenpedia	lead_only	unknown	redmaw-checklists:merchants.html#hermit-ainsel-river/m34-1;wiki.gg:https://eldenring.wiki.gg/wiki/Gravity_Stone_Fan?oldid=70638	Redmaw lists Gravity Stone Fan under merchant section hermit-ainsel-river; that context identifies current AP shop flag 190630.	The identity is narrowed by Redmaw's merchant anchor and AP's current flag, shop-row, and physical-merchant evidence (Ainsel River). It does not prove v1.17 behavior, access logic, stock predicates, or shop availability.
redmaw-merchant-hermit-ainsel-river-m34-2-check-7770474	check	7770474	identity_region	"{""ap_flag"":190640,""item_name"":""Gravity Stone Chunk"",""merchant_anchor"":""hermit-ainsel-river"",""region"":""Ainsel River"",""shop_row_ids"":[100964],""wiki_url"":""https://eldenring.wiki.gg/wiki/Gravity_Stone_Chunk""}"	wiki:redmaw:checklists:7281cb6f;wiki:eldenpedia:merchant-item:revision-70637	gameplay-guide:redmaw;gameplay-wiki:eldenpedia	lead_only	unknown	redmaw-checklists:merchants.html#hermit-ainsel-river/m34-2;wiki.gg:https://eldenring.wiki.gg/wiki/Gravity_Stone_Chunk?oldid=70637	Redmaw lists Gravity Stone Chunk under merchant section hermit-ainsel-river; that context identifies current AP shop flag 190640.	The identity is narrowed by Redmaw's merchant anchor and AP's current flag, shop-row, and physical-merchant evidence (Ainsel River). It does not prove v1.17 behavior, access logic, stock predicates, or shop availability.
redmaw-merchant-hermit-ainsel-river-m34-3-check-7770471	check	7770471	identity_region	"{""ap_flag"":190530,""item_name"":""Lost Ashes of War"",""merchant_anchor"":""hermit-ainsel-river"",""region"":""Ainsel River"",""shop_row_ids"":[100953],""wiki_url"":""https://eldenring.wiki.gg/wiki/Lost_Ashes_of_War""}"	wiki:redmaw:checklists:7281cb6f;wiki:eldenpedia:merchant-item:revision-99824	gameplay-guide:redmaw;gameplay-wiki:eldenpedia	lead_only	unknown	redmaw-checklists:merchants.html#hermit-ainsel-river/m34-3;wiki.gg:https://eldenring.wiki.gg/wiki/Lost_Ashes_of_War?oldid=99824	Redmaw lists Lost Ashes of War under merchant section hermit-ainsel-river; that context identifies current AP shop flag 190530.	The identity is narrowed by Redmaw's merchant anchor and AP's current flag, shop-row, and physical-merchant evidence (Ainsel River). It does not prove v1.17 behavior, access logic, stock predicates, or shop availability.
redmaw-merchant-hermit-ainsel-river-m34-4-check-7770472	check	7770472	identity_region	"{""ap_flag"":190620,""item_name"":""Celestial Dew"",""merchant_anchor"":""hermit-ainsel-river"",""region"":""Ainsel River"",""shop_row_ids"":[100962],""wiki_url"":""https://eldenring.wiki.gg/wiki/Celestial_Dew""}"	wiki:redmaw:checklists:7281cb6f;wiki:eldenpedia:merchant-item:revision-82596	gameplay-guide:redmaw;gameplay-wiki:eldenpedia	lead_only	unknown	redmaw-checklists:merchants.html#hermit-ainsel-river/m34-4;wiki.gg:https://eldenring.wiki.gg/wiki/Celestial_Dew?oldid=82596	Redmaw lists Celestial Dew under merchant section hermit-ainsel-river; that context identifies current AP shop flag 190620.	The identity is narrowed by Redmaw's merchant anchor and AP's current flag, shop-row, and physical-merchant evidence (Ainsel River). It does not prove v1.17 behavior, access logic, stock predicates, or shop availability.
redmaw-merchant-hermit-ainsel-river-m34-5-check-7770102	check	7770102	identity_region	"{""ap_flag"":67290,""item_name"":""Nomadic Warrior's Cookbook [16]"",""merchant_anchor"":""hermit-ainsel-river"",""region"":""Ainsel River"",""shop_row_ids"":[100950],""wiki_url"":""https://eldenring.wiki.gg/wiki/Nomadic_Warrior%27s_Cookbook_16""}"	wiki:redmaw:checklists:7281cb6f;wiki:eldenpedia:merchant-item:revision-84884	gameplay-guide:redmaw;gameplay-wiki:eldenpedia	lead_only	unknown	redmaw-checklists:merchants.html#hermit-ainsel-river/m34-5;wiki.gg:https://eldenring.wiki.gg/wiki/Nomadic_Warrior's_Cookbook_16?oldid=84884	Redmaw lists Nomadic Warrior's Cookbook [16] under merchant section hermit-ainsel-river; that context identifies current AP shop flag 67290.	The identity is narrowed by Redmaw's merchant anchor and AP's current flag, shop-row, and physical-merchant evidence (Ainsel River). It does not prove v1.17 behavior, access logic, stock predicates, or shop availability.
redmaw-merchant-hermit-ainsel-river-m34-6-check-7770129	check	7770129	identity_region	"{""ap_flag"":67920,""item_name"":""Perfumer's Cookbook [4]"",""merchant_anchor"":""hermit-ainsel-river"",""region"":""Ainsel River"",""shop_row_ids"":[100951],""wiki_url"":""https://eldenring.wiki.gg/wiki/Perfumer%27s_Cookbook_4""}"	wiki:redmaw:checklists:7281cb6f;wiki:eldenpedia:merchant-item:revision-100730	gameplay-guide:redmaw;gameplay-wiki:eldenpedia	lead_only	unknown	redmaw-checklists:merchants.html#hermit-ainsel-river/m34-6;wiki.gg:https://eldenring.wiki.gg/wiki/Perfumer's_Cookbook_4?oldid=100730	Redmaw lists Perfumer's Cookbook [4] under merchant section hermit-ainsel-river; that context identifies current AP shop flag 67920.	The identity is narrowed by Redmaw's merchant anchor and AP's current flag, shop-row, and physical-merchant evidence (Ainsel River). It does not prove v1.17 behavior, access logic, stock predicates, or shop availability.
redmaw-merchant-hermit-ainsel-river-m34-7-check-7770475	check	7770475	identity_region	"{""ap_flag"":190650,""item_name"":""Prisoner Iron Mask"",""merchant_anchor"":""hermit-ainsel-river"",""region"":""Ainsel River"",""shop_row_ids"":[100965],""wiki_url"":""https://eldenring.wiki.gg/wiki/Prisoner_Iron_Mask""}"	wiki:redmaw:checklists:7281cb6f;wiki:eldenpedia:merchant-item:revision-44970	gameplay-guide:redmaw;gameplay-wiki:eldenpedia	lead_only	unknown	redmaw-checklists:merchants.html#hermit-ainsel-river/m34-7;wiki.gg:https://eldenring.wiki.gg/wiki/Prisoner_Iron_Mask?oldid=44970	Redmaw lists Prisoner Iron Mask under merchant section hermit-ainsel-river; that context identifies current AP shop flag 190650.	The identity is narrowed by Redmaw's merchant anchor and AP's current flag, shop-row, and physical-merchant evidence (Ainsel River). It does not prove v1.17 behavior, access logic, stock predicates, or shop availability.
redmaw-merchant-hermit-ainsel-river-m34-8-check-7770476	check	7770476	identity_region	"{""ap_flag"":190660,""item_name"":""Prisoner Clothing"",""merchant_anchor"":""hermit-ainsel-river"",""region"":""Ainsel River"",""shop_row_ids"":[100966],""wiki_url"":""https://eldenring.wiki.gg/wiki/Prisoner_Clothing""}"	wiki:redmaw:checklists:7281cb6f;wiki:eldenpedia:merchant-item:revision-15327	gameplay-guide:redmaw;gameplay-wiki:eldenpedia	lead_only	unknown	redmaw-checklists:merchants.html#hermit-ainsel-river/m34-8;wiki.gg:https://eldenring.wiki.gg/wiki/Prisoner_Clothing?oldid=15327	Redmaw lists Prisoner Clothing under merchant section hermit-ainsel-river; that context identifies current AP shop flag 190660.	The identity is narrowed by Redmaw's merchant anchor and AP's current flag, shop-row, and physical-merchant evidence (Ainsel River). It does not prove v1.17 behavior, access logic, stock predicates, or shop availability.
redmaw-merchant-hermit-ainsel-river-m34-9-check-7770477	check	7770477	identity_region	"{""ap_flag"":190670,""item_name"":""Prisoner Trousers"",""merchant_anchor"":""hermit-ainsel-river"",""region"":""Ainsel River"",""shop_row_ids"":[100967],""wiki_url"":""https://eldenring.wiki.gg/wiki/Prisoner_Trousers""}"	wiki:redmaw:checklists:7281cb6f;wiki:eldenpedia:merchant-item:revision-7594	gameplay-guide:redmaw;gameplay-wiki:eldenpedia	lead_only	unknown	redmaw-checklists:merchants.html#hermit-ainsel-river/m34-9;wiki.gg:https://eldenring.wiki.gg/wiki/Prisoner_Trousers?oldid=7594	Redmaw lists Prisoner Trousers under merchant section hermit-ainsel-river; that context identifies current AP shop flag 190670.	The identity is narrowed by Redmaw's merchant anchor and AP's current flag, shop-row, and physical-merchant evidence (Ainsel River). It does not prove v1.17 behavior, access logic, stock predicates, or shop availability.
redmaw-merchant-hermit-capital-outskirts-m32-1-check-7770410	check	7770410	identity_region	"{""ap_flag"":170360,""item_name"":""Rune Arc"",""merchant_anchor"":""hermit-capital-outskirts"",""region"":""Altus"",""shop_row_ids"":[100728],""wiki_url"":""https://eldenring.wiki.gg/wiki/Rune_Arc""}"	wiki:redmaw:checklists:7281cb6f;wiki:eldenpedia:merchant-item:revision-71254	gameplay-guide:redmaw;gameplay-wiki:eldenpedia	lead_only	unknown	redmaw-checklists:merchants.html#hermit-capital-outskirts/m32-1;wiki.gg:https://eldenring.wiki.gg/wiki/Rune_Arc?oldid=71254	Redmaw lists Rune Arc under merchant section hermit-capital-outskirts; that context identifies current AP shop flag 170360.	The identity is narrowed by Redmaw's merchant anchor and AP's current flag, shop-row, and physical-merchant evidence (Altus). It does not prove v1.17 behavior, access logic, stock predicates, or shop availability.
redmaw-merchant-hermit-capital-outskirts-m32-12-check-7770409	check	7770409	identity_region	"{""ap_flag"":170350,""item_name"":""Sentry's Torch"",""merchant_anchor"":""hermit-capital-outskirts"",""region"":""Altus"",""shop_row_ids"":[100727],""wiki_url"":""https://eldenring.wiki.gg/wiki/Sentry%27s_Torch""}"	wiki:redmaw:checklists:7281cb6f;wiki:eldenpedia:merchant-item:revision-97558	gameplay-guide:redmaw;gameplay-wiki:eldenpedia	lead_only	unknown	redmaw-checklists:merchants.html#hermit-capital-outskirts/m32-12;wiki.gg:https://eldenring.wiki.gg/wiki/Sentry's_Torch?oldid=97558	Redmaw lists Sentry's Torch under merchant section hermit-capital-outskirts; that context identifies current AP shop flag 170350.	The identity is narrowed by Redmaw's merchant anchor and AP's current flag, shop-row, and physical-merchant evidence (Altus). It does not prove v1.17 behavior, access logic, stock predicates, or shop availability.
redmaw-merchant-hermit-capital-outskirts-m32-13-check-7770412	check	7770412	identity_region	"{""ap_flag"":170380,""item_name"":""Distinguished Greatshield"",""merchant_anchor"":""hermit-capital-outskirts"",""region"":""Altus"",""shop_row_ids"":[100730],""wiki_url"":""https://eldenring.wiki.gg/wiki/Distinguished_Greatshield""}"	wiki:redmaw:checklists:7281cb6f;wiki:eldenpedia:merchant-item:revision-100829	gameplay-guide:redmaw;gameplay-wiki:eldenpedia	lead_only	unknown	redmaw-checklists:merchants.html#hermit-capital-outskirts/m32-13;wiki.gg:https://eldenring.wiki.gg/wiki/Distinguished_Greatshield?oldid=100829	Redmaw lists Distinguished Greatshield under merchant section hermit-capital-outskirts; that context identifies current AP shop flag 170380.	The identity is narrowed by Redmaw's merchant anchor and AP's current flag, shop-row, and physical-merchant evidence (Altus). It does not prove v1.17 behavior, access logic, stock predicates, or shop availability.
redmaw-merchant-hermit-capital-outskirts-m32-14-check-7770415	check	7770415	identity_region	"{""ap_flag"":170470,""item_name"":""Prophet Blindfold"",""merchant_anchor"":""hermit-capital-outskirts"",""region"":""Altus"",""shop_row_ids"":[100739],""wiki_url"":""https://eldenring.wiki.gg/wiki/Prophet_Blindfold""}"	wiki:redmaw:checklists:7281cb6f;wiki:eldenpedia:merchant-item:revision-51126	gameplay-guide:redmaw;gameplay-wiki:eldenpedia	lead_only	unknown	redmaw-checklists:merchants.html#hermit-capital-outskirts/m32-14;wiki.gg:https://eldenring.wiki.gg/wiki/Prophet_Blindfold?oldid=51126	Redmaw lists Prophet Blindfold under merchant section hermit-capital-outskirts; that context identifies current AP shop flag 170470.	The identity is narrowed by Redmaw's merchant anchor and AP's current flag, shop-row, and physical-merchant evidence (Altus). It does not prove v1.17 behavior, access logic, stock predicates, or shop availability.
redmaw-merchant-hermit-capital-outskirts-m32-15-check-7770417	check	7770417	identity_region	"{""ap_flag"":170490,""item_name"":""Prophet Robe"",""merchant_anchor"":""hermit-capital-outskirts"",""region"":""Altus"",""shop_row_ids"":[100741],""wiki_url"":""https://eldenring.wiki.gg/wiki/Prophet_Robe""}"	wiki:redmaw:checklists:7281cb6f;wiki:eldenpedia:merchant-item:revision-24566	gameplay-guide:redmaw;gameplay-wiki:eldenpedia	lead_only	unknown	redmaw-checklists:merchants.html#hermit-capital-outskirts/m32-15;wiki.gg:https://eldenring.wiki.gg/wiki/Prophet_Robe?oldid=24566	Redmaw lists Prophet Robe under merchant section hermit-capital-outskirts; that context identifies current AP shop flag 170490.	The identity is narrowed by Redmaw's merchant anchor and AP's current flag, shop-row, and physical-merchant evidence (Altus). It does not prove v1.17 behavior, access logic, stock predicates, or shop availability.
redmaw-merchant-hermit-capital-outskirts-m32-16-check-7770413	check	7770413	identity_region	"{""ap_flag"":170450,""item_name"":""Upper-Class Robe"",""merchant_anchor"":""hermit-capital-outskirts"",""region"":""Altus"",""shop_row_ids"":[100737],""wiki_url"":""https://eldenring.wiki.gg/wiki/Upper-Class_Robe""}"	wiki:redmaw:checklists:7281cb6f;wiki:eldenpedia:merchant-item:revision-37285	gameplay-guide:redmaw;gameplay-wiki:eldenpedia	lead_only	unknown	redmaw-checklists:merchants.html#hermit-capital-outskirts/m32-16;wiki.gg:https://eldenring.wiki.gg/wiki/Upper-Class_Robe?oldid=37285	Redmaw lists Upper-Class Robe under merchant section hermit-capital-outskirts; that context identifies current AP shop flag 170450.	The identity is narrowed by Redmaw's merchant anchor and AP's current flag, shop-row, and physical-merchant evidence (Altus). It does not prove v1.17 behavior, access logic, stock predicates, or shop availability.
redmaw-merchant-hermit-capital-outskirts-m32-17-check-7770416	check	7770416	identity_region	"{""ap_flag"":170480,""item_name"":""Prophet Trousers"",""merchant_anchor"":""hermit-capital-outskirts"",""region"":""Altus"",""shop_row_ids"":[100740],""wiki_url"":""https://eldenring.wiki.gg/wiki/Prophet_Trousers""}"	wiki:redmaw:checklists:7281cb6f;wiki:eldenpedia:merchant-item:revision-47214	gameplay-guide:redmaw;gameplay-wiki:eldenpedia	lead_only	unknown	redmaw-checklists:merchants.html#hermit-capital-outskirts/m32-17;wiki.gg:https://eldenring.wiki.gg/wiki/Prophet_Trousers?oldid=47214	Redmaw lists Prophet Trousers under merchant section hermit-capital-outskirts; that context identifies current AP shop flag 170480.	The identity is narrowed by Redmaw's merchant anchor and AP's current flag, shop-row, and physical-merchant evidence (Altus). It does not prove v1.17 behavior, access logic, stock predicates, or shop availability.
redmaw-merchant-hermit-capital-outskirts-m32-18-check-7770414	check	7770414	identity_region	"{""ap_flag"":170460,""item_name"":""Consort's Trousers"",""merchant_anchor"":""hermit-capital-outskirts"",""region"":""Altus"",""shop_row_ids"":[100738],""wiki_url"":""https://eldenring.wiki.gg/wiki/Consort%27s_Trousers""}"	wiki:redmaw:checklists:7281cb6f;wiki:eldenpedia:merchant-item:revision-87159	gameplay-guide:redmaw;gameplay-wiki:eldenpedia	lead_only	unknown	redmaw-checklists:merchants.html#hermit-capital-outskirts/m32-18;wiki.gg:https://eldenring.wiki.gg/wiki/Consort's_Trousers?oldid=87159	Redmaw lists Consort's Trousers under merchant section hermit-capital-outskirts; that context identifies current AP shop flag 170460.	The identity is narrowed by Redmaw's merchant anchor and AP's current flag, shop-row, and physical-merchant evidence (Altus). It does not prove v1.17 behavior, access logic, stock predicates, or shop availability.
redmaw-merchant-hermit-capital-outskirts-m32-19-check-7770193	check	7770193	identity_region	"{""ap_flag"":69770,""item_name"":""Note: Below the Capital"",""merchant_anchor"":""hermit-capital-outskirts"",""region"":""Altus"",""shop_row_ids"":[100743],""wiki_url"":""https://eldenring.wiki.gg/wiki/Note:_Below_the_Capital""}"	wiki:redmaw:checklists:7281cb6f;wiki:eldenpedia:merchant-item:revision-54887	gameplay-guide:redmaw;gameplay-wiki:eldenpedia	lead_only	unknown	redmaw-checklists:merchants.html#hermit-capital-outskirts/m32-19;wiki.gg:https://eldenring.wiki.gg/wiki/Note%3A_Below_the_Capital?oldid=54887	Redmaw lists Note: Below the Capital under merchant section hermit-capital-outskirts; that context identifies current AP shop flag 69770.	The identity is narrowed by Redmaw's merchant anchor and AP's current flag, shop-row, and physical-merchant evidence (Altus). It does not prove v1.17 behavior, access logic, stock predicates, or shop availability.
redmaw-merchant-hermit-capital-outskirts-m32-3-check-7770411	check	7770411	identity_region	"{""ap_flag"":170370,""item_name"":""Golden Sunflower"",""merchant_anchor"":""hermit-capital-outskirts"",""region"":""Altus"",""shop_row_ids"":[100729],""wiki_url"":""https://eldenring.wiki.gg/wiki/Golden_Sunflower""}"	wiki:redmaw:checklists:7281cb6f;wiki:eldenpedia:merchant-item:revision-83817	gameplay-guide:redmaw;gameplay-wiki:eldenpedia	lead_only	unknown	redmaw-checklists:merchants.html#hermit-capital-outskirts/m32-3;wiki.gg:https://eldenring.wiki.gg/wiki/Golden_Sunflower?oldid=83817	Redmaw lists Golden Sunflower under merchant section hermit-capital-outskirts; that context identifies current AP shop flag 170370.	The identity is narrowed by Redmaw's merchant anchor and AP's current flag, shop-row, and physical-merchant evidence (Altus). It does not prove v1.17 behavior, access logic, stock predicates, or shop availability.
redmaw-merchant-hermit-capital-outskirts-m32-4-check-7770073	check	7770073	identity_region	"{""ap_flag"":66750,""item_name"":""Perfume Bottle"",""merchant_anchor"":""hermit-capital-outskirts"",""region"":""Altus"",""shop_row_ids"":[100725],""wiki_url"":""https://eldenring.wiki.gg/wiki/Perfume_Bottle""}"	wiki:redmaw:checklists:7281cb6f;wiki:eldenpedia:merchant-item:revision-98643	gameplay-guide:redmaw;gameplay-wiki:eldenpedia	lead_only	unknown	redmaw-checklists:merchants.html#hermit-capital-outskirts/m32-4;wiki.gg:https://eldenring.wiki.gg/wiki/Perfume_Bottle?oldid=98643	Redmaw lists Perfume Bottle under merchant section hermit-capital-outskirts; that context identifies current AP shop flag 66750.	The identity is narrowed by Redmaw's merchant anchor and AP's current flag, shop-row, and physical-merchant evidence (Altus). It does not prove v1.17 behavior, access logic, stock predicates, or shop availability.
redmaw-merchant-hermit-mountaintops-m33-1-check-7770460	check	7770460	identity_region	"{""ap_flag"":190090,""item_name"":""Rune Arc"",""merchant_anchor"":""hermit-mountaintops"",""region"":""Mountaintops of the Giants"",""shop_row_ids"":[100909],""wiki_url"":""https://eldenring.wiki.gg/wiki/Rune_Arc""}"	wiki:redmaw:checklists:7281cb6f;wiki:eldenpedia:merchant-item:revision-71254	gameplay-guide:redmaw;gameplay-wiki:eldenpedia	lead_only	unknown	redmaw-checklists:merchants.html#hermit-mountaintops/m33-1;wiki.gg:https://eldenring.wiki.gg/wiki/Rune_Arc?oldid=71254	Redmaw lists Rune Arc under merchant section hermit-mountaintops; that context identifies current AP shop flag 190090.	The identity is narrowed by Redmaw's merchant anchor and AP's current flag, shop-row, and physical-merchant evidence (Mountaintops of the Giants). It does not prove v1.17 behavior, access logic, stock predicates, or shop availability.
redmaw-merchant-hermit-mountaintops-m33-10-check-7770461	check	7770461	identity_region	"{""ap_flag"":190150,""item_name"":""Vagabond Knight Helm"",""merchant_anchor"":""hermit-mountaintops"",""region"":""Mountaintops of the Giants"",""shop_row_ids"":[100915],""wiki_url"":""https://eldenring.wiki.gg/wiki/Vagabond_Knight_Helm""}"	wiki:redmaw:checklists:7281cb6f;wiki:eldenpedia:merchant-item:revision-51263	gameplay-guide:redmaw;gameplay-wiki:eldenpedia	lead_only	unknown	redmaw-checklists:merchants.html#hermit-mountaintops/m33-10;wiki.gg:https://eldenring.wiki.gg/wiki/Vagabond_Knight_Helm?oldid=51263	Redmaw lists Vagabond Knight Helm under merchant section hermit-mountaintops; that context identifies current AP shop flag 190150.	The identity is narrowed by Redmaw's merchant anchor and AP's current flag, shop-row, and physical-merchant evidence (Mountaintops of the Giants). It does not prove v1.17 behavior, access logic, stock predicates, or shop availability.
redmaw-merchant-hermit-mountaintops-m33-11-check-7770462	check	7770462	identity_region	"{""ap_flag"":190160,""item_name"":""Vagabond Knight Armor"",""merchant_anchor"":""hermit-mountaintops"",""region"":""Mountaintops of the Giants"",""shop_row_ids"":[100916],""wiki_url"":""https://eldenring.wiki.gg/wiki/Vagabond_Knight_Armor""}"	wiki:redmaw:checklists:7281cb6f;wiki:eldenpedia:merchant-item:revision-9153	gameplay-guide:redmaw;gameplay-wiki:eldenpedia	lead_only	unknown	redmaw-checklists:merchants.html#hermit-mountaintops/m33-11;wiki.gg:https://eldenring.wiki.gg/wiki/Vagabond_Knight_Armor?oldid=9153	Redmaw lists Vagabond Knight Armor under merchant section hermit-mountaintops; that context identifies current AP shop flag 190160.	The identity is narrowed by Redmaw's merchant anchor and AP's current flag, shop-row, and physical-merchant evidence (Mountaintops of the Giants). It does not prove v1.17 behavior, access logic, stock predicates, or shop availability.
redmaw-merchant-hermit-mountaintops-m33-12-check-7770463	check	7770463	identity_region	"{""ap_flag"":190170,""item_name"":""Vagabond Knight Gauntlets"",""merchant_anchor"":""hermit-mountaintops"",""region"":""Mountaintops of the Giants"",""shop_row_ids"":[100917],""wiki_url"":""https://eldenring.wiki.gg/wiki/Vagabond_Knight_Gauntlets""}"	wiki:redmaw:checklists:7281cb6f;wiki:eldenpedia:merchant-item:revision-22519	gameplay-guide:redmaw;gameplay-wiki:eldenpedia	lead_only	unknown	redmaw-checklists:merchants.html#hermit-mountaintops/m33-12;wiki.gg:https://eldenring.wiki.gg/wiki/Vagabond_Knight_Gauntlets?oldid=22519	Redmaw lists Vagabond Knight Gauntlets under merchant section hermit-mountaintops; that context identifies current AP shop flag 190170.	The identity is narrowed by Redmaw's merchant anchor and AP's current flag, shop-row, and physical-merchant evidence (Mountaintops of the Giants). It does not prove v1.17 behavior, access logic, stock predicates, or shop availability.
redmaw-merchant-hermit-mountaintops-m33-13-check-7770464	check	7770464	identity_region	"{""ap_flag"":190180,""item_name"":""Vagabond Knight Greaves"",""merchant_anchor"":""hermit-mountaintops"",""region"":""Mountaintops of the Giants"",""shop_row_ids"":[100918],""wiki_url"":""https://eldenring.wiki.gg/wiki/Vagabond_Knight_Greaves""}"	wiki:redmaw:checklists:7281cb6f;wiki:eldenpedia:merchant-item:revision-53285	gameplay-guide:redmaw;gameplay-wiki:eldenpedia	lead_only	unknown	redmaw-checklists:merchants.html#hermit-mountaintops/m33-13;wiki.gg:https://eldenring.wiki.gg/wiki/Vagabond_Knight_Greaves?oldid=53285	Redmaw lists Vagabond Knight Greaves under merchant section hermit-mountaintops; that context identifies current AP shop flag 190180.	The identity is narrowed by Redmaw's merchant anchor and AP's current flag, shop-row, and physical-merchant evidence (Mountaintops of the Giants). It does not prove v1.17 behavior, access logic, stock predicates, or shop availability.
redmaw-merchant-hermit-mountaintops-m33-2-check-7770458	check	7770458	identity_region	"{""ap_flag"":190030,""item_name"":""Thawfrost Boluses"",""merchant_anchor"":""hermit-mountaintops"",""region"":""Mountaintops of the Giants"",""shop_row_ids"":[100903,900003,900013,900023,900033],""wiki_url"":""https://eldenring.wiki.gg/wiki/Thawfrost_Boluses""}"	wiki:redmaw:checklists:7281cb6f;wiki:eldenpedia:merchant-item:revision-94526	gameplay-guide:redmaw;gameplay-wiki:eldenpedia	lead_only	unknown	redmaw-checklists:merchants.html#hermit-mountaintops/m33-2;wiki.gg:https://eldenring.wiki.gg/wiki/Thawfrost_Boluses?oldid=94526	Redmaw lists Thawfrost Boluses under merchant section hermit-mountaintops; that context identifies current AP shop flag 190030.	The identity is narrowed by Redmaw's merchant anchor and AP's current flag, shop-row, and physical-merchant evidence (Mountaintops of the Giants). It does not prove v1.17 behavior, access logic, stock predicates, or shop availability.
redmaw-merchant-hermit-mountaintops-m33-4-check-7770137	check	7770137	identity_region	"{""ap_flag"":68230,""item_name"":""Missionary's Cookbook [7]"",""merchant_anchor"":""hermit-mountaintops"",""region"":""Mountaintops of the Giants"",""shop_row_ids"":[100900],""wiki_url"":""https://eldenring.wiki.gg/wiki/Missionary%27s_Cookbook_7""}"	wiki:redmaw:checklists:7281cb6f;wiki:eldenpedia:merchant-item:revision-99019	gameplay-guide:redmaw;gameplay-wiki:eldenpedia	lead_only	unknown	redmaw-checklists:merchants.html#hermit-mountaintops/m33-4;wiki.gg:https://eldenring.wiki.gg/wiki/Missionary's_Cookbook_7?oldid=99019	Redmaw lists Missionary's Cookbook [7] under merchant section hermit-mountaintops; that context identifies current AP shop flag 68230.	The identity is narrowed by Redmaw's merchant anchor and AP's current flag, shop-row, and physical-merchant evidence (Mountaintops of the Giants). It does not prove v1.17 behavior, access logic, stock predicates, or shop availability.
redmaw-merchant-iji-m13-3-check-7770256	check	7770256	identity_region	"{""ap_flag"":120270,""item_name"":""Somber Smithing Stone [3]"",""merchant_anchor"":""iji"",""region"":""Liurnia"",""shop_row_ids"":[100227],""wiki_url"":""https://eldenring.wiki.gg/wiki/Somber_Smithing_Stone_3""}"	wiki:redmaw:checklists:7281cb6f;wiki:eldenpedia:merchant-item:revision-71674	gameplay-guide:redmaw;gameplay-wiki:eldenpedia	lead_only	unknown	redmaw-checklists:merchants.html#iji/m13-3;wiki.gg:https://eldenring.wiki.gg/wiki/Somber_Smithing_Stone_3?oldid=71674	Redmaw lists Somber Smithing Stone [3] under merchant section iji; that context identifies current AP shop flag 120270.	The identity is narrowed by Redmaw's merchant anchor and AP's current flag, shop-row, and physical-merchant evidence (Liurnia). It does not prove v1.17 behavior, access logic, stock predicates, or shop availability.
redmaw-merchant-iji-m13-4-check-7770257	check	7770257	identity_region	"{""ap_flag"":120280,""item_name"":""Somber Smithing Stone [4]"",""merchant_anchor"":""iji"",""region"":""Liurnia"",""shop_row_ids"":[100228],""wiki_url"":""https://eldenring.wiki.gg/wiki/Somber_Smithing_Stone_4""}"	wiki:redmaw:checklists:7281cb6f;wiki:eldenpedia:merchant-item:revision-71675	gameplay-guide:redmaw;gameplay-wiki:eldenpedia	lead_only	unknown	redmaw-checklists:merchants.html#iji/m13-4;wiki.gg:https://eldenring.wiki.gg/wiki/Somber_Smithing_Stone_4?oldid=71675	Redmaw lists Somber Smithing Stone [4] under merchant section iji; that context identifies current AP shop flag 120280.	The identity is narrowed by Redmaw's merchant anchor and AP's current flag, shop-row, and physical-merchant evidence (Liurnia). It does not prove v1.17 behavior, access logic, stock predicates, or shop availability.
redmaw-merchant-iji-m13-6-check-7770258	check	7770258	identity_region	"{""ap_flag"":120290,""item_name"":""Carian Filigreed Crest"",""merchant_anchor"":""iji"",""region"":""Liurnia"",""shop_row_ids"":[100229],""wiki_url"":""https://eldenring.wiki.gg/wiki/Carian_Filigreed_Crest""}"	wiki:redmaw:checklists:7281cb6f;wiki:eldenpedia:merchant-item:revision-99829	gameplay-guide:redmaw;gameplay-wiki:eldenpedia	lead_only	unknown	redmaw-checklists:merchants.html#iji/m13-6;wiki.gg:https://eldenring.wiki.gg/wiki/Carian_Filigreed_Crest?oldid=99829	Redmaw lists Carian Filigreed Crest under merchant section iji; that context identifies current AP shop flag 120290.	The identity is narrowed by Redmaw's merchant anchor and AP's current flag, shop-row, and physical-merchant evidence (Liurnia). It does not prove v1.17 behavior, access logic, stock predicates, or shop availability.
redmaw-merchant-imprisoned-merchant-m36-1-check-7770480	check	7770480	identity_region	"{""ap_flag"":190810,""item_name"":""Rune Arc"",""merchant_anchor"":""imprisoned-merchant"",""region"":""Mohgwyn"",""shop_row_ids"":[100981],""wiki_url"":""https://eldenring.wiki.gg/wiki/Rune_Arc""}"	wiki:redmaw:checklists:7281cb6f;wiki:eldenpedia:merchant-item:revision-71254	gameplay-guide:redmaw;gameplay-wiki:eldenpedia	lead_only	unknown	redmaw-checklists:merchants.html#imprisoned-merchant/m36-1;wiki.gg:https://eldenring.wiki.gg/wiki/Rune_Arc?oldid=71254	Redmaw lists Rune Arc under merchant section imprisoned-merchant; that context identifies current AP shop flag 190810.	The identity is narrowed by Redmaw's merchant anchor and AP's current flag, shop-row, and physical-merchant evidence (Mohgwyn). It does not prove v1.17 behavior, access logic, stock predicates, or shop availability.
redmaw-merchant-imprisoned-merchant-m36-2-check-7770482	check	7770482	identity_region	"{""ap_flag"":190830,""item_name"":""Stanching Boluses"",""merchant_anchor"":""imprisoned-merchant"",""region"":""Mohgwyn"",""shop_row_ids"":[100983],""wiki_url"":""https://eldenring.wiki.gg/wiki/Stanching_Boluses""}"	wiki:redmaw:checklists:7281cb6f;wiki:eldenpedia:merchant-item:revision-84448	gameplay-guide:redmaw;gameplay-wiki:eldenpedia	lead_only	unknown	redmaw-checklists:merchants.html#imprisoned-merchant/m36-2;wiki.gg:https://eldenring.wiki.gg/wiki/Stanching_Boluses?oldid=84448	Redmaw lists Stanching Boluses under merchant section imprisoned-merchant; that context identifies current AP shop flag 190830.	The identity is narrowed by Redmaw's merchant anchor and AP's current flag, shop-row, and physical-merchant evidence (Mohgwyn). It does not prove v1.17 behavior, access logic, stock predicates, or shop availability.
redmaw-merchant-imprisoned-merchant-m36-3-check-7770481	check	7770481	identity_region	"{""ap_flag"":190820,""item_name"":""Festering Bloody Finger"",""merchant_anchor"":""imprisoned-merchant"",""region"":""Mohgwyn"",""shop_row_ids"":[100982],""wiki_url"":""https://eldenring.wiki.gg/wiki/Festering_Bloody_Finger""}"	wiki:redmaw:checklists:7281cb6f;wiki:eldenpedia:merchant-item:revision-9529	gameplay-guide:redmaw;gameplay-wiki:eldenpedia	lead_only	unknown	redmaw-checklists:merchants.html#imprisoned-merchant/m36-3;wiki.gg:https://eldenring.wiki.gg/wiki/Festering_Bloody_Finger?oldid=9529	Redmaw lists Festering Bloody Finger under merchant section imprisoned-merchant; that context identifies current AP shop flag 190820.	The identity is narrowed by Redmaw's merchant anchor and AP's current flag, shop-row, and physical-merchant evidence (Mohgwyn). It does not prove v1.17 behavior, access logic, stock predicates, or shop availability.
redmaw-merchant-imprisoned-merchant-m36-5-check-7770478	check	7770478	identity_region	"{""ap_flag"":190760,""item_name"":""Stonesword Key"",""merchant_anchor"":""imprisoned-merchant"",""region"":""Mohgwyn"",""shop_row_ids"":[100976],""wiki_url"":""https://eldenring.wiki.gg/wiki/Stonesword_Key""}"	wiki:redmaw:checklists:7281cb6f;wiki:eldenpedia:merchant-item:revision-100701	gameplay-guide:redmaw;gameplay-wiki:eldenpedia	lead_only	unknown	redmaw-checklists:merchants.html#imprisoned-merchant/m36-5;wiki.gg:https://eldenring.wiki.gg/wiki/Stonesword_Key?oldid=100701	Redmaw lists Stonesword Key under merchant section imprisoned-merchant; that context identifies current AP shop flag 190760.	The identity is narrowed by Redmaw's merchant anchor and AP's current flag, shop-row, and physical-merchant evidence (Mohgwyn). It does not prove v1.17 behavior, access logic, stock predicates, or shop availability.
redmaw-merchant-imprisoned-merchant-m36-6-check-7770479	check	7770479	identity_region	"{""ap_flag"":190770,""item_name"":""Lost Ashes of War"",""merchant_anchor"":""imprisoned-merchant"",""region"":""Mohgwyn"",""shop_row_ids"":[100977],""wiki_url"":""https://eldenring.wiki.gg/wiki/Lost_Ashes_of_War""}"	wiki:redmaw:checklists:7281cb6f;wiki:eldenpedia:merchant-item:revision-99824	gameplay-guide:redmaw;gameplay-wiki:eldenpedia	lead_only	unknown	redmaw-checklists:merchants.html#imprisoned-merchant/m36-6;wiki.gg:https://eldenring.wiki.gg/wiki/Lost_Ashes_of_War?oldid=99824	Redmaw lists Lost Ashes of War under merchant section imprisoned-merchant; that context identifies current AP shop flag 190770.	The identity is narrowed by Redmaw's merchant anchor and AP's current flag, shop-row, and physical-merchant evidence (Mohgwyn). It does not prove v1.17 behavior, access logic, stock predicates, or shop availability.
redmaw-merchant-isolated-dragonbarrow-m29-1-check-7770451	check	7770451	identity_region	"{""ap_flag"":180870,""item_name"":""Dragonwound Grease"",""merchant_anchor"":""isolated-dragonbarrow"",""region"":""Caelid"",""shop_row_ids"":[100887],""wiki_url"":""https://eldenring.wiki.gg/wiki/Dragonwound_Grease""}"	wiki:redmaw:checklists:7281cb6f;wiki:eldenpedia:merchant-item:revision-91461	gameplay-guide:redmaw;gameplay-wiki:eldenpedia	lead_only	unknown	redmaw-checklists:merchants.html#isolated-dragonbarrow/m29-1;wiki.gg:https://eldenring.wiki.gg/wiki/Dragonwound_Grease?oldid=91461	Redmaw lists Dragonwound Grease under merchant section isolated-dragonbarrow; that context identifies current AP shop flag 180870.	The identity is narrowed by Redmaw's merchant anchor and AP's current flag, shop-row, and physical-merchant evidence (Caelid). It does not prove v1.17 behavior, access logic, stock predicates, or shop availability.
redmaw-merchant-isolated-dragonbarrow-m29-10-check-7770453	check	7770453	identity_region	"{""ap_flag"":180890,""item_name"":""Beast-Repellent Torch"",""merchant_anchor"":""isolated-dragonbarrow"",""region"":""Caelid"",""shop_row_ids"":[100889],""wiki_url"":""https://eldenring.wiki.gg/wiki/Beast-Repellent_Torch""}"	wiki:redmaw:checklists:7281cb6f;wiki:eldenpedia:merchant-item:revision-73547	gameplay-guide:redmaw;gameplay-wiki:eldenpedia	lead_only	unknown	redmaw-checklists:merchants.html#isolated-dragonbarrow/m29-10;wiki.gg:https://eldenring.wiki.gg/wiki/Beast-Repellent_Torch?oldid=73547	Redmaw lists Beast-Repellent Torch under merchant section isolated-dragonbarrow; that context identifies current AP shop flag 180890.	The identity is narrowed by Redmaw's merchant anchor and AP's current flag, shop-row, and physical-merchant evidence (Caelid). It does not prove v1.17 behavior, access logic, stock predicates, or shop availability.
redmaw-merchant-isolated-dragonbarrow-m29-11-check-7770447	check	7770447	identity_region	"{""ap_flag"":180820,""item_name"":""Land of Reeds Helm"",""merchant_anchor"":""isolated-dragonbarrow"",""region"":""Caelid"",""shop_row_ids"":[100882],""wiki_url"":""https://eldenring.wiki.gg/wiki/Land_of_Reeds_Helm""}"	wiki:redmaw:checklists:7281cb6f;wiki:eldenpedia:merchant-item:revision-26032	gameplay-guide:redmaw;gameplay-wiki:eldenpedia	lead_only	unknown	redmaw-checklists:merchants.html#isolated-dragonbarrow/m29-11;wiki.gg:https://eldenring.wiki.gg/wiki/Land_of_Reeds_Helm?oldid=26032	Redmaw lists Land of Reeds Helm under merchant section isolated-dragonbarrow; that context identifies current AP shop flag 180820.	The identity is narrowed by Redmaw's merchant anchor and AP's current flag, shop-row, and physical-merchant evidence (Caelid). It does not prove v1.17 behavior, access logic, stock predicates, or shop availability.
redmaw-merchant-isolated-dragonbarrow-m29-12-check-7770448	check	7770448	identity_region	"{""ap_flag"":180830,""item_name"":""Land of Reeds Armor"",""merchant_anchor"":""isolated-dragonbarrow"",""region"":""Caelid"",""shop_row_ids"":[100883],""wiki_url"":""https://eldenring.wiki.gg/wiki/Land_of_Reeds_Armor""}"	wiki:redmaw:checklists:7281cb6f;wiki:eldenpedia:merchant-item:revision-10015	gameplay-guide:redmaw;gameplay-wiki:eldenpedia	lead_only	unknown	redmaw-checklists:merchants.html#isolated-dragonbarrow/m29-12;wiki.gg:https://eldenring.wiki.gg/wiki/Land_of_Reeds_Armor?oldid=10015	Redmaw lists Land of Reeds Armor under merchant section isolated-dragonbarrow; that context identifies current AP shop flag 180830.	The identity is narrowed by Redmaw's merchant anchor and AP's current flag, shop-row, and physical-merchant evidence (Caelid). It does not prove v1.17 behavior, access logic, stock predicates, or shop availability.
redmaw-merchant-isolated-dragonbarrow-m29-13-check-7770449	check	7770449	identity_region	"{""ap_flag"":180840,""item_name"":""Land of Reeds Gauntlets"",""merchant_anchor"":""isolated-dragonbarrow"",""region"":""Caelid"",""shop_row_ids"":[100884],""wiki_url"":""https://eldenring.wiki.gg/wiki/Land_of_Reeds_Gauntlets""}"	wiki:redmaw:checklists:7281cb6f;wiki:eldenpedia:merchant-item:revision-5394	gameplay-guide:redmaw;gameplay-wiki:eldenpedia	lead_only	unknown	redmaw-checklists:merchants.html#isolated-dragonbarrow/m29-13;wiki.gg:https://eldenring.wiki.gg/wiki/Land_of_Reeds_Gauntlets?oldid=5394	Redmaw lists Land of Reeds Gauntlets under merchant section isolated-dragonbarrow; that context identifies current AP shop flag 180840.	The identity is narrowed by Redmaw's merchant anchor and AP's current flag, shop-row, and physical-merchant evidence (Caelid). It does not prove v1.17 behavior, access logic, stock predicates, or shop availability.
redmaw-merchant-isolated-dragonbarrow-m29-14-check-7770450	check	7770450	identity_region	"{""ap_flag"":180850,""item_name"":""Land of Reeds Greaves"",""merchant_anchor"":""isolated-dragonbarrow"",""region"":""Caelid"",""shop_row_ids"":[100885],""wiki_url"":""https://eldenring.wiki.gg/wiki/Land_of_Reeds_Greaves""}"	wiki:redmaw:checklists:7281cb6f;wiki:eldenpedia:merchant-item:revision-48169	gameplay-guide:redmaw;gameplay-wiki:eldenpedia	lead_only	unknown	redmaw-checklists:merchants.html#isolated-dragonbarrow/m29-14;wiki.gg:https://eldenring.wiki.gg/wiki/Land_of_Reeds_Greaves?oldid=48169	Redmaw lists Land of Reeds Greaves under merchant section isolated-dragonbarrow; that context identifies current AP shop flag 180850.	The identity is narrowed by Redmaw's merchant anchor and AP's current flag, shop-row, and physical-merchant evidence (Caelid). It does not prove v1.17 behavior, access logic, stock predicates, or shop availability.
redmaw-merchant-isolated-dragonbarrow-m29-15-check-7774587	check	7774587	identity_region	"{""ap_flag"":180800,""item_name"":""Sacrificial Twig"",""merchant_anchor"":""isolated-dragonbarrow"",""region"":""Caelid"",""shop_row_ids"":[100880],""wiki_url"":""https://eldenring.wiki.gg/wiki/Sacrificial_Twig""}"	wiki:redmaw:checklists:7281cb6f;wiki:eldenpedia:merchant-item:revision-93171	gameplay-guide:redmaw;gameplay-wiki:eldenpedia	lead_only	unknown	redmaw-checklists:merchants.html#isolated-dragonbarrow/m29-15;wiki.gg:https://eldenring.wiki.gg/wiki/Sacrificial_Twig?oldid=93171	Redmaw lists Sacrificial Twig under merchant section isolated-dragonbarrow; that context identifies current AP shop flag 180800.	The identity is narrowed by Redmaw's merchant anchor and AP's current flag, shop-row, and physical-merchant evidence (Caelid). It does not prove v1.17 behavior, access logic, stock predicates, or shop availability.
redmaw-merchant-isolated-dragonbarrow-m29-16-check-7770189	check	7770189	identity_region	"{""ap_flag"":69730,""item_name"":""Note: Gateway"",""merchant_anchor"":""isolated-dragonbarrow"",""region"":""Caelid"",""shop_row_ids"":[100886],""wiki_url"":""https://eldenring.wiki.gg/wiki/Note:_Gateway""}"	wiki:redmaw:checklists:7281cb6f;wiki:eldenpedia:merchant-item:revision-40702	gameplay-guide:redmaw;gameplay-wiki:eldenpedia	lead_only	unknown	redmaw-checklists:merchants.html#isolated-dragonbarrow/m29-16;wiki.gg:https://eldenring.wiki.gg/wiki/Note%3A_Gateway?oldid=40702	Redmaw lists Note: Gateway under merchant section isolated-dragonbarrow; that context identifies current AP shop flag 69730.	The identity is narrowed by Redmaw's merchant anchor and AP's current flag, shop-row, and physical-merchant evidence (Caelid). It does not prove v1.17 behavior, access logic, stock predicates, or shop availability.
redmaw-merchant-isolated-dragonbarrow-m29-17-check-7770177	check	7770177	identity_region	"{""ap_flag"":69600,""item_name"":""Note: Hidden Cave"",""merchant_anchor"":""isolated-dragonbarrow"",""region"":""Caelid"",""shop_row_ids"":[100875],""wiki_url"":""https://eldenring.wiki.gg/wiki/Note:_Hidden_Cave""}"	wiki:redmaw:checklists:7281cb6f;wiki:eldenpedia:merchant-item:revision-49974	gameplay-guide:redmaw;gameplay-wiki:eldenpedia	lead_only	unknown	redmaw-checklists:merchants.html#isolated-dragonbarrow/m29-17;wiki.gg:https://eldenring.wiki.gg/wiki/Note%3A_Hidden_Cave?oldid=49974	Redmaw lists Note: Hidden Cave under merchant section isolated-dragonbarrow; that context identifies current AP shop flag 69600.	The identity is narrowed by Redmaw's merchant anchor and AP's current flag, shop-row, and physical-merchant evidence (Caelid). It does not prove v1.17 behavior, access logic, stock predicates, or shop availability.
redmaw-merchant-isolated-dragonbarrow-m29-2-check-7770454	check	7770454	identity_region	"{""ap_flag"":180930,""item_name"":""Festering Bloody Finger"",""merchant_anchor"":""isolated-dragonbarrow"",""region"":""Caelid"",""shop_row_ids"":[100893],""wiki_url"":""https://eldenring.wiki.gg/wiki/Festering_Bloody_Finger""}"	wiki:redmaw:checklists:7281cb6f;wiki:eldenpedia:merchant-item:revision-9529	gameplay-guide:redmaw;gameplay-wiki:eldenpedia	lead_only	unknown	redmaw-checklists:merchants.html#isolated-dragonbarrow/m29-2;wiki.gg:https://eldenring.wiki.gg/wiki/Festering_Bloody_Finger?oldid=9529	Redmaw lists Festering Bloody Finger under merchant section isolated-dragonbarrow; that context identifies current AP shop flag 180930.	The identity is narrowed by Redmaw's merchant anchor and AP's current flag, shop-row, and physical-merchant evidence (Caelid). It does not prove v1.17 behavior, access logic, stock predicates, or shop availability.
redmaw-merchant-isolated-dragonbarrow-m29-3-check-7770446	check	7770446	identity_region	"{""ap_flag"":180780,""item_name"":""Gravel Stone"",""merchant_anchor"":""isolated-dragonbarrow"",""region"":""Caelid"",""shop_row_ids"":[100878],""wiki_url"":""https://eldenring.wiki.gg/wiki/Gravel_Stone""}"	wiki:redmaw:checklists:7281cb6f;wiki:eldenpedia:merchant-item:revision-31316	gameplay-guide:redmaw;gameplay-wiki:eldenpedia	lead_only	unknown	redmaw-checklists:merchants.html#isolated-dragonbarrow/m29-3;wiki.gg:https://eldenring.wiki.gg/wiki/Gravel_Stone?oldid=31316	Redmaw lists Gravel Stone under merchant section isolated-dragonbarrow; that context identifies current AP shop flag 180780.	The identity is narrowed by Redmaw's merchant anchor and AP's current flag, shop-row, and physical-merchant evidence (Caelid). It does not prove v1.17 behavior, access logic, stock predicates, or shop availability.
redmaw-merchant-isolated-dragonbarrow-m29-4-check-7770066	check	7770066	identity_region	"{""ap_flag"":66460,""item_name"":""Ritual Pot"",""merchant_anchor"":""isolated-dragonbarrow"",""region"":""Caelid"",""shop_row_ids"":[100876],""wiki_url"":""https://eldenring.wiki.gg/wiki/Ritual_Pot""}"	wiki:redmaw:checklists:7281cb6f;wiki:eldenpedia:merchant-item:revision-66982	gameplay-guide:redmaw;gameplay-wiki:eldenpedia	lead_only	unknown	redmaw-checklists:merchants.html#isolated-dragonbarrow/m29-4;wiki.gg:https://eldenring.wiki.gg/wiki/Ritual_Pot?oldid=66982	Redmaw lists Ritual Pot under merchant section isolated-dragonbarrow; that context identifies current AP shop flag 66460.	The identity is narrowed by Redmaw's merchant anchor and AP's current flag, shop-row, and physical-merchant evidence (Caelid). It does not prove v1.17 behavior, access logic, stock predicates, or shop availability.
redmaw-merchant-isolated-dragonbarrow-m29-5-check-7770445	check	7770445	identity_region	"{""ap_flag"":180770,""item_name"":""Lost Ashes of War"",""merchant_anchor"":""isolated-dragonbarrow"",""region"":""Caelid"",""shop_row_ids"":[100877],""wiki_url"":""https://eldenring.wiki.gg/wiki/Lost_Ashes_of_War""}"	wiki:redmaw:checklists:7281cb6f;wiki:eldenpedia:merchant-item:revision-99824	gameplay-guide:redmaw;gameplay-wiki:eldenpedia	lead_only	unknown	redmaw-checklists:merchants.html#isolated-dragonbarrow/m29-5;wiki.gg:https://eldenring.wiki.gg/wiki/Lost_Ashes_of_War?oldid=99824	Redmaw lists Lost Ashes of War under merchant section isolated-dragonbarrow; that context identifies current AP shop flag 180770.	The identity is narrowed by Redmaw's merchant anchor and AP's current flag, shop-row, and physical-merchant evidence (Caelid). It does not prove v1.17 behavior, access logic, stock predicates, or shop availability.
redmaw-merchant-isolated-dragonbarrow-m29-6-check-7770452	check	7770452	identity_region	"{""ap_flag"":180880,""item_name"":""Spiked Caestus"",""merchant_anchor"":""isolated-dragonbarrow"",""region"":""Caelid"",""shop_row_ids"":[100888],""wiki_url"":""https://eldenring.wiki.gg/wiki/Spiked_Caestus""}"	wiki:redmaw:checklists:7281cb6f;wiki:eldenpedia:merchant-item:revision-84249	gameplay-guide:redmaw;gameplay-wiki:eldenpedia	lead_only	unknown	redmaw-checklists:merchants.html#isolated-dragonbarrow/m29-6;wiki.gg:https://eldenring.wiki.gg/wiki/Spiked_Caestus?oldid=84249	Redmaw lists Spiked Caestus under merchant section isolated-dragonbarrow; that context identifies current AP shop flag 180880.	The identity is narrowed by Redmaw's merchant anchor and AP's current flag, shop-row, and physical-merchant evidence (Caelid). It does not prove v1.17 behavior, access logic, stock predicates, or shop availability.
redmaw-merchant-isolated-raya-lucaria-m26-1-check-7770400	check	7770400	identity_region	"{""ap_flag"":160950,""item_name"":""Festering Bloody Finger"",""merchant_anchor"":""isolated-raya-lucaria"",""region"":""Raya Lucaria Academy"",""shop_row_ids"":[100695],""wiki_url"":""https://eldenring.wiki.gg/wiki/Festering_Bloody_Finger""}"	wiki:redmaw:checklists:7281cb6f;wiki:eldenpedia:merchant-item:revision-9529	gameplay-guide:redmaw;gameplay-wiki:eldenpedia	lead_only	unknown	redmaw-checklists:merchants.html#isolated-raya-lucaria/m26-1;wiki.gg:https://eldenring.wiki.gg/wiki/Festering_Bloody_Finger?oldid=9529	Redmaw lists Festering Bloody Finger under merchant section isolated-raya-lucaria; that context identifies current AP shop flag 160950.	The identity is narrowed by Redmaw's merchant anchor and AP's current flag, shop-row, and physical-merchant evidence (Raya Lucaria Academy). It does not prove v1.17 behavior, access logic, stock predicates, or shop availability.
redmaw-merchant-isolated-raya-lucaria-m26-10-check-7770396	check	7770396	identity_region	"{""ap_flag"":160910,""item_name"":""Blue Cloth Cowl"",""merchant_anchor"":""isolated-raya-lucaria"",""region"":""Raya Lucaria Academy"",""shop_row_ids"":[100691],""wiki_url"":""https://eldenring.wiki.gg/wiki/Blue_Cloth_Cowl""}"	wiki:redmaw:checklists:7281cb6f;wiki:eldenpedia:merchant-item:revision-55030	gameplay-guide:redmaw;gameplay-wiki:eldenpedia	lead_only	unknown	redmaw-checklists:merchants.html#isolated-raya-lucaria/m26-10;wiki.gg:https://eldenring.wiki.gg/wiki/Blue_Cloth_Cowl?oldid=55030	Redmaw lists Blue Cloth Cowl under merchant section isolated-raya-lucaria; that context identifies current AP shop flag 160910.	The identity is narrowed by Redmaw's merchant anchor and AP's current flag, shop-row, and physical-merchant evidence (Raya Lucaria Academy). It does not prove v1.17 behavior, access logic, stock predicates, or shop availability.
redmaw-merchant-isolated-raya-lucaria-m26-11-check-7770397	check	7770397	identity_region	"{""ap_flag"":160920,""item_name"":""Blue Cloth Vest"",""merchant_anchor"":""isolated-raya-lucaria"",""region"":""Raya Lucaria Academy"",""shop_row_ids"":[100692],""wiki_url"":""https://eldenring.wiki.gg/wiki/Blue_Cloth_Vest""}"	wiki:redmaw:checklists:7281cb6f;wiki:eldenpedia:merchant-item:revision-46397	gameplay-guide:redmaw;gameplay-wiki:eldenpedia	lead_only	unknown	redmaw-checklists:merchants.html#isolated-raya-lucaria/m26-11;wiki.gg:https://eldenring.wiki.gg/wiki/Blue_Cloth_Vest?oldid=46397	Redmaw lists Blue Cloth Vest under merchant section isolated-raya-lucaria; that context identifies current AP shop flag 160920.	The identity is narrowed by Redmaw's merchant anchor and AP's current flag, shop-row, and physical-merchant evidence (Raya Lucaria Academy). It does not prove v1.17 behavior, access logic, stock predicates, or shop availability.
redmaw-merchant-isolated-raya-lucaria-m26-12-check-7770398	check	7770398	identity_region	"{""ap_flag"":160930,""item_name"":""Warrior Gauntlets"",""merchant_anchor"":""isolated-raya-lucaria"",""region"":""Raya Lucaria Academy"",""shop_row_ids"":[100693],""wiki_url"":""https://eldenring.wiki.gg/wiki/Warrior_Gauntlets""}"	wiki:redmaw:checklists:7281cb6f;wiki:eldenpedia:merchant-item:revision-31209	gameplay-guide:redmaw;gameplay-wiki:eldenpedia	lead_only	unknown	redmaw-checklists:merchants.html#isolated-raya-lucaria/m26-12;wiki.gg:https://eldenring.wiki.gg/wiki/Warrior_Gauntlets?oldid=31209	Redmaw lists Warrior Gauntlets under merchant section isolated-raya-lucaria; that context identifies current AP shop flag 160930.	The identity is narrowed by Redmaw's merchant anchor and AP's current flag, shop-row, and physical-merchant evidence (Raya Lucaria Academy). It does not prove v1.17 behavior, access logic, stock predicates, or shop availability.
redmaw-merchant-isolated-raya-lucaria-m26-13-check-7770399	check	7770399	identity_region	"{""ap_flag"":160940,""item_name"":""Warrior Greaves"",""merchant_anchor"":""isolated-raya-lucaria"",""region"":""Raya Lucaria Academy"",""shop_row_ids"":[100694],""wiki_url"":""https://eldenring.wiki.gg/wiki/Warrior_Greaves""}"	wiki:redmaw:checklists:7281cb6f;wiki:eldenpedia:merchant-item:revision-27762	gameplay-guide:redmaw;gameplay-wiki:eldenpedia	lead_only	unknown	redmaw-checklists:merchants.html#isolated-raya-lucaria/m26-13;wiki.gg:https://eldenring.wiki.gg/wiki/Warrior_Greaves?oldid=27762	Redmaw lists Warrior Greaves under merchant section isolated-raya-lucaria; that context identifies current AP shop flag 160940.	The identity is narrowed by Redmaw's merchant anchor and AP's current flag, shop-row, and physical-merchant evidence (Raya Lucaria Academy). It does not prove v1.17 behavior, access logic, stock predicates, or shop availability.
redmaw-merchant-isolated-raya-lucaria-m26-14-check-7774586	check	7774586	identity_region	"{""ap_flag"":160820,""item_name"":""Sacrificial Twig"",""merchant_anchor"":""isolated-raya-lucaria"",""region"":""Raya Lucaria Academy"",""shop_row_ids"":[100682],""wiki_url"":""https://eldenring.wiki.gg/wiki/Sacrificial_Twig""}"	wiki:redmaw:checklists:7281cb6f;wiki:eldenpedia:merchant-item:revision-93171	gameplay-guide:redmaw;gameplay-wiki:eldenpedia	lead_only	unknown	redmaw-checklists:merchants.html#isolated-raya-lucaria/m26-14;wiki.gg:https://eldenring.wiki.gg/wiki/Sacrificial_Twig?oldid=93171	Redmaw lists Sacrificial Twig under merchant section isolated-raya-lucaria; that context identifies current AP shop flag 160820.	The identity is narrowed by Redmaw's merchant anchor and AP's current flag, shop-row, and physical-merchant evidence (Raya Lucaria Academy). It does not prove v1.17 behavior, access logic, stock predicates, or shop availability.
redmaw-merchant-isolated-raya-lucaria-m26-15-check-7770195	check	7770195	identity_region	"{""ap_flag"":69910,""item_name"":""Note: The Preceptor's Secret"",""merchant_anchor"":""isolated-raya-lucaria"",""region"":""Raya Lucaria Academy"",""shop_row_ids"":[100696],""wiki_url"":""https://eldenring.wiki.gg/wiki/Note:_The_Preceptor%27s_Secret""}"	wiki:redmaw:checklists:7281cb6f;wiki:eldenpedia:merchant-item:revision-17630	gameplay-guide:redmaw;gameplay-wiki:eldenpedia	lead_only	unknown	redmaw-checklists:merchants.html#isolated-raya-lucaria/m26-15;wiki.gg:https://eldenring.wiki.gg/wiki/Note%3A_The_Preceptor's_Secret?oldid=17630	Redmaw lists Note: The Preceptor's Secret under merchant section isolated-raya-lucaria; that context identifies current AP shop flag 69910.	The identity is narrowed by Redmaw's merchant anchor and AP's current flag, shop-row, and physical-merchant evidence (Raya Lucaria Academy). It does not prove v1.17 behavior, access logic, stock predicates, or shop availability.
redmaw-merchant-isolated-raya-lucaria-m26-16-check-7770187	check	7770187	identity_region	"{""ap_flag"":69710,""item_name"":""Note: Revenants"",""merchant_anchor"":""isolated-raya-lucaria"",""region"":""Raya Lucaria Academy"",""shop_row_ids"":[100686],""wiki_url"":""https://eldenring.wiki.gg/wiki/Note:_Revenants""}"	wiki:redmaw:checklists:7281cb6f;wiki:eldenpedia:merchant-item:revision-39249	gameplay-guide:redmaw;gameplay-wiki:eldenpedia	lead_only	unknown	redmaw-checklists:merchants.html#isolated-raya-lucaria/m26-16;wiki.gg:https://eldenring.wiki.gg/wiki/Note%3A_Revenants?oldid=39249	Redmaw lists Note: Revenants under merchant section isolated-raya-lucaria; that context identifies current AP shop flag 69710.	The identity is narrowed by Redmaw's merchant anchor and AP's current flag, shop-row, and physical-merchant evidence (Raya Lucaria Academy). It does not prove v1.17 behavior, access logic, stock predicates, or shop availability.
redmaw-merchant-isolated-raya-lucaria-m26-17-check-7770191	check	7770191	identity_region	"{""ap_flag"":69750,""item_name"":""Note: Frenzied Flame Village"",""merchant_anchor"":""isolated-raya-lucaria"",""region"":""Raya Lucaria Academy"",""shop_row_ids"":[100687],""wiki_url"":""https://eldenring.wiki.gg/wiki/Note:_Frenzied_Flame_Village""}"	wiki:redmaw:checklists:7281cb6f;wiki:eldenpedia:merchant-item:revision-19154	gameplay-guide:redmaw;gameplay-wiki:eldenpedia	lead_only	unknown	redmaw-checklists:merchants.html#isolated-raya-lucaria/m26-17;wiki.gg:https://eldenring.wiki.gg/wiki/Note%3A_Frenzied_Flame_Village?oldid=19154	Redmaw lists Note: Frenzied Flame Village under merchant section isolated-raya-lucaria; that context identifies current AP shop flag 69750.	The identity is narrowed by Redmaw's merchant anchor and AP's current flag, shop-row, and physical-merchant evidence (Raya Lucaria Academy). It does not prove v1.17 behavior, access logic, stock predicates, or shop availability.
redmaw-merchant-isolated-raya-lucaria-m26-2-check-7770394	check	7770394	identity_region	"{""ap_flag"":160880,""item_name"":""Fanged Imp Ashes"",""merchant_anchor"":""isolated-raya-lucaria"",""region"":""Raya Lucaria Academy"",""shop_row_ids"":[100688],""wiki_url"":""https://eldenring.wiki.gg/wiki/Fanged_Imp_Ashes""}"	wiki:redmaw:checklists:7281cb6f;wiki:eldenpedia:merchant-item:revision-99939	gameplay-guide:redmaw;gameplay-wiki:eldenpedia	lead_only	unknown	redmaw-checklists:merchants.html#isolated-raya-lucaria/m26-2;wiki.gg:https://eldenring.wiki.gg/wiki/Fanged_Imp_Ashes?oldid=99939	Redmaw lists Fanged Imp Ashes under merchant section isolated-raya-lucaria; that context identifies current AP shop flag 160880.	The identity is narrowed by Redmaw's merchant anchor and AP's current flag, shop-row, and physical-merchant evidence (Raya Lucaria Academy). It does not prove v1.17 behavior, access logic, stock predicates, or shop availability.
redmaw-merchant-isolated-raya-lucaria-m26-3-check-7770390	check	7770390	identity_region	"{""ap_flag"":160760,""item_name"":""Trina's Lily"",""merchant_anchor"":""isolated-raya-lucaria"",""region"":""Raya Lucaria Academy"",""shop_row_ids"":[100676],""wiki_url"":""https://eldenring.wiki.gg/wiki/Trina%27s_Lily""}"	wiki:redmaw:checklists:7281cb6f;wiki:eldenpedia:merchant-item:revision-94524	gameplay-guide:redmaw;gameplay-wiki:eldenpedia	lead_only	unknown	redmaw-checklists:merchants.html#isolated-raya-lucaria/m26-3;wiki.gg:https://eldenring.wiki.gg/wiki/Trina's_Lily?oldid=94524	Redmaw lists Trina's Lily under merchant section isolated-raya-lucaria; that context identifies current AP shop flag 160760.	The identity is narrowed by Redmaw's merchant anchor and AP's current flag, shop-row, and physical-merchant evidence (Raya Lucaria Academy). It does not prove v1.17 behavior, access logic, stock predicates, or shop availability.
redmaw-merchant-isolated-raya-lucaria-m26-4-check-7770391	check	7770391	identity_region	"{""ap_flag"":160780,""item_name"":""Eye of Yelough"",""merchant_anchor"":""isolated-raya-lucaria"",""region"":""Raya Lucaria Academy"",""shop_row_ids"":[100678],""wiki_url"":""https://eldenring.wiki.gg/wiki/Eye_of_Yelough""}"	wiki:redmaw:checklists:7281cb6f;wiki:eldenpedia:merchant-item:revision-37784	gameplay-guide:redmaw;gameplay-wiki:eldenpedia	lead_only	unknown	redmaw-checklists:merchants.html#isolated-raya-lucaria/m26-4;wiki.gg:https://eldenring.wiki.gg/wiki/Eye_of_Yelough?oldid=37784	Redmaw lists Eye of Yelough under merchant section isolated-raya-lucaria; that context identifies current AP shop flag 160780.	The identity is narrowed by Redmaw's merchant anchor and AP's current flag, shop-row, and physical-merchant evidence (Raya Lucaria Academy). It does not prove v1.17 behavior, access logic, stock predicates, or shop availability.
redmaw-merchant-isolated-raya-lucaria-m26-5-check-7770392	check	7770392	identity_region	"{""ap_flag"":160800,""item_name"":""Stonesword Key"",""merchant_anchor"":""isolated-raya-lucaria"",""region"":""Raya Lucaria Academy"",""shop_row_ids"":[100680],""wiki_url"":""https://eldenring.wiki.gg/wiki/Stonesword_Key""}"	wiki:redmaw:checklists:7281cb6f;wiki:eldenpedia:merchant-item:revision-100701	gameplay-guide:redmaw;gameplay-wiki:eldenpedia	lead_only	unknown	redmaw-checklists:merchants.html#isolated-raya-lucaria/m26-5;wiki.gg:https://eldenring.wiki.gg/wiki/Stonesword_Key?oldid=100701	Redmaw lists Stonesword Key under merchant section isolated-raya-lucaria; that context identifies current AP shop flag 160800.	The identity is narrowed by Redmaw's merchant anchor and AP's current flag, shop-row, and physical-merchant evidence (Raya Lucaria Academy). It does not prove v1.17 behavior, access logic, stock predicates, or shop availability.
redmaw-merchant-isolated-raya-lucaria-m26-6-check-7770393	check	7770393	identity_region	"{""ap_flag"":160810,""item_name"":""Lost Ashes of War"",""merchant_anchor"":""isolated-raya-lucaria"",""region"":""Raya Lucaria Academy"",""shop_row_ids"":[100681],""wiki_url"":""https://eldenring.wiki.gg/wiki/Lost_Ashes_of_War""}"	wiki:redmaw:checklists:7281cb6f;wiki:eldenpedia:merchant-item:revision-99824	gameplay-guide:redmaw;gameplay-wiki:eldenpedia	lead_only	unknown	redmaw-checklists:merchants.html#isolated-raya-lucaria/m26-6;wiki.gg:https://eldenring.wiki.gg/wiki/Lost_Ashes_of_War?oldid=99824	Redmaw lists Lost Ashes of War under merchant section isolated-raya-lucaria; that context identifies current AP shop flag 160810.	The identity is narrowed by Redmaw's merchant anchor and AP's current flag, shop-row, and physical-merchant evidence (Raya Lucaria Academy). It does not prove v1.17 behavior, access logic, stock predicates, or shop availability.
redmaw-merchant-isolated-raya-lucaria-m26-7-check-7770136	check	7770136	identity_region	"{""ap_flag"":68220,""item_name"":""Fevor's Cookbook [2]"",""merchant_anchor"":""isolated-raya-lucaria"",""region"":""Raya Lucaria Academy"",""shop_row_ids"":[100675],""wiki_url"":""https://eldenring.wiki.gg/wiki/Fevor%27s_Cookbook_2""}"	wiki:redmaw:checklists:7281cb6f;wiki:eldenpedia:merchant-item:revision-100700	gameplay-guide:redmaw;gameplay-wiki:eldenpedia	lead_only	unknown	redmaw-checklists:merchants.html#isolated-raya-lucaria/m26-7;wiki.gg:https://eldenring.wiki.gg/wiki/Fevor's_Cookbook_2?oldid=100700	Redmaw lists Fevor's Cookbook [2] under merchant section isolated-raya-lucaria; that context identifies current AP shop flag 68220.	The identity is narrowed by Redmaw's merchant anchor and AP's current flag, shop-row, and physical-merchant evidence (Raya Lucaria Academy). It does not prove v1.17 behavior, access logic, stock predicates, or shop availability.
redmaw-merchant-isolated-raya-lucaria-m26-8-check-7770395	check	7770395	identity_region	"{""ap_flag"":160890,""item_name"":""St. Trina's Arrow"",""merchant_anchor"":""isolated-raya-lucaria"",""region"":""Raya Lucaria Academy"",""shop_row_ids"":[100689],""wiki_url"":""https://eldenring.wiki.gg/wiki/St._Trina%27s_Arrow""}"	wiki:redmaw:checklists:7281cb6f;wiki:eldenpedia:merchant-item:revision-75056	gameplay-guide:redmaw;gameplay-wiki:eldenpedia	lead_only	unknown	redmaw-checklists:merchants.html#isolated-raya-lucaria/m26-8;wiki.gg:https://eldenring.wiki.gg/wiki/St._Trina's_Arrow?oldid=75056	Redmaw lists St. Trina's Arrow under merchant section isolated-raya-lucaria; that context identifies current AP shop flag 160890.	The identity is narrowed by Redmaw's merchant anchor and AP's current flag, shop-row, and physical-merchant evidence (Raya Lucaria Academy). It does not prove v1.17 behavior, access logic, stock predicates, or shop availability.
redmaw-merchant-isolated-weeping-peninsula-m23-1-check-7770385	check	7770385	identity_region	"{""ap_flag"":160580,""item_name"":""Lantern"",""merchant_anchor"":""isolated-weeping-peninsula"",""region"":""Weeping"",""shop_row_ids"":[100658],""wiki_url"":""https://eldenring.wiki.gg/wiki/Lantern""}"	wiki:redmaw:checklists:7281cb6f;wiki:eldenpedia:merchant-item:revision-14815	gameplay-guide:redmaw;gameplay-wiki:eldenpedia	lead_only	unknown	redmaw-checklists:merchants.html#isolated-weeping-peninsula/m23-1;wiki.gg:https://eldenring.wiki.gg/wiki/Lantern?oldid=14815	Redmaw lists Lantern under merchant section isolated-weeping-peninsula; that context identifies current AP shop flag 160580.	The identity is narrowed by Redmaw's merchant anchor and AP's current flag, shop-row, and physical-merchant evidence (Weeping). It does not prove v1.17 behavior, access logic, stock predicates, or shop availability.
redmaw-merchant-isolated-weeping-peninsula-m23-11-check-7774583	check	7774583	identity_region	"{""ap_flag"":160560,""item_name"":""Ballista Bolt"",""merchant_anchor"":""isolated-weeping-peninsula"",""region"":""Weeping"",""shop_row_ids"":[100656],""wiki_url"":""https://eldenring.wiki.gg/wiki/Ballista_Bolt""}"	wiki:redmaw:checklists:7281cb6f;wiki:eldenpedia:merchant-item:revision-84958	gameplay-guide:redmaw;gameplay-wiki:eldenpedia	lead_only	unknown	redmaw-checklists:merchants.html#isolated-weeping-peninsula/m23-11;wiki.gg:https://eldenring.wiki.gg/wiki/Ballista_Bolt?oldid=84958	Redmaw lists Ballista Bolt under merchant section isolated-weeping-peninsula; that context identifies current AP shop flag 160560.	The identity is narrowed by Redmaw's merchant anchor and AP's current flag, shop-row, and physical-merchant evidence (Weeping). It does not prove v1.17 behavior, access logic, stock predicates, or shop availability.
redmaw-merchant-isolated-weeping-peninsula-m23-16-check-7774584	check	7774584	identity_region	"{""ap_flag"":160570,""item_name"":""Sacrificial Twig"",""merchant_anchor"":""isolated-weeping-peninsula"",""region"":""Weeping"",""shop_row_ids"":[100657],""wiki_url"":""https://eldenring.wiki.gg/wiki/Sacrificial_Twig""}"	wiki:redmaw:checklists:7281cb6f;wiki:eldenpedia:merchant-item:revision-93171	gameplay-guide:redmaw;gameplay-wiki:eldenpedia	lead_only	unknown	redmaw-checklists:merchants.html#isolated-weeping-peninsula/m23-16;wiki.gg:https://eldenring.wiki.gg/wiki/Sacrificial_Twig?oldid=93171	Redmaw lists Sacrificial Twig under merchant section isolated-weeping-peninsula; that context identifies current AP shop flag 160570.	The identity is narrowed by Redmaw's merchant anchor and AP's current flag, shop-row, and physical-merchant evidence (Weeping). It does not prove v1.17 behavior, access logic, stock predicates, or shop availability.
redmaw-merchant-isolated-weeping-peninsula-m23-17-check-7770181	check	7770181	identity_region	"{""ap_flag"":69640,""item_name"":""Note: Wandering Mausoleum"",""merchant_anchor"":""isolated-weeping-peninsula"",""region"":""Weeping"",""shop_row_ids"":[100650],""wiki_url"":""https://eldenring.wiki.gg/wiki/Note:_Wandering_Mausoleum""}"	wiki:redmaw:checklists:7281cb6f;wiki:eldenpedia:merchant-item:revision-29350	gameplay-guide:redmaw;gameplay-wiki:eldenpedia	lead_only	unknown	redmaw-checklists:merchants.html#isolated-weeping-peninsula/m23-17;wiki.gg:https://eldenring.wiki.gg/wiki/Note%3A_Wandering_Mausoleum?oldid=29350	Redmaw lists Note: Wandering Mausoleum under merchant section isolated-weeping-peninsula; that context identifies current AP shop flag 69640.	The identity is narrowed by Redmaw's merchant anchor and AP's current flag, shop-row, and physical-merchant evidence (Weeping). It does not prove v1.17 behavior, access logic, stock predicates, or shop availability.
redmaw-merchant-isolated-weeping-peninsula-m23-2-check-7770388	check	7770388	identity_region	"{""ap_flag"":160640,""item_name"":""Festering Bloody Finger"",""merchant_anchor"":""isolated-weeping-peninsula"",""region"":""Weeping"",""shop_row_ids"":[100664],""wiki_url"":""https://eldenring.wiki.gg/wiki/Festering_Bloody_Finger""}"	wiki:redmaw:checklists:7281cb6f;wiki:eldenpedia:merchant-item:revision-9529	gameplay-guide:redmaw;gameplay-wiki:eldenpedia	lead_only	unknown	redmaw-checklists:merchants.html#isolated-weeping-peninsula/m23-2;wiki.gg:https://eldenring.wiki.gg/wiki/Festering_Bloody_Finger?oldid=9529	Redmaw lists Festering Bloody Finger under merchant section isolated-weeping-peninsula; that context identifies current AP shop flag 160640.	The identity is narrowed by Redmaw's merchant anchor and AP's current flag, shop-row, and physical-merchant evidence (Weeping). It does not prove v1.17 behavior, access logic, stock predicates, or shop availability.
redmaw-merchant-isolated-weeping-peninsula-m23-3-check-7770384	check	7770384	identity_region	"{""ap_flag"":160540,""item_name"":""Arteria Leaf"",""merchant_anchor"":""isolated-weeping-peninsula"",""region"":""Weeping"",""shop_row_ids"":[100654],""wiki_url"":""https://eldenring.wiki.gg/wiki/Arteria_Leaf""}"	wiki:redmaw:checklists:7281cb6f;wiki:eldenpedia:merchant-item:revision-99392	gameplay-guide:redmaw;gameplay-wiki:eldenpedia	lead_only	unknown	redmaw-checklists:merchants.html#isolated-weeping-peninsula/m23-3;wiki.gg:https://eldenring.wiki.gg/wiki/Arteria_Leaf?oldid=99392	Redmaw lists Arteria Leaf under merchant section isolated-weeping-peninsula; that context identifies current AP shop flag 160540.	The identity is narrowed by Redmaw's merchant anchor and AP's current flag, shop-row, and physical-merchant evidence (Weeping). It does not prove v1.17 behavior, access logic, stock predicates, or shop availability.
redmaw-merchant-isolated-weeping-peninsula-m23-4-check-7770389	check	7770389	identity_region	"{""ap_flag"":160650,""item_name"":""Smithing Stone [2]"",""merchant_anchor"":""isolated-weeping-peninsula"",""region"":""Weeping"",""shop_row_ids"":[100665],""wiki_url"":""https://eldenring.wiki.gg/wiki/Smithing_Stone_2""}"	wiki:redmaw:checklists:7281cb6f;wiki:eldenpedia:merchant-item:revision-100390	gameplay-guide:redmaw;gameplay-wiki:eldenpedia	lead_only	unknown	redmaw-checklists:merchants.html#isolated-weeping-peninsula/m23-4;wiki.gg:https://eldenring.wiki.gg/wiki/Smithing_Stone_2?oldid=100390	Redmaw lists Smithing Stone [2] under merchant section isolated-weeping-peninsula; that context identifies current AP shop flag 160650.	The identity is narrowed by Redmaw's merchant anchor and AP's current flag, shop-row, and physical-merchant evidence (Weeping). It does not prove v1.17 behavior, access logic, stock predicates, or shop availability.
redmaw-merchant-isolated-weeping-peninsula-m23-5-check-7770383	check	7770383	identity_region	"{""ap_flag"":160520,""item_name"":""Stonesword Key"",""merchant_anchor"":""isolated-weeping-peninsula"",""region"":""Weeping"",""shop_row_ids"":[100652],""wiki_url"":""https://eldenring.wiki.gg/wiki/Stonesword_Key""}"	wiki:redmaw:checklists:7281cb6f;wiki:eldenpedia:merchant-item:revision-100701	gameplay-guide:redmaw;gameplay-wiki:eldenpedia	lead_only	unknown	redmaw-checklists:merchants.html#isolated-weeping-peninsula/m23-5;wiki.gg:https://eldenring.wiki.gg/wiki/Stonesword_Key?oldid=100701	Redmaw lists Stonesword Key under merchant section isolated-weeping-peninsula; that context identifies current AP shop flag 160520.	The identity is narrowed by Redmaw's merchant anchor and AP's current flag, shop-row, and physical-merchant evidence (Weeping). It does not prove v1.17 behavior, access logic, stock predicates, or shop availability.
redmaw-merchant-isolated-weeping-peninsula-m23-6-check-7770386	check	7770386	identity_region	"{""ap_flag"":160590,""item_name"":""Lost Ashes of War"",""merchant_anchor"":""isolated-weeping-peninsula"",""region"":""Weeping"",""shop_row_ids"":[100659],""wiki_url"":""https://eldenring.wiki.gg/wiki/Lost_Ashes_of_War""}"	wiki:redmaw:checklists:7281cb6f;wiki:eldenpedia:merchant-item:revision-99824	gameplay-guide:redmaw;gameplay-wiki:eldenpedia	lead_only	unknown	redmaw-checklists:merchants.html#isolated-weeping-peninsula/m23-6;wiki.gg:https://eldenring.wiki.gg/wiki/Lost_Ashes_of_War?oldid=99824	Redmaw lists Lost Ashes of War under merchant section isolated-weeping-peninsula; that context identifies current AP shop flag 160590.	The identity is narrowed by Redmaw's merchant anchor and AP's current flag, shop-row, and physical-merchant evidence (Weeping). It does not prove v1.17 behavior, access logic, stock predicates, or shop availability.
redmaw-merchant-isolated-weeping-peninsula-m23-7-check-7770387	check	7770387	identity_region	"{""ap_flag"":160600,""item_name"":""Zweihander"",""merchant_anchor"":""isolated-weeping-peninsula"",""region"":""Weeping"",""shop_row_ids"":[100660],""wiki_url"":""https://eldenring.wiki.gg/wiki/Zweihander""}"	wiki:redmaw:checklists:7281cb6f;wiki:eldenpedia:merchant-item:revision-99735	gameplay-guide:redmaw;gameplay-wiki:eldenpedia	lead_only	unknown	redmaw-checklists:merchants.html#isolated-weeping-peninsula/m23-7;wiki.gg:https://eldenring.wiki.gg/wiki/Zweihander?oldid=99735	Redmaw lists Zweihander under merchant section isolated-weeping-peninsula; that context identifies current AP shop flag 160600.	The identity is narrowed by Redmaw's merchant anchor and AP's current flag, shop-row, and physical-merchant evidence (Weeping). It does not prove v1.17 behavior, access logic, stock predicates, or shop availability.
redmaw-merchant-isolated-weeping-peninsula-m23-9-check-7774585	check	7774585	identity_region	"{""ap_flag"":160630,""item_name"":""Great Arrow"",""merchant_anchor"":""isolated-weeping-peninsula"",""region"":""Weeping"",""shop_row_ids"":[100663],""wiki_url"":""https://eldenring.wiki.gg/wiki/Great_Arrow""}"	wiki:redmaw:checklists:7281cb6f;wiki:eldenpedia:merchant-item:revision-25044	gameplay-guide:redmaw;gameplay-wiki:eldenpedia	lead_only	unknown	redmaw-checklists:merchants.html#isolated-weeping-peninsula/m23-9;wiki.gg:https://eldenring.wiki.gg/wiki/Great_Arrow?oldid=25044	Redmaw lists Great Arrow under merchant section isolated-weeping-peninsula; that context identifies current AP shop flag 160630.	The identity is narrowed by Redmaw's merchant anchor and AP's current flag, shop-row, and physical-merchant evidence (Weeping). It does not prove v1.17 behavior, access logic, stock predicates, or shop availability.
redmaw-merchant-kale-m1-11-check-7770340	check	7770340	identity_region	"{""ap_flag"":150100,""item_name"":""Torch"",""merchant_anchor"":""kale"",""region"":""Limgrave"",""shop_row_ids"":[100510],""wiki_url"":""https://eldenring.wiki.gg/wiki/Torch""}"	wiki:redmaw:checklists:7281cb6f;wiki:eldenpedia:merchant-item:revision-73564	gameplay-guide:redmaw;gameplay-wiki:eldenpedia	lead_only	unknown	redmaw-checklists:merchants.html#kale/m1-11;wiki.gg:https://eldenring.wiki.gg/wiki/Torch?oldid=73564	Redmaw lists Torch under merchant section kale; that context identifies current AP shop flag 150100.	The identity is narrowed by Redmaw's merchant anchor and AP's current flag, shop-row, and physical-merchant evidence (Limgrave). It does not prove v1.17 behavior, access logic, stock predicates, or shop availability.
redmaw-merchant-kale-m1-12-check-7770341	check	7770341	identity_region	"{""ap_flag"":150110,""item_name"":""Large Leather Shield"",""merchant_anchor"":""kale"",""region"":""Limgrave"",""shop_row_ids"":[100511],""wiki_url"":""https://eldenring.wiki.gg/wiki/Large_Leather_Shield""}"	wiki:redmaw:checklists:7281cb6f;wiki:eldenpedia:merchant-item:revision-75730	gameplay-guide:redmaw;gameplay-wiki:eldenpedia	lead_only	unknown	redmaw-checklists:merchants.html#kale/m1-12;wiki.gg:https://eldenring.wiki.gg/wiki/Large_Leather_Shield?oldid=75730	Redmaw lists Large Leather Shield under merchant section kale; that context identifies current AP shop flag 150110.	The identity is narrowed by Redmaw's merchant anchor and AP's current flag, shop-row, and physical-merchant evidence (Limgrave). It does not prove v1.17 behavior, access logic, stock predicates, or shop availability.
redmaw-merchant-kale-m1-13-check-7770343	check	7770343	identity_region	"{""ap_flag"":150150,""item_name"":""Chain Coif"",""merchant_anchor"":""kale"",""region"":""Limgrave"",""shop_row_ids"":[100515],""wiki_url"":""https://eldenring.wiki.gg/wiki/Chain_Coif""}"	wiki:redmaw:checklists:7281cb6f;wiki:eldenpedia:merchant-item:revision-623	gameplay-guide:redmaw;gameplay-wiki:eldenpedia	lead_only	unknown	redmaw-checklists:merchants.html#kale/m1-13;wiki.gg:https://eldenring.wiki.gg/wiki/Chain_Coif?oldid=623	Redmaw lists Chain Coif under merchant section kale; that context identifies current AP shop flag 150150.	The identity is narrowed by Redmaw's merchant anchor and AP's current flag, shop-row, and physical-merchant evidence (Limgrave). It does not prove v1.17 behavior, access logic, stock predicates, or shop availability.
redmaw-merchant-kale-m1-14-check-7770344	check	7770344	identity_region	"{""ap_flag"":150160,""item_name"":""Chain Armor"",""merchant_anchor"":""kale"",""region"":""Limgrave"",""shop_row_ids"":[100516],""wiki_url"":""https://eldenring.wiki.gg/wiki/Chain_Armor""}"	wiki:redmaw:checklists:7281cb6f;wiki:eldenpedia:merchant-item:revision-47412	gameplay-guide:redmaw;gameplay-wiki:eldenpedia	lead_only	unknown	redmaw-checklists:merchants.html#kale/m1-14;wiki.gg:https://eldenring.wiki.gg/wiki/Chain_Armor?oldid=47412	Redmaw lists Chain Armor under merchant section kale; that context identifies current AP shop flag 150160.	The identity is narrowed by Redmaw's merchant anchor and AP's current flag, shop-row, and physical-merchant evidence (Limgrave). It does not prove v1.17 behavior, access logic, stock predicates, or shop availability.
redmaw-merchant-kale-m1-15-check-7770345	check	7770345	identity_region	"{""ap_flag"":150170,""item_name"":""Gauntlets"",""merchant_anchor"":""kale"",""region"":""Limgrave"",""shop_row_ids"":[100517],""wiki_url"":""https://eldenring.wiki.gg/wiki/Gauntlets""}"	wiki:redmaw:checklists:7281cb6f;wiki:eldenpedia:merchant-item:revision-65846	gameplay-guide:redmaw;gameplay-wiki:eldenpedia	lead_only	unknown	redmaw-checklists:merchants.html#kale/m1-15;wiki.gg:https://eldenring.wiki.gg/wiki/Gauntlets?oldid=65846	Redmaw lists Gauntlets under merchant section kale; that context identifies current AP shop flag 150170.	The identity is narrowed by Redmaw's merchant anchor and AP's current flag, shop-row, and physical-merchant evidence (Limgrave). It does not prove v1.17 behavior, access logic, stock predicates, or shop availability.
redmaw-merchant-kale-m1-16-check-7770346	check	7770346	identity_region	"{""ap_flag"":150180,""item_name"":""Chain Leggings"",""merchant_anchor"":""kale"",""region"":""Limgrave"",""shop_row_ids"":[100518],""wiki_url"":""https://eldenring.wiki.gg/wiki/Chain_Leggings""}"	wiki:redmaw:checklists:7281cb6f;wiki:eldenpedia:merchant-item:revision-23776	gameplay-guide:redmaw;gameplay-wiki:eldenpedia	lead_only	unknown	redmaw-checklists:merchants.html#kale/m1-16;wiki.gg:https://eldenring.wiki.gg/wiki/Chain_Leggings?oldid=23776	Redmaw lists Chain Leggings under merchant section kale; that context identifies current AP shop flag 150180.	The identity is narrowed by Redmaw's merchant anchor and AP's current flag, shop-row, and physical-merchant evidence (Limgrave). It does not prove v1.17 behavior, access logic, stock predicates, or shop availability.
redmaw-merchant-kale-m1-17-check-7770179	check	7770179	identity_region	"{""ap_flag"":69620,""item_name"":""Note: Flask of Wondrous Physick"",""merchant_anchor"":""kale"",""region"":""Limgrave"",""shop_row_ids"":[100500],""wiki_url"":""https://eldenring.wiki.gg/wiki/Note:_Flask_of_Wondrous_Physick""}"	wiki:redmaw:checklists:7281cb6f;wiki:eldenpedia:merchant-item:revision-51116	gameplay-guide:redmaw;gameplay-wiki:eldenpedia	lead_only	unknown	redmaw-checklists:merchants.html#kale/m1-17;wiki.gg:https://eldenring.wiki.gg/wiki/Note%3A_Flask_of_Wondrous_Physick?oldid=51116	Redmaw lists Note: Flask of Wondrous Physick under merchant section kale; that context identifies current AP shop flag 69620.	The identity is narrowed by Redmaw's merchant anchor and AP's current flag, shop-row, and physical-merchant evidence (Limgrave). It does not prove v1.17 behavior, access logic, stock predicates, or shop availability.
redmaw-merchant-kale-m1-18-check-7770188	check	7770188	identity_region	"{""ap_flag"":69720,""item_name"":""Note: Waypoint Ruins"",""merchant_anchor"":""kale"",""region"":""Limgrave"",""shop_row_ids"":[100514],""wiki_url"":""https://eldenring.wiki.gg/wiki/Note:_Waypoint_Ruins""}"	wiki:redmaw:checklists:7281cb6f;wiki:eldenpedia:merchant-item:revision-21176	gameplay-guide:redmaw;gameplay-wiki:eldenpedia	lead_only	unknown	redmaw-checklists:merchants.html#kale/m1-18;wiki.gg:https://eldenring.wiki.gg/wiki/Note%3A_Waypoint_Ruins?oldid=21176	Redmaw lists Note: Waypoint Ruins under merchant section kale; that context identifies current AP shop flag 69720.	The identity is narrowed by Redmaw's merchant anchor and AP's current flag, shop-row, and physical-merchant evidence (Limgrave). It does not prove v1.17 behavior, access logic, stock predicates, or shop availability.
redmaw-merchant-kale-m1-2-check-7770342	check	7770342	identity_region	"{""ap_flag"":150130,""item_name"":""Telescope"",""merchant_anchor"":""kale"",""region"":""Limgrave"",""shop_row_ids"":[100513],""wiki_url"":""https://eldenring.wiki.gg/wiki/Telescope""}"	wiki:redmaw:checklists:7281cb6f;wiki:eldenpedia:merchant-item:revision-95349	gameplay-guide:redmaw;gameplay-wiki:eldenpedia	lead_only	unknown	redmaw-checklists:merchants.html#kale/m1-2;wiki.gg:https://eldenring.wiki.gg/wiki/Telescope?oldid=95349	Redmaw lists Telescope under merchant section kale; that context identifies current AP shop flag 150130.	The identity is narrowed by Redmaw's merchant anchor and AP's current flag, shop-row, and physical-merchant evidence (Limgrave). It does not prove v1.17 behavior, access logic, stock predicates, or shop availability.
redmaw-merchant-kale-m1-3-check-7770339	check	7770339	identity_region	"{""ap_flag"":150050,""item_name"":""Furlcalling Finger Remedy"",""merchant_anchor"":""kale"",""region"":""Limgrave"",""shop_row_ids"":[100505],""wiki_url"":""https://eldenring.wiki.gg/wiki/Furlcalling_Finger_Remedy""}"	wiki:redmaw:checklists:7281cb6f;wiki:eldenpedia:merchant-item:revision-95351	gameplay-guide:redmaw;gameplay-wiki:eldenpedia	lead_only	unknown	redmaw-checklists:merchants.html#kale/m1-3;wiki.gg:https://eldenring.wiki.gg/wiki/Furlcalling_Finger_Remedy?oldid=95351	Redmaw lists Furlcalling Finger Remedy under merchant section kale; that context identifies current AP shop flag 150050.	The identity is narrowed by Redmaw's merchant anchor and AP's current flag, shop-row, and physical-merchant evidence (Limgrave). It does not prove v1.17 behavior, access logic, stock predicates, or shop availability.
redmaw-merchant-kale-m1-4-check-7770048	check	7770048	identity_region	"{""ap_flag"":66030,""item_name"":""Cracked Pot"",""merchant_anchor"":""kale"",""region"":""Limgrave"",""shop_row_ids"":[100506],""wiki_url"":""https://eldenring.wiki.gg/wiki/Cracked_Pot""}"	wiki:redmaw:checklists:7281cb6f;wiki:eldenpedia:merchant-item:revision-100681	gameplay-guide:redmaw;gameplay-wiki:eldenpedia	lead_only	unknown	redmaw-checklists:merchants.html#kale/m1-4;wiki.gg:https://eldenring.wiki.gg/wiki/Cracked_Pot?oldid=100681	Redmaw lists Cracked Pot under merchant section kale; that context identifies current AP shop flag 66030.	The identity is narrowed by Redmaw's merchant anchor and AP's current flag, shop-row, and physical-merchant evidence (Limgrave). It does not prove v1.17 behavior, access logic, stock predicates, or shop availability.
redmaw-merchant-kale-m1-5-check-7770013	check	7770013	identity_region	"{""ap_flag"":60120,""item_name"":""Crafting Kit"",""merchant_anchor"":""kale"",""region"":""Limgrave"",""shop_row_ids"":[100501,101879],""wiki_url"":""https://eldenring.wiki.gg/wiki/Crafting_Kit""}"	wiki:redmaw:checklists:7281cb6f;wiki:eldenpedia:merchant-item:revision-69142	gameplay-guide:redmaw;gameplay-wiki:eldenpedia	lead_only	unknown	redmaw-checklists:merchants.html#kale/m1-5;wiki.gg:https://eldenring.wiki.gg/wiki/Crafting_Kit?oldid=69142	Redmaw lists Crafting Kit under merchant section kale; that context identifies current AP shop flag 60120.	The identity is narrowed by Redmaw's merchant anchor and AP's current flag, shop-row, and physical-merchant evidence (Limgrave). It does not prove v1.17 behavior, access logic, stock predicates, or shop availability.
redmaw-merchant-kale-m1-6-check-7770081	check	7770081	identity_region	"{""ap_flag"":67000,""item_name"":""Nomadic Warrior's Cookbook [1]"",""merchant_anchor"":""kale"",""region"":""Limgrave"",""shop_row_ids"":[100502],""wiki_url"":""https://eldenring.wiki.gg/wiki/Nomadic_Warrior%27s_Cookbook_1""}"	wiki:redmaw:checklists:7281cb6f;wiki:eldenpedia:merchant-item:revision-95353	gameplay-guide:redmaw;gameplay-wiki:eldenpedia	lead_only	unknown	redmaw-checklists:merchants.html#kale/m1-6;wiki.gg:https://eldenring.wiki.gg/wiki/Nomadic_Warrior's_Cookbook_1?oldid=95353	Redmaw lists Nomadic Warrior's Cookbook [1] under merchant section kale; that context identifies current AP shop flag 67000.	The identity is narrowed by Redmaw's merchant anchor and AP's current flag, shop-row, and physical-merchant evidence (Limgrave). It does not prove v1.17 behavior, access logic, stock predicates, or shop availability.
redmaw-merchant-kale-m1-7-check-7770091	check	7770091	identity_region	"{""ap_flag"":67110,""item_name"":""Nomadic Warrior's Cookbook [2]"",""merchant_anchor"":""kale"",""region"":""Limgrave"",""shop_row_ids"":[100503],""wiki_url"":""https://eldenring.wiki.gg/wiki/Nomadic_Warrior%27s_Cookbook_2""}"	wiki:redmaw:checklists:7281cb6f;wiki:eldenpedia:merchant-item:revision-95354	gameplay-guide:redmaw;gameplay-wiki:eldenpedia	lead_only	unknown	redmaw-checklists:merchants.html#kale/m1-7;wiki.gg:https://eldenring.wiki.gg/wiki/Nomadic_Warrior's_Cookbook_2?oldid=95354	Redmaw lists Nomadic Warrior's Cookbook [2] under merchant section kale; that context identifies current AP shop flag 67110.	The identity is narrowed by Redmaw's merchant anchor and AP's current flag, shop-row, and physical-merchant evidence (Limgrave). It does not prove v1.17 behavior, access logic, stock predicates, or shop availability.
redmaw-merchant-kale-m1-8-check-7770115	check	7770115	identity_region	"{""ap_flag"":67610,""item_name"":""Missionary's Cookbook [1]"",""merchant_anchor"":""kale"",""region"":""Limgrave"",""shop_row_ids"":[100504],""wiki_url"":""https://eldenring.wiki.gg/wiki/Missionary%27s_Cookbook_1""}"	wiki:redmaw:checklists:7281cb6f;wiki:eldenpedia:merchant-item:revision-98997	gameplay-guide:redmaw;gameplay-wiki:eldenpedia	lead_only	unknown	redmaw-checklists:merchants.html#kale/m1-8;wiki.gg:https://eldenring.wiki.gg/wiki/Missionary's_Cookbook_1?oldid=98997	Redmaw lists Missionary's Cookbook [1] under merchant section kale; that context identifies current AP shop flag 67610.	The identity is narrowed by Redmaw's merchant anchor and AP's current flag, shop-row, and physical-merchant evidence (Limgrave). It does not prove v1.17 behavior, access logic, stock predicates, or shop availability.
redmaw-merchant-miriel-m16-1-check-7770313	check	7770313	identity_region	"{""ap_flag"":140000,""item_name"":""Magic Glintblade"",""merchant_anchor"":""miriel"",""region"":""Liurnia"",""shop_row_ids"":[100400],""wiki_url"":""https://eldenring.wiki.gg/wiki/Magic_Glintblade""}"	wiki:redmaw:checklists:7281cb6f;wiki:eldenpedia:merchant-item:revision-82859	gameplay-guide:redmaw;gameplay-wiki:eldenpedia	lead_only	unknown	redmaw-checklists:merchants.html#miriel/m16-1;wiki.gg:https://eldenring.wiki.gg/wiki/Magic_Glintblade?oldid=82859	Redmaw lists Magic Glintblade under merchant section miriel; that context identifies current AP shop flag 140000.	The identity is narrowed by Redmaw's merchant anchor and AP's current flag, shop-row, and physical-merchant evidence (Liurnia). It does not prove v1.17 behavior, access logic, stock predicates, or shop availability.
redmaw-merchant-miriel-m16-11-check-7770326	check	7770326	identity_region	"{""ap_flag"":140310,""item_name"":""Black Flame"",""merchant_anchor"":""miriel"",""region"":""Liurnia"",""shop_row_ids"":[100431],""wiki_url"":""https://eldenring.wiki.gg/wiki/Black_Flame""}"	wiki:redmaw:checklists:7281cb6f;wiki:eldenpedia:merchant-item:revision-100663	gameplay-guide:redmaw;gameplay-wiki:eldenpedia	lead_only	unknown	redmaw-checklists:merchants.html#miriel/m16-11;wiki.gg:https://eldenring.wiki.gg/wiki/Black_Flame?oldid=100663	Redmaw lists Black Flame under merchant section miriel; that context identifies current AP shop flag 140310.	The identity is narrowed by Redmaw's merchant anchor and AP's current flag, shop-row, and physical-merchant evidence (Liurnia). It does not prove v1.17 behavior, access logic, stock predicates, or shop availability.
redmaw-merchant-miriel-m16-12-check-7770327	check	7770327	identity_region	"{""ap_flag"":140320,""item_name"":""Black Flame Blade"",""merchant_anchor"":""miriel"",""region"":""Liurnia"",""shop_row_ids"":[100432],""wiki_url"":""https://eldenring.wiki.gg/wiki/Black_Flame_Blade""}"	wiki:redmaw:checklists:7281cb6f;wiki:eldenpedia:merchant-item:revision-83766	gameplay-guide:redmaw;gameplay-wiki:eldenpedia	lead_only	unknown	redmaw-checklists:merchants.html#miriel/m16-12;wiki.gg:https://eldenring.wiki.gg/wiki/Black_Flame_Blade?oldid=83766	Redmaw lists Black Flame Blade under merchant section miriel; that context identifies current AP shop flag 140320.	The identity is narrowed by Redmaw's merchant anchor and AP's current flag, shop-row, and physical-merchant evidence (Liurnia). It does not prove v1.17 behavior, access logic, stock predicates, or shop availability.
redmaw-merchant-miriel-m16-14-check-7770322	check	7770322	identity_region	"{""ap_flag"":140260,""item_name"":""O, Flame!"",""merchant_anchor"":""miriel"",""region"":""Liurnia"",""shop_row_ids"":[100426],""wiki_url"":""https://eldenring.wiki.gg/wiki/O,_Flame!""}"	wiki:redmaw:checklists:7281cb6f;wiki:eldenpedia:merchant-item:revision-97568	gameplay-guide:redmaw;gameplay-wiki:eldenpedia	lead_only	unknown	redmaw-checklists:merchants.html#miriel/m16-14;wiki.gg:https://eldenring.wiki.gg/wiki/O%2C_Flame%21?oldid=97568	Redmaw lists O, Flame! under merchant section miriel; that context identifies current AP shop flag 140260.	The identity is narrowed by Redmaw's merchant anchor and AP's current flag, shop-row, and physical-merchant evidence (Liurnia). It does not prove v1.17 behavior, access logic, stock predicates, or shop availability.
redmaw-merchant-miriel-m16-15-check-7770323	check	7770323	identity_region	"{""ap_flag"":140280,""item_name"":""Surge, O Flame!"",""merchant_anchor"":""miriel"",""region"":""Liurnia"",""shop_row_ids"":[100428],""wiki_url"":""https://eldenring.wiki.gg/wiki/Surge,_O_Flame!""}"	wiki:redmaw:checklists:7281cb6f;wiki:eldenpedia:merchant-item:revision-100906	gameplay-guide:redmaw;gameplay-wiki:eldenpedia	lead_only	unknown	redmaw-checklists:merchants.html#miriel/m16-15;wiki.gg:https://eldenring.wiki.gg/wiki/Surge%2C_O_Flame%21?oldid=100906	Redmaw lists Surge, O Flame! under merchant section miriel; that context identifies current AP shop flag 140280.	The identity is narrowed by Redmaw's merchant anchor and AP's current flag, shop-row, and physical-merchant evidence (Liurnia). It does not prove v1.17 behavior, access logic, stock predicates, or shop availability.
redmaw-merchant-miriel-m16-17-check-7770315	check	7770315	identity_region	"{""ap_flag"":140020,""item_name"":""Glintstone Cometshard"",""merchant_anchor"":""miriel"",""region"":""Liurnia"",""shop_row_ids"":[100402],""wiki_url"":""https://eldenring.wiki.gg/wiki/Glintstone_Cometshard""}"	wiki:redmaw:checklists:7281cb6f;wiki:eldenpedia:merchant-item:revision-83181	gameplay-guide:redmaw;gameplay-wiki:eldenpedia	lead_only	unknown	redmaw-checklists:merchants.html#miriel/m16-17;wiki.gg:https://eldenring.wiki.gg/wiki/Glintstone_Cometshard?oldid=83181	Redmaw lists Glintstone Cometshard under merchant section miriel; that context identifies current AP shop flag 140020.	The identity is narrowed by Redmaw's merchant anchor and AP's current flag, shop-row, and physical-merchant evidence (Liurnia). It does not prove v1.17 behavior, access logic, stock predicates, or shop availability.
redmaw-merchant-miriel-m16-18-check-7770316	check	7770316	identity_region	"{""ap_flag"":140030,""item_name"":""Star Shower"",""merchant_anchor"":""miriel"",""region"":""Liurnia"",""shop_row_ids"":[100403],""wiki_url"":""https://eldenring.wiki.gg/wiki/Star_Shower""}"	wiki:redmaw:checklists:7281cb6f;wiki:eldenpedia:merchant-item:revision-83325	gameplay-guide:redmaw;gameplay-wiki:eldenpedia	lead_only	unknown	redmaw-checklists:merchants.html#miriel/m16-18;wiki.gg:https://eldenring.wiki.gg/wiki/Star_Shower?oldid=83325	Redmaw lists Star Shower under merchant section miriel; that context identifies current AP shop flag 140030.	The identity is narrowed by Redmaw's merchant anchor and AP's current flag, shop-row, and physical-merchant evidence (Liurnia). It does not prove v1.17 behavior, access logic, stock predicates, or shop availability.
redmaw-merchant-miriel-m16-2-check-7770314	check	7770314	identity_region	"{""ap_flag"":140010,""item_name"":""Carian Greatsword"",""merchant_anchor"":""miriel"",""region"":""Liurnia"",""shop_row_ids"":[100401],""wiki_url"":""https://eldenring.wiki.gg/wiki/Carian_Greatsword""}"	wiki:redmaw:checklists:7281cb6f;wiki:eldenpedia:merchant-item:revision-100292	gameplay-guide:redmaw;gameplay-wiki:eldenpedia	lead_only	unknown	redmaw-checklists:merchants.html#miriel/m16-2;wiki.gg:https://eldenring.wiki.gg/wiki/Carian_Greatsword?oldid=100292	Redmaw lists Carian Greatsword under merchant section miriel; that context identifies current AP shop flag 140010.	The identity is narrowed by Redmaw's merchant anchor and AP's current flag, shop-row, and physical-merchant evidence (Liurnia). It does not prove v1.17 behavior, access logic, stock predicates, or shop availability.
redmaw-merchant-miriel-m16-20-check-7770334	check	7770334	identity_region	"{""ap_flag"":140390,""item_name"":""Lightning Spear"",""merchant_anchor"":""miriel"",""region"":""Liurnia"",""shop_row_ids"":[100439],""wiki_url"":""https://eldenring.wiki.gg/wiki/Lightning_Spear""}"	wiki:redmaw:checklists:7281cb6f;wiki:eldenpedia:merchant-item:revision-83595	gameplay-guide:redmaw;gameplay-wiki:eldenpedia	lead_only	unknown	redmaw-checklists:merchants.html#miriel/m16-20;wiki.gg:https://eldenring.wiki.gg/wiki/Lightning_Spear?oldid=83595	Redmaw lists Lightning Spear under merchant section miriel; that context identifies current AP shop flag 140390.	The identity is narrowed by Redmaw's merchant anchor and AP's current flag, shop-row, and physical-merchant evidence (Liurnia). It does not prove v1.17 behavior, access logic, stock predicates, or shop availability.
redmaw-merchant-miriel-m16-21-check-7770335	check	7770335	identity_region	"{""ap_flag"":140400,""item_name"":""Honed Bolt"",""merchant_anchor"":""miriel"",""region"":""Liurnia"",""shop_row_ids"":[100440],""wiki_url"":""https://eldenring.wiki.gg/wiki/Honed_Bolt""}"	wiki:redmaw:checklists:7281cb6f;wiki:eldenpedia:merchant-item:revision-83598	gameplay-guide:redmaw;gameplay-wiki:eldenpedia	lead_only	unknown	redmaw-checklists:merchants.html#miriel/m16-21;wiki.gg:https://eldenring.wiki.gg/wiki/Honed_Bolt?oldid=83598	Redmaw lists Honed Bolt under merchant section miriel; that context identifies current AP shop flag 140400.	The identity is narrowed by Redmaw's merchant anchor and AP's current flag, shop-row, and physical-merchant evidence (Liurnia). It does not prove v1.17 behavior, access logic, stock predicates, or shop availability.
redmaw-merchant-miriel-m16-22-check-7770336	check	7770336	identity_region	"{""ap_flag"":140410,""item_name"":""Electrify Armament"",""merchant_anchor"":""miriel"",""region"":""Liurnia"",""shop_row_ids"":[100441],""wiki_url"":""https://eldenring.wiki.gg/wiki/Electrify_Armament""}"	wiki:redmaw:checklists:7281cb6f;wiki:eldenpedia:merchant-item:revision-96066	gameplay-guide:redmaw;gameplay-wiki:eldenpedia	lead_only	unknown	redmaw-checklists:merchants.html#miriel/m16-22;wiki.gg:https://eldenring.wiki.gg/wiki/Electrify_Armament?oldid=96066	Redmaw lists Electrify Armament under merchant section miriel; that context identifies current AP shop flag 140410.	The identity is narrowed by Redmaw's merchant anchor and AP's current flag, shop-row, and physical-merchant evidence (Liurnia). It does not prove v1.17 behavior, access logic, stock predicates, or shop availability.
redmaw-merchant-miriel-m16-24-check-7770331	check	7770331	identity_region	"{""ap_flag"":140360,""item_name"":""Darkness"",""merchant_anchor"":""miriel"",""region"":""Liurnia"",""shop_row_ids"":[100436],""wiki_url"":""https://eldenring.wiki.gg/wiki/Darkness""}"	wiki:redmaw:checklists:7281cb6f;wiki:eldenpedia:merchant-item:revision-83671	gameplay-guide:redmaw;gameplay-wiki:eldenpedia	lead_only	unknown	redmaw-checklists:merchants.html#miriel/m16-24;wiki.gg:https://eldenring.wiki.gg/wiki/Darkness?oldid=83671	Redmaw lists Darkness under merchant section miriel; that context identifies current AP shop flag 140360.	The identity is narrowed by Redmaw's merchant anchor and AP's current flag, shop-row, and physical-merchant evidence (Liurnia). It does not prove v1.17 behavior, access logic, stock predicates, or shop availability.
redmaw-merchant-miriel-m16-25-check-7770330	check	7770330	identity_region	"{""ap_flag"":140350,""item_name"":""Assassin's Approach"",""merchant_anchor"":""miriel"",""region"":""Liurnia"",""shop_row_ids"":[100435],""wiki_url"":""https://eldenring.wiki.gg/wiki/Assassin%27s_Approach""}"	wiki:redmaw:checklists:7281cb6f;wiki:eldenpedia:merchant-item:revision-96686	gameplay-guide:redmaw;gameplay-wiki:eldenpedia	lead_only	unknown	redmaw-checklists:merchants.html#miriel/m16-25;wiki.gg:https://eldenring.wiki.gg/wiki/Assassin's_Approach?oldid=96686	Redmaw lists Assassin's Approach under merchant section miriel; that context identifies current AP shop flag 140350.	The identity is narrowed by Redmaw's merchant anchor and AP's current flag, shop-row, and physical-merchant evidence (Liurnia). It does not prove v1.17 behavior, access logic, stock predicates, or shop availability.
redmaw-merchant-miriel-m16-27-check-7770328	check	7770328	identity_region	"{""ap_flag"":140330,""item_name"":""Lord's Heal"",""merchant_anchor"":""miriel"",""region"":""Liurnia"",""shop_row_ids"":[100433],""wiki_url"":""https://eldenring.wiki.gg/wiki/Lord%27s_Heal""}"	wiki:redmaw:checklists:7281cb6f;wiki:eldenpedia:merchant-item:revision-83520	gameplay-guide:redmaw;gameplay-wiki:eldenpedia	lead_only	unknown	redmaw-checklists:merchants.html#miriel/m16-27;wiki.gg:https://eldenring.wiki.gg/wiki/Lord's_Heal?oldid=83520	Redmaw lists Lord's Heal under merchant section miriel; that context identifies current AP shop flag 140330.	The identity is narrowed by Redmaw's merchant anchor and AP's current flag, shop-row, and physical-merchant evidence (Liurnia). It does not prove v1.17 behavior, access logic, stock predicates, or shop availability.
redmaw-merchant-miriel-m16-28-check-7770329	check	7770329	identity_region	"{""ap_flag"":140340,""item_name"":""Lord's Aid"",""merchant_anchor"":""miriel"",""region"":""Liurnia"",""shop_row_ids"":[100434],""wiki_url"":""https://eldenring.wiki.gg/wiki/Lord%27s_Aid""}"	wiki:redmaw:checklists:7281cb6f;wiki:eldenpedia:merchant-item:revision-91515	gameplay-guide:redmaw;gameplay-wiki:eldenpedia	lead_only	unknown	redmaw-checklists:merchants.html#miriel/m16-28;wiki.gg:https://eldenring.wiki.gg/wiki/Lord's_Aid?oldid=91515	Redmaw lists Lord's Aid under merchant section miriel; that context identifies current AP shop flag 140340.	The identity is narrowed by Redmaw's merchant anchor and AP's current flag, shop-row, and physical-merchant evidence (Liurnia). It does not prove v1.17 behavior, access logic, stock predicates, or shop availability.
redmaw-merchant-miriel-m16-3-check-7770321	check	7770321	identity_region	"{""ap_flag"":140250,""item_name"":""Blessing's Boon"",""merchant_anchor"":""miriel"",""region"":""Liurnia"",""shop_row_ids"":[100425],""wiki_url"":""https://eldenring.wiki.gg/wiki/Blessing%27s_Boon""}"	wiki:redmaw:checklists:7281cb6f;wiki:eldenpedia:merchant-item:revision-95344	gameplay-guide:redmaw;gameplay-wiki:eldenpedia	lead_only	unknown	redmaw-checklists:merchants.html#miriel/m16-3;wiki.gg:https://eldenring.wiki.gg/wiki/Blessing's_Boon?oldid=95344	Redmaw lists Blessing's Boon under merchant section miriel; that context identifies current AP shop flag 140250.	The identity is narrowed by Redmaw's merchant anchor and AP's current flag, shop-row, and physical-merchant evidence (Liurnia). It does not prove v1.17 behavior, access logic, stock predicates, or shop availability.
redmaw-merchant-miriel-m16-30-check-7770332	check	7770332	identity_region	"{""ap_flag"":140370,""item_name"":""Radagon's Rings of Light"",""merchant_anchor"":""miriel"",""region"":""Liurnia"",""shop_row_ids"":[100437],""wiki_url"":""https://eldenring.wiki.gg/wiki/Radagon%27s_Rings_of_Light""}"	wiki:redmaw:checklists:7281cb6f;wiki:eldenpedia:merchant-item:revision-83586	gameplay-guide:redmaw;gameplay-wiki:eldenpedia	lead_only	unknown	redmaw-checklists:merchants.html#miriel/m16-30;wiki.gg:https://eldenring.wiki.gg/wiki/Radagon's_Rings_of_Light?oldid=83586	Redmaw lists Radagon's Rings of Light under merchant section miriel; that context identifies current AP shop flag 140370.	The identity is narrowed by Redmaw's merchant anchor and AP's current flag, shop-row, and physical-merchant evidence (Liurnia). It does not prove v1.17 behavior, access logic, stock predicates, or shop availability.
redmaw-merchant-miriel-m16-31-check-7770333	check	7770333	identity_region	"{""ap_flag"":140380,""item_name"":""Law of Regression"",""merchant_anchor"":""miriel"",""region"":""Liurnia"",""shop_row_ids"":[100438],""wiki_url"":""https://eldenring.wiki.gg/wiki/Law_of_Regression""}"	wiki:redmaw:checklists:7281cb6f;wiki:eldenpedia:merchant-item:revision-83592	gameplay-guide:redmaw;gameplay-wiki:eldenpedia	lead_only	unknown	redmaw-checklists:merchants.html#miriel/m16-31;wiki.gg:https://eldenring.wiki.gg/wiki/Law_of_Regression?oldid=83592	Redmaw lists Law of Regression under merchant section miriel; that context identifies current AP shop flag 140380.	The identity is narrowed by Redmaw's merchant anchor and AP's current flag, shop-row, and physical-merchant evidence (Liurnia). It does not prove v1.17 behavior, access logic, stock predicates, or shop availability.
redmaw-merchant-miriel-m16-33-check-7770324	check	7770324	identity_region	"{""ap_flag"":140290,""item_name"":""Giantsflame Take Thee"",""merchant_anchor"":""miriel"",""region"":""Liurnia"",""shop_row_ids"":[100429],""wiki_url"":""https://eldenring.wiki.gg/wiki/Giantsflame_Take_Thee""}"	wiki:redmaw:checklists:7281cb6f;wiki:eldenpedia:merchant-item:revision-93215	gameplay-guide:redmaw;gameplay-wiki:eldenpedia	lead_only	unknown	redmaw-checklists:merchants.html#miriel/m16-33;wiki.gg:https://eldenring.wiki.gg/wiki/Giantsflame_Take_Thee?oldid=93215	Redmaw lists Giantsflame Take Thee under merchant section miriel; that context identifies current AP shop flag 140290.	The identity is narrowed by Redmaw's merchant anchor and AP's current flag, shop-row, and physical-merchant evidence (Liurnia). It does not prove v1.17 behavior, access logic, stock predicates, or shop availability.
redmaw-merchant-miriel-m16-34-check-7770325	check	7770325	identity_region	"{""ap_flag"":140300,""item_name"":""Flame, Fall Upon Them"",""merchant_anchor"":""miriel"",""region"":""Liurnia"",""shop_row_ids"":[100430],""wiki_url"":""https://eldenring.wiki.gg/wiki/Flame,_Fall_Upon_Them""}"	wiki:redmaw:checklists:7281cb6f;wiki:eldenpedia:merchant-item:revision-83621	gameplay-guide:redmaw;gameplay-wiki:eldenpedia	lead_only	unknown	redmaw-checklists:merchants.html#miriel/m16-34;wiki.gg:https://eldenring.wiki.gg/wiki/Flame%2C_Fall_Upon_Them?oldid=83621	Redmaw lists Flame, Fall Upon Them under merchant section miriel; that context identifies current AP shop flag 140300.	The identity is narrowed by Redmaw's merchant anchor and AP's current flag, shop-row, and physical-merchant evidence (Liurnia). It does not prove v1.17 behavior, access logic, stock predicates, or shop availability.
redmaw-merchant-miriel-m16-36-check-7770337	check	7770337	identity_region	"{""ap_flag"":140420,""item_name"":""Ancient Dragons' Lightning Spear"",""merchant_anchor"":""miriel"",""region"":""Liurnia"",""shop_row_ids"":[100442],""wiki_url"":""https://eldenring.wiki.gg/wiki/Ancient_Dragons%27_Lightning_Spear""}"	wiki:redmaw:checklists:7281cb6f;wiki:eldenpedia:merchant-item:revision-83599	gameplay-guide:redmaw;gameplay-wiki:eldenpedia	lead_only	unknown	redmaw-checklists:merchants.html#miriel/m16-36;wiki.gg:https://eldenring.wiki.gg/wiki/Ancient_Dragons'_Lightning_Spear?oldid=83599	Redmaw lists Ancient Dragons' Lightning Spear under merchant section miriel; that context identifies current AP shop flag 140420.	The identity is narrowed by Redmaw's merchant anchor and AP's current flag, shop-row, and physical-merchant evidence (Liurnia). It does not prove v1.17 behavior, access logic, stock predicates, or shop availability.
redmaw-merchant-miriel-m16-37-check-7770338	check	7770338	identity_region	"{""ap_flag"":140430,""item_name"":""Ancient Dragons' Lightning Strike"",""merchant_anchor"":""miriel"",""region"":""Liurnia"",""shop_row_ids"":[100443],""wiki_url"":""https://eldenring.wiki.gg/wiki/Ancient_Dragons%27_Lightning_Strike""}"	wiki:redmaw:checklists:7281cb6f;wiki:eldenpedia:merchant-item:revision-83600	gameplay-guide:redmaw;gameplay-wiki:eldenpedia	lead_only	unknown	redmaw-checklists:merchants.html#miriel/m16-37;wiki.gg:https://eldenring.wiki.gg/wiki/Ancient_Dragons'_Lightning_Strike?oldid=83600	Redmaw lists Ancient Dragons' Lightning Strike under merchant section miriel; that context identifies current AP shop flag 140430.	The identity is narrowed by Redmaw's merchant anchor and AP's current flag, shop-row, and physical-merchant evidence (Liurnia). It does not prove v1.17 behavior, access logic, stock predicates, or shop availability.
redmaw-merchant-miriel-m16-5-check-7770318	check	7770318	identity_region	"{""ap_flag"":140050,""item_name"":""Swift Glintstone Shard"",""merchant_anchor"":""miriel"",""region"":""Liurnia"",""shop_row_ids"":[100405],""wiki_url"":""https://eldenring.wiki.gg/wiki/Swift_Glintstone_Shard""}"	wiki:redmaw:checklists:7281cb6f;wiki:eldenpedia:merchant-item:revision-83179	gameplay-guide:redmaw;gameplay-wiki:eldenpedia	lead_only	unknown	redmaw-checklists:merchants.html#miriel/m16-5;wiki.gg:https://eldenring.wiki.gg/wiki/Swift_Glintstone_Shard?oldid=83179	Redmaw lists Swift Glintstone Shard under merchant section miriel; that context identifies current AP shop flag 140050.	The identity is narrowed by Redmaw's merchant anchor and AP's current flag, shop-row, and physical-merchant evidence (Liurnia). It does not prove v1.17 behavior, access logic, stock predicates, or shop availability.
redmaw-merchant-miriel-m16-6-check-7770317	check	7770317	identity_region	"{""ap_flag"":140040,""item_name"":""Great Glintstone Shard"",""merchant_anchor"":""miriel"",""region"":""Liurnia"",""shop_row_ids"":[100404],""wiki_url"":""https://eldenring.wiki.gg/wiki/Great_Glintstone_Shard""}"	wiki:redmaw:checklists:7281cb6f;wiki:eldenpedia:merchant-item:revision-99314	gameplay-guide:redmaw;gameplay-wiki:eldenpedia	lead_only	unknown	redmaw-checklists:merchants.html#miriel/m16-6;wiki.gg:https://eldenring.wiki.gg/wiki/Great_Glintstone_Shard?oldid=99314	Redmaw lists Great Glintstone Shard under merchant section miriel; that context identifies current AP shop flag 140040.	The identity is narrowed by Redmaw's merchant anchor and AP's current flag, shop-row, and physical-merchant evidence (Liurnia). It does not prove v1.17 behavior, access logic, stock predicates, or shop availability.
redmaw-merchant-miriel-m16-8-check-7770319	check	7770319	identity_region	"{""ap_flag"":140060,""item_name"":""Glintblade Phalanx"",""merchant_anchor"":""miriel"",""region"":""Liurnia"",""shop_row_ids"":[100406],""wiki_url"":""https://eldenring.wiki.gg/wiki/Glintblade_Phalanx""}"	wiki:redmaw:checklists:7281cb6f;wiki:eldenpedia:merchant-item:revision-99545	gameplay-guide:redmaw;gameplay-wiki:eldenpedia	lead_only	unknown	redmaw-checklists:merchants.html#miriel/m16-8;wiki.gg:https://eldenring.wiki.gg/wiki/Glintblade_Phalanx?oldid=99545	Redmaw lists Glintblade Phalanx under merchant section miriel; that context identifies current AP shop flag 140060.	The identity is narrowed by Redmaw's merchant anchor and AP's current flag, shop-row, and physical-merchant evidence (Liurnia). It does not prove v1.17 behavior, access logic, stock predicates, or shop availability.
redmaw-merchant-miriel-m16-9-check-7770320	check	7770320	identity_region	"{""ap_flag"":140070,""item_name"":""Carian Slicer"",""merchant_anchor"":""miriel"",""region"":""Liurnia"",""shop_row_ids"":[100407],""wiki_url"":""https://eldenring.wiki.gg/wiki/Carian_Slicer""}"	wiki:redmaw:checklists:7281cb6f;wiki:eldenpedia:merchant-item:revision-99544	gameplay-guide:redmaw;gameplay-wiki:eldenpedia	lead_only	unknown	redmaw-checklists:merchants.html#miriel/m16-9;wiki.gg:https://eldenring.wiki.gg/wiki/Carian_Slicer?oldid=99544	Redmaw lists Carian Slicer under merchant section miriel; that context identifies current AP shop flag 140070.	The identity is narrowed by Redmaw's merchant anchor and AP's current flag, shop-row, and physical-merchant evidence (Liurnia). It does not prove v1.17 behavior, access logic, stock predicates, or shop availability.
redmaw-merchant-moore-m37-1-check-7770522	check	7770522	identity	"{""ap_flag"":320500,""item_name"":""Rune Arc"",""merchant_anchor"":""moore"",""shop_row_ids"":[102250],""wiki_url"":""https://eldenring.wiki.gg/wiki/Rune_Arc""}"	wiki:redmaw:checklists:7281cb6f;wiki:eldenpedia:merchant-item:revision-71254	gameplay-guide:redmaw;gameplay-wiki:eldenpedia	lead_only	unknown	redmaw-checklists:merchants.html#moore/m37-1;wiki.gg:https://eldenring.wiki.gg/wiki/Rune_Arc?oldid=71254	Redmaw lists Rune Arc under merchant section moore; that context identifies current AP shop flag 320500.	The identity is narrowed by Redmaw's merchant anchor and AP's current flag, shop-row, and physical-merchant evidence (Roundtable Hold). It does not prove v1.17 behavior, access logic, stock predicates, or shop availability.
redmaw-merchant-moore-m37-11-check-7770534	check	7770534	identity	"{""ap_flag"":320660,""item_name"":""Sanguine Amaryllis"",""merchant_anchor"":""moore"",""shop_row_ids"":[102266],""wiki_url"":""https://eldenring.wiki.gg/wiki/Sanguine_Amaryllis""}"	wiki:redmaw:checklists:7281cb6f;wiki:eldenpedia:merchant-item:revision-83788	gameplay-guide:redmaw;gameplay-wiki:eldenpedia	lead_only	unknown	redmaw-checklists:merchants.html#moore/m37-11;wiki.gg:https://eldenring.wiki.gg/wiki/Sanguine_Amaryllis?oldid=83788	Redmaw lists Sanguine Amaryllis under merchant section moore; that context identifies current AP shop flag 320660.	The identity is narrowed by Redmaw's merchant anchor and AP's current flag, shop-row, and physical-merchant evidence (Roundtable Hold). It does not prove v1.17 behavior, access logic, stock predicates, or shop availability.
redmaw-merchant-moore-m37-17-check-7770523	check	7770523	identity	"{""ap_flag"":320550,""item_name"":""Note: Sealed Spiritsprings"",""merchant_anchor"":""moore"",""shop_row_ids"":[102255],""wiki_url"":""https://eldenring.wiki.gg/wiki/Note:_Sealed_Spiritsprings""}"	wiki:redmaw:checklists:7281cb6f;wiki:eldenpedia:merchant-item:revision-64465	gameplay-guide:redmaw;gameplay-wiki:eldenpedia	lead_only	unknown	redmaw-checklists:merchants.html#moore/m37-17;wiki.gg:https://eldenring.wiki.gg/wiki/Note%3A_Sealed_Spiritsprings?oldid=64465	Redmaw lists Note: Sealed Spiritsprings under merchant section moore; that context identifies current AP shop flag 320550.	The identity is narrowed by Redmaw's merchant anchor and AP's current flag, shop-row, and physical-merchant evidence (Roundtable Hold). It does not prove v1.17 behavior, access logic, stock predicates, or shop availability.
redmaw-merchant-moore-m37-2-check-7770528	check	7770528	identity	"{""ap_flag"":320600,""item_name"":""Spellproof Pickled Liver"",""merchant_anchor"":""moore"",""shop_row_ids"":[102260],""wiki_url"":""https://eldenring.wiki.gg/wiki/Spellproof_Pickled_Liver""}"	wiki:redmaw:checklists:7281cb6f;wiki:eldenpedia:merchant-item:revision-95214	gameplay-guide:redmaw;gameplay-wiki:eldenpedia	lead_only	unknown	redmaw-checklists:merchants.html#moore/m37-2;wiki.gg:https://eldenring.wiki.gg/wiki/Spellproof_Pickled_Liver?oldid=95214	Redmaw lists Spellproof Pickled Liver under merchant section moore; that context identifies current AP shop flag 320600.	The identity is narrowed by Redmaw's merchant anchor and AP's current flag, shop-row, and physical-merchant evidence (Roundtable Hold). It does not prove v1.17 behavior, access logic, stock predicates, or shop availability.
redmaw-merchant-moore-m37-3-check-7770529	check	7770529	identity	"{""ap_flag"":320610,""item_name"":""Fireproof Pickled Liver"",""merchant_anchor"":""moore"",""shop_row_ids"":[102261],""wiki_url"":""https://eldenring.wiki.gg/wiki/Fireproof_Pickled_Liver""}"	wiki:redmaw:checklists:7281cb6f;wiki:eldenpedia:merchant-item:revision-82297	gameplay-guide:redmaw;gameplay-wiki:eldenpedia	lead_only	unknown	redmaw-checklists:merchants.html#moore/m37-3;wiki.gg:https://eldenring.wiki.gg/wiki/Fireproof_Pickled_Liver?oldid=82297	Redmaw lists Fireproof Pickled Liver under merchant section moore; that context identifies current AP shop flag 320610.	The identity is narrowed by Redmaw's merchant anchor and AP's current flag, shop-row, and physical-merchant evidence (Roundtable Hold). It does not prove v1.17 behavior, access logic, stock predicates, or shop availability.
redmaw-merchant-moore-m37-4-check-7770530	check	7770530	identity	"{""ap_flag"":320620,""item_name"":""Lightningproof Pickled Liver"",""merchant_anchor"":""moore"",""shop_row_ids"":[102262],""wiki_url"":""https://eldenring.wiki.gg/wiki/Lightningproof_Pickled_Liver""}"	wiki:redmaw:checklists:7281cb6f;wiki:eldenpedia:merchant-item:revision-82298	gameplay-guide:redmaw;gameplay-wiki:eldenpedia	lead_only	unknown	redmaw-checklists:merchants.html#moore/m37-4;wiki.gg:https://eldenring.wiki.gg/wiki/Lightningproof_Pickled_Liver?oldid=82298	Redmaw lists Lightningproof Pickled Liver under merchant section moore; that context identifies current AP shop flag 320620.	The identity is narrowed by Redmaw's merchant anchor and AP's current flag, shop-row, and physical-merchant evidence (Roundtable Hold). It does not prove v1.17 behavior, access logic, stock predicates, or shop availability.
redmaw-merchant-moore-m37-5-check-7770531	check	7770531	identity	"{""ap_flag"":320630,""item_name"":""Holyproof Pickled Liver"",""merchant_anchor"":""moore"",""shop_row_ids"":[102263],""wiki_url"":""https://eldenring.wiki.gg/wiki/Holyproof_Pickled_Liver""}"	wiki:redmaw:checklists:7281cb6f;wiki:eldenpedia:merchant-item:revision-95211	gameplay-guide:redmaw;gameplay-wiki:eldenpedia	lead_only	unknown	redmaw-checklists:merchants.html#moore/m37-5;wiki.gg:https://eldenring.wiki.gg/wiki/Holyproof_Pickled_Liver?oldid=95211	Redmaw lists Holyproof Pickled Liver under merchant section moore; that context identifies current AP shop flag 320630.	The identity is narrowed by Redmaw's merchant anchor and AP's current flag, shop-row, and physical-merchant evidence (Roundtable Hold). It does not prove v1.17 behavior, access logic, stock predicates, or shop availability.
redmaw-merchant-moore-m37-6-check-7770532	check	7770532	identity	"{""ap_flag"":320640,""item_name"":""Well-Pickled Turtle Neck"",""merchant_anchor"":""moore"",""shop_row_ids"":[102264],""wiki_url"":""https://eldenring.wiki.gg/wiki/Well-Pickled_Turtle_Neck""}"	wiki:redmaw:checklists:7281cb6f;wiki:eldenpedia:merchant-item:revision-95341	gameplay-guide:redmaw;gameplay-wiki:eldenpedia	lead_only	unknown	redmaw-checklists:merchants.html#moore/m37-6;wiki.gg:https://eldenring.wiki.gg/wiki/Well-Pickled_Turtle_Neck?oldid=95341	Redmaw lists Well-Pickled Turtle Neck under merchant section moore; that context identifies current AP shop flag 320640.	The identity is narrowed by Redmaw's merchant anchor and AP's current flag, shop-row, and physical-merchant evidence (Roundtable Hold). It does not prove v1.17 behavior, access logic, stock predicates, or shop availability.
redmaw-merchant-moore-m37-7-check-7770533	check	7770533	identity	"{""ap_flag"":320650,""item_name"":""Black Pyrefly"",""merchant_anchor"":""moore"",""shop_row_ids"":[102265],""wiki_url"":""https://eldenring.wiki.gg/wiki/Black_Pyrefly""}"	wiki:redmaw:checklists:7281cb6f;wiki:eldenpedia:merchant-item:revision-49910	gameplay-guide:redmaw;gameplay-wiki:eldenpedia	lead_only	unknown	redmaw-checklists:merchants.html#moore/m37-7;wiki.gg:https://eldenring.wiki.gg/wiki/Black_Pyrefly?oldid=49910	Redmaw lists Black Pyrefly under merchant section moore; that context identifies current AP shop flag 320650.	The identity is narrowed by Redmaw's merchant anchor and AP's current flag, shop-row, and physical-merchant evidence (Roundtable Hold). It does not prove v1.17 behavior, access logic, stock predicates, or shop availability.
redmaw-merchant-nomadic-altus-plateau-m30-1-check-7770424	check	7770424	identity_region	"{""ap_flag"":170710,""item_name"":""Festering Bloody Finger"",""merchant_anchor"":""nomadic-altus-plateau"",""region"":""Altus"",""shop_row_ids"":[100771],""wiki_url"":""https://eldenring.wiki.gg/wiki/Festering_Bloody_Finger""}"	wiki:redmaw:checklists:7281cb6f;wiki:eldenpedia:merchant-item:revision-9529	gameplay-guide:redmaw;gameplay-wiki:eldenpedia	lead_only	unknown	redmaw-checklists:merchants.html#nomadic-altus-plateau/m30-1;wiki.gg:https://eldenring.wiki.gg/wiki/Festering_Bloody_Finger?oldid=9529	Redmaw lists Festering Bloody Finger under merchant section nomadic-altus-plateau; that context identifies current AP shop flag 170710.	The identity is narrowed by Redmaw's merchant anchor and AP's current flag, shop-row, and physical-merchant evidence (Altus). It does not prove v1.17 behavior, access logic, stock predicates, or shop availability.
redmaw-merchant-nomadic-altus-plateau-m30-10-check-7770422	check	7770422	identity_region	"{""ap_flag"":170670,""item_name"":""Crossed-Tree Towershield"",""merchant_anchor"":""nomadic-altus-plateau"",""region"":""Altus"",""shop_row_ids"":[100767],""wiki_url"":""https://eldenring.wiki.gg/wiki/Crossed-Tree_Towershield""}"	wiki:redmaw:checklists:7281cb6f;wiki:eldenpedia:merchant-item:revision-100832	gameplay-guide:redmaw;gameplay-wiki:eldenpedia	lead_only	unknown	redmaw-checklists:merchants.html#nomadic-altus-plateau/m30-10;wiki.gg:https://eldenring.wiki.gg/wiki/Crossed-Tree_Towershield?oldid=100832	Redmaw lists Crossed-Tree Towershield under merchant section nomadic-altus-plateau; that context identifies current AP shop flag 170670.	The identity is narrowed by Redmaw's merchant anchor and AP's current flag, shop-row, and physical-merchant evidence (Altus). It does not prove v1.17 behavior, access logic, stock predicates, or shop availability.
redmaw-merchant-nomadic-altus-plateau-m30-11-check-7770423	check	7770423	identity_region	"{""ap_flag"":170700,""item_name"":""Tree Surcoat"",""merchant_anchor"":""nomadic-altus-plateau"",""region"":""Altus"",""shop_row_ids"":[100770],""wiki_url"":""https://eldenring.wiki.gg/wiki/Tree_Surcoat""}"	wiki:redmaw:checklists:7281cb6f;wiki:eldenpedia:merchant-item:revision-99919	gameplay-guide:redmaw;gameplay-wiki:eldenpedia	lead_only	unknown	redmaw-checklists:merchants.html#nomadic-altus-plateau/m30-11;wiki.gg:https://eldenring.wiki.gg/wiki/Tree_Surcoat?oldid=99919	Redmaw lists Tree Surcoat under merchant section nomadic-altus-plateau; that context identifies current AP shop flag 170700.	The identity is narrowed by Redmaw's merchant anchor and AP's current flag, shop-row, and physical-merchant evidence (Altus). It does not prove v1.17 behavior, access logic, stock predicates, or shop availability.
redmaw-merchant-nomadic-altus-plateau-m30-12-check-7770182	check	7770182	identity_region	"{""ap_flag"":69650,""item_name"":""Note: Unseen Assassins"",""merchant_anchor"":""nomadic-altus-plateau"",""region"":""Altus"",""shop_row_ids"":[100752],""wiki_url"":""https://eldenring.wiki.gg/wiki/Note:_Unseen_Assassins""}"	wiki:redmaw:checklists:7281cb6f;wiki:eldenpedia:merchant-item:revision-34060	gameplay-guide:redmaw;gameplay-wiki:eldenpedia	lead_only	unknown	redmaw-checklists:merchants.html#nomadic-altus-plateau/m30-12;wiki.gg:https://eldenring.wiki.gg/wiki/Note%3A_Unseen_Assassins?oldid=34060	Redmaw lists Note: Unseen Assassins under merchant section nomadic-altus-plateau; that context identifies current AP shop flag 69650.	The identity is narrowed by Redmaw's merchant anchor and AP's current flag, shop-row, and physical-merchant evidence (Altus). It does not prove v1.17 behavior, access logic, stock predicates, or shop availability.
redmaw-merchant-nomadic-altus-plateau-m30-13-check-7770178	check	7770178	identity_region	"{""ap_flag"":69610,""item_name"":""Note: Imp Shades"",""merchant_anchor"":""nomadic-altus-plateau"",""region"":""Altus"",""shop_row_ids"":[100751],""wiki_url"":""https://eldenring.wiki.gg/wiki/Note:_Imp_Shades""}"	wiki:redmaw:checklists:7281cb6f;wiki:eldenpedia:merchant-item:revision-16513	gameplay-guide:redmaw;gameplay-wiki:eldenpedia	lead_only	unknown	redmaw-checklists:merchants.html#nomadic-altus-plateau/m30-13;wiki.gg:https://eldenring.wiki.gg/wiki/Note%3A_Imp_Shades?oldid=16513	Redmaw lists Note: Imp Shades under merchant section nomadic-altus-plateau; that context identifies current AP shop flag 69610.	The identity is narrowed by Redmaw's merchant anchor and AP's current flag, shop-row, and physical-merchant evidence (Altus). It does not prove v1.17 behavior, access logic, stock predicates, or shop availability.
redmaw-merchant-nomadic-altus-plateau-m30-2-check-7770420	check	7770420	identity_region	"{""ap_flag"":170650,""item_name"":""Gravel Stone"",""merchant_anchor"":""nomadic-altus-plateau"",""region"":""Altus"",""shop_row_ids"":[100765],""wiki_url"":""https://eldenring.wiki.gg/wiki/Gravel_Stone""}"	wiki:redmaw:checklists:7281cb6f;wiki:eldenpedia:merchant-item:revision-31316	gameplay-guide:redmaw;gameplay-wiki:eldenpedia	lead_only	unknown	redmaw-checklists:merchants.html#nomadic-altus-plateau/m30-2;wiki.gg:https://eldenring.wiki.gg/wiki/Gravel_Stone?oldid=31316	Redmaw lists Gravel Stone under merchant section nomadic-altus-plateau; that context identifies current AP shop flag 170650.	The identity is narrowed by Redmaw's merchant anchor and AP's current flag, shop-row, and physical-merchant evidence (Altus). It does not prove v1.17 behavior, access logic, stock predicates, or shop availability.
redmaw-merchant-nomadic-altus-plateau-m30-3-check-7770418	check	7770418	identity_region	"{""ap_flag"":170530,""item_name"":""Stonesword Key"",""merchant_anchor"":""nomadic-altus-plateau"",""region"":""Altus"",""shop_row_ids"":[100753],""wiki_url"":""https://eldenring.wiki.gg/wiki/Stonesword_Key""}"	wiki:redmaw:checklists:7281cb6f;wiki:eldenpedia:merchant-item:revision-100701	gameplay-guide:redmaw;gameplay-wiki:eldenpedia	lead_only	unknown	redmaw-checklists:merchants.html#nomadic-altus-plateau/m30-3;wiki.gg:https://eldenring.wiki.gg/wiki/Stonesword_Key?oldid=100701	Redmaw lists Stonesword Key under merchant section nomadic-altus-plateau; that context identifies current AP shop flag 170530.	The identity is narrowed by Redmaw's merchant anchor and AP's current flag, shop-row, and physical-merchant evidence (Altus). It does not prove v1.17 behavior, access logic, stock predicates, or shop availability.
redmaw-merchant-nomadic-altus-plateau-m30-4-check-7770131	check	7770131	identity_region	"{""ap_flag"":68010,""item_name"":""Ancient Dragon Apostle's Cookbook [2]"",""merchant_anchor"":""nomadic-altus-plateau"",""region"":""Altus"",""shop_row_ids"":[100750],""wiki_url"":""https://eldenring.wiki.gg/wiki/Ancient_Dragon_Apostle%27s_Cookbook_2""}"	wiki:redmaw:checklists:7281cb6f;wiki:eldenpedia:merchant-item:revision-70749	gameplay-guide:redmaw;gameplay-wiki:eldenpedia	lead_only	unknown	redmaw-checklists:merchants.html#nomadic-altus-plateau/m30-4;wiki.gg:https://eldenring.wiki.gg/wiki/Ancient_Dragon_Apostle's_Cookbook_2?oldid=70749	Redmaw lists Ancient Dragon Apostle's Cookbook [2] under merchant section nomadic-altus-plateau; that context identifies current AP shop flag 68010.	The identity is narrowed by Redmaw's merchant anchor and AP's current flag, shop-row, and physical-merchant evidence (Altus). It does not prove v1.17 behavior, access logic, stock predicates, or shop availability.
redmaw-merchant-nomadic-altus-plateau-m30-8-check-7770421	check	7770421	identity_region	"{""ap_flag"":170660,""item_name"":""Red Crest Heater Shield"",""merchant_anchor"":""nomadic-altus-plateau"",""region"":""Altus"",""shop_row_ids"":[100766],""wiki_url"":""https://eldenring.wiki.gg/wiki/Red_Crest_Heater_Shield""}"	wiki:redmaw:checklists:7281cb6f;wiki:eldenpedia:merchant-item:revision-75737	gameplay-guide:redmaw;gameplay-wiki:eldenpedia	lead_only	unknown	redmaw-checklists:merchants.html#nomadic-altus-plateau/m30-8;wiki.gg:https://eldenring.wiki.gg/wiki/Red_Crest_Heater_Shield?oldid=75737	Redmaw lists Red Crest Heater Shield under merchant section nomadic-altus-plateau; that context identifies current AP shop flag 170660.	The identity is narrowed by Redmaw's merchant anchor and AP's current flag, shop-row, and physical-merchant evidence (Altus). It does not prove v1.17 behavior, access logic, stock predicates, or shop availability.
redmaw-merchant-nomadic-altus-plateau-m30-9-check-7770419	check	7770419	identity_region	"{""ap_flag"":170640,""item_name"":""Scorpion Kite Shield"",""merchant_anchor"":""nomadic-altus-plateau"",""region"":""Altus"",""shop_row_ids"":[100764],""wiki_url"":""https://eldenring.wiki.gg/wiki/Scorpion_Kite_Shield""}"	wiki:redmaw:checklists:7281cb6f;wiki:eldenpedia:merchant-item:revision-75746	gameplay-guide:redmaw;gameplay-wiki:eldenpedia	lead_only	unknown	redmaw-checklists:merchants.html#nomadic-altus-plateau/m30-9;wiki.gg:https://eldenring.wiki.gg/wiki/Scorpion_Kite_Shield?oldid=75746	Redmaw lists Scorpion Kite Shield under merchant section nomadic-altus-plateau; that context identifies current AP shop flag 170640.	The identity is narrowed by Redmaw's merchant anchor and AP's current flag, shop-row, and physical-merchant evidence (Altus). It does not prove v1.17 behavior, access logic, stock predicates, or shop availability.
redmaw-merchant-nomadic-east-limgrave-m20-1-check-7770355	check	7770355	identity_region	"{""ap_flag"":150610,""item_name"":""Festering Bloody Finger"",""merchant_anchor"":""nomadic-east-limgrave"",""region"":""Limgrave"",""shop_row_ids"":[100561],""wiki_url"":""https://eldenring.wiki.gg/wiki/Festering_Bloody_Finger""}"	wiki:redmaw:checklists:7281cb6f;wiki:eldenpedia:merchant-item:revision-9529	gameplay-guide:redmaw;gameplay-wiki:eldenpedia	lead_only	unknown	redmaw-checklists:merchants.html#nomadic-east-limgrave/m20-1;wiki.gg:https://eldenring.wiki.gg/wiki/Festering_Bloody_Finger?oldid=9529	Redmaw lists Festering Bloody Finger under merchant section nomadic-east-limgrave; that context identifies current AP shop flag 150610.	The identity is narrowed by Redmaw's merchant anchor and AP's current flag, shop-row, and physical-merchant evidence (Limgrave). It does not prove v1.17 behavior, access logic, stock predicates, or shop availability.
redmaw-merchant-nomadic-east-limgrave-m20-10-check-7770357	check	7770357	identity_region	"{""ap_flag"":150630,""item_name"":""Hand Axe"",""merchant_anchor"":""nomadic-east-limgrave"",""region"":""Limgrave"",""shop_row_ids"":[100563],""wiki_url"":""https://eldenring.wiki.gg/wiki/Hand_Axe""}"	wiki:redmaw:checklists:7281cb6f;wiki:eldenpedia:merchant-item:revision-99196	gameplay-guide:redmaw;gameplay-wiki:eldenpedia	lead_only	unknown	redmaw-checklists:merchants.html#nomadic-east-limgrave/m20-10;wiki.gg:https://eldenring.wiki.gg/wiki/Hand_Axe?oldid=99196	Redmaw lists Hand Axe under merchant section nomadic-east-limgrave; that context identifies current AP shop flag 150630.	The identity is narrowed by Redmaw's merchant anchor and AP's current flag, shop-row, and physical-merchant evidence (Limgrave). It does not prove v1.17 behavior, access logic, stock predicates, or shop availability.
redmaw-merchant-nomadic-east-limgrave-m20-12-check-7774579	check	7774579	identity_region	"{""ap_flag"":150660,""item_name"":""St. Trina's Arrow"",""merchant_anchor"":""nomadic-east-limgrave"",""region"":""Limgrave"",""shop_row_ids"":[100566],""wiki_url"":""https://eldenring.wiki.gg/wiki/St._Trina%27s_Arrow""}"	wiki:redmaw:checklists:7281cb6f;wiki:eldenpedia:merchant-item:revision-75056	gameplay-guide:redmaw;gameplay-wiki:eldenpedia	lead_only	unknown	redmaw-checklists:merchants.html#nomadic-east-limgrave/m20-12;wiki.gg:https://eldenring.wiki.gg/wiki/St._Trina's_Arrow?oldid=75056	Redmaw lists St. Trina's Arrow under merchant section nomadic-east-limgrave; that context identifies current AP shop flag 150660.	The identity is narrowed by Redmaw's merchant anchor and AP's current flag, shop-row, and physical-merchant evidence (Limgrave). It does not prove v1.17 behavior, access logic, stock predicates, or shop availability.
redmaw-merchant-nomadic-east-limgrave-m20-14-check-7770358	check	7770358	identity_region	"{""ap_flag"":150640,""item_name"":""Riveted Wooden Shield"",""merchant_anchor"":""nomadic-east-limgrave"",""region"":""Limgrave"",""shop_row_ids"":[100564],""wiki_url"":""https://eldenring.wiki.gg/wiki/Riveted_Wooden_Shield""}"	wiki:redmaw:checklists:7281cb6f;wiki:eldenpedia:merchant-item:revision-75514	gameplay-guide:redmaw;gameplay-wiki:eldenpedia	lead_only	unknown	redmaw-checklists:merchants.html#nomadic-east-limgrave/m20-14;wiki.gg:https://eldenring.wiki.gg/wiki/Riveted_Wooden_Shield?oldid=75514	Redmaw lists Riveted Wooden Shield under merchant section nomadic-east-limgrave; that context identifies current AP shop flag 150640.	The identity is narrowed by Redmaw's merchant anchor and AP's current flag, shop-row, and physical-merchant evidence (Limgrave). It does not prove v1.17 behavior, access logic, stock predicates, or shop availability.
redmaw-merchant-nomadic-east-limgrave-m20-15-check-7770359	check	7770359	identity_region	"{""ap_flag"":150650,""item_name"":""Blue-Gold Kite Shield"",""merchant_anchor"":""nomadic-east-limgrave"",""region"":""Limgrave"",""shop_row_ids"":[100565],""wiki_url"":""https://eldenring.wiki.gg/wiki/Blue-Gold_Kite_Shield""}"	wiki:redmaw:checklists:7281cb6f;wiki:eldenpedia:merchant-item:revision-75750	gameplay-guide:redmaw;gameplay-wiki:eldenpedia	lead_only	unknown	redmaw-checklists:merchants.html#nomadic-east-limgrave/m20-15;wiki.gg:https://eldenring.wiki.gg/wiki/Blue-Gold_Kite_Shield?oldid=75750	Redmaw lists Blue-Gold Kite Shield under merchant section nomadic-east-limgrave; that context identifies current AP shop flag 150650.	The identity is narrowed by Redmaw's merchant anchor and AP's current flag, shop-row, and physical-merchant evidence (Limgrave). It does not prove v1.17 behavior, access logic, stock predicates, or shop availability.
redmaw-merchant-nomadic-east-limgrave-m20-2-check-7770352	check	7770352	identity_region	"{""ap_flag"":150520,""item_name"":""Sliver of Meat"",""merchant_anchor"":""nomadic-east-limgrave"",""region"":""Limgrave"",""shop_row_ids"":[100552],""wiki_url"":""https://eldenring.wiki.gg/wiki/Sliver_of_Meat""}"	wiki:redmaw:checklists:7281cb6f;wiki:eldenpedia:merchant-item:revision-27555	gameplay-guide:redmaw;gameplay-wiki:eldenpedia	lead_only	unknown	redmaw-checklists:merchants.html#nomadic-east-limgrave/m20-2;wiki.gg:https://eldenring.wiki.gg/wiki/Sliver_of_Meat?oldid=27555	Redmaw lists Sliver of Meat under merchant section nomadic-east-limgrave; that context identifies current AP shop flag 150520.	The identity is narrowed by Redmaw's merchant anchor and AP's current flag, shop-row, and physical-merchant evidence (Limgrave). It does not prove v1.17 behavior, access logic, stock predicates, or shop availability.
redmaw-merchant-nomadic-east-limgrave-m20-3-check-7770353	check	7770353	identity_region	"{""ap_flag"":150530,""item_name"":""Beast Liver"",""merchant_anchor"":""nomadic-east-limgrave"",""region"":""Limgrave"",""shop_row_ids"":[100553],""wiki_url"":""https://eldenring.wiki.gg/wiki/Beast_Liver""}"	wiki:redmaw:checklists:7281cb6f;wiki:eldenpedia:merchant-item:revision-49866	gameplay-guide:redmaw;gameplay-wiki:eldenpedia	lead_only	unknown	redmaw-checklists:merchants.html#nomadic-east-limgrave/m20-3;wiki.gg:https://eldenring.wiki.gg/wiki/Beast_Liver?oldid=49866	Redmaw lists Beast Liver under merchant section nomadic-east-limgrave; that context identifies current AP shop flag 150530.	The identity is narrowed by Redmaw's merchant anchor and AP's current flag, shop-row, and physical-merchant evidence (Limgrave). It does not prove v1.17 behavior, access logic, stock predicates, or shop availability.
redmaw-merchant-nomadic-east-limgrave-m20-4-check-7770354	check	7770354	identity_region	"{""ap_flag"":150540,""item_name"":""Lump of Flesh"",""merchant_anchor"":""nomadic-east-limgrave"",""region"":""Limgrave"",""shop_row_ids"":[100554],""wiki_url"":""https://eldenring.wiki.gg/wiki/Lump_of_Flesh""}"	wiki:redmaw:checklists:7281cb6f;wiki:eldenpedia:merchant-item:revision-100127	gameplay-guide:redmaw;gameplay-wiki:eldenpedia	lead_only	unknown	redmaw-checklists:merchants.html#nomadic-east-limgrave/m20-4;wiki.gg:https://eldenring.wiki.gg/wiki/Lump_of_Flesh?oldid=100127	Redmaw lists Lump of Flesh under merchant section nomadic-east-limgrave; that context identifies current AP shop flag 150540.	The identity is narrowed by Redmaw's merchant anchor and AP's current flag, shop-row, and physical-merchant evidence (Limgrave). It does not prove v1.17 behavior, access logic, stock predicates, or shop availability.
redmaw-merchant-nomadic-east-limgrave-m20-5-check-7770356	check	7770356	identity_region	"{""ap_flag"":150620,""item_name"":""Trina's Lily"",""merchant_anchor"":""nomadic-east-limgrave"",""region"":""Limgrave"",""shop_row_ids"":[100562],""wiki_url"":""https://eldenring.wiki.gg/wiki/Trina%27s_Lily""}"	wiki:redmaw:checklists:7281cb6f;wiki:eldenpedia:merchant-item:revision-94524	gameplay-guide:redmaw;gameplay-wiki:eldenpedia	lead_only	unknown	redmaw-checklists:merchants.html#nomadic-east-limgrave/m20-5;wiki.gg:https://eldenring.wiki.gg/wiki/Trina's_Lily?oldid=94524	Redmaw lists Trina's Lily under merchant section nomadic-east-limgrave; that context identifies current AP shop flag 150620.	The identity is narrowed by Redmaw's merchant anchor and AP's current flag, shop-row, and physical-merchant evidence (Limgrave). It does not prove v1.17 behavior, access logic, stock predicates, or shop availability.
redmaw-merchant-nomadic-east-limgrave-m20-7-check-7770120	check	7770120	identity_region	"{""ap_flag"":67830,""item_name"":""Nomadic Warrior's Cookbook [5]"",""merchant_anchor"":""nomadic-east-limgrave"",""region"":""Limgrave"",""shop_row_ids"":[100550],""wiki_url"":""https://eldenring.wiki.gg/wiki/Nomadic_Warrior%27s_Cookbook_5""}"	wiki:redmaw:checklists:7281cb6f;wiki:eldenpedia:merchant-item:revision-98946	gameplay-guide:redmaw;gameplay-wiki:eldenpedia	lead_only	unknown	redmaw-checklists:merchants.html#nomadic-east-limgrave/m20-7;wiki.gg:https://eldenring.wiki.gg/wiki/Nomadic_Warrior's_Cookbook_5?oldid=98946	Redmaw lists Nomadic Warrior's Cookbook [5] under merchant section nomadic-east-limgrave; that context identifies current AP shop flag 67830.	The identity is narrowed by Redmaw's merchant anchor and AP's current flag, shop-row, and physical-merchant evidence (Limgrave). It does not prove v1.17 behavior, access logic, stock predicates, or shop availability.
redmaw-merchant-nomadic-east-limgrave-m20-8-check-7770101	check	7770101	identity_region	"{""ap_flag"":67280,""item_name"":""Armorer's Cookbook [3]"",""merchant_anchor"":""nomadic-east-limgrave"",""region"":""Limgrave"",""shop_row_ids"":[100551],""wiki_url"":""https://eldenring.wiki.gg/wiki/Armorer%27s_Cookbook_3""}"	wiki:redmaw:checklists:7281cb6f;wiki:eldenpedia:merchant-item:revision-98943	gameplay-guide:redmaw;gameplay-wiki:eldenpedia	lead_only	unknown	redmaw-checklists:merchants.html#nomadic-east-limgrave/m20-8;wiki.gg:https://eldenring.wiki.gg/wiki/Armorer's_Cookbook_3?oldid=98943	Redmaw lists Armorer's Cookbook [3] under merchant section nomadic-east-limgrave; that context identifies current AP shop flag 67280.	The identity is narrowed by Redmaw's merchant anchor and AP's current flag, shop-row, and physical-merchant evidence (Limgrave). It does not prove v1.17 behavior, access logic, stock predicates, or shop availability.
redmaw-merchant-nomadic-east-limgrave-m20-9-check-7774621	check	7774621	identity_region	"{""ap_flag"":150680,""item_name"":""Hefty Scimitar"",""merchant_anchor"":""nomadic-east-limgrave"",""region"":""Limgrave"",""shop_row_ids"":[100568],""wiki_url"":""https://eldenring.wiki.gg/wiki/Hefty_Scimitar""}"	wiki:redmaw:checklists:7281cb6f;wiki:eldenpedia:merchant-item:revision-101096	gameplay-guide:redmaw;gameplay-wiki:eldenpedia	lead_only	unknown	redmaw-checklists:merchants.html#nomadic-east-limgrave/m20-9;wiki.gg:https://eldenring.wiki.gg/wiki/Hefty_Scimitar?oldid=101096	Redmaw lists Hefty Scimitar under merchant section nomadic-east-limgrave; that context identifies current AP shop flag 150680.	The identity is narrowed by Redmaw's merchant anchor and AP's current flag, shop-row, and physical-merchant evidence (Limgrave). It does not prove v1.17 behavior, access logic, stock predicates, or shop availability.
redmaw-merchant-nomadic-mt-gelmir-m31-1-check-7770425	check	7770425	identity_region	"{""ap_flag"":170770,""item_name"":""Stonesword Key"",""merchant_anchor"":""nomadic-mt-gelmir"",""region"":""Mt. Gelmir"",""shop_row_ids"":[100777],""wiki_url"":""https://eldenring.wiki.gg/wiki/Stonesword_Key""}"	wiki:redmaw:checklists:7281cb6f;wiki:eldenpedia:merchant-item:revision-100701	gameplay-guide:redmaw;gameplay-wiki:eldenpedia	lead_only	unknown	redmaw-checklists:merchants.html#nomadic-mt-gelmir/m31-1;wiki.gg:https://eldenring.wiki.gg/wiki/Stonesword_Key?oldid=100701	Redmaw lists Stonesword Key under merchant section nomadic-mt-gelmir; that context identifies current AP shop flag 170770.	The identity is narrowed by Redmaw's merchant anchor and AP's current flag, shop-row, and physical-merchant evidence (Mt. Gelmir). It does not prove v1.17 behavior, access logic, stock predicates, or shop availability.
redmaw-merchant-nomadic-mt-gelmir-m31-10-check-7770426	check	7770426	identity_region	"{""ap_flag"":170940,""item_name"":""Confessor Hood"",""merchant_anchor"":""nomadic-mt-gelmir"",""region"":""Mt. Gelmir"",""shop_row_ids"":[100794],""wiki_url"":""https://eldenring.wiki.gg/wiki/Confessor_Hood""}"	wiki:redmaw:checklists:7281cb6f;wiki:eldenpedia:merchant-item:revision-43806	gameplay-guide:redmaw;gameplay-wiki:eldenpedia	lead_only	unknown	redmaw-checklists:merchants.html#nomadic-mt-gelmir/m31-10;wiki.gg:https://eldenring.wiki.gg/wiki/Confessor_Hood?oldid=43806	Redmaw lists Confessor Hood under merchant section nomadic-mt-gelmir; that context identifies current AP shop flag 170940.	The identity is narrowed by Redmaw's merchant anchor and AP's current flag, shop-row, and physical-merchant evidence (Mt. Gelmir). It does not prove v1.17 behavior, access logic, stock predicates, or shop availability.
redmaw-merchant-nomadic-mt-gelmir-m31-11-check-7770427	check	7770427	identity_region	"{""ap_flag"":170950,""item_name"":""Confessor Armor"",""merchant_anchor"":""nomadic-mt-gelmir"",""region"":""Mt. Gelmir"",""shop_row_ids"":[100795],""wiki_url"":""https://eldenring.wiki.gg/wiki/Confessor_Armor""}"	wiki:redmaw:checklists:7281cb6f;wiki:eldenpedia:merchant-item:revision-1007	gameplay-guide:redmaw;gameplay-wiki:eldenpedia	lead_only	unknown	redmaw-checklists:merchants.html#nomadic-mt-gelmir/m31-11;wiki.gg:https://eldenring.wiki.gg/wiki/Confessor_Armor?oldid=1007	Redmaw lists Confessor Armor under merchant section nomadic-mt-gelmir; that context identifies current AP shop flag 170950.	The identity is narrowed by Redmaw's merchant anchor and AP's current flag, shop-row, and physical-merchant evidence (Mt. Gelmir). It does not prove v1.17 behavior, access logic, stock predicates, or shop availability.
redmaw-merchant-nomadic-mt-gelmir-m31-12-check-7770428	check	7770428	identity_region	"{""ap_flag"":170960,""item_name"":""Confessor Gloves"",""merchant_anchor"":""nomadic-mt-gelmir"",""region"":""Mt. Gelmir"",""shop_row_ids"":[100796],""wiki_url"":""https://eldenring.wiki.gg/wiki/Confessor_Gloves""}"	wiki:redmaw:checklists:7281cb6f;wiki:eldenpedia:merchant-item:revision-14519	gameplay-guide:redmaw;gameplay-wiki:eldenpedia	lead_only	unknown	redmaw-checklists:merchants.html#nomadic-mt-gelmir/m31-12;wiki.gg:https://eldenring.wiki.gg/wiki/Confessor_Gloves?oldid=14519	Redmaw lists Confessor Gloves under merchant section nomadic-mt-gelmir; that context identifies current AP shop flag 170960.	The identity is narrowed by Redmaw's merchant anchor and AP's current flag, shop-row, and physical-merchant evidence (Mt. Gelmir). It does not prove v1.17 behavior, access logic, stock predicates, or shop availability.
redmaw-merchant-nomadic-mt-gelmir-m31-13-check-7770429	check	7770429	identity_region	"{""ap_flag"":170970,""item_name"":""Confessor Boots"",""merchant_anchor"":""nomadic-mt-gelmir"",""region"":""Mt. Gelmir"",""shop_row_ids"":[100797],""wiki_url"":""https://eldenring.wiki.gg/wiki/Confessor_Boots""}"	wiki:redmaw:checklists:7281cb6f;wiki:eldenpedia:merchant-item:revision-13512	gameplay-guide:redmaw;gameplay-wiki:eldenpedia	lead_only	unknown	redmaw-checklists:merchants.html#nomadic-mt-gelmir/m31-13;wiki.gg:https://eldenring.wiki.gg/wiki/Confessor_Boots?oldid=13512	Redmaw lists Confessor Boots under merchant section nomadic-mt-gelmir; that context identifies current AP shop flag 170970.	The identity is narrowed by Redmaw's merchant anchor and AP's current flag, shop-row, and physical-merchant evidence (Mt. Gelmir). It does not prove v1.17 behavior, access logic, stock predicates, or shop availability.
redmaw-merchant-nomadic-mt-gelmir-m31-2-check-7770097	check	7770097	identity_region	"{""ap_flag"":67230,""item_name"":""Nomadic Warrior's Cookbook [20]"",""merchant_anchor"":""nomadic-mt-gelmir"",""region"":""Mt. Gelmir"",""shop_row_ids"":[100775],""wiki_url"":""https://eldenring.wiki.gg/wiki/Nomadic_Warrior%27s_Cookbook_20""}"	wiki:redmaw:checklists:7281cb6f;wiki:eldenpedia:merchant-item:revision-84902	gameplay-guide:redmaw;gameplay-wiki:eldenpedia	lead_only	unknown	redmaw-checklists:merchants.html#nomadic-mt-gelmir/m31-2;wiki.gg:https://eldenring.wiki.gg/wiki/Nomadic_Warrior's_Cookbook_20?oldid=84902	Redmaw lists Nomadic Warrior's Cookbook [20] under merchant section nomadic-mt-gelmir; that context identifies current AP shop flag 67230.	The identity is narrowed by Redmaw's merchant anchor and AP's current flag, shop-row, and physical-merchant evidence (Mt. Gelmir). It does not prove v1.17 behavior, access logic, stock predicates, or shop availability.
redmaw-merchant-nomadic-mt-gelmir-m31-9-check-7770430	check	7770430	identity_region	"{""ap_flag"":170980,""item_name"":""Guilty Hood"",""merchant_anchor"":""nomadic-mt-gelmir"",""region"":""Mt. Gelmir"",""shop_row_ids"":[100798],""wiki_url"":""https://eldenring.wiki.gg/wiki/Guilty_Hood""}"	wiki:redmaw:checklists:7281cb6f;wiki:eldenpedia:merchant-item:revision-96792	gameplay-guide:redmaw;gameplay-wiki:eldenpedia	lead_only	unknown	redmaw-checklists:merchants.html#nomadic-mt-gelmir/m31-9;wiki.gg:https://eldenring.wiki.gg/wiki/Guilty_Hood?oldid=96792	Redmaw lists Guilty Hood under merchant section nomadic-mt-gelmir; that context identifies current AP shop flag 170980.	The identity is narrowed by Redmaw's merchant anchor and AP's current flag, shop-row, and physical-merchant evidence (Mt. Gelmir). It does not prove v1.17 behavior, access logic, stock predicates, or shop availability.
redmaw-merchant-nomadic-north-caelid-m27-1-check-7770431	check	7770431	identity_region	"{""ap_flag"":180130,""item_name"":""Preserving Boluses"",""merchant_anchor"":""nomadic-north-caelid"",""region"":""Caelid"",""shop_row_ids"":[100813],""wiki_url"":""https://eldenring.wiki.gg/wiki/Preserving_Boluses""}"	wiki:redmaw:checklists:7281cb6f;wiki:eldenpedia:merchant-item:revision-99721	gameplay-guide:redmaw;gameplay-wiki:eldenpedia	lead_only	unknown	redmaw-checklists:merchants.html#nomadic-north-caelid/m27-1;wiki.gg:https://eldenring.wiki.gg/wiki/Preserving_Boluses?oldid=99721	Redmaw lists Preserving Boluses under merchant section nomadic-north-caelid; that context identifies current AP shop flag 180130.	The identity is narrowed by Redmaw's merchant anchor and AP's current flag, shop-row, and physical-merchant evidence (Caelid). It does not prove v1.17 behavior, access logic, stock predicates, or shop availability.
redmaw-merchant-nomadic-north-caelid-m27-5-check-7770432	check	7770432	identity_region	"{""ap_flag"":180140,""item_name"":""Aeonian Butterfly"",""merchant_anchor"":""nomadic-north-caelid"",""region"":""Caelid"",""shop_row_ids"":[100814],""wiki_url"":""https://eldenring.wiki.gg/wiki/Aeonian_Butterfly""}"	wiki:redmaw:checklists:7281cb6f;wiki:eldenpedia:merchant-item:revision-98694	gameplay-guide:redmaw;gameplay-wiki:eldenpedia	lead_only	unknown	redmaw-checklists:merchants.html#nomadic-north-caelid/m27-5;wiki.gg:https://eldenring.wiki.gg/wiki/Aeonian_Butterfly?oldid=98694	Redmaw lists Aeonian Butterfly under merchant section nomadic-north-caelid; that context identifies current AP shop flag 180140.	The identity is narrowed by Redmaw's merchant anchor and AP's current flag, shop-row, and physical-merchant evidence (Caelid). It does not prove v1.17 behavior, access logic, stock predicates, or shop availability.
redmaw-merchant-nomadic-north-limgrave-m21-1-check-7770347	check	7770347	identity_region	"{""ap_flag"":150410,""item_name"":""Pickled Turtle Neck"",""merchant_anchor"":""nomadic-north-limgrave"",""region"":""Limgrave"",""shop_row_ids"":[100541],""wiki_url"":""https://eldenring.wiki.gg/wiki/Pickled_Turtle_Neck""}"	wiki:redmaw:checklists:7281cb6f;wiki:eldenpedia:merchant-item:revision-95340	gameplay-guide:redmaw;gameplay-wiki:eldenpedia	lead_only	unknown	redmaw-checklists:merchants.html#nomadic-north-limgrave/m21-1;wiki.gg:https://eldenring.wiki.gg/wiki/Pickled_Turtle_Neck?oldid=95340	Redmaw lists Pickled Turtle Neck under merchant section nomadic-north-limgrave; that context identifies current AP shop flag 150410.	The identity is narrowed by Redmaw's merchant anchor and AP's current flag, shop-row, and physical-merchant evidence (Limgrave). It does not prove v1.17 behavior, access logic, stock predicates, or shop availability.
redmaw-merchant-nomadic-north-limgrave-m21-10-check-7770183	check	7770183	identity_region	"{""ap_flag"":69670,""item_name"":""Note: Flame Chariots"",""merchant_anchor"":""nomadic-north-limgrave"",""region"":""Limgrave"",""shop_row_ids"":[100539],""wiki_url"":""https://eldenring.wiki.gg/wiki/Note:_Flame_Chariots""}"	wiki:redmaw:checklists:7281cb6f;wiki:eldenpedia:merchant-item:revision-50857	gameplay-guide:redmaw;gameplay-wiki:eldenpedia	lead_only	unknown	redmaw-checklists:merchants.html#nomadic-north-limgrave/m21-10;wiki.gg:https://eldenring.wiki.gg/wiki/Note%3A_Flame_Chariots?oldid=50857	Redmaw lists Note: Flame Chariots under merchant section nomadic-north-limgrave; that context identifies current AP shop flag 69670.	The identity is narrowed by Redmaw's merchant anchor and AP's current flag, shop-row, and physical-merchant evidence (Limgrave). It does not prove v1.17 behavior, access logic, stock predicates, or shop availability.
redmaw-merchant-nomadic-north-limgrave-m21-3-check-7770049	check	7770049	identity_region	"{""ap_flag"":66060,""item_name"":""Cracked Pot"",""merchant_anchor"":""nomadic-north-limgrave"",""region"":""Limgrave"",""shop_row_ids"":[100540],""wiki_url"":""https://eldenring.wiki.gg/wiki/Cracked_Pot""}"	wiki:redmaw:checklists:7281cb6f;wiki:eldenpedia:merchant-item:revision-100681	gameplay-guide:redmaw;gameplay-wiki:eldenpedia	lead_only	unknown	redmaw-checklists:merchants.html#nomadic-north-limgrave/m21-3;wiki.gg:https://eldenring.wiki.gg/wiki/Cracked_Pot?oldid=100681	Redmaw lists Cracked Pot under merchant section nomadic-north-limgrave; that context identifies current AP shop flag 66060.	The identity is narrowed by Redmaw's merchant anchor and AP's current flag, shop-row, and physical-merchant evidence (Limgrave). It does not prove v1.17 behavior, access logic, stock predicates, or shop availability.
redmaw-merchant-nomadic-north-limgrave-m21-4-check-7770082	check	7770082	identity_region	"{""ap_flag"":67010,""item_name"":""Nomadic Warrior's Cookbook [3]"",""merchant_anchor"":""nomadic-north-limgrave"",""region"":""Limgrave"",""shop_row_ids"":[100525],""wiki_url"":""https://eldenring.wiki.gg/wiki/Nomadic_Warrior%27s_Cookbook_3""}"	wiki:redmaw:checklists:7281cb6f;wiki:eldenpedia:merchant-item:revision-84406	gameplay-guide:redmaw;gameplay-wiki:eldenpedia	lead_only	unknown	redmaw-checklists:merchants.html#nomadic-north-limgrave/m21-4;wiki.gg:https://eldenring.wiki.gg/wiki/Nomadic_Warrior's_Cookbook_3?oldid=84406	Redmaw lists Nomadic Warrior's Cookbook [3] under merchant section nomadic-north-limgrave; that context identifies current AP shop flag 67010.	The identity is narrowed by Redmaw's merchant anchor and AP's current flag, shop-row, and physical-merchant evidence (Limgrave). It does not prove v1.17 behavior, access logic, stock predicates, or shop availability.
redmaw-merchant-nomadic-north-limgrave-m21-5-check-7770348	check	7770348	identity_region	"{""ap_flag"":150420,""item_name"":""Short Sword"",""merchant_anchor"":""nomadic-north-limgrave"",""region"":""Limgrave"",""shop_row_ids"":[100542],""wiki_url"":""https://eldenring.wiki.gg/wiki/Short_Sword""}"	wiki:redmaw:checklists:7281cb6f;wiki:eldenpedia:merchant-item:revision-87209	gameplay-guide:redmaw;gameplay-wiki:eldenpedia	lead_only	unknown	redmaw-checklists:merchants.html#nomadic-north-limgrave/m21-5;wiki.gg:https://eldenring.wiki.gg/wiki/Short_Sword?oldid=87209	Redmaw lists Short Sword under merchant section nomadic-north-limgrave; that context identifies current AP shop flag 150420.	The identity is narrowed by Redmaw's merchant anchor and AP's current flag, shop-row, and physical-merchant evidence (Limgrave). It does not prove v1.17 behavior, access logic, stock predicates, or shop availability.
redmaw-merchant-nomadic-north-limgrave-m21-6-check-7770349	check	7770349	identity_region	"{""ap_flag"":150430,""item_name"":""Halberd"",""merchant_anchor"":""nomadic-north-limgrave"",""region"":""Limgrave"",""shop_row_ids"":[100543],""wiki_url"":""https://eldenring.wiki.gg/wiki/Halberd""}"	wiki:redmaw:checklists:7281cb6f;wiki:eldenpedia:merchant-item:revision-84203	gameplay-guide:redmaw;gameplay-wiki:eldenpedia	lead_only	unknown	redmaw-checklists:merchants.html#nomadic-north-limgrave/m21-6;wiki.gg:https://eldenring.wiki.gg/wiki/Halberd?oldid=84203	Redmaw lists Halberd under merchant section nomadic-north-limgrave; that context identifies current AP shop flag 150430.	The identity is narrowed by Redmaw's merchant anchor and AP's current flag, shop-row, and physical-merchant evidence (Limgrave). It does not prove v1.17 behavior, access logic, stock predicates, or shop availability.
redmaw-merchant-nomadic-north-limgrave-m21-9-check-7770350	check	7770350	identity_region	"{""ap_flag"":150460,""item_name"":""Bandit Mask"",""merchant_anchor"":""nomadic-north-limgrave"",""region"":""Limgrave"",""shop_row_ids"":[100546],""wiki_url"":""https://eldenring.wiki.gg/wiki/Bandit_Mask""}"	wiki:redmaw:checklists:7281cb6f;wiki:eldenpedia:merchant-item:revision-99983	gameplay-guide:redmaw;gameplay-wiki:eldenpedia	lead_only	unknown	redmaw-checklists:merchants.html#nomadic-north-limgrave/m21-9;wiki.gg:https://eldenring.wiki.gg/wiki/Bandit_Mask?oldid=99983	Redmaw lists Bandit Mask under merchant section nomadic-north-limgrave; that context identifies current AP shop flag 150460.	The identity is narrowed by Redmaw's merchant anchor and AP's current flag, shop-row, and physical-merchant evidence (Limgrave). It does not prove v1.17 behavior, access logic, stock predicates, or shop availability.
redmaw-merchant-nomadic-north-liurnia-m25-1-check-7770404	check	7770404	identity_region	"{""ap_flag"":170140,""item_name"":""Rune Arc"",""merchant_anchor"":""nomadic-north-liurnia"",""region"":""Liurnia"",""shop_row_ids"":[100714],""wiki_url"":""https://eldenring.wiki.gg/wiki/Rune_Arc""}"	wiki:redmaw:checklists:7281cb6f;wiki:eldenpedia:merchant-item:revision-71254	gameplay-guide:redmaw;gameplay-wiki:eldenpedia	lead_only	unknown	redmaw-checklists:merchants.html#nomadic-north-liurnia/m25-1;wiki.gg:https://eldenring.wiki.gg/wiki/Rune_Arc?oldid=71254	Redmaw lists Rune Arc under merchant section nomadic-north-liurnia; that context identifies current AP shop flag 170140.	The identity is narrowed by Redmaw's merchant anchor and AP's current flag, shop-row, and physical-merchant evidence (Liurnia). It does not prove v1.17 behavior, access logic, stock predicates, or shop availability.
redmaw-merchant-nomadic-north-liurnia-m25-10-check-7770402	check	7770402	identity_region	"{""ap_flag"":170050,""item_name"":""Rift Shield"",""merchant_anchor"":""nomadic-north-liurnia"",""region"":""Liurnia"",""shop_row_ids"":[100705],""wiki_url"":""https://eldenring.wiki.gg/wiki/Rift_Shield""}"	wiki:redmaw:checklists:7281cb6f;wiki:eldenpedia:merchant-item:revision-75570	gameplay-guide:redmaw;gameplay-wiki:eldenpedia	lead_only	unknown	redmaw-checklists:merchants.html#nomadic-north-liurnia/m25-10;wiki.gg:https://eldenring.wiki.gg/wiki/Rift_Shield?oldid=75570	Redmaw lists Rift Shield under merchant section nomadic-north-liurnia; that context identifies current AP shop flag 170050.	The identity is narrowed by Redmaw's merchant anchor and AP's current flag, shop-row, and physical-merchant evidence (Liurnia). It does not prove v1.17 behavior, access logic, stock predicates, or shop availability.
redmaw-merchant-nomadic-north-liurnia-m25-12-check-7770403	check	7770403	identity_region	"{""ap_flag"":170060,""item_name"":""Blue Crest Heater Shield"",""merchant_anchor"":""nomadic-north-liurnia"",""region"":""Liurnia"",""shop_row_ids"":[100706],""wiki_url"":""https://eldenring.wiki.gg/wiki/Blue_Crest_Heater_Shield""}"	wiki:redmaw:checklists:7281cb6f;wiki:eldenpedia:merchant-item:revision-75736	gameplay-guide:redmaw;gameplay-wiki:eldenpedia	lead_only	unknown	redmaw-checklists:merchants.html#nomadic-north-liurnia/m25-12;wiki.gg:https://eldenring.wiki.gg/wiki/Blue_Crest_Heater_Shield?oldid=75736	Redmaw lists Blue Crest Heater Shield under merchant section nomadic-north-liurnia; that context identifies current AP shop flag 170060.	The identity is narrowed by Redmaw's merchant anchor and AP's current flag, shop-row, and physical-merchant evidence (Liurnia). It does not prove v1.17 behavior, access logic, stock predicates, or shop availability.
redmaw-merchant-nomadic-north-liurnia-m25-13-check-7774627	check	7774627	identity_region	"{""ap_flag"":170100,""item_name"":""Silver Grooved Helm"",""merchant_anchor"":""nomadic-north-liurnia"",""region"":""Liurnia"",""shop_row_ids"":[100710],""wiki_url"":""https://eldenring.wiki.gg/wiki/Silver_Grooved_Helm""}"	wiki:redmaw:checklists:7281cb6f;wiki:eldenpedia:merchant-item:revision-101232	gameplay-guide:redmaw;gameplay-wiki:eldenpedia	lead_only	unknown	redmaw-checklists:merchants.html#nomadic-north-liurnia/m25-13;wiki.gg:https://eldenring.wiki.gg/wiki/Silver_Grooved_Helm?oldid=101232	Redmaw lists Silver Grooved Helm under merchant section nomadic-north-liurnia; that context identifies current AP shop flag 170100.	The identity is narrowed by Redmaw's merchant anchor and AP's current flag, shop-row, and physical-merchant evidence (Liurnia). It does not prove v1.17 behavior, access logic, stock predicates, or shop availability.
redmaw-merchant-nomadic-north-liurnia-m25-14-check-7774628	check	7774628	identity_region	"{""ap_flag"":170110,""item_name"":""Silver Grooved Armor"",""merchant_anchor"":""nomadic-north-liurnia"",""region"":""Liurnia"",""shop_row_ids"":[100711],""wiki_url"":""https://eldenring.wiki.gg/wiki/Silver_Grooved_Armor""}"	wiki:redmaw:checklists:7281cb6f;wiki:eldenpedia:merchant-item:revision-101231	gameplay-guide:redmaw;gameplay-wiki:eldenpedia	lead_only	unknown	redmaw-checklists:merchants.html#nomadic-north-liurnia/m25-14;wiki.gg:https://eldenring.wiki.gg/wiki/Silver_Grooved_Armor?oldid=101231	Redmaw lists Silver Grooved Armor under merchant section nomadic-north-liurnia; that context identifies current AP shop flag 170110.	The identity is narrowed by Redmaw's merchant anchor and AP's current flag, shop-row, and physical-merchant evidence (Liurnia). It does not prove v1.17 behavior, access logic, stock predicates, or shop availability.
redmaw-merchant-nomadic-north-liurnia-m25-15-check-7774629	check	7774629	identity_region	"{""ap_flag"":170120,""item_name"":""Silver Grooved Gauntlets"",""merchant_anchor"":""nomadic-north-liurnia"",""region"":""Liurnia"",""shop_row_ids"":[100712],""wiki_url"":""https://eldenring.wiki.gg/wiki/Silver_Grooved_Gauntlets""}"	wiki:redmaw:checklists:7281cb6f;wiki:eldenpedia:merchant-item:revision-101230	gameplay-guide:redmaw;gameplay-wiki:eldenpedia	lead_only	unknown	redmaw-checklists:merchants.html#nomadic-north-liurnia/m25-15;wiki.gg:https://eldenring.wiki.gg/wiki/Silver_Grooved_Gauntlets?oldid=101230	Redmaw lists Silver Grooved Gauntlets under merchant section nomadic-north-liurnia; that context identifies current AP shop flag 170120.	The identity is narrowed by Redmaw's merchant anchor and AP's current flag, shop-row, and physical-merchant evidence (Liurnia). It does not prove v1.17 behavior, access logic, stock predicates, or shop availability.
redmaw-merchant-nomadic-north-liurnia-m25-16-check-7774630	check	7774630	identity_region	"{""ap_flag"":170130,""item_name"":""Silver Grooved Greaves"",""merchant_anchor"":""nomadic-north-liurnia"",""region"":""Liurnia"",""shop_row_ids"":[100713],""wiki_url"":""https://eldenring.wiki.gg/wiki/Silver_Grooved_Greaves""}"	wiki:redmaw:checklists:7281cb6f;wiki:eldenpedia:merchant-item:revision-101229	gameplay-guide:redmaw;gameplay-wiki:eldenpedia	lead_only	unknown	redmaw-checklists:merchants.html#nomadic-north-liurnia/m25-16;wiki.gg:https://eldenring.wiki.gg/wiki/Silver_Grooved_Greaves?oldid=101229	Redmaw lists Silver Grooved Greaves under merchant section nomadic-north-liurnia; that context identifies current AP shop flag 170130.	The identity is narrowed by Redmaw's merchant anchor and AP's current flag, shop-row, and physical-merchant evidence (Liurnia). It does not prove v1.17 behavior, access logic, stock predicates, or shop availability.
redmaw-merchant-nomadic-north-liurnia-m25-2-check-7770406	check	7770406	identity_region	"{""ap_flag"":170180,""item_name"":""Immunizing White Cured Meat"",""merchant_anchor"":""nomadic-north-liurnia"",""region"":""Liurnia"",""shop_row_ids"":[100718],""wiki_url"":""https://eldenring.wiki.gg/wiki/Immunizing_White_Cured_Meat""}"	wiki:redmaw:checklists:7281cb6f;wiki:eldenpedia:merchant-item:revision-98950	gameplay-guide:redmaw;gameplay-wiki:eldenpedia	lead_only	unknown	redmaw-checklists:merchants.html#nomadic-north-liurnia/m25-2;wiki.gg:https://eldenring.wiki.gg/wiki/Immunizing_White_Cured_Meat?oldid=98950	Redmaw lists Immunizing White Cured Meat under merchant section nomadic-north-liurnia; that context identifies current AP shop flag 170180.	The identity is narrowed by Redmaw's merchant anchor and AP's current flag, shop-row, and physical-merchant evidence (Liurnia). It does not prove v1.17 behavior, access logic, stock predicates, or shop availability.
redmaw-merchant-nomadic-north-liurnia-m25-3-check-7770407	check	7770407	identity_region	"{""ap_flag"":170190,""item_name"":""Invigorating White Cured Meat"",""merchant_anchor"":""nomadic-north-liurnia"",""region"":""Liurnia"",""shop_row_ids"":[100719],""wiki_url"":""https://eldenring.wiki.gg/wiki/Invigorating_White_Cured_Meat""}"	wiki:redmaw:checklists:7281cb6f;wiki:eldenpedia:merchant-item:revision-95205	gameplay-guide:redmaw;gameplay-wiki:eldenpedia	lead_only	unknown	redmaw-checklists:merchants.html#nomadic-north-liurnia/m25-3;wiki.gg:https://eldenring.wiki.gg/wiki/Invigorating_White_Cured_Meat?oldid=95205	Redmaw lists Invigorating White Cured Meat under merchant section nomadic-north-liurnia; that context identifies current AP shop flag 170190.	The identity is narrowed by Redmaw's merchant anchor and AP's current flag, shop-row, and physical-merchant evidence (Liurnia). It does not prove v1.17 behavior, access logic, stock predicates, or shop availability.
redmaw-merchant-nomadic-north-liurnia-m25-4-check-7770408	check	7770408	identity_region	"{""ap_flag"":170200,""item_name"":""Clarifying White Cured Meat"",""merchant_anchor"":""nomadic-north-liurnia"",""region"":""Liurnia"",""shop_row_ids"":[100720],""wiki_url"":""https://eldenring.wiki.gg/wiki/Clarifying_White_Cured_Meat""}"	wiki:redmaw:checklists:7281cb6f;wiki:eldenpedia:merchant-item:revision-95206	gameplay-guide:redmaw;gameplay-wiki:eldenpedia	lead_only	unknown	redmaw-checklists:merchants.html#nomadic-north-liurnia/m25-4;wiki.gg:https://eldenring.wiki.gg/wiki/Clarifying_White_Cured_Meat?oldid=95206	Redmaw lists Clarifying White Cured Meat under merchant section nomadic-north-liurnia; that context identifies current AP shop flag 170200.	The identity is narrowed by Redmaw's merchant anchor and AP's current flag, shop-row, and physical-merchant evidence (Liurnia). It does not prove v1.17 behavior, access logic, stock predicates, or shop availability.
redmaw-merchant-nomadic-north-liurnia-m25-5-check-7770405	check	7770405	identity_region	"{""ap_flag"":170150,""item_name"":""Bewitching Branch"",""merchant_anchor"":""nomadic-north-liurnia"",""region"":""Liurnia"",""shop_row_ids"":[100715],""wiki_url"":""https://eldenring.wiki.gg/wiki/Bewitching_Branch""}"	wiki:redmaw:checklists:7281cb6f;wiki:eldenpedia:merchant-item:revision-51951	gameplay-guide:redmaw;gameplay-wiki:eldenpedia	lead_only	unknown	redmaw-checklists:merchants.html#nomadic-north-liurnia/m25-5;wiki.gg:https://eldenring.wiki.gg/wiki/Bewitching_Branch?oldid=51951	Redmaw lists Bewitching Branch under merchant section nomadic-north-liurnia; that context identifies current AP shop flag 170150.	The identity is narrowed by Redmaw's merchant anchor and AP's current flag, shop-row, and physical-merchant evidence (Liurnia). It does not prove v1.17 behavior, access logic, stock predicates, or shop availability.
redmaw-merchant-nomadic-north-liurnia-m25-6-check-7770088	check	7770088	identity_region	"{""ap_flag"":67080,""item_name"":""Nomadic Warrior's Cookbook [13]"",""merchant_anchor"":""nomadic-north-liurnia"",""region"":""Liurnia"",""shop_row_ids"":[100700],""wiki_url"":""https://eldenring.wiki.gg/wiki/Nomadic_Warrior%27s_Cookbook_13""}"	wiki:redmaw:checklists:7281cb6f;wiki:eldenpedia:merchant-item:revision-84461	gameplay-guide:redmaw;gameplay-wiki:eldenpedia	lead_only	unknown	redmaw-checklists:merchants.html#nomadic-north-liurnia/m25-6;wiki.gg:https://eldenring.wiki.gg/wiki/Nomadic_Warrior's_Cookbook_13?oldid=84461	Redmaw lists Nomadic Warrior's Cookbook [13] under merchant section nomadic-north-liurnia; that context identifies current AP shop flag 67080.	The identity is narrowed by Redmaw's merchant anchor and AP's current flag, shop-row, and physical-merchant evidence (Liurnia). It does not prove v1.17 behavior, access logic, stock predicates, or shop availability.
redmaw-merchant-nomadic-north-liurnia-m25-7-check-7770401	check	7770401	identity_region	"{""ap_flag"":170040,""item_name"":""Composite Bow"",""merchant_anchor"":""nomadic-north-liurnia"",""region"":""Liurnia"",""shop_row_ids"":[100704],""wiki_url"":""https://eldenring.wiki.gg/wiki/Composite_Bow""}"	wiki:redmaw:checklists:7281cb6f;wiki:eldenpedia:merchant-item:revision-99139	gameplay-guide:redmaw;gameplay-wiki:eldenpedia	lead_only	unknown	redmaw-checklists:merchants.html#nomadic-north-liurnia/m25-7;wiki.gg:https://eldenring.wiki.gg/wiki/Composite_Bow?oldid=99139	Redmaw lists Composite Bow under merchant section nomadic-north-liurnia; that context identifies current AP shop flag 170040.	The identity is narrowed by Redmaw's merchant anchor and AP's current flag, shop-row, and physical-merchant evidence (Liurnia). It does not prove v1.17 behavior, access logic, stock predicates, or shop availability.
redmaw-merchant-nomadic-south-caelid-m28-1-check-7770061	check	7770061	identity_region	"{""ap_flag"":66180,""item_name"":""Cracked Pot"",""merchant_anchor"":""nomadic-south-caelid"",""region"":""Caelid"",""shop_row_ids"":[100827],""wiki_url"":""https://eldenring.wiki.gg/wiki/Cracked_Pot""}"	wiki:redmaw:checklists:7281cb6f;wiki:eldenpedia:merchant-item:revision-100681	gameplay-guide:redmaw;gameplay-wiki:eldenpedia	lead_only	unknown	redmaw-checklists:merchants.html#nomadic-south-caelid/m28-1;wiki.gg:https://eldenring.wiki.gg/wiki/Cracked_Pot?oldid=100681	Redmaw lists Cracked Pot under merchant section nomadic-south-caelid; that context identifies current AP shop flag 66180.	The identity is narrowed by Redmaw's merchant anchor and AP's current flag, shop-row, and physical-merchant evidence (Caelid). It does not prove v1.17 behavior, access logic, stock predicates, or shop availability.
redmaw-merchant-nomadic-south-caelid-m28-10-check-7770436	check	7770436	identity_region	"{""ap_flag"":180430,""item_name"":""Champion Bracers"",""merchant_anchor"":""nomadic-south-caelid"",""region"":""Caelid"",""shop_row_ids"":[100843],""wiki_url"":""https://eldenring.wiki.gg/wiki/Champion_Bracers""}"	wiki:redmaw:checklists:7281cb6f;wiki:eldenpedia:merchant-item:revision-52583	gameplay-guide:redmaw;gameplay-wiki:eldenpedia	lead_only	unknown	redmaw-checklists:merchants.html#nomadic-south-caelid/m28-10;wiki.gg:https://eldenring.wiki.gg/wiki/Champion_Bracers?oldid=52583	Redmaw lists Champion Bracers under merchant section nomadic-south-caelid; that context identifies current AP shop flag 180430.	The identity is narrowed by Redmaw's merchant anchor and AP's current flag, shop-row, and physical-merchant evidence (Caelid). It does not prove v1.17 behavior, access logic, stock predicates, or shop availability.
redmaw-merchant-nomadic-south-caelid-m28-11-check-7770437	check	7770437	identity_region	"{""ap_flag"":180440,""item_name"":""Champion Gaiters"",""merchant_anchor"":""nomadic-south-caelid"",""region"":""Caelid"",""shop_row_ids"":[100844],""wiki_url"":""https://eldenring.wiki.gg/wiki/Champion_Gaiters""}"	wiki:redmaw:checklists:7281cb6f;wiki:eldenpedia:merchant-item:revision-36413	gameplay-guide:redmaw;gameplay-wiki:eldenpedia	lead_only	unknown	redmaw-checklists:merchants.html#nomadic-south-caelid/m28-11;wiki.gg:https://eldenring.wiki.gg/wiki/Champion_Gaiters?oldid=36413	Redmaw lists Champion Gaiters under merchant section nomadic-south-caelid; that context identifies current AP shop flag 180440.	The identity is narrowed by Redmaw's merchant anchor and AP's current flag, shop-row, and physical-merchant evidence (Caelid). It does not prove v1.17 behavior, access logic, stock predicates, or shop availability.
redmaw-merchant-nomadic-south-caelid-m28-12-check-7770186	check	7770186	identity_region	"{""ap_flag"":69700,""item_name"":""Note: Gravity's Advantage"",""merchant_anchor"":""nomadic-south-caelid"",""region"":""Caelid"",""shop_row_ids"":[100837],""wiki_url"":""https://eldenring.wiki.gg/wiki/Note:_Gravity%27s_Advantage""}"	wiki:redmaw:checklists:7281cb6f;wiki:eldenpedia:merchant-item:revision-50881	gameplay-guide:redmaw;gameplay-wiki:eldenpedia	lead_only	unknown	redmaw-checklists:merchants.html#nomadic-south-caelid/m28-12;wiki.gg:https://eldenring.wiki.gg/wiki/Note%3A_Gravity's_Advantage?oldid=50881	Redmaw lists Note: Gravity's Advantage under merchant section nomadic-south-caelid; that context identifies current AP shop flag 69700.	The identity is narrowed by Redmaw's merchant anchor and AP's current flag, shop-row, and physical-merchant evidence (Caelid). It does not prove v1.17 behavior, access logic, stock predicates, or shop availability.
redmaw-merchant-nomadic-south-caelid-m28-2-check-7770433	check	7770433	identity_region	"{""ap_flag"":180260,""item_name"":""Stonesword Key"",""merchant_anchor"":""nomadic-south-caelid"",""region"":""Caelid"",""shop_row_ids"":[100826],""wiki_url"":""https://eldenring.wiki.gg/wiki/Stonesword_Key""}"	wiki:redmaw:checklists:7281cb6f;wiki:eldenpedia:merchant-item:revision-100701	gameplay-guide:redmaw;gameplay-wiki:eldenpedia	lead_only	unknown	redmaw-checklists:merchants.html#nomadic-south-caelid/m28-2;wiki.gg:https://eldenring.wiki.gg/wiki/Stonesword_Key?oldid=100701	Redmaw lists Stonesword Key under merchant section nomadic-south-caelid; that context identifies current AP shop flag 180260.	The identity is narrowed by Redmaw's merchant anchor and AP's current flag, shop-row, and physical-merchant evidence (Caelid). It does not prove v1.17 behavior, access logic, stock predicates, or shop availability.
redmaw-merchant-nomadic-south-caelid-m28-3-check-7770127	check	7770127	identity_region	"{""ap_flag"":67900,""item_name"":""Nomadic Warrior's Cookbook [15]"",""merchant_anchor"":""nomadic-south-caelid"",""region"":""Caelid"",""shop_row_ids"":[100825],""wiki_url"":""https://eldenring.wiki.gg/wiki/Nomadic_Warrior%27s_Cookbook_15""}"	wiki:redmaw:checklists:7281cb6f;wiki:eldenpedia:merchant-item:revision-84880	gameplay-guide:redmaw;gameplay-wiki:eldenpedia	lead_only	unknown	redmaw-checklists:merchants.html#nomadic-south-caelid/m28-3;wiki.gg:https://eldenring.wiki.gg/wiki/Nomadic_Warrior's_Cookbook_15?oldid=84880	Redmaw lists Nomadic Warrior's Cookbook [15] under merchant section nomadic-south-caelid; that context identifies current AP shop flag 67900.	The identity is narrowed by Redmaw's merchant anchor and AP's current flag, shop-row, and physical-merchant evidence (Caelid). It does not prove v1.17 behavior, access logic, stock predicates, or shop availability.
redmaw-merchant-nomadic-south-caelid-m28-7-check-7770434	check	7770434	identity_region	"{""ap_flag"":180410,""item_name"":""Champion Headband"",""merchant_anchor"":""nomadic-south-caelid"",""region"":""Caelid"",""shop_row_ids"":[100841],""wiki_url"":""https://eldenring.wiki.gg/wiki/Champion_Headband""}"	wiki:redmaw:checklists:7281cb6f;wiki:eldenpedia:merchant-item:revision-65943	gameplay-guide:redmaw;gameplay-wiki:eldenpedia	lead_only	unknown	redmaw-checklists:merchants.html#nomadic-south-caelid/m28-7;wiki.gg:https://eldenring.wiki.gg/wiki/Champion_Headband?oldid=65943	Redmaw lists Champion Headband under merchant section nomadic-south-caelid; that context identifies current AP shop flag 180410.	The identity is narrowed by Redmaw's merchant anchor and AP's current flag, shop-row, and physical-merchant evidence (Caelid). It does not prove v1.17 behavior, access logic, stock predicates, or shop availability.
redmaw-merchant-nomadic-south-caelid-m28-8-check-7770438	check	7770438	identity_region	"{""ap_flag"":180450,""item_name"":""Greathelm"",""merchant_anchor"":""nomadic-south-caelid"",""region"":""Caelid"",""shop_row_ids"":[100845],""wiki_url"":""https://eldenring.wiki.gg/wiki/Greathelm""}"	wiki:redmaw:checklists:7281cb6f;wiki:eldenpedia:merchant-item:revision-38067	gameplay-guide:redmaw;gameplay-wiki:eldenpedia	lead_only	unknown	redmaw-checklists:merchants.html#nomadic-south-caelid/m28-8;wiki.gg:https://eldenring.wiki.gg/wiki/Greathelm?oldid=38067	Redmaw lists Greathelm under merchant section nomadic-south-caelid; that context identifies current AP shop flag 180450.	The identity is narrowed by Redmaw's merchant anchor and AP's current flag, shop-row, and physical-merchant evidence (Caelid). It does not prove v1.17 behavior, access logic, stock predicates, or shop availability.
redmaw-merchant-nomadic-south-caelid-m28-9-check-7770435	check	7770435	identity_region	"{""ap_flag"":180420,""item_name"":""Champion Pauldron"",""merchant_anchor"":""nomadic-south-caelid"",""region"":""Caelid"",""shop_row_ids"":[100842],""wiki_url"":""https://eldenring.wiki.gg/wiki/Champion_Pauldron""}"	wiki:redmaw:checklists:7281cb6f;wiki:eldenpedia:merchant-item:revision-75594	gameplay-guide:redmaw;gameplay-wiki:eldenpedia	lead_only	unknown	redmaw-checklists:merchants.html#nomadic-south-caelid/m28-9;wiki.gg:https://eldenring.wiki.gg/wiki/Champion_Pauldron?oldid=75594	Redmaw lists Champion Pauldron under merchant section nomadic-south-caelid; that context identifies current AP shop flag 180420.	The identity is narrowed by Redmaw's merchant anchor and AP's current flag, shop-row, and physical-merchant evidence (Caelid). It does not prove v1.17 behavior, access logic, stock predicates, or shop availability.
redmaw-merchant-nomadic-south-liurnia-m24-1-check-7770380	check	7770380	identity_region	"{""ap_flag"":160450,""item_name"":""Lantern"",""merchant_anchor"":""nomadic-south-liurnia"",""region"":""Liurnia"",""shop_row_ids"":[100632],""wiki_url"":""https://eldenring.wiki.gg/wiki/Lantern""}"	wiki:redmaw:checklists:7281cb6f;wiki:eldenpedia:merchant-item:revision-14815	gameplay-guide:redmaw;gameplay-wiki:eldenpedia	lead_only	unknown	redmaw-checklists:merchants.html#nomadic-south-liurnia/m24-1;wiki.gg:https://eldenring.wiki.gg/wiki/Lantern?oldid=14815	Redmaw lists Lantern under merchant section nomadic-south-liurnia; that context identifies current AP shop flag 160450.	The identity is narrowed by Redmaw's merchant anchor and AP's current flag, shop-row, and physical-merchant evidence (Liurnia). It does not prove v1.17 behavior, access logic, stock predicates, or shop availability.
redmaw-merchant-nomadic-south-liurnia-m24-10-check-7770376	check	7770376	identity_region	"{""ap_flag"":160410,""item_name"":""Astrologer Hood"",""merchant_anchor"":""nomadic-south-liurnia"",""region"":""Liurnia"",""shop_row_ids"":[100628],""wiki_url"":""https://eldenring.wiki.gg/wiki/Astrologer_Hood""}"	wiki:redmaw:checklists:7281cb6f;wiki:eldenpedia:merchant-item:revision-16836	gameplay-guide:redmaw;gameplay-wiki:eldenpedia	lead_only	unknown	redmaw-checklists:merchants.html#nomadic-south-liurnia/m24-10;wiki.gg:https://eldenring.wiki.gg/wiki/Astrologer_Hood?oldid=16836	Redmaw lists Astrologer Hood under merchant section nomadic-south-liurnia; that context identifies current AP shop flag 160410.	The identity is narrowed by Redmaw's merchant anchor and AP's current flag, shop-row, and physical-merchant evidence (Liurnia). It does not prove v1.17 behavior, access logic, stock predicates, or shop availability.
redmaw-merchant-nomadic-south-liurnia-m24-11-check-7770377	check	7770377	identity_region	"{""ap_flag"":160420,""item_name"":""Astrologer Robe"",""merchant_anchor"":""nomadic-south-liurnia"",""region"":""Liurnia"",""shop_row_ids"":[100629],""wiki_url"":""https://eldenring.wiki.gg/wiki/Astrologer_Robe""}"	wiki:redmaw:checklists:7281cb6f;wiki:eldenpedia:merchant-item:revision-32456	gameplay-guide:redmaw;gameplay-wiki:eldenpedia	lead_only	unknown	redmaw-checklists:merchants.html#nomadic-south-liurnia/m24-11;wiki.gg:https://eldenring.wiki.gg/wiki/Astrologer_Robe?oldid=32456	Redmaw lists Astrologer Robe under merchant section nomadic-south-liurnia; that context identifies current AP shop flag 160420.	The identity is narrowed by Redmaw's merchant anchor and AP's current flag, shop-row, and physical-merchant evidence (Liurnia). It does not prove v1.17 behavior, access logic, stock predicates, or shop availability.
redmaw-merchant-nomadic-south-liurnia-m24-12-check-7770378	check	7770378	identity_region	"{""ap_flag"":160430,""item_name"":""Astrologer Gloves"",""merchant_anchor"":""nomadic-south-liurnia"",""region"":""Liurnia"",""shop_row_ids"":[100630],""wiki_url"":""https://eldenring.wiki.gg/wiki/Astrologer_Gloves""}"	wiki:redmaw:checklists:7281cb6f;wiki:eldenpedia:merchant-item:revision-46037	gameplay-guide:redmaw;gameplay-wiki:eldenpedia	lead_only	unknown	redmaw-checklists:merchants.html#nomadic-south-liurnia/m24-12;wiki.gg:https://eldenring.wiki.gg/wiki/Astrologer_Gloves?oldid=46037	Redmaw lists Astrologer Gloves under merchant section nomadic-south-liurnia; that context identifies current AP shop flag 160430.	The identity is narrowed by Redmaw's merchant anchor and AP's current flag, shop-row, and physical-merchant evidence (Liurnia). It does not prove v1.17 behavior, access logic, stock predicates, or shop availability.
redmaw-merchant-nomadic-south-liurnia-m24-13-check-7770379	check	7770379	identity_region	"{""ap_flag"":160440,""item_name"":""Astrologer Trousers"",""merchant_anchor"":""nomadic-south-liurnia"",""region"":""Liurnia"",""shop_row_ids"":[100631],""wiki_url"":""https://eldenring.wiki.gg/wiki/Astrologer_Trousers""}"	wiki:redmaw:checklists:7281cb6f;wiki:eldenpedia:merchant-item:revision-39931	gameplay-guide:redmaw;gameplay-wiki:eldenpedia	lead_only	unknown	redmaw-checklists:merchants.html#nomadic-south-liurnia/m24-13;wiki.gg:https://eldenring.wiki.gg/wiki/Astrologer_Trousers?oldid=39931	Redmaw lists Astrologer Trousers under merchant section nomadic-south-liurnia; that context identifies current AP shop flag 160440.	The identity is narrowed by Redmaw's merchant anchor and AP's current flag, shop-row, and physical-merchant evidence (Liurnia). It does not prove v1.17 behavior, access logic, stock predicates, or shop availability.
redmaw-merchant-nomadic-south-liurnia-m24-2-check-7770382	check	7770382	identity_region	"{""ap_flag"":160490,""item_name"":""Smithing Stone [1]"",""merchant_anchor"":""nomadic-south-liurnia"",""region"":""Liurnia"",""shop_row_ids"":[100636],""wiki_url"":""https://eldenring.wiki.gg/wiki/Smithing_Stone_1""}"	wiki:redmaw:checklists:7281cb6f;wiki:eldenpedia:merchant-item:revision-100372	gameplay-guide:redmaw;gameplay-wiki:eldenpedia	lead_only	unknown	redmaw-checklists:merchants.html#nomadic-south-liurnia/m24-2;wiki.gg:https://eldenring.wiki.gg/wiki/Smithing_Stone_1?oldid=100372	Redmaw lists Smithing Stone [1] under merchant section nomadic-south-liurnia; that context identifies current AP shop flag 160490.	The identity is narrowed by Redmaw's merchant anchor and AP's current flag, shop-row, and physical-merchant evidence (Liurnia). It does not prove v1.17 behavior, access logic, stock predicates, or shop availability.
redmaw-merchant-nomadic-south-liurnia-m24-3-check-7770483	check	7770483	identity_region	"{""ap_flag"":200250,""item_name"":""Smithing Stone [2]"",""merchant_anchor"":""nomadic-south-liurnia"",""region"":""Liurnia"",""shop_row_ids"":[100637],""wiki_url"":""https://eldenring.wiki.gg/wiki/Smithing_Stone_2""}"	wiki:redmaw:checklists:7281cb6f;wiki:eldenpedia:merchant-item:revision-100390	gameplay-guide:redmaw;gameplay-wiki:eldenpedia	lead_only	unknown	redmaw-checklists:merchants.html#nomadic-south-liurnia/m24-3;wiki.gg:https://eldenring.wiki.gg/wiki/Smithing_Stone_2?oldid=100390	Redmaw lists Smithing Stone [2] under merchant section nomadic-south-liurnia; that context identifies current AP shop flag 200250.	The identity is narrowed by Redmaw's merchant anchor and AP's current flag, shop-row, and physical-merchant evidence (Liurnia). It does not prove v1.17 behavior, access logic, stock predicates, or shop availability.
redmaw-merchant-nomadic-south-liurnia-m24-4-check-7770096	check	7770096	identity_region	"{""ap_flag"":67220,""item_name"":""Nomadic Warrior's Cookbook [11]"",""merchant_anchor"":""nomadic-south-liurnia"",""region"":""Liurnia"",""shop_row_ids"":[100625],""wiki_url"":""https://eldenring.wiki.gg/wiki/Nomadic_Warrior%27s_Cookbook_11""}"	wiki:redmaw:checklists:7281cb6f;wiki:eldenpedia:merchant-item:revision-100723	gameplay-guide:redmaw;gameplay-wiki:eldenpedia	lead_only	unknown	redmaw-checklists:merchants.html#nomadic-south-liurnia/m24-4;wiki.gg:https://eldenring.wiki.gg/wiki/Nomadic_Warrior's_Cookbook_11?oldid=100723	Redmaw lists Nomadic Warrior's Cookbook [11] under merchant section nomadic-south-liurnia; that context identifies current AP shop flag 67220.	The identity is narrowed by Redmaw's merchant anchor and AP's current flag, shop-row, and physical-merchant evidence (Liurnia). It does not prove v1.17 behavior, access logic, stock predicates, or shop availability.
redmaw-merchant-nomadic-south-liurnia-m24-5-check-7774582	check	7774582	identity_region	"{""ap_flag"":160330,""item_name"":""Estoc"",""merchant_anchor"":""nomadic-south-liurnia"",""region"":""Liurnia"",""shop_row_ids"":[100626],""wiki_url"":""https://eldenring.wiki.gg/wiki/Estoc""}"	wiki:redmaw:checklists:7281cb6f;wiki:eldenpedia:merchant-item:revision-94090	gameplay-guide:redmaw;gameplay-wiki:eldenpedia	lead_only	unknown	redmaw-checklists:merchants.html#nomadic-south-liurnia/m24-5;wiki.gg:https://eldenring.wiki.gg/wiki/Estoc?oldid=94090	Redmaw lists Estoc under merchant section nomadic-south-liurnia; that context identifies current AP shop flag 160330.	The identity is narrowed by Redmaw's merchant anchor and AP's current flag, shop-row, and physical-merchant evidence (Liurnia). It does not prove v1.17 behavior, access logic, stock predicates, or shop availability.
redmaw-merchant-nomadic-south-liurnia-m24-6-check-7770381	check	7770381	identity_region	"{""ap_flag"":160460,""item_name"":""Astrologer's Staff"",""merchant_anchor"":""nomadic-south-liurnia"",""region"":""Liurnia"",""shop_row_ids"":[100633],""wiki_url"":""https://eldenring.wiki.gg/wiki/Astrologer%27s_Staff""}"	wiki:redmaw:checklists:7281cb6f;wiki:eldenpedia:merchant-item:revision-83079	gameplay-guide:redmaw;gameplay-wiki:eldenpedia	lead_only	unknown	redmaw-checklists:merchants.html#nomadic-south-liurnia/m24-6;wiki.gg:https://eldenring.wiki.gg/wiki/Astrologer's_Staff?oldid=83079	Redmaw lists Astrologer's Staff under merchant section nomadic-south-liurnia; that context identifies current AP shop flag 160460.	The identity is narrowed by Redmaw's merchant anchor and AP's current flag, shop-row, and physical-merchant evidence (Liurnia). It does not prove v1.17 behavior, access logic, stock predicates, or shop availability.
redmaw-merchant-nomadic-south-liurnia-m24-9-check-7770375	check	7770375	identity_region	"{""ap_flag"":160340,""item_name"":""Kite Shield"",""merchant_anchor"":""nomadic-south-liurnia"",""region"":""Liurnia"",""shop_row_ids"":[100627],""wiki_url"":""https://eldenring.wiki.gg/wiki/Kite_Shield""}"	wiki:redmaw:checklists:7281cb6f;wiki:eldenpedia:merchant-item:revision-97189	gameplay-guide:redmaw;gameplay-wiki:eldenpedia	lead_only	unknown	redmaw-checklists:merchants.html#nomadic-south-liurnia/m24-9;wiki.gg:https://eldenring.wiki.gg/wiki/Kite_Shield?oldid=97189	Redmaw lists Kite Shield under merchant section nomadic-south-liurnia; that context identifies current AP shop flag 160340.	The identity is narrowed by Redmaw's merchant anchor and AP's current flag, shop-row, and physical-merchant evidence (Liurnia). It does not prove v1.17 behavior, access logic, stock predicates, or shop availability.
redmaw-merchant-nomadic-weeping-peninsula-m22-11-check-7774581	check	7774581	identity_region	"{""ap_flag"":160240,""item_name"":""Ballista Bolt"",""merchant_anchor"":""nomadic-weeping-peninsula"",""region"":""Weeping"",""shop_row_ids"":[100612],""wiki_url"":""https://eldenring.wiki.gg/wiki/Ballista_Bolt""}"	wiki:redmaw:checklists:7281cb6f;wiki:eldenpedia:merchant-item:revision-84958	gameplay-guide:redmaw;gameplay-wiki:eldenpedia	lead_only	unknown	redmaw-checklists:merchants.html#nomadic-weeping-peninsula/m22-11;wiki.gg:https://eldenring.wiki.gg/wiki/Ballista_Bolt?oldid=84958	Redmaw lists Ballista Bolt under merchant section nomadic-weeping-peninsula; that context identifies current AP shop flag 160240.	The identity is narrowed by Redmaw's merchant anchor and AP's current flag, shop-row, and physical-merchant evidence (Weeping). It does not prove v1.17 behavior, access logic, stock predicates, or shop availability.
redmaw-merchant-nomadic-weeping-peninsula-m22-12-check-7770370	check	7770370	identity_region	"{""ap_flag"":160130,""item_name"":""Red Thorn Roundshield"",""merchant_anchor"":""nomadic-weeping-peninsula"",""region"":""Weeping"",""shop_row_ids"":[100602],""wiki_url"":""https://eldenring.wiki.gg/wiki/Red_Thorn_Roundshield""}"	wiki:redmaw:checklists:7281cb6f;wiki:eldenpedia:merchant-item:revision-75720	gameplay-guide:redmaw;gameplay-wiki:eldenpedia	lead_only	unknown	redmaw-checklists:merchants.html#nomadic-weeping-peninsula/m22-12;wiki.gg:https://eldenring.wiki.gg/wiki/Red_Thorn_Roundshield?oldid=75720	Redmaw lists Red Thorn Roundshield under merchant section nomadic-weeping-peninsula; that context identifies current AP shop flag 160130.	The identity is narrowed by Redmaw's merchant anchor and AP's current flag, shop-row, and physical-merchant evidence (Weeping). It does not prove v1.17 behavior, access logic, stock predicates, or shop availability.
redmaw-merchant-nomadic-weeping-peninsula-m22-13-check-7770371	check	7770371	identity_region	"{""ap_flag"":160140,""item_name"":""Round Shield"",""merchant_anchor"":""nomadic-weeping-peninsula"",""region"":""Weeping"",""shop_row_ids"":[100603],""wiki_url"":""https://eldenring.wiki.gg/wiki/Round_Shield""}"	wiki:redmaw:checklists:7281cb6f;wiki:eldenpedia:merchant-item:revision-75729	gameplay-guide:redmaw;gameplay-wiki:eldenpedia	lead_only	unknown	redmaw-checklists:merchants.html#nomadic-weeping-peninsula/m22-13;wiki.gg:https://eldenring.wiki.gg/wiki/Round_Shield?oldid=75729	Redmaw lists Round Shield under merchant section nomadic-weeping-peninsula; that context identifies current AP shop flag 160140.	The identity is narrowed by Redmaw's merchant anchor and AP's current flag, shop-row, and physical-merchant evidence (Weeping). It does not prove v1.17 behavior, access logic, stock predicates, or shop availability.
redmaw-merchant-nomadic-weeping-peninsula-m22-14-check-7770439	check	7770439	identity_region	"{""ap_flag"":180500,""item_name"":""Iron Helmet"",""merchant_anchor"":""nomadic-weeping-peninsula"",""region"":""Weeping"",""shop_row_ids"":[100613],""wiki_url"":""https://eldenring.wiki.gg/wiki/Iron_Helmet""}"	wiki:redmaw:checklists:7281cb6f;wiki:eldenpedia:merchant-item:revision-2024	gameplay-guide:redmaw;gameplay-wiki:eldenpedia	lead_only	unknown	redmaw-checklists:merchants.html#nomadic-weeping-peninsula/m22-14;wiki.gg:https://eldenring.wiki.gg/wiki/Iron_Helmet?oldid=2024	Redmaw lists Iron Helmet under merchant section nomadic-weeping-peninsula; that context identifies current AP shop flag 180500.	The identity is narrowed by Redmaw's merchant anchor and AP's current flag, shop-row, and physical-merchant evidence (Weeping). It does not prove v1.17 behavior, access logic, stock predicates, or shop availability.
redmaw-merchant-nomadic-weeping-peninsula-m22-15-check-7770440	check	7770440	identity_region	"{""ap_flag"":180510,""item_name"":""Scale Armor"",""merchant_anchor"":""nomadic-weeping-peninsula"",""region"":""Weeping"",""shop_row_ids"":[100614],""wiki_url"":""https://eldenring.wiki.gg/wiki/Scale_Armor""}"	wiki:redmaw:checklists:7281cb6f;wiki:eldenpedia:merchant-item:revision-25749	gameplay-guide:redmaw;gameplay-wiki:eldenpedia	lead_only	unknown	redmaw-checklists:merchants.html#nomadic-weeping-peninsula/m22-15;wiki.gg:https://eldenring.wiki.gg/wiki/Scale_Armor?oldid=25749	Redmaw lists Scale Armor under merchant section nomadic-weeping-peninsula; that context identifies current AP shop flag 180510.	The identity is narrowed by Redmaw's merchant anchor and AP's current flag, shop-row, and physical-merchant evidence (Weeping). It does not prove v1.17 behavior, access logic, stock predicates, or shop availability.
redmaw-merchant-nomadic-weeping-peninsula-m22-16-check-7770441	check	7770441	identity_region	"{""ap_flag"":180520,""item_name"":""Iron Gauntlets"",""merchant_anchor"":""nomadic-weeping-peninsula"",""region"":""Weeping"",""shop_row_ids"":[100615],""wiki_url"":""https://eldenring.wiki.gg/wiki/Iron_Gauntlets""}"	wiki:redmaw:checklists:7281cb6f;wiki:eldenpedia:merchant-item:revision-12598	gameplay-guide:redmaw;gameplay-wiki:eldenpedia	lead_only	unknown	redmaw-checklists:merchants.html#nomadic-weeping-peninsula/m22-16;wiki.gg:https://eldenring.wiki.gg/wiki/Iron_Gauntlets?oldid=12598	Redmaw lists Iron Gauntlets under merchant section nomadic-weeping-peninsula; that context identifies current AP shop flag 180520.	The identity is narrowed by Redmaw's merchant anchor and AP's current flag, shop-row, and physical-merchant evidence (Weeping). It does not prove v1.17 behavior, access logic, stock predicates, or shop availability.
redmaw-merchant-nomadic-weeping-peninsula-m22-17-check-7770442	check	7770442	identity_region	"{""ap_flag"":180530,""item_name"":""Leather Trousers"",""merchant_anchor"":""nomadic-weeping-peninsula"",""region"":""Weeping"",""shop_row_ids"":[100616],""wiki_url"":""https://eldenring.wiki.gg/wiki/Leather_Trousers""}"	wiki:redmaw:checklists:7281cb6f;wiki:eldenpedia:merchant-item:revision-38532	gameplay-guide:redmaw;gameplay-wiki:eldenpedia	lead_only	unknown	redmaw-checklists:merchants.html#nomadic-weeping-peninsula/m22-17;wiki.gg:https://eldenring.wiki.gg/wiki/Leather_Trousers?oldid=38532	Redmaw lists Leather Trousers under merchant section nomadic-weeping-peninsula; that context identifies current AP shop flag 180530.	The identity is narrowed by Redmaw's merchant anchor and AP's current flag, shop-row, and physical-merchant evidence (Weeping). It does not prove v1.17 behavior, access logic, stock predicates, or shop availability.
redmaw-merchant-nomadic-weeping-peninsula-m22-18-check-7770372	check	7770372	identity_region	"{""ap_flag"":160160,""item_name"":""Crimson Amber Medallion"",""merchant_anchor"":""nomadic-weeping-peninsula"",""region"":""Weeping"",""shop_row_ids"":[100604],""wiki_url"":""https://eldenring.wiki.gg/wiki/Crimson_Amber_Medallion""}"	wiki:redmaw:checklists:7281cb6f;wiki:eldenpedia:merchant-item:revision-84438	gameplay-guide:redmaw;gameplay-wiki:eldenpedia	lead_only	unknown	redmaw-checklists:merchants.html#nomadic-weeping-peninsula/m22-18;wiki.gg:https://eldenring.wiki.gg/wiki/Crimson_Amber_Medallion?oldid=84438	Redmaw lists Crimson Amber Medallion under merchant section nomadic-weeping-peninsula; that context identifies current AP shop flag 160160.	The identity is narrowed by Redmaw's merchant anchor and AP's current flag, shop-row, and physical-merchant evidence (Weeping). It does not prove v1.17 behavior, access logic, stock predicates, or shop availability.
redmaw-merchant-nomadic-weeping-peninsula-m22-19-check-7770184	check	7770184	identity_region	"{""ap_flag"":69680,""item_name"":""Note: Demi-human Mobs"",""merchant_anchor"":""nomadic-weeping-peninsula"",""region"":""Weeping"",""shop_row_ids"":[100605],""wiki_url"":""https://eldenring.wiki.gg/wiki/Note:_Demi-human_Mobs""}"	wiki:redmaw:checklists:7281cb6f;wiki:eldenpedia:merchant-item:revision-7813	gameplay-guide:redmaw;gameplay-wiki:eldenpedia	lead_only	unknown	redmaw-checklists:merchants.html#nomadic-weeping-peninsula/m22-19;wiki.gg:https://eldenring.wiki.gg/wiki/Note%3A_Demi-human_Mobs?oldid=7813	Redmaw lists Note: Demi-human Mobs under merchant section nomadic-weeping-peninsula; that context identifies current AP shop flag 69680.	The identity is narrowed by Redmaw's merchant anchor and AP's current flag, shop-row, and physical-merchant evidence (Weeping). It does not prove v1.17 behavior, access logic, stock predicates, or shop availability.
redmaw-merchant-nomadic-weeping-peninsula-m22-2-check-7770443	check	7770443	identity_region	"{""ap_flag"":180540,""item_name"":""Smithing Stone [1]"",""merchant_anchor"":""nomadic-weeping-peninsula"",""region"":""Weeping"",""shop_row_ids"":[100617],""wiki_url"":""https://eldenring.wiki.gg/wiki/Smithing_Stone_1""}"	wiki:redmaw:checklists:7281cb6f;wiki:eldenpedia:merchant-item:revision-100372	gameplay-guide:redmaw;gameplay-wiki:eldenpedia	lead_only	unknown	redmaw-checklists:merchants.html#nomadic-weeping-peninsula/m22-2;wiki.gg:https://eldenring.wiki.gg/wiki/Smithing_Stone_1?oldid=100372	Redmaw lists Smithing Stone [1] under merchant section nomadic-weeping-peninsula; that context identifies current AP shop flag 180540.	The identity is narrowed by Redmaw's merchant anchor and AP's current flag, shop-row, and physical-merchant evidence (Weeping). It does not prove v1.17 behavior, access logic, stock predicates, or shop availability.
redmaw-merchant-nomadic-weeping-peninsula-m22-3-check-7770444	check	7770444	identity_region	"{""ap_flag"":180550,""item_name"":""Smithing Stone [2]"",""merchant_anchor"":""nomadic-weeping-peninsula"",""region"":""Weeping"",""shop_row_ids"":[100618],""wiki_url"":""https://eldenring.wiki.gg/wiki/Smithing_Stone_2""}"	wiki:redmaw:checklists:7281cb6f;wiki:eldenpedia:merchant-item:revision-100390	gameplay-guide:redmaw;gameplay-wiki:eldenpedia	lead_only	unknown	redmaw-checklists:merchants.html#nomadic-weeping-peninsula/m22-3;wiki.gg:https://eldenring.wiki.gg/wiki/Smithing_Stone_2?oldid=100390	Redmaw lists Smithing Stone [2] under merchant section nomadic-weeping-peninsula; that context identifies current AP shop flag 180550.	The identity is narrowed by Redmaw's merchant anchor and AP's current flag, shop-row, and physical-merchant evidence (Weeping). It does not prove v1.17 behavior, access logic, stock predicates, or shop availability.
redmaw-merchant-nomadic-weeping-peninsula-m22-4-check-7770050	check	7770050	identity_region	"{""ap_flag"":66070,""item_name"":""Cracked Pot"",""merchant_anchor"":""nomadic-weeping-peninsula"",""region"":""Weeping"",""shop_row_ids"":[100606],""wiki_url"":""https://eldenring.wiki.gg/wiki/Cracked_Pot""}"	wiki:redmaw:checklists:7281cb6f;wiki:eldenpedia:merchant-item:revision-100681	gameplay-guide:redmaw;gameplay-wiki:eldenpedia	lead_only	unknown	redmaw-checklists:merchants.html#nomadic-weeping-peninsula/m22-4;wiki.gg:https://eldenring.wiki.gg/wiki/Cracked_Pot?oldid=100681	Redmaw lists Cracked Pot under merchant section nomadic-weeping-peninsula; that context identifies current AP shop flag 66070.	The identity is narrowed by Redmaw's merchant anchor and AP's current flag, shop-row, and physical-merchant evidence (Weeping). It does not prove v1.17 behavior, access logic, stock predicates, or shop availability.
redmaw-merchant-nomadic-weeping-peninsula-m22-5-check-7770369	check	7770369	identity_region	"{""ap_flag"":160000,""item_name"":""Stonesword Key"",""merchant_anchor"":""nomadic-weeping-peninsula"",""region"":""Weeping"",""shop_row_ids"":[100600],""wiki_url"":""https://eldenring.wiki.gg/wiki/Stonesword_Key""}"	wiki:redmaw:checklists:7281cb6f;wiki:eldenpedia:merchant-item:revision-100701	gameplay-guide:redmaw;gameplay-wiki:eldenpedia	lead_only	unknown	redmaw-checklists:merchants.html#nomadic-weeping-peninsula/m22-5;wiki.gg:https://eldenring.wiki.gg/wiki/Stonesword_Key?oldid=100701	Redmaw lists Stonesword Key under merchant section nomadic-weeping-peninsula; that context identifies current AP shop flag 160000.	The identity is narrowed by Redmaw's merchant anchor and AP's current flag, shop-row, and physical-merchant evidence (Weeping). It does not prove v1.17 behavior, access logic, stock predicates, or shop availability.
redmaw-merchant-nomadic-weeping-peninsula-m22-6-check-7770373	check	7770373	identity_region	"{""ap_flag"":160190,""item_name"":""Bastard Sword"",""merchant_anchor"":""nomadic-weeping-peninsula"",""region"":""Weeping"",""shop_row_ids"":[100607],""wiki_url"":""https://eldenring.wiki.gg/wiki/Bastard_Sword""}"	wiki:redmaw:checklists:7281cb6f;wiki:eldenpedia:merchant-item:revision-84184	gameplay-guide:redmaw;gameplay-wiki:eldenpedia	lead_only	unknown	redmaw-checklists:merchants.html#nomadic-weeping-peninsula/m22-6;wiki.gg:https://eldenring.wiki.gg/wiki/Bastard_Sword?oldid=84184	Redmaw lists Bastard Sword under merchant section nomadic-weeping-peninsula; that context identifies current AP shop flag 160190.	The identity is narrowed by Redmaw's merchant anchor and AP's current flag, shop-row, and physical-merchant evidence (Weeping). It does not prove v1.17 behavior, access logic, stock predicates, or shop availability.
redmaw-merchant-nomadic-weeping-peninsula-m22-7-check-7770374	check	7770374	identity_region	"{""ap_flag"":160200,""item_name"":""Light Crossbow"",""merchant_anchor"":""nomadic-weeping-peninsula"",""region"":""Weeping"",""shop_row_ids"":[100608],""wiki_url"":""https://eldenring.wiki.gg/wiki/Light_Crossbow""}"	wiki:redmaw:checklists:7281cb6f;wiki:eldenpedia:merchant-item:revision-98882	gameplay-guide:redmaw;gameplay-wiki:eldenpedia	lead_only	unknown	redmaw-checklists:merchants.html#nomadic-weeping-peninsula/m22-7;wiki.gg:https://eldenring.wiki.gg/wiki/Light_Crossbow?oldid=98882	Redmaw lists Light Crossbow under merchant section nomadic-weeping-peninsula; that context identifies current AP shop flag 160200.	The identity is narrowed by Redmaw's merchant anchor and AP's current flag, shop-row, and physical-merchant evidence (Weeping). It does not prove v1.17 behavior, access logic, stock predicates, or shop availability.
redmaw-merchant-nomadic-weeping-peninsula-m22-9-check-7774580	check	7774580	identity_region	"{""ap_flag"":160230,""item_name"":""Great Arrow"",""merchant_anchor"":""nomadic-weeping-peninsula"",""region"":""Weeping"",""shop_row_ids"":[100611],""wiki_url"":""https://eldenring.wiki.gg/wiki/Great_Arrow""}"	wiki:redmaw:checklists:7281cb6f;wiki:eldenpedia:merchant-item:revision-25044	gameplay-guide:redmaw;gameplay-wiki:eldenpedia	lead_only	unknown	redmaw-checklists:merchants.html#nomadic-weeping-peninsula/m22-9;wiki.gg:https://eldenring.wiki.gg/wiki/Great_Arrow?oldid=25044	Redmaw lists Great Arrow under merchant section nomadic-weeping-peninsula; that context identifies current AP shop flag 160230.	The identity is narrowed by Redmaw's merchant anchor and AP's current flag, shop-row, and physical-merchant evidence (Weeping). It does not prove v1.17 behavior, access logic, stock predicates, or shop availability.
redmaw-merchant-nomadic-west-limgrave-m19-1-check-7770365	check	7770365	identity_region	"{""ap_flag"":150920,""item_name"":""Neutralizing Boluses"",""merchant_anchor"":""nomadic-west-limgrave"",""region"":""Limgrave"",""shop_row_ids"":[100592],""wiki_url"":""https://eldenring.wiki.gg/wiki/Neutralizing_Boluses""}"	wiki:redmaw:checklists:7281cb6f;wiki:eldenpedia:merchant-item:revision-98936	gameplay-guide:redmaw;gameplay-wiki:eldenpedia	lead_only	unknown	redmaw-checklists:merchants.html#nomadic-west-limgrave/m19-1;wiki.gg:https://eldenring.wiki.gg/wiki/Neutralizing_Boluses?oldid=98936	Redmaw lists Neutralizing Boluses under merchant section nomadic-west-limgrave; that context identifies current AP shop flag 150920.	The identity is narrowed by Redmaw's merchant anchor and AP's current flag, shop-row, and physical-merchant evidence (Limgrave). It does not prove v1.17 behavior, access logic, stock predicates, or shop availability.
redmaw-merchant-nomadic-west-limgrave-m19-11-check-7770363	check	7770363	identity_region	"{""ap_flag"":150880,""item_name"":""Iron Roundshield"",""merchant_anchor"":""nomadic-west-limgrave"",""region"":""Limgrave"",""shop_row_ids"":[100588],""wiki_url"":""https://eldenring.wiki.gg/wiki/Iron_Roundshield""}"	wiki:redmaw:checklists:7281cb6f;wiki:eldenpedia:merchant-item:revision-99711	gameplay-guide:redmaw;gameplay-wiki:eldenpedia	lead_only	unknown	redmaw-checklists:merchants.html#nomadic-west-limgrave/m19-11;wiki.gg:https://eldenring.wiki.gg/wiki/Iron_Roundshield?oldid=99711	Redmaw lists Iron Roundshield under merchant section nomadic-west-limgrave; that context identifies current AP shop flag 150880.	The identity is narrowed by Redmaw's merchant anchor and AP's current flag, shop-row, and physical-merchant evidence (Limgrave). It does not prove v1.17 behavior, access logic, stock predicates, or shop availability.
redmaw-merchant-nomadic-west-limgrave-m19-12-check-7770185	check	7770185	identity_region	"{""ap_flag"":69690,""item_name"":""Note: Land Squirts"",""merchant_anchor"":""nomadic-west-limgrave"",""region"":""Limgrave"",""shop_row_ids"":[100585],""wiki_url"":""https://eldenring.wiki.gg/wiki/Note:_Land_Squirts""}"	wiki:redmaw:checklists:7281cb6f;wiki:eldenpedia:merchant-item:revision-49208	gameplay-guide:redmaw;gameplay-wiki:eldenpedia	lead_only	unknown	redmaw-checklists:merchants.html#nomadic-west-limgrave/m19-12;wiki.gg:https://eldenring.wiki.gg/wiki/Note%3A_Land_Squirts?oldid=49208	Redmaw lists Note: Land Squirts under merchant section nomadic-west-limgrave; that context identifies current AP shop flag 69690.	The identity is narrowed by Redmaw's merchant anchor and AP's current flag, shop-row, and physical-merchant evidence (Limgrave). It does not prove v1.17 behavior, access logic, stock predicates, or shop availability.
redmaw-merchant-nomadic-west-limgrave-m19-13-check-7770180	check	7770180	identity_region	"{""ap_flag"":69630,""item_name"":""Note: Stonedigger Trolls"",""merchant_anchor"":""nomadic-west-limgrave"",""region"":""Limgrave"",""shop_row_ids"":[100576],""wiki_url"":""https://eldenring.wiki.gg/wiki/Note:_Stonedigger_Trolls""}"	wiki:redmaw:checklists:7281cb6f;wiki:eldenpedia:merchant-item:revision-50426	gameplay-guide:redmaw;gameplay-wiki:eldenpedia	lead_only	unknown	redmaw-checklists:merchants.html#nomadic-west-limgrave/m19-13;wiki.gg:https://eldenring.wiki.gg/wiki/Note%3A_Stonedigger_Trolls?oldid=50426	Redmaw lists Note: Stonedigger Trolls under merchant section nomadic-west-limgrave; that context identifies current AP shop flag 69630.	The identity is narrowed by Redmaw's merchant anchor and AP's current flag, shop-row, and physical-merchant evidence (Limgrave). It does not prove v1.17 behavior, access logic, stock predicates, or shop availability.
redmaw-merchant-nomadic-west-limgrave-m19-2-check-7770366	check	7770366	identity_region	"{""ap_flag"":150930,""item_name"":""Stanching Boluses"",""merchant_anchor"":""nomadic-west-limgrave"",""region"":""Limgrave"",""shop_row_ids"":[100593],""wiki_url"":""https://eldenring.wiki.gg/wiki/Stanching_Boluses""}"	wiki:redmaw:checklists:7281cb6f;wiki:eldenpedia:merchant-item:revision-84448	gameplay-guide:redmaw;gameplay-wiki:eldenpedia	lead_only	unknown	redmaw-checklists:merchants.html#nomadic-west-limgrave/m19-2;wiki.gg:https://eldenring.wiki.gg/wiki/Stanching_Boluses?oldid=84448	Redmaw lists Stanching Boluses under merchant section nomadic-west-limgrave; that context identifies current AP shop flag 150930.	The identity is narrowed by Redmaw's merchant anchor and AP's current flag, shop-row, and physical-merchant evidence (Limgrave). It does not prove v1.17 behavior, access logic, stock predicates, or shop availability.
redmaw-merchant-nomadic-west-limgrave-m19-3-check-7770367	check	7770367	identity_region	"{""ap_flag"":150940,""item_name"":""Stimulating Boluses"",""merchant_anchor"":""nomadic-west-limgrave"",""region"":""Limgrave"",""shop_row_ids"":[100594],""wiki_url"":""https://eldenring.wiki.gg/wiki/Stimulating_Boluses""}"	wiki:redmaw:checklists:7281cb6f;wiki:eldenpedia:merchant-item:revision-84883	gameplay-guide:redmaw;gameplay-wiki:eldenpedia	lead_only	unknown	redmaw-checklists:merchants.html#nomadic-west-limgrave/m19-3;wiki.gg:https://eldenring.wiki.gg/wiki/Stimulating_Boluses?oldid=84883	Redmaw lists Stimulating Boluses under merchant section nomadic-west-limgrave; that context identifies current AP shop flag 150940.	The identity is narrowed by Redmaw's merchant anchor and AP's current flag, shop-row, and physical-merchant evidence (Limgrave). It does not prove v1.17 behavior, access logic, stock predicates, or shop availability.
redmaw-merchant-nomadic-west-limgrave-m19-5-check-7770095	check	7770095	identity_region	"{""ap_flag"":67210,""item_name"":""Armorer's Cookbook [2]"",""merchant_anchor"":""nomadic-west-limgrave"",""region"":""Limgrave"",""shop_row_ids"":[100575],""wiki_url"":""https://eldenring.wiki.gg/wiki/Armorer%27s_Cookbook_2""}"	wiki:redmaw:checklists:7281cb6f;wiki:eldenpedia:merchant-item:revision-98935	gameplay-guide:redmaw;gameplay-wiki:eldenpedia	lead_only	unknown	redmaw-checklists:merchants.html#nomadic-west-limgrave/m19-5;wiki.gg:https://eldenring.wiki.gg/wiki/Armorer's_Cookbook_2?oldid=98935	Redmaw lists Armorer's Cookbook [2] under merchant section nomadic-west-limgrave; that context identifies current AP shop flag 67210.	The identity is narrowed by Redmaw's merchant anchor and AP's current flag, shop-row, and physical-merchant evidence (Limgrave). It does not prove v1.17 behavior, access logic, stock predicates, or shop availability.
redmaw-merchant-nomadic-west-limgrave-m19-6-check-7770362	check	7770362	identity_region	"{""ap_flag"":150870,""item_name"":""Broadsword"",""merchant_anchor"":""nomadic-west-limgrave"",""region"":""Limgrave"",""shop_row_ids"":[100587],""wiki_url"":""https://eldenring.wiki.gg/wiki/Broadsword""}"	wiki:redmaw:checklists:7281cb6f;wiki:eldenpedia:merchant-item:revision-87210	gameplay-guide:redmaw;gameplay-wiki:eldenpedia	lead_only	unknown	redmaw-checklists:merchants.html#nomadic-west-limgrave/m19-6;wiki.gg:https://eldenring.wiki.gg/wiki/Broadsword?oldid=87210	Redmaw lists Broadsword under merchant section nomadic-west-limgrave; that context identifies current AP shop flag 150870.	The identity is narrowed by Redmaw's merchant anchor and AP's current flag, shop-row, and physical-merchant evidence (Limgrave). It does not prove v1.17 behavior, access logic, stock predicates, or shop availability.
redmaw-merchant-nomadic-west-limgrave-m19-7-check-7770361	check	7770361	identity_region	"{""ap_flag"":150860,""item_name"":""Club"",""merchant_anchor"":""nomadic-west-limgrave"",""region"":""Limgrave"",""shop_row_ids"":[100586],""wiki_url"":""https://eldenring.wiki.gg/wiki/Club""}"	wiki:redmaw:checklists:7281cb6f;wiki:eldenpedia:merchant-item:revision-100233	gameplay-guide:redmaw;gameplay-wiki:eldenpedia	lead_only	unknown	redmaw-checklists:merchants.html#nomadic-west-limgrave/m19-7;wiki.gg:https://eldenring.wiki.gg/wiki/Club?oldid=100233	Redmaw lists Club under merchant section nomadic-west-limgrave; that context identifies current AP shop flag 150860.	The identity is narrowed by Redmaw's merchant anchor and AP's current flag, shop-row, and physical-merchant evidence (Limgrave). It does not prove v1.17 behavior, access logic, stock predicates, or shop availability.
redmaw-merchant-nomadic-west-limgrave-m19-8-check-7770364	check	7770364	identity_region	"{""ap_flag"":150890,""item_name"":""Shortbow"",""merchant_anchor"":""nomadic-west-limgrave"",""region"":""Limgrave"",""shop_row_ids"":[100589],""wiki_url"":""https://eldenring.wiki.gg/wiki/Shortbow""}"	wiki:redmaw:checklists:7281cb6f;wiki:eldenpedia:merchant-item:revision-99140	gameplay-guide:redmaw;gameplay-wiki:eldenpedia	lead_only	unknown	redmaw-checklists:merchants.html#nomadic-west-limgrave/m19-8;wiki.gg:https://eldenring.wiki.gg/wiki/Shortbow?oldid=99140	Redmaw lists Shortbow under merchant section nomadic-west-limgrave; that context identifies current AP shop flag 150890.	The identity is narrowed by Redmaw's merchant anchor and AP's current flag, shop-row, and physical-merchant evidence (Limgrave). It does not prove v1.17 behavior, access logic, stock predicates, or shop availability.
redmaw-merchant-patches-m3-1-check-7770238	check	7770238	identity	"{""ap_flag"":110050,""item_name"":""Gold-Pickled Fowl Foot"",""merchant_anchor"":""patches"",""shop_row_ids"":[100105],""wiki_url"":""https://eldenring.wiki.gg/wiki/Gold-Pickled_Fowl_Foot""}"	wiki:redmaw:checklists:7281cb6f;wiki:eldenpedia:merchant-item:revision-99002	gameplay-guide:redmaw;gameplay-wiki:eldenpedia	lead_only	unknown	redmaw-checklists:merchants.html#patches/m3-1;wiki.gg:https://eldenring.wiki.gg/wiki/Gold-Pickled_Fowl_Foot?oldid=99002	Redmaw lists Gold-Pickled Fowl Foot under merchant section patches; that context identifies current AP shop flag 110050.	The identity is narrowed by Redmaw's merchant anchor and AP's current flag, shop-row, and physical-merchant evidence (Roundtable Hold). It does not prove v1.17 behavior, access logic, stock predicates, or shop availability.
redmaw-merchant-patches-m3-10-check-7770239	check	7770239	identity	"{""ap_flag"":110080,""item_name"":""Parrying Dagger"",""merchant_anchor"":""patches"",""shop_row_ids"":[100108],""wiki_url"":""https://eldenring.wiki.gg/wiki/Parrying_Dagger""}"	wiki:redmaw:checklists:7281cb6f;wiki:eldenpedia:merchant-item:revision-87196	gameplay-guide:redmaw;gameplay-wiki:eldenpedia	lead_only	unknown	redmaw-checklists:merchants.html#patches/m3-10;wiki.gg:https://eldenring.wiki.gg/wiki/Parrying_Dagger?oldid=87196	Redmaw lists Parrying Dagger under merchant section patches; that context identifies current AP shop flag 110080.	The identity is narrowed by Redmaw's merchant anchor and AP's current flag, shop-row, and physical-merchant evidence (Roundtable Hold). It does not prove v1.17 behavior, access logic, stock predicates, or shop availability.
redmaw-merchant-patches-m3-13-check-7770246	check	7770246	identity	"{""ap_flag"":110220,""item_name"":""Horse Crest Wooden Shield"",""merchant_anchor"":""patches"",""shop_row_ids"":[100122],""wiki_url"":""https://eldenring.wiki.gg/wiki/Horse_Crest_Wooden_Shield""}"	wiki:redmaw:checklists:7281cb6f;wiki:eldenpedia:merchant-item:revision-75716	gameplay-guide:redmaw;gameplay-wiki:eldenpedia	lead_only	unknown	redmaw-checklists:merchants.html#patches/m3-13;wiki.gg:https://eldenring.wiki.gg/wiki/Horse_Crest_Wooden_Shield?oldid=75716	Redmaw lists Horse Crest Wooden Shield under merchant section patches; that context identifies current AP shop flag 110220.	The identity is narrowed by Redmaw's merchant anchor and AP's current flag, shop-row, and physical-merchant evidence (Roundtable Hold). It does not prove v1.17 behavior, access logic, stock predicates, or shop availability.
redmaw-merchant-patches-m3-14-check-7770240	check	7770240	identity	"{""ap_flag"":110110,""item_name"":""Sacrificial Twig"",""merchant_anchor"":""patches"",""shop_row_ids"":[100111],""wiki_url"":""https://eldenring.wiki.gg/wiki/Sacrificial_Twig""}"	wiki:redmaw:checklists:7281cb6f;wiki:eldenpedia:merchant-item:revision-93171	gameplay-guide:redmaw;gameplay-wiki:eldenpedia	lead_only	unknown	redmaw-checklists:merchants.html#patches/m3-14;wiki.gg:https://eldenring.wiki.gg/wiki/Sacrificial_Twig?oldid=93171	Redmaw lists Sacrificial Twig under merchant section patches; that context identifies current AP shop flag 110110.	The identity is narrowed by Redmaw's merchant anchor and AP's current flag, shop-row, and physical-merchant evidence (Roundtable Hold). It does not prove v1.17 behavior, access logic, stock predicates, or shop availability.
redmaw-merchant-patches-m3-17-check-7770245	check	7770245	identity	"{""ap_flag"":110190,""item_name"":""Estoc"",""merchant_anchor"":""patches"",""shop_row_ids"":[100119],""wiki_url"":""https://eldenring.wiki.gg/wiki/Estoc""}"	wiki:redmaw:checklists:7281cb6f;wiki:eldenpedia:merchant-item:revision-94090	gameplay-guide:redmaw;gameplay-wiki:eldenpedia	lead_only	unknown	redmaw-checklists:merchants.html#patches/m3-17;wiki.gg:https://eldenring.wiki.gg/wiki/Estoc?oldid=94090	Redmaw lists Estoc under merchant section patches; that context identifies current AP shop flag 110190.	The identity is narrowed by Redmaw's merchant anchor and AP's current flag, shop-row, and physical-merchant evidence (Roundtable Hold). It does not prove v1.17 behavior, access logic, stock predicates, or shop availability.
redmaw-merchant-patches-m3-2-check-7770243	check	7770243	identity	"{""ap_flag"":110140,""item_name"":""Fan Daggers"",""merchant_anchor"":""patches"",""shop_row_ids"":[100114],""wiki_url"":""https://eldenring.wiki.gg/wiki/Fan_Daggers""}"	wiki:redmaw:checklists:7281cb6f;wiki:eldenpedia:merchant-item:revision-34635	gameplay-guide:redmaw;gameplay-wiki:eldenpedia	lead_only	unknown	redmaw-checklists:merchants.html#patches/m3-2;wiki.gg:https://eldenring.wiki.gg/wiki/Fan_Daggers?oldid=34635	Redmaw lists Fan Daggers under merchant section patches; that context identifies current AP shop flag 110140.	The identity is narrowed by Redmaw's merchant anchor and AP's current flag, shop-row, and physical-merchant evidence (Roundtable Hold). It does not prove v1.17 behavior, access logic, stock predicates, or shop availability.
redmaw-merchant-patches-m3-3-check-7770235	check	7770235	identity	"{""ap_flag"":110000,""item_name"":""Margit's Shackle"",""merchant_anchor"":""patches"",""shop_row_ids"":[100100],""wiki_url"":""https://eldenring.wiki.gg/wiki/Margit%27s_Shackle""}"	wiki:redmaw:checklists:7281cb6f;wiki:eldenpedia:merchant-item:revision-100057	gameplay-guide:redmaw;gameplay-wiki:eldenpedia	lead_only	unknown	redmaw-checklists:merchants.html#patches/m3-3;wiki.gg:https://eldenring.wiki.gg/wiki/Margit's_Shackle?oldid=100057	Redmaw lists Margit's Shackle under merchant section patches; that context identifies current AP shop flag 110000.	The identity is narrowed by Redmaw's merchant anchor and AP's current flag, shop-row, and physical-merchant evidence (Roundtable Hold). It does not prove v1.17 behavior, access logic, stock predicates, or shop availability.
redmaw-merchant-patches-m3-4-check-7770242	check	7770242	identity	"{""ap_flag"":110130,""item_name"":""Grace Mimic"",""merchant_anchor"":""patches"",""shop_row_ids"":[100113],""wiki_url"":""https://eldenring.wiki.gg/wiki/Grace_Mimic""}"	wiki:redmaw:checklists:7281cb6f;wiki:eldenpedia:merchant-item:revision-99004	gameplay-guide:redmaw;gameplay-wiki:eldenpedia	lead_only	unknown	redmaw-checklists:merchants.html#patches/m3-4;wiki.gg:https://eldenring.wiki.gg/wiki/Grace_Mimic?oldid=99004	Redmaw lists Grace Mimic under merchant section patches; that context identifies current AP shop flag 110130.	The identity is narrowed by Redmaw's merchant anchor and AP's current flag, shop-row, and physical-merchant evidence (Roundtable Hold). It does not prove v1.17 behavior, access logic, stock predicates, or shop availability.
redmaw-merchant-patches-m3-6-check-7770237	check	7770237	identity	"{""ap_flag"":110030,""item_name"":""Furlcalling Finger Remedy"",""merchant_anchor"":""patches"",""shop_row_ids"":[100103],""wiki_url"":""https://eldenring.wiki.gg/wiki/Furlcalling_Finger_Remedy""}"	wiki:redmaw:checklists:7281cb6f;wiki:eldenpedia:merchant-item:revision-95351	gameplay-guide:redmaw;gameplay-wiki:eldenpedia	lead_only	unknown	redmaw-checklists:merchants.html#patches/m3-6;wiki.gg:https://eldenring.wiki.gg/wiki/Furlcalling_Finger_Remedy?oldid=95351	Redmaw lists Furlcalling Finger Remedy under merchant section patches; that context identifies current AP shop flag 110030.	The identity is narrowed by Redmaw's merchant anchor and AP's current flag, shop-row, and physical-merchant evidence (Roundtable Hold). It does not prove v1.17 behavior, access logic, stock predicates, or shop availability.
redmaw-merchant-patches-m3-8-check-7770236	check	7770236	identity	"{""ap_flag"":110020,""item_name"":""Stonesword Key"",""merchant_anchor"":""patches"",""shop_row_ids"":[100102],""wiki_url"":""https://eldenring.wiki.gg/wiki/Stonesword_Key""}"	wiki:redmaw:checklists:7281cb6f;wiki:eldenpedia:merchant-item:revision-100701	gameplay-guide:redmaw;gameplay-wiki:eldenpedia	lead_only	unknown	redmaw-checklists:merchants.html#patches/m3-8;wiki.gg:https://eldenring.wiki.gg/wiki/Stonesword_Key?oldid=100701	Redmaw lists Stonesword Key under merchant section patches; that context identifies current AP shop flag 110020.	The identity is narrowed by Redmaw's merchant anchor and AP's current flag, shop-row, and physical-merchant evidence (Roundtable Hold). It does not prove v1.17 behavior, access logic, stock predicates, or shop availability.
redmaw-merchant-patches-m3-9-check-7770114	check	7770114	identity	"{""ap_flag"":67600,""item_name"":""Missionary's Cookbook [2]"",""merchant_anchor"":""patches"",""shop_row_ids"":[100101],""wiki_url"":""https://eldenring.wiki.gg/wiki/Missionary%27s_Cookbook_2""}"	wiki:redmaw:checklists:7281cb6f;wiki:eldenpedia:merchant-item:revision-98998	gameplay-guide:redmaw;gameplay-wiki:eldenpedia	lead_only	unknown	redmaw-checklists:merchants.html#patches/m3-9;wiki.gg:https://eldenring.wiki.gg/wiki/Missionary's_Cookbook_2?oldid=98998	Redmaw lists Missionary's Cookbook [2] under merchant section patches; that context identifies current AP shop flag 67600.	The identity is narrowed by Redmaw's merchant anchor and AP's current flag, shop-row, and physical-merchant evidence (Roundtable Hold). It does not prove v1.17 behavior, access logic, stock predicates, or shop availability.
redmaw-merchant-pidia-m15-1-check-7770281	check	7770281	identity_region	"{""ap_flag"":130370,""item_name"":""Budding Horn"",""merchant_anchor"":""pidia"",""region"":""Liurnia"",""shop_row_ids"":[100337],""wiki_url"":""https://eldenring.wiki.gg/wiki/Budding_Horn""}"	wiki:redmaw:checklists:7281cb6f;wiki:eldenpedia:merchant-item:revision-467	gameplay-guide:redmaw;gameplay-wiki:eldenpedia	lead_only	unknown	redmaw-checklists:merchants.html#pidia/m15-1;wiki.gg:https://eldenring.wiki.gg/wiki/Budding_Horn?oldid=467	Redmaw lists Budding Horn under merchant section pidia; that context identifies current AP shop flag 130370.	The identity is narrowed by Redmaw's merchant anchor and AP's current flag, shop-row, and physical-merchant evidence (Liurnia). It does not prove v1.17 behavior, access logic, stock predicates, or shop availability.
redmaw-merchant-pidia-m15-10-check-7770283	check	7770283	identity_region	"{""ap_flag"":130390,""item_name"":""Black Leather Shield"",""merchant_anchor"":""pidia"",""region"":""Liurnia"",""shop_row_ids"":[100339],""wiki_url"":""https://eldenring.wiki.gg/wiki/Black_Leather_Shield""}"	wiki:redmaw:checklists:7281cb6f;wiki:eldenpedia:merchant-item:revision-75743	gameplay-guide:redmaw;gameplay-wiki:eldenpedia	lead_only	unknown	redmaw-checklists:merchants.html#pidia/m15-10;wiki.gg:https://eldenring.wiki.gg/wiki/Black_Leather_Shield?oldid=75743	Redmaw lists Black Leather Shield under merchant section pidia; that context identifies current AP shop flag 130390.	The identity is narrowed by Redmaw's merchant anchor and AP's current flag, shop-row, and physical-merchant evidence (Liurnia). It does not prove v1.17 behavior, access logic, stock predicates, or shop availability.
redmaw-merchant-pidia-m15-11-check-7770194	check	7770194	identity_region	"{""ap_flag"":69900,""item_name"":""Weathered Map"",""merchant_anchor"":""pidia"",""region"":""Liurnia"",""shop_row_ids"":[100340],""wiki_url"":""https://eldenring.wiki.gg/wiki/Weathered_Map""}"	wiki:redmaw:checklists:7281cb6f;wiki:eldenpedia:merchant-item:revision-95308	gameplay-guide:redmaw;gameplay-wiki:eldenpedia	lead_only	unknown	redmaw-checklists:merchants.html#pidia/m15-11;wiki.gg:https://eldenring.wiki.gg/wiki/Weathered_Map?oldid=95308	Redmaw lists Weathered Map under merchant section pidia; that context identifies current AP shop flag 69900.	The identity is narrowed by Redmaw's merchant anchor and AP's current flag, shop-row, and physical-merchant evidence (Liurnia). It does not prove v1.17 behavior, access logic, stock predicates, or shop availability.
redmaw-merchant-pidia-m15-2-check-7770276	check	7770276	identity_region	"{""ap_flag"":130290,""item_name"":""Old Fang"",""merchant_anchor"":""pidia"",""region"":""Liurnia"",""shop_row_ids"":[100329],""wiki_url"":""https://eldenring.wiki.gg/wiki/Old_Fang""}"	wiki:redmaw:checklists:7281cb6f;wiki:eldenpedia:merchant-item:revision-44772	gameplay-guide:redmaw;gameplay-wiki:eldenpedia	lead_only	unknown	redmaw-checklists:merchants.html#pidia/m15-2;wiki.gg:https://eldenring.wiki.gg/wiki/Old_Fang?oldid=44772	Redmaw lists Old Fang under merchant section pidia; that context identifies current AP shop flag 130290.	The identity is narrowed by Redmaw's merchant anchor and AP's current flag, shop-row, and physical-merchant evidence (Liurnia). It does not prove v1.17 behavior, access logic, stock predicates, or shop availability.
redmaw-merchant-pidia-m15-3-check-7770277	check	7770277	identity_region	"{""ap_flag"":130300,""item_name"":""Slumbering Egg"",""merchant_anchor"":""pidia"",""region"":""Liurnia"",""shop_row_ids"":[100330],""wiki_url"":""https://eldenring.wiki.gg/wiki/Slumbering_Egg""}"	wiki:redmaw:checklists:7281cb6f;wiki:eldenpedia:merchant-item:revision-82248	gameplay-guide:redmaw;gameplay-wiki:eldenpedia	lead_only	unknown	redmaw-checklists:merchants.html#pidia/m15-3;wiki.gg:https://eldenring.wiki.gg/wiki/Slumbering_Egg?oldid=82248	Redmaw lists Slumbering Egg under merchant section pidia; that context identifies current AP shop flag 130300.	The identity is narrowed by Redmaw's merchant anchor and AP's current flag, shop-row, and physical-merchant evidence (Liurnia). It does not prove v1.17 behavior, access logic, stock predicates, or shop availability.
redmaw-merchant-pidia-m15-4-check-7770065	check	7770065	identity_region	"{""ap_flag"":66450,""item_name"":""Ritual Pot"",""merchant_anchor"":""pidia"",""region"":""Liurnia"",""shop_row_ids"":[100326],""wiki_url"":""https://eldenring.wiki.gg/wiki/Ritual_Pot""}"	wiki:redmaw:checklists:7281cb6f;wiki:eldenpedia:merchant-item:revision-66982	gameplay-guide:redmaw;gameplay-wiki:eldenpedia	lead_only	unknown	redmaw-checklists:merchants.html#pidia/m15-4;wiki.gg:https://eldenring.wiki.gg/wiki/Ritual_Pot?oldid=66982	Redmaw lists Ritual Pot under merchant section pidia; that context identifies current AP shop flag 66450.	The identity is narrowed by Redmaw's merchant anchor and AP's current flag, shop-row, and physical-merchant evidence (Liurnia). It does not prove v1.17 behavior, access logic, stock predicates, or shop availability.
redmaw-merchant-pidia-m15-5-check-7770279	check	7770279	identity_region	"{""ap_flag"":130350,""item_name"":""Celestial Dew"",""merchant_anchor"":""pidia"",""region"":""Liurnia"",""shop_row_ids"":[100335],""wiki_url"":""https://eldenring.wiki.gg/wiki/Celestial_Dew""}"	wiki:redmaw:checklists:7281cb6f;wiki:eldenpedia:merchant-item:revision-82596	gameplay-guide:redmaw;gameplay-wiki:eldenpedia	lead_only	unknown	redmaw-checklists:merchants.html#pidia/m15-5;wiki.gg:https://eldenring.wiki.gg/wiki/Celestial_Dew?oldid=82596	Redmaw lists Celestial Dew under merchant section pidia; that context identifies current AP shop flag 130350.	The identity is narrowed by Redmaw's merchant anchor and AP's current flag, shop-row, and physical-merchant evidence (Liurnia). It does not prove v1.17 behavior, access logic, stock predicates, or shop availability.
redmaw-merchant-pidia-m15-6-check-7770280	check	7770280	identity_region	"{""ap_flag"":130360,""item_name"":""Larval Tear"",""merchant_anchor"":""pidia"",""region"":""Liurnia"",""shop_row_ids"":[100336],""wiki_url"":""https://eldenring.wiki.gg/wiki/Larval_Tear""}"	wiki:redmaw:checklists:7281cb6f;wiki:eldenpedia:merchant-item:revision-99687	gameplay-guide:redmaw;gameplay-wiki:eldenpedia	lead_only	unknown	redmaw-checklists:merchants.html#pidia/m15-6;wiki.gg:https://eldenring.wiki.gg/wiki/Larval_Tear?oldid=99687	Redmaw lists Larval Tear under merchant section pidia; that context identifies current AP shop flag 130360.	The identity is narrowed by Redmaw's merchant anchor and AP's current flag, shop-row, and physical-merchant evidence (Liurnia). It does not prove v1.17 behavior, access logic, stock predicates, or shop availability.
redmaw-merchant-pidia-m15-7-check-7770112	check	7770112	identity_region	"{""ap_flag"":67470,""item_name"":""Glintstone Craftsman's Cookbook [7]"",""merchant_anchor"":""pidia"",""region"":""Liurnia"",""shop_row_ids"":[100325],""wiki_url"":""https://eldenring.wiki.gg/wiki/Glintstone_Craftsman%27s_Cookbook_7""}"	wiki:redmaw:checklists:7281cb6f;wiki:eldenpedia:merchant-item:revision-98987	gameplay-guide:redmaw;gameplay-wiki:eldenpedia	lead_only	unknown	redmaw-checklists:merchants.html#pidia/m15-7;wiki.gg:https://eldenring.wiki.gg/wiki/Glintstone_Craftsman's_Cookbook_7?oldid=98987	Redmaw lists Glintstone Craftsman's Cookbook [7] under merchant section pidia; that context identifies current AP shop flag 67470.	The identity is narrowed by Redmaw's merchant anchor and AP's current flag, shop-row, and physical-merchant evidence (Liurnia). It does not prove v1.17 behavior, access logic, stock predicates, or shop availability.
redmaw-merchant-pidia-m15-8-check-7770278	check	7770278	identity_region	"{""ap_flag"":130340,""item_name"":""Ash of War: Carian Retaliation"",""merchant_anchor"":""pidia"",""region"":""Liurnia"",""shop_row_ids"":[100334],""wiki_url"":""https://eldenring.wiki.gg/wiki/Ash_of_War:_Carian_Retaliation""}"	wiki:redmaw:checklists:7281cb6f;wiki:eldenpedia:merchant-item:revision-68931	gameplay-guide:redmaw;gameplay-wiki:eldenpedia	lead_only	unknown	redmaw-checklists:merchants.html#pidia/m15-8;wiki.gg:https://eldenring.wiki.gg/wiki/Ash_of_War%3A_Carian_Retaliation?oldid=68931	Redmaw lists Ash of War: Carian Retaliation under merchant section pidia; that context identifies current AP shop flag 130340.	The identity is narrowed by Redmaw's merchant anchor and AP's current flag, shop-row, and physical-merchant evidence (Liurnia). It does not prove v1.17 behavior, access logic, stock predicates, or shop availability.
redmaw-merchant-pidia-m15-9-check-7770282	check	7770282	identity_region	"{""ap_flag"":130380,""item_name"":""Ripple Blade"",""merchant_anchor"":""pidia"",""region"":""Liurnia"",""shop_row_ids"":[100338],""wiki_url"":""https://eldenring.wiki.gg/wiki/Ripple_Blade""}"	wiki:redmaw:checklists:7281cb6f;wiki:eldenpedia:merchant-item:revision-99571	gameplay-guide:redmaw;gameplay-wiki:eldenpedia	lead_only	unknown	redmaw-checklists:merchants.html#pidia/m15-9;wiki.gg:https://eldenring.wiki.gg/wiki/Ripple_Blade?oldid=99571	Redmaw lists Ripple Blade under merchant section pidia; that context identifies current AP shop flag 130380.	The identity is narrowed by Redmaw's merchant anchor and AP's current flag, shop-row, and physical-merchant evidence (Liurnia). It does not prove v1.17 behavior, access logic, stock predicates, or shop availability.
redmaw-merchant-rogier-m6-1-check-7770254	check	7770254	identity	"{""ap_flag"":120010,""item_name"":""Ash of War: Glintstone Pebble"",""merchant_anchor"":""rogier"",""shop_row_ids"":[100201],""wiki_url"":""https://eldenring.wiki.gg/wiki/Ash_of_War:_Glintstone_Pebble""}"	wiki:redmaw:checklists:7281cb6f;wiki:eldenpedia:merchant-item:revision-68430	gameplay-guide:redmaw;gameplay-wiki:eldenpedia	lead_only	unknown	redmaw-checklists:merchants.html#rogier/m6-1;wiki.gg:https://eldenring.wiki.gg/wiki/Ash_of_War%3A_Glintstone_Pebble?oldid=68430	Redmaw lists Ash of War: Glintstone Pebble under merchant section rogier; that context identifies current AP shop flag 120010.	The identity is narrowed by Redmaw's merchant anchor and AP's current flag, shop-row, and physical-merchant evidence (Stormveil). It does not prove v1.17 behavior, access logic, stock predicates, or shop availability.
redmaw-merchant-rogier-m6-2-check-7770255	check	7770255	identity	"{""ap_flag"":120020,""item_name"":""Ash of War: Carian Greatsword"",""merchant_anchor"":""rogier"",""shop_row_ids"":[100202],""wiki_url"":""https://eldenring.wiki.gg/wiki/Ash_of_War:_Carian_Greatsword""}"	wiki:redmaw:checklists:7281cb6f;wiki:eldenpedia:merchant-item:revision-68436	gameplay-guide:redmaw;gameplay-wiki:eldenpedia	lead_only	unknown	redmaw-checklists:merchants.html#rogier/m6-2;wiki.gg:https://eldenring.wiki.gg/wiki/Ash_of_War%3A_Carian_Greatsword?oldid=68436	Redmaw lists Ash of War: Carian Greatsword under merchant section rogier; that context identifies current AP shop flag 120020.	The identity is narrowed by Redmaw's merchant anchor and AP's current flag, shop-row, and physical-merchant evidence (Stormveil). It does not prove v1.17 behavior, access logic, stock predicates, or shop availability.
redmaw-merchant-rogier-m6-3-check-7770253	check	7770253	identity	"{""ap_flag"":120000,""item_name"":""Ash of War: Spinning Weapon"",""merchant_anchor"":""rogier"",""shop_row_ids"":[100200],""wiki_url"":""https://eldenring.wiki.gg/wiki/Ash_of_War:_Spinning_Weapon""}"	wiki:redmaw:checklists:7281cb6f;wiki:eldenpedia:merchant-item:revision-69941	gameplay-guide:redmaw;gameplay-wiki:eldenpedia	lead_only	unknown	redmaw-checklists:merchants.html#rogier/m6-3;wiki.gg:https://eldenring.wiki.gg/wiki/Ash_of_War%3A_Spinning_Weapon?oldid=69941	Redmaw lists Ash of War: Spinning Weapon under merchant section rogier; that context identifies current AP shop flag 120000.	The identity is narrowed by Redmaw's merchant anchor and AP's current flag, shop-row, and physical-merchant evidence (Stormveil). It does not prove v1.17 behavior, access logic, stock predicates, or shop availability.
redmaw-merchant-sellen-m2-1-check-7770210	check	7770210	identity	"{""ap_flag"":100500,""item_name"":""Glintstone Pebble"",""merchant_anchor"":""sellen"",""shop_row_ids"":[100050],""wiki_url"":""https://eldenring.wiki.gg/wiki/Glintstone_Pebble""}"	wiki:redmaw:checklists:7281cb6f;wiki:eldenpedia:merchant-item:revision-100591	gameplay-guide:redmaw;gameplay-wiki:eldenpedia	lead_only	unknown	redmaw-checklists:merchants.html#sellen/m2-1;wiki.gg:https://eldenring.wiki.gg/wiki/Glintstone_Pebble?oldid=100591	Redmaw lists Glintstone Pebble under merchant section sellen; that context identifies current AP shop flag 100500.	The identity is narrowed by Redmaw's merchant anchor and AP's current flag, shop-row, and physical-merchant evidence (Roundtable Hold). It does not prove v1.17 behavior, access logic, stock predicates, or shop availability.
redmaw-merchant-sellen-m2-2-check-7770215	check	7770215	identity	"{""ap_flag"":100550,""item_name"":""Glintstone Stars"",""merchant_anchor"":""sellen"",""shop_row_ids"":[100055],""wiki_url"":""https://eldenring.wiki.gg/wiki/Glintstone_Stars""}"	wiki:redmaw:checklists:7281cb6f;wiki:eldenpedia:merchant-item:revision-99315	gameplay-guide:redmaw;gameplay-wiki:eldenpedia	lead_only	unknown	redmaw-checklists:merchants.html#sellen/m2-2;wiki.gg:https://eldenring.wiki.gg/wiki/Glintstone_Stars?oldid=99315	Redmaw lists Glintstone Stars under merchant section sellen; that context identifies current AP shop flag 100550.	The identity is narrowed by Redmaw's merchant anchor and AP's current flag, shop-row, and physical-merchant evidence (Roundtable Hold). It does not prove v1.17 behavior, access logic, stock predicates, or shop availability.
redmaw-merchant-sellen-m2-3-check-7770214	check	7770214	identity	"{""ap_flag"":100540,""item_name"":""Glintstone Arc"",""merchant_anchor"":""sellen"",""shop_row_ids"":[100054],""wiki_url"":""https://eldenring.wiki.gg/wiki/Glintstone_Arc""}"	wiki:redmaw:checklists:7281cb6f;wiki:eldenpedia:merchant-item:revision-82764	gameplay-guide:redmaw;gameplay-wiki:eldenpedia	lead_only	unknown	redmaw-checklists:merchants.html#sellen/m2-3;wiki.gg:https://eldenring.wiki.gg/wiki/Glintstone_Arc?oldid=82764	Redmaw lists Glintstone Arc under merchant section sellen; that context identifies current AP shop flag 100540.	The identity is narrowed by Redmaw's merchant anchor and AP's current flag, shop-row, and physical-merchant evidence (Roundtable Hold). It does not prove v1.17 behavior, access logic, stock predicates, or shop availability.
redmaw-merchant-sellen-m2-4-check-7770213	check	7770213	identity	"{""ap_flag"":100530,""item_name"":""Crystal Barrage"",""merchant_anchor"":""sellen"",""shop_row_ids"":[100053],""wiki_url"":""https://eldenring.wiki.gg/wiki/Crystal_Barrage""}"	wiki:redmaw:checklists:7281cb6f;wiki:eldenpedia:merchant-item:revision-83392	gameplay-guide:redmaw;gameplay-wiki:eldenpedia	lead_only	unknown	redmaw-checklists:merchants.html#sellen/m2-4;wiki.gg:https://eldenring.wiki.gg/wiki/Crystal_Barrage?oldid=83392	Redmaw lists Crystal Barrage under merchant section sellen; that context identifies current AP shop flag 100530.	The identity is narrowed by Redmaw's merchant anchor and AP's current flag, shop-row, and physical-merchant evidence (Roundtable Hold). It does not prove v1.17 behavior, access logic, stock predicates, or shop availability.
redmaw-merchant-sellen-m2-5-check-7770211	check	7770211	identity	"{""ap_flag"":100510,""item_name"":""Scholar's Armament"",""merchant_anchor"":""sellen"",""shop_row_ids"":[100051],""wiki_url"":""https://eldenring.wiki.gg/wiki/Scholar%27s_Armament""}"	wiki:redmaw:checklists:7281cb6f;wiki:eldenpedia:merchant-item:revision-83274	gameplay-guide:redmaw;gameplay-wiki:eldenpedia	lead_only	unknown	redmaw-checklists:merchants.html#sellen/m2-5;wiki.gg:https://eldenring.wiki.gg/wiki/Scholar's_Armament?oldid=83274	Redmaw lists Scholar's Armament under merchant section sellen; that context identifies current AP shop flag 100510.	The identity is narrowed by Redmaw's merchant anchor and AP's current flag, shop-row, and physical-merchant evidence (Roundtable Hold). It does not prove v1.17 behavior, access logic, stock predicates, or shop availability.
redmaw-merchant-sellen-m2-6-check-7770212	check	7770212	identity	"{""ap_flag"":100520,""item_name"":""Scholar's Shield"",""merchant_anchor"":""sellen"",""shop_row_ids"":[100052],""wiki_url"":""https://eldenring.wiki.gg/wiki/Scholar%27s_Shield""}"	wiki:redmaw:checklists:7281cb6f;wiki:eldenpedia:merchant-item:revision-82837	gameplay-guide:redmaw;gameplay-wiki:eldenpedia	lead_only	unknown	redmaw-checklists:merchants.html#sellen/m2-6;wiki.gg:https://eldenring.wiki.gg/wiki/Scholar's_Shield?oldid=82837	Redmaw lists Scholar's Shield under merchant section sellen; that context identifies current AP shop flag 100520.	The identity is narrowed by Redmaw's merchant anchor and AP's current flag, shop-row, and physical-merchant evidence (Roundtable Hold). It does not prove v1.17 behavior, access logic, stock predicates, or shop availability.
redmaw-merchant-sellen-m2-8-check-7770216	check	7770216	identity	"{""ap_flag"":100560,""item_name"":""Shard Spiral"",""merchant_anchor"":""sellen"",""shop_row_ids"":[100056],""wiki_url"":""https://eldenring.wiki.gg/wiki/Shard_Spiral""}"	wiki:redmaw:checklists:7281cb6f;wiki:eldenpedia:merchant-item:revision-99316	gameplay-guide:redmaw;gameplay-wiki:eldenpedia	lead_only	unknown	redmaw-checklists:merchants.html#sellen/m2-8;wiki.gg:https://eldenring.wiki.gg/wiki/Shard_Spiral?oldid=99316	Redmaw lists Shard Spiral under merchant section sellen; that context identifies current AP shop flag 100560.	The identity is narrowed by Redmaw's merchant anchor and AP's current flag, shop-row, and physical-merchant evidence (Roundtable Hold). It does not prove v1.17 behavior, access logic, stock predicates, or shop availability.
redmaw-merchant-seluvis-m14-1-check-7770262	check	7770262	identity_region	"{""ap_flag"":120750,""item_name"":""Carian Phalanx"",""merchant_anchor"":""seluvis"",""region"":""Liurnia"",""shop_row_ids"":[100275],""wiki_url"":""https://eldenring.wiki.gg/wiki/Carian_Phalanx""}"	wiki:redmaw:checklists:7281cb6f;wiki:eldenpedia:merchant-item:revision-99547	gameplay-guide:redmaw;gameplay-wiki:eldenpedia	lead_only	unknown	redmaw-checklists:merchants.html#seluvis/m14-1;wiki.gg:https://eldenring.wiki.gg/wiki/Carian_Phalanx?oldid=99547	Redmaw lists Carian Phalanx under merchant section seluvis; that context identifies current AP shop flag 120750.	The identity is narrowed by Redmaw's merchant anchor and AP's current flag, shop-row, and physical-merchant evidence (Liurnia). It does not prove v1.17 behavior, access logic, stock predicates, or shop availability.
redmaw-merchant-seluvis-m14-11-check-7770275	check	7770275	identity_region	"{""ap_flag"":130100,""item_name"":""Dung Eater Puppet"",""merchant_anchor"":""seluvis"",""region"":""Liurnia"",""shop_row_ids"":[100310],""wiki_url"":""https://eldenring.wiki.gg/wiki/Dung_Eater_Puppet""}"	wiki:redmaw:checklists:7281cb6f;wiki:eldenpedia:merchant-item:revision-44053	gameplay-guide:redmaw;gameplay-wiki:eldenpedia	lead_only	unknown	redmaw-checklists:merchants.html#seluvis/m14-11;wiki.gg:https://eldenring.wiki.gg/wiki/Dung_Eater_Puppet?oldid=44053	Redmaw lists Dung Eater Puppet under merchant section seluvis; that context identifies current AP shop flag 130100.	The identity is narrowed by Redmaw's merchant anchor and AP's current flag, shop-row, and physical-merchant evidence (Liurnia). It does not prove v1.17 behavior, access logic, stock predicates, or shop availability.
redmaw-merchant-seluvis-m14-2-check-7770265	check	7770265	identity_region	"{""ap_flag"":120780,""item_name"":""Carian Retaliation"",""merchant_anchor"":""seluvis"",""region"":""Liurnia"",""shop_row_ids"":[100278],""wiki_url"":""https://eldenring.wiki.gg/wiki/Carian_Retaliation""}"	wiki:redmaw:checklists:7281cb6f;wiki:eldenpedia:merchant-item:revision-99543	gameplay-guide:redmaw;gameplay-wiki:eldenpedia	lead_only	unknown	redmaw-checklists:merchants.html#seluvis/m14-2;wiki.gg:https://eldenring.wiki.gg/wiki/Carian_Retaliation?oldid=99543	Redmaw lists Carian Retaliation under merchant section seluvis; that context identifies current AP shop flag 120780.	The identity is narrowed by Redmaw's merchant anchor and AP's current flag, shop-row, and physical-merchant evidence (Liurnia). It does not prove v1.17 behavior, access logic, stock predicates, or shop availability.
redmaw-merchant-seluvis-m14-3-check-7770263	check	7770263	identity_region	"{""ap_flag"":120760,""item_name"":""Glintstone Icecrag"",""merchant_anchor"":""seluvis"",""region"":""Liurnia"",""shop_row_ids"":[100276],""wiki_url"":""https://eldenring.wiki.gg/wiki/Glintstone_Icecrag""}"	wiki:redmaw:checklists:7281cb6f;wiki:eldenpedia:merchant-item:revision-83377	gameplay-guide:redmaw;gameplay-wiki:eldenpedia	lead_only	unknown	redmaw-checklists:merchants.html#seluvis/m14-3;wiki.gg:https://eldenring.wiki.gg/wiki/Glintstone_Icecrag?oldid=83377	Redmaw lists Glintstone Icecrag under merchant section seluvis; that context identifies current AP shop flag 120760.	The identity is narrowed by Redmaw's merchant anchor and AP's current flag, shop-row, and physical-merchant evidence (Liurnia). It does not prove v1.17 behavior, access logic, stock predicates, or shop availability.
redmaw-merchant-seluvis-m14-4-check-7770264	check	7770264	identity_region	"{""ap_flag"":120770,""item_name"":""Freezing Mist"",""merchant_anchor"":""seluvis"",""region"":""Liurnia"",""shop_row_ids"":[100277],""wiki_url"":""https://eldenring.wiki.gg/wiki/Freezing_Mist""}"	wiki:redmaw:checklists:7281cb6f;wiki:eldenpedia:merchant-item:revision-83277	gameplay-guide:redmaw;gameplay-wiki:eldenpedia	lead_only	unknown	redmaw-checklists:merchants.html#seluvis/m14-4;wiki.gg:https://eldenring.wiki.gg/wiki/Freezing_Mist?oldid=83277	Redmaw lists Freezing Mist under merchant section seluvis; that context identifies current AP shop flag 120770.	The identity is narrowed by Redmaw's merchant anchor and AP's current flag, shop-row, and physical-merchant evidence (Liurnia). It does not prove v1.17 behavior, access logic, stock predicates, or shop availability.
redmaw-merchant-seluvis-m14-6-check-7770272	check	7770272	identity_region	"{""ap_flag"":130000,""item_name"":""Finger Maiden Therolina Puppet"",""merchant_anchor"":""seluvis"",""region"":""Liurnia"",""shop_row_ids"":[100300],""wiki_url"":""https://eldenring.wiki.gg/wiki/Finger_Maiden_Therolina_Puppet""}"	wiki:redmaw:checklists:7281cb6f;wiki:eldenpedia:merchant-item:revision-69640	gameplay-guide:redmaw;gameplay-wiki:eldenpedia	lead_only	unknown	redmaw-checklists:merchants.html#seluvis/m14-6;wiki.gg:https://eldenring.wiki.gg/wiki/Finger_Maiden_Therolina_Puppet?oldid=69640	Redmaw lists Finger Maiden Therolina Puppet under merchant section seluvis; that context identifies current AP shop flag 130000.	The identity is narrowed by Redmaw's merchant anchor and AP's current flag, shop-row, and physical-merchant evidence (Liurnia). It does not prove v1.17 behavior, access logic, stock predicates, or shop availability.
redmaw-merchant-seluvis-m14-7-check-7770274	check	7770274	identity_region	"{""ap_flag"":130020,""item_name"":""Jarwight Puppet"",""merchant_anchor"":""seluvis"",""region"":""Liurnia"",""shop_row_ids"":[100302],""wiki_url"":""https://eldenring.wiki.gg/wiki/Jarwight_Puppet""}"	wiki:redmaw:checklists:7281cb6f;wiki:eldenpedia:merchant-item:revision-69699	gameplay-guide:redmaw;gameplay-wiki:eldenpedia	lead_only	unknown	redmaw-checklists:merchants.html#seluvis/m14-7;wiki.gg:https://eldenring.wiki.gg/wiki/Jarwight_Puppet?oldid=69699	Redmaw lists Jarwight Puppet under merchant section seluvis; that context identifies current AP shop flag 130020.	The identity is narrowed by Redmaw's merchant anchor and AP's current flag, shop-row, and physical-merchant evidence (Liurnia). It does not prove v1.17 behavior, access logic, stock predicates, or shop availability.
redmaw-merchant-seluvis-m14-9-check-7770273	check	7770273	identity_region	"{""ap_flag"":130010,""item_name"":""Dolores the Sleeping Arrow Puppet"",""merchant_anchor"":""seluvis"",""region"":""Liurnia"",""shop_row_ids"":[100301],""wiki_url"":""https://eldenring.wiki.gg/wiki/Dolores_the_Sleeping_Arrow_Puppet""}"	wiki:redmaw:checklists:7281cb6f;wiki:eldenpedia:merchant-item:revision-66077	gameplay-guide:redmaw;gameplay-wiki:eldenpedia	lead_only	unknown	redmaw-checklists:merchants.html#seluvis/m14-9;wiki.gg:https://eldenring.wiki.gg/wiki/Dolores_the_Sleeping_Arrow_Puppet?oldid=66077	Redmaw lists Dolores the Sleeping Arrow Puppet under merchant section seluvis; that context identifies current AP shop flag 130010.	The identity is narrowed by Redmaw's merchant anchor and AP's current flag, shop-row, and physical-merchant evidence (Liurnia). It does not prove v1.17 behavior, access logic, stock predicates, or shop availability.
redmaw-merchant-thiollier-m38-1-check-7770538	check	7770538	identity	"{""ap_flag"":320730,""item_name"":""Poisonbone Dart"",""merchant_anchor"":""thiollier"",""shop_row_ids"":[102273],""wiki_url"":""https://eldenring.wiki.gg/wiki/Poisonbone_Dart""}"	wiki:redmaw:checklists:7281cb6f;wiki:eldenpedia:merchant-item:revision-84875	gameplay-guide:redmaw;gameplay-wiki:eldenpedia	lead_only	unknown	redmaw-checklists:merchants.html#thiollier/m38-1;wiki.gg:https://eldenring.wiki.gg/wiki/Poisonbone_Dart?oldid=84875	Redmaw lists Poisonbone Dart under merchant section thiollier; that context identifies current AP shop flag 320730.	The identity is narrowed by Redmaw's merchant anchor and AP's current flag, shop-row, and physical-merchant evidence (Roundtable Hold). It does not prove v1.17 behavior, access logic, stock predicates, or shop availability.
redmaw-merchant-thiollier-m38-10-check-7770546	check	7770546	identity	"{""ap_flag"":320810,""item_name"":""Trina's Lily"",""merchant_anchor"":""thiollier"",""shop_row_ids"":[102281],""wiki_url"":""https://eldenring.wiki.gg/wiki/Trina%27s_Lily""}"	wiki:redmaw:checklists:7281cb6f;wiki:eldenpedia:merchant-item:revision-94524	gameplay-guide:redmaw;gameplay-wiki:eldenpedia	lead_only	unknown	redmaw-checklists:merchants.html#thiollier/m38-10;wiki.gg:https://eldenring.wiki.gg/wiki/Trina's_Lily?oldid=94524	Redmaw lists Trina's Lily under merchant section thiollier; that context identifies current AP shop flag 320810.	The identity is narrowed by Redmaw's merchant anchor and AP's current flag, shop-row, and physical-merchant evidence (Roundtable Hold). It does not prove v1.17 behavior, access logic, stock predicates, or shop availability.
redmaw-merchant-thiollier-m38-11-check-7770542	check	7770542	identity	"{""ap_flag"":320770,""item_name"":""Miranda Powder"",""merchant_anchor"":""thiollier"",""shop_row_ids"":[102277],""wiki_url"":""https://eldenring.wiki.gg/wiki/Miranda_Powder""}"	wiki:redmaw:checklists:7281cb6f;wiki:eldenpedia:merchant-item:revision-82600	gameplay-guide:redmaw;gameplay-wiki:eldenpedia	lead_only	unknown	redmaw-checklists:merchants.html#thiollier/m38-11;wiki.gg:https://eldenring.wiki.gg/wiki/Miranda_Powder?oldid=82600	Redmaw lists Miranda Powder under merchant section thiollier; that context identifies current AP shop flag 320770.	The identity is narrowed by Redmaw's merchant anchor and AP's current flag, shop-row, and physical-merchant evidence (Roundtable Hold). It does not prove v1.17 behavior, access logic, stock predicates, or shop availability.
redmaw-merchant-thiollier-m38-12-check-7770535	check	7770535	identity	"{""ap_flag"":320700,""item_name"":""Deadly Poison Perfume Bottle"",""merchant_anchor"":""thiollier"",""shop_row_ids"":[102270],""wiki_url"":""https://eldenring.wiki.gg/wiki/Deadly_Poison_Perfume_Bottle""}"	wiki:redmaw:checklists:7281cb6f;wiki:eldenpedia:merchant-item:revision-100891	gameplay-guide:redmaw;gameplay-wiki:eldenpedia	lead_only	unknown	redmaw-checklists:merchants.html#thiollier/m38-12;wiki.gg:https://eldenring.wiki.gg/wiki/Deadly_Poison_Perfume_Bottle?oldid=100891	Redmaw lists Deadly Poison Perfume Bottle under merchant section thiollier; that context identifies current AP shop flag 320700.	The identity is narrowed by Redmaw's merchant anchor and AP's current flag, shop-row, and physical-merchant evidence (Roundtable Hold). It does not prove v1.17 behavior, access logic, stock predicates, or shop availability.
redmaw-merchant-thiollier-m38-2-check-7770539	check	7770539	identity	"{""ap_flag"":320740,""item_name"":""Poisoned Stone"",""merchant_anchor"":""thiollier"",""shop_row_ids"":[102274],""wiki_url"":""https://eldenring.wiki.gg/wiki/Poisoned_Stone""}"	wiki:redmaw:checklists:7281cb6f;wiki:eldenpedia:merchant-item:revision-70648	gameplay-guide:redmaw;gameplay-wiki:eldenpedia	lead_only	unknown	redmaw-checklists:merchants.html#thiollier/m38-2;wiki.gg:https://eldenring.wiki.gg/wiki/Poisoned_Stone?oldid=70648	Redmaw lists Poisoned Stone under merchant section thiollier; that context identifies current AP shop flag 320740.	The identity is narrowed by Redmaw's merchant anchor and AP's current flag, shop-row, and physical-merchant evidence (Roundtable Hold). It does not prove v1.17 behavior, access logic, stock predicates, or shop availability.
redmaw-merchant-thiollier-m38-3-check-7770540	check	7770540	identity	"{""ap_flag"":320750,""item_name"":""Poisoned Stone Clump"",""merchant_anchor"":""thiollier"",""shop_row_ids"":[102275],""wiki_url"":""https://eldenring.wiki.gg/wiki/Poisoned_Stone_Clump""}"	wiki:redmaw:checklists:7281cb6f;wiki:eldenpedia:merchant-item:revision-70651	gameplay-guide:redmaw;gameplay-wiki:eldenpedia	lead_only	unknown	redmaw-checklists:merchants.html#thiollier/m38-3;wiki.gg:https://eldenring.wiki.gg/wiki/Poisoned_Stone_Clump?oldid=70651	Redmaw lists Poisoned Stone Clump under merchant section thiollier; that context identifies current AP shop flag 320750.	The identity is narrowed by Redmaw's merchant anchor and AP's current flag, shop-row, and physical-merchant evidence (Roundtable Hold). It does not prove v1.17 behavior, access logic, stock predicates, or shop availability.
redmaw-merchant-thiollier-m38-4-check-7770536	check	7770536	identity	"{""ap_flag"":320710,""item_name"":""Poison Grease"",""merchant_anchor"":""thiollier"",""shop_row_ids"":[102271],""wiki_url"":""https://eldenring.wiki.gg/wiki/Poison_Grease""}"	wiki:redmaw:checklists:7281cb6f;wiki:eldenpedia:merchant-item:revision-99327	gameplay-guide:redmaw;gameplay-wiki:eldenpedia	lead_only	unknown	redmaw-checklists:merchants.html#thiollier/m38-4;wiki.gg:https://eldenring.wiki.gg/wiki/Poison_Grease?oldid=99327	Redmaw lists Poison Grease under merchant section thiollier; that context identifies current AP shop flag 320710.	The identity is narrowed by Redmaw's merchant anchor and AP's current flag, shop-row, and physical-merchant evidence (Roundtable Hold). It does not prove v1.17 behavior, access logic, stock predicates, or shop availability.
redmaw-merchant-thiollier-m38-5-check-7770537	check	7770537	identity	"{""ap_flag"":320720,""item_name"":""Drawstring Poison Grease"",""merchant_anchor"":""thiollier"",""shop_row_ids"":[102272],""wiki_url"":""https://eldenring.wiki.gg/wiki/Drawstring_Poison_Grease""}"	wiki:redmaw:checklists:7281cb6f;wiki:eldenpedia:merchant-item:revision-99328	gameplay-guide:redmaw;gameplay-wiki:eldenpedia	lead_only	unknown	redmaw-checklists:merchants.html#thiollier/m38-5;wiki.gg:https://eldenring.wiki.gg/wiki/Drawstring_Poison_Grease?oldid=99328	Redmaw lists Drawstring Poison Grease under merchant section thiollier; that context identifies current AP shop flag 320720.	The identity is narrowed by Redmaw's merchant anchor and AP's current flag, shop-row, and physical-merchant evidence (Roundtable Hold). It does not prove v1.17 behavior, access logic, stock predicates, or shop availability.
redmaw-merchant-thiollier-m38-6-check-7770545	check	7770545	identity	"{""ap_flag"":320800,""item_name"":""Toxic Mossling"",""merchant_anchor"":""thiollier"",""shop_row_ids"":[102280],""wiki_url"":""https://eldenring.wiki.gg/wiki/Toxic_Mossling""}"	wiki:redmaw:checklists:7281cb6f;wiki:eldenpedia:merchant-item:revision-42073	gameplay-guide:redmaw;gameplay-wiki:eldenpedia	lead_only	unknown	redmaw-checklists:merchants.html#thiollier/m38-6;wiki.gg:https://eldenring.wiki.gg/wiki/Toxic_Mossling?oldid=42073	Redmaw lists Toxic Mossling under merchant section thiollier; that context identifies current AP shop flag 320800.	The identity is narrowed by Redmaw's merchant anchor and AP's current flag, shop-row, and physical-merchant evidence (Roundtable Hold). It does not prove v1.17 behavior, access logic, stock predicates, or shop availability.
redmaw-merchant-thiollier-m38-8-check-7770543	check	7770543	identity	"{""ap_flag"":320780,""item_name"":""Poisonbloom"",""merchant_anchor"":""thiollier"",""shop_row_ids"":[102278],""wiki_url"":""https://eldenring.wiki.gg/wiki/Poisonbloom""}"	wiki:redmaw:checklists:7281cb6f;wiki:eldenpedia:merchant-item:revision-100397	gameplay-guide:redmaw;gameplay-wiki:eldenpedia	lead_only	unknown	redmaw-checklists:merchants.html#thiollier/m38-8;wiki.gg:https://eldenring.wiki.gg/wiki/Poisonbloom?oldid=100397	Redmaw lists Poisonbloom under merchant section thiollier; that context identifies current AP shop flag 320780.	The identity is narrowed by Redmaw's merchant anchor and AP's current flag, shop-row, and physical-merchant evidence (Roundtable Hold). It does not prove v1.17 behavior, access logic, stock predicates, or shop availability.
redmaw-merchant-thiollier-m38-9-check-7770541	check	7770541	identity	"{""ap_flag"":320760,""item_name"":""Altus Bloom"",""merchant_anchor"":""thiollier"",""shop_row_ids"":[102276],""wiki_url"":""https://eldenring.wiki.gg/wiki/Altus_Bloom""}"	wiki:redmaw:checklists:7281cb6f;wiki:eldenpedia:merchant-item:revision-71669	gameplay-guide:redmaw;gameplay-wiki:eldenpedia	lead_only	unknown	redmaw-checklists:merchants.html#thiollier/m38-9;wiki.gg:https://eldenring.wiki.gg/wiki/Altus_Bloom?oldid=71669	Redmaw lists Altus Bloom under merchant section thiollier; that context identifies current AP shop flag 320760.	The identity is narrowed by Redmaw's merchant anchor and AP's current flag, shop-row, and physical-merchant evidence (Roundtable Hold). It does not prove v1.17 behavior, access logic, stock predicates, or shop availability.
redmaw-merchant-thops-m11-1-check-7770259	check	7770259	identity_region	"{""ap_flag"":120500,""item_name"":""Glintstone Pebble"",""merchant_anchor"":""thops"",""region"":""Liurnia"",""shop_row_ids"":[100250],""wiki_url"":""https://eldenring.wiki.gg/wiki/Glintstone_Pebble""}"	wiki:redmaw:checklists:7281cb6f;wiki:eldenpedia:merchant-item:revision-100591	gameplay-guide:redmaw;gameplay-wiki:eldenpedia	lead_only	unknown	redmaw-checklists:merchants.html#thops/m11-1;wiki.gg:https://eldenring.wiki.gg/wiki/Glintstone_Pebble?oldid=100591	Redmaw lists Glintstone Pebble under merchant section thops; that context identifies current AP shop flag 120500.	The identity is narrowed by Redmaw's merchant anchor and AP's current flag, shop-row, and physical-merchant evidence (Liurnia). It does not prove v1.17 behavior, access logic, stock predicates, or shop availability.
redmaw-merchant-thops-m11-2-check-7770260	check	7770260	identity_region	"{""ap_flag"":120510,""item_name"":""Glintstone Arc"",""merchant_anchor"":""thops"",""region"":""Liurnia"",""shop_row_ids"":[100251],""wiki_url"":""https://eldenring.wiki.gg/wiki/Glintstone_Arc""}"	wiki:redmaw:checklists:7281cb6f;wiki:eldenpedia:merchant-item:revision-82764	gameplay-guide:redmaw;gameplay-wiki:eldenpedia	lead_only	unknown	redmaw-checklists:merchants.html#thops/m11-2;wiki.gg:https://eldenring.wiki.gg/wiki/Glintstone_Arc?oldid=82764	Redmaw lists Glintstone Arc under merchant section thops; that context identifies current AP shop flag 120510.	The identity is narrowed by Redmaw's merchant anchor and AP's current flag, shop-row, and physical-merchant evidence (Liurnia). It does not prove v1.17 behavior, access logic, stock predicates, or shop availability.
redmaw-merchant-thops-m11-3-check-7770261	check	7770261	identity_region	"{""ap_flag"":120520,""item_name"":""Starlight"",""merchant_anchor"":""thops"",""region"":""Liurnia"",""shop_row_ids"":[100252],""wiki_url"":""https://eldenring.wiki.gg/wiki/Starlight""}"	wiki:redmaw:checklists:7281cb6f;wiki:eldenpedia:merchant-item:revision-82843	gameplay-guide:redmaw;gameplay-wiki:eldenpedia	lead_only	unknown	redmaw-checklists:merchants.html#thops/m11-3;wiki.gg:https://eldenring.wiki.gg/wiki/Starlight?oldid=82843	Redmaw lists Starlight under merchant section thops; that context identifies current AP shop flag 120520.	The identity is narrowed by Redmaw's merchant anchor and AP's current flag, shop-row, and physical-merchant evidence (Liurnia). It does not prove v1.17 behavior, access logic, stock predicates, or shop availability.
redmaw-merchant-twin-maiden-husks-m9-10-check-7774631	check	7774631	identity_region	"{""ap_flag"":280960,""item_name"":""Reverse-Bladed Sword"",""merchant_anchor"":""twin-maiden-husks"",""region"":""Roundtable Hold"",""shop_row_ids"":[101896],""wiki_url"":""https://eldenring.wiki.gg/wiki/Reverse-Bladed_Sword""}"	wiki:redmaw:checklists:7281cb6f;wiki:eldenpedia:merchant-item:revision-101057	gameplay-guide:redmaw;gameplay-wiki:eldenpedia	lead_only	unknown	redmaw-checklists:merchants.html#twin-maiden-husks/m9-10;wiki.gg:https://eldenring.wiki.gg/wiki/Reverse-Bladed_Sword?oldid=101057	Redmaw lists Reverse-Bladed Sword under merchant section twin-maiden-husks; that context identifies current AP shop flag 280960.	The identity is narrowed by Redmaw's merchant anchor and AP's current flag, shop-row, and physical-merchant evidence (Roundtable Hold). It does not prove v1.17 behavior, access logic, stock predicates, or shop availability.
redmaw-merchant-twin-maiden-husks-m9-11-check-7770491	check	7770491	identity_region	"{""ap_flag"":250380,""item_name"":""Battle Axe"",""merchant_anchor"":""twin-maiden-husks"",""region"":""Roundtable Hold"",""shop_row_ids"":[101867],""wiki_url"":""https://eldenring.wiki.gg/wiki/Battle_Axe""}"	wiki:redmaw:checklists:7281cb6f;wiki:eldenpedia:merchant-item:revision-99979	gameplay-guide:redmaw;gameplay-wiki:eldenpedia	lead_only	unknown	redmaw-checklists:merchants.html#twin-maiden-husks/m9-11;wiki.gg:https://eldenring.wiki.gg/wiki/Battle_Axe?oldid=99979	Redmaw lists Battle Axe under merchant section twin-maiden-husks; that context identifies current AP shop flag 250380.	The identity is narrowed by Redmaw's merchant anchor and AP's current flag, shop-row, and physical-merchant evidence (Roundtable Hold). It does not prove v1.17 behavior, access logic, stock predicates, or shop availability.
redmaw-merchant-twin-maiden-husks-m9-12-check-7770492	check	7770492	identity_region	"{""ap_flag"":250390,""item_name"":""Mace"",""merchant_anchor"":""twin-maiden-husks"",""region"":""Roundtable Hold"",""shop_row_ids"":[101868],""wiki_url"":""https://eldenring.wiki.gg/wiki/Mace""}"	wiki:redmaw:checklists:7281cb6f;wiki:eldenpedia:merchant-item:revision-100486	gameplay-guide:redmaw;gameplay-wiki:eldenpedia	lead_only	unknown	redmaw-checklists:merchants.html#twin-maiden-husks/m9-12;wiki.gg:https://eldenring.wiki.gg/wiki/Mace?oldid=100486	Redmaw lists Mace under merchant section twin-maiden-husks; that context identifies current AP shop flag 250390.	The identity is narrowed by Redmaw's merchant anchor and AP's current flag, shop-row, and physical-merchant evidence (Roundtable Hold). It does not prove v1.17 behavior, access logic, stock predicates, or shop availability.
redmaw-merchant-twin-maiden-husks-m9-13-check-7770493	check	7770493	identity_region	"{""ap_flag"":250400,""item_name"":""Short Spear"",""merchant_anchor"":""twin-maiden-husks"",""region"":""Roundtable Hold"",""shop_row_ids"":[101869],""wiki_url"":""https://eldenring.wiki.gg/wiki/Short_Spear""}"	wiki:redmaw:checklists:7281cb6f;wiki:eldenpedia:merchant-item:revision-100133	gameplay-guide:redmaw;gameplay-wiki:eldenpedia	lead_only	unknown	redmaw-checklists:merchants.html#twin-maiden-husks/m9-13;wiki.gg:https://eldenring.wiki.gg/wiki/Short_Spear?oldid=100133	Redmaw lists Short Spear under merchant section twin-maiden-husks; that context identifies current AP shop flag 250400.	The identity is narrowed by Redmaw's merchant anchor and AP's current flag, shop-row, and physical-merchant evidence (Roundtable Hold). It does not prove v1.17 behavior, access logic, stock predicates, or shop availability.
redmaw-merchant-twin-maiden-husks-m9-14-check-7770496	check	7770496	identity_region	"{""ap_flag"":250430,""item_name"":""Longbow"",""merchant_anchor"":""twin-maiden-husks"",""region"":""Roundtable Hold"",""shop_row_ids"":[101872],""wiki_url"":""https://eldenring.wiki.gg/wiki/Longbow""}"	wiki:redmaw:checklists:7281cb6f;wiki:eldenpedia:merchant-item:revision-65668	gameplay-guide:redmaw;gameplay-wiki:eldenpedia	lead_only	unknown	redmaw-checklists:merchants.html#twin-maiden-husks/m9-14;wiki.gg:https://eldenring.wiki.gg/wiki/Longbow?oldid=65668	Redmaw lists Longbow under merchant section twin-maiden-husks; that context identifies current AP shop flag 250430.	The identity is narrowed by Redmaw's merchant anchor and AP's current flag, shop-row, and physical-merchant evidence (Roundtable Hold). It does not prove v1.17 behavior, access logic, stock predicates, or shop availability.
redmaw-merchant-twin-maiden-husks-m9-15-check-7770495	check	7770495	identity_region	"{""ap_flag"":250420,""item_name"":""Finger Seal"",""merchant_anchor"":""twin-maiden-husks"",""region"":""Roundtable Hold"",""shop_row_ids"":[101871],""wiki_url"":""https://eldenring.wiki.gg/wiki/Finger_Seal""}"	wiki:redmaw:checklists:7281cb6f;wiki:eldenpedia:merchant-item:revision-73472	gameplay-guide:redmaw;gameplay-wiki:eldenpedia	lead_only	unknown	redmaw-checklists:merchants.html#twin-maiden-husks/m9-15;wiki.gg:https://eldenring.wiki.gg/wiki/Finger_Seal?oldid=73472	Redmaw lists Finger Seal under merchant section twin-maiden-husks; that context identifies current AP shop flag 250420.	The identity is narrowed by Redmaw's merchant anchor and AP's current flag, shop-row, and physical-merchant evidence (Roundtable Hold). It does not prove v1.17 behavior, access logic, stock predicates, or shop availability.
redmaw-merchant-twin-maiden-husks-m9-16-check-7770497	check	7770497	identity_region	"{""ap_flag"":250440,""item_name"":""Heater Shield"",""merchant_anchor"":""twin-maiden-husks"",""region"":""Roundtable Hold"",""shop_row_ids"":[101873],""wiki_url"":""https://eldenring.wiki.gg/wiki/Heater_Shield""}"	wiki:redmaw:checklists:7281cb6f;wiki:eldenpedia:merchant-item:revision-75733	gameplay-guide:redmaw;gameplay-wiki:eldenpedia	lead_only	unknown	redmaw-checklists:merchants.html#twin-maiden-husks/m9-16;wiki.gg:https://eldenring.wiki.gg/wiki/Heater_Shield?oldid=75733	Redmaw lists Heater Shield under merchant section twin-maiden-husks; that context identifies current AP shop flag 250440.	The identity is narrowed by Redmaw's merchant anchor and AP's current flag, shop-row, and physical-merchant evidence (Roundtable Hold). It does not prove v1.17 behavior, access logic, stock predicates, or shop availability.
redmaw-merchant-twin-maiden-husks-m9-17-check-7770498	check	7770498	identity_region	"{""ap_flag"":250450,""item_name"":""Knight Helm"",""merchant_anchor"":""twin-maiden-husks"",""region"":""Roundtable Hold"",""shop_row_ids"":[101874],""wiki_url"":""https://eldenring.wiki.gg/wiki/Knight_Helm""}"	wiki:redmaw:checklists:7281cb6f;wiki:eldenpedia:merchant-item:revision-99703	gameplay-guide:redmaw;gameplay-wiki:eldenpedia	lead_only	unknown	redmaw-checklists:merchants.html#twin-maiden-husks/m9-17;wiki.gg:https://eldenring.wiki.gg/wiki/Knight_Helm?oldid=99703	Redmaw lists Knight Helm under merchant section twin-maiden-husks; that context identifies current AP shop flag 250450.	The identity is narrowed by Redmaw's merchant anchor and AP's current flag, shop-row, and physical-merchant evidence (Roundtable Hold). It does not prove v1.17 behavior, access logic, stock predicates, or shop availability.
redmaw-merchant-twin-maiden-husks-m9-18-check-7770499	check	7770499	identity_region	"{""ap_flag"":250460,""item_name"":""Knight Armor"",""merchant_anchor"":""twin-maiden-husks"",""region"":""Roundtable Hold"",""shop_row_ids"":[101875],""wiki_url"":""https://eldenring.wiki.gg/wiki/Knight_Armor""}"	wiki:redmaw:checklists:7281cb6f;wiki:eldenpedia:merchant-item:revision-99704	gameplay-guide:redmaw;gameplay-wiki:eldenpedia	lead_only	unknown	redmaw-checklists:merchants.html#twin-maiden-husks/m9-18;wiki.gg:https://eldenring.wiki.gg/wiki/Knight_Armor?oldid=99704	Redmaw lists Knight Armor under merchant section twin-maiden-husks; that context identifies current AP shop flag 250460.	The identity is narrowed by Redmaw's merchant anchor and AP's current flag, shop-row, and physical-merchant evidence (Roundtable Hold). It does not prove v1.17 behavior, access logic, stock predicates, or shop availability.
redmaw-merchant-twin-maiden-husks-m9-19-check-7770500	check	7770500	identity_region	"{""ap_flag"":250470,""item_name"":""Knight Gauntlets"",""merchant_anchor"":""twin-maiden-husks"",""region"":""Roundtable Hold"",""shop_row_ids"":[101876],""wiki_url"":""https://eldenring.wiki.gg/wiki/Knight_Gauntlets""}"	wiki:redmaw:checklists:7281cb6f;wiki:eldenpedia:merchant-item:revision-99705	gameplay-guide:redmaw;gameplay-wiki:eldenpedia	lead_only	unknown	redmaw-checklists:merchants.html#twin-maiden-husks/m9-19;wiki.gg:https://eldenring.wiki.gg/wiki/Knight_Gauntlets?oldid=99705	Redmaw lists Knight Gauntlets under merchant section twin-maiden-husks; that context identifies current AP shop flag 250470.	The identity is narrowed by Redmaw's merchant anchor and AP's current flag, shop-row, and physical-merchant evidence (Roundtable Hold). It does not prove v1.17 behavior, access logic, stock predicates, or shop availability.
redmaw-merchant-twin-maiden-husks-m9-2-check-7774588	check	7774588	identity_region	"{""ap_flag"":60280,""item_name"":""White Cipher Ring"",""merchant_anchor"":""twin-maiden-husks"",""region"":""Roundtable Hold"",""shop_row_ids"":[101800],""wiki_url"":""https://eldenring.wiki.gg/wiki/White_Cipher_Ring""}"	wiki:redmaw:checklists:7281cb6f;wiki:eldenpedia:merchant-item:revision-23153	gameplay-guide:redmaw;gameplay-wiki:eldenpedia	lead_only	unknown	redmaw-checklists:merchants.html#twin-maiden-husks/m9-2;wiki.gg:https://eldenring.wiki.gg/wiki/White_Cipher_Ring?oldid=23153	Redmaw lists White Cipher Ring under merchant section twin-maiden-husks; that context identifies current AP shop flag 60280.	The identity is narrowed by Redmaw's merchant anchor and AP's current flag, shop-row, and physical-merchant evidence (Roundtable Hold). It does not prove v1.17 behavior, access logic, stock predicates, or shop availability.
redmaw-merchant-twin-maiden-husks-m9-20-check-7770501	check	7770501	identity_region	"{""ap_flag"":250480,""item_name"":""Knight Greaves"",""merchant_anchor"":""twin-maiden-husks"",""region"":""Roundtable Hold"",""shop_row_ids"":[101877],""wiki_url"":""https://eldenring.wiki.gg/wiki/Knight_Greaves""}"	wiki:redmaw:checklists:7281cb6f;wiki:eldenpedia:merchant-item:revision-99706	gameplay-guide:redmaw;gameplay-wiki:eldenpedia	lead_only	unknown	redmaw-checklists:merchants.html#twin-maiden-husks/m9-20;wiki.gg:https://eldenring.wiki.gg/wiki/Knight_Greaves?oldid=99706	Redmaw lists Knight Greaves under merchant section twin-maiden-husks; that context identifies current AP shop flag 250480.	The identity is narrowed by Redmaw's merchant anchor and AP's current flag, shop-row, and physical-merchant evidence (Roundtable Hold). It does not prove v1.17 behavior, access logic, stock predicates, or shop availability.
redmaw-merchant-twin-maiden-husks-m9-21-check-7770486	check	7770486	identity_region	"{""ap_flag"":250330,""item_name"":""Furled Finger's Trick-Mirror"",""merchant_anchor"":""twin-maiden-husks"",""region"":""Roundtable Hold"",""shop_row_ids"":[101862],""wiki_url"":""https://eldenring.wiki.gg/wiki/Furled_Finger%27s_Trick-Mirror""}"	wiki:redmaw:checklists:7281cb6f;wiki:eldenpedia:merchant-item:revision-93168	gameplay-guide:redmaw;gameplay-wiki:eldenpedia	lead_only	unknown	redmaw-checklists:merchants.html#twin-maiden-husks/m9-21;wiki.gg:https://eldenring.wiki.gg/wiki/Furled_Finger's_Trick-Mirror?oldid=93168	Redmaw lists Furled Finger's Trick-Mirror under merchant section twin-maiden-husks; that context identifies current AP shop flag 250330.	The identity is narrowed by Redmaw's merchant anchor and AP's current flag, shop-row, and physical-merchant evidence (Roundtable Hold). It does not prove v1.17 behavior, access logic, stock predicates, or shop availability.
redmaw-merchant-twin-maiden-husks-m9-22-check-7770487	check	7770487	identity_region	"{""ap_flag"":250340,""item_name"":""Host's Trick-Mirror"",""merchant_anchor"":""twin-maiden-husks"",""region"":""Roundtable Hold"",""shop_row_ids"":[101863],""wiki_url"":""https://eldenring.wiki.gg/wiki/Host%27s_Trick-Mirror""}"	wiki:redmaw:checklists:7281cb6f;wiki:eldenpedia:merchant-item:revision-93167	gameplay-guide:redmaw;gameplay-wiki:eldenpedia	lead_only	unknown	redmaw-checklists:merchants.html#twin-maiden-husks/m9-22;wiki.gg:https://eldenring.wiki.gg/wiki/Host's_Trick-Mirror?oldid=93167	Redmaw lists Host's Trick-Mirror under merchant section twin-maiden-husks; that context identifies current AP shop flag 250340.	The identity is narrowed by Redmaw's merchant anchor and AP's current flag, shop-row, and physical-merchant evidence (Roundtable Hold). It does not prove v1.17 behavior, access logic, stock predicates, or shop availability.
redmaw-merchant-twin-maiden-husks-m9-4-check-7770024	check	7770024	identity_region	"{""ap_flag"":60470,""item_name"":""Memory Stone"",""merchant_anchor"":""twin-maiden-husks"",""region"":""Roundtable Hold"",""shop_row_ids"":[101859],""wiki_url"":""https://eldenring.wiki.gg/wiki/Memory_Stone""}"	wiki:redmaw:checklists:7281cb6f;wiki:eldenpedia:merchant-item:revision-100680	gameplay-guide:redmaw;gameplay-wiki:eldenpedia	lead_only	unknown	redmaw-checklists:merchants.html#twin-maiden-husks/m9-4;wiki.gg:https://eldenring.wiki.gg/wiki/Memory_Stone?oldid=100680	Redmaw lists Memory Stone under merchant section twin-maiden-husks; that context identifies current AP shop flag 60470.	The identity is narrowed by Redmaw's merchant anchor and AP's current flag, shop-row, and physical-merchant evidence (Roundtable Hold). It does not prove v1.17 behavior, access logic, stock predicates, or shop availability.
redmaw-merchant-twin-maiden-husks-m9-6-check-7770488	check	7770488	identity_region	"{""ap_flag"":250350,""item_name"":""Dagger"",""merchant_anchor"":""twin-maiden-husks"",""region"":""Roundtable Hold"",""shop_row_ids"":[101864],""wiki_url"":""https://eldenring.wiki.gg/wiki/Dagger""}"	wiki:redmaw:checklists:7281cb6f;wiki:eldenpedia:merchant-item:revision-100798	gameplay-guide:redmaw;gameplay-wiki:eldenpedia	lead_only	unknown	redmaw-checklists:merchants.html#twin-maiden-husks/m9-6;wiki.gg:https://eldenring.wiki.gg/wiki/Dagger?oldid=100798	Redmaw lists Dagger under merchant section twin-maiden-husks; that context identifies current AP shop flag 250350.	The identity is narrowed by Redmaw's merchant anchor and AP's current flag, shop-row, and physical-merchant evidence (Roundtable Hold). It does not prove v1.17 behavior, access logic, stock predicates, or shop availability.
redmaw-merchant-twin-maiden-husks-m9-7-check-7770489	check	7770489	identity_region	"{""ap_flag"":250360,""item_name"":""Longsword"",""merchant_anchor"":""twin-maiden-husks"",""region"":""Roundtable Hold"",""shop_row_ids"":[101865],""wiki_url"":""https://eldenring.wiki.gg/wiki/Longsword""}"	wiki:redmaw:checklists:7281cb6f;wiki:eldenpedia:merchant-item:revision-91559	gameplay-guide:redmaw;gameplay-wiki:eldenpedia	lead_only	unknown	redmaw-checklists:merchants.html#twin-maiden-husks/m9-7;wiki.gg:https://eldenring.wiki.gg/wiki/Longsword?oldid=91559	Redmaw lists Longsword under merchant section twin-maiden-husks; that context identifies current AP shop flag 250360.	The identity is narrowed by Redmaw's merchant anchor and AP's current flag, shop-row, and physical-merchant evidence (Roundtable Hold). It does not prove v1.17 behavior, access logic, stock predicates, or shop availability.
redmaw-merchant-twin-maiden-husks-m9-8-check-7770494	check	7770494	identity_region	"{""ap_flag"":250410,""item_name"":""Rapier"",""merchant_anchor"":""twin-maiden-husks"",""region"":""Roundtable Hold"",""shop_row_ids"":[101870],""wiki_url"":""https://eldenring.wiki.gg/wiki/Rapier""}"	wiki:redmaw:checklists:7281cb6f;wiki:eldenpedia:merchant-item:revision-94089	gameplay-guide:redmaw;gameplay-wiki:eldenpedia	lead_only	unknown	redmaw-checklists:merchants.html#twin-maiden-husks/m9-8;wiki.gg:https://eldenring.wiki.gg/wiki/Rapier?oldid=94089	Redmaw lists Rapier under merchant section twin-maiden-husks; that context identifies current AP shop flag 250410.	The identity is narrowed by Redmaw's merchant anchor and AP's current flag, shop-row, and physical-merchant evidence (Roundtable Hold). It does not prove v1.17 behavior, access logic, stock predicates, or shop availability.
redmaw-merchant-twin-maiden-husks-m9-9-check-7770490	check	7770490	identity_region	"{""ap_flag"":250370,""item_name"":""Scimitar"",""merchant_anchor"":""twin-maiden-husks"",""region"":""Roundtable Hold"",""shop_row_ids"":[101866],""wiki_url"":""https://eldenring.wiki.gg/wiki/Scimitar""}"	wiki:redmaw:checklists:7281cb6f;wiki:eldenpedia:merchant-item:revision-95408	gameplay-guide:redmaw;gameplay-wiki:eldenpedia	lead_only	unknown	redmaw-checklists:merchants.html#twin-maiden-husks/m9-9;wiki.gg:https://eldenring.wiki.gg/wiki/Scimitar?oldid=95408	Redmaw lists Scimitar under merchant section twin-maiden-husks; that context identifies current AP shop flag 250370.	The identity is narrowed by Redmaw's merchant anchor and AP's current flag, shop-row, and physical-merchant evidence (Roundtable Hold). It does not prove v1.17 behavior, access logic, stock predicates, or shop availability.
redmaw-merchant-ymir-m39-1-check-7770551	check	7770551	identity_region	"{""ap_flag"":330040,""item_name"":""Glintstone Pebble"",""merchant_anchor"":""ymir"",""region"":""Scadu Altus"",""shop_row_ids"":[102304],""wiki_url"":""https://eldenring.wiki.gg/wiki/Glintstone_Pebble""}"	wiki:redmaw:checklists:7281cb6f;wiki:eldenpedia:merchant-item:revision-100591	gameplay-guide:redmaw;gameplay-wiki:eldenpedia	lead_only	unknown	redmaw-checklists:merchants.html#ymir/m39-1;wiki.gg:https://eldenring.wiki.gg/wiki/Glintstone_Pebble?oldid=100591	Redmaw lists Glintstone Pebble under merchant section ymir; that context identifies current AP shop flag 330040.	The identity is narrowed by Redmaw's merchant anchor and AP's current flag, shop-row, and physical-merchant evidence (Scadu Altus). It does not prove v1.17 behavior, access logic, stock predicates, or shop availability.
redmaw-merchant-ymir-m39-11-check-7770550	check	7770550	identity_region	"{""ap_flag"":330030,""item_name"":""Fleeting Microcosm"",""merchant_anchor"":""ymir"",""region"":""Scadu Altus"",""shop_row_ids"":[102303],""wiki_url"":""https://eldenring.wiki.gg/wiki/Fleeting_Microcosm""}"	wiki:redmaw:checklists:7281cb6f;wiki:eldenpedia:merchant-item:revision-96748	gameplay-guide:redmaw;gameplay-wiki:eldenpedia	lead_only	unknown	redmaw-checklists:merchants.html#ymir/m39-11;wiki.gg:https://eldenring.wiki.gg/wiki/Fleeting_Microcosm?oldid=96748	Redmaw lists Fleeting Microcosm under merchant section ymir; that context identifies current AP shop flag 330030.	The identity is narrowed by Redmaw's merchant anchor and AP's current flag, shop-row, and physical-merchant evidence (Scadu Altus). It does not prove v1.17 behavior, access logic, stock predicates, or shop availability.
redmaw-merchant-ymir-m39-2-check-7770552	check	7770552	identity_region	"{""ap_flag"":330050,""item_name"":""Great Glintstone Shard"",""merchant_anchor"":""ymir"",""region"":""Scadu Altus"",""shop_row_ids"":[102305],""wiki_url"":""https://eldenring.wiki.gg/wiki/Great_Glintstone_Shard""}"	wiki:redmaw:checklists:7281cb6f;wiki:eldenpedia:merchant-item:revision-99314	gameplay-guide:redmaw;gameplay-wiki:eldenpedia	lead_only	unknown	redmaw-checklists:merchants.html#ymir/m39-2;wiki.gg:https://eldenring.wiki.gg/wiki/Great_Glintstone_Shard?oldid=99314	Redmaw lists Great Glintstone Shard under merchant section ymir; that context identifies current AP shop flag 330050.	The identity is narrowed by Redmaw's merchant anchor and AP's current flag, shop-row, and physical-merchant evidence (Scadu Altus). It does not prove v1.17 behavior, access logic, stock predicates, or shop availability.
redmaw-merchant-ymir-m39-3-check-7770553	check	7770553	identity_region	"{""ap_flag"":330060,""item_name"":""Glintblade Phalanx"",""merchant_anchor"":""ymir"",""region"":""Scadu Altus"",""shop_row_ids"":[102306],""wiki_url"":""https://eldenring.wiki.gg/wiki/Glintblade_Phalanx""}"	wiki:redmaw:checklists:7281cb6f;wiki:eldenpedia:merchant-item:revision-99545	gameplay-guide:redmaw;gameplay-wiki:eldenpedia	lead_only	unknown	redmaw-checklists:merchants.html#ymir/m39-3;wiki.gg:https://eldenring.wiki.gg/wiki/Glintblade_Phalanx?oldid=99545	Redmaw lists Glintblade Phalanx under merchant section ymir; that context identifies current AP shop flag 330060.	The identity is narrowed by Redmaw's merchant anchor and AP's current flag, shop-row, and physical-merchant evidence (Scadu Altus). It does not prove v1.17 behavior, access logic, stock predicates, or shop availability.
redmaw-merchant-ymir-m39-4-check-7770554	check	7770554	identity_region	"{""ap_flag"":330070,""item_name"":""Carian Phalanx"",""merchant_anchor"":""ymir"",""region"":""Scadu Altus"",""shop_row_ids"":[102307],""wiki_url"":""https://eldenring.wiki.gg/wiki/Carian_Phalanx""}"	wiki:redmaw:checklists:7281cb6f;wiki:eldenpedia:merchant-item:revision-99547	gameplay-guide:redmaw;gameplay-wiki:eldenpedia	lead_only	unknown	redmaw-checklists:merchants.html#ymir/m39-4;wiki.gg:https://eldenring.wiki.gg/wiki/Carian_Phalanx?oldid=99547	Redmaw lists Carian Phalanx under merchant section ymir; that context identifies current AP shop flag 330070.	The identity is narrowed by Redmaw's merchant anchor and AP's current flag, shop-row, and physical-merchant evidence (Scadu Altus). It does not prove v1.17 behavior, access logic, stock predicates, or shop availability.
redmaw-merchant-ymir-m39-5-check-7770555	check	7770555	identity_region	"{""ap_flag"":330080,""item_name"":""Carian Retaliation"",""merchant_anchor"":""ymir"",""region"":""Scadu Altus"",""shop_row_ids"":[102308],""wiki_url"":""https://eldenring.wiki.gg/wiki/Carian_Retaliation""}"	wiki:redmaw:checklists:7281cb6f;wiki:eldenpedia:merchant-item:revision-99543	gameplay-guide:redmaw;gameplay-wiki:eldenpedia	lead_only	unknown	redmaw-checklists:merchants.html#ymir/m39-5;wiki.gg:https://eldenring.wiki.gg/wiki/Carian_Retaliation?oldid=99543	Redmaw lists Carian Retaliation under merchant section ymir; that context identifies current AP shop flag 330080.	The identity is narrowed by Redmaw's merchant anchor and AP's current flag, shop-row, and physical-merchant evidence (Scadu Altus). It does not prove v1.17 behavior, access logic, stock predicates, or shop availability.
redmaw-merchant-ymir-m39-6-check-7770547	check	7770547	identity_region	"{""ap_flag"":330000,""item_name"":""Miriam's Vanishing"",""merchant_anchor"":""ymir"",""region"":""Scadu Altus"",""shop_row_ids"":[102300],""wiki_url"":""https://eldenring.wiki.gg/wiki/Miriam%27s_Vanishing""}"	wiki:redmaw:checklists:7281cb6f;wiki:eldenpedia:merchant-item:revision-83157	gameplay-guide:redmaw;gameplay-wiki:eldenpedia	lead_only	unknown	redmaw-checklists:merchants.html#ymir/m39-6;wiki.gg:https://eldenring.wiki.gg/wiki/Miriam's_Vanishing?oldid=83157	Redmaw lists Miriam's Vanishing under merchant section ymir; that context identifies current AP shop flag 330000.	The identity is narrowed by Redmaw's merchant anchor and AP's current flag, shop-row, and physical-merchant evidence (Scadu Altus). It does not prove v1.17 behavior, access logic, stock predicates, or shop availability.
redmaw-merchant-ymir-m39-8-check-7770548	check	7770548	identity_region	"{""ap_flag"":330010,""item_name"":""Glintstone Nail"",""merchant_anchor"":""ymir"",""region"":""Scadu Altus"",""shop_row_ids"":[102301],""wiki_url"":""https://eldenring.wiki.gg/wiki/Glintstone_Nail""}"	wiki:redmaw:checklists:7281cb6f;wiki:eldenpedia:merchant-item:revision-95248	gameplay-guide:redmaw;gameplay-wiki:eldenpedia	lead_only	unknown	redmaw-checklists:merchants.html#ymir/m39-8;wiki.gg:https://eldenring.wiki.gg/wiki/Glintstone_Nail?oldid=95248	Redmaw lists Glintstone Nail under merchant section ymir; that context identifies current AP shop flag 330010.	The identity is narrowed by Redmaw's merchant anchor and AP's current flag, shop-row, and physical-merchant evidence (Scadu Altus). It does not prove v1.17 behavior, access logic, stock predicates, or shop availability.
redmaw-merchant-ymir-m39-9-check-7770549	check	7770549	identity_region	"{""ap_flag"":330020,""item_name"":""Glintstone Nails"",""merchant_anchor"":""ymir"",""region"":""Scadu Altus"",""shop_row_ids"":[102302],""wiki_url"":""https://eldenring.wiki.gg/wiki/Glintstone_Nails""}"	wiki:redmaw:checklists:7281cb6f;wiki:eldenpedia:merchant-item:revision-96751	gameplay-guide:redmaw;gameplay-wiki:eldenpedia	lead_only	unknown	redmaw-checklists:merchants.html#ymir/m39-9;wiki.gg:https://eldenring.wiki.gg/wiki/Glintstone_Nails?oldid=96751	Redmaw lists Glintstone Nails under merchant section ymir; that context identifies current AP shop flag 330020.	The identity is narrowed by Redmaw's merchant anchor and AP's current flag, shop-row, and physical-merchant evidence (Scadu Altus). It does not prove v1.17 behavior, access logic, stock predicates, or shop availability.
