check_id	category	acquisition_class	region	item_name	flag	map_id	review_status	external_family_count	external_families	access_disposition	next_evidence
7771134	glovewort	repeated_material_row	Ainsel River	Ghost Glovewort [9]	12017950	m12_01	remaining_unreviewed	0		unresolved	first_exact_landmark_source
7771139	glovewort	unique_material_row	Ainsel River	Ghost-Glovewort Picker's Bell Bearing [2]	12017980	m12_04	remaining_unreviewed	0		unresolved	first_exact_landmark_source
7771108	glovewort	repeated_material_row	Ainsel River	Great Ghost Glovewort	12017690	m12_01	remaining_unreviewed	0		unresolved	first_exact_landmark_source
7771130	glovewort	repeated_material_row	Ainsel River	Great Ghost Glovewort	12017910	m12_01	remaining_unreviewed	0		unresolved	first_exact_landmark_source
7772057	glovewort	repeated_material_row	Altus	Ghost Glovewort [4]	30087970	m30_08	audited_one_family	1	gameplay-wiki:eldenpedia	unresolved	second_independent_exact_landmark_source
7772058	glovewort	repeated_material_row	Altus	Ghost Glovewort [4]	30087980	m30_08	remaining_unreviewed	0		unresolved	first_exact_landmark_source
7772059	glovewort	repeated_material_row	Altus	Ghost Glovewort [4]	30087990	m30_08	remaining_unreviewed	0		unresolved	first_exact_landmark_source
7774268	glovewort	repeated_material_row	Altus	Ghost Glovewort [4]	1039547980	m60_39_54	remaining_unreviewed	0		unresolved	first_exact_landmark_source
7774269	glovewort	repeated_material_row	Altus	Ghost Glovewort [4]	1039547990	m60_39_54	remaining_unreviewed	0		unresolved	first_exact_landmark_source
7773812	glovewort	unique_material_row	Altus	Glovewort Picker's Bell Bearing [1]	520120		trusted	2	gameplay-guide:redmaw;gameplay-wiki:eldenpedia	unresolved	none_identity_region_trusted
7772171	glovewort	repeated_material_row	Caelid	Ghost Glovewort [4]	31117990	m31_11	remaining_unreviewed	0		unresolved	first_exact_landmark_source
7773306	glovewort	repeated_material_row	Cerulean	Ghost Glovewort [8]	2046407050	m61_46_40	audited_one_family	1	gameplay-guide:redmaw	unresolved	second_independent_exact_landmark_source
7773307	glovewort	repeated_material_row	Cerulean	Ghost Glovewort [9]	2046407060	m61_46_40	remaining_unreviewed	0		unresolved	first_exact_landmark_source
7772003	glovewort	repeated_material_row	Cerulean	Grave Glovewort [5]	22007170	m22_00	remaining_unreviewed	0		unresolved	first_exact_landmark_source
7773298	glovewort	repeated_material_row	Cerulean	Grave Glovewort [6]	2046397000	m61_46_40	remaining_unreviewed	0		unresolved	first_exact_landmark_source
7772004	glovewort	repeated_material_row	Cerulean	Grave Glovewort [7]	22007200	m22_00	remaining_unreviewed	0		unresolved	first_exact_landmark_source
7772008	glovewort	repeated_material_row	Cerulean	Grave Glovewort [7]	22007240	m22_00	remaining_unreviewed	0		unresolved	first_exact_landmark_source
7773364	glovewort	repeated_material_row	Cerulean	Grave Glovewort [7]	2047387000	m61_47_39	trusted	2	gameplay-guide:redmaw;gameplay-wiki:fextralife	unresolved	none_identity_region_trusted
7772000	glovewort	repeated_material_row	Cerulean	Grave Glovewort [8]	22007140	m22_00	remaining_unreviewed	0		unresolved	first_exact_landmark_source
7772002	glovewort	repeated_material_row	Cerulean	Grave Glovewort [8]	22007160	m22_00	audited_one_family	1	gameplay-guide:redmaw	unresolved	second_independent_exact_landmark_source
7773302	glovewort	repeated_material_row	Cerulean	Grave Glovewort [8]	2046397050	m61_47_39	audited_one_family	1	gameplay-guide:redmaw	unresolved	second_independent_exact_landmark_source
7773361	glovewort	repeated_material_row	Cerulean	Grave Glovewort [8]	2047367000	m61_48_38	trusted	3	gameplay-guide:game8;gameplay-guide:redmaw;gameplay-wiki:fextralife	unresolved	none_identity_region_trusted
7773365	glovewort	repeated_material_row	Cerulean	Grave Glovewort [9]	2047387010	m61_48_38	remaining_unreviewed	0		unresolved	first_exact_landmark_source
7773367	glovewort	repeated_material_row	Cerulean	Grave Glovewort [9]	2047397040	m61_47_39	remaining_unreviewed	0		unresolved	first_exact_landmark_source
7773369	glovewort	repeated_material_row	Cerulean	Grave Glovewort [9]	2047397080	m61_47_39	remaining_unreviewed	0		unresolved	first_exact_landmark_source
7773454	glovewort	repeated_material_row	Cerulean	Grave Glovewort [9]	2048377010	m61_48_38	remaining_unreviewed	0		unresolved	first_exact_landmark_source
7773456	glovewort	repeated_material_row	Cerulean	Grave Glovewort [9]	2048377030	m61_48_38	remaining_unreviewed	0		unresolved	first_exact_landmark_source
7773465	glovewort	repeated_material_row	Cerulean	Grave Glovewort [9]	2048397040	m61_48_38	audited_one_family	1	gameplay-guide:redmaw	unresolved	second_independent_exact_landmark_source
7773578	glovewort	repeated_material_row	Cerulean	Grave Glovewort [9]	2050387010	m61_48_38	audited_one_family	1	gameplay-guide:redmaw	unresolved	second_independent_exact_landmark_source
7773299	glovewort	repeated_material_row	Cerulean	Great Grave Glovewort	2046397020	m61_47_39	audited_one_family	1	gameplay-guide:redmaw	unresolved	second_independent_exact_landmark_source
7773305	glovewort	repeated_material_row	Cerulean	Great Grave Glovewort	2046407040	m61_46_40	remaining_unreviewed	0		unresolved	first_exact_landmark_source
7773455	glovewort	repeated_material_row	Cerulean	Great Grave Glovewort	2048377020	m61_48_38	remaining_unreviewed	0		unresolved	first_exact_landmark_source
7773459	glovewort	repeated_material_row	Cerulean	Great Grave Glovewort	2048387010	m61_48_38	trusted	2	gameplay-guide:game8;gameplay-wiki:eldenpedia	unresolved	none_identity_region_trusted
7773460	glovewort	repeated_material_row	Cerulean	Great Grave Glovewort	2048387030	m61_48_38	remaining_unreviewed	0		unresolved	first_exact_landmark_source
7774438	glovewort	repeated_material_row	Consecrated Snowfield	Ghost Glovewort [9]	1048577900	m60_48_57	remaining_unreviewed	0		unresolved	first_exact_landmark_source
7774439	glovewort	repeated_material_row	Consecrated Snowfield	Ghost Glovewort [9]	1048577910	m60_48_57	audited_one_family	1	gameplay-guide:redmaw	unresolved	second_independent_exact_landmark_source
7774440	glovewort	repeated_material_row	Consecrated Snowfield	Ghost Glovewort [9]	1048577920	m60_48_57	trusted	2	gameplay-guide:redmaw;gameplay-wiki:eldenpedia	unresolved	none_identity_region_trusted
7774441	glovewort	repeated_material_row	Consecrated Snowfield	Ghost Glovewort [9]	1048577930	m60_48_57	remaining_unreviewed	0		unresolved	first_exact_landmark_source
7773819	glovewort	repeated_material_row	Consecrated Snowfield	Great Grave Glovewort	520190		trusted	2	gameplay-guide:redmaw;gameplay-wiki:eldenpedia	unresolved	none_identity_region_trusted
7773492	glovewort	repeated_material_row	Ensis	Ghost Glovewort [7]	2048447080	m61_48_44	remaining_unreviewed	0		unresolved	first_exact_landmark_source
7771480	glovewort	unique_material_row	Farum Azula	Glovewort Picker's Bell Bearing [3]	13007910	m13_00	remaining_unreviewed	0		unresolved	first_exact_landmark_source
7771405	glovewort	repeated_material_row	Farum Azula	Great Grave Glovewort	13007025	m13_00	remaining_unreviewed	0		unresolved	first_exact_landmark_source
7771407	glovewort	repeated_material_row	Farum Azula	Great Grave Glovewort	13007035	m13_00	trusted	2	gameplay-guide:redmaw;gameplay-wiki:eldenpedia	unresolved	none_identity_region_trusted
7773204	glovewort	repeated_material_row	Gravesite	Ghost Glovewort [5]	2044417000	m61_46_41	trusted	2	gameplay-guide:redmaw;gameplay-wiki:eldenpedia	unresolved	none_identity_region_trusted
7774014	glovewort	repeated_material_row	Gravesite	Ghost Glovewort [5]	40007080	m40_00	remaining_unreviewed	0		unresolved	first_exact_landmark_source
7774016	glovewort	repeated_material_row	Gravesite	Ghost Glovewort [6]	40007100	m40_00	audited_one_family	1	gameplay-wiki:fextralife	unresolved	second_independent_exact_landmark_source
7773686	glovewort	unique_material_row	Gravesite	Glovewort Crystal Tear	65460		audited_one_family	1	gameplay-guide:redmaw	unresolved	second_independent_exact_landmark_source
7772424	glovewort	repeated_material_row	Gravesite	Grave Glovewort [5]	40007000	m40_00	remaining_unreviewed	0		unresolved	first_exact_landmark_source
7773388	glovewort	repeated_material_row	Gravesite	Grave Glovewort [5]	2047427000	m61_46_41	trusted	2	gameplay-guide:samurai-gamers;gameplay-wiki:eldenpedia	unresolved	none_identity_region_trusted
7773393	glovewort	repeated_material_row	Gravesite	Grave Glovewort [5]	2047437000	m61_46_41	audited_one_family	1	gameplay-guide:redmaw	unresolved	second_independent_exact_landmark_source
7773482	glovewort	repeated_material_row	Gravesite	Grave Glovewort [6]	2048437030	m61_46_41	remaining_unreviewed	0		unresolved	first_exact_landmark_source
7774011	glovewort	repeated_material_row	Gravesite	Grave Glovewort [6]	40007050	m40_00	remaining_unreviewed	0		unresolved	first_exact_landmark_source
7774017	glovewort	repeated_material_row	Gravesite	Grave Glovewort [7]	40007110	m40_00	audited_one_family	1	gameplay-wiki:fextralife	unresolved	second_independent_exact_landmark_source
7773438	glovewort	repeated_material_row	Gravesite	Grave Glovewort [8]	2047457180	m61_45_44	remaining_unreviewed	0		unresolved	first_exact_landmark_source
7772425	glovewort	repeated_material_row	Gravesite	Great Ghost Glovewort	40007800	m40_00	remaining_unreviewed	0		unresolved	first_exact_landmark_source
7771560	glovewort	repeated_material_row	Haligtree	Ghost Glovewort [9]	15001300		remaining_unreviewed	0		unresolved	first_exact_landmark_source
7771561	glovewort	repeated_material_row	Haligtree	Ghost Glovewort [9]	15001310		remaining_unreviewed	0		unresolved	first_exact_landmark_source
7771562	glovewort	repeated_material_row	Haligtree	Ghost Glovewort [9]	15001320		remaining_unreviewed	0		unresolved	first_exact_landmark_source
7771563	glovewort	repeated_material_row	Haligtree	Ghost Glovewort [9]	15001330		remaining_unreviewed	0		unresolved	first_exact_landmark_source
7771564	glovewort	repeated_material_row	Haligtree	Ghost Glovewort [9]	15001340		remaining_unreviewed	0		unresolved	first_exact_landmark_source
7771656	glovewort	unique_material_row	Haligtree	Ghost-Glovewort Picker's Bell Bearing [3]	15007910	m15_00	remaining_unreviewed	0		unresolved	first_exact_landmark_source
7771654	glovewort	repeated_material_row	Haligtree	Great Grave Glovewort	15007890	m15_00	remaining_unreviewed	0		unresolved	first_exact_landmark_source
7774549	glovewort	repeated_material_row	Jagged Peak	Great Grave Glovewort	2049427010	m61_49_41	trusted	2	gameplay-guide:game8;gameplay-guide:gamesradar	unresolved	none_identity_region_trusted
7772412	glovewort	repeated_material_row	Leyndell	Ghost Glovewort [6]	35007900	m35_00	remaining_unreviewed	0		unresolved	first_exact_landmark_source
7772421	glovewort	repeated_material_row	Leyndell	Ghost Glovewort [6]	35007995	m35_00	remaining_unreviewed	0		unresolved	first_exact_landmark_source
7773927	glovewort	unique_material_row	Limgrave	Grave Glovewort [1]	18007060	m18_00	remaining_unreviewed	0		unresolved	first_exact_landmark_source
7774115	glovewort	repeated_material_row	Liurnia	Ghost Glovewort [2]	1035417980	m60_35_42	remaining_unreviewed	0		unresolved	first_exact_landmark_source
7774116	glovewort	repeated_material_row	Liurnia	Ghost Glovewort [2]	1035417990	m60_34_42	remaining_unreviewed	0		unresolved	first_exact_landmark_source
7774204	glovewort	repeated_material_row	Liurnia	Ghost Glovewort [2]	1037427990	m60_37_42	audited_one_family	1	gameplay-wiki:fextralife	unresolved	second_independent_exact_landmark_source
7900137	glovewort	unique_material_row	Mountaintops of the Giants	Glovewort Picker's Bell Bearing [2]	520180		trusted	2	gameplay-guide:redmaw;gameplay-wiki:eldenpedia	unresolved	none_identity_region_trusted
7773221	glovewort	repeated_material_row	Rauh Base	Ghost Glovewort [6]	2044477000	m61_44_47	trusted	3	gameplay-guide:game8;gameplay-guide:redmaw;gameplay-wiki:fextralife	unresolved	none_identity_region_trusted
7774025	glovewort	repeated_material_row	Rauh Base	Ghost Glovewort [6]	40017040	m40_01	remaining_unreviewed	0		unresolved	first_exact_landmark_source
7774024	glovewort	repeated_material_row	Rauh Base	Ghost Glovewort [7]	40017030	m40_01	remaining_unreviewed	0		unresolved	first_exact_landmark_source
7774034	glovewort	repeated_material_row	Rauh Base	Ghost Glovewort [8]	40017130	m40_01	audited_one_family	1	gameplay-guide:redmaw	unresolved	second_independent_exact_landmark_source
7774027	glovewort	repeated_material_row	Rauh Base	Ghost Glovewort [9]	40017060	m40_01	audited_one_family	1	gameplay-wiki:fextralife	unresolved	second_independent_exact_landmark_source
7774022	glovewort	repeated_material_row	Rauh Base	Grave Glovewort [7]	40017010	m40_01	trusted	2	gameplay-guide:redmaw;gameplay-wiki:eldenpedia	unresolved	none_identity_region_trusted
7774031	glovewort	repeated_material_row	Rauh Base	Grave Glovewort [7]	40017100	m40_01	remaining_unreviewed	0		unresolved	first_exact_landmark_source
7773246	glovewort	repeated_material_row	Rauh Base	Grave Glovewort [8]	2045457010	m61_46_45	trusted	2	gameplay-guide:redmaw;gameplay-wiki:eldenpedia	unresolved	none_identity_region_trusted
7774033	glovewort	repeated_material_row	Rauh Base	Great Ghost Glovewort	40017120	m40_01	audited_one_family	1	gameplay-guide:redmaw	unresolved	second_independent_exact_landmark_source
7773532	glovewort	repeated_material_row	Scadu Altus	Ghost Glovewort [6]	2049437330	m61_49_43	remaining_unreviewed	0		unresolved	first_exact_landmark_source
7771917	glovewort	repeated_material_row	Scadu Altus	Ghost Glovewort [7]	21007580	m21_00	remaining_unreviewed	0		unresolved	first_exact_landmark_source
7774039	glovewort	repeated_material_row	Scadu Altus	Ghost Glovewort [7]	40027100	m61_49_45	remaining_unreviewed	0		unresolved	first_exact_landmark_source
7772428	glovewort	repeated_material_row	Scadu Altus	Ghost Glovewort [8]	40027200	m61_49_44	remaining_unreviewed	0		unresolved	first_exact_landmark_source
7773624	glovewort	repeated_material_row	Scadu Altus	Ghost Glovewort [9]	2051417000	m61_49_43	audited_one_family	1	gameplay-guide:redmaw	unresolved	second_independent_exact_landmark_source
7774043	glovewort	repeated_material_row	Scadu Altus	Ghost Glovewort [9]	40027140	m61_49_44	audited_one_family	1	gameplay-wiki:fextralife	unresolved	second_independent_exact_landmark_source
7772427	glovewort	repeated_material_row	Scadu Altus	Grave Glovewort [6]	40027000	m61_50_43	remaining_unreviewed	0		unresolved	first_exact_landmark_source
7773622	glovewort	repeated_material_row	Scadu Altus	Grave Glovewort [7]	2050477010	m61_49_45	remaining_unreviewed	0		unresolved	first_exact_landmark_source
7774037	glovewort	repeated_material_row	Scadu Altus	Grave Glovewort [7]	40027010	m61_49_43	remaining_unreviewed	0		unresolved	first_exact_landmark_source
7774044	glovewort	repeated_material_row	Scadu Altus	Great Ghost Glovewort	40027210	m61_47_45	remaining_unreviewed	0		unresolved	first_exact_landmark_source
7774045	glovewort	repeated_material_row	Scadu Altus	Great Ghost Glovewort	40027900	m61_51_44	trusted	2	gameplay-guide:redmaw;gameplay-wiki:eldenpedia	unresolved	none_identity_region_trusted
7771904	glovewort	repeated_material_row	Scadu Altus	Great Grave Glovewort	21007320	m21_00	audited_one_family	1	gameplay-wiki:fextralife	unresolved	second_independent_exact_landmark_source
7771971	glovewort	repeated_material_row	Shadow Keep	Ghost Glovewort [7]	21017640	m21_01	remaining_unreviewed	0		unresolved	first_exact_landmark_source
7771388	glovewort	unique_material_row	Siofra River	Ghost-Glovewort Picker's Bell Bearing [1]	12077400	m12_09	remaining_unreviewed	0		unresolved	first_exact_landmark_source
7771048	golden_seed	uniquely_anchored_collectible	Ainsel River	Golden Seed	12017100	m12_01	audited_one_family	1	gameplay-guide:redmaw	unresolved	second_independent_exact_landmark_source
7771144	golden_seed	uniquely_anchored_collectible	Ainsel River	Golden Seed	12017997	m12_01	remaining_unreviewed	0		unresolved	first_exact_landmark_source
7772686	golden_seed	uniquely_anchored_collectible	Altus	Golden Seed	1038517400	m60_38_51	audited_one_family	1	gameplay-guide:redmaw	unresolved	second_independent_exact_landmark_source
7772741	golden_seed	uniquely_anchored_collectible	Altus	Golden Seed	1039517400	m60_39_51	audited_one_family	1	gameplay-guide:redmaw	unresolved	second_independent_exact_landmark_source
7772843	golden_seed	uniquely_anchored_collectible	Altus	Golden Seed	1042507020	m60_41_51	remaining_unreviewed	0		unresolved	first_exact_landmark_source
7772845	golden_seed	uniquely_anchored_collectible	Altus	Golden Seed	1042517400	m60_41_51	remaining_unreviewed	0		unresolved	first_exact_landmark_source
7772846	golden_seed	uniquely_anchored_collectible	Altus	Golden Seed	1042517410	m60_41_52	audited_one_family	1	gameplay-wiki:fextralife	unresolved	second_independent_exact_landmark_source
7772848	golden_seed	uniquely_anchored_collectible	Altus	Golden Seed	1042547400	m60_42_55	remaining_unreviewed	0		unresolved	first_exact_landmark_source
7772895	golden_seed	uniquely_anchored_collectible	Altus	Golden Seed	1043527400	m60_44_53	remaining_unreviewed	0		unresolved	first_exact_landmark_source
7772896	golden_seed	uniquely_anchored_collectible	Altus	Golden Seed	1043527410	m60_43_53	remaining_unreviewed	0		unresolved	first_exact_landmark_source
7774304	golden_seed	uniquely_anchored_collectible	Altus	Golden Seed	1041547400	m60_42_55	remaining_unreviewed	0		unresolved	first_exact_landmark_source
7773048	golden_seed	uniquely_anchored_collectible	Caelid	Golden Seed	1049377020	m60_49_37	remaining_unreviewed	0		unresolved	first_exact_landmark_source
7773085	golden_seed	uniquely_anchored_collectible	Caelid	Golden Seed	1050397100	m60_49_39	trusted	2	gameplay-guide:redmaw;gameplay-wiki:eldenpedia	unresolved	none_identity_region_trusted
7774502	golden_seed	uniquely_anchored_collectible	Caelid	Golden Seed	1051437020	m60_51_43	remaining_unreviewed	0		unresolved	first_exact_landmark_source
7900003	golden_seed	uniquely_anchored_collectible	Caelid	Golden Seed	520160		remaining_unreviewed	0		unresolved	first_exact_landmark_source
7773042	golden_seed	uniquely_anchored_collectible	Consecrated Snowfield	Golden Seed	1048577800	m60_48_57	trusted	3	gameplay-guide:redmaw;gameplay-wiki:eldenpedia;gameplay-wiki:fextralife	unresolved	none_identity_region_trusted
7774471	golden_seed	uniquely_anchored_collectible	Consecrated Snowfield	Golden Seed	1049557800	m60_48_55	trusted	2	gameplay-guide:redmaw;gameplay-wiki:eldenpedia	unresolved	none_identity_region_trusted
7771484	golden_seed	uniquely_anchored_collectible	Farum Azula	Golden Seed	13007980	m13_00	trusted	3	gameplay-guide:game8;gameplay-guide:redmaw;gameplay-wiki:fextralife	unresolved	none_identity_region_trusted
7771485	golden_seed	uniquely_anchored_collectible	Farum Azula	Golden Seed	13007990	m13_00	remaining_unreviewed	0		unresolved	first_exact_landmark_source
7771554	golden_seed	uniquely_anchored_collectible	Haligtree	Golden Seed	15001200	m15_00	audited_one_family	1	gameplay-guide:redmaw	unresolved	second_independent_exact_landmark_source
7771026	golden_seed	uniquely_anchored_collectible	Leyndell	Golden Seed	11007993	m11_00	trusted	3	gameplay-guide:redmaw;gameplay-wiki:eldenpedia;gameplay-wiki:fextralife	unresolved	none_identity_region_trusted
7773920	golden_seed	uniquely_anchored_collectible	Leyndell	Golden Seed	11007990	m11_00	remaining_unreviewed	0		unresolved	first_exact_landmark_source
7770583	golden_seed	uniquely_anchored_collectible	Limgrave	Golden Seed	400191	m60_42_38	remaining_unreviewed	0		unresolved	first_exact_landmark_source
7772951	golden_seed	uniquely_anchored_collectible	Limgrave	Golden Seed	1046367100	m60_44_36	remaining_unreviewed	0		unresolved	first_exact_landmark_source
7773792	golden_seed	uniquely_anchored_collectible	Limgrave	Golden Seed	510280		audited_one_family	1	gameplay-wiki:eldenpedia	unresolved	second_independent_exact_landmark_source
7774293	golden_seed	uniquely_anchored_collectible	Limgrave	Golden Seed	1041387100	m60_42_37	audited_one_family	1	gameplay-guide:redmaw	unresolved	second_independent_exact_landmark_source
7772629	golden_seed	uniquely_anchored_collectible	Liurnia	Golden Seed	1037507100	m60_36_50	trusted	2	gameplay-guide:redmaw;gameplay-wiki:eldenpedia	unresolved	none_identity_region_trusted
7774156	golden_seed	uniquely_anchored_collectible	Liurnia	Golden Seed	1035507300	m60_35_50	audited_one_family	1	gameplay-guide:redmaw	unresolved	second_independent_exact_landmark_source
7774191	golden_seed	uniquely_anchored_collectible	Liurnia	Golden Seed	1036447300	m60_36_45	remaining_unreviewed	0		unresolved	first_exact_landmark_source
7771309	golden_seed	uniquely_anchored_collectible	Mohgwyn	Golden Seed	12057010	m12_05	trusted	2	gameplay-guide:redmaw;gameplay-wiki:fextralife	unresolved	none_identity_region_trusted
7773061	golden_seed	uniquely_anchored_collectible	Mountaintops of the Giants	Golden Seed	1049527800	m60_49_52	audited_one_family	1	gameplay-guide:redmaw	unresolved	second_independent_exact_landmark_source
7773181	golden_seed	uniquely_anchored_collectible	Mountaintops of the Giants	Golden Seed	1052537800	m60_52_52	remaining_unreviewed	0		unresolved	first_exact_landmark_source
7773818	golden_seed	uniquely_anchored_collectible	Mountaintops of the Giants	Golden Seed	520180		trusted	2	gameplay-guide:redmaw;gameplay-wiki:eldenpedia	unresolved	none_identity_region_trusted
7774525	golden_seed	uniquely_anchored_collectible	Mountaintops of the Giants	Golden Seed	1052577800	m60_53_56	audited_one_family	1	gameplay-guide:redmaw	unresolved	second_independent_exact_landmark_source
7772599	golden_seed	uniquely_anchored_collectible	Mt. Gelmir	Golden Seed	1036547400	m60_36_54	remaining_unreviewed	0		unresolved	first_exact_landmark_source
7772645	golden_seed	uniquely_anchored_collectible	Mt. Gelmir	Golden Seed	1037537400	m60_37_53	audited_one_family	1	gameplay-guide:redmaw	unresolved	second_independent_exact_landmark_source
7771552	golden_seed	uniquely_anchored_collectible	Raya Lucaria Academy	Golden Seed	14007990	m14_00	trusted	3	gameplay-guide:game8;gameplay-guide:redmaw;gameplay-wiki:fextralife	unresolved	none_identity_region_trusted
7774132	golden_seed	uniquely_anchored_collectible	Raya Lucaria Academy	Golden Seed	1035467100		remaining_unreviewed	0		unresolved	first_exact_landmark_source
7771148	golden_seed	uniquely_anchored_collectible	Siofra River	Golden Seed	12027040	m12_02	remaining_unreviewed	0		unresolved	first_exact_landmark_source
7770831	golden_seed	uniquely_anchored_collectible	Stormveil	Golden Seed	10007195	m10_00	remaining_unreviewed	0		unresolved	first_exact_landmark_source
7770884	golden_seed	uniquely_anchored_collectible	Stormveil	Golden Seed	10007730	m10_00	remaining_unreviewed	0		unresolved	first_exact_landmark_source
7773714	golden_seed	uniquely_anchored_collectible	Stormveil	Golden Seed	400220		trusted	3	gameplay-guide:powerpyx;gameplay-guide:redmaw;gameplay-wiki:eldenpedia	unresolved	none_identity_region_trusted
7772904	golden_seed	uniquely_anchored_collectible	Weeping	Golden Seed	1044327020	m60_44_32	remaining_unreviewed	0		unresolved	first_exact_landmark_source
7772021	revered_spirit_ash	uniquely_anchored_collectible	Abyssal	Revered Spirit Ash	28007110	m28_00	trusted	3	gameplay-guide:eip;gameplay-guide:game8;gameplay-guide:redmaw	unresolved	none_identity_region_trusted
7772022	revered_spirit_ash	uniquely_anchored_collectible	Abyssal	Revered Spirit Ash	28007900		trusted	2	gameplay-guide:game8;gameplay-guide:redmaw	unresolved	none_identity_region_trusted
7773210	revered_spirit_ash	uniquely_anchored_collectible	Ancient Ruins	Revered Spirit Ash	2044467000	m61_44_45	trusted	3	gameplay-guide:eip;gameplay-guide:game8;gameplay-guide:redmaw	unresolved	none_identity_region_trusted
7773220	revered_spirit_ash	uniquely_anchored_collectible	Ancient Ruins	Revered Spirit Ash	2044467950	m61_44_45	remaining_unreviewed	0		unresolved	first_exact_landmark_source
7773355	revered_spirit_ash	uniquely_anchored_collectible	Ancient Ruins	Revered Spirit Ash	2046477950	m61_46_46	remaining_unreviewed	0		unresolved	first_exact_landmark_source
7771745	revered_spirit_ash	uniquely_anchored_collectible	Belurat	Revered Spirit Ash	20007170	m20_00	remaining_unreviewed	0		unresolved	first_exact_landmark_source
7771798	revered_spirit_ash	uniquely_anchored_collectible	Belurat	Revered Spirit Ash	20007700	m20_00	remaining_unreviewed	0		unresolved	first_exact_landmark_source
7771807	revered_spirit_ash	uniquely_anchored_collectible	Belurat	Revered Spirit Ash	20007800	m20_00	remaining_unreviewed	0		unresolved	first_exact_landmark_source
7771811	revered_spirit_ash	uniquely_anchored_collectible	Belurat	Revered Spirit Ash	20007900	m20_00	audited_one_family	1	gameplay-wiki:fextralife	unresolved	second_independent_exact_landmark_source
7771834	revered_spirit_ash	uniquely_anchored_collectible	Enir Ilim	Revered Spirit Ash	20017200	m20_01	remaining_unreviewed	0		unresolved	first_exact_landmark_source
7771854	revered_spirit_ash	uniquely_anchored_collectible	Enir Ilim	Revered Spirit Ash	20017400	m20_01	remaining_unreviewed	0		unresolved	first_exact_landmark_source
7771881	revered_spirit_ash	uniquely_anchored_collectible	Enir Ilim	Revered Spirit Ash	20017900	m20_01	remaining_unreviewed	0		unresolved	first_exact_landmark_source
7773234	revered_spirit_ash	uniquely_anchored_collectible	Gravesite	Revered Spirit Ash	2045417700	m61_46_41	remaining_unreviewed	0		unresolved	first_exact_landmark_source
7773322	revered_spirit_ash	uniquely_anchored_collectible	Gravesite	Revered Spirit Ash	2046447700	m61_45_44	remaining_unreviewed	0		unresolved	first_exact_landmark_source
7773386	revered_spirit_ash	uniquely_anchored_collectible	Gravesite	Revered Spirit Ash	2047417700	m61_46_41	remaining_unreviewed	0		unresolved	first_exact_landmark_source
7773399	revered_spirit_ash	uniquely_anchored_collectible	Gravesite	Revered Spirit Ash	2047437700	m61_46_41	remaining_unreviewed	0		unresolved	first_exact_landmark_source
7773332	revered_spirit_ash	uniquely_anchored_collectible	Rauh Base	Revered Spirit Ash	2046457720	m61_46_45	remaining_unreviewed	0		unresolved	first_exact_landmark_source
7773553	revered_spirit_ash	uniquely_anchored_collectible	Scadu Altus	Revered Spirit Ash	2049447500	m61_49_44	remaining_unreviewed	0		unresolved	first_exact_landmark_source
7773588	revered_spirit_ash	uniquely_anchored_collectible	Scadu Altus	Revered Spirit Ash	2050437720	m61_50_43	remaining_unreviewed	0		unresolved	first_exact_landmark_source
7773601	revered_spirit_ash	uniquely_anchored_collectible	Scadu Altus	Revered Spirit Ash	2050447500	m61_49_44	remaining_unreviewed	0		unresolved	first_exact_landmark_source
7773615	revered_spirit_ash	uniquely_anchored_collectible	Scadu Altus	Revered Spirit Ash	2050467700	m61_49_45	remaining_unreviewed	0		unresolved	first_exact_landmark_source
7771933	revered_spirit_ash	uniquely_anchored_collectible	Shadow Keep	Revered Spirit Ash	21017020	m21_01	trusted	2	gameplay-guide:redmaw;gameplay-wiki:fextralife	unresolved	none_identity_region_trusted
7771961	revered_spirit_ash	uniquely_anchored_collectible	Shadow Keep	Revered Spirit Ash	21017460	m21_01	remaining_unreviewed	0		unresolved	first_exact_landmark_source
7772742	sacred_tear	uniquely_anchored_collectible	Altus	Sacred Tear	1039527400	m60_40_52	audited_one_family	1	gameplay-wiki:fextralife	unresolved	second_independent_exact_landmark_source
7772765	sacred_tear	uniquely_anchored_collectible	Altus	Sacred Tear	1040517400	m60_41_52	remaining_unreviewed	0		unresolved	first_exact_landmark_source
7773075	sacred_tear	uniquely_anchored_collectible	Caelid	Sacred Tear	1050387020	m60_49_37	remaining_unreviewed	0		unresolved	first_exact_landmark_source
7772956	sacred_tear	uniquely_anchored_collectible	Limgrave	Sacred Tear	1046387100	m60_45_39	remaining_unreviewed	0		unresolved	first_exact_landmark_source
7772583	sacred_tear	uniquely_anchored_collectible	Liurnia	Sacred Tear	1036497000	m60_35_50	remaining_unreviewed	0		unresolved	first_exact_landmark_source
7772625	sacred_tear	uniquely_anchored_collectible	Liurnia	Sacred Tear	1037497100	m60_36_48	remaining_unreviewed	0		unresolved	first_exact_landmark_source
7772708	sacred_tear	uniquely_anchored_collectible	Liurnia	Sacred Tear	1039397000	m60_38_41	trusted	2	gameplay-guide:redmaw;gameplay-wiki:fextralife	unresolved	none_identity_region_trusted
7774005	sacred_tear	uniquely_anchored_collectible	Liurnia	Sacred Tear	39207170	m39_20	remaining_unreviewed	0		unresolved	first_exact_landmark_source
7773132	sacred_tear	uniquely_anchored_collectible	Mountaintops of the Giants	Sacred Tear	1051537800	m60_52_52	remaining_unreviewed	0		unresolved	first_exact_landmark_source
7773203	sacred_tear	uniquely_anchored_collectible	Mountaintops of the Giants	Sacred Tear	1054557800	m60_54_56	remaining_unreviewed	0		unresolved	first_exact_landmark_source
7772784	sacred_tear	uniquely_anchored_collectible	Weeping	Sacred Tear	1041337200		audited_one_family	1	gameplay-guide:redmaw	unresolved	second_independent_exact_landmark_source
7772879	sacred_tear	uniquely_anchored_collectible	Weeping	Sacred Tear	1043357100	m60_43_33	remaining_unreviewed	0		unresolved	first_exact_landmark_source
7772915	sacred_tear	uniquely_anchored_collectible	Weeping	Sacred Tear	1044337100	m60_44_32	audited_one_family	1	gameplay-wiki:fextralife	unresolved	second_independent_exact_landmark_source
7773584	scadutree_fragment	uniquely_anchored_collectible	Abyssal	Scadutree Fragment	2050437010	m28_00	trusted	3	gameplay-guide:eip;gameplay-guide:redmaw;gameplay-wiki:fextralife	unresolved	none_identity_region_trusted
7773653	scadutree_fragment	uniquely_anchored_collectible	Abyssal	Scadutree Fragment	2053417500	m28_00	trusted	3	gameplay-guide:eip;gameplay-guide:gameofguides;gameplay-guide:redmaw	unresolved	none_identity_region_trusted
7773205	scadutree_fragment	uniquely_anchored_collectible	Ancient Ruins	Scadutree Fragment	2044457000	m61_44_45	trusted	3	gameplay-guide:redmaw;gameplay-wiki:eldenpedia;gameplay-wiki:fextralife	unresolved	none_identity_region_trusted
7773354	scadutree_fragment	uniquely_anchored_collectible	Ancient Ruins	Scadutree Fragment	2046477750	m61_46_46	audited_one_family	1	gameplay-guide:redmaw	unresolved	second_independent_exact_landmark_source
7774538	scadutree_fragment	uniquely_anchored_collectible	Ancient Ruins	Scadutree Fragment	2046467000	m61_46_46	audited_one_family	1	gameplay-guide:redmaw	unresolved	second_independent_exact_landmark_source
7774539	scadutree_fragment	uniquely_anchored_collectible	Ancient Ruins	Scadutree Fragment	2046477960		audited_one_family	1	gameplay-guide:redmaw	unresolved	second_independent_exact_landmark_source
7771790	scadutree_fragment	uniquely_anchored_collectible	Belurat	Scadutree Fragment	20007620	m20_00	remaining_unreviewed	0		unresolved	first_exact_landmark_source
7771809	scadutree_fragment	uniquely_anchored_collectible	Belurat	Scadutree Fragment	20007820	m20_00	trusted	2	gameplay-guide:game8;gameplay-guide:powerpyx	encoded	none_identity_region_trusted
7771995	scadutree_fragment	uniquely_anchored_collectible	Cerulean	Scadutree Fragment	22007000	m22_00	remaining_unreviewed	0		unresolved	first_exact_landmark_source
7773457	scadutree_fragment	uniquely_anchored_collectible	Cerulean	Scadutree Fragment	2048377050	m61_48_38	remaining_unreviewed	0		unresolved	first_exact_landmark_source
7774540	scadutree_fragment	uniquely_anchored_collectible	Cerulean	Scadutree Fragment	2047397070	m61_47_39	remaining_unreviewed	0		unresolved	first_exact_landmark_source
7774541	scadutree_fragment	uniquely_anchored_collectible	Cerulean	Scadutree Fragment	2047407100	m61_47_39	remaining_unreviewed	0		unresolved	first_exact_landmark_source
7771849	scadutree_fragment	uniquely_anchored_collectible	Enir Ilim	Scadutree Fragment	20017350	m20_01	remaining_unreviewed	0		unresolved	first_exact_landmark_source
7771861	scadutree_fragment	uniquely_anchored_collectible	Enir Ilim	Scadutree Fragment	20017470	m20_01	remaining_unreviewed	0		unresolved	first_exact_landmark_source
7771869	scadutree_fragment	uniquely_anchored_collectible	Enir Ilim	Scadutree Fragment	20017550	m20_01	remaining_unreviewed	0		unresolved	first_exact_landmark_source
7773493	scadutree_fragment	uniquely_anchored_collectible	Ensis	Scadutree Fragment	2048447500	m61_48_44	remaining_unreviewed	0		unresolved	first_exact_landmark_source
7774543	scadutree_fragment	uniquely_anchored_collectible	Ensis	Scadutree Fragment	2047447720		remaining_unreviewed	0		unresolved	first_exact_landmark_source
7773473	scadutree_fragment	uniquely_anchored_collectible	Gravesite	Scadutree Fragment	2048417700	m61_46_41	audited_one_family	1	gameplay-guide:redmaw	unresolved	second_independent_exact_landmark_source
7773483	scadutree_fragment	uniquely_anchored_collectible	Gravesite	Scadutree Fragment	2048437700	m61_46_41	remaining_unreviewed	0		unresolved	first_exact_landmark_source
7774534	scadutree_fragment	uniquely_anchored_collectible	Gravesite	Scadutree Fragment	2044417995		remaining_unreviewed	0		unresolved	first_exact_landmark_source
7774535	scadutree_fragment	uniquely_anchored_collectible	Gravesite	Scadutree Fragment	2045427700	m61_46_41	audited_one_family	1	gameplay-wiki:fextralife	unresolved	second_independent_exact_landmark_source
7774536	scadutree_fragment	uniquely_anchored_collectible	Gravesite	Scadutree Fragment	2046427700	m61_46_41	remaining_unreviewed	0		unresolved	first_exact_landmark_source
7774542	scadutree_fragment	uniquely_anchored_collectible	Gravesite	Scadutree Fragment	2047417995		remaining_unreviewed	0		unresolved	first_exact_landmark_source
7774544	scadutree_fragment	uniquely_anchored_collectible	Gravesite	Scadutree Fragment	2047447750	m61_45_44	trusted	2	gameplay-guide:gamesradar;gameplay-guide:powerpyx	unresolved	none_identity_region_trusted
7773649	scadutree_fragment	uniquely_anchored_collectible	Jagged Peak	Scadutree Fragment	2053397020	m61_54_39	remaining_unreviewed	0		unresolved	first_exact_landmark_source
7773328	scadutree_fragment	uniquely_anchored_collectible	Rauh Base	Scadutree Fragment	2046457040	m61_46_45	remaining_unreviewed	0		unresolved	first_exact_landmark_source
7773498	scadutree_fragment	uniquely_anchored_collectible	Scadu Altus	Scadutree Fragment	2048457520	m61_47_45	remaining_unreviewed	0		unresolved	first_exact_landmark_source
7773506	scadutree_fragment	uniquely_anchored_collectible	Scadu Altus	Scadutree Fragment	2048467510	m61_47_45	remaining_unreviewed	0		unresolved	first_exact_landmark_source
7773587	scadutree_fragment	uniquely_anchored_collectible	Scadu Altus	Scadutree Fragment	2050437500	m61_50_43	remaining_unreviewed	0		unresolved	first_exact_landmark_source
7773932	scadutree_fragment	uniquely_anchored_collectible	Scadu Altus	Scadutree Fragment	21007400	m21_00	audited_one_family	1	gameplay-guide:redmaw	unresolved	second_independent_exact_landmark_source
7774547	scadutree_fragment	uniquely_anchored_collectible	Scadu Altus	Scadutree Fragment	2047467500	m61_47_45	remaining_unreviewed	0		unresolved	first_exact_landmark_source
7774550	scadutree_fragment	uniquely_anchored_collectible	Scadu Altus	Scadutree Fragment	2049440990		remaining_unreviewed	0		unresolved	first_exact_landmark_source
7774552	scadutree_fragment	uniquely_anchored_collectible	Scadu Altus	Scadutree Fragment	2049447530	m61_49_44	trusted	2	gameplay-guide:game8;gameplay-guide:gamesradar	unresolved	none_identity_region_trusted
7774553	scadutree_fragment	uniquely_anchored_collectible	Scadu Altus	Scadutree Fragment	2049457510	m61_49_45	trusted	2	gameplay-guide:game8;gameplay-guide:pushsquare	unresolved	none_identity_region_trusted
7774561	scadutree_fragment	uniquely_anchored_collectible	Scadu Altus	Scadutree Fragment	2050457730	m61_49_45	remaining_unreviewed	0		unresolved	first_exact_landmark_source
7774563	scadutree_fragment	uniquely_anchored_collectible	Scadu Altus	Scadutree Fragment	2051447500	m61_51_44	trusted	2	gameplay-guide:gamesradar;gameplay-guide:pushsquare	unresolved	none_identity_region_trusted
7774564	scadutree_fragment	uniquely_anchored_collectible	Scadu Altus	Scadutree Fragment	2051447510	m61_51_44	trusted	2	gameplay-guide:gamesradar;gameplay-wiki:eldenpedia	unresolved	none_identity_region_trusted
7900001	scadutree_fragment	uniquely_anchored_collectible	Scadu Altus	Scadutree Fragment	510440		trusted	2	gameplay-guide:game8;gameplay-wiki:eldenpedia	unresolved	none_identity_region_trusted
7771949	scadutree_fragment	uniquely_anchored_collectible	Shadow Keep	Scadutree Fragment	21017200	m21_01	trusted	2	gameplay-guide:redmaw;gameplay-wiki:fextralife	unresolved	none_identity_region_trusted
7771965	scadutree_fragment	uniquely_anchored_collectible	Shadow Keep	Scadutree Fragment	21017500	m21_01	remaining_unreviewed	0		unresolved	first_exact_landmark_source
7774554	scadutree_fragment	uniquely_anchored_collectible	Shadow Keep	Scadutree Fragment	2049487000	m61_49_48	trusted	2	gameplay-guide:game8;gameplay-guide:gamesradar	unresolved	none_identity_region_trusted
7774555	scadutree_fragment	uniquely_anchored_collectible	Shadow Keep	Scadutree Fragment	2049497500	m61_49_48	remaining_unreviewed	0		unresolved	first_exact_landmark_source
7774556	scadutree_fragment	uniquely_anchored_collectible	Shadow Keep	Scadutree Fragment	2049497520	m61_50_48	remaining_unreviewed	0		unresolved	first_exact_landmark_source
7774557	scadutree_fragment	uniquely_anchored_collectible	Shadow Keep	Scadutree Fragment	2049497530	m61_50_48	trusted	2	gameplay-guide:game8;gameplay-wiki:eldenpedia	unresolved	none_identity_region_trusted
7774558	scadutree_fragment	uniquely_anchored_collectible	Shadow Keep	Scadutree Fragment	2049497540	m61_50_48	remaining_unreviewed	0		unresolved	first_exact_landmark_source
7774559	scadutree_fragment	uniquely_anchored_collectible	Shadow Keep	Scadutree Fragment	2049497550	m61_50_48	remaining_unreviewed	0		unresolved	first_exact_landmark_source
7773585	smithing_stone	repeated_material_row	Abyssal	Smithing Stone [7]	2050437040	m28_00	remaining_unreviewed	0		unresolved	first_exact_landmark_source
7773643	smithing_stone	repeated_material_row	Abyssal	Somber Smithing Stone [9]	2052407010	m28_00	remaining_unreviewed	0		unresolved	first_exact_landmark_source
7771044	smithing_stone	repeated_material_row	Ainsel River	Smithing Stone [1]	12017060	m12_01	remaining_unreviewed	0		unresolved	first_exact_landmark_source
7771083	smithing_stone	repeated_material_row	Ainsel River	Smithing Stone [1]	12017440	m12_04	trusted	2	gameplay-guide:redmaw;gameplay-wiki:eldenpedia	unresolved	none_identity_region_trusted
7771067	smithing_stone	repeated_material_row	Ainsel River	Smithing Stone [2]	12017280	m12_04	remaining_unreviewed	0		unresolved	first_exact_landmark_source
7771054	smithing_stone	repeated_material_row	Ainsel River	Smithing Stone [3]	12017150	m12_01	audited_one_family	1	gameplay-guide:redmaw	unresolved	second_independent_exact_landmark_source
7771058	smithing_stone	repeated_material_row	Ainsel River	Smithing Stone [3]	12017190	m12_01	trusted	2	gameplay-guide:redmaw;gameplay-wiki:fextralife	unresolved	none_identity_region_trusted
7771060	smithing_stone	repeated_material_row	Ainsel River	Smithing Stone [3]	12017210	m12_01	remaining_unreviewed	0		unresolved	first_exact_landmark_source
7771062	smithing_stone	repeated_material_row	Ainsel River	Smithing Stone [3]	12017230	m12_01	remaining_unreviewed	0		unresolved	first_exact_landmark_source
7771065	smithing_stone	repeated_material_row	Ainsel River	Smithing Stone [3]	12017260	m12_01	remaining_unreviewed	0		unresolved	first_exact_landmark_source
7771066	smithing_stone	repeated_material_row	Ainsel River	Smithing Stone [4]	12017270	m12_01	remaining_unreviewed	0		unresolved	first_exact_landmark_source
7771092	smithing_stone	repeated_material_row	Ainsel River	Smithing Stone [4]	12017530	m12_01	remaining_unreviewed	0		unresolved	first_exact_landmark_source
7771119	smithing_stone	repeated_material_row	Ainsel River	Smithing Stone [4]	12017800	m12_04	remaining_unreviewed	0		unresolved	first_exact_landmark_source
7771120	smithing_stone	repeated_material_row	Ainsel River	Smithing Stone [5]	12017810	m12_01	remaining_unreviewed	0		unresolved	first_exact_landmark_source
7771122	smithing_stone	repeated_material_row	Ainsel River	Smithing Stone [5]	12017830	m12_01	remaining_unreviewed	0		unresolved	first_exact_landmark_source
7771101	smithing_stone	repeated_material_row	Ainsel River	Smithing Stone [6]	12017620	m12_01	remaining_unreviewed	0		unresolved	first_exact_landmark_source
7771106	smithing_stone	repeated_material_row	Ainsel River	Smithing Stone [6]	12017670	m12_01	remaining_unreviewed	0		unresolved	first_exact_landmark_source
7771115	smithing_stone	repeated_material_row	Ainsel River	Smithing Stone [6]	12017760	m12_04	remaining_unreviewed	0		unresolved	first_exact_landmark_source
7771126	smithing_stone	repeated_material_row	Ainsel River	Smithing Stone [6]	12017870	m12_01	trusted	2	gameplay-guide:redmaw;gameplay-wiki:eldenpedia	unresolved	none_identity_region_trusted
7771125	smithing_stone	repeated_material_row	Ainsel River	Smithing Stone [7]	12017860	m12_01	remaining_unreviewed	0		unresolved	first_exact_landmark_source
7771071	smithing_stone	repeated_material_row	Ainsel River	Somber Smithing Stone [3]	12017320	m12_04	audited_one_family	1	gameplay-wiki:fextralife	unresolved	second_independent_exact_landmark_source
7770778	smithing_stone	repeated_material_row	Ainsel River	Somber Smithing Stone [6]	540600	m12_04	remaining_unreviewed	0		unresolved	first_exact_landmark_source
7770779	smithing_stone	repeated_material_row	Ainsel River	Somber Smithing Stone [6]	540602	m12_01	remaining_unreviewed	0		unresolved	first_exact_landmark_source
7771091	smithing_stone	repeated_material_row	Ainsel River	Somber Smithing Stone [6]	12017520	m12_04	remaining_unreviewed	0		unresolved	first_exact_landmark_source
7771077	smithing_stone	repeated_material_row	Ainsel River	Somber Smithing Stone [7]	12017380	m12_01	trusted	2	gameplay-guide:redmaw;gameplay-wiki:fextralife	unresolved	none_identity_region_trusted
7771109	smithing_stone	repeated_material_row	Ainsel River	Somber Smithing Stone [7]	12017700	m12_01	remaining_unreviewed	0		unresolved	first_exact_landmark_source
7771117	smithing_stone	repeated_material_row	Ainsel River	Somber Smithing Stone [7]	12017780	m12_01	remaining_unreviewed	0		unresolved	first_exact_landmark_source
7771128	smithing_stone	repeated_material_row	Ainsel River	Somber Smithing Stone [7]	12017890	m12_01	remaining_unreviewed	0		unresolved	first_exact_landmark_source
7771133	smithing_stone	repeated_material_row	Ainsel River	Somber Smithing Stone [7]	12017940	m12_01	remaining_unreviewed	0		unresolved	first_exact_landmark_source
7771143	smithing_stone	repeated_material_row	Ainsel River	Somber Smithing Stone [7]	12017995	m12_04	trusted	2	gameplay-guide:redmaw;gameplay-wiki:eldenpedia	unresolved	none_identity_region_trusted
7771041	smithing_stone	repeated_material_row	Ainsel River	Somber Smithing Stone [8]	12017030	m12_01	remaining_unreviewed	0		unresolved	first_exact_landmark_source
7771127	smithing_stone	repeated_material_row	Ainsel River	Somber Smithing Stone [8]	12017880	m12_04	audited_one_family	1	gameplay-wiki:eldenpedia	unresolved	second_independent_exact_landmark_source
7771047	smithing_stone	repeated_material_row	Ainsel River	Somber Smithing Stone [9]	12017090	m12_04	remaining_unreviewed	0		unresolved	first_exact_landmark_source
7774251	smithing_stone	repeated_material_row	Altus	Smithing Stone [4]	1039547070	m60_39_54	remaining_unreviewed	0		unresolved	first_exact_landmark_source
7774266	smithing_stone	repeated_material_row	Altus	Smithing Stone [4]	1039547260	m60_39_54	remaining_unreviewed	0		unresolved	first_exact_landmark_source
7772082	smithing_stone	repeated_material_row	Altus	Smithing Stone [5]	30137030	m30_13	audited_one_family	1	gameplay-wiki:eldenpedia	unresolved	second_independent_exact_landmark_source
7772630	smithing_stone	repeated_material_row	Altus	Smithing Stone [5]	1037517000	m60_38_51	remaining_unreviewed	0		unresolved	first_exact_landmark_source
7772754	smithing_stone	repeated_material_row	Altus	Smithing Stone [5]	1039547230	m60_39_54	audited_one_family	1	gameplay-guide:redmaw	unresolved	second_independent_exact_landmark_source
7772947	smithing_stone	repeated_material_row	Altus	Smithing Stone [5]	1045527030	m60_45_52	remaining_unreviewed	0		unresolved	first_exact_landmark_source
7774247	smithing_stone	repeated_material_row	Altus	Smithing Stone [5]	1039547020	m60_39_54	remaining_unreviewed	0		unresolved	first_exact_landmark_source
7774253	smithing_stone	repeated_material_row	Altus	Smithing Stone [5]	1039547090	m60_39_54	remaining_unreviewed	0		unresolved	first_exact_landmark_source
7774263	smithing_stone	repeated_material_row	Altus	Smithing Stone [5]	1039547200	m60_39_54	remaining_unreviewed	0		unresolved	first_exact_landmark_source
7774265	smithing_stone	repeated_material_row	Altus	Smithing Stone [5]	1039547240	m60_39_54	remaining_unreviewed	0		unresolved	first_exact_landmark_source
7774350	smithing_stone	repeated_material_row	Altus	Smithing Stone [5]	1043537040	m60_43_53	audited_one_family	1	gameplay-guide:redmaw	unresolved	second_independent_exact_landmark_source
7772333	smithing_stone	repeated_material_row	Altus	Smithing Stone [6]	34127130	m34_12	audited_one_family	1	gameplay-wiki:eldenpedia	unresolved	second_independent_exact_landmark_source
7772946	smithing_stone	repeated_material_row	Altus	Smithing Stone [6]	1045527020	m60_45_52	remaining_unreviewed	0		unresolved	first_exact_landmark_source
7772266	smithing_stone	repeated_material_row	Altus	Somber Smithing Stone [4]	32047020	m32_04	trusted	3	gameplay-guide:redmaw;gameplay-wiki:eldenpedia;gameplay-wiki:fextralife	unresolved	none_identity_region_trusted
7770706	smithing_stone	repeated_material_row	Altus	Somber Smithing Stone [5]	530310	m60_41_50	trusted	2	gameplay-guide:redmaw;gameplay-wiki:eldenpedia	unresolved	none_identity_region_trusted
7770765	smithing_stone	repeated_material_row	Altus	Somber Smithing Stone [5]	540320	m60_40_53	remaining_unreviewed	0		unresolved	first_exact_landmark_source
7774252	smithing_stone	repeated_material_row	Altus	Somber Smithing Stone [5]	1039547080	m60_39_54	remaining_unreviewed	0		unresolved	first_exact_landmark_source
7774319	smithing_stone	repeated_material_row	Altus	Somber Smithing Stone [5]	1042537010	m60_43_53	audited_one_family	1	gameplay-guide:redmaw	unresolved	second_independent_exact_landmark_source
7774548	smithing_stone	repeated_material_row	Ancient Ruins	Smithing Stone [7]	2047477050	m61_46_46	trusted	2	gameplay-guide:game8;gameplay-guide:gamesradar	unresolved	none_identity_region_trusted
7773216	smithing_stone	repeated_material_row	Ancient Ruins	Smithing Stone [8]	2044467060	m61_44_45	trusted	3	gameplay-guide:game8;gameplay-guide:redmaw;gameplay-wiki:fextralife	unresolved	none_identity_region_trusted
7773337	smithing_stone	repeated_material_row	Ancient Ruins	Smithing Stone [8]	2046467020	m61_46_46	remaining_unreviewed	0		unresolved	first_exact_landmark_source
7773344	smithing_stone	repeated_material_row	Ancient Ruins	Somber Smithing Stone [8]	2046477070	m61_46_46	audited_one_family	1	gameplay-guide:redmaw	unresolved	second_independent_exact_landmark_source
7773352	smithing_stone	repeated_material_row	Ancient Ruins	Somber Smithing Stone [8]	2046477700	m61_46_46	trusted	3	gameplay-guide:eip;gameplay-guide:game8;gameplay-guide:redmaw	unresolved	none_identity_region_trusted
7773342	smithing_stone	repeated_material_row	Ancient Ruins	Somber Smithing Stone [9]	2046477030	m61_46_46	audited_one_family	1	gameplay-guide:redmaw	unresolved	second_independent_exact_landmark_source
7771032	smithing_stone	repeated_material_row	Ashen Capital	Somber Ancient Dragon Smithing Stone	11057010	m11_05	trusted	2	gameplay-guide:redmaw;gameplay-wiki:eldenpedia	unresolved	none_identity_region_trusted
7771753	smithing_stone	repeated_material_row	Belurat	Smithing Stone [5]	20007250	m20_00	audited_one_family	1	gameplay-wiki:fextralife	unresolved	second_independent_exact_landmark_source
7771749	smithing_stone	repeated_material_row	Belurat	Smithing Stone [6]	20007210	m20_00	audited_one_family	1	gameplay-wiki:fextralife	unresolved	second_independent_exact_landmark_source
7771781	smithing_stone	repeated_material_row	Belurat	Smithing Stone [6]	20007530	m20_00	remaining_unreviewed	0		unresolved	first_exact_landmark_source
7771734	smithing_stone	repeated_material_row	Belurat	Somber Smithing Stone [5]	20007060	m20_00	remaining_unreviewed	0		unresolved	first_exact_landmark_source
7771799	smithing_stone	repeated_material_row	Belurat	Somber Smithing Stone [5]	20007710	m20_00	trusted	2	gameplay-guide:game8;gameplay-guide:samurai-gamers	unresolved	none_identity_region_trusted
7771739	smithing_stone	repeated_material_row	Belurat	Somber Smithing Stone [7]	20007110	m20_00	remaining_unreviewed	0		unresolved	first_exact_landmark_source
7773716	smithing_stone	repeated_material_row	Caelid	Ancient Dragon Smithing Stone	400230		remaining_unreviewed	0		unresolved	first_exact_landmark_source
7773735	smithing_stone	repeated_material_row	Caelid	Ancient Dragon Smithing Stone	400400		remaining_unreviewed	0		unresolved	first_exact_landmark_source
7772170	smithing_stone	repeated_material_row	Caelid	Smithing Stone [1]	31117300	m31_11	audited_one_family	1	gameplay-wiki:eldenpedia	unresolved	second_independent_exact_landmark_source
7773110	smithing_stone	repeated_material_row	Caelid	Smithing Stone [3]	1051367030	m60_51_36	remaining_unreviewed	0		unresolved	first_exact_landmark_source
7773112	smithing_stone	repeated_material_row	Caelid	Smithing Stone [3]	1051367050	m60_51_36	remaining_unreviewed	0		unresolved	first_exact_landmark_source
7773111	smithing_stone	repeated_material_row	Caelid	Smithing Stone [4]	1051367040	m60_51_36	remaining_unreviewed	0		unresolved	first_exact_landmark_source
7773115	smithing_stone	repeated_material_row	Caelid	Smithing Stone [4]	1051367090	m60_51_36	remaining_unreviewed	0		unresolved	first_exact_landmark_source
7774415	smithing_stone	repeated_material_row	Caelid	Smithing Stone [4]	1047407020	m60_47_40	remaining_unreviewed	0		unresolved	first_exact_landmark_source
7774448	smithing_stone	repeated_material_row	Caelid	Smithing Stone [4]	1049387030	m60_49_38	remaining_unreviewed	0		unresolved	first_exact_landmark_source
7772988	smithing_stone	repeated_material_row	Caelid	Smithing Stone [5]	1047397000	m60_47_40	trusted	3	gameplay-guide:redmaw;gameplay-wiki:eldenpedia;gameplay-wiki:fextralife	unresolved	none_identity_region_trusted
7773054	smithing_stone	repeated_material_row	Caelid	Smithing Stone [5]	1049407040	m60_49_39	remaining_unreviewed	0		unresolved	first_exact_landmark_source
7773113	smithing_stone	repeated_material_row	Caelid	Smithing Stone [5]	1051367060	m60_51_36	remaining_unreviewed	0		unresolved	first_exact_landmark_source
7773114	smithing_stone	repeated_material_row	Caelid	Smithing Stone [5]	1051367080	m60_51_36	remaining_unreviewed	0		unresolved	first_exact_landmark_source
7773109	smithing_stone	repeated_material_row	Caelid	Smithing Stone [6]	1051367020	m60_51_36	remaining_unreviewed	0		unresolved	first_exact_landmark_source
7773116	smithing_stone	repeated_material_row	Caelid	Smithing Stone [6]	1051367100	m60_51_36	remaining_unreviewed	0		unresolved	first_exact_landmark_source
7773119	smithing_stone	repeated_material_row	Caelid	Smithing Stone [6]	1051367910	m60_51_36	audited_one_family	1	gameplay-wiki:eldenpedia	unresolved	second_independent_exact_landmark_source
7773078	smithing_stone	repeated_material_row	Caelid	Smithing Stone [7]	1050397020	m60_49_39	remaining_unreviewed	0		unresolved	first_exact_landmark_source
7773079	smithing_stone	repeated_material_row	Caelid	Smithing Stone [7]	1050397030	m60_51_40	remaining_unreviewed	0		unresolved	first_exact_landmark_source
7773081	smithing_stone	repeated_material_row	Caelid	Smithing Stone [8]	1050397050	m60_49_39	remaining_unreviewed	0		unresolved	first_exact_landmark_source
7772277	smithing_stone	repeated_material_row	Caelid	Somber Smithing Stone [2]	32077000	m32_07	trusted	2	gameplay-wiki:eldenpedia;gameplay-wiki:fextralife	unresolved	none_identity_region_trusted
7770775	smithing_stone	repeated_material_row	Caelid	Somber Smithing Stone [4]	540422	m60_48_40	remaining_unreviewed	0		unresolved	first_exact_landmark_source
7772164	smithing_stone	repeated_material_row	Caelid	Somber Smithing Stone [4]	31117040	m31_11	trusted	2	gameplay-wiki:eldenpedia;gameplay-wiki:fextralife	unresolved	none_identity_region_trusted
7772288	smithing_stone	repeated_material_row	Caelid	Somber Smithing Stone [4]	32087070	m32_08	audited_one_family	1	gameplay-wiki:eldenpedia	unresolved	second_independent_exact_landmark_source
7772975	smithing_stone	repeated_material_row	Caelid	Somber Smithing Stone [4]	1047387010	m60_48_37	audited_one_family	1	gameplay-wiki:fextralife	unresolved	second_independent_exact_landmark_source
7774416	smithing_stone	repeated_material_row	Caelid	Somber Smithing Stone [4]	1047407030	m60_47_40	remaining_unreviewed	0		unresolved	first_exact_landmark_source
7774445	smithing_stone	repeated_material_row	Caelid	Somber Smithing Stone [4]	1049377700	m60_49_37	audited_one_family	1	gameplay-wiki:fextralife	unresolved	second_independent_exact_landmark_source
7774446	smithing_stone	repeated_material_row	Caelid	Somber Smithing Stone [4]	1049387010	m60_49_38	remaining_unreviewed	0		unresolved	first_exact_landmark_source
7774493	smithing_stone	repeated_material_row	Caelid	Somber Smithing Stone [4]	1051367700	m60_51_36	remaining_unreviewed	0		unresolved	first_exact_landmark_source
7774494	smithing_stone	repeated_material_row	Caelid	Somber Smithing Stone [4]	1051367800	m60_51_36	remaining_unreviewed	0		unresolved	first_exact_landmark_source
7774633	smithing_stone	repeated_material_row	Caelid	Somber Smithing Stone [4]	540424	m60_49_37	audited_one_family	1	gameplay-guide:redmaw	unresolved	second_independent_exact_landmark_source
7772231	smithing_stone	repeated_material_row	Caelid	Somber Smithing Stone [5]	31217200	m31_21	remaining_unreviewed	0		unresolved	first_exact_landmark_source
7773014	smithing_stone	repeated_material_row	Caelid	Somber Smithing Stone [5]	1048397010	m60_49_39	remaining_unreviewed	0		unresolved	first_exact_landmark_source
7773117	smithing_stone	repeated_material_row	Caelid	Somber Smithing Stone [5]	1051367110	m60_51_36	remaining_unreviewed	0		unresolved	first_exact_landmark_source
7773844	smithing_stone	repeated_material_row	Caelid	Somber Smithing Stone [6]	520670		trusted	2	gameplay-guide:redmaw;gameplay-wiki:eldenpedia	unresolved	none_identity_region_trusted
7773886	smithing_stone	repeated_material_row	Caelid	Somber Smithing Stone [8]	540426	m60_48_40	audited_one_family	1	gameplay-guide:redmaw	unresolved	second_independent_exact_landmark_source
7773058	smithing_stone	repeated_material_row	Caelid	Somber Smithing Stone [9]	1049417090	m60_48_40	remaining_unreviewed	0		unresolved	first_exact_landmark_source
7774634	smithing_stone	repeated_material_row	Caelid	Somber Smithing Stone [9]	540428	m60_52_41	audited_one_family	1	gameplay-guide:redmaw	unresolved	second_independent_exact_landmark_source
7773370	smithing_stone	repeated_material_row	Cerulean	Smithing Stone [6]	2047397090	m61_47_39	remaining_unreviewed	0		unresolved	first_exact_landmark_source
7773513	smithing_stone	repeated_material_row	Cerulean	Smithing Stone [6]	2049387060	m61_48_38	remaining_unreviewed	0		unresolved	first_exact_landmark_source
7773950	smithing_stone	repeated_material_row	Cerulean	Smithing Stone [6]	22007190	m22_00	remaining_unreviewed	0		unresolved	first_exact_landmark_source
7773461	smithing_stone	repeated_material_row	Cerulean	Smithing Stone [7]	2048397000	m61_48_38	remaining_unreviewed	0		unresolved	first_exact_landmark_source
7772010	smithing_stone	repeated_material_row	Cerulean	Smithing Stone [8]	22007910		trusted	2	gameplay-guide:redmaw;gameplay-wiki:eldenpedia	unresolved	none_identity_region_trusted
7773296	smithing_stone	repeated_material_row	Cerulean	Somber Smithing Stone [6]	2046387050	m61_46_38	remaining_unreviewed	0		unresolved	first_exact_landmark_source
7772296	smithing_stone	repeated_material_row	Consecrated Snowfield	Ancient Dragon Smithing Stone	32117030	m32_11	audited_one_family	1	gameplay-wiki:eldenpedia	unresolved	second_independent_exact_landmark_source
7773102	smithing_stone	repeated_material_row	Consecrated Snowfield	Ancient Dragon Smithing Stone	1050567600	m60_50_56	remaining_unreviewed	0		unresolved	first_exact_landmark_source
7774434	smithing_stone	repeated_material_row	Consecrated Snowfield	Ancient Dragon Smithing Stone	1048557700	m60_48_55	remaining_unreviewed	0		unresolved	first_exact_landmark_source
7772967	smithing_stone	repeated_material_row	Consecrated Snowfield	Smithing Stone [7]	1046577800	m60_48_55	audited_one_family	1	gameplay-wiki:eldenpedia	unresolved	second_independent_exact_landmark_source
7772993	smithing_stone	repeated_material_row	Consecrated Snowfield	Smithing Stone [7]	1047557000	m60_48_55	remaining_unreviewed	0		unresolved	first_exact_landmark_source
7772999	smithing_stone	repeated_material_row	Consecrated Snowfield	Smithing Stone [8]	1047567310	m60_48_55	trusted	2	gameplay-guide:redmaw;gameplay-wiki:eldenpedia	unresolved	none_identity_region_trusted
7773104	smithing_stone	repeated_material_row	Consecrated Snowfield	Smithing Stone [8]	1050567800	m60_50_56	remaining_unreviewed	0		unresolved	first_exact_landmark_source
7774478	smithing_stone	repeated_material_row	Consecrated Snowfield	Smithing Stone [8]	1049567350	m60_50_57	remaining_unreviewed	0		unresolved	first_exact_landmark_source
7770620	smithing_stone	repeated_material_row	Consecrated Snowfield	Somber Ancient Dragon Smithing Stone	400411	m60_48_57	audited_one_family	1	gameplay-wiki:eldenpedia	unresolved	second_independent_exact_landmark_source
7774436	smithing_stone	repeated_material_row	Consecrated Snowfield	Somber Ancient Dragon Smithing Stone	1048567800	m60_48_57	remaining_unreviewed	0		unresolved	first_exact_landmark_source
7774479	smithing_stone	repeated_material_row	Consecrated Snowfield	Somber Smithing Stone [7]	1049577700	m60_48_57	remaining_unreviewed	0		unresolved	first_exact_landmark_source
7773096	smithing_stone	repeated_material_row	Consecrated Snowfield	Somber Smithing Stone [8]	1050557800	m60_50_56	remaining_unreviewed	0		unresolved	first_exact_landmark_source
7774465	smithing_stone	repeated_material_row	Consecrated Snowfield	Somber Smithing Stone [8]	1049547700	m60_48_55	trusted	2	gameplay-guide:redmaw;gameplay-wiki:eldenpedia	unresolved	none_identity_region_trusted
7774480	smithing_stone	repeated_material_row	Consecrated Snowfield	Somber Smithing Stone [8]	1049577710	m60_50_56	remaining_unreviewed	0		unresolved	first_exact_landmark_source
7773004	smithing_stone	repeated_material_row	Consecrated Snowfield	Somber Smithing Stone [9]	1047587000	m60_48_57	remaining_unreviewed	0		unresolved	first_exact_landmark_source
7774466	smithing_stone	repeated_material_row	Consecrated Snowfield	Somber Smithing Stone [9]	1049557300	m60_50_56	remaining_unreviewed	0		unresolved	first_exact_landmark_source
7774481	smithing_stone	repeated_material_row	Consecrated Snowfield	Somber Smithing Stone [9]	1049577720	m60_50_57	remaining_unreviewed	0		unresolved	first_exact_landmark_source
7771253	smithing_stone	repeated_material_row	Deeproot Depths	Smithing Stone [4]	12037090	m12_03	trusted	3	gameplay-guide:powerpyx;gameplay-guide:redmaw;gameplay-wiki:fextralife	unresolved	none_identity_region_trusted
7771257	smithing_stone	repeated_material_row	Deeproot Depths	Smithing Stone [4]	12037130	m12_03	remaining_unreviewed	0		unresolved	first_exact_landmark_source
7771285	smithing_stone	repeated_material_row	Deeproot Depths	Smithing Stone [4]	12037410	m12_03	audited_one_family	1	gameplay-guide:redmaw	unresolved	second_independent_exact_landmark_source
7771289	smithing_stone	repeated_material_row	Deeproot Depths	Smithing Stone [4]	12037450	m12_03	audited_one_family	1	gameplay-guide:redmaw	unresolved	second_independent_exact_landmark_source
7771292	smithing_stone	repeated_material_row	Deeproot Depths	Smithing Stone [5]	12037480	m12_03	remaining_unreviewed	0		unresolved	first_exact_landmark_source
7771293	smithing_stone	repeated_material_row	Deeproot Depths	Smithing Stone [5]	12037490	m12_03	remaining_unreviewed	0		unresolved	first_exact_landmark_source
7771250	smithing_stone	repeated_material_row	Deeproot Depths	Smithing Stone [6]	12037060	m12_03	remaining_unreviewed	0		unresolved	first_exact_landmark_source
7771263	smithing_stone	repeated_material_row	Deeproot Depths	Smithing Stone [6]	12037190	m12_03	trusted	2	gameplay-guide:redmaw;gameplay-wiki:fextralife	unresolved	none_identity_region_trusted
7771275	smithing_stone	repeated_material_row	Deeproot Depths	Smithing Stone [6]	12037310	m12_03	trusted	2	gameplay-wiki:eldenpedia;gameplay-wiki:fextralife	unresolved	none_identity_region_trusted
7771282	smithing_stone	repeated_material_row	Deeproot Depths	Smithing Stone [6]	12037380	m12_03	remaining_unreviewed	0		unresolved	first_exact_landmark_source
7771294	smithing_stone	repeated_material_row	Deeproot Depths	Smithing Stone [6]	12037500	m12_03	remaining_unreviewed	0		unresolved	first_exact_landmark_source
7771279	smithing_stone	repeated_material_row	Deeproot Depths	Smithing Stone [7]	12037350	m12_03	remaining_unreviewed	0		unresolved	first_exact_landmark_source
7770787	smithing_stone	repeated_material_row	Deeproot Depths	Somber Smithing Stone [6]	540668	m12_03	remaining_unreviewed	0		unresolved	first_exact_landmark_source
7770788	smithing_stone	repeated_material_row	Deeproot Depths	Somber Smithing Stone [6]	540670	m12_03	remaining_unreviewed	0		unresolved	first_exact_landmark_source
7771271	smithing_stone	repeated_material_row	Deeproot Depths	Somber Smithing Stone [6]	12037270	m12_03	remaining_unreviewed	0		unresolved	first_exact_landmark_source
7771299	smithing_stone	repeated_material_row	Deeproot Depths	Somber Smithing Stone [6]	12037550	m12_03	remaining_unreviewed	0		unresolved	first_exact_landmark_source
7771267	smithing_stone	repeated_material_row	Deeproot Depths	Somber Smithing Stone [7]	12037230	m12_03	remaining_unreviewed	0		unresolved	first_exact_landmark_source
7771268	smithing_stone	repeated_material_row	Deeproot Depths	Somber Smithing Stone [7]	12037240	m12_03	remaining_unreviewed	0		unresolved	first_exact_landmark_source
7771269	smithing_stone	repeated_material_row	Deeproot Depths	Somber Smithing Stone [7]	12037250	m12_03	remaining_unreviewed	0		unresolved	first_exact_landmark_source
7771277	smithing_stone	repeated_material_row	Deeproot Depths	Somber Smithing Stone [7]	12037330	m12_03	remaining_unreviewed	0		unresolved	first_exact_landmark_source
7771297	smithing_stone	repeated_material_row	Deeproot Depths	Somber Smithing Stone [7]	12037530	m12_03	trusted	2	gameplay-guide:redmaw;gameplay-wiki:fextralife	unresolved	none_identity_region_trusted
7771852	smithing_stone	repeated_material_row	Enir Ilim	Smithing Stone [8]	20017380	m20_01	remaining_unreviewed	0		unresolved	first_exact_landmark_source
7771877	smithing_stone	repeated_material_row	Enir Ilim	Smithing Stone [8]	20017630	m20_01	audited_one_family	1	gameplay-guide:redmaw	unresolved	second_independent_exact_landmark_source
7771866	smithing_stone	repeated_material_row	Enir Ilim	Somber Ancient Dragon Smithing Stone	20017520	m20_01	remaining_unreviewed	0		unresolved	first_exact_landmark_source
7771863	smithing_stone	repeated_material_row	Enir Ilim	Somber Smithing Stone [7]	20017490	m20_01	remaining_unreviewed	0		unresolved	first_exact_landmark_source
7771818	smithing_stone	repeated_material_row	Enir Ilim	Somber Smithing Stone [8]	20017040	m20_01	trusted	3	gameplay-guide:eip;gameplay-guide:redmaw;gameplay-wiki:fextralife	unresolved	none_identity_region_trusted
7771879	smithing_stone	repeated_material_row	Enir Ilim	Somber Smithing Stone [8]	20017650	m20_01	remaining_unreviewed	0		unresolved	first_exact_landmark_source
7771814	smithing_stone	repeated_material_row	Enir Ilim	Somber Smithing Stone [9]	20017000	m20_01	audited_one_family	1	gameplay-wiki:fextralife	unresolved	second_independent_exact_landmark_source
7773402	smithing_stone	repeated_material_row	Ensis	Somber Smithing Stone [5]	2047447020	m61_48_44	audited_one_family	1	gameplay-guide:redmaw	unresolved	second_independent_exact_landmark_source
7773413	smithing_stone	repeated_material_row	Ensis	Somber Smithing Stone [5]	2047447130	m61_48_44	remaining_unreviewed	0		unresolved	first_exact_landmark_source
7773407	smithing_stone	repeated_material_row	Ensis	Somber Smithing Stone [6]	2047447070	m61_48_44	remaining_unreviewed	0		unresolved	first_exact_landmark_source
7773490	smithing_stone	repeated_material_row	Ensis	Somber Smithing Stone [6]	2048447060	m61_48_44	remaining_unreviewed	0		unresolved	first_exact_landmark_source
7773408	smithing_stone	repeated_material_row	Ensis	Somber Smithing Stone [7]	2047447080	m61_48_44	trusted	2	gameplay-guide:redmaw;gameplay-wiki:fextralife	unresolved	none_identity_region_trusted
7773489	smithing_stone	repeated_material_row	Ensis	Somber Smithing Stone [7]	2048447050	m61_48_44	audited_one_family	1	gameplay-wiki:fextralife	unresolved	second_independent_exact_landmark_source
7773491	smithing_stone	repeated_material_row	Ensis	Somber Smithing Stone [7]	2048447070	m61_48_44	audited_one_family	1	gameplay-guide:redmaw	unresolved	second_independent_exact_landmark_source
7773410	smithing_stone	repeated_material_row	Ensis	Somber Smithing Stone [8]	2047447100	m61_48_44	remaining_unreviewed	0		unresolved	first_exact_landmark_source
7774637	smithing_stone	repeated_material_row	Ensis	Somber Smithing Stone [8]	540920	m61_48_44	remaining_unreviewed	0		unresolved	first_exact_landmark_source
7774638	smithing_stone	repeated_material_row	Ensis	Somber Smithing Stone [8]	540922	m61_48_44	remaining_unreviewed	0		unresolved	first_exact_landmark_source
7773431	smithing_stone	repeated_material_row	Ensis	Somber Smithing Stone [9]	2047447900	m61_48_44	trusted	3	gameplay-guide:game8;gameplay-guide:redmaw;gameplay-wiki:fextralife	unresolved	none_identity_region_trusted
7771444	smithing_stone	repeated_material_row	Farum Azula	Ancient Dragon Smithing Stone	13007480	m13_00	remaining_unreviewed	0		unresolved	first_exact_landmark_source
7771479	smithing_stone	repeated_material_row	Farum Azula	Ancient Dragon Smithing Stone	13007900	m13_00	trusted	3	gameplay-guide:game8;gameplay-guide:redmaw;gameplay-wiki:fextralife	unresolved	none_identity_region_trusted
7771486	smithing_stone	repeated_material_row	Farum Azula	Ancient Dragon Smithing Stone	13007991	m13_00	remaining_unreviewed	0		unresolved	first_exact_landmark_source
7771487	smithing_stone	repeated_material_row	Farum Azula	Ancient Dragon Smithing Stone	13007993	m13_00	remaining_unreviewed	0		unresolved	first_exact_landmark_source
7771408	smithing_stone	repeated_material_row	Farum Azula	Smithing Stone [6]	13007040	m13_00	remaining_unreviewed	0		unresolved	first_exact_landmark_source
7771417	smithing_stone	repeated_material_row	Farum Azula	Smithing Stone [6]	13007140	m13_00	trusted	2	gameplay-guide:redmaw;gameplay-wiki:fextralife	unresolved	none_identity_region_trusted
7771432	smithing_stone	repeated_material_row	Farum Azula	Smithing Stone [6]	13007320	m13_00	remaining_unreviewed	0		unresolved	first_exact_landmark_source
7771460	smithing_stone	repeated_material_row	Farum Azula	Smithing Stone [6]	13007670	m13_00	remaining_unreviewed	0		unresolved	first_exact_landmark_source
7771441	smithing_stone	repeated_material_row	Farum Azula	Smithing Stone [7]	13007450	m13_00	audited_one_family	1	gameplay-guide:redmaw	unresolved	second_independent_exact_landmark_source
7771454	smithing_stone	repeated_material_row	Farum Azula	Smithing Stone [7]	13007580	m13_00	remaining_unreviewed	0		unresolved	first_exact_landmark_source
7771458	smithing_stone	repeated_material_row	Farum Azula	Smithing Stone [7]	13007640	m13_00	remaining_unreviewed	0		unresolved	first_exact_landmark_source
7771465	smithing_stone	repeated_material_row	Farum Azula	Smithing Stone [7]	13007730	m13_00	remaining_unreviewed	0		unresolved	first_exact_landmark_source
7771474	smithing_stone	repeated_material_row	Farum Azula	Smithing Stone [7]	13007850	m13_00	audited_one_family	1	gameplay-guide:redmaw	unresolved	second_independent_exact_landmark_source
7771400	smithing_stone	repeated_material_row	Farum Azula	Smithing Stone [8]	13007000	m13_00	remaining_unreviewed	0		unresolved	first_exact_landmark_source
7771409	smithing_stone	repeated_material_row	Farum Azula	Smithing Stone [8]	13007050	m13_00	remaining_unreviewed	0		unresolved	first_exact_landmark_source
7771411	smithing_stone	repeated_material_row	Farum Azula	Smithing Stone [8]	13007070	m13_00	remaining_unreviewed	0		unresolved	first_exact_landmark_source
7771412	smithing_stone	repeated_material_row	Farum Azula	Smithing Stone [8]	13007080	m13_00	remaining_unreviewed	0		unresolved	first_exact_landmark_source
7771421	smithing_stone	repeated_material_row	Farum Azula	Smithing Stone [8]	13007190	m13_00	remaining_unreviewed	0		unresolved	first_exact_landmark_source
7771423	smithing_stone	repeated_material_row	Farum Azula	Smithing Stone [8]	13007220	m13_00	trusted	2	gameplay-guide:redmaw;gameplay-wiki:fextralife	unresolved	none_identity_region_trusted
7771448	smithing_stone	repeated_material_row	Farum Azula	Smithing Stone [8]	13007520	m13_00	audited_one_family	1	gameplay-guide:redmaw	unresolved	second_independent_exact_landmark_source
7771452	smithing_stone	repeated_material_row	Farum Azula	Smithing Stone [8]	13007560	m13_00	remaining_unreviewed	0		unresolved	first_exact_landmark_source
7771456	smithing_stone	repeated_material_row	Farum Azula	Smithing Stone [8]	13007600	m13_00	remaining_unreviewed	0		unresolved	first_exact_landmark_source
7771477	smithing_stone	repeated_material_row	Farum Azula	Smithing Stone [8]	13007880	m13_00	remaining_unreviewed	0		unresolved	first_exact_landmark_source
7771401	smithing_stone	repeated_material_row	Farum Azula	Somber Ancient Dragon Smithing Stone	13007005	m13_00	remaining_unreviewed	0		unresolved	first_exact_landmark_source
7771425	smithing_stone	repeated_material_row	Farum Azula	Somber Smithing Stone [7]	13007250	m13_00	remaining_unreviewed	0		unresolved	first_exact_landmark_source
7771468	smithing_stone	repeated_material_row	Farum Azula	Somber Smithing Stone [7]	13007770	m13_00	trusted	2	gameplay-guide:game8;gameplay-guide:redmaw	unresolved	none_identity_region_trusted
7771471	smithing_stone	repeated_material_row	Farum Azula	Somber Smithing Stone [7]	13007810	m13_00	remaining_unreviewed	0		unresolved	first_exact_landmark_source
7771459	smithing_stone	repeated_material_row	Farum Azula	Somber Smithing Stone [8]	13007660	m13_00	remaining_unreviewed	0		unresolved	first_exact_landmark_source
7771472	smithing_stone	repeated_material_row	Farum Azula	Somber Smithing Stone [8]	13007820	m13_00	remaining_unreviewed	0		unresolved	first_exact_landmark_source
7771419	smithing_stone	repeated_material_row	Farum Azula	Somber Smithing Stone [9]	13007170	m13_00	trusted	2	gameplay-guide:game8;gameplay-guide:redmaw	unresolved	none_identity_region_trusted
7771437	smithing_stone	repeated_material_row	Farum Azula	Somber Smithing Stone [9]	13007390	m13_00	trusted	2	gameplay-guide:redmaw;gameplay-wiki:fextralife	unresolved	none_identity_region_trusted
7771443	smithing_stone	repeated_material_row	Farum Azula	Somber Smithing Stone [9]	13007470	m13_00	remaining_unreviewed	0		unresolved	first_exact_landmark_source
7771476	smithing_stone	repeated_material_row	Farum Azula	Somber Smithing Stone [9]	13007870	m13_00	remaining_unreviewed	0		unresolved	first_exact_landmark_source
7773232	smithing_stone	repeated_material_row	Gravesite	Smithing Stone [5]	2045417040	m61_46_41	remaining_unreviewed	0		unresolved	first_exact_landmark_source
7773239	smithing_stone	repeated_material_row	Gravesite	Smithing Stone [5]	2045427000	m61_46_41	remaining_unreviewed	0		unresolved	first_exact_landmark_source
7774077	smithing_stone	repeated_material_row	Gravesite	Smithing Stone [5]	42007110	m61_46_41	audited_one_family	1	gameplay-wiki:fextralife	unresolved	second_independent_exact_landmark_source
7774099	smithing_stone	repeated_material_row	Gravesite	Smithing Stone [5]	43017030	m43_01	audited_one_family	1	gameplay-wiki:fextralife	unresolved	second_independent_exact_landmark_source
7772431	smithing_stone	repeated_material_row	Gravesite	Smithing Stone [6]	41007200	m41_00	remaining_unreviewed	0		unresolved	first_exact_landmark_source
7772432	smithing_stone	repeated_material_row	Gravesite	Smithing Stone [6]	41007260	m41_00	remaining_unreviewed	0		unresolved	first_exact_landmark_source
7773395	smithing_stone	repeated_material_row	Gravesite	Smithing Stone [6]	2047437020	m61_46_41	audited_one_family	1	gameplay-guide:redmaw	unresolved	second_independent_exact_landmark_source
7773472	smithing_stone	repeated_material_row	Gravesite	Smithing Stone [6]	2048417030	m61_46_41	remaining_unreviewed	0		unresolved	first_exact_landmark_source
7774076	smithing_stone	repeated_material_row	Gravesite	Smithing Stone [6]	42007100	m61_45_44	audited_one_family	1	gameplay-guide:redmaw	unresolved	second_independent_exact_landmark_source
7774537	smithing_stone	repeated_material_row	Gravesite	Smithing Stone [6]	2046437040	m61_45_44	trusted	2	gameplay-guide:redmaw;gameplay-wiki:eldenpedia	unresolved	none_identity_region_trusted
7772463	smithing_stone	repeated_material_row	Gravesite	Smithing Stone [7]	43017000	m43_01	remaining_unreviewed	0		unresolved	first_exact_landmark_source
7774078	smithing_stone	repeated_material_row	Gravesite	Smithing Stone [7]	42007130	m61_45_44	trusted	2	gameplay-guide:redmaw;gameplay-wiki:fextralife	unresolved	none_identity_region_trusted
7774079	smithing_stone	repeated_material_row	Gravesite	Smithing Stone [7]	42007140	m61_46_41	audited_one_family	1	gameplay-guide:redmaw	unresolved	second_independent_exact_landmark_source
7774100	smithing_stone	repeated_material_row	Gravesite	Smithing Stone [7]	43017040	m43_01	audited_one_family	1	gameplay-wiki:fextralife	unresolved	second_independent_exact_landmark_source
7773392	smithing_stone	repeated_material_row	Gravesite	Smithing Stone [8]	2047427950	m61_46_41	remaining_unreviewed	0		unresolved	first_exact_landmark_source
7773390	smithing_stone	repeated_material_row	Gravesite	Somber Ancient Dragon Smithing Stone	2047427040	m61_46_41	remaining_unreviewed	0		unresolved	first_exact_landmark_source
7774632	smithing_stone	repeated_material_row	Gravesite	Somber Ancient Dragon Smithing Stone	530861	m61_45_44	audited_one_family	1	gameplay-guide:redmaw	unresolved	second_independent_exact_landmark_source
7773398	smithing_stone	repeated_material_row	Gravesite	Somber Smithing Stone [4]	2047437050	m61_45_44	audited_one_family	1	gameplay-guide:redmaw	unresolved	second_independent_exact_landmark_source
7774082	smithing_stone	repeated_material_row	Gravesite	Somber Smithing Stone [5]	42007170	m61_45_44	remaining_unreviewed	0		unresolved	first_exact_landmark_source
7773231	smithing_stone	repeated_material_row	Gravesite	Somber Smithing Stone [6]	2045417030	m61_46_41	remaining_unreviewed	0		unresolved	first_exact_landmark_source
7773389	smithing_stone	repeated_material_row	Gravesite	Somber Smithing Stone [6]	2047427030	m61_46_41	trusted	2	gameplay-guide:redmaw;gameplay-wiki:eldenpedia	unresolved	none_identity_region_trusted
7774081	smithing_stone	repeated_material_row	Gravesite	Somber Smithing Stone [7]	42007160	m61_46_41	remaining_unreviewed	0		unresolved	first_exact_landmark_source
7771592	smithing_stone	repeated_material_row	Haligtree	Ancient Dragon Smithing Stone	15007270	m15_00	remaining_unreviewed	0		unresolved	first_exact_landmark_source
7771611	smithing_stone	repeated_material_row	Haligtree	Ancient Dragon Smithing Stone	15007460	m15_00	remaining_unreviewed	0		unresolved	first_exact_landmark_source
7771596	smithing_stone	repeated_material_row	Haligtree	Smithing Stone [6]	15007310	m15_00	trusted	2	gameplay-wiki:eldenpedia;gameplay-wiki:fextralife	unresolved	none_identity_region_trusted
7771601	smithing_stone	repeated_material_row	Haligtree	Smithing Stone [6]	15007360	m15_00	audited_one_family	1	gameplay-guide:redmaw	unresolved	second_independent_exact_landmark_source
7771648	smithing_stone	repeated_material_row	Haligtree	Smithing Stone [6]	15007830	m15_00	trusted	2	gameplay-guide:redmaw;gameplay-wiki:eldenpedia	unresolved	none_identity_region_trusted
7771603	smithing_stone	repeated_material_row	Haligtree	Smithing Stone [7]	15007380	m15_00	remaining_unreviewed	0		unresolved	first_exact_landmark_source
7771620	smithing_stone	repeated_material_row	Haligtree	Smithing Stone [7]	15007550	m15_00	remaining_unreviewed	0		unresolved	first_exact_landmark_source
7771629	smithing_stone	repeated_material_row	Haligtree	Smithing Stone [7]	15007640	m15_00	remaining_unreviewed	0		unresolved	first_exact_landmark_source
7771575	smithing_stone	repeated_material_row	Haligtree	Smithing Stone [8]	15007100	m15_00	audited_one_family	1	gameplay-guide:redmaw	unresolved	second_independent_exact_landmark_source
7771588	smithing_stone	repeated_material_row	Haligtree	Smithing Stone [8]	15007230	m15_00	trusted	2	gameplay-guide:powerpyx;gameplay-guide:redmaw	unresolved	none_identity_region_trusted
7771605	smithing_stone	repeated_material_row	Haligtree	Smithing Stone [8]	15007400	m15_00	audited_one_family	1	gameplay-guide:redmaw	unresolved	second_independent_exact_landmark_source
7771617	smithing_stone	repeated_material_row	Haligtree	Smithing Stone [8]	15007520	m15_00	audited_one_family	1	gameplay-guide:redmaw	unresolved	second_independent_exact_landmark_source
7771633	smithing_stone	repeated_material_row	Haligtree	Smithing Stone [8]	15007680	m15_00	audited_one_family	1	gameplay-wiki:eldenpedia	unresolved	second_independent_exact_landmark_source
7771638	smithing_stone	repeated_material_row	Haligtree	Smithing Stone [8]	15007730	m15_00	remaining_unreviewed	0		unresolved	first_exact_landmark_source
7770602	smithing_stone	repeated_material_row	Haligtree	Somber Ancient Dragon Smithing Stone	400325		remaining_unreviewed	0		unresolved	first_exact_landmark_source
7771624	smithing_stone	repeated_material_row	Haligtree	Somber Ancient Dragon Smithing Stone	15007590	m15_00	trusted	3	gameplay-guide:game8;gameplay-guide:powerpyx;gameplay-guide:redmaw	unresolved	none_identity_region_trusted
7771626	smithing_stone	repeated_material_row	Haligtree	Somber Ancient Dragon Smithing Stone	15007610	m15_00	remaining_unreviewed	0		unresolved	first_exact_landmark_source
7771593	smithing_stone	repeated_material_row	Haligtree	Somber Smithing Stone [8]	15007280	m15_00	audited_one_family	1	gameplay-wiki:eldenpedia	unresolved	second_independent_exact_landmark_source
7771597	smithing_stone	repeated_material_row	Haligtree	Somber Smithing Stone [9]	15007320	m15_00	remaining_unreviewed	0		unresolved	first_exact_landmark_source
7771610	smithing_stone	repeated_material_row	Haligtree	Somber Smithing Stone [9]	15007450	m15_00	remaining_unreviewed	0		unresolved	first_exact_landmark_source
7771627	smithing_stone	repeated_material_row	Haligtree	Somber Smithing Stone [9]	15007620	m15_00	remaining_unreviewed	0		unresolved	first_exact_landmark_source
7771641	smithing_stone	repeated_material_row	Haligtree	Somber Smithing Stone [9]	15007760	m15_00	remaining_unreviewed	0		unresolved	first_exact_landmark_source
7773474	smithing_stone	repeated_material_row	Jagged Peak	Ancient Dragon Smithing Stone	2048417800	m61_49_41	remaining_unreviewed	0		unresolved	first_exact_landmark_source
7773647	smithing_stone	repeated_material_row	Jagged Peak	Ancient Dragon Smithing Stone	2053397000	m61_54_39	remaining_unreviewed	0		unresolved	first_exact_landmark_source
7774625	smithing_stone	repeated_material_row	Jagged Peak	Ancient Dragon Smithing Stone	530805	m61_54_39	remaining_unreviewed	0		unresolved	first_exact_landmark_source
7773648	smithing_stone	repeated_material_row	Jagged Peak	Somber Ancient Dragon Smithing Stone	2053397010	m61_54_39	remaining_unreviewed	0		unresolved	first_exact_landmark_source
7900288	smithing_stone	repeated_material_row	Jagged Peak	Somber Ancient Dragon Smithing Stone	530805	m61_54_39	remaining_unreviewed	0		unresolved	first_exact_landmark_source
7770920	smithing_stone	repeated_material_row	Leyndell	Smithing Stone [4]	11007030	m11_00	trusted	3	gameplay-guide:redmaw;gameplay-wiki:eldenpedia;gameplay-wiki:fextralife	unresolved	none_identity_region_trusted
7770948	smithing_stone	repeated_material_row	Leyndell	Smithing Stone [4]	11007190	m11_00	remaining_unreviewed	0		unresolved	first_exact_landmark_source
7770979	smithing_stone	repeated_material_row	Leyndell	Smithing Stone [4]	11007510	m11_00	remaining_unreviewed	0		unresolved	first_exact_landmark_source
7770990	smithing_stone	repeated_material_row	Leyndell	Smithing Stone [5]	11007630	m11_00	trusted	2	gameplay-guide:redmaw;gameplay-wiki:fextralife	unresolved	none_identity_region_trusted
7771002	smithing_stone	repeated_material_row	Leyndell	Smithing Stone [5]	11007760	m11_00	remaining_unreviewed	0		unresolved	first_exact_landmark_source
7772399	smithing_stone	repeated_material_row	Leyndell	Smithing Stone [5]	35007600	m35_00	remaining_unreviewed	0		unresolved	first_exact_landmark_source
7773911	smithing_stone	repeated_material_row	Leyndell	Smithing Stone [5]	11007370	m11_00	remaining_unreviewed	0		unresolved	first_exact_landmark_source
7773914	smithing_stone	repeated_material_row	Leyndell	Smithing Stone [5]	11007700	m11_00	remaining_unreviewed	0		unresolved	first_exact_landmark_source
7773917	smithing_stone	repeated_material_row	Leyndell	Smithing Stone [5]	11007860	m11_00	remaining_unreviewed	0		unresolved	first_exact_landmark_source
7770967	smithing_stone	repeated_material_row	Leyndell	Smithing Stone [6]	11007350	m11_00	remaining_unreviewed	0		unresolved	first_exact_landmark_source
7770981	smithing_stone	repeated_material_row	Leyndell	Smithing Stone [6]	11007530	m11_00	remaining_unreviewed	0		unresolved	first_exact_landmark_source
7770992	smithing_stone	repeated_material_row	Leyndell	Smithing Stone [6]	11007650	m11_00	remaining_unreviewed	0		unresolved	first_exact_landmark_source
7770998	smithing_stone	repeated_material_row	Leyndell	Smithing Stone [6]	11007720	m11_00	remaining_unreviewed	0		unresolved	first_exact_landmark_source
7772400	smithing_stone	repeated_material_row	Leyndell	Smithing Stone [6]	35007630	m35_00	remaining_unreviewed	0		unresolved	first_exact_landmark_source
7773906	smithing_stone	repeated_material_row	Leyndell	Smithing Stone [6]	11007100	m11_00	trusted	2	gameplay-guide:redmaw;gameplay-wiki:eldenpedia	unresolved	none_identity_region_trusted
7773910	smithing_stone	repeated_material_row	Leyndell	Smithing Stone [6]	11007290	m11_00	trusted	2	gameplay-guide:redmaw;gameplay-wiki:eldenpedia	unresolved	none_identity_region_trusted
7773915	smithing_stone	repeated_material_row	Leyndell	Smithing Stone [6]	11007780	m11_00	audited_one_family	1	gameplay-guide:redmaw	unresolved	second_independent_exact_landmark_source
7773916	smithing_stone	repeated_material_row	Leyndell	Smithing Stone [6]	11007820	m11_00	remaining_unreviewed	0		unresolved	first_exact_landmark_source
7773918	smithing_stone	repeated_material_row	Leyndell	Smithing Stone [6]	11007900	m11_00	remaining_unreviewed	0		unresolved	first_exact_landmark_source
7772364	smithing_stone	repeated_material_row	Leyndell	Smithing Stone [7]	35007190	m35_00	remaining_unreviewed	0		unresolved	first_exact_landmark_source
7772367	smithing_stone	repeated_material_row	Leyndell	Smithing Stone [7]	35007220	m35_00	audited_one_family	1	gameplay-wiki:eldenpedia	unresolved	second_independent_exact_landmark_source
7772383	smithing_stone	repeated_material_row	Leyndell	Smithing Stone [7]	35007410	m35_00	remaining_unreviewed	0		unresolved	first_exact_landmark_source
7772387	smithing_stone	repeated_material_row	Leyndell	Smithing Stone [7]	35007460	m35_00	remaining_unreviewed	0		unresolved	first_exact_landmark_source
7772389	smithing_stone	repeated_material_row	Leyndell	Smithing Stone [7]	35007480	m35_00	remaining_unreviewed	0		unresolved	first_exact_landmark_source
7772396	smithing_stone	repeated_material_row	Leyndell	Smithing Stone [7]	35007570	m35_00	remaining_unreviewed	0		unresolved	first_exact_landmark_source
7772393	smithing_stone	repeated_material_row	Leyndell	Smithing Stone [8]	35007540	m35_00	remaining_unreviewed	0		unresolved	first_exact_landmark_source
7771020	smithing_stone	repeated_material_row	Leyndell	Somber Smithing Stone [4]	11007983	m11_00	trusted	3	gameplay-guide:redmaw;gameplay-wiki:eldenpedia;gameplay-wiki:fextralife	unresolved	none_identity_region_trusted
7770952	smithing_stone	repeated_material_row	Leyndell	Somber Smithing Stone [5]	11007210	m11_00	audited_one_family	1	gameplay-guide:redmaw	unresolved	second_independent_exact_landmark_source
7771014	smithing_stone	repeated_material_row	Leyndell	Somber Smithing Stone [5]	11007920	m11_00	trusted	3	gameplay-guide:redmaw;gameplay-wiki:eldenpedia;gameplay-wiki:fextralife	unresolved	none_identity_region_trusted
7770939	smithing_stone	repeated_material_row	Leyndell	Somber Smithing Stone [6]	11007145	m11_00	remaining_unreviewed	0		unresolved	first_exact_landmark_source
7770947	smithing_stone	repeated_material_row	Leyndell	Somber Smithing Stone [6]	11007185	m11_00	remaining_unreviewed	0		unresolved	first_exact_landmark_source
7770949	smithing_stone	repeated_material_row	Leyndell	Somber Smithing Stone [6]	11007195	m11_00	remaining_unreviewed	0		unresolved	first_exact_landmark_source
7770974	smithing_stone	repeated_material_row	Leyndell	Somber Smithing Stone [6]	11007440	m11_00	remaining_unreviewed	0		unresolved	first_exact_landmark_source
7770988	smithing_stone	repeated_material_row	Leyndell	Somber Smithing Stone [6]	11007610	m11_00	remaining_unreviewed	0		unresolved	first_exact_landmark_source
7772344	smithing_stone	repeated_material_row	Leyndell	Somber Smithing Stone [6]	34147720	m34_14	audited_one_family	1	gameplay-wiki:eldenpedia	unresolved	second_independent_exact_landmark_source
7772382	smithing_stone	repeated_material_row	Leyndell	Somber Smithing Stone [6]	35007400	m35_00	remaining_unreviewed	0		unresolved	first_exact_landmark_source
7772417	smithing_stone	repeated_material_row	Leyndell	Somber Smithing Stone [6]	35007970	m35_00	remaining_unreviewed	0		unresolved	first_exact_landmark_source
7772386	smithing_stone	repeated_material_row	Leyndell	Somber Smithing Stone [7]	35007450	m35_00	remaining_unreviewed	0		unresolved	first_exact_landmark_source
7772418	smithing_stone	repeated_material_row	Leyndell	Somber Smithing Stone [7]	35007980	m35_00	remaining_unreviewed	0		unresolved	first_exact_landmark_source
7772420	smithing_stone	repeated_material_row	Leyndell	Somber Smithing Stone [7]	35007993	m35_00	audited_one_family	1	gameplay-wiki:eldenpedia	unresolved	second_independent_exact_landmark_source
7772366	smithing_stone	repeated_material_row	Leyndell	Somber Smithing Stone [8]	35007210	m35_00	remaining_unreviewed	0		unresolved	first_exact_landmark_source
7770351	smithing_stone	repeated_material_row	Limgrave	Smithing Stone [1]	150470		remaining_unreviewed	0		unresolved	first_exact_landmark_source
7770360	smithing_stone	repeated_material_row	Limgrave	Smithing Stone [1]	150670		remaining_unreviewed	0		unresolved	first_exact_landmark_source
7770368	smithing_stone	repeated_material_row	Limgrave	Smithing Stone [1]	150950		remaining_unreviewed	0		unresolved	first_exact_landmark_source
7772187	smithing_stone	repeated_material_row	Limgrave	Smithing Stone [1]	31177030	m31_17	remaining_unreviewed	0		unresolved	first_exact_landmark_source
7772251	smithing_stone	repeated_material_row	Limgrave	Smithing Stone [1]	32017000	m32_01	trusted	2	gameplay-guide:redmaw;gameplay-wiki:fextralife	unresolved	none_identity_region_trusted
7772758	smithing_stone	repeated_material_row	Limgrave	Smithing Stone [1]	1040387000	m60_42_38	trusted	2	gameplay-guide:redmaw;gameplay-wiki:eldenpedia	unresolved	none_identity_region_trusted
7772815	smithing_stone	repeated_material_row	Limgrave	Smithing Stone [1]	1042367050	m60_42_36	trusted	2	gameplay-guide:powerpyx;gameplay-wiki:fextralife	unresolved	none_identity_region_trusted
7772816	smithing_stone	repeated_material_row	Limgrave	Smithing Stone [1]	1042367060	m60_42_36	remaining_unreviewed	0		unresolved	first_exact_landmark_source
7772839	smithing_stone	repeated_material_row	Limgrave	Smithing Stone [1]	1042387600	m60_42_38	trusted	2	gameplay-guide:redmaw;gameplay-wiki:eldenpedia	unresolved	none_identity_region_trusted
7772885	smithing_stone	repeated_material_row	Limgrave	Smithing Stone [1]	1043377000	m60_43_37	remaining_unreviewed	0		unresolved	first_exact_landmark_source
7772887	smithing_stone	repeated_material_row	Limgrave	Smithing Stone [1]	1043387010	m60_43_37	remaining_unreviewed	0		unresolved	first_exact_landmark_source
7772935	smithing_stone	repeated_material_row	Limgrave	Smithing Stone [1]	1044387010	m60_45_39	audited_one_family	1	gameplay-guide:redmaw	unresolved	second_independent_exact_landmark_source
7772948	smithing_stone	repeated_material_row	Limgrave	Smithing Stone [1]	1046367000	m60_44_35	remaining_unreviewed	0		unresolved	first_exact_landmark_source
7774290	smithing_stone	repeated_material_row	Limgrave	Smithing Stone [1]	1041387030	m60_42_37	remaining_unreviewed	0		unresolved	first_exact_landmark_source
7774339	smithing_stone	repeated_material_row	Limgrave	Smithing Stone [1]	1043397020	m60_42_38	remaining_unreviewed	0		unresolved	first_exact_landmark_source
7774408	smithing_stone	repeated_material_row	Limgrave	Smithing Stone [1]	1045397140	m60_45_39	remaining_unreviewed	0		unresolved	first_exact_landmark_source
7772188	smithing_stone	repeated_material_row	Limgrave	Smithing Stone [2]	31177040	m31_17	remaining_unreviewed	0		unresolved	first_exact_landmark_source
7774284	smithing_stone	repeated_material_row	Limgrave	Smithing Stone [2]	1041357010	m60_42_36	remaining_unreviewed	0		unresolved	first_exact_landmark_source
7774382	smithing_stone	repeated_material_row	Limgrave	Smithing Stone [2]	1045377010	m60_44_36	remaining_unreviewed	0		unresolved	first_exact_landmark_source
7774399	smithing_stone	repeated_material_row	Limgrave	Smithing Stone [2]	1045397040	m60_45_39	remaining_unreviewed	0		unresolved	first_exact_landmark_source
7770728	smithing_stone	repeated_material_row	Limgrave	Somber Smithing Stone [1]	540142	m60_43_37	audited_one_family	1	gameplay-wiki:eldenpedia	unresolved	second_independent_exact_landmark_source
7770729	smithing_stone	repeated_material_row	Limgrave	Somber Smithing Stone [1]	540144	m60_42_36	audited_one_family	1	gameplay-wiki:eldenpedia	unresolved	second_independent_exact_landmark_source
7770730	smithing_stone	repeated_material_row	Limgrave	Somber Smithing Stone [1]	540146	m60_42_38	remaining_unreviewed	0		unresolved	first_exact_landmark_source
7772925	smithing_stone	repeated_material_row	Limgrave	Somber Smithing Stone [1]	1044367040	m60_44_36	trusted	2	gameplay-guide:redmaw;gameplay-wiki:fextralife	unresolved	none_identity_region_trusted
7770382	smithing_stone	repeated_material_row	Liurnia	Smithing Stone [1]	160490		trusted	2	gameplay-guide:redmaw;gameplay-wiki:eldenpedia	unresolved	none_identity_region_trusted
7772261	smithing_stone	repeated_material_row	Liurnia	Smithing Stone [1]	32027060	m32_02	remaining_unreviewed	0		unresolved	first_exact_landmark_source
7770483	smithing_stone	repeated_material_row	Liurnia	Smithing Stone [2]	200250		trusted	2	gameplay-guide:redmaw;gameplay-wiki:eldenpedia	unresolved	none_identity_region_trusted
7772138	smithing_stone	repeated_material_row	Liurnia	Smithing Stone [2]	31057050	m31_05	remaining_unreviewed	0		unresolved	first_exact_landmark_source
7772479	smithing_stone	repeated_material_row	Liurnia	Smithing Stone [2]	1034427030	m60_34_42	audited_one_family	1	gameplay-wiki:fextralife	unresolved	second_independent_exact_landmark_source
7772489	smithing_stone	repeated_material_row	Liurnia	Smithing Stone [2]	1034447010	m60_34_45	remaining_unreviewed	0		unresolved	first_exact_landmark_source
7772545	smithing_stone	repeated_material_row	Liurnia	Smithing Stone [2]	1035447110	m60_36_45	remaining_unreviewed	0		unresolved	first_exact_landmark_source
7772550	smithing_stone	repeated_material_row	Liurnia	Smithing Stone [2]	1035477010	m60_34_48	remaining_unreviewed	0		unresolved	first_exact_landmark_source
7772579	smithing_stone	repeated_material_row	Liurnia	Smithing Stone [2]	1036437000	m60_37_42	audited_one_family	1	gameplay-guide:redmaw	unresolved	second_independent_exact_landmark_source
7772666	smithing_stone	repeated_material_row	Liurnia	Smithing Stone [2]	1038427000	m60_39_43	remaining_unreviewed	0		unresolved	first_exact_landmark_source
7774117	smithing_stone	repeated_material_row	Liurnia	Smithing Stone [2]	1035427010	m60_35_42	trusted	2	gameplay-guide:redmaw;gameplay-wiki:fextralife	unresolved	none_identity_region_trusted
7774146	smithing_stone	repeated_material_row	Liurnia	Smithing Stone [2]	1035507130	m60_35_50	remaining_unreviewed	0		unresolved	first_exact_landmark_source
7774188	smithing_stone	repeated_material_row	Liurnia	Smithing Stone [2]	1036447040	m60_36_45	remaining_unreviewed	0		unresolved	first_exact_landmark_source
7774214	smithing_stone	repeated_material_row	Liurnia	Smithing Stone [2]	1038497010	m60_38_48	audited_one_family	1	gameplay-wiki:fextralife	unresolved	second_independent_exact_landmark_source
7772259	smithing_stone	repeated_material_row	Liurnia	Smithing Stone [3]	32027030	m32_02	audited_one_family	1	gameplay-wiki:eldenpedia	unresolved	second_independent_exact_landmark_source
7772494	smithing_stone	repeated_material_row	Liurnia	Smithing Stone [3]	1034467100	m60_33_45	trusted	2	gameplay-guide:redmaw;gameplay-wiki:fextralife	unresolved	none_identity_region_trusted
7772534	smithing_stone	repeated_material_row	Liurnia	Smithing Stone [3]	1035447000	m60_34_45	audited_one_family	1	gameplay-wiki:fextralife	unresolved	second_independent_exact_landmark_source
7772673	smithing_stone	repeated_material_row	Liurnia	Smithing Stone [3]	1038447030	m60_39_44	remaining_unreviewed	0		unresolved	first_exact_landmark_source
7772728	smithing_stone	repeated_material_row	Liurnia	Smithing Stone [3]	1039447000	m60_39_44	audited_one_family	1	gameplay-wiki:fextralife	unresolved	second_independent_exact_landmark_source
7772731	smithing_stone	repeated_material_row	Liurnia	Smithing Stone [3]	1039447030	m60_39_44	remaining_unreviewed	0		unresolved	first_exact_landmark_source
7774001	smithing_stone	repeated_material_row	Liurnia	Smithing Stone [3]	39207130	m39_20	remaining_unreviewed	0		unresolved	first_exact_landmark_source
7774002	smithing_stone	repeated_material_row	Liurnia	Smithing Stone [3]	39207140	m39_20	remaining_unreviewed	0		unresolved	first_exact_landmark_source
7774003	smithing_stone	repeated_material_row	Liurnia	Smithing Stone [3]	39207150	m39_20	remaining_unreviewed	0		unresolved	first_exact_landmark_source
7774149	smithing_stone	repeated_material_row	Liurnia	Smithing Stone [3]	1035507160	m60_35_50	remaining_unreviewed	0		unresolved	first_exact_landmark_source
7774201	smithing_stone	repeated_material_row	Liurnia	Smithing Stone [3]	1037427010	m60_37_42	remaining_unreviewed	0		unresolved	first_exact_landmark_source
7774206	smithing_stone	repeated_material_row	Liurnia	Smithing Stone [3]	1037437010	m60_37_42	audited_one_family	1	gameplay-guide:redmaw	unresolved	second_independent_exact_landmark_source
7774207	smithing_stone	repeated_material_row	Liurnia	Smithing Stone [3]	1037457100	m60_37_46	remaining_unreviewed	0		unresolved	first_exact_landmark_source
7772137	smithing_stone	repeated_material_row	Liurnia	Smithing Stone [4]	31057040	m31_05	audited_one_family	1	gameplay-wiki:fextralife	unresolved	second_independent_exact_landmark_source
7772677	smithing_stone	repeated_material_row	Liurnia	Smithing Stone [4]	1038457020	m60_39_44	audited_one_family	1	gameplay-wiki:eldenpedia	unresolved	second_independent_exact_landmark_source
7773993	smithing_stone	repeated_material_row	Liurnia	Smithing Stone [4]	39207050	m39_20	audited_one_family	1	gameplay-wiki:eldenpedia	unresolved	second_independent_exact_landmark_source
7774110	smithing_stone	repeated_material_row	Liurnia	Smithing Stone [4]	1033477010	m60_34_48	remaining_unreviewed	0		unresolved	first_exact_landmark_source
7774141	smithing_stone	repeated_material_row	Liurnia	Smithing Stone [4]	1035507080	m60_35_50	audited_one_family	1	gameplay-wiki:eldenpedia	unresolved	second_independent_exact_landmark_source
7774147	smithing_stone	repeated_material_row	Liurnia	Smithing Stone [4]	1035507140	m60_35_50	remaining_unreviewed	0		unresolved	first_exact_landmark_source
7772684	smithing_stone	repeated_material_row	Liurnia	Smithing Stone [5]	1038507000	m60_38_48	remaining_unreviewed	0		unresolved	first_exact_landmark_source
7773989	smithing_stone	repeated_material_row	Liurnia	Smithing Stone [5]	39207010	m39_20	audited_one_family	1	gameplay-wiki:fextralife	unresolved	second_independent_exact_landmark_source
7772466	smithing_stone	repeated_material_row	Liurnia	Smithing Stone [7]	1033417000	m60_33_42	audited_one_family	1	gameplay-guide:redmaw	unresolved	second_independent_exact_landmark_source
7772468	smithing_stone	repeated_material_row	Liurnia	Smithing Stone [7]	1033417020	m60_33_42	remaining_unreviewed	0		unresolved	first_exact_landmark_source
7772467	smithing_stone	repeated_material_row	Liurnia	Smithing Stone [8]	1033417010	m60_34_42	remaining_unreviewed	0		unresolved	first_exact_landmark_source
7772529	smithing_stone	repeated_material_row	Liurnia	Smithing Stone [8]	1035417110	m60_35_42	trusted	2	gameplay-guide:redmaw;gameplay-wiki:eldenpedia	unresolved	none_identity_region_trusted
7772532	smithing_stone	repeated_material_row	Liurnia	Somber Smithing Stone [1]	1035437010	m60_34_42	remaining_unreviewed	0		unresolved	first_exact_landmark_source
7770746	smithing_stone	repeated_material_row	Liurnia	Somber Smithing Stone [2]	540252	m60_39_43	remaining_unreviewed	0		unresolved	first_exact_landmark_source
7770747	smithing_stone	repeated_material_row	Liurnia	Somber Smithing Stone [2]	540254	m60_38_48	remaining_unreviewed	0		unresolved	first_exact_landmark_source
7770750	smithing_stone	repeated_material_row	Liurnia	Somber Smithing Stone [2]	540260	m60_34_42	remaining_unreviewed	0		unresolved	first_exact_landmark_source
7770751	smithing_stone	repeated_material_row	Liurnia	Somber Smithing Stone [2]	540262	m60_36_45	remaining_unreviewed	0		unresolved	first_exact_landmark_source
7770752	smithing_stone	repeated_material_row	Liurnia	Somber Smithing Stone [2]	540264	m60_33_45	remaining_unreviewed	0		unresolved	first_exact_landmark_source
7772256	smithing_stone	repeated_material_row	Liurnia	Somber Smithing Stone [2]	32027000	m32_02	remaining_unreviewed	0		unresolved	first_exact_landmark_source
7774134	smithing_stone	repeated_material_row	Liurnia	Somber Smithing Stone [2]	1035497990	m60_36_50	remaining_unreviewed	0		unresolved	first_exact_landmark_source
7774160	smithing_stone	repeated_material_row	Liurnia	Somber Smithing Stone [2]	1035507650	m60_35_50	remaining_unreviewed	0		unresolved	first_exact_landmark_source
7774161	smithing_stone	repeated_material_row	Liurnia	Somber Smithing Stone [2]	1035507660	m60_35_50	remaining_unreviewed	0		unresolved	first_exact_landmark_source
7774162	smithing_stone	repeated_material_row	Liurnia	Somber Smithing Stone [2]	1035507670	m60_35_50	remaining_unreviewed	0		unresolved	first_exact_landmark_source
7774163	smithing_stone	repeated_material_row	Liurnia	Somber Smithing Stone [2]	1035507680	m60_35_50	remaining_unreviewed	0		unresolved	first_exact_landmark_source
7774164	smithing_stone	repeated_material_row	Liurnia	Somber Smithing Stone [2]	1035507690	m60_35_50	remaining_unreviewed	0		unresolved	first_exact_landmark_source
7774165	smithing_stone	repeated_material_row	Liurnia	Somber Smithing Stone [2]	1035507700	m60_35_50	remaining_unreviewed	0		unresolved	first_exact_landmark_source
7774166	smithing_stone	repeated_material_row	Liurnia	Somber Smithing Stone [2]	1035507710	m60_35_50	remaining_unreviewed	0		unresolved	first_exact_landmark_source
7774167	smithing_stone	repeated_material_row	Liurnia	Somber Smithing Stone [2]	1035507720	m60_35_50	remaining_unreviewed	0		unresolved	first_exact_landmark_source
7774168	smithing_stone	repeated_material_row	Liurnia	Somber Smithing Stone [2]	1035507730	m60_35_50	remaining_unreviewed	0		unresolved	first_exact_landmark_source
7774169	smithing_stone	repeated_material_row	Liurnia	Somber Smithing Stone [2]	1035507740	m60_35_50	remaining_unreviewed	0		unresolved	first_exact_landmark_source
7774170	smithing_stone	repeated_material_row	Liurnia	Somber Smithing Stone [2]	1035507750	m60_35_50	remaining_unreviewed	0		unresolved	first_exact_landmark_source
7774171	smithing_stone	repeated_material_row	Liurnia	Somber Smithing Stone [2]	1035507760	m60_35_50	remaining_unreviewed	0		unresolved	first_exact_landmark_source
7774172	smithing_stone	repeated_material_row	Liurnia	Somber Smithing Stone [2]	1035507770	m60_35_50	remaining_unreviewed	0		unresolved	first_exact_landmark_source
7774173	smithing_stone	repeated_material_row	Liurnia	Somber Smithing Stone [2]	1035507780	m60_35_50	remaining_unreviewed	0		unresolved	first_exact_landmark_source
7774174	smithing_stone	repeated_material_row	Liurnia	Somber Smithing Stone [2]	1035507790	m60_35_50	remaining_unreviewed	0		unresolved	first_exact_landmark_source
7774175	smithing_stone	repeated_material_row	Liurnia	Somber Smithing Stone [2]	1035507800	m60_35_50	remaining_unreviewed	0		unresolved	first_exact_landmark_source
7774234	smithing_stone	repeated_material_row	Liurnia	Somber Smithing Stone [2]	1039417020	m60_38_41	remaining_unreviewed	0		unresolved	first_exact_landmark_source
7770256	smithing_stone	repeated_material_row	Liurnia	Somber Smithing Stone [3]	120270		trusted	2	gameplay-guide:redmaw;gameplay-wiki:eldenpedia	unresolved	none_identity_region_trusted
7770748	smithing_stone	repeated_material_row	Liurnia	Somber Smithing Stone [3]	540256	m60_36_50	remaining_unreviewed	0		unresolved	first_exact_landmark_source
7770749	smithing_stone	repeated_material_row	Liurnia	Somber Smithing Stone [3]	540258	m60_39_44	remaining_unreviewed	0		unresolved	first_exact_landmark_source
7772257	smithing_stone	repeated_material_row	Liurnia	Somber Smithing Stone [3]	32027010	m32_02	audited_one_family	1	gameplay-wiki:eldenpedia	unresolved	second_independent_exact_landmark_source
7772260	smithing_stone	repeated_material_row	Liurnia	Somber Smithing Stone [3]	32027040	m32_02	audited_one_family	1	gameplay-wiki:eldenpedia	unresolved	second_independent_exact_landmark_source
7772473	smithing_stone	repeated_material_row	Liurnia	Somber Smithing Stone [3]	1033477000	m60_34_48	remaining_unreviewed	0		unresolved	first_exact_landmark_source
7773991	smithing_stone	repeated_material_row	Liurnia	Somber Smithing Stone [3]	39207030	m39_20	remaining_unreviewed	0		unresolved	first_exact_landmark_source
7774138	smithing_stone	repeated_material_row	Liurnia	Somber Smithing Stone [3]	1035507050	m60_35_50	remaining_unreviewed	0		unresolved	first_exact_landmark_source
7774143	smithing_stone	repeated_material_row	Liurnia	Somber Smithing Stone [3]	1035507100	m60_35_50	audited_one_family	1	gameplay-wiki:fextralife	unresolved	second_independent_exact_landmark_source
7774194	smithing_stone	repeated_material_row	Liurnia	Somber Smithing Stone [3]	1036477000	m60_36_48	audited_one_family	1	gameplay-wiki:fextralife	unresolved	second_independent_exact_landmark_source
7770257	smithing_stone	repeated_material_row	Liurnia	Somber Smithing Stone [4]	120280		trusted	2	gameplay-guide:redmaw;gameplay-wiki:eldenpedia	unresolved	none_identity_region_trusted
7770754	smithing_stone	repeated_material_row	Liurnia	Somber Smithing Stone [4]	540290	m39_20	remaining_unreviewed	0		unresolved	first_exact_landmark_source
7774133	smithing_stone	repeated_material_row	Liurnia	Somber Smithing Stone [4]	1035497020	m60_36_48	remaining_unreviewed	0		unresolved	first_exact_landmark_source
7772483	smithing_stone	repeated_material_row	Liurnia	Somber Smithing Stone [8]	1034427100	m60_34_42	trusted	2	gameplay-wiki:eldenpedia;gameplay-wiki:fextralife	unresolved	none_identity_region_trusted
7771311	smithing_stone	repeated_material_row	Mohgwyn	Smithing Stone [6]	12057030	m12_05	remaining_unreviewed	0		unresolved	first_exact_landmark_source
7771335	smithing_stone	repeated_material_row	Mohgwyn	Smithing Stone [6]	12057320	m12_05	remaining_unreviewed	0		unresolved	first_exact_landmark_source
7771354	smithing_stone	repeated_material_row	Mohgwyn	Smithing Stone [6]	12057700	m12_05	audited_one_family	1	gameplay-guide:redmaw	unresolved	second_independent_exact_landmark_source
7771322	smithing_stone	repeated_material_row	Mohgwyn	Smithing Stone [7]	12057150	m12_05	remaining_unreviewed	0		unresolved	first_exact_landmark_source
7771344	smithing_stone	repeated_material_row	Mohgwyn	Smithing Stone [7]	12057590	m12_05	remaining_unreviewed	0		unresolved	first_exact_landmark_source
7771314	smithing_stone	repeated_material_row	Mohgwyn	Smithing Stone [8]	12057070	m12_05	audited_one_family	1	gameplay-guide:redmaw	unresolved	second_independent_exact_landmark_source
7771349	smithing_stone	repeated_material_row	Mohgwyn	Smithing Stone [8]	12057640	m12_05	remaining_unreviewed	0		unresolved	first_exact_landmark_source
7771356	smithing_stone	repeated_material_row	Mohgwyn	Somber Ancient Dragon Smithing Stone	12057900	m12_05	remaining_unreviewed	0		unresolved	first_exact_landmark_source
7771317	smithing_stone	repeated_material_row	Mohgwyn	Somber Smithing Stone [9]	12057100	m12_05	remaining_unreviewed	0		unresolved	first_exact_landmark_source
7773128	smithing_stone	repeated_material_row	Mountaintops of the Giants	Ancient Dragon Smithing Stone	1051537000	m60_52_52	trusted	3	gameplay-guide:game8;gameplay-guide:redmaw;gameplay-wiki:eldenpedia	unresolved	none_identity_region_trusted
7773150	smithing_stone	repeated_material_row	Mountaintops of the Giants	Smithing Stone [5]	1051577020	m60_51_57	audited_one_family	1	gameplay-wiki:eldenpedia	unresolved	second_independent_exact_landmark_source
7773157	smithing_stone	repeated_material_row	Mountaintops of the Giants	Smithing Stone [5]	1051577090	m60_51_57	trusted	2	gameplay-guide:redmaw;gameplay-wiki:eldenpedia	unresolved	none_identity_region_trusted
7773158	smithing_stone	repeated_material_row	Mountaintops of the Giants	Smithing Stone [6]	1051577100	m60_51_57	remaining_unreviewed	0		unresolved	first_exact_landmark_source
7773165	smithing_stone	repeated_material_row	Mountaintops of the Giants	Smithing Stone [6]	1051577170	m60_51_57	remaining_unreviewed	0		unresolved	first_exact_landmark_source
7773101	smithing_stone	repeated_material_row	Mountaintops of the Giants	Smithing Stone [7]	1050567520	m60_51_57	remaining_unreviewed	0		unresolved	first_exact_landmark_source
7773129	smithing_stone	repeated_material_row	Mountaintops of the Giants	Smithing Stone [7]	1051537010	m60_52_52	remaining_unreviewed	0		unresolved	first_exact_landmark_source
7773156	smithing_stone	repeated_material_row	Mountaintops of the Giants	Smithing Stone [7]	1051577080	m60_51_57	remaining_unreviewed	0		unresolved	first_exact_landmark_source
7773187	smithing_stone	repeated_material_row	Mountaintops of the Giants	Smithing Stone [7]	1052557010	m60_53_56	remaining_unreviewed	0		unresolved	first_exact_landmark_source
7773201	smithing_stone	repeated_material_row	Mountaintops of the Giants	Smithing Stone [7]	1054557000	m60_54_56	remaining_unreviewed	0		unresolved	first_exact_landmark_source
7774526	smithing_stone	repeated_material_row	Mountaintops of the Giants	Smithing Stone [7]	1052577810	m60_51_57	remaining_unreviewed	0		unresolved	first_exact_landmark_source
7773019	smithing_stone	repeated_material_row	Mountaintops of the Giants	Somber Smithing Stone [7]	1048517000	m60_48_51	trusted	2	gameplay-guide:redmaw;gameplay-wiki:eldenpedia	unresolved	none_identity_region_trusted
7773088	smithing_stone	repeated_material_row	Mountaintops of the Giants	Somber Smithing Stone [7]	1050537000	m60_49_52	trusted	2	gameplay-guide:redmaw;gameplay-wiki:eldenpedia	unresolved	none_identity_region_trusted
7774488	smithing_stone	repeated_material_row	Mountaintops of the Giants	Somber Smithing Stone [7]	1050537700	m60_49_52	remaining_unreviewed	0		unresolved	first_exact_landmark_source
7774489	smithing_stone	repeated_material_row	Mountaintops of the Giants	Somber Smithing Stone [7]	1050537980	m60_49_52	audited_one_family	1	gameplay-guide:redmaw	unresolved	second_independent_exact_landmark_source
7774490	smithing_stone	repeated_material_row	Mountaintops of the Giants	Somber Smithing Stone [7]	1050537990	m60_49_52	remaining_unreviewed	0		unresolved	first_exact_landmark_source
7774505	smithing_stone	repeated_material_row	Mountaintops of the Giants	Somber Smithing Stone [7]	1051537950	m60_52_52	remaining_unreviewed	0		unresolved	first_exact_landmark_source
7774506	smithing_stone	repeated_material_row	Mountaintops of the Giants	Somber Smithing Stone [7]	1051537960	m60_52_52	remaining_unreviewed	0		unresolved	first_exact_landmark_source
7774507	smithing_stone	repeated_material_row	Mountaintops of the Giants	Somber Smithing Stone [7]	1051537970	m60_52_52	remaining_unreviewed	0		unresolved	first_exact_landmark_source
7774508	smithing_stone	repeated_material_row	Mountaintops of the Giants	Somber Smithing Stone [7]	1051537980	m60_52_52	remaining_unreviewed	0		unresolved	first_exact_landmark_source
7774509	smithing_stone	repeated_material_row	Mountaintops of the Giants	Somber Smithing Stone [7]	1051537990	m60_52_52	audited_one_family	1	gameplay-wiki:eldenpedia	unresolved	second_independent_exact_landmark_source
7774510	smithing_stone	repeated_material_row	Mountaintops of the Giants	Somber Smithing Stone [7]	1051547960	m60_53_56	trusted	2	gameplay-guide:redmaw;gameplay-wiki:eldenpedia	unresolved	none_identity_region_trusted
7774511	smithing_stone	repeated_material_row	Mountaintops of the Giants	Somber Smithing Stone [7]	1051547970	m60_52_52	trusted	2	gameplay-guide:redmaw;gameplay-wiki:eldenpedia	unresolved	none_identity_region_trusted
7774512	smithing_stone	repeated_material_row	Mountaintops of the Giants	Somber Smithing Stone [7]	1051547980	m60_49_52	audited_one_family	1	gameplay-wiki:fextralife	unresolved	second_independent_exact_landmark_source
7774513	smithing_stone	repeated_material_row	Mountaintops of the Giants	Somber Smithing Stone [7]	1051547990	m60_53_56	trusted	3	gameplay-guide:powerpyx;gameplay-guide:redmaw;gameplay-wiki:eldenpedia	unresolved	none_identity_region_trusted
7774516	smithing_stone	repeated_material_row	Mountaintops of the Giants	Somber Smithing Stone [7]	1051577800	m60_51_57	remaining_unreviewed	0		unresolved	first_exact_landmark_source
7774517	smithing_stone	repeated_material_row	Mountaintops of the Giants	Somber Smithing Stone [7]	1051577810	m60_51_57	remaining_unreviewed	0		unresolved	first_exact_landmark_source
7774519	smithing_stone	repeated_material_row	Mountaintops of the Giants	Somber Smithing Stone [7]	1052547980	m60_52_52	remaining_unreviewed	0		unresolved	first_exact_landmark_source
7774520	smithing_stone	repeated_material_row	Mountaintops of the Giants	Somber Smithing Stone [7]	1052547990	m60_54_56	remaining_unreviewed	0		unresolved	first_exact_landmark_source
7773159	smithing_stone	repeated_material_row	Mountaintops of the Giants	Somber Smithing Stone [8]	1051577110	m60_51_57	remaining_unreviewed	0		unresolved	first_exact_landmark_source
7773167	smithing_stone	repeated_material_row	Mountaintops of the Giants	Somber Smithing Stone [8]	1051577190	m60_51_57	remaining_unreviewed	0		unresolved	first_exact_landmark_source
7773196	smithing_stone	repeated_material_row	Mountaintops of the Giants	Somber Smithing Stone [8]	1053567300	m60_53_56	remaining_unreviewed	0		unresolved	first_exact_landmark_source
7774504	smithing_stone	repeated_material_row	Mountaintops of the Giants	Somber Smithing Stone [8]	1051537700	m60_52_52	remaining_unreviewed	0		unresolved	first_exact_landmark_source
7774514	smithing_stone	repeated_material_row	Mountaintops of the Giants	Somber Smithing Stone [8]	1051567700	m60_50_57	remaining_unreviewed	0		unresolved	first_exact_landmark_source
7773140	smithing_stone	repeated_material_row	Mountaintops of the Giants	Somber Smithing Stone [9]	1051567020	m60_50_57	remaining_unreviewed	0		unresolved	first_exact_landmark_source
7771686	smithing_stone	repeated_material_row	Mt. Gelmir	Smithing Stone [4]	16007240	m16_00	audited_one_family	1	gameplay-guide:redmaw	unresolved	second_independent_exact_landmark_source
7771711	smithing_stone	repeated_material_row	Mt. Gelmir	Smithing Stone [4]	16007560	m16_00	audited_one_family	1	gameplay-wiki:eldenpedia	unresolved	second_independent_exact_landmark_source
7771696	smithing_stone	repeated_material_row	Mt. Gelmir	Smithing Stone [5]	16007380	m16_00	remaining_unreviewed	0		unresolved	first_exact_landmark_source
7772644	smithing_stone	repeated_material_row	Mt. Gelmir	Smithing Stone [5]	1037537020	m60_37_53	remaining_unreviewed	0		unresolved	first_exact_landmark_source
7772688	smithing_stone	repeated_material_row	Mt. Gelmir	Smithing Stone [5]	1038527010	m60_38_52	audited_one_family	1	gameplay-wiki:fextralife	unresolved	second_independent_exact_landmark_source
7772704	smithing_stone	repeated_material_row	Mt. Gelmir	Smithing Stone [5]	1038547090	m60_37_53	remaining_unreviewed	0		unresolved	first_exact_landmark_source
7771665	smithing_stone	repeated_material_row	Mt. Gelmir	Smithing Stone [6]	16007000	m16_00	audited_one_family	1	gameplay-wiki:eldenpedia	unresolved	second_independent_exact_landmark_source
7771675	smithing_stone	repeated_material_row	Mt. Gelmir	Smithing Stone [6]	16007120	m16_00	audited_one_family	1	gameplay-guide:redmaw	unresolved	second_independent_exact_landmark_source
7771687	smithing_stone	repeated_material_row	Mt. Gelmir	Smithing Stone [6]	16007250	m16_00	remaining_unreviewed	0		unresolved	first_exact_landmark_source
7771694	smithing_stone	repeated_material_row	Mt. Gelmir	Smithing Stone [6]	16007350	m16_00	remaining_unreviewed	0		unresolved	first_exact_landmark_source
7771710	smithing_stone	repeated_material_row	Mt. Gelmir	Smithing Stone [6]	16007550	m16_00	audited_one_family	1	gameplay-guide:redmaw	unresolved	second_independent_exact_landmark_source
7772584	smithing_stone	repeated_material_row	Mt. Gelmir	Smithing Stone [6]	1036527000	m60_35_53	audited_one_family	1	gameplay-guide:redmaw	unresolved	second_independent_exact_landmark_source
7771689	smithing_stone	repeated_material_row	Mt. Gelmir	Smithing Stone [7]	16007280	m16_00	remaining_unreviewed	0		unresolved	first_exact_landmark_source
7774182	smithing_stone	repeated_material_row	Mt. Gelmir	Somber Smithing Stone [4]	1035547980	m60_35_53	remaining_unreviewed	0		unresolved	first_exact_landmark_source
7774200	smithing_stone	repeated_material_row	Mt. Gelmir	Somber Smithing Stone [4]	1036547990	m60_36_54	trusted	2	gameplay-wiki:eldenpedia;gameplay-wiki:fextralife	unresolved	none_identity_region_trusted
7770776	smithing_stone	repeated_material_row	Mt. Gelmir	Somber Smithing Stone [5]	540590	m16_00	remaining_unreviewed	0		unresolved	first_exact_landmark_source
7770777	smithing_stone	repeated_material_row	Mt. Gelmir	Somber Smithing Stone [5]	540592	m16_00	remaining_unreviewed	0		unresolved	first_exact_landmark_source
7771690	smithing_stone	repeated_material_row	Mt. Gelmir	Somber Smithing Stone [5]	16007290	m16_00	audited_one_family	1	gameplay-guide:redmaw	unresolved	second_independent_exact_landmark_source
7770711	smithing_stone	repeated_material_row	Mt. Gelmir	Somber Smithing Stone [6]	530375	m60_36_54	remaining_unreviewed	0		unresolved	first_exact_landmark_source
7771683	smithing_stone	repeated_material_row	Mt. Gelmir	Somber Smithing Stone [6]	16007210	m16_00	remaining_unreviewed	0		unresolved	first_exact_landmark_source
7771708	smithing_stone	repeated_material_row	Mt. Gelmir	Somber Smithing Stone [6]	16007530	m16_00	audited_one_family	1	gameplay-guide:redmaw	unresolved	second_independent_exact_landmark_source
7774232	smithing_stone	repeated_material_row	Mt. Gelmir	Somber Smithing Stone [6]	1038537050	m60_38_52	remaining_unreviewed	0		unresolved	first_exact_landmark_source
7771674	smithing_stone	repeated_material_row	Mt. Gelmir	Somber Smithing Stone [7]	16007100	m16_00	remaining_unreviewed	0		unresolved	first_exact_landmark_source
7772454	smithing_stone	repeated_material_row	Rauh Base	Ancient Dragon Smithing Stone	42037110	m61_46_45	trusted	3	gameplay-guide:eip;gameplay-guide:game8;gameplay-guide:redmaw	unresolved	none_identity_region_trusted
7773331	smithing_stone	repeated_material_row	Rauh Base	Smithing Stone [5]	2046457070	m61_46_45	trusted	2	gameplay-guide:game8;gameplay-wiki:fextralife	unresolved	none_identity_region_trusted
7773249	smithing_stone	repeated_material_row	Rauh Base	Smithing Stone [7]	2045467020	m61_46_45	trusted	2	gameplay-guide:game8;gameplay-wiki:fextralife	unresolved	none_identity_region_trusted
7773252	smithing_stone	repeated_material_row	Rauh Base	Smithing Stone [7]	2045467060	m61_44_47	remaining_unreviewed	0		unresolved	first_exact_landmark_source
7772460	smithing_stone	repeated_material_row	Rauh Base	Smithing Stone [8]	42037170	m61_46_45	trusted	2	gameplay-guide:game8;gameplay-guide:redmaw	unresolved	none_identity_region_trusted
7772461	smithing_stone	repeated_material_row	Rauh Base	Smithing Stone [8]	42037180	m61_44_47	audited_one_family	1	gameplay-guide:redmaw	unresolved	second_independent_exact_landmark_source
7773330	smithing_stone	repeated_material_row	Rauh Base	Somber Smithing Stone [6]	2046457060	m61_46_45	trusted	3	gameplay-guide:game8;gameplay-guide:redmaw;gameplay-wiki:eldenpedia	unresolved	none_identity_region_trusted
7774636	smithing_stone	repeated_material_row	Rauh Base	Somber Smithing Stone [7]	540914	m61_46_45	remaining_unreviewed	0		unresolved	first_exact_landmark_source
7772457	smithing_stone	repeated_material_row	Rauh Base	Somber Smithing Stone [8]	42037140	m61_44_47	remaining_unreviewed	0		unresolved	first_exact_landmark_source
7772456	smithing_stone	repeated_material_row	Rauh Base	Somber Smithing Stone [9]	42037130	m61_46_45	trusted	3	gameplay-guide:eip;gameplay-guide:game8;gameplay-guide:redmaw	unresolved	none_identity_region_trusted
7773226	smithing_stone	repeated_material_row	Rauh Base	Somber Smithing Stone [9]	2044477050	m61_44_47	remaining_unreviewed	0		unresolved	first_exact_landmark_source
7774635	smithing_stone	repeated_material_row	Rauh Base	Somber Smithing Stone [9]	540912	m61_46_45	remaining_unreviewed	0		unresolved	first_exact_landmark_source
7771536	smithing_stone	repeated_material_row	Raya Lucaria Academy	Smithing Stone [3]	14007720	m14_00	remaining_unreviewed	0		unresolved	first_exact_landmark_source
7771498	smithing_stone	repeated_material_row	Raya Lucaria Academy	Smithing Stone [4]	14007090	m14_00	remaining_unreviewed	0		unresolved	first_exact_landmark_source
7771513	smithing_stone	repeated_material_row	Raya Lucaria Academy	Smithing Stone [4]	14007370	m14_00	trusted	2	gameplay-guide:redmaw;gameplay-wiki:fextralife	unresolved	none_identity_region_trusted
7771534	smithing_stone	repeated_material_row	Raya Lucaria Academy	Smithing Stone [4]	14007670	m14_00	remaining_unreviewed	0		unresolved	first_exact_landmark_source
7771508	smithing_stone	repeated_material_row	Raya Lucaria Academy	Smithing Stone [5]	14007300	m14_00	trusted	2	gameplay-guide:redmaw;gameplay-wiki:fextralife	unresolved	none_identity_region_trusted
7771523	smithing_stone	repeated_material_row	Raya Lucaria Academy	Smithing Stone [5]	14007480	m14_00	remaining_unreviewed	0		unresolved	first_exact_landmark_source
7771496	smithing_stone	repeated_material_row	Raya Lucaria Academy	Somber Smithing Stone [3]	14007040	m14_00	trusted	2	gameplay-guide:redmaw;gameplay-wiki:fextralife	unresolved	none_identity_region_trusted
7771543	smithing_stone	repeated_material_row	Raya Lucaria Academy	Somber Smithing Stone [3]	14007860	m14_00	audited_one_family	1	gameplay-wiki:fextralife	unresolved	second_independent_exact_landmark_source
7771539	smithing_stone	repeated_material_row	Raya Lucaria Academy	Somber Smithing Stone [4]	14007760	m14_00	remaining_unreviewed	0		unresolved	first_exact_landmark_source
7773887	smithing_stone	unique_material_row	Roundtable Hold	Smithing Stone [1] (region unconfirmed)	540500		audited_one_family	1	gameplay-guide:redmaw	unresolved	second_independent_exact_landmark_source
7773539	smithing_stone	repeated_material_row	Scadu Altus	Ancient Dragon Smithing Stone	2049437520	m61_49_43	remaining_unreviewed	0		unresolved	first_exact_landmark_source
7773540	smithing_stone	repeated_material_row	Scadu Altus	Smithing Stone [6]	2049437600	m61_49_43	remaining_unreviewed	0		unresolved	first_exact_landmark_source
7773586	smithing_stone	repeated_material_row	Scadu Altus	Smithing Stone [6]	2050437220	m61_50_43	trusted	3	gameplay-guide:eip;gameplay-guide:redmaw;gameplay-wiki:eldenpedia	unresolved	none_identity_region_trusted
7774090	smithing_stone	repeated_material_row	Scadu Altus	Smithing Stone [6]	42027070	m61_49_44	audited_one_family	1	gameplay-wiki:fextralife	unresolved	second_independent_exact_landmark_source
7771885	smithing_stone	repeated_material_row	Scadu Altus	Smithing Stone [7]	21007010	m21_00	remaining_unreviewed	0		unresolved	first_exact_landmark_source
7773433	smithing_stone	repeated_material_row	Scadu Altus	Smithing Stone [7]	2047457010	m61_47_45	audited_one_family	1	gameplay-guide:redmaw	unresolved	second_independent_exact_landmark_source
7773503	smithing_stone	repeated_material_row	Scadu Altus	Smithing Stone [7]	2048467060	m61_49_45	remaining_unreviewed	0		unresolved	first_exact_landmark_source
7773538	smithing_stone	repeated_material_row	Scadu Altus	Smithing Stone [7]	2049437500	m61_49_43	audited_one_family	1	gameplay-wiki:fextralife	unresolved	second_independent_exact_landmark_source
7773589	smithing_stone	repeated_material_row	Scadu Altus	Smithing Stone [7]	2050447000	m61_51_44	trusted	2	gameplay-guide:gamesradar;gameplay-wiki:eldenpedia	unresolved	none_identity_region_trusted
7773931	smithing_stone	repeated_material_row	Scadu Altus	Smithing Stone [7]	21007180	m21_00	remaining_unreviewed	0		unresolved	first_exact_landmark_source
7774551	smithing_stone	repeated_material_row	Scadu Altus	Smithing Stone [7]	2049447070	m61_49_44	trusted	2	gameplay-guide:gamesradar;gameplay-guide:powerpyx	unresolved	none_identity_region_trusted
7771891	smithing_stone	repeated_material_row	Scadu Altus	Smithing Stone [8]	21007080	m21_00	remaining_unreviewed	0		unresolved	first_exact_landmark_source
7771893	smithing_stone	repeated_material_row	Scadu Altus	Smithing Stone [8]	21007100	m21_00	remaining_unreviewed	0		unresolved	first_exact_landmark_source
7771897	smithing_stone	repeated_material_row	Scadu Altus	Smithing Stone [8]	21007140	m21_00	remaining_unreviewed	0		unresolved	first_exact_landmark_source
7771921	smithing_stone	repeated_material_row	Scadu Altus	Smithing Stone [8]	21007620	m21_00	audited_one_family	1	gameplay-wiki:fextralife	unresolved	second_independent_exact_landmark_source
7773439	smithing_stone	repeated_material_row	Scadu Altus	Smithing Stone [8]	2047457700	m61_47_45	remaining_unreviewed	0		unresolved	first_exact_landmark_source
7773609	smithing_stone	repeated_material_row	Scadu Altus	Smithing Stone [8]	2050467000	m61_49_45	trusted	2	gameplay-guide:redmaw;gameplay-wiki:eldenpedia	unresolved	none_identity_region_trusted
7773930	smithing_stone	repeated_material_row	Scadu Altus	Smithing Stone [8]	21007060	m21_00	remaining_unreviewed	0		unresolved	first_exact_landmark_source
7774061	smithing_stone	repeated_material_row	Scadu Altus	Smithing Stone [8]	41017110	m41_01	audited_one_family	1	gameplay-wiki:eldenpedia	unresolved	second_independent_exact_landmark_source
7774091	smithing_stone	repeated_material_row	Scadu Altus	Smithing Stone [8]	42027080	m61_47_45	audited_one_family	1	gameplay-wiki:fextralife	unresolved	second_independent_exact_landmark_source
7774545	smithing_stone	repeated_material_row	Scadu Altus	Smithing Stone [8]	2047457920	m61_47_45	trusted	2	gameplay-guide:gamesradar;gameplay-guide:redmaw	unresolved	none_identity_region_trusted
7774562	smithing_stone	repeated_material_row	Scadu Altus	Smithing Stone [8]	2051447020	m61_51_44	trusted	2	gameplay-guide:game8;gameplay-guide:gamesradar	unresolved	none_identity_region_trusted
7771918	smithing_stone	repeated_material_row	Scadu Altus	Somber Smithing Stone [7]	21007590	m21_00	remaining_unreviewed	0		unresolved	first_exact_landmark_source
7773434	smithing_stone	repeated_material_row	Scadu Altus	Somber Smithing Stone [7]	2047457020	m61_47_45	remaining_unreviewed	0		unresolved	first_exact_landmark_source
7773500	smithing_stone	repeated_material_row	Scadu Altus	Somber Smithing Stone [7]	2048467030	m61_47_45	trusted	2	gameplay-guide:game8;gameplay-guide:redmaw	unresolved	none_identity_region_trusted
7774560	smithing_stone	repeated_material_row	Scadu Altus	Somber Smithing Stone [7]	2050457080	m61_49_44	trusted	2	gameplay-guide:gamesradar;gameplay-guide:powerpyx	unresolved	none_identity_region_trusted
7771898	smithing_stone	repeated_material_row	Scadu Altus	Somber Smithing Stone [8]	21007160	m21_00	remaining_unreviewed	0		unresolved	first_exact_landmark_source
7773605	smithing_stone	repeated_material_row	Scadu Altus	Somber Smithing Stone [8]	2050447740	m61_49_43	remaining_unreviewed	0		unresolved	first_exact_landmark_source
7774085	smithing_stone	repeated_material_row	Scadu Altus	Somber Smithing Stone [8]	42027020	m21_00	remaining_unreviewed	0		unresolved	first_exact_landmark_source
7774087	smithing_stone	repeated_material_row	Scadu Altus	Somber Smithing Stone [8]	42027040	m25_00	audited_one_family	1	gameplay-guide:redmaw	unresolved	second_independent_exact_landmark_source
7771914	smithing_stone	repeated_material_row	Scadu Altus	Somber Smithing Stone [9]	21007550	m21_00	remaining_unreviewed	0		unresolved	first_exact_landmark_source
7771986	smithing_stone	repeated_material_row	Shadow Keep	Smithing Stone [7]	21027200	m61_52_48	audited_one_family	1	gameplay-guide:redmaw	unresolved	second_independent_exact_landmark_source
7771989	smithing_stone	repeated_material_row	Shadow Keep	Smithing Stone [7]	21027230	m61_50_48	remaining_unreviewed	0		unresolved	first_exact_landmark_source
7773934	smithing_stone	repeated_material_row	Shadow Keep	Smithing Stone [7]	21017090	m21_01	trusted	2	gameplay-guide:redmaw;gameplay-wiki:eldenpedia	unresolved	none_identity_region_trusted
7773935	smithing_stone	repeated_material_row	Shadow Keep	Smithing Stone [7]	21017400	m21_01	audited_one_family	1	gameplay-guide:redmaw	unresolved	second_independent_exact_landmark_source
7771937	smithing_stone	repeated_material_row	Shadow Keep	Smithing Stone [8]	21017060	m21_01	remaining_unreviewed	0		unresolved	first_exact_landmark_source
7771976	smithing_stone	repeated_material_row	Shadow Keep	Smithing Stone [8]	21017760	m21_01	remaining_unreviewed	0		unresolved	first_exact_landmark_source
7773936	smithing_stone	repeated_material_row	Shadow Keep	Smithing Stone [8]	21017420	m21_01	audited_one_family	1	gameplay-guide:redmaw	unresolved	second_independent_exact_landmark_source
7771992	smithing_stone	repeated_material_row	Shadow Keep	Somber Smithing Stone [6]	21027260	m61_50_47	remaining_unreviewed	0		unresolved	first_exact_landmark_source
7771977	smithing_stone	repeated_material_row	Shadow Keep	Somber Smithing Stone [8]	21017770	m21_01	remaining_unreviewed	0		unresolved	first_exact_landmark_source
7771967	smithing_stone	repeated_material_row	Shadow Keep	Somber Smithing Stone [9]	21017600	m21_01	trusted	3	gameplay-guide:game8;gameplay-guide:redmaw;gameplay-wiki:fextralife	unresolved	none_identity_region_trusted
7771993	smithing_stone	repeated_material_row	Shadow Keep	Somber Smithing Stone [9]	21027270	m61_50_48	remaining_unreviewed	0		unresolved	first_exact_landmark_source
7771165	smithing_stone	repeated_material_row	Siofra River	Smithing Stone [2]	12027230	m12_02	remaining_unreviewed	0		unresolved	first_exact_landmark_source
7771183	smithing_stone	repeated_material_row	Siofra River	Smithing Stone [2]	12027410	m12_02	remaining_unreviewed	0		unresolved	first_exact_landmark_source
7771216	smithing_stone	repeated_material_row	Siofra River	Smithing Stone [2]	12027720	m12_02	remaining_unreviewed	0		unresolved	first_exact_landmark_source
7771363	smithing_stone	repeated_material_row	Siofra River	Smithing Stone [2]	12077050	m12_09	remaining_unreviewed	0		unresolved	first_exact_landmark_source
7771164	smithing_stone	repeated_material_row	Siofra River	Smithing Stone [3]	12027220	m12_02	remaining_unreviewed	0		unresolved	first_exact_landmark_source
7771177	smithing_stone	repeated_material_row	Siofra River	Smithing Stone [3]	12027350	m12_02	remaining_unreviewed	0		unresolved	first_exact_landmark_source
7771233	smithing_stone	repeated_material_row	Siofra River	Smithing Stone [3]	12027900	m12_02	remaining_unreviewed	0		unresolved	first_exact_landmark_source
7771371	smithing_stone	repeated_material_row	Siofra River	Smithing Stone [3]	12077130	m12_02	remaining_unreviewed	0		unresolved	first_exact_landmark_source
7771389	smithing_stone	repeated_material_row	Siofra River	Smithing Stone [3]	12077410	m12_02	trusted	2	gameplay-guide:redmaw;gameplay-wiki:eldenpedia	unresolved	none_identity_region_trusted
7771172	smithing_stone	repeated_material_row	Siofra River	Smithing Stone [4]	12027300	m12_02	remaining_unreviewed	0		unresolved	first_exact_landmark_source
7771209	smithing_stone	repeated_material_row	Siofra River	Smithing Stone [4]	12027650	m12_02	remaining_unreviewed	0		unresolved	first_exact_landmark_source
7771227	smithing_stone	repeated_material_row	Siofra River	Smithing Stone [4]	12027830	m12_02	remaining_unreviewed	0		unresolved	first_exact_landmark_source
7771362	smithing_stone	repeated_material_row	Siofra River	Smithing Stone [4]	12077040	m12_08	remaining_unreviewed	0		unresolved	first_exact_landmark_source
7771373	smithing_stone	repeated_material_row	Siofra River	Smithing Stone [4]	12077150	m12_09	remaining_unreviewed	0		unresolved	first_exact_landmark_source
7771205	smithing_stone	repeated_material_row	Siofra River	Smithing Stone [5]	12027610	m12_02	remaining_unreviewed	0		unresolved	first_exact_landmark_source
7771215	smithing_stone	repeated_material_row	Siofra River	Smithing Stone [5]	12027710	m12_02	remaining_unreviewed	0		unresolved	first_exact_landmark_source
7771218	smithing_stone	repeated_material_row	Siofra River	Smithing Stone [5]	12027740	m12_02	remaining_unreviewed	0		unresolved	first_exact_landmark_source
7771224	smithing_stone	repeated_material_row	Siofra River	Smithing Stone [5]	12027800	m12_02	remaining_unreviewed	0		unresolved	first_exact_landmark_source
7771384	smithing_stone	repeated_material_row	Siofra River	Smithing Stone [5]	12077360	m12_02	remaining_unreviewed	0		unresolved	first_exact_landmark_source
7771391	smithing_stone	repeated_material_row	Siofra River	Smithing Stone [5]	12077430	m12_02	audited_one_family	1	gameplay-guide:redmaw	unresolved	second_independent_exact_landmark_source
7771157	smithing_stone	repeated_material_row	Siofra River	Somber Smithing Stone [2]	12027150	m12_02	audited_one_family	1	gameplay-wiki:fextralife	unresolved	second_independent_exact_landmark_source
7771163	smithing_stone	repeated_material_row	Siofra River	Somber Smithing Stone [2]	12027210	m12_02	remaining_unreviewed	0		unresolved	first_exact_landmark_source
7771390	smithing_stone	repeated_material_row	Siofra River	Somber Smithing Stone [4]	12077420	m12_02	remaining_unreviewed	0		unresolved	first_exact_landmark_source
7770782	smithing_stone	repeated_material_row	Siofra River	Somber Smithing Stone [5]	540642	m12_02	remaining_unreviewed	0		unresolved	first_exact_landmark_source
7771212	smithing_stone	repeated_material_row	Siofra River	Somber Smithing Stone [5]	12027680	m12_02	remaining_unreviewed	0		unresolved	first_exact_landmark_source
7771238	smithing_stone	repeated_material_row	Siofra River	Somber Smithing Stone [5]	12027950	m12_02	audited_one_family	1	gameplay-wiki:eldenpedia	unresolved	second_independent_exact_landmark_source
7771188	smithing_stone	repeated_material_row	Siofra River	Somber Smithing Stone [6]	12027445	m12_02	remaining_unreviewed	0		unresolved	first_exact_landmark_source
7770207	smithing_stone	repeated_material_row	Stormveil	Ancient Dragon Smithing Stone	100180		trusted	2	gameplay-guide:redmaw;gameplay-wiki:eldenpedia	unresolved	none_identity_region_trusted
7770862	smithing_stone	repeated_material_row	Stormveil	Smithing Stone [1]	10007510	m10_00	trusted	3	gameplay-guide:powerpyx;gameplay-guide:redmaw;gameplay-wiki:fextralife	unresolved	none_identity_region_trusted
7770875	smithing_stone	repeated_material_row	Stormveil	Smithing Stone [1]	10007640	m10_00	remaining_unreviewed	0		unresolved	first_exact_landmark_source
7770886	smithing_stone	repeated_material_row	Stormveil	Smithing Stone [1]	10007750	m10_00	remaining_unreviewed	0		unresolved	first_exact_landmark_source
7770888	smithing_stone	repeated_material_row	Stormveil	Smithing Stone [1]	10007780	m10_00	remaining_unreviewed	0		unresolved	first_exact_landmark_source
7770892	smithing_stone	repeated_material_row	Stormveil	Smithing Stone [1]	10007820	m10_00	remaining_unreviewed	0		unresolved	first_exact_landmark_source
7770826	smithing_stone	repeated_material_row	Stormveil	Smithing Stone [2]	10007150	m10_00	remaining_unreviewed	0		unresolved	first_exact_landmark_source
7770844	smithing_stone	repeated_material_row	Stormveil	Smithing Stone [2]	10007310	m10_00	remaining_unreviewed	0		unresolved	first_exact_landmark_source
7770854	smithing_stone	repeated_material_row	Stormveil	Smithing Stone [2]	10007410	m10_00	remaining_unreviewed	0		unresolved	first_exact_landmark_source
7770870	smithing_stone	repeated_material_row	Stormveil	Smithing Stone [2]	10007590	m10_00	trusted	2	gameplay-guide:powerpyx;gameplay-guide:redmaw	unresolved	none_identity_region_trusted
7770882	smithing_stone	repeated_material_row	Stormveil	Smithing Stone [2]	10007710	m10_00	audited_one_family	1	gameplay-guide:redmaw	unresolved	second_independent_exact_landmark_source
7770885	smithing_stone	repeated_material_row	Stormveil	Smithing Stone [2]	10007740	m10_00	remaining_unreviewed	0		unresolved	first_exact_landmark_source
7770890	smithing_stone	repeated_material_row	Stormveil	Smithing Stone [2]	10007800	m10_00	remaining_unreviewed	0		unresolved	first_exact_landmark_source
7770897	smithing_stone	repeated_material_row	Stormveil	Smithing Stone [2]	10007870	m10_00	remaining_unreviewed	0		unresolved	first_exact_landmark_source
7770824	smithing_stone	repeated_material_row	Stormveil	Smithing Stone [3]	10007130	m10_00	remaining_unreviewed	0		unresolved	first_exact_landmark_source
7770894	smithing_stone	repeated_material_row	Stormveil	Smithing Stone [3]	10007840	m10_00	remaining_unreviewed	0		unresolved	first_exact_landmark_source
7770819	smithing_stone	repeated_material_row	Stormveil	Somber Smithing Stone [1]	10007085	m10_00	remaining_unreviewed	0		unresolved	first_exact_landmark_source
7770843	smithing_stone	repeated_material_row	Stormveil	Somber Smithing Stone [2]	10007300	m10_00	trusted	2	gameplay-guide:redmaw;gameplay-wiki:fextralife	unresolved	none_identity_region_trusted
7770910	smithing_stone	repeated_material_row	Stormveil	Somber Smithing Stone [2]	10007980	m10_00	trusted	3	gameplay-guide:powerpyx;gameplay-guide:redmaw;gameplay-wiki:fextralife	unresolved	none_identity_region_trusted
7770443	smithing_stone	repeated_material_row	Weeping	Smithing Stone [1]	180540		trusted	2	gameplay-guide:redmaw;gameplay-wiki:eldenpedia	unresolved	none_identity_region_trusted
7772864	smithing_stone	repeated_material_row	Weeping	Smithing Stone [1]	1043317350	m60_44_32	remaining_unreviewed	0		unresolved	first_exact_landmark_source
7772903	smithing_stone	repeated_material_row	Weeping	Smithing Stone [1]	1044327010	m60_44_32	remaining_unreviewed	0		unresolved	first_exact_landmark_source
7774354	smithing_stone	repeated_material_row	Weeping	Smithing Stone [1]	1044347010	m60_43_33	remaining_unreviewed	0		unresolved	first_exact_landmark_source
7770389	smithing_stone	repeated_material_row	Weeping	Smithing Stone [2]	160650		trusted	2	gameplay-guide:redmaw;gameplay-wiki:eldenpedia	unresolved	none_identity_region_trusted
7770444	smithing_stone	repeated_material_row	Weeping	Smithing Stone [2]	180550		trusted	2	gameplay-guide:redmaw;gameplay-wiki:eldenpedia	unresolved	none_identity_region_trusted
7772853	smithing_stone	repeated_material_row	Weeping	Smithing Stone [2]	1043317020	m60_43_30	remaining_unreviewed	0		unresolved	first_exact_landmark_source
7772855	smithing_stone	repeated_material_row	Weeping	Smithing Stone [2]	1043317090	m60_44_32	remaining_unreviewed	0		unresolved	first_exact_landmark_source
7772860	smithing_stone	repeated_material_row	Weeping	Smithing Stone [2]	1043317240	m60_44_32	trusted	2	gameplay-wiki:eldenpedia;gameplay-wiki:fextralife	unresolved	none_identity_region_trusted
7772916	smithing_stone	repeated_material_row	Weeping	Smithing Stone [2]	1044337200	m60_43_33	remaining_unreviewed	0		unresolved	first_exact_landmark_source
7772850	smithing_stone	repeated_material_row	Weeping	Somber Smithing Stone [1]	1043307000	m60_43_30	audited_one_family	1	gameplay-wiki:fextralife	unresolved	second_independent_exact_landmark_source
7772902	smithing_stone	repeated_material_row	Weeping	Somber Smithing Stone [2]	1044317030	m60_44_32	remaining_unreviewed	0		unresolved	first_exact_landmark_source
