lead_id	subject_kind	subject_id	claim_kind	normalized_value	source_ids	independence_families	disposition	game_version	exact_citations	summary	limitations
redmaw-w1-11-check-7774591	check	7774591	identity_region	"{""item_name"":""Strength!"",""region"":""Limgrave""}"	wiki:redmaw:walkthrough:20260712183803	gameplay-guide:redmaw	lead_only	unknown	redmaw:#tutorial:w1-11	The walkthrough records Strength! in its tutorial segment; that item name identifies one current AP check in Limgrave.	One independently authored walkthrough lead, matched by exact item name inside a declared region bucket. It does not prove a v1.17 event predicate, access requirement, absence of alternate acquisition, or the accuracy of AP's descriptive location suffix.
redmaw-w1-13-check-7773661	check	7773661	identity_region	"{""item_name"":""Tarnished's Furled Finger"",""region"":""Limgrave""}"	wiki:redmaw:walkthrough:20260712183803	gameplay-guide:redmaw	lead_only	unknown	redmaw:#tutorial:w1-13	The walkthrough records Tarnished's Furled Finger in its tutorial segment; that item name identifies one current AP check in Limgrave.	One independently authored walkthrough lead, matched by exact item name inside a declared region bucket. It does not prove a v1.17 event predicate, access requirement, absence of alternate acquisition, or the accuracy of AP's descriptive location suffix.
redmaw-w10-10-check-7770700	check	7770700	identity_region	"{""item_name"":""Flame of the Fell God"",""region"":""Liurnia""}"	wiki:redmaw:walkthrough:20260712183803	gameplay-guide:redmaw	lead_only	unknown	redmaw:#south-liurnia:w10-10	The walkthrough records Flame of the Fell God in its south-liurnia segment; that item name identifies one current AP check in Liurnia.	One independently authored walkthrough lead, matched by exact item name inside a declared region bucket. It does not prove a v1.17 event predicate, access requirement, absence of alternate acquisition, or the accuracy of AP's descriptive location suffix.
redmaw-w10-12-check-7772578	check	7772578	identity_region	"{""item_name"":""Fire Monks' Prayerbook"",""region"":""Liurnia""}"	wiki:redmaw:walkthrough:20260712183803	gameplay-guide:redmaw	lead_only	unknown	redmaw:#south-liurnia:w10-12	The walkthrough records Fire Monks' Prayerbook in its south-liurnia segment; that item name identifies one current AP check in Liurnia.	One independently authored walkthrough lead, matched by exact item name inside a declared region bucket. It does not prove a v1.17 event predicate, access requirement, absence of alternate acquisition, or the accuracy of AP's descriptive location suffix.
redmaw-w10-12-check-7772579	check	7772579	identity_region	"{""item_name"":""Dappled Cured Meat"",""region"":""Liurnia""}"	wiki:redmaw:walkthrough:20260712183803	gameplay-guide:redmaw	lead_only	unknown	redmaw:#south-liurnia:w10-12	The walkthrough records Dappled Cured Meat in its south-liurnia segment; that item name identifies one current AP check in Liurnia.	One independently authored walkthrough lead, matched by exact item name inside a declared region bucket. It does not prove a v1.17 event predicate, access requirement, absence of alternate acquisition, or the accuracy of AP's descriptive location suffix.
redmaw-w10-12-check-7774594	check	7774594	identity_region	"{""item_name"":""Fire Spur Me"",""region"":""Liurnia""}"	wiki:redmaw:walkthrough:20260712183803	gameplay-guide:redmaw	lead_only	unknown	redmaw:#south-liurnia:w10-12	The walkthrough records Fire Spur Me in its south-liurnia segment; that item name identifies one current AP check in Liurnia.	One independently authored walkthrough lead, matched by exact item name inside a declared region bucket. It does not prove a v1.17 event predicate, access requirement, absence of alternate acquisition, or the accuracy of AP's descriptive location suffix.
redmaw-w10-17-check-7774212	check	7774212	identity_region	"{""item_name"":""Wraith Calling Bell"",""region"":""Liurnia""}"	wiki:redmaw:walkthrough:20260712183803	gameplay-guide:redmaw	lead_only	unknown	redmaw:#south-liurnia:w10-17	The walkthrough records Wraith Calling Bell in its south-liurnia segment; that item name identifies one current AP check in Liurnia.	One independently authored walkthrough lead, matched by exact item name inside a declared region bucket. It does not prove a v1.17 event predicate, access requirement, absence of alternate acquisition, or the accuracy of AP's descriptive location suffix.
redmaw-w10-21-check-7773675	check	7773675	identity_region	"{""item_name"":""Dexterity-knot Crystal Tear"",""region"":""Liurnia""}"	wiki:redmaw:walkthrough:20260712183803	gameplay-guide:redmaw	lead_only	unknown	redmaw:#south-liurnia:w10-21	The walkthrough records Dexterity-knot Crystal Tear in its south-liurnia segment; that item name identifies one current AP check in Liurnia.	One independently authored walkthrough lead, matched by exact item name inside a declared region bucket. It does not prove a v1.17 event predicate, access requirement, absence of alternate acquisition, or the accuracy of AP's descriptive location suffix.
redmaw-w10-23-check-7770595	check	7770595	identity_region	"{""item_name"":""Rya's Necklace"",""region"":""Liurnia""}"	wiki:redmaw:walkthrough:20260712183803	gameplay-guide:redmaw	lead_only	unknown	redmaw:#south-liurnia:w10-23	The walkthrough records Rya's Necklace in its south-liurnia segment; that item name identifies one current AP check in Liurnia.	One independently authored walkthrough lead, matched by exact item name inside a declared region bucket. It does not prove a v1.17 event predicate, access requirement, absence of alternate acquisition, or the accuracy of AP's descriptive location suffix.
redmaw-w10-32-check-7770086	check	7770086	identity_region	"{""item_name"":""Nomadic Warrior's Cookbook [12]"",""region"":""Liurnia""}"	wiki:redmaw:walkthrough:20260712183803	gameplay-guide:redmaw	lead_only	unknown	redmaw:#south-liurnia:w10-32	The walkthrough records Nomadic Warrior's Cookbook [12] in its south-liurnia segment; that item name identifies one current AP check in Liurnia.	One independently authored walkthrough lead, matched by exact item name inside a declared region bucket. It does not prove a v1.17 event predicate, access requirement, absence of alternate acquisition, or the accuracy of AP's descriptive location suffix.
redmaw-w10-33-check-7770740	check	7770740	identity_region	"{""item_name"":""Bloodflame Blade"",""region"":""Liurnia""}"	wiki:redmaw:walkthrough:20260712183803	gameplay-guide:redmaw	lead_only	unknown	redmaw:#south-liurnia:w10-33	The walkthrough records Bloodflame Blade in its south-liurnia segment; that item name identifies one current AP check in Liurnia.	One independently authored walkthrough lead, matched by exact item name inside a declared region bucket. It does not prove a v1.17 event predicate, access requirement, absence of alternate acquisition, or the accuracy of AP's descriptive location suffix.
redmaw-w10-39-check-7770738	check	7770738	identity_region	"{""item_name"":""Ash of War: Vow of the Indomitable"",""region"":""Liurnia""}"	wiki:redmaw:walkthrough:20260712183803	gameplay-guide:redmaw	lead_only	unknown	redmaw:#south-liurnia:w10-39	The walkthrough records Ash of War: Vow of the Indomitable in its south-liurnia segment; that item name identifies one current AP check in Liurnia.	One independently authored walkthrough lead, matched by exact item name inside a declared region bucket. It does not prove a v1.17 event predicate, access requirement, absence of alternate acquisition, or the accuracy of AP's descriptive location suffix.
redmaw-w10-45-check-7773710	check	7773710	identity_region	"{""item_name"":""Haligtree Secret Medallion (Right)"",""region"":""Liurnia""}"	wiki:redmaw:walkthrough:20260712183803	gameplay-guide:redmaw	lead_only	unknown	redmaw:#south-liurnia:w10-45	The walkthrough records Haligtree Secret Medallion (Right) in its south-liurnia segment; that item name identifies one current AP check in Liurnia.	One independently authored walkthrough lead, matched by exact item name inside a declared region bucket. It does not prove a v1.17 event predicate, access requirement, absence of alternate acquisition, or the accuracy of AP's descriptive location suffix.
redmaw-w10-46-check-7774127	check	7774127	identity_region	"{""item_name"":""Ivory Sickle"",""region"":""Liurnia""}"	wiki:redmaw:walkthrough:20260712183803	gameplay-guide:redmaw	lead_only	unknown	redmaw:#south-liurnia:w10-46	The walkthrough records Ivory Sickle in its south-liurnia segment; that item name identifies one current AP check in Liurnia.	One independently authored walkthrough lead, matched by exact item name inside a declared region bucket. It does not prove a v1.17 event predicate, access requirement, absence of alternate acquisition, or the accuracy of AP's descriptive location suffix.
redmaw-w10-47-check-7770698	check	7770698	identity_region	"{""item_name"":""Crucible Knot Talisman"",""region"":""Liurnia""}"	wiki:redmaw:walkthrough:20260712183803	gameplay-guide:redmaw	lead_only	unknown	redmaw:#south-liurnia:w10-47	The walkthrough records Crucible Knot Talisman in its south-liurnia segment; that item name identifies one current AP check in Liurnia.	One independently authored walkthrough lead, matched by exact item name inside a declared region bucket. It does not prove a v1.17 event predicate, access requirement, absence of alternate acquisition, or the accuracy of AP's descriptive location suffix.
redmaw-w10-51-check-7772482	check	7772482	identity_region	"{""item_name"":""Crystal Sword"",""region"":""Liurnia""}"	wiki:redmaw:walkthrough:20260712183803	gameplay-guide:redmaw	lead_only	unknown	redmaw:#south-liurnia:w10-51	The walkthrough records Crystal Sword in its south-liurnia segment; that item name identifies one current AP check in Liurnia.	One independently authored walkthrough lead, matched by exact item name inside a declared region bucket. It does not prove a v1.17 event predicate, access requirement, absence of alternate acquisition, or the accuracy of AP's descriptive location suffix.
redmaw-w10-59-check-7774211	check	7774211	identity_region	"{""item_name"":""Glass Shard"",""region"":""Liurnia""}"	wiki:redmaw:walkthrough:20260712183803	gameplay-guide:redmaw	lead_only	unknown	redmaw:#south-liurnia:w10-59	The walkthrough records Glass Shard in its south-liurnia segment; that item name identifies one current AP check in Liurnia.	One independently authored walkthrough lead, matched by exact item name inside a declared region bucket. It does not prove a v1.17 event predicate, access requirement, absence of alternate acquisition, or the accuracy of AP's descriptive location suffix.
redmaw-w10-63-check-7772142	check	7772142	identity_region	"{""item_name"":""Spear Talisman"",""region"":""Liurnia""}"	wiki:redmaw:walkthrough:20260712183803	gameplay-guide:redmaw	lead_only	unknown	redmaw:#south-liurnia:w10-63	The walkthrough records Spear Talisman in its south-liurnia segment; that item name identifies one current AP check in Liurnia.	One independently authored walkthrough lead, matched by exact item name inside a declared region bucket. It does not prove a v1.17 event predicate, access requirement, absence of alternate acquisition, or the accuracy of AP's descriptive location suffix.
redmaw-w10-68-check-7773826	check	7773826	identity_region	"{""item_name"":""Cerulean Amber Medallion"",""region"":""Liurnia""}"	wiki:redmaw:walkthrough:20260712183803	gameplay-guide:redmaw	lead_only	unknown	redmaw:#south-liurnia:w10-68	The walkthrough records Cerulean Amber Medallion in its south-liurnia segment; that item name identifies one current AP check in Liurnia.	One independently authored walkthrough lead, matched by exact item name inside a declared region bucket. It does not prove a v1.17 event predicate, access requirement, absence of alternate acquisition, or the accuracy of AP's descriptive location suffix.
redmaw-w10-69-check-7770619	check	7770619	identity_region	"{""item_name"":""Latenna the Albinauric"",""region"":""Liurnia""}"	wiki:redmaw:walkthrough:20260712183803	gameplay-guide:redmaw	lead_only	unknown	redmaw:#south-liurnia:w10-69	The walkthrough records Latenna the Albinauric in its south-liurnia segment; that item name identifies one current AP check in Liurnia.	One independently authored walkthrough lead, matched by exact item name inside a declared region bucket. It does not prove a v1.17 event predicate, access requirement, absence of alternate acquisition, or the accuracy of AP's descriptive location suffix.
redmaw-w10-9-check-7773825	check	7773825	identity_region	"{""item_name"":""Winged Sword Insignia"",""region"":""Liurnia""}"	wiki:redmaw:walkthrough:20260712183803	gameplay-guide:redmaw	lead_only	unknown	redmaw:#south-liurnia:w10-9	The walkthrough records Winged Sword Insignia in its south-liurnia segment; that item name identifies one current AP check in Liurnia.	One independently authored walkthrough lead, matched by exact item name inside a declared region bucket. It does not prove a v1.17 event predicate, access requirement, absence of alternate acquisition, or the accuracy of AP's descriptive location suffix.
redmaw-w11-12-check-7772034	check	7772034	identity_region	"{""item_name"":""Raya Lucaria Soldier Ashes"",""region"":""Liurnia""}"	wiki:redmaw:walkthrough:20260712183803	gameplay-guide:redmaw	lead_only	unknown	redmaw:#west-liurnia:w11-12	The walkthrough records Raya Lucaria Soldier Ashes in its west-liurnia segment; that item name identifies one current AP check in Liurnia.	One independently authored walkthrough lead, matched by exact item name inside a declared region bucket. It does not prove a v1.17 event predicate, access requirement, absence of alternate acquisition, or the accuracy of AP's descriptive location suffix.
redmaw-w11-16-check-7773808	check	7773808	identity_region	"{""item_name"":""Glintstone Sorcerer Ashes"",""region"":""Liurnia""}"	wiki:redmaw:walkthrough:20260712183803	gameplay-guide:redmaw	lead_only	unknown	redmaw:#west-liurnia:w11-16	The walkthrough records Glintstone Sorcerer Ashes in its west-liurnia segment; that item name identifies one current AP check in Liurnia.	One independently authored walkthrough lead, matched by exact item name inside a declared region bucket. It does not prove a v1.17 event predicate, access requirement, absence of alternate acquisition, or the accuracy of AP's descriptive location suffix.
redmaw-w11-21-check-7770701	check	7770701	identity_region	"{""item_name"":""Greatblade Phalanx"",""region"":""Liurnia""}"	wiki:redmaw:walkthrough:20260712183803	gameplay-guide:redmaw	lead_only	unknown	redmaw:#west-liurnia:w11-21	The walkthrough records Greatblade Phalanx in its west-liurnia segment; that item name identifies one current AP check in Liurnia.	One independently authored walkthrough lead, matched by exact item name inside a declared region bucket. It does not prove a v1.17 event predicate, access requirement, absence of alternate acquisition, or the accuracy of AP's descriptive location suffix.
redmaw-w11-24-check-7774117	check	7774117	identity_region	"{""item_name"":""Jellyfish Shield"",""region"":""Liurnia""}"	wiki:redmaw:walkthrough:20260712183803	gameplay-guide:redmaw	lead_only	unknown	redmaw:#west-liurnia:w11-24	The walkthrough records Jellyfish Shield in its west-liurnia segment; that item name identifies one current AP check in Liurnia.	One independently authored walkthrough lead, matched by exact item name inside a declared region bucket. It does not prove a v1.17 event predicate, access requirement, absence of alternate acquisition, or the accuracy of AP's descriptive location suffix.
redmaw-w11-28-check-7774119	check	7774119	identity_region	"{""item_name"":""Imbued Sword Key"",""region"":""Liurnia""}"	wiki:redmaw:walkthrough:20260712183803	gameplay-guide:redmaw	lead_only	unknown	redmaw:#west-liurnia:w11-28	The walkthrough records Imbued Sword Key in its west-liurnia segment; that item name identifies one current AP check in Liurnia.	One independently authored walkthrough lead, matched by exact item name inside a declared region bucket. It does not prove a v1.17 event predicate, access requirement, absence of alternate acquisition, or the accuracy of AP's descriptive location suffix.
redmaw-w11-30-check-7773786	check	7773786	identity_region	"{""item_name"":""Ornamental Straight Sword"",""region"":""Liurnia""}"	wiki:redmaw:walkthrough:20260712183803	gameplay-guide:redmaw	lead_only	unknown	redmaw:#west-liurnia:w11-30	The walkthrough records Ornamental Straight Sword in its west-liurnia segment; that item name identifies one current AP check in Liurnia.	One independently authored walkthrough lead, matched by exact item name inside a declared region bucket. It does not prove a v1.17 event predicate, access requirement, absence of alternate acquisition, or the accuracy of AP's descriptive location suffix.
redmaw-w11-30-check-7900113	check	7900113	identity_region	"{""item_name"":""Golden Beast Crest Shield"",""region"":""Liurnia""}"	wiki:redmaw:walkthrough:20260712183803	gameplay-guide:redmaw	lead_only	unknown	redmaw:#west-liurnia:w11-30	The walkthrough records Golden Beast Crest Shield in its west-liurnia segment; that item name identifies one current AP check in Liurnia.	One independently authored walkthrough lead, matched by exact item name inside a declared region bucket. It does not prove a v1.17 event predicate, access requirement, absence of alternate acquisition, or the accuracy of AP's descriptive location suffix.
redmaw-w11-33-check-7772475	check	7772475	identity_region	"{""item_name"":""Carian Knight's Sword"",""region"":""Liurnia""}"	wiki:redmaw:walkthrough:20260712183803	gameplay-guide:redmaw	lead_only	unknown	redmaw:#west-liurnia:w11-33	The walkthrough records Carian Knight's Sword in its west-liurnia segment; that item name identifies one current AP check in Liurnia.	One independently authored walkthrough lead, matched by exact item name inside a declared region bucket. It does not prove a v1.17 event predicate, access requirement, absence of alternate acquisition, or the accuracy of AP's descriptive location suffix.
redmaw-w11-4-check-7770029	check	7770029	identity_region	"{""item_name"":""Cerulean Crystal Tear"",""region"":""Liurnia""}"	wiki:redmaw:walkthrough:20260712183803	gameplay-guide:redmaw	lead_only	unknown	redmaw:#west-liurnia:w11-4	The walkthrough records Cerulean Crystal Tear in its west-liurnia segment; that item name identifies one current AP check in Liurnia.	One independently authored walkthrough lead, matched by exact item name inside a declared region bucket. It does not prove a v1.17 event predicate, access requirement, absence of alternate acquisition, or the accuracy of AP's descriptive location suffix.
redmaw-w11-4-check-7773672	check	7773672	identity_region	"{""item_name"":""Ruptured Crystal Tear"",""region"":""Liurnia""}"	wiki:redmaw:walkthrough:20260712183803	gameplay-guide:redmaw	lead_only	unknown	redmaw:#west-liurnia:w11-4	The walkthrough records Ruptured Crystal Tear in its west-liurnia segment; that item name identifies one current AP check in Liurnia.	One independently authored walkthrough lead, matched by exact item name inside a declared region bucket. It does not prove a v1.17 event predicate, access requirement, absence of alternate acquisition, or the accuracy of AP's descriptive location suffix.
redmaw-w11-48-check-7773676	check	7773676	identity_region	"{""item_name"":""Intelligence-knot Crystal Tear"",""region"":""Liurnia""}"	wiki:redmaw:walkthrough:20260712183803	gameplay-guide:redmaw	lead_only	unknown	redmaw:#west-liurnia:w11-48	The walkthrough records Intelligence-knot Crystal Tear in its west-liurnia segment; that item name identifies one current AP check in Liurnia.	One independently authored walkthrough lead, matched by exact item name inside a declared region bucket. It does not prove a v1.17 event predicate, access requirement, absence of alternate acquisition, or the accuracy of AP's descriptive location suffix.
redmaw-w11-5-check-7770744	check	7770744	identity_region	"{""item_name"":""Ash of War: Sword Dance"",""region"":""Liurnia""}"	wiki:redmaw:walkthrough:20260712183803	gameplay-guide:redmaw	lead_only	unknown	redmaw:#west-liurnia:w11-5	The walkthrough records Ash of War: Sword Dance in its west-liurnia segment; that item name identifies one current AP check in Liurnia.	One independently authored walkthrough lead, matched by exact item name inside a declared region bucket. It does not prove a v1.17 event predicate, access requirement, absence of alternate acquisition, or the accuracy of AP's descriptive location suffix.
redmaw-w11-60-check-7772514	check	7772514	identity_region	"{""item_name"":""Frozen Needle"",""region"":""Liurnia""}"	wiki:redmaw:walkthrough:20260712183803	gameplay-guide:redmaw	lead_only	unknown	redmaw:#west-liurnia:w11-60	The walkthrough records Frozen Needle in its west-liurnia segment; that item name identifies one current AP check in Liurnia.	One independently authored walkthrough lead, matched by exact item name inside a declared region bucket. It does not prove a v1.17 event predicate, access requirement, absence of alternate acquisition, or the accuracy of AP's descriptive location suffix.
redmaw-w11-63-check-7770736	check	7770736	identity_region	"{""item_name"":""Ash of War: Hoarfrost Stomp"",""region"":""Liurnia""}"	wiki:redmaw:walkthrough:20260712183803	gameplay-guide:redmaw	lead_only	unknown	redmaw:#west-liurnia:w11-63	The walkthrough records Ash of War: Hoarfrost Stomp in its west-liurnia segment; that item name identifies one current AP check in Liurnia.	One independently authored walkthrough lead, matched by exact item name inside a declared region bucket. It does not prove a v1.17 event predicate, access requirement, absence of alternate acquisition, or the accuracy of AP's descriptive location suffix.
redmaw-w11-9-check-7772037	check	7772037	identity_region	"{""item_name"":""Watchdog's Staff"",""region"":""Liurnia""}"	wiki:redmaw:walkthrough:20260712183803	gameplay-guide:redmaw	lead_only	unknown	redmaw:#west-liurnia:w11-9	The walkthrough records Watchdog's Staff in its west-liurnia segment; that item name identifies one current AP check in Liurnia.	One independently authored walkthrough lead, matched by exact item name inside a declared region bucket. It does not prove a v1.17 event predicate, access requirement, absence of alternate acquisition, or the accuracy of AP's descriptive location suffix.
redmaw-w12-19-check-7772264	check	7772264	identity_region	"{""item_name"":""Crystal Knife"",""region"":""Liurnia""}"	wiki:redmaw:walkthrough:20260712183803	gameplay-guide:redmaw	lead_only	unknown	redmaw:#central-liurnia:w12-19	The walkthrough records Crystal Knife in its central-liurnia segment; that item name identifies one current AP check in Liurnia.	One independently authored walkthrough lead, matched by exact item name inside a declared region bucket. It does not prove a v1.17 event predicate, access requirement, absence of alternate acquisition, or the accuracy of AP's descriptive location suffix.
redmaw-w12-2-check-7772584	check	7772584	identity_region	"{""item_name"":""Ash of War: Giant Hunt"",""region"":""Liurnia""}"	wiki:redmaw:walkthrough:20260712183803	gameplay-guide:redmaw	lead_only	unknown	redmaw:#central-liurnia:w12-2	The walkthrough records Ash of War: Giant Hunt in its central-liurnia segment; that item name identifies one current AP check in Liurnia.	One independently authored walkthrough lead, matched by exact item name inside a declared region bucket. It does not prove a v1.17 event predicate, access requirement, absence of alternate acquisition, or the accuracy of AP's descriptive location suffix.
redmaw-w12-2-check-7900233	check	7900233	identity_region	"{""item_name"":""Nightrider Glaive"",""region"":""Liurnia""}"	wiki:redmaw:walkthrough:20260712183803	gameplay-guide:redmaw	lead_only	unknown	redmaw:#central-liurnia:w12-2	The walkthrough records Nightrider Glaive in its central-liurnia segment; that item name identifies one current AP check in Liurnia.	One independently authored walkthrough lead, matched by exact item name inside a declared region bucket. It does not prove a v1.17 event predicate, access requirement, absence of alternate acquisition, or the accuracy of AP's descriptive location suffix.
redmaw-w12-20-check-7772533	check	7772533	identity_region	"{""item_name"":""Somber Smithing Stone [1]"",""region"":""Liurnia""}"	wiki:redmaw:walkthrough:20260712183803	gameplay-guide:redmaw	lead_only	unknown	redmaw:#central-liurnia:w12-20	The walkthrough records Somber Smithing Stone [1] in its central-liurnia segment; that item name identifies one current AP check in Liurnia.	One independently authored walkthrough lead, matched by exact item name inside a declared region bucket. It does not prove a v1.17 event predicate, access requirement, absence of alternate acquisition, or the accuracy of AP's descriptive location suffix.
redmaw-w12-21-check-7772263	check	7772263	identity_region	"{""item_name"":""Shatter Earth"",""region"":""Liurnia""}"	wiki:redmaw:walkthrough:20260712183803	gameplay-guide:redmaw	lead_only	unknown	redmaw:#central-liurnia:w12-21	The walkthrough records Shatter Earth in its central-liurnia segment; that item name identifies one current AP check in Liurnia.	One independently authored walkthrough lead, matched by exact item name inside a declared region bucket. It does not prove a v1.17 event predicate, access requirement, absence of alternate acquisition, or the accuracy of AP's descriptive location suffix.
redmaw-w12-25-check-7772547	check	7772547	identity_region	"{""item_name"":""Blue-White Wooden Shield"",""region"":""Liurnia""}"	wiki:redmaw:walkthrough:20260712183803	gameplay-guide:redmaw	lead_only	unknown	redmaw:#central-liurnia:w12-25	The walkthrough records Blue-White Wooden Shield in its central-liurnia segment; that item name identifies one current AP check in Liurnia.	One independently authored walkthrough lead, matched by exact item name inside a declared region bucket. It does not prove a v1.17 event predicate, access requirement, absence of alternate acquisition, or the accuracy of AP's descriptive location suffix.
redmaw-w12-29-check-7770735	check	7770735	identity_region	"{""item_name"":""Ash of War: Charge Forth"",""region"":""Liurnia""}"	wiki:redmaw:walkthrough:20260712183803	gameplay-guide:redmaw	lead_only	unknown	redmaw:#central-liurnia:w12-29	The walkthrough records Ash of War: Charge Forth in its central-liurnia segment; that item name identifies one current AP check in Liurnia.	One independently authored walkthrough lead, matched by exact item name inside a declared region bucket. It does not prove a v1.17 event predicate, access requirement, absence of alternate acquisition, or the accuracy of AP's descriptive location suffix.
redmaw-w12-33-check-7772491	check	7772491	identity_region	"{""item_name"":""Icerind Hatchet"",""region"":""Liurnia""}"	wiki:redmaw:walkthrough:20260712183803	gameplay-guide:redmaw	lead_only	unknown	redmaw:#central-liurnia:w12-33	The walkthrough records Icerind Hatchet in its central-liurnia segment; that item name identifies one current AP check in Liurnia.	One independently authored walkthrough lead, matched by exact item name inside a declared region bucket. It does not prove a v1.17 event predicate, access requirement, absence of alternate acquisition, or the accuracy of AP's descriptive location suffix.
redmaw-w12-36-check-7772494	check	7772494	identity_region	"{""item_name"":""Academy Glintstone Key"",""region"":""Liurnia""}"	wiki:redmaw:walkthrough:20260712183803	gameplay-guide:redmaw	lead_only	unknown	redmaw:#central-liurnia:w12-36	The walkthrough records Academy Glintstone Key in its central-liurnia segment; that item name identifies one current AP check in Liurnia.	One independently authored walkthrough lead, matched by exact item name inside a declared region bucket. It does not prove a v1.17 event predicate, access requirement, absence of alternate acquisition, or the accuracy of AP's descriptive location suffix.
redmaw-w12-44-check-7772144	check	7772144	identity_region	"{""item_name"":""Crystal Staff"",""region"":""Liurnia""}"	wiki:redmaw:walkthrough:20260712183803	gameplay-guide:redmaw	lead_only	unknown	redmaw:#central-liurnia:w12-44	The walkthrough records Crystal Staff in its central-liurnia segment; that item name identifies one current AP check in Liurnia.	One independently authored walkthrough lead, matched by exact item name inside a declared region bucket. It does not prove a v1.17 event predicate, access requirement, absence of alternate acquisition, or the accuracy of AP's descriptive location suffix.
redmaw-w12-46-check-7773827	check	7773827	identity_region	"{""item_name"":""Crystal Release"",""region"":""Liurnia""}"	wiki:redmaw:walkthrough:20260712183803	gameplay-guide:redmaw	lead_only	unknown	redmaw:#central-liurnia:w12-46	The walkthrough records Crystal Release in its central-liurnia segment; that item name identifies one current AP check in Liurnia.	One independently authored walkthrough lead, matched by exact item name inside a declared region bucket. It does not prove a v1.17 event predicate, access requirement, absence of alternate acquisition, or the accuracy of AP's descriptive location suffix.
redmaw-w12-51-check-7770739	check	7770739	identity_region	"{""item_name"":""Ash of War: Shield Bash"",""region"":""Liurnia""}"	wiki:redmaw:walkthrough:20260712183803	gameplay-guide:redmaw	lead_only	unknown	redmaw:#central-liurnia:w12-51	The walkthrough records Ash of War: Shield Bash in its central-liurnia segment; that item name identifies one current AP check in Liurnia.	One independently authored walkthrough lead, matched by exact item name inside a declared region bucket. It does not prove a v1.17 event predicate, access requirement, absence of alternate acquisition, or the accuracy of AP's descriptive location suffix.
redmaw-w12-53-check-7772604	check	7772604	identity_region	"{""item_name"":""Red-Feathered Branchsword"",""region"":""Liurnia""}"	wiki:redmaw:walkthrough:20260712183803	gameplay-guide:redmaw	lead_only	unknown	redmaw:#central-liurnia:w12-53	The walkthrough records Red-Feathered Branchsword in its central-liurnia segment; that item name identifies one current AP check in Liurnia.	One independently authored walkthrough lead, matched by exact item name inside a declared region bucket. It does not prove a v1.17 event predicate, access requirement, absence of alternate acquisition, or the accuracy of AP's descriptive location suffix.
redmaw-w12-60-check-7770105	check	7770105	identity_region	"{""item_name"":""Glintstone Craftsman's Cookbook [4]"",""region"":""Liurnia""}"	wiki:redmaw:walkthrough:20260712183803	gameplay-guide:redmaw	lead_only	unknown	redmaw:#central-liurnia:w12-60	The walkthrough records Glintstone Craftsman's Cookbook [4] in its central-liurnia segment; that item name identifies one current AP check in Liurnia.	One independently authored walkthrough lead, matched by exact item name inside a declared region bucket. It does not prove a v1.17 event predicate, access requirement, absence of alternate acquisition, or the accuracy of AP's descriptive location suffix.
redmaw-w12-61-check-7772582	check	7772582	identity_region	"{""item_name"":""Ancient Death Rancor"",""region"":""Liurnia""}"	wiki:redmaw:walkthrough:20260712183803	gameplay-guide:redmaw	lead_only	unknown	redmaw:#central-liurnia:w12-61	The walkthrough records Ancient Death Rancor in its central-liurnia segment; that item name identifies one current AP check in Liurnia.	One independently authored walkthrough lead, matched by exact item name inside a declared region bucket. It does not prove a v1.17 event predicate, access requirement, absence of alternate acquisition, or the accuracy of AP's descriptive location suffix.
redmaw-w12-66-check-7770279	check	7770279	identity_region	"{""item_name"":""Celestial Dew"",""region"":""Liurnia""}"	wiki:redmaw:walkthrough:20260712183803	gameplay-guide:redmaw	lead_only	unknown	redmaw:#central-liurnia:w12-66	The walkthrough records Celestial Dew in its central-liurnia segment; that item name identifies one current AP check in Liurnia.	One independently authored walkthrough lead, matched by exact item name inside a declared region bucket. It does not prove a v1.17 event predicate, access requirement, absence of alternate acquisition, or the accuracy of AP's descriptive location suffix.
redmaw-w13-11-check-7770753	check	7770753	identity_region	"{""item_name"":""Ash of War: Spectral Lance"",""region"":""Raya Lucaria Academy""}"	wiki:redmaw:walkthrough:20260712183803	gameplay-guide:redmaw	lead_only	unknown	redmaw:#academy:w13-11	The walkthrough records Ash of War: Spectral Lance in its academy segment; that item name identifies one current AP check in Raya Lucaria Academy.	One independently authored walkthrough lead, matched by exact item name inside a declared region bucket. It does not prove a v1.17 event predicate, access requirement, absence of alternate acquisition, or the accuracy of AP's descriptive location suffix.
redmaw-w13-15-check-7771554	check	7771554	identity_region	"{""item_name"":""Gravity Well"",""region"":""Raya Lucaria Academy""}"	wiki:redmaw:walkthrough:20260712183803	gameplay-guide:redmaw	lead_only	unknown	redmaw:#academy:w13-15	The walkthrough records Gravity Well in its academy segment; that item name identifies one current AP check in Raya Lucaria Academy.	One independently authored walkthrough lead, matched by exact item name inside a declared region bucket. It does not prove a v1.17 event predicate, access requirement, absence of alternate acquisition, or the accuracy of AP's descriptive location suffix.
redmaw-w13-19-check-7771508	check	7771508	identity_region	"{""item_name"":""Avionette Soldier Ashes"",""region"":""Raya Lucaria Academy""}"	wiki:redmaw:walkthrough:20260712183803	gameplay-guide:redmaw	lead_only	unknown	redmaw:#academy:w13-19	The walkthrough records Avionette Soldier Ashes in its academy segment; that item name identifies one current AP check in Raya Lucaria Academy.	One independently authored walkthrough lead, matched by exact item name inside a declared region bucket. It does not prove a v1.17 event predicate, access requirement, absence of alternate acquisition, or the accuracy of AP's descriptive location suffix.
redmaw-w13-2-check-7771493	check	7771493	identity_region	"{""item_name"":""Rune Arc"",""region"":""Raya Lucaria Academy""}"	wiki:redmaw:walkthrough:20260712183803	gameplay-guide:redmaw	lead_only	unknown	redmaw:#academy:w13-2	The walkthrough records Rune Arc in its academy segment; that item name identifies one current AP check in Raya Lucaria Academy.	One independently authored walkthrough lead, matched by exact item name inside a declared region bucket. It does not prove a v1.17 event predicate, access requirement, absence of alternate acquisition, or the accuracy of AP's descriptive location suffix.
redmaw-w13-22-check-7771510	check	7771510	identity_region	"{""item_name"":""Longtail Cat Talisman"",""region"":""Raya Lucaria Academy""}"	wiki:redmaw:walkthrough:20260712183803	gameplay-guide:redmaw	lead_only	unknown	redmaw:#academy:w13-22	The walkthrough records Longtail Cat Talisman in its academy segment; that item name identifies one current AP check in Raya Lucaria Academy.	One independently authored walkthrough lead, matched by exact item name inside a declared region bucket. It does not prove a v1.17 event predicate, access requirement, absence of alternate acquisition, or the accuracy of AP's descriptive location suffix.
redmaw-w13-24-check-7770107	check	7770107	identity_region	"{""item_name"":""Glintstone Craftsman's Cookbook [5]"",""region"":""Raya Lucaria Academy""}"	wiki:redmaw:walkthrough:20260712183803	gameplay-guide:redmaw	lead_only	unknown	redmaw:#academy:w13-24	The walkthrough records Glintstone Craftsman's Cookbook [5] in its academy segment; that item name identifies one current AP check in Raya Lucaria Academy.	One independently authored walkthrough lead, matched by exact item name inside a declared region bucket. It does not prove a v1.17 event predicate, access requirement, absence of alternate acquisition, or the accuracy of AP's descriptive location suffix.
redmaw-w13-24-check-7771513	check	7771513	identity_region	"{""item_name"":""Conspectus Scroll"",""region"":""Raya Lucaria Academy""}"	wiki:redmaw:walkthrough:20260712183803	gameplay-guide:redmaw	lead_only	unknown	redmaw:#academy:w13-24	The walkthrough records Conspectus Scroll in its academy segment; that item name identifies one current AP check in Raya Lucaria Academy.	One independently authored walkthrough lead, matched by exact item name inside a declared region bucket. It does not prove a v1.17 event predicate, access requirement, absence of alternate acquisition, or the accuracy of AP's descriptive location suffix.
redmaw-w13-26-check-7771492	check	7771492	identity_region	"{""item_name"":""Olivinus Glintstone Crown"",""region"":""Raya Lucaria Academy""}"	wiki:redmaw:walkthrough:20260712183803	gameplay-guide:redmaw	lead_only	unknown	redmaw:#academy:w13-26	The walkthrough records Olivinus Glintstone Crown in its academy segment; that item name identifies one current AP check in Raya Lucaria Academy.	One independently authored walkthrough lead, matched by exact item name inside a declared region bucket. It does not prove a v1.17 event predicate, access requirement, absence of alternate acquisition, or the accuracy of AP's descriptive location suffix.
redmaw-w13-27-check-7770062	check	7770062	identity_region	"{""item_name"":""Ritual Pot"",""region"":""Raya Lucaria Academy""}"	wiki:redmaw:walkthrough:20260712183803	gameplay-guide:redmaw	lead_only	unknown	redmaw:#academy:w13-27	The walkthrough records Ritual Pot in its academy segment; that item name identifies one current AP check in Raya Lucaria Academy.	One independently authored walkthrough lead, matched by exact item name inside a declared region bucket. It does not prove a v1.17 event predicate, access requirement, absence of alternate acquisition, or the accuracy of AP's descriptive location suffix.
redmaw-w13-29-check-7771546	check	7771546	identity_region	"{""item_name"":""Comet"",""region"":""Raya Lucaria Academy""}"	wiki:redmaw:walkthrough:20260712183803	gameplay-guide:redmaw	lead_only	unknown	redmaw:#academy:w13-29	The walkthrough records Comet in its academy segment; that item name identifies one current AP check in Raya Lucaria Academy.	One independently authored walkthrough lead, matched by exact item name inside a declared region bucket. It does not prove a v1.17 event predicate, access requirement, absence of alternate acquisition, or the accuracy of AP's descriptive location suffix.
redmaw-w13-30-check-7771547	check	7771547	identity_region	"{""item_name"":""Graven-School Talisman"",""region"":""Raya Lucaria Academy""}"	wiki:redmaw:walkthrough:20260712183803	gameplay-guide:redmaw	lead_only	unknown	redmaw:#academy:w13-30	The walkthrough records Graven-School Talisman in its academy segment; that item name identifies one current AP check in Raya Lucaria Academy.	One independently authored walkthrough lead, matched by exact item name inside a declared region bucket. It does not prove a v1.17 event predicate, access requirement, absence of alternate acquisition, or the accuracy of AP's descriptive location suffix.
redmaw-w13-31-check-7773662	check	7773662	identity_region	"{""item_name"":""Memory Stone"",""region"":""Raya Lucaria Academy""}"	wiki:redmaw:walkthrough:20260712183803	gameplay-guide:redmaw	lead_only	unknown	redmaw:#academy:w13-31	The walkthrough records Memory Stone in its academy segment; that item name identifies one current AP check in Raya Lucaria Academy.	One independently authored walkthrough lead, matched by exact item name inside a declared region bucket. It does not prove a v1.17 event predicate, access requirement, absence of alternate acquisition, or the accuracy of AP's descriptive location suffix.
redmaw-w13-37-check-7771496	check	7771496	identity_region	"{""item_name"":""Karolos Glintstone Crown"",""region"":""Raya Lucaria Academy""}"	wiki:redmaw:walkthrough:20260712183803	gameplay-guide:redmaw	lead_only	unknown	redmaw:#academy:w13-37	The walkthrough records Karolos Glintstone Crown in its academy segment; that item name identifies one current AP check in Raya Lucaria Academy.	One independently authored walkthrough lead, matched by exact item name inside a declared region bucket. It does not prove a v1.17 event predicate, access requirement, absence of alternate acquisition, or the accuracy of AP's descriptive location suffix.
redmaw-w13-39-check-7771552	check	7771552	identity_region	"{""item_name"":""Carian Knight's Shield"",""region"":""Raya Lucaria Academy""}"	wiki:redmaw:walkthrough:20260712183803	gameplay-guide:redmaw	lead_only	unknown	redmaw:#academy:w13-39	The walkthrough records Carian Knight's Shield in its academy segment; that item name identifies one current AP check in Raya Lucaria Academy.	One independently authored walkthrough lead, matched by exact item name inside a declared region bucket. It does not prove a v1.17 event predicate, access requirement, absence of alternate acquisition, or the accuracy of AP's descriptive location suffix.
redmaw-w13-42-check-7771548	check	7771548	identity_region	"{""item_name"":""Glintstone Scarab"",""region"":""Raya Lucaria Academy""}"	wiki:redmaw:walkthrough:20260712183803	gameplay-guide:redmaw	lead_only	unknown	redmaw:#academy:w13-42	The walkthrough records Glintstone Scarab in its academy segment; that item name identifies one current AP check in Raya Lucaria Academy.	One independently authored walkthrough lead, matched by exact item name inside a declared region bucket. It does not prove a v1.17 event predicate, access requirement, absence of alternate acquisition, or the accuracy of AP's descriptive location suffix.
redmaw-w13-43-check-7771530	check	7771530	identity_region	"{""item_name"":""Golden Rune [7]"",""region"":""Raya Lucaria Academy""}"	wiki:redmaw:walkthrough:20260712183803	gameplay-guide:redmaw	lead_only	unknown	redmaw:#academy:w13-43	The walkthrough records Golden Rune [7] in its academy segment; that item name identifies one current AP check in Raya Lucaria Academy.	One independently authored walkthrough lead, matched by exact item name inside a declared region bucket. It does not prove a v1.17 event predicate, access requirement, absence of alternate acquisition, or the accuracy of AP's descriptive location suffix.
redmaw-w13-47-check-7771550	check	7771550	identity_region	"{""item_name"":""Radagon Icon"",""region"":""Raya Lucaria Academy""}"	wiki:redmaw:walkthrough:20260712183803	gameplay-guide:redmaw	lead_only	unknown	redmaw:#academy:w13-47	The walkthrough records Radagon Icon in its academy segment; that item name identifies one current AP check in Raya Lucaria Academy.	One independently authored walkthrough lead, matched by exact item name inside a declared region bucket. It does not prove a v1.17 event predicate, access requirement, absence of alternate acquisition, or the accuracy of AP's descriptive location suffix.
redmaw-w13-48-check-7770055	check	7770055	identity_region	"{""item_name"":""Cracked Pot"",""region"":""Raya Lucaria Academy""}"	wiki:redmaw:walkthrough:20260712183803	gameplay-guide:redmaw	lead_only	unknown	redmaw:#academy:w13-48	The walkthrough records Cracked Pot in its academy segment; that item name identifies one current AP check in Raya Lucaria Academy.	One independently authored walkthrough lead, matched by exact item name inside a declared region bucket. It does not prove a v1.17 event predicate, access requirement, absence of alternate acquisition, or the accuracy of AP's descriptive location suffix.
redmaw-w13-49-check-7770044	check	7770044	identity_region	"{""item_name"":""Glintstone Whetblade"",""region"":""Raya Lucaria Academy""}"	wiki:redmaw:walkthrough:20260712183803	gameplay-guide:redmaw	lead_only	unknown	redmaw:#academy:w13-49	The walkthrough records Glintstone Whetblade in its academy segment; that item name identifies one current AP check in Raya Lucaria Academy.	One independently authored walkthrough lead, matched by exact item name inside a declared region bucket. It does not prove a v1.17 event predicate, access requirement, absence of alternate acquisition, or the accuracy of AP's descriptive location suffix.
redmaw-w13-56-check-7771551	check	7771551	identity_region	"{""item_name"":""Full Moon Crossbow"",""region"":""Raya Lucaria Academy""}"	wiki:redmaw:walkthrough:20260712183803	gameplay-guide:redmaw	lead_only	unknown	redmaw:#academy:w13-56	The walkthrough records Full Moon Crossbow in its academy segment; that item name identifies one current AP check in Raya Lucaria Academy.	One independently authored walkthrough lead, matched by exact item name inside a declared region bucket. It does not prove a v1.17 event predicate, access requirement, absence of alternate acquisition, or the accuracy of AP's descriptive location suffix.
redmaw-w13-58-check-7771494	check	7771494	identity_region	"{""item_name"":""Lazuli Glintstone Crown"",""region"":""Raya Lucaria Academy""}"	wiki:redmaw:walkthrough:20260712183803	gameplay-guide:redmaw	lead_only	unknown	redmaw:#academy:w13-58	The walkthrough records Lazuli Glintstone Crown in its academy segment; that item name identifies one current AP check in Raya Lucaria Academy.	One independently authored walkthrough lead, matched by exact item name inside a declared region bucket. It does not prove a v1.17 event predicate, access requirement, absence of alternate acquisition, or the accuracy of AP's descriptive location suffix.
redmaw-w13-59-check-7771540	check	7771540	identity_region	"{""item_name"":""Somber Smithing Stone [4]"",""region"":""Raya Lucaria Academy""}"	wiki:redmaw:walkthrough:20260712183803	gameplay-guide:redmaw	lead_only	unknown	redmaw:#academy:w13-59	The walkthrough records Somber Smithing Stone [4] in its academy segment; that item name identifies one current AP check in Raya Lucaria Academy.	One independently authored walkthrough lead, matched by exact item name inside a declared region bucket. It does not prove a v1.17 event predicate, access requirement, absence of alternate acquisition, or the accuracy of AP's descriptive location suffix.
redmaw-w13-6-check-7771500	check	7771500	identity_region	"{""item_name"":""Spellproof Dried Liver"",""region"":""Raya Lucaria Academy""}"	wiki:redmaw:walkthrough:20260712183803	gameplay-guide:redmaw	lead_only	unknown	redmaw:#academy:w13-6	The walkthrough records Spellproof Dried Liver in its academy segment; that item name identifies one current AP check in Raya Lucaria Academy.	One independently authored walkthrough lead, matched by exact item name inside a declared region bucket. It does not prove a v1.17 event predicate, access requirement, absence of alternate acquisition, or the accuracy of AP's descriptive location suffix.
redmaw-w13-61-check-7771533	check	7771533	identity_region	"{""item_name"":""Imbued Sword Key"",""region"":""Raya Lucaria Academy""}"	wiki:redmaw:walkthrough:20260712183803	gameplay-guide:redmaw	lead_only	unknown	redmaw:#academy:w13-61	The walkthrough records Imbued Sword Key in its academy segment; that item name identifies one current AP check in Raya Lucaria Academy.	One independently authored walkthrough lead, matched by exact item name inside a declared region bucket. It does not prove a v1.17 event predicate, access requirement, absence of alternate acquisition, or the accuracy of AP's descriptive location suffix.
redmaw-w13-66-check-7771491	check	7771491	identity_region	"{""item_name"":""Twinsage Glintstone Crown"",""region"":""Raya Lucaria Academy""}"	wiki:redmaw:walkthrough:20260712183803	gameplay-guide:redmaw	lead_only	unknown	redmaw:#academy:w13-66	The walkthrough records Twinsage Glintstone Crown in its academy segment; that item name identifies one current AP check in Raya Lucaria Academy.	One independently authored walkthrough lead, matched by exact item name inside a declared region bucket. It does not prove a v1.17 event predicate, access requirement, absence of alternate acquisition, or the accuracy of AP's descriptive location suffix.
redmaw-w13-67-check-7771541	check	7771541	identity_region	"{""item_name"":""Shattering Crystal"",""region"":""Raya Lucaria Academy""}"	wiki:redmaw:walkthrough:20260712183803	gameplay-guide:redmaw	lead_only	unknown	redmaw:#academy:w13-67	The walkthrough records Shattering Crystal in its academy segment; that item name identifies one current AP check in Raya Lucaria Academy.	One independently authored walkthrough lead, matched by exact item name inside a declared region bucket. It does not prove a v1.17 event predicate, access requirement, absence of alternate acquisition, or the accuracy of AP's descriptive location suffix.
redmaw-w13-68-check-7771542	check	7771542	identity_region	"{""item_name"":""Azur's Glintstone Staff"",""region"":""Raya Lucaria Academy""}"	wiki:redmaw:walkthrough:20260712183803	gameplay-guide:redmaw	lead_only	unknown	redmaw:#academy:w13-68	The walkthrough records Azur's Glintstone Staff in its academy segment; that item name identifies one current AP check in Raya Lucaria Academy.	One independently authored walkthrough lead, matched by exact item name inside a declared region bucket. It does not prove a v1.17 event predicate, access requirement, absence of alternate acquisition, or the accuracy of AP's descriptive location suffix.
redmaw-w13-71-check-7770007	check	7770007	identity_region	"{""item_name"":""Remembrance of the Full Moon Queen"",""region"":""Raya Lucaria Academy""}"	wiki:redmaw:walkthrough:20260712183803	gameplay-guide:redmaw	lead_only	unknown	redmaw:#academy:w13-71	The walkthrough records Remembrance of the Full Moon Queen in its academy segment; that item name identifies one current AP check in Raya Lucaria Academy.	One independently authored walkthrough lead, matched by exact item name inside a declared region bucket. It does not prove a v1.17 event predicate, access requirement, absence of alternate acquisition, or the accuracy of AP's descriptive location suffix.
redmaw-w13-71-check-7900004	check	7900004	identity_region	"{""item_name"":""Great Rune of the Unborn"",""region"":""Raya Lucaria Academy""}"	wiki:redmaw:walkthrough:20260712183803	gameplay-guide:redmaw	lead_only	unknown	redmaw:#academy:w13-71	The walkthrough records Great Rune of the Unborn in its academy segment; that item name identifies one current AP check in Raya Lucaria Academy.	One independently authored walkthrough lead, matched by exact item name inside a declared region bucket. It does not prove a v1.17 event predicate, access requirement, absence of alternate acquisition, or the accuracy of AP's descriptive location suffix.
redmaw-w13-75-check-7770610	check	7770610	identity_region	"{""item_name"":""Thops's Bell Bearing"",""region"":""Raya Lucaria Academy""}"	wiki:redmaw:walkthrough:20260712183803	gameplay-guide:redmaw	lead_only	unknown	redmaw:#academy:w13-75	The walkthrough records Thops's Bell Bearing in its academy segment; that item name identifies one current AP check in Raya Lucaria Academy.	One independently authored walkthrough lead, matched by exact item name inside a declared region bucket. It does not prove a v1.17 event predicate, access requirement, absence of alternate acquisition, or the accuracy of AP's descriptive location suffix.
redmaw-w13-75-check-7770611	check	7770611	identity_region	"{""item_name"":""Thops's Barrier"",""region"":""Raya Lucaria Academy""}"	wiki:redmaw:walkthrough:20260712183803	gameplay-guide:redmaw	lead_only	unknown	redmaw:#academy:w13-75	The walkthrough records Thops's Barrier in its academy segment; that item name identifies one current AP check in Raya Lucaria Academy.	One independently authored walkthrough lead, matched by exact item name inside a declared region bucket. It does not prove a v1.17 event predicate, access requirement, absence of alternate acquisition, or the accuracy of AP's descriptive location suffix.
redmaw-w13-75-check-7773733	check	7773733	identity_region	"{""item_name"":""Academy Glintstone Staff"",""region"":""Raya Lucaria Academy""}"	wiki:redmaw:walkthrough:20260712183803	gameplay-guide:redmaw	lead_only	unknown	redmaw:#academy:w13-75	The walkthrough records Academy Glintstone Staff in its academy segment; that item name identifies one current AP check in Raya Lucaria Academy.	One independently authored walkthrough lead, matched by exact item name inside a declared region bucket. It does not prove a v1.17 event predicate, access requirement, absence of alternate acquisition, or the accuracy of AP's descriptive location suffix.
redmaw-w13-8-check-7771501	check	7771501	identity_region	"{""item_name"":""Marionette Soldier Ashes"",""region"":""Raya Lucaria Academy""}"	wiki:redmaw:walkthrough:20260712183803	gameplay-guide:redmaw	lead_only	unknown	redmaw:#academy:w13-8	The walkthrough records Marionette Soldier Ashes in its academy segment; that item name identifies one current AP check in Raya Lucaria Academy.	One independently authored walkthrough lead, matched by exact item name inside a declared region bucket. It does not prove a v1.17 event predicate, access requirement, absence of alternate acquisition, or the accuracy of AP's descriptive location suffix.
redmaw-w13-9-check-7771502	check	7771502	identity_region	"{""item_name"":""Silver-Pickled Fowl Foot"",""region"":""Raya Lucaria Academy""}"	wiki:redmaw:walkthrough:20260712183803	gameplay-guide:redmaw	lead_only	unknown	redmaw:#academy:w13-9	The walkthrough records Silver-Pickled Fowl Foot in its academy segment; that item name identifies one current AP check in Raya Lucaria Academy.	One independently authored walkthrough lead, matched by exact item name inside a declared region bucket. It does not prove a v1.17 event predicate, access requirement, absence of alternate acquisition, or the accuracy of AP's descriptive location suffix.
redmaw-w14-101-check-7770743	check	7770743	identity_region	"{""item_name"":""Frenzied Burst"",""region"":""Liurnia""}"	wiki:redmaw:walkthrough:20260712183803	gameplay-guide:redmaw	lead_only	unknown	redmaw:#east-liurnia:w14-101	The walkthrough records Frenzied Burst in its east-liurnia segment; that item name identifies one current AP check in Liurnia.	One independently authored walkthrough lead, matched by exact item name inside a declared region bucket. It does not prove a v1.17 event predicate, access requirement, absence of alternate acquisition, or the accuracy of AP's descriptive location suffix.
redmaw-w14-102-check-7772618	check	7772618	identity_region	"{""item_name"":""Golden Rune [7]"",""region"":""Liurnia""}"	wiki:redmaw:walkthrough:20260712183803	gameplay-guide:redmaw	lead_only	unknown	redmaw:#east-liurnia:w14-102	The walkthrough records Golden Rune [7] in its east-liurnia segment; that item name identifies one current AP check in Liurnia.	One independently authored walkthrough lead, matched by exact item name inside a declared region bucket. It does not prove a v1.17 event predicate, access requirement, absence of alternate acquisition, or the accuracy of AP's descriptive location suffix.
redmaw-w14-103-check-7772629	check	7772629	identity_region	"{""item_name"":""Fingerprint Grape"",""region"":""Liurnia""}"	wiki:redmaw:walkthrough:20260712183803	gameplay-guide:redmaw	lead_only	unknown	redmaw:#east-liurnia:w14-103	The walkthrough records Fingerprint Grape in its east-liurnia segment; that item name identifies one current AP check in Liurnia.	One independently authored walkthrough lead, matched by exact item name inside a declared region bucket. It does not prove a v1.17 event predicate, access requirement, absence of alternate acquisition, or the accuracy of AP's descriptive location suffix.
redmaw-w14-103-check-7900238	check	7900238	identity_region	"{""item_name"":""Vyke's War Spear"",""region"":""Liurnia""}"	wiki:redmaw:walkthrough:20260712183803	gameplay-guide:redmaw	lead_only	unknown	redmaw:#east-liurnia:w14-103	The walkthrough records Vyke's War Spear in its east-liurnia segment; that item name identifies one current AP check in Liurnia.	One independently authored walkthrough lead, matched by exact item name inside a declared region bucket. It does not prove a v1.17 event predicate, access requirement, absence of alternate acquisition, or the accuracy of AP's descriptive location suffix.
redmaw-w14-111-check-7772667	check	7772667	identity_region	"{""item_name"":""Sacrificial Twig"",""region"":""Liurnia""}"	wiki:redmaw:walkthrough:20260712183803	gameplay-guide:redmaw	lead_only	unknown	redmaw:#east-liurnia:w14-111	The walkthrough records Sacrificial Twig in its east-liurnia segment; that item name identifies one current AP check in Liurnia.	One independently authored walkthrough lead, matched by exact item name inside a declared region bucket. It does not prove a v1.17 event predicate, access requirement, absence of alternate acquisition, or the accuracy of AP's descriptive location suffix.
redmaw-w14-12-check-7772720	check	7772720	identity_region	"{""item_name"":""Beast Blood"",""region"":""Liurnia""}"	wiki:redmaw:walkthrough:20260712183803	gameplay-guide:redmaw	lead_only	unknown	redmaw:#east-liurnia:w14-12	The walkthrough records Beast Blood in its east-liurnia segment; that item name identifies one current AP check in Liurnia.	One independently authored walkthrough lead, matched by exact item name inside a declared region bucket. It does not prove a v1.17 event predicate, access requirement, absence of alternate acquisition, or the accuracy of AP's descriptive location suffix.
redmaw-w14-2-check-7774280	check	7774280	identity_region	"{""item_name"":""Treespear"",""region"":""Liurnia""}"	wiki:redmaw:walkthrough:20260712183803	gameplay-guide:redmaw	lead_only	unknown	redmaw:#east-liurnia:w14-2	The walkthrough records Treespear in its east-liurnia segment; that item name identifies one current AP check in Liurnia.	One independently authored walkthrough lead, matched by exact item name inside a declared region bucket. It does not prove a v1.17 event predicate, access requirement, absence of alternate acquisition, or the accuracy of AP's descriptive location suffix.
redmaw-w14-20-check-7772044	check	7772044	identity_region	"{""item_name"":""Nox Mirrorhelm"",""region"":""Liurnia""}"	wiki:redmaw:walkthrough:20260712183803	gameplay-guide:redmaw	lead_only	unknown	redmaw:#east-liurnia:w14-20	The walkthrough records Nox Mirrorhelm in its east-liurnia segment; that item name identifies one current AP check in Liurnia.	One independently authored walkthrough lead, matched by exact item name inside a declared region bucket. It does not prove a v1.17 event predicate, access requirement, absence of alternate acquisition, or the accuracy of AP's descriptive location suffix.
redmaw-w14-22-check-7772048	check	7772048	identity_region	"{""item_name"":""Scythe"",""region"":""Liurnia""}"	wiki:redmaw:walkthrough:20260712183803	gameplay-guide:redmaw	lead_only	unknown	redmaw:#east-liurnia:w14-22	The walkthrough records Scythe in its east-liurnia segment; that item name identifies one current AP check in Liurnia.	One independently authored walkthrough lead, matched by exact item name inside a declared region bucket. It does not prove a v1.17 event predicate, access requirement, absence of alternate acquisition, or the accuracy of AP's descriptive location suffix.
redmaw-w14-25-check-7772049	check	7772049	identity_region	"{""item_name"":""Prattling Pate \""Wonderful\"""",""region"":""Liurnia""}"	wiki:redmaw:walkthrough:20260712183803	gameplay-guide:redmaw	lead_only	unknown	redmaw:#east-liurnia:w14-25	"The walkthrough records Prattling Pate ""Wonderful"" in its east-liurnia segment; that item name identifies one current AP check in Liurnia."	One independently authored walkthrough lead, matched by exact item name inside a declared region bucket. It does not prove a v1.17 event predicate, access requirement, absence of alternate acquisition, or the accuracy of AP's descriptive location suffix.
redmaw-w14-27-check-7772045	check	7772045	identity_region	"{""item_name"":""Page Ashes"",""region"":""Liurnia""}"	wiki:redmaw:walkthrough:20260712183803	gameplay-guide:redmaw	lead_only	unknown	redmaw:#east-liurnia:w14-27	The walkthrough records Page Ashes in its east-liurnia segment; that item name identifies one current AP check in Liurnia.	One independently authored walkthrough lead, matched by exact item name inside a declared region bucket. It does not prove a v1.17 event predicate, access requirement, absence of alternate acquisition, or the accuracy of AP's descriptive location suffix.
redmaw-w14-29-check-7773809	check	7773809	identity_region	"{""item_name"":""Kaiden Sellsword Ashes"",""region"":""Liurnia""}"	wiki:redmaw:walkthrough:20260712183803	gameplay-guide:redmaw	lead_only	unknown	redmaw:#east-liurnia:w14-29	The walkthrough records Kaiden Sellsword Ashes in its east-liurnia segment; that item name identifies one current AP check in Liurnia.	One independently authored walkthrough lead, matched by exact item name inside a declared region bucket. It does not prove a v1.17 event predicate, access requirement, absence of alternate acquisition, or the accuracy of AP's descriptive location suffix.
redmaw-w14-31-check-7770113	check	7770113	identity_region	"{""item_name"":""Glintstone Craftsman's Cookbook [3]"",""region"":""Liurnia""}"	wiki:redmaw:walkthrough:20260712183803	gameplay-guide:redmaw	lead_only	unknown	redmaw:#east-liurnia:w14-31	The walkthrough records Glintstone Craftsman's Cookbook [3] in its east-liurnia segment; that item name identifies one current AP check in Liurnia.	One independently authored walkthrough lead, matched by exact item name inside a declared region bucket. It does not prove a v1.17 event predicate, access requirement, absence of alternate acquisition, or the accuracy of AP's descriptive location suffix.
redmaw-w14-31-check-7772670	check	7772670	identity_region	"{""item_name"":""Carian Glintblade Staff"",""region"":""Liurnia""}"	wiki:redmaw:walkthrough:20260712183803	gameplay-guide:redmaw	lead_only	unknown	redmaw:#east-liurnia:w14-31	The walkthrough records Carian Glintblade Staff in its east-liurnia segment; that item name identifies one current AP check in Liurnia.	One independently authored walkthrough lead, matched by exact item name inside a declared region bucket. It does not prove a v1.17 event predicate, access requirement, absence of alternate acquisition, or the accuracy of AP's descriptive location suffix.
redmaw-w14-32-check-7772721	check	7772721	identity_region	"{""item_name"":""Lucerne"",""region"":""Liurnia""}"	wiki:redmaw:walkthrough:20260712183803	gameplay-guide:redmaw	lead_only	unknown	redmaw:#east-liurnia:w14-32	The walkthrough records Lucerne in its east-liurnia segment; that item name identifies one current AP check in Liurnia.	One independently authored walkthrough lead, matched by exact item name inside a declared region bucket. It does not prove a v1.17 event predicate, access requirement, absence of alternate acquisition, or the accuracy of AP's descriptive location suffix.
redmaw-w14-33-check-7772729	check	7772729	identity_region	"{""item_name"":""Ash of War: Ice Spear"",""region"":""Liurnia""}"	wiki:redmaw:walkthrough:20260712183803	gameplay-guide:redmaw	lead_only	unknown	redmaw:#east-liurnia:w14-33	The walkthrough records Ash of War: Ice Spear in its east-liurnia segment; that item name identifies one current AP check in Liurnia.	One independently authored walkthrough lead, matched by exact item name inside a declared region bucket. It does not prove a v1.17 event predicate, access requirement, absence of alternate acquisition, or the accuracy of AP's descriptive location suffix.
redmaw-w14-36-check-7772672	check	7772672	identity_region	"{""item_name"":""Sliver of Meat"",""region"":""Liurnia""}"	wiki:redmaw:walkthrough:20260712183803	gameplay-guide:redmaw	lead_only	unknown	redmaw:#east-liurnia:w14-36	The walkthrough records Sliver of Meat in its east-liurnia segment; that item name identifies one current AP check in Liurnia.	One independently authored walkthrough lead, matched by exact item name inside a declared region bucket. It does not prove a v1.17 event predicate, access requirement, absence of alternate acquisition, or the accuracy of AP's descriptive location suffix.
redmaw-w14-41-check-7772676	check	7772676	identity_region	"{""item_name"":""Land Squirt Ashes"",""region"":""Liurnia""}"	wiki:redmaw:walkthrough:20260712183803	gameplay-guide:redmaw	lead_only	unknown	redmaw:#east-liurnia:w14-41	The walkthrough records Land Squirt Ashes in its east-liurnia segment; that item name identifies one current AP check in Liurnia.	One independently authored walkthrough lead, matched by exact item name inside a declared region bucket. It does not prove a v1.17 event predicate, access requirement, absence of alternate acquisition, or the accuracy of AP's descriptive location suffix.
redmaw-w14-46-check-7772732	check	7772732	identity_region	"{""item_name"":""Trina's Lily"",""region"":""Liurnia""}"	wiki:redmaw:walkthrough:20260712183803	gameplay-guide:redmaw	lead_only	unknown	redmaw:#east-liurnia:w14-46	The walkthrough records Trina's Lily in its east-liurnia segment; that item name identifies one current AP check in Liurnia.	One independently authored walkthrough lead, matched by exact item name inside a declared region bucket. It does not prove a v1.17 event predicate, access requirement, absence of alternate acquisition, or the accuracy of AP's descriptive location suffix.
redmaw-w14-49-check-7770796	check	7770796	identity_region	"{""item_name"":""\""Resurrection\"" Painting"",""region"":""Liurnia""}"	wiki:redmaw:walkthrough:20260712183803	gameplay-guide:redmaw	lead_only	unknown	redmaw:#east-liurnia:w14-49	"The walkthrough records ""Resurrection"" Painting in its east-liurnia segment; that item name identifies one current AP check in Liurnia."	One independently authored walkthrough lead, matched by exact item name inside a declared region bucket. It does not prove a v1.17 event predicate, access requirement, absence of alternate acquisition, or the accuracy of AP's descriptive location suffix.
redmaw-w14-52-check-7772678	check	7772678	identity_region	"{""item_name"":""Flame, Cleanse Me"",""region"":""Liurnia""}"	wiki:redmaw:walkthrough:20260712183803	gameplay-guide:redmaw	lead_only	unknown	redmaw:#east-liurnia:w14-52	The walkthrough records Flame, Cleanse Me in its east-liurnia segment; that item name identifies one current AP check in Liurnia.	One independently authored walkthrough lead, matched by exact item name inside a declared region bucket. It does not prove a v1.17 event predicate, access requirement, absence of alternate acquisition, or the accuracy of AP's descriptive location suffix.
redmaw-w14-58-check-7772613	check	7772613	identity_region	"{""item_name"":""Spiralhorn Shield"",""region"":""Liurnia""}"	wiki:redmaw:walkthrough:20260712183803	gameplay-guide:redmaw	lead_only	unknown	redmaw:#east-liurnia:w14-58	The walkthrough records Spiralhorn Shield in its east-liurnia segment; that item name identifies one current AP check in Liurnia.	One independently authored walkthrough lead, matched by exact item name inside a declared region bucket. It does not prove a v1.17 event predicate, access requirement, absence of alternate acquisition, or the accuracy of AP's descriptive location suffix.
redmaw-w14-61-check-7772612	check	7772612	identity_region	"{""item_name"":""Stalwart Horn Charm"",""region"":""Liurnia""}"	wiki:redmaw:walkthrough:20260712183803	gameplay-guide:redmaw	lead_only	unknown	redmaw:#east-liurnia:w14-61	The walkthrough records Stalwart Horn Charm in its east-liurnia segment; that item name identifies one current AP check in Liurnia.	One independently authored walkthrough lead, matched by exact item name inside a declared region bucket. It does not prove a v1.17 event predicate, access requirement, absence of alternate acquisition, or the accuracy of AP's descriptive location suffix.
redmaw-w14-64-check-7770040	check	7770040	identity_region	"{""item_name"":""Magic-Shrouding Cracked Tear"",""region"":""Liurnia""}"	wiki:redmaw:walkthrough:20260712183803	gameplay-guide:redmaw	lead_only	unknown	redmaw:#east-liurnia:w14-64	The walkthrough records Magic-Shrouding Cracked Tear in its east-liurnia segment; that item name identifies one current AP check in Liurnia.	One independently authored walkthrough lead, matched by exact item name inside a declared region bucket. It does not prove a v1.17 event predicate, access requirement, absence of alternate acquisition, or the accuracy of AP's descriptive location suffix.
redmaw-w14-64-check-7773680	check	7773680	identity_region	"{""item_name"":""Lightning-Shrouding Cracked Tear"",""region"":""Liurnia""}"	wiki:redmaw:walkthrough:20260712183803	gameplay-guide:redmaw	lead_only	unknown	redmaw:#east-liurnia:w14-64	The walkthrough records Lightning-Shrouding Cracked Tear in its east-liurnia segment; that item name identifies one current AP check in Liurnia.	One independently authored walkthrough lead, matched by exact item name inside a declared region bucket. It does not prove a v1.17 event predicate, access requirement, absence of alternate acquisition, or the accuracy of AP's descriptive location suffix.
redmaw-w14-64-check-7773681	check	7773681	identity_region	"{""item_name"":""Holy-Shrouding Cracked Tear"",""region"":""Liurnia""}"	wiki:redmaw:walkthrough:20260712183803	gameplay-guide:redmaw	lead_only	unknown	redmaw:#east-liurnia:w14-64	The walkthrough records Holy-Shrouding Cracked Tear in its east-liurnia segment; that item name identifies one current AP check in Liurnia.	One independently authored walkthrough lead, matched by exact item name inside a declared region bucket. It does not prove a v1.17 event predicate, access requirement, absence of alternate acquisition, or the accuracy of AP's descriptive location suffix.
redmaw-w14-68-check-7772039	check	7772039	identity_region	"{""item_name"":""Rosus' Axe"",""region"":""Liurnia""}"	wiki:redmaw:walkthrough:20260712183803	gameplay-guide:redmaw	lead_only	unknown	redmaw:#east-liurnia:w14-68	The walkthrough records Rosus' Axe in its east-liurnia segment; that item name identifies one current AP check in Liurnia.	One independently authored walkthrough lead, matched by exact item name inside a declared region bucket. It does not prove a v1.17 event predicate, access requirement, absence of alternate acquisition, or the accuracy of AP's descriptive location suffix.
redmaw-w14-7-check-7774246	check	7774246	identity_region	"{""item_name"":""Two Fingers Heirloom"",""region"":""Liurnia""}"	wiki:redmaw:walkthrough:20260712183803	gameplay-guide:redmaw	lead_only	unknown	redmaw:#east-liurnia:w14-7	The walkthrough records Two Fingers Heirloom in its east-liurnia segment; that item name identifies one current AP check in Liurnia.	One independently authored walkthrough lead, matched by exact item name inside a declared region bucket. It does not prove a v1.17 event predicate, access requirement, absence of alternate acquisition, or the accuracy of AP's descriptive location suffix.
redmaw-w14-73-check-7770687	check	7770687	identity_region	"{""item_name"":""Assassin's Cerulean Dagger"",""region"":""Liurnia""}"	wiki:redmaw:walkthrough:20260712183803	gameplay-guide:redmaw	lead_only	unknown	redmaw:#east-liurnia:w14-73	The walkthrough records Assassin's Cerulean Dagger in its east-liurnia segment; that item name identifies one current AP check in Liurnia.	One independently authored walkthrough lead, matched by exact item name inside a declared region bucket. It does not prove a v1.17 event predicate, access requirement, absence of alternate acquisition, or the accuracy of AP's descriptive location suffix.
redmaw-w14-73-check-7900139	check	7900139	identity_region	"{""item_name"":""Black Knifeprint"",""region"":""Liurnia""}"	wiki:redmaw:walkthrough:20260712183803	gameplay-guide:redmaw	lead_only	unknown	redmaw:#east-liurnia:w14-73	The walkthrough records Black Knifeprint in its east-liurnia segment; that item name identifies one current AP check in Liurnia.	One independently authored walkthrough lead, matched by exact item name inside a declared region bucket. It does not prove a v1.17 event predicate, access requirement, absence of alternate acquisition, or the accuracy of AP's descriptive location suffix.
redmaw-w14-78-check-7773807	check	7773807	identity_region	"{""item_name"":""Twinsage Sorcerer Ashes"",""region"":""Liurnia""}"	wiki:redmaw:walkthrough:20260712183803	gameplay-guide:redmaw	lead_only	unknown	redmaw:#east-liurnia:w14-78	The walkthrough records Twinsage Sorcerer Ashes in its east-liurnia segment; that item name identifies one current AP check in Liurnia.	One independently authored walkthrough lead, matched by exact item name inside a declared region bucket. It does not prove a v1.17 event predicate, access requirement, absence of alternate acquisition, or the accuracy of AP's descriptive location suffix.
redmaw-w14-84-check-7772628	check	7772628	identity_region	"{""item_name"":""Great Mace"",""region"":""Liurnia""}"	wiki:redmaw:walkthrough:20260712183803	gameplay-guide:redmaw	lead_only	unknown	redmaw:#east-liurnia:w14-84	The walkthrough records Great Mace in its east-liurnia segment; that item name identifies one current AP check in Liurnia.	One independently authored walkthrough lead, matched by exact item name inside a declared region bucket. It does not prove a v1.17 event predicate, access requirement, absence of alternate acquisition, or the accuracy of AP's descriptive location suffix.
redmaw-w14-88-check-7774223	check	7774223	identity_region	"{""item_name"":""Yellow Ember"",""region"":""Liurnia""}"	wiki:redmaw:walkthrough:20260712183803	gameplay-guide:redmaw	lead_only	unknown	redmaw:#east-liurnia:w14-88	The walkthrough records Yellow Ember in its east-liurnia segment; that item name identifies one current AP check in Liurnia.	One independently authored walkthrough lead, matched by exact item name inside a declared region bucket. It does not prove a v1.17 event predicate, access requirement, absence of alternate acquisition, or the accuracy of AP's descriptive location suffix.
redmaw-w14-90-check-7774227	check	7774227	identity_region	"{""item_name"":""Howl of Shabriri"",""region"":""Liurnia""}"	wiki:redmaw:walkthrough:20260712183803	gameplay-guide:redmaw	lead_only	unknown	redmaw:#east-liurnia:w14-90	The walkthrough records Howl of Shabriri in its east-liurnia segment; that item name identifies one current AP check in Liurnia.	One independently authored walkthrough lead, matched by exact item name inside a declared region bucket. It does not prove a v1.17 event predicate, access requirement, absence of alternate acquisition, or the accuracy of AP's descriptive location suffix.
redmaw-w14-92-check-7772736	check	7772736	identity_region	"{""item_name"":""Cannon of Haima"",""region"":""Liurnia""}"	wiki:redmaw:walkthrough:20260712183803	gameplay-guide:redmaw	lead_only	unknown	redmaw:#east-liurnia:w14-92	The walkthrough records Cannon of Haima in its east-liurnia segment; that item name identifies one current AP check in Liurnia.	One independently authored walkthrough lead, matched by exact item name inside a declared region bucket. It does not prove a v1.17 event predicate, access requirement, absence of alternate acquisition, or the accuracy of AP's descriptive location suffix.
redmaw-w14-92-check-7900244	check	7900244	identity_region	"{""item_name"":""Gavel of Haima"",""region"":""Liurnia""}"	wiki:redmaw:walkthrough:20260712183803	gameplay-guide:redmaw	lead_only	unknown	redmaw:#east-liurnia:w14-92	The walkthrough records Gavel of Haima in its east-liurnia segment; that item name identifies one current AP check in Liurnia.	One independently authored walkthrough lead, matched by exact item name inside a declared region bucket. It does not prove a v1.17 event predicate, access requirement, absence of alternate acquisition, or the accuracy of AP's descriptive location suffix.
redmaw-w14-95-check-7770192	check	7770192	identity_region	"{""item_name"":""Note: The Lord of Frenzied Flame"",""region"":""Liurnia""}"	wiki:redmaw:walkthrough:20260712183803	gameplay-guide:redmaw	lead_only	unknown	redmaw:#east-liurnia:w14-95	The walkthrough records Note: The Lord of Frenzied Flame in its east-liurnia segment; that item name identifies one current AP check in Liurnia.	One independently authored walkthrough lead, matched by exact item name inside a declared region bucket. It does not prove a v1.17 event predicate, access requirement, absence of alternate acquisition, or the accuracy of AP's descriptive location suffix.
redmaw-w14-96-check-7770138	check	7770138	identity_region	"{""item_name"":""Frenzied's Cookbook [1]"",""region"":""Liurnia""}"	wiki:redmaw:walkthrough:20260712183803	gameplay-guide:redmaw	lead_only	unknown	redmaw:#east-liurnia:w14-96	The walkthrough records Frenzied's Cookbook [1] in its east-liurnia segment; that item name identifies one current AP check in Liurnia.	One independently authored walkthrough lead, matched by exact item name inside a declared region bucket. It does not prove a v1.17 event predicate, access requirement, absence of alternate acquisition, or the accuracy of AP's descriptive location suffix.
redmaw-w14-97-check-7772683	check	7772683	identity_region	"{""item_name"":""Shabriri's Woe"",""region"":""Liurnia""}"	wiki:redmaw:walkthrough:20260712183803	gameplay-guide:redmaw	lead_only	unknown	redmaw:#east-liurnia:w14-97	The walkthrough records Shabriri's Woe in its east-liurnia segment; that item name identifies one current AP check in Liurnia.	One independently authored walkthrough lead, matched by exact item name inside a declared region bucket. It does not prove a v1.17 event predicate, access requirement, absence of alternate acquisition, or the accuracy of AP's descriptive location suffix.
redmaw-w15-15-check-7774184	check	7774184	identity_region	"{""item_name"":""Sword of Night and Flame"",""region"":""Liurnia""}"	wiki:redmaw:walkthrough:20260712183803	gameplay-guide:redmaw	lead_only	unknown	redmaw:#caria-manor:w15-15	The walkthrough records Sword of Night and Flame in its caria-manor segment; that item name identifies one current AP check in Liurnia.	One independently authored walkthrough lead, matched by exact item name inside a declared region bucket. It does not prove a v1.17 event predicate, access requirement, absence of alternate acquisition, or the accuracy of AP's descriptive location suffix.
redmaw-w15-18-check-7774156	check	7774156	identity_region	"{""item_name"":""Urumi"",""region"":""Liurnia""}"	wiki:redmaw:walkthrough:20260712183803	gameplay-guide:redmaw	lead_only	unknown	redmaw:#caria-manor:w15-18	The walkthrough records Urumi in its caria-manor segment; that item name identifies one current AP check in Liurnia.	One independently authored walkthrough lead, matched by exact item name inside a declared region bucket. It does not prove a v1.17 event predicate, access requirement, absence of alternate acquisition, or the accuracy of AP's descriptive location suffix.
redmaw-w15-23-check-7774185	check	7774185	identity_region	"{""item_name"":""Troll Knight's Sword"",""region"":""Liurnia""}"	wiki:redmaw:walkthrough:20260712183803	gameplay-guide:redmaw	lead_only	unknown	redmaw:#caria-manor:w15-23	The walkthrough records Troll Knight's Sword in its caria-manor segment; that item name identifies one current AP check in Liurnia.	One independently authored walkthrough lead, matched by exact item name inside a declared region bucket. It does not prove a v1.17 event predicate, access requirement, absence of alternate acquisition, or the accuracy of AP's descriptive location suffix.
redmaw-w15-27-check-7773803	check	7773803	identity_region	"{""item_name"":""Loretta's Greatbow"",""region"":""Liurnia""}"	wiki:redmaw:walkthrough:20260712183803	gameplay-guide:redmaw	lead_only	unknown	redmaw:#caria-manor:w15-27	The walkthrough records Loretta's Greatbow in its caria-manor segment; that item name identifies one current AP check in Liurnia.	One independently authored walkthrough lead, matched by exact item name inside a declared region bucket. It does not prove a v1.17 event predicate, access requirement, absence of alternate acquisition, or the accuracy of AP's descriptive location suffix.
redmaw-w15-27-check-7900127	check	7900127	identity_region	"{""item_name"":""Ash of War: Loretta's Slash"",""region"":""Liurnia""}"	wiki:redmaw:walkthrough:20260712183803	gameplay-guide:redmaw	lead_only	unknown	redmaw:#caria-manor:w15-27	The walkthrough records Ash of War: Loretta's Slash in its caria-manor segment; that item name identifies one current AP check in Liurnia.	One independently authored walkthrough lead, matched by exact item name inside a declared region bucket. It does not prove a v1.17 event predicate, access requirement, absence of alternate acquisition, or the accuracy of AP's descriptive location suffix.
redmaw-w15-30-check-7774150	check	7774150	identity_region	"{""item_name"":""Ash of War: Carian Grandeur"",""region"":""Liurnia""}"	wiki:redmaw:walkthrough:20260712183803	gameplay-guide:redmaw	lead_only	unknown	redmaw:#caria-manor:w15-30	The walkthrough records Ash of War: Carian Grandeur in its caria-manor segment; that item name identifies one current AP check in Liurnia.	One independently authored walkthrough lead, matched by exact item name inside a declared region bucket. It does not prove a v1.17 event predicate, access requirement, absence of alternate acquisition, or the accuracy of AP's descriptive location suffix.
redmaw-w15-31-check-7770745	check	7770745	identity_region	"{""item_name"":""Frozen Armament"",""region"":""Liurnia""}"	wiki:redmaw:walkthrough:20260712183803	gameplay-guide:redmaw	lead_only	unknown	redmaw:#caria-manor:w15-31	The walkthrough records Frozen Armament in its caria-manor segment; that item name identifies one current AP check in Liurnia.	One independently authored walkthrough lead, matched by exact item name inside a declared region bucket. It does not prove a v1.17 event predicate, access requirement, absence of alternate acquisition, or the accuracy of AP's descriptive location suffix.
redmaw-w15-36-check-7774205	check	7774205	identity_region	"{""item_name"":""Thawfrost Boluses"",""region"":""Liurnia""}"	wiki:redmaw:walkthrough:20260712183803	gameplay-guide:redmaw	lead_only	unknown	redmaw:#caria-manor:w15-36	The walkthrough records Thawfrost Boluses in its caria-manor segment; that item name identifies one current AP check in Liurnia.	One independently authored walkthrough lead, matched by exact item name inside a declared region bucket. It does not prove a v1.17 event predicate, access requirement, absence of alternate acquisition, or the accuracy of AP's descriptive location suffix.
redmaw-w15-37-check-7770702	check	7770702	identity_region	"{""item_name"":""Meteorite"",""region"":""Liurnia""}"	wiki:redmaw:walkthrough:20260712183803	gameplay-guide:redmaw	lead_only	unknown	redmaw:#caria-manor:w15-37	The walkthrough records Meteorite in its caria-manor segment; that item name identifies one current AP check in Liurnia.	One independently authored walkthrough lead, matched by exact item name inside a declared region bucket. It does not prove a v1.17 event predicate, access requirement, absence of alternate acquisition, or the accuracy of AP's descriptive location suffix.
redmaw-w15-40-check-7774206	check	7774206	identity_region	"{""item_name"":""Albinauric Ashes"",""region"":""Liurnia""}"	wiki:redmaw:walkthrough:20260712183803	gameplay-guide:redmaw	lead_only	unknown	redmaw:#caria-manor:w15-40	The walkthrough records Albinauric Ashes in its caria-manor segment; that item name identifies one current AP check in Liurnia.	One independently authored walkthrough lead, matched by exact item name inside a declared region bucket. It does not prove a v1.17 event predicate, access requirement, absence of alternate acquisition, or the accuracy of AP's descriptive location suffix.
redmaw-w15-42-check-7770734	check	7770734	identity_region	"{""item_name"":""Ash of War: Chilling Mist"",""region"":""Liurnia""}"	wiki:redmaw:walkthrough:20260712183803	gameplay-guide:redmaw	lead_only	unknown	redmaw:#caria-manor:w15-42	The walkthrough records Ash of War: Chilling Mist in its caria-manor segment; that item name identifies one current AP check in Liurnia.	One independently authored walkthrough lead, matched by exact item name inside a declared region bucket. It does not prove a v1.17 event predicate, access requirement, absence of alternate acquisition, or the accuracy of AP's descriptive location suffix.
redmaw-w15-52-check-7772525	check	7772525	identity_region	"{""item_name"":""Black Wolf Mask"",""region"":""Liurnia""}"	wiki:redmaw:walkthrough:20260712183803	gameplay-guide:redmaw	lead_only	unknown	redmaw:#caria-manor:w15-52	The walkthrough records Black Wolf Mask in its caria-manor segment; that item name identifies one current AP check in Liurnia.	One independently authored walkthrough lead, matched by exact item name inside a declared region bucket. It does not prove a v1.17 event predicate, access requirement, absence of alternate acquisition, or the accuracy of AP's descriptive location suffix.
redmaw-w15-6-check-7770111	check	7770111	identity_region	"{""item_name"":""Glintstone Craftsman's Cookbook [6]"",""region"":""Liurnia""}"	wiki:redmaw:walkthrough:20260712183803	gameplay-guide:redmaw	lead_only	unknown	redmaw:#caria-manor:w15-6	The walkthrough records Glintstone Craftsman's Cookbook [6] in its caria-manor segment; that item name identifies one current AP check in Liurnia.	One independently authored walkthrough lead, matched by exact item name inside a declared region bucket. It does not prove a v1.17 event predicate, access requirement, absence of alternate acquisition, or the accuracy of AP's descriptive location suffix.
redmaw-w15-63-check-7770275	check	7770275	identity_region	"{""item_name"":""Dung Eater Puppet"",""region"":""Liurnia""}"	wiki:redmaw:walkthrough:20260712183803	gameplay-guide:redmaw	lead_only	unknown	redmaw:#caria-manor:w15-63	The walkthrough records Dung Eater Puppet in its caria-manor segment; that item name identifies one current AP check in Liurnia.	One independently authored walkthrough lead, matched by exact item name inside a declared region bucket. It does not prove a v1.17 event predicate, access requirement, absence of alternate acquisition, or the accuracy of AP's descriptive location suffix.
redmaw-w15-8-check-7770741	check	7770741	identity_region	"{""item_name"":""Carian Piercer"",""region"":""Liurnia""}"	wiki:redmaw:walkthrough:20260712183803	gameplay-guide:redmaw	lead_only	unknown	redmaw:#caria-manor:w15-8	The walkthrough records Carian Piercer in its caria-manor segment; that item name identifies one current AP check in Liurnia.	One independently authored walkthrough lead, matched by exact item name inside a declared region bucket. It does not prove a v1.17 event predicate, access requirement, absence of alternate acquisition, or the accuracy of AP's descriptive location suffix.
redmaw-w15-9-check-7772558	check	7772558	identity_region	"{""item_name"":""Ice Crest Shield"",""region"":""Liurnia""}"	wiki:redmaw:walkthrough:20260712183803	gameplay-guide:redmaw	lead_only	unknown	redmaw:#caria-manor:w15-9	The walkthrough records Ice Crest Shield in its caria-manor segment; that item name identifies one current AP check in Liurnia.	One independently authored walkthrough lead, matched by exact item name inside a declared region bucket. It does not prove a v1.17 event predicate, access requirement, absence of alternate acquisition, or the accuracy of AP's descriptive location suffix.
redmaw-w19-100-check-7774453	check	7774453	identity_region	"{""item_name"":""Ash of War: Poison Moth Flight"",""region"":""Caelid""}"	wiki:redmaw:walkthrough:20260712183803	gameplay-guide:redmaw	lead_only	unknown	redmaw:#caelid:w19-100	The walkthrough records Ash of War: Poison Moth Flight in its caelid segment; that item name identifies one current AP check in Caelid.	One independently authored walkthrough lead, matched by exact item name inside a declared region bucket. It does not prove a v1.17 event predicate, access requirement, absence of alternate acquisition, or the accuracy of AP's descriptive location suffix.
redmaw-w19-101-check-7774454	check	7774454	identity_region	"{""item_name"":""Death's Poker"",""region"":""Caelid""}"	wiki:redmaw:walkthrough:20260712183803	gameplay-guide:redmaw	lead_only	unknown	redmaw:#caelid:w19-101	The walkthrough records Death's Poker in its caelid segment; that item name identifies one current AP check in Caelid.	One independently authored walkthrough lead, matched by exact item name inside a declared region bucket. It does not prove a v1.17 event predicate, access requirement, absence of alternate acquisition, or the accuracy of AP's descriptive location suffix.
redmaw-w19-102-check-7770034	check	7770034	identity_region	"{""item_name"":""Windy Crystal Tear"",""region"":""Caelid""}"	wiki:redmaw:walkthrough:20260712183803	gameplay-guide:redmaw	lead_only	unknown	redmaw:#caelid:w19-102	The walkthrough records Windy Crystal Tear in its caelid segment; that item name identifies one current AP check in Caelid.	One independently authored walkthrough lead, matched by exact item name inside a declared region bucket. It does not prove a v1.17 event predicate, access requirement, absence of alternate acquisition, or the accuracy of AP's descriptive location suffix.
redmaw-w19-108-check-7773074	check	7773074	identity_region	"{""item_name"":""Arrow's Sting Talisman"",""region"":""Caelid""}"	wiki:redmaw:walkthrough:20260712183803	gameplay-guide:redmaw	lead_only	unknown	redmaw:#caelid:w19-108	The walkthrough records Arrow's Sting Talisman in its caelid segment; that item name identifies one current AP check in Caelid.	One independently authored walkthrough lead, matched by exact item name inside a declared region bucket. It does not prove a v1.17 event predicate, access requirement, absence of alternate acquisition, or the accuracy of AP's descriptive location suffix.
redmaw-w19-109-check-7773884	check	7773884	identity_region	"{""item_name"":""Ash of War: Cragblade"",""region"":""Caelid""}"	wiki:redmaw:walkthrough:20260712183803	gameplay-guide:redmaw	lead_only	unknown	redmaw:#caelid:w19-109	The walkthrough records Ash of War: Cragblade in its caelid segment; that item name identifies one current AP check in Caelid.	One independently authored walkthrough lead, matched by exact item name inside a declared region bucket. It does not prove a v1.17 event predicate, access requirement, absence of alternate acquisition, or the accuracy of AP's descriptive location suffix.
redmaw-w19-114-check-7772089	check	7772089	identity_region	"{""item_name"":""Miranda Sprout Ashes"",""region"":""Caelid""}"	wiki:redmaw:walkthrough:20260712183803	gameplay-guide:redmaw	lead_only	unknown	redmaw:#caelid:w19-114	The walkthrough records Miranda Sprout Ashes in its caelid segment; that item name identifies one current AP check in Caelid.	One independently authored walkthrough lead, matched by exact item name inside a declared region bucket. It does not prove a v1.17 event predicate, access requirement, absence of alternate acquisition, or the accuracy of AP's descriptive location suffix.
redmaw-w19-117-check-7773817	check	7773817	identity_region	"{""item_name"":""Kindred of Rot Ashes"",""region"":""Caelid""}"	wiki:redmaw:walkthrough:20260712183803	gameplay-guide:redmaw	lead_only	unknown	redmaw:#caelid:w19-117	The walkthrough records Kindred of Rot Ashes in its caelid segment; that item name identifies one current AP check in Caelid.	One independently authored walkthrough lead, matched by exact item name inside a declared region bucket. It does not prove a v1.17 event predicate, access requirement, absence of alternate acquisition, or the accuracy of AP's descriptive location suffix.
redmaw-w19-15-check-7772217	check	7772217	identity_region	"{""item_name"":""Serpent Bow"",""region"":""Caelid""}"	wiki:redmaw:walkthrough:20260712183803	gameplay-guide:redmaw	lead_only	unknown	redmaw:#caelid:w19-15	The walkthrough records Serpent Bow in its caelid segment; that item name identifies one current AP check in Caelid.	One independently authored walkthrough lead, matched by exact item name inside a declared region bucket. It does not prove a v1.17 event predicate, access requirement, absence of alternate acquisition, or the accuracy of AP's descriptive location suffix.
redmaw-w19-16-check-7772218	check	7772218	identity_region	"{""item_name"":""Fire Grease"",""region"":""Caelid""}"	wiki:redmaw:walkthrough:20260712183803	gameplay-guide:redmaw	lead_only	unknown	redmaw:#caelid:w19-16	The walkthrough records Fire Grease in its caelid segment; that item name identifies one current AP check in Caelid.	One independently authored walkthrough lead, matched by exact item name inside a declared region bucket. It does not prove a v1.17 event predicate, access requirement, absence of alternate acquisition, or the accuracy of AP's descriptive location suffix.
redmaw-w19-17-check-7772216	check	7772216	identity_region	"{""item_name"":""Venomous Fang"",""region"":""Caelid""}"	wiki:redmaw:walkthrough:20260712183803	gameplay-guide:redmaw	lead_only	unknown	redmaw:#caelid:w19-17	The walkthrough records Venomous Fang in its caelid segment; that item name identifies one current AP check in Caelid.	One independently authored walkthrough lead, matched by exact item name inside a declared region bucket. It does not prove a v1.17 event predicate, access requirement, absence of alternate acquisition, or the accuracy of AP's descriptive location suffix.
redmaw-w19-2-check-7773060	check	7773060	identity_region	"{""item_name"":""Somber Smithing Stone [9]"",""region"":""Caelid""}"	wiki:redmaw:walkthrough:20260712183803	gameplay-guide:redmaw	lead_only	unknown	redmaw:#caelid:w19-2	The walkthrough records Somber Smithing Stone [9] in its caelid segment; that item name identifies one current AP check in Caelid.	One independently authored walkthrough lead, matched by exact item name inside a declared region bucket. It does not prove a v1.17 event predicate, access requirement, absence of alternate acquisition, or the accuracy of AP's descriptive location suffix.
redmaw-w19-20-check-7770032	check	7770032	identity_region	"{""item_name"":""Greenburst Crystal Tear"",""region"":""Caelid""}"	wiki:redmaw:walkthrough:20260712183803	gameplay-guide:redmaw	lead_only	unknown	redmaw:#caelid:w19-20	The walkthrough records Greenburst Crystal Tear in its caelid segment; that item name identifies one current AP check in Caelid.	One independently authored walkthrough lead, matched by exact item name inside a declared region bucket. It does not prove a v1.17 event predicate, access requirement, absence of alternate acquisition, or the accuracy of AP's descriptive location suffix.
redmaw-w19-20-check-7773679	check	7773679	identity_region	"{""item_name"":""Flame-Shrouding Cracked Tear"",""region"":""Caelid""}"	wiki:redmaw:walkthrough:20260712183803	gameplay-guide:redmaw	lead_only	unknown	redmaw:#caelid:w19-20	The walkthrough records Flame-Shrouding Cracked Tear in its caelid segment; that item name identifies one current AP check in Caelid.	One independently authored walkthrough lead, matched by exact item name inside a declared region bucket. It does not prove a v1.17 event predicate, access requirement, absence of alternate acquisition, or the accuracy of AP's descriptive location suffix.
redmaw-w19-26-check-7772172	check	7772172	identity_region	"{""item_name"":""Ghost Glovewort [4]"",""region"":""Caelid""}"	wiki:redmaw:walkthrough:20260712183803	gameplay-guide:redmaw	lead_only	unknown	redmaw:#caelid:w19-26	The walkthrough records Ghost Glovewort [4] in its caelid segment; that item name identifies one current AP check in Caelid.	One independently authored walkthrough lead, matched by exact item name inside a declared region bucket. It does not prove a v1.17 event predicate, access requirement, absence of alternate acquisition, or the accuracy of AP's descriptive location suffix.
redmaw-w19-28-check-7772085	check	7772085	identity_region	"{""item_name"":""Imp Head (Wolf)"",""region"":""Caelid""}"	wiki:redmaw:walkthrough:20260712183803	gameplay-guide:redmaw	lead_only	unknown	redmaw:#caelid:w19-28	The walkthrough records Imp Head (Wolf) in its caelid segment; that item name identifies one current AP check in Caelid.	One independently authored walkthrough lead, matched by exact item name inside a declared region bucket. It does not prove a v1.17 event predicate, access requirement, absence of alternate acquisition, or the accuracy of AP's descriptive location suffix.
redmaw-w19-31-check-7773816	check	7773816	identity_region	"{""item_name"":""Mad Pumpkin Head Ashes"",""region"":""Caelid""}"	wiki:redmaw:walkthrough:20260712183803	gameplay-guide:redmaw	lead_only	unknown	redmaw:#caelid:w19-31	The walkthrough records Mad Pumpkin Head Ashes in its caelid segment; that item name identifies one current AP check in Caelid.	One independently authored walkthrough lead, matched by exact item name inside a declared region bucket. It does not prove a v1.17 event predicate, access requirement, absence of alternate acquisition, or the accuracy of AP's descriptive location suffix.
redmaw-w19-32-check-7770770	check	7770770	identity_region	"{""item_name"":""Whirl, O Flame!"",""region"":""Caelid""}"	wiki:redmaw:walkthrough:20260712183803	gameplay-guide:redmaw	lead_only	unknown	redmaw:#caelid:w19-32	The walkthrough records Whirl, O Flame! in its caelid segment; that item name identifies one current AP check in Caelid.	One independently authored walkthrough lead, matched by exact item name inside a declared region bucket. It does not prove a v1.17 event predicate, access requirement, absence of alternate acquisition, or the accuracy of AP's descriptive location suffix.
redmaw-w19-33-check-7774431	check	7774431	identity_region	"{""item_name"":""Greatsword"",""region"":""Caelid""}"	wiki:redmaw:walkthrough:20260712183803	gameplay-guide:redmaw	lead_only	unknown	redmaw:#caelid:w19-33	The walkthrough records Greatsword in its caelid segment; that item name identifies one current AP check in Caelid.	One independently authored walkthrough lead, matched by exact item name inside a declared region bucket. It does not prove a v1.17 event predicate, access requirement, absence of alternate acquisition, or the accuracy of AP's descriptive location suffix.
redmaw-w19-40-check-7774440	check	7774440	identity_region	"{""item_name"":""Visage Shield"",""region"":""Caelid""}"	wiki:redmaw:walkthrough:20260712183803	gameplay-guide:redmaw	lead_only	unknown	redmaw:#caelid:w19-40	The walkthrough records Visage Shield in its caelid segment; that item name identifies one current AP check in Caelid.	One independently authored walkthrough lead, matched by exact item name inside a declared region bucket. It does not prove a v1.17 event predicate, access requirement, absence of alternate acquisition, or the accuracy of AP's descriptive location suffix.
redmaw-w19-48-check-7774430	check	7774430	identity_region	"{""item_name"":""Sword of St. Trina"",""region"":""Caelid""}"	wiki:redmaw:walkthrough:20260712183803	gameplay-guide:redmaw	lead_only	unknown	redmaw:#caelid:w19-48	The walkthrough records Sword of St. Trina in its caelid segment; that item name identifies one current AP check in Caelid.	One independently authored walkthrough lead, matched by exact item name inside a declared region bucket. It does not prove a v1.17 event predicate, access requirement, absence of alternate acquisition, or the accuracy of AP's descriptive location suffix.
redmaw-w19-51-check-7772278	check	7772278	identity_region	"{""item_name"":""Somber Smithing Stone [2]"",""region"":""Caelid""}"	wiki:redmaw:walkthrough:20260712183803	gameplay-guide:redmaw	lead_only	unknown	redmaw:#caelid:w19-51	The walkthrough records Somber Smithing Stone [2] in its caelid segment; that item name identifies one current AP check in Caelid.	One independently authored walkthrough lead, matched by exact item name inside a declared region bucket. It does not prove a v1.17 event predicate, access requirement, absence of alternate acquisition, or the accuracy of AP's descriptive location suffix.
redmaw-w19-54-check-7772281	check	7772281	identity_region	"{""item_name"":""Gold-Pickled Fowl Foot"",""region"":""Caelid""}"	wiki:redmaw:walkthrough:20260712183803	gameplay-guide:redmaw	lead_only	unknown	redmaw:#caelid:w19-54	The walkthrough records Gold-Pickled Fowl Foot in its caelid segment; that item name identifies one current AP check in Caelid.	One independently authored walkthrough lead, matched by exact item name inside a declared region bucket. It does not prove a v1.17 event predicate, access requirement, absence of alternate acquisition, or the accuracy of AP's descriptive location suffix.
redmaw-w19-55-check-7772280	check	7772280	identity_region	"{""item_name"":""Cross-Naginata"",""region"":""Caelid""}"	wiki:redmaw:walkthrough:20260712183803	gameplay-guide:redmaw	lead_only	unknown	redmaw:#caelid:w19-55	The walkthrough records Cross-Naginata in its caelid segment; that item name identifies one current AP check in Caelid.	One independently authored walkthrough lead, matched by exact item name inside a declared region bucket. It does not prove a v1.17 event predicate, access requirement, absence of alternate acquisition, or the accuracy of AP's descriptive location suffix.
redmaw-w19-59-check-7900141	check	7900141	identity_region	"{""item_name"":""Moonveil"",""region"":""Caelid""}"	wiki:redmaw:walkthrough:20260712183803	gameplay-guide:redmaw	lead_only	unknown	redmaw:#caelid:w19-59	The walkthrough records Moonveil in its caelid segment; that item name identifies one current AP check in Caelid.	One independently authored walkthrough lead, matched by exact item name inside a declared region bucket. It does not prove a v1.17 event predicate, access requirement, absence of alternate acquisition, or the accuracy of AP's descriptive location suffix.
redmaw-w19-60-check-7770773	check	7770773	identity_region	"{""item_name"":""Ash of War: Flame of the Redmanes"",""region"":""Caelid""}"	wiki:redmaw:walkthrough:20260712183803	gameplay-guide:redmaw	lead_only	unknown	redmaw:#caelid:w19-60	The walkthrough records Ash of War: Flame of the Redmanes in its caelid segment; that item name identifies one current AP check in Caelid.	One independently authored walkthrough lead, matched by exact item name inside a declared region bucket. It does not prove a v1.17 event predicate, access requirement, absence of alternate acquisition, or the accuracy of AP's descriptive location suffix.
redmaw-w19-65-check-7772987	check	7772987	identity_region	"{""item_name"":""Starscourge Heirloom"",""region"":""Caelid""}"	wiki:redmaw:walkthrough:20260712183803	gameplay-guide:redmaw	lead_only	unknown	redmaw:#caelid:w19-65	The walkthrough records Starscourge Heirloom in its caelid segment; that item name identifies one current AP check in Caelid.	One independently authored walkthrough lead, matched by exact item name inside a declared region bucket. It does not prove a v1.17 event predicate, access requirement, absence of alternate acquisition, or the accuracy of AP's descriptive location suffix.
redmaw-w19-67-check-7772989	check	7772989	identity_region	"{""item_name"":""Katar"",""region"":""Caelid""}"	wiki:redmaw:walkthrough:20260712183803	gameplay-guide:redmaw	lead_only	unknown	redmaw:#caelid:w19-67	The walkthrough records Katar in its caelid segment; that item name identifies one current AP check in Caelid.	One independently authored walkthrough lead, matched by exact item name inside a declared region bucket. It does not prove a v1.17 event predicate, access requirement, absence of alternate acquisition, or the accuracy of AP's descriptive location suffix.
redmaw-w19-68-check-7772986	check	7772986	identity_region	"{""item_name"":""Ash of War: Lion's Claw"",""region"":""Caelid""}"	wiki:redmaw:walkthrough:20260712183803	gameplay-guide:redmaw	lead_only	unknown	redmaw:#caelid:w19-68	The walkthrough records Ash of War: Lion's Claw in its caelid segment; that item name identifies one current AP check in Caelid.	One independently authored walkthrough lead, matched by exact item name inside a declared region bucket. It does not prove a v1.17 event predicate, access requirement, absence of alternate acquisition, or the accuracy of AP's descriptive location suffix.
redmaw-w19-69-check-7772984	check	7772984	identity_region	"{""item_name"":""Flame, Grant Me Strength"",""region"":""Caelid""}"	wiki:redmaw:walkthrough:20260712183803	gameplay-guide:redmaw	lead_only	unknown	redmaw:#caelid:w19-69	The walkthrough records Flame, Grant Me Strength in its caelid segment; that item name identifies one current AP check in Caelid.	One independently authored walkthrough lead, matched by exact item name inside a declared region bucket. It does not prove a v1.17 event predicate, access requirement, absence of alternate acquisition, or the accuracy of AP's descriptive location suffix.
redmaw-w19-7-check-7770453	check	7770453	identity_region	"{""item_name"":""Beast-Repellent Torch"",""region"":""Caelid""}"	wiki:redmaw:walkthrough:20260712183803	gameplay-guide:redmaw	lead_only	unknown	redmaw:#caelid:w19-7	The walkthrough records Beast-Repellent Torch in its caelid segment; that item name identifies one current AP check in Caelid.	One independently authored walkthrough lead, matched by exact item name inside a declared region bucket. It does not prove a v1.17 event predicate, access requirement, absence of alternate acquisition, or the accuracy of AP's descriptive location suffix.
redmaw-w19-72-check-7770771	check	7770771	identity_region	"{""item_name"":""Ash of War: Lifesteal Fist"",""region"":""Caelid""}"	wiki:redmaw:walkthrough:20260712183803	gameplay-guide:redmaw	lead_only	unknown	redmaw:#caelid:w19-72	The walkthrough records Ash of War: Lifesteal Fist in its caelid segment; that item name identifies one current AP check in Caelid.	One independently authored walkthrough lead, matched by exact item name inside a declared region bucket. It does not prove a v1.17 event predicate, access requirement, absence of alternate acquisition, or the accuracy of AP's descriptive location suffix.
redmaw-w19-8-check-7770774	check	7770774	identity_region	"{""item_name"":""Ash of War: Sky Shot"",""region"":""Caelid""}"	wiki:redmaw:walkthrough:20260712183803	gameplay-guide:redmaw	lead_only	unknown	redmaw:#caelid:w19-8	The walkthrough records Ash of War: Sky Shot in its caelid segment; that item name identifies one current AP check in Caelid.	One independently authored walkthrough lead, matched by exact item name inside a declared region bucket. It does not prove a v1.17 event predicate, access requirement, absence of alternate acquisition, or the accuracy of AP's descriptive location suffix.
redmaw-w19-80-check-7772233	check	7772233	identity_region	"{""item_name"":""Pillory Shield"",""region"":""Caelid""}"	wiki:redmaw:walkthrough:20260712183803	gameplay-guide:redmaw	lead_only	unknown	redmaw:#caelid:w19-80	The walkthrough records Pillory Shield in its caelid segment; that item name identifies one current AP check in Caelid.	One independently authored walkthrough lead, matched by exact item name inside a declared region bucket. It does not prove a v1.17 event predicate, access requirement, absence of alternate acquisition, or the accuracy of AP's descriptive location suffix.
redmaw-w19-83-check-7772225	check	7772225	identity_region	"{""item_name"":""Wakizashi"",""region"":""Caelid""}"	wiki:redmaw:walkthrough:20260712183803	gameplay-guide:redmaw	lead_only	unknown	redmaw:#caelid:w19-83	The walkthrough records Wakizashi in its caelid segment; that item name identifies one current AP check in Caelid.	One independently authored walkthrough lead, matched by exact item name inside a declared region bucket. It does not prove a v1.17 event predicate, access requirement, absence of alternate acquisition, or the accuracy of AP's descriptive location suffix.
redmaw-w19-84-check-7772229	check	7772229	identity_region	"{""item_name"":""Rainbow Stone"",""region"":""Caelid""}"	wiki:redmaw:walkthrough:20260712183803	gameplay-guide:redmaw	lead_only	unknown	redmaw:#caelid:w19-84	The walkthrough records Rainbow Stone in its caelid segment; that item name identifies one current AP check in Caelid.	One independently authored walkthrough lead, matched by exact item name inside a declared region bucket. It does not prove a v1.17 event predicate, access requirement, absence of alternate acquisition, or the accuracy of AP's descriptive location suffix.
redmaw-w19-85-check-7773832	check	7773832	identity_region	"{""item_name"":""Putrid Corpse Ashes"",""region"":""Caelid""}"	wiki:redmaw:walkthrough:20260712183803	gameplay-guide:redmaw	lead_only	unknown	redmaw:#caelid:w19-85	The walkthrough records Putrid Corpse Ashes in its caelid segment; that item name identifies one current AP check in Caelid.	One independently authored walkthrough lead, matched by exact item name inside a declared region bucket. It does not prove a v1.17 event predicate, access requirement, absence of alternate acquisition, or the accuracy of AP's descriptive location suffix.
redmaw-w19-86-check-7772234	check	7772234	identity_region	"{""item_name"":""Regalia of Eochaid"",""region"":""Caelid""}"	wiki:redmaw:walkthrough:20260712183803	gameplay-guide:redmaw	lead_only	unknown	redmaw:#caelid:w19-86	The walkthrough records Regalia of Eochaid in its caelid segment; that item name identifies one current AP check in Caelid.	One independently authored walkthrough lead, matched by exact item name inside a declared region bucket. It does not prove a v1.17 event predicate, access requirement, absence of alternate acquisition, or the accuracy of AP's descriptive location suffix.
redmaw-w19-91-check-7772988	check	7772988	identity_region	"{""item_name"":""Meteoric Ore Blade"",""region"":""Caelid""}"	wiki:redmaw:walkthrough:20260712183803	gameplay-guide:redmaw	lead_only	unknown	redmaw:#caelid:w19-91	The walkthrough records Meteoric Ore Blade in its caelid segment; that item name identifies one current AP check in Caelid.	One independently authored walkthrough lead, matched by exact item name inside a declared region bucket. It does not prove a v1.17 event predicate, access requirement, absence of alternate acquisition, or the accuracy of AP's descriptive location suffix.
redmaw-w19-95-check-7772976	check	7772976	identity_region	"{""item_name"":""Larval Tear"",""region"":""Caelid""}"	wiki:redmaw:walkthrough:20260712183803	gameplay-guide:redmaw	lead_only	unknown	redmaw:#caelid:w19-95	The walkthrough records Larval Tear in its caelid segment; that item name identifies one current AP check in Caelid.	One independently authored walkthrough lead, matched by exact item name inside a declared region bucket. It does not prove a v1.17 event predicate, access requirement, absence of alternate acquisition, or the accuracy of AP's descriptive location suffix.
redmaw-w19-97-check-7770133	check	7770133	identity_region	"{""item_name"":""Ancient Dragon Apostle's Cookbook [3]"",""region"":""Caelid""}"	wiki:redmaw:walkthrough:20260712183803	gameplay-guide:redmaw	lead_only	unknown	redmaw:#caelid:w19-97	The walkthrough records Ancient Dragon Apostle's Cookbook [3] in its caelid segment; that item name identifies one current AP check in Caelid.	One independently authored walkthrough lead, matched by exact item name inside a declared region bucket. It does not prove a v1.17 event predicate, access requirement, absence of alternate acquisition, or the accuracy of AP's descriptive location suffix.
redmaw-w2-11-check-7770012	check	7770012	identity_region	"{""item_name"":""Spirit Calling Bell"",""region"":""Limgrave""}"	wiki:redmaw:walkthrough:20260712183803	gameplay-guide:redmaw	lead_only	unknown	redmaw:#first-steps:w2-11	The walkthrough records Spirit Calling Bell in its first-steps segment; that item name identifies one current AP check in Limgrave.	One independently authored walkthrough lead, matched by exact item name inside a declared region bucket. It does not prove a v1.17 event predicate, access requirement, absence of alternate acquisition, or the accuracy of AP's descriptive location suffix.
redmaw-w2-11-check-7770615	check	7770615	identity_region	"{""item_name"":""Lone Wolf Ashes"",""region"":""Limgrave""}"	wiki:redmaw:walkthrough:20260712183803	gameplay-guide:redmaw	lead_only	unknown	redmaw:#first-steps:w2-11	The walkthrough records Lone Wolf Ashes in its first-steps segment; that item name identifies one current AP check in Limgrave.	One independently authored walkthrough lead, matched by exact item name inside a declared region bucket. It does not prove a v1.17 event predicate, access requirement, absence of alternate acquisition, or the accuracy of AP's descriptive location suffix.
redmaw-w2-141-check-7770695	check	7770695	identity_region	"{""item_name"":""Bloodhound's Fang"",""region"":""Limgrave""}"	wiki:redmaw:walkthrough:20260712183803	gameplay-guide:redmaw	lead_only	unknown	redmaw:#first-steps:w2-141	The walkthrough records Bloodhound's Fang in its first-steps segment; that item name identifies one current AP check in Limgrave.	One independently authored walkthrough lead, matched by exact item name inside a declared region bucket. It does not prove a v1.17 event predicate, access requirement, absence of alternate acquisition, or the accuracy of AP's descriptive location suffix.
redmaw-w2-21-check-7773714	check	7773714	identity_region	"{""item_name"":""Spirit Jellyfish Ashes"",""region"":""Limgrave""}"	wiki:redmaw:walkthrough:20260712183803	gameplay-guide:redmaw	lead_only	unknown	redmaw:#first-steps:w2-21	The walkthrough records Spirit Jellyfish Ashes in its first-steps segment; that item name identifies one current AP check in Limgrave.	One independently authored walkthrough lead, matched by exact item name inside a declared region bucket. It does not prove a v1.17 event predicate, access requirement, absence of alternate acquisition, or the accuracy of AP's descriptive location suffix.
redmaw-w2-21-check-7774611	check	7774611	identity_region	"{""item_name"":""Sitting Sideways"",""region"":""Limgrave""}"	wiki:redmaw:walkthrough:20260712183803	gameplay-guide:redmaw	lead_only	unknown	redmaw:#first-steps:w2-21	The walkthrough records Sitting Sideways in its first-steps segment; that item name identifies one current AP check in Limgrave.	One independently authored walkthrough lead, matched by exact item name inside a declared region bucket. It does not prove a v1.17 event predicate, access requirement, absence of alternate acquisition, or the accuracy of AP's descriptive location suffix.
redmaw-w2-22-check-7773674	check	7773674	identity_region	"{""item_name"":""Strength-knot Crystal Tear"",""region"":""Limgrave""}"	wiki:redmaw:walkthrough:20260712183803	gameplay-guide:redmaw	lead_only	unknown	redmaw:#first-steps:w2-22	The walkthrough records Strength-knot Crystal Tear in its first-steps segment; that item name identifies one current AP check in Limgrave.	One independently authored walkthrough lead, matched by exact item name inside a declared region bucket. It does not prove a v1.17 event predicate, access requirement, absence of alternate acquisition, or the accuracy of AP's descriptive location suffix.
redmaw-w2-29-check-7774320	check	7774320	identity_region	"{""item_name"":""Beast Crest Heater Shield"",""region"":""Limgrave""}"	wiki:redmaw:walkthrough:20260712183803	gameplay-guide:redmaw	lead_only	unknown	redmaw:#first-steps:w2-29	The walkthrough records Beast Crest Heater Shield in its first-steps segment; that item name identifies one current AP check in Limgrave.	One independently authored walkthrough lead, matched by exact item name inside a declared region bucket. It does not prove a v1.17 event predicate, access requirement, absence of alternate acquisition, or the accuracy of AP's descriptive location suffix.
redmaw-w2-37-check-7774417	check	7774417	identity_region	"{""item_name"":""Green Turtle Talisman"",""region"":""Limgrave""}"	wiki:redmaw:walkthrough:20260712183803	gameplay-guide:redmaw	lead_only	unknown	redmaw:#first-steps:w2-37	The walkthrough records Green Turtle Talisman in its first-steps segment; that item name identifies one current AP check in Limgrave.	One independently authored walkthrough lead, matched by exact item name inside a declared region bucket. It does not prove a v1.17 event predicate, access requirement, absence of alternate acquisition, or the accuracy of AP's descriptive location suffix.
redmaw-w2-44-check-7770011	check	7770011	identity_region	"{""item_name"":""Flask of Wondrous Physick"",""region"":""Limgrave""}"	wiki:redmaw:walkthrough:20260712183803	gameplay-guide:redmaw	lead_only	unknown	redmaw:#first-steps:w2-44	The walkthrough records Flask of Wondrous Physick in its first-steps segment; that item name identifies one current AP check in Limgrave.	One independently authored walkthrough lead, matched by exact item name inside a declared region bucket. It does not prove a v1.17 event predicate, access requirement, absence of alternate acquisition, or the accuracy of AP's descriptive location suffix.
redmaw-w2-44-check-7772958	check	7772958	identity_region	"{""item_name"":""Sacred Tear"",""region"":""Limgrave""}"	wiki:redmaw:walkthrough:20260712183803	gameplay-guide:redmaw	lead_only	unknown	redmaw:#first-steps:w2-44	The walkthrough records Sacred Tear in its first-steps segment; that item name identifies one current AP check in Limgrave.	One independently authored walkthrough lead, matched by exact item name inside a declared region bucket. It does not prove a v1.17 event predicate, access requirement, absence of alternate acquisition, or the accuracy of AP's descriptive location suffix.
redmaw-w2-44-check-7773665	check	7773665	identity_region	"{""item_name"":""Crimson Crystal Tear"",""region"":""Limgrave""}"	wiki:redmaw:walkthrough:20260712183803	gameplay-guide:redmaw	lead_only	unknown	redmaw:#first-steps:w2-44	The walkthrough records Crimson Crystal Tear in its first-steps segment; that item name identifies one current AP check in Limgrave.	One independently authored walkthrough lead, matched by exact item name inside a declared region bucket. It does not prove a v1.17 event predicate, access requirement, absence of alternate acquisition, or the accuracy of AP's descriptive location suffix.
redmaw-w2-6-check-7770013	check	7770013	identity_region	"{""item_name"":""Crafting Kit"",""region"":""Limgrave""}"	wiki:redmaw:walkthrough:20260712183803	gameplay-guide:redmaw	lead_only	unknown	redmaw:#first-steps:w2-6	The walkthrough records Crafting Kit in its first-steps segment; that item name identifies one current AP check in Limgrave.	One independently authored walkthrough lead, matched by exact item name inside a declared region bucket. It does not prove a v1.17 event predicate, access requirement, absence of alternate acquisition, or the accuracy of AP's descriptive location suffix.
redmaw-w2-64-check-7774406	check	7774406	identity_region	"{""item_name"":""Golden Rune [6]"",""region"":""Limgrave""}"	wiki:redmaw:walkthrough:20260712183803	gameplay-guide:redmaw	lead_only	unknown	redmaw:#first-steps:w2-64	The walkthrough records Golden Rune [6] in its first-steps segment; that item name identifies one current AP check in Limgrave.	One independently authored walkthrough lead, matched by exact item name inside a declared region bucket. It does not prove a v1.17 event predicate, access requirement, absence of alternate acquisition, or the accuracy of AP's descriptive location suffix.
redmaw-w2-65-check-7770208	check	7770208	identity_region	"{""item_name"":""Memory Stone"",""region"":""Limgrave""}"	wiki:redmaw:walkthrough:20260712183803	gameplay-guide:redmaw	lead_only	unknown	redmaw:#first-steps:w2-65	The walkthrough records Memory Stone in its first-steps segment; that item name identifies one current AP check in Limgrave.	One independently authored walkthrough lead, matched by exact item name inside a declared region bucket. It does not prove a v1.17 event predicate, access requirement, absence of alternate acquisition, or the accuracy of AP's descriptive location suffix.
redmaw-w2-69-check-7770134	check	7770134	identity_region	"{""item_name"":""Fevor's Cookbook [1]"",""region"":""Limgrave""}"	wiki:redmaw:walkthrough:20260712183803	gameplay-guide:redmaw	lead_only	unknown	redmaw:#first-steps:w2-69	The walkthrough records Fevor's Cookbook [1] in its first-steps segment; that item name identifies one current AP check in Limgrave.	One independently authored walkthrough lead, matched by exact item name inside a declared region bucket. It does not prove a v1.17 event predicate, access requirement, absence of alternate acquisition, or the accuracy of AP's descriptive location suffix.
redmaw-w2-73-check-7770119	check	7770119	identity_region	"{""item_name"":""Nomadic Warrior's Cookbook [4]"",""region"":""Limgrave""}"	wiki:redmaw:walkthrough:20260712183803	gameplay-guide:redmaw	lead_only	unknown	redmaw:#first-steps:w2-73	The walkthrough records Nomadic Warrior's Cookbook [4] in its first-steps segment; that item name identifies one current AP check in Limgrave.	One independently authored walkthrough lead, matched by exact item name inside a declared region bucket. It does not prove a v1.17 event predicate, access requirement, absence of alternate acquisition, or the accuracy of AP's descriptive location suffix.
redmaw-w2-76-check-7770721	check	7770721	identity_region	"{""item_name"":""Ash of War: Ground Slam"",""region"":""Limgrave""}"	wiki:redmaw:walkthrough:20260712183803	gameplay-guide:redmaw	lead_only	unknown	redmaw:#first-steps:w2-76	The walkthrough records Ash of War: Ground Slam in its first-steps segment; that item name identifies one current AP check in Limgrave.	One independently authored walkthrough lead, matched by exact item name inside a declared region bucket. It does not prove a v1.17 event predicate, access requirement, absence of alternate acquisition, or the accuracy of AP's descriptive location suffix.
redmaw-w2-77-check-7773664	check	7773664	identity_region	"{""item_name"":""Greenspill Crystal Tear"",""region"":""Limgrave""}"	wiki:redmaw:walkthrough:20260712183803	gameplay-guide:redmaw	lead_only	unknown	redmaw:#first-steps:w2-77	The walkthrough records Greenspill Crystal Tear in its first-steps segment; that item name identifies one current AP check in Limgrave.	One independently authored walkthrough lead, matched by exact item name inside a declared region bucket. It does not prove a v1.17 event predicate, access requirement, absence of alternate acquisition, or the accuracy of AP's descriptive location suffix.
redmaw-w2-77-check-7773671	check	7773671	identity_region	"{""item_name"":""Spiked Cracked Tear"",""region"":""Limgrave""}"	wiki:redmaw:walkthrough:20260712183803	gameplay-guide:redmaw	lead_only	unknown	redmaw:#first-steps:w2-77	The walkthrough records Spiked Cracked Tear in its first-steps segment; that item name identifies one current AP check in Limgrave.	One independently authored walkthrough lead, matched by exact item name inside a declared region bucket. It does not prove a v1.17 event predicate, access requirement, absence of alternate acquisition, or the accuracy of AP's descriptive location suffix.
redmaw-w2-81-check-7774398	check	7774398	identity_region	"{""item_name"":""Axe Talisman"",""region"":""Limgrave""}"	wiki:redmaw:walkthrough:20260712183803	gameplay-guide:redmaw	lead_only	unknown	redmaw:#first-steps:w2-81	The walkthrough records Axe Talisman in its first-steps segment; that item name identifies one current AP check in Limgrave.	One independently authored walkthrough lead, matched by exact item name inside a declared region bucket. It does not prove a v1.17 event predicate, access requirement, absence of alternate acquisition, or the accuracy of AP's descriptive location suffix.
redmaw-w2-87-check-7772935	check	7772935	identity_region	"{""item_name"":""Sacrificial Twig"",""region"":""Limgrave""}"	wiki:redmaw:walkthrough:20260712183803	gameplay-guide:redmaw	lead_only	unknown	redmaw:#first-steps:w2-87	The walkthrough records Sacrificial Twig in its first-steps segment; that item name identifies one current AP check in Limgrave.	One independently authored walkthrough lead, matched by exact item name inside a declared region bucket. It does not prove a v1.17 event predicate, access requirement, absence of alternate acquisition, or the accuracy of AP's descriptive location suffix.
redmaw-w2-90-check-7772822	check	7772822	identity_region	"{""item_name"":""Lordsworn's Greatsword"",""region"":""Limgrave""}"	wiki:redmaw:walkthrough:20260712183803	gameplay-guide:redmaw	lead_only	unknown	redmaw:#first-steps:w2-90	The walkthrough records Lordsworn's Greatsword in its first-steps segment; that item name identifies one current AP check in Limgrave.	One independently authored walkthrough lead, matched by exact item name inside a declared region bucket. It does not prove a v1.17 event predicate, access requirement, absence of alternate acquisition, or the accuracy of AP's descriptive location suffix.
redmaw-w2-93-check-7774319	check	7774319	identity_region	"{""item_name"":""Ash of War: Storm Stomp"",""region"":""Limgrave""}"	wiki:redmaw:walkthrough:20260712183803	gameplay-guide:redmaw	lead_only	unknown	redmaw:#first-steps:w2-93	The walkthrough records Ash of War: Storm Stomp in its first-steps segment; that item name identifies one current AP check in Limgrave.	One independently authored walkthrough lead, matched by exact item name inside a declared region bucket. It does not prove a v1.17 event predicate, access requirement, absence of alternate acquisition, or the accuracy of AP's descriptive location suffix.
redmaw-w2-94-check-7772821	check	7772821	identity_region	"{""item_name"":""Flail"",""region"":""Limgrave""}"	wiki:redmaw:walkthrough:20260712183803	gameplay-guide:redmaw	lead_only	unknown	redmaw:#first-steps:w2-94	The walkthrough records Flail in its first-steps segment; that item name identifies one current AP check in Limgrave.	One independently authored walkthrough lead, matched by exact item name inside a declared region bucket. It does not prove a v1.17 event predicate, access requirement, absence of alternate acquisition, or the accuracy of AP's descriptive location suffix.
redmaw-w2-98-check-7770719	check	7770719	identity_region	"{""item_name"":""Ash of War: Determination"",""region"":""Limgrave""}"	wiki:redmaw:walkthrough:20260712183803	gameplay-guide:redmaw	lead_only	unknown	redmaw:#first-steps:w2-98	The walkthrough records Ash of War: Determination in its first-steps segment; that item name identifies one current AP check in Limgrave.	One independently authored walkthrough lead, matched by exact item name inside a declared region bucket. It does not prove a v1.17 event predicate, access requirement, absence of alternate acquisition, or the accuracy of AP's descriptive location suffix.
redmaw-w20-10-check-7774470	check	7774470	identity_region	"{""item_name"":""Rotten Stray Ashes"",""region"":""Caelid""}"	wiki:redmaw:walkthrough:20260712183803	gameplay-guide:redmaw	lead_only	unknown	redmaw:#sellia:w20-10	The walkthrough records Rotten Stray Ashes in its sellia segment; that item name identifies one current AP check in Caelid.	One independently authored walkthrough lead, matched by exact item name inside a declared region bucket. It does not prove a v1.17 event predicate, access requirement, absence of alternate acquisition, or the accuracy of AP's descriptive location suffix.
redmaw-w20-17-check-7772294	check	7772294	identity_region	"{""item_name"":""Rock Blaster"",""region"":""Caelid""}"	wiki:redmaw:walkthrough:20260712183803	gameplay-guide:redmaw	lead_only	unknown	redmaw:#sellia:w20-17	The walkthrough records Rock Blaster in its sellia segment; that item name identifies one current AP check in Caelid.	One independently authored walkthrough lead, matched by exact item name inside a declared region bucket. It does not prove a v1.17 event predicate, access requirement, absence of alternate acquisition, or the accuracy of AP's descriptive location suffix.
redmaw-w20-2-check-7773730	check	7773730	identity_region	"{""item_name"":""Unalloyed Gold Needle"",""region"":""Caelid""}"	wiki:redmaw:walkthrough:20260712183803	gameplay-guide:redmaw	lead_only	unknown	redmaw:#sellia:w20-2	The walkthrough records Unalloyed Gold Needle in its sellia segment; that item name identifies one current AP check in Caelid.	One independently authored walkthrough lead, matched by exact item name inside a declared region bucket. It does not prove a v1.17 event predicate, access requirement, absence of alternate acquisition, or the accuracy of AP's descriptive location suffix.
redmaw-w20-2-check-7773855	check	7773855	identity_region	"{""item_name"":""Commander's Standard"",""region"":""Caelid""}"	wiki:redmaw:walkthrough:20260712183803	gameplay-guide:redmaw	lead_only	unknown	redmaw:#sellia:w20-2	The walkthrough records Commander's Standard in its sellia segment; that item name identifies one current AP check in Caelid.	One independently authored walkthrough lead, matched by exact item name inside a declared region bucket. It does not prove a v1.17 event predicate, access requirement, absence of alternate acquisition, or the accuracy of AP's descriptive location suffix.
redmaw-w20-21-check-7772292	check	7772292	identity_region	"{""item_name"":""Faithful's Canvas Talisman"",""region"":""Caelid""}"	wiki:redmaw:walkthrough:20260712183803	gameplay-guide:redmaw	lead_only	unknown	redmaw:#sellia:w20-21	The walkthrough records Faithful's Canvas Talisman in its sellia segment; that item name identifies one current AP check in Caelid.	One independently authored walkthrough lead, matched by exact item name inside a declared region bucket. It does not prove a v1.17 event predicate, access requirement, absence of alternate acquisition, or the accuracy of AP's descriptive location suffix.
redmaw-w20-22-check-7773846	check	7773846	identity_region	"{""item_name"":""Somber Smithing Stone [6]"",""region"":""Caelid""}"	wiki:redmaw:walkthrough:20260712183803	gameplay-guide:redmaw	lead_only	unknown	redmaw:#sellia:w20-22	The walkthrough records Somber Smithing Stone [6] in its sellia segment; that item name identifies one current AP check in Caelid.	One independently authored walkthrough lead, matched by exact item name inside a declared region bucket. It does not prove a v1.17 event predicate, access requirement, absence of alternate acquisition, or the accuracy of AP's descriptive location suffix.
redmaw-w20-22-check-7900142	check	7900142	identity_region	"{""item_name"":""Somberstone Miner's Bell Bearing [1]"",""region"":""Caelid""}"	wiki:redmaw:walkthrough:20260712183803	gameplay-guide:redmaw	lead_only	unknown	redmaw:#sellia:w20-22	The walkthrough records Somberstone Miner's Bell Bearing [1] in its sellia segment; that item name identifies one current AP check in Caelid.	One independently authored walkthrough lead, matched by exact item name inside a declared region bucket. It does not prove a v1.17 event predicate, access requirement, absence of alternate acquisition, or the accuracy of AP's descriptive location suffix.
redmaw-w20-23-check-7773085	check	7773085	identity_region	"{""item_name"":""Cerulean Tear Scarab"",""region"":""Caelid""}"	wiki:redmaw:walkthrough:20260712183803	gameplay-guide:redmaw	lead_only	unknown	redmaw:#sellia:w20-23	The walkthrough records Cerulean Tear Scarab in its sellia segment; that item name identifies one current AP check in Caelid.	One independently authored walkthrough lead, matched by exact item name inside a declared region bucket. It does not prove a v1.17 event predicate, access requirement, absence of alternate acquisition, or the accuracy of AP's descriptive location suffix.
redmaw-w20-28-check-7773886	check	7773886	identity_region	"{""item_name"":""Ash of War: Double Slash"",""region"":""Caelid""}"	wiki:redmaw:walkthrough:20260712183803	gameplay-guide:redmaw	lead_only	unknown	redmaw:#sellia:w20-28	The walkthrough records Ash of War: Double Slash in its sellia segment; that item name identifies one current AP check in Caelid.	One independently authored walkthrough lead, matched by exact item name inside a declared region bucket. It does not prove a v1.17 event predicate, access requirement, absence of alternate acquisition, or the accuracy of AP's descriptive location suffix.
redmaw-w20-31-check-7774469	check	7774469	identity_region	"{""item_name"":""Staff of Loss"",""region"":""Caelid""}"	wiki:redmaw:walkthrough:20260712183803	gameplay-guide:redmaw	lead_only	unknown	redmaw:#sellia:w20-31	The walkthrough records Staff of Loss in its sellia segment; that item name identifies one current AP check in Caelid.	One independently authored walkthrough lead, matched by exact item name inside a declared region bucket. It does not prove a v1.17 event predicate, access requirement, absence of alternate acquisition, or the accuracy of AP's descriptive location suffix.
redmaw-w20-31-check-7774474	check	7774474	identity_region	"{""item_name"":""Spelldrake Talisman +1"",""region"":""Caelid""}"	wiki:redmaw:walkthrough:20260712183803	gameplay-guide:redmaw	lead_only	unknown	redmaw:#sellia:w20-31	The walkthrough records Spelldrake Talisman +1 in its sellia segment; that item name identifies one current AP check in Caelid.	One independently authored walkthrough lead, matched by exact item name inside a declared region bucket. It does not prove a v1.17 event predicate, access requirement, absence of alternate acquisition, or the accuracy of AP's descriptive location suffix.
redmaw-w20-32-check-7773088	check	7773088	identity_region	"{""item_name"":""Night Comet"",""region"":""Caelid""}"	wiki:redmaw:walkthrough:20260712183803	gameplay-guide:redmaw	lead_only	unknown	redmaw:#sellia:w20-32	The walkthrough records Night Comet in its sellia segment; that item name identifies one current AP check in Caelid.	One independently authored walkthrough lead, matched by exact item name inside a declared region bucket. It does not prove a v1.17 event predicate, access requirement, absence of alternate acquisition, or the accuracy of AP's descriptive location suffix.
redmaw-w20-34-check-7773089	check	7773089	identity_region	"{""item_name"":""Imbued Sword Key"",""region"":""Caelid""}"	wiki:redmaw:walkthrough:20260712183803	gameplay-guide:redmaw	lead_only	unknown	redmaw:#sellia:w20-34	The walkthrough records Imbued Sword Key in its sellia segment; that item name identifies one current AP check in Caelid.	One independently authored walkthrough lead, matched by exact item name inside a declared region bucket. It does not prove a v1.17 event predicate, access requirement, absence of alternate acquisition, or the accuracy of AP's descriptive location suffix.
redmaw-w20-35-check-7774471	check	7774471	identity_region	"{""item_name"":""Nox Flowing Sword"",""region"":""Caelid""}"	wiki:redmaw:walkthrough:20260712183803	gameplay-guide:redmaw	lead_only	unknown	redmaw:#sellia:w20-35	The walkthrough records Nox Flowing Sword in its sellia segment; that item name identifies one current AP check in Caelid.	One independently authored walkthrough lead, matched by exact item name inside a declared region bucket. It does not prove a v1.17 event predicate, access requirement, absence of alternate acquisition, or the accuracy of AP's descriptive location suffix.
redmaw-w20-36-check-7774473	check	7774473	identity_region	"{""item_name"":""Lusat's Glintstone Staff"",""region"":""Caelid""}"	wiki:redmaw:walkthrough:20260712183803	gameplay-guide:redmaw	lead_only	unknown	redmaw:#sellia:w20-36	The walkthrough records Lusat's Glintstone Staff in its sellia segment; that item name identifies one current AP check in Caelid.	One independently authored walkthrough lead, matched by exact item name inside a declared region bucket. It does not prove a v1.17 event predicate, access requirement, absence of alternate acquisition, or the accuracy of AP's descriptive location suffix.
redmaw-w20-38-check-7773077	check	7773077	identity_region	"{""item_name"":""Sacred Tear"",""region"":""Caelid""}"	wiki:redmaw:walkthrough:20260712183803	gameplay-guide:redmaw	lead_only	unknown	redmaw:#sellia:w20-38	The walkthrough records Sacred Tear in its sellia segment; that item name identifies one current AP check in Caelid.	One independently authored walkthrough lead, matched by exact item name inside a declared region bucket. It does not prove a v1.17 event predicate, access requirement, absence of alternate acquisition, or the accuracy of AP's descriptive location suffix.
redmaw-w20-45-check-7774465	check	7774465	identity_region	"{""item_name"":""Eternal Darkness"",""region"":""Caelid""}"	wiki:redmaw:walkthrough:20260712183803	gameplay-guide:redmaw	lead_only	unknown	redmaw:#sellia:w20-45	The walkthrough records Eternal Darkness in its sellia segment; that item name identifies one current AP check in Caelid.	One independently authored walkthrough lead, matched by exact item name inside a declared region bucket. It does not prove a v1.17 event predicate, access requirement, absence of alternate acquisition, or the accuracy of AP's descriptive location suffix.
redmaw-w20-47-check-7773083	check	7773083	identity_region	"{""item_name"":""Smithing Stone [8]"",""region"":""Caelid""}"	wiki:redmaw:walkthrough:20260712183803	gameplay-guide:redmaw	lead_only	unknown	redmaw:#sellia:w20-47	The walkthrough records Smithing Stone [8] in its sellia segment; that item name identifies one current AP check in Caelid.	One independently authored walkthrough lead, matched by exact item name inside a declared region bucket. It does not prove a v1.17 event predicate, access requirement, absence of alternate acquisition, or the accuracy of AP's descriptive location suffix.
redmaw-w20-59-check-7774472	check	7774472	identity_region	"{""item_name"":""Battlemage Hugues"",""region"":""Caelid""}"	wiki:redmaw:walkthrough:20260712183803	gameplay-guide:redmaw	lead_only	unknown	redmaw:#sellia:w20-59	The walkthrough records Battlemage Hugues in its sellia segment; that item name identifies one current AP check in Caelid.	One independently authored walkthrough lead, matched by exact item name inside a declared region bucket. It does not prove a v1.17 event predicate, access requirement, absence of alternate acquisition, or the accuracy of AP's descriptive location suffix.
redmaw-w20-6-check-7773731	check	7773731	identity_region	"{""item_name"":""Sellia's Secret"",""region"":""Caelid""}"	wiki:redmaw:walkthrough:20260712183803	gameplay-guide:redmaw	lead_only	unknown	redmaw:#sellia:w20-6	The walkthrough records Sellia's Secret in its sellia segment; that item name identifies one current AP check in Caelid.	One independently authored walkthrough lead, matched by exact item name inside a declared region bucket. It does not prove a v1.17 event predicate, access requirement, absence of alternate acquisition, or the accuracy of AP's descriptive location suffix.
redmaw-w20-60-check-7770521	check	7770521	identity_region	"{""item_name"":""Greyoll's Roar"",""region"":""Caelid""}"	wiki:redmaw:walkthrough:20260712183803	gameplay-guide:redmaw	lead_only	unknown	redmaw:#sellia:w20-60	The walkthrough records Greyoll's Roar in its sellia segment; that item name identifies one current AP check in Caelid.	One independently authored walkthrough lead, matched by exact item name inside a declared region bucket. It does not prove a v1.17 event predicate, access requirement, absence of alternate acquisition, or the accuracy of AP's descriptive location suffix.
redmaw-w20-7-check-7773907	check	7773907	identity_region	"{""item_name"":""\""Redmane\"" Painting"",""region"":""Caelid""}"	wiki:redmaw:walkthrough:20260712183803	gameplay-guide:redmaw	lead_only	unknown	redmaw:#sellia:w20-7	"The walkthrough records ""Redmane"" Painting in its sellia segment; that item name identifies one current AP check in Caelid."	One independently authored walkthrough lead, matched by exact item name inside a declared region bucket. It does not prove a v1.17 event predicate, access requirement, absence of alternate acquisition, or the accuracy of AP's descriptive location suffix.
redmaw-w21-10-check-7773120	check	7773120	identity_region	"{""item_name"":""Flamberge"",""region"":""Caelid""}"	wiki:redmaw:walkthrough:20260712183803	gameplay-guide:redmaw	lead_only	unknown	redmaw:#redmane-castle:w21-10	The walkthrough records Flamberge in its redmane-castle segment; that item name identifies one current AP check in Caelid.	One independently authored walkthrough lead, matched by exact item name inside a declared region bucket. It does not prove a v1.17 event predicate, access requirement, absence of alternate acquisition, or the accuracy of AP's descriptive location suffix.
redmaw-w21-14-check-7770042	check	7770042	identity_region	"{""item_name"":""Red-Hot Whetblade"",""region"":""Caelid""}"	wiki:redmaw:walkthrough:20260712183803	gameplay-guide:redmaw	lead_only	unknown	redmaw:#redmane-castle:w21-14	The walkthrough records Red-Hot Whetblade in its redmane-castle segment; that item name identifies one current AP check in Caelid.	One independently authored walkthrough lead, matched by exact item name inside a declared region bucket. It does not prove a v1.17 event predicate, access requirement, absence of alternate acquisition, or the accuracy of AP's descriptive location suffix.
redmaw-w21-16-check-7773805	check	7773805	identity_region	"{""item_name"":""Ruins Greatsword"",""region"":""Caelid""}"	wiki:redmaw:walkthrough:20260712183803	gameplay-guide:redmaw	lead_only	unknown	redmaw:#redmane-castle:w21-16	The walkthrough records Ruins Greatsword in its redmane-castle segment; that item name identifies one current AP check in Caelid.	One independently authored walkthrough lead, matched by exact item name inside a declared region bucket. It does not prove a v1.17 event predicate, access requirement, absence of alternate acquisition, or the accuracy of AP's descriptive location suffix.
redmaw-w21-3-check-7773883	check	7773883	identity_region	"{""item_name"":""Ash of War: Flaming Strike"",""region"":""Caelid""}"	wiki:redmaw:walkthrough:20260712183803	gameplay-guide:redmaw	lead_only	unknown	redmaw:#redmane-castle:w21-3	The walkthrough records Ash of War: Flaming Strike in its redmane-castle segment; that item name identifies one current AP check in Caelid.	One independently authored walkthrough lead, matched by exact item name inside a declared region bucket. It does not prove a v1.17 event predicate, access requirement, absence of alternate acquisition, or the accuracy of AP's descriptive location suffix.
redmaw-w21-30-check-7774589	check	7774589	identity_region	"{""item_name"":""Polite Bow"",""region"":""Caelid""}"	wiki:redmaw:walkthrough:20260712183803	gameplay-guide:redmaw	lead_only	unknown	redmaw:#redmane-castle:w21-30	The walkthrough records Polite Bow in its redmane-castle segment; that item name identifies one current AP check in Caelid.	One independently authored walkthrough lead, matched by exact item name inside a declared region bucket. It does not prove a v1.17 event predicate, access requirement, absence of alternate acquisition, or the accuracy of AP's descriptive location suffix.
redmaw-w21-35-check-7770002	check	7770002	identity_region	"{""item_name"":""Radahn's Great Rune"",""region"":""Caelid""}"	wiki:redmaw:walkthrough:20260712183803	gameplay-guide:redmaw	lead_only	unknown	redmaw:#redmane-castle:w21-35	The walkthrough records Radahn's Great Rune in its redmane-castle segment; that item name identifies one current AP check in Caelid.	One independently authored walkthrough lead, matched by exact item name inside a declared region bucket. It does not prove a v1.17 event predicate, access requirement, absence of alternate acquisition, or the accuracy of AP's descriptive location suffix.
redmaw-w21-35-check-7770665	check	7770665	identity_region	"{""item_name"":""Remembrance of the Starscourge"",""region"":""Caelid""}"	wiki:redmaw:walkthrough:20260712183803	gameplay-guide:redmaw	lead_only	unknown	redmaw:#redmane-castle:w21-35	The walkthrough records Remembrance of the Starscourge in its redmane-castle segment; that item name identifies one current AP check in Caelid.	One independently authored walkthrough lead, matched by exact item name inside a declared region bucket. It does not prove a v1.17 event predicate, access requirement, absence of alternate acquisition, or the accuracy of AP's descriptive location suffix.
redmaw-w21-6-check-7770104	check	7770104	identity_region	"{""item_name"":""Armorer's Cookbook [5]"",""region"":""Caelid""}"	wiki:redmaw:walkthrough:20260712183803	gameplay-guide:redmaw	lead_only	unknown	redmaw:#redmane-castle:w21-6	The walkthrough records Armorer's Cookbook [5] in its redmane-castle segment; that item name identifies one current AP check in Caelid.	One independently authored walkthrough lead, matched by exact item name inside a declared region bucket. It does not prove a v1.17 event predicate, access requirement, absence of alternate acquisition, or the accuracy of AP's descriptive location suffix.
redmaw-w21-8-check-7770099	check	7770099	identity_region	"{""item_name"":""Armorer's Cookbook [4]"",""region"":""Caelid""}"	wiki:redmaw:walkthrough:20260712183803	gameplay-guide:redmaw	lead_only	unknown	redmaw:#redmane-castle:w21-8	The walkthrough records Armorer's Cookbook [4] in its redmane-castle segment; that item name identifies one current AP check in Caelid.	One independently authored walkthrough lead, matched by exact item name inside a declared region bucket. It does not prove a v1.17 event predicate, access requirement, absence of alternate acquisition, or the accuracy of AP's descriptive location suffix.
redmaw-w22-10-check-7771387	check	7771387	identity_region	"{""item_name"":""Clarifying White Cured Meat"",""region"":""Siofra River""}"	wiki:redmaw:walkthrough:20260712183803	gameplay-guide:redmaw	lead_only	unknown	redmaw:#nokron:w22-10	The walkthrough records Clarifying White Cured Meat in its nokron segment; that item name identifies one current AP check in Siofra River.	One independently authored walkthrough lead, matched by exact item name inside a declared region bucket. It does not prove a v1.17 event predicate, access requirement, absence of alternate acquisition, or the accuracy of AP's descriptive location suffix.
redmaw-w22-12-check-7771389	check	7771389	identity_region	"{""item_name"":""Ghost-Glovewort Picker's Bell Bearing [1]"",""region"":""Siofra River""}"	wiki:redmaw:walkthrough:20260712183803	gameplay-guide:redmaw	lead_only	unknown	redmaw:#nokron:w22-12	The walkthrough records Ghost-Glovewort Picker's Bell Bearing [1] in its nokron segment; that item name identifies one current AP check in Siofra River.	One independently authored walkthrough lead, matched by exact item name inside a declared region bucket. It does not prove a v1.17 event predicate, access requirement, absence of alternate acquisition, or the accuracy of AP's descriptive location suffix.
redmaw-w22-13-check-7771391	check	7771391	identity_region	"{""item_name"":""Somber Smithing Stone [4]"",""region"":""Siofra River""}"	wiki:redmaw:walkthrough:20260712183803	gameplay-guide:redmaw	lead_only	unknown	redmaw:#nokron:w22-13	The walkthrough records Somber Smithing Stone [4] in its nokron segment; that item name identifies one current AP check in Siofra River.	One independently authored walkthrough lead, matched by exact item name inside a declared region bucket. It does not prove a v1.17 event predicate, access requirement, absence of alternate acquisition, or the accuracy of AP's descriptive location suffix.
redmaw-w22-14-check-7771393	check	7771393	identity_region	"{""item_name"":""Greatshield Soldier Ashes"",""region"":""Siofra River""}"	wiki:redmaw:walkthrough:20260712183803	gameplay-guide:redmaw	lead_only	unknown	redmaw:#nokron:w22-14	The walkthrough records Greatshield Soldier Ashes in its nokron segment; that item name identifies one current AP check in Siofra River.	One independently authored walkthrough lead, matched by exact item name inside a declared region bucket. It does not prove a v1.17 event predicate, access requirement, absence of alternate acquisition, or the accuracy of AP's descriptive location suffix.
redmaw-w22-21-check-7900123	check	7900123	identity_region	"{""item_name"":""Silver Tear Mask"",""region"":""Siofra River""}"	wiki:redmaw:walkthrough:20260712183803	gameplay-guide:redmaw	lead_only	unknown	redmaw:#nokron:w22-21	The walkthrough records Silver Tear Mask in its nokron segment; that item name identifies one current AP check in Siofra River.	One independently authored walkthrough lead, matched by exact item name inside a declared region bucket. It does not prove a v1.17 event predicate, access requirement, absence of alternate acquisition, or the accuracy of AP's descriptive location suffix.
redmaw-w22-28-check-7771199	check	7771199	identity_region	"{""item_name"":""Fireproof Dried Liver"",""region"":""Siofra River""}"	wiki:redmaw:walkthrough:20260712183803	gameplay-guide:redmaw	lead_only	unknown	redmaw:#nokron:w22-28	The walkthrough records Fireproof Dried Liver in its nokron segment; that item name identifies one current AP check in Siofra River.	One independently authored walkthrough lead, matched by exact item name inside a declared region bucket. It does not prove a v1.17 event predicate, access requirement, absence of alternate acquisition, or the accuracy of AP's descriptive location suffix.
redmaw-w22-31-check-7771229	check	7771229	identity_region	"{""item_name"":""Rejuvenating Boluses"",""region"":""Siofra River""}"	wiki:redmaw:walkthrough:20260712183803	gameplay-guide:redmaw	lead_only	unknown	redmaw:#nokron:w22-31	The walkthrough records Rejuvenating Boluses in its nokron segment; that item name identifies one current AP check in Siofra River.	One independently authored walkthrough lead, matched by exact item name inside a declared region bucket. It does not prove a v1.17 event predicate, access requirement, absence of alternate acquisition, or the accuracy of AP's descriptive location suffix.
redmaw-w22-35-check-7770045	check	7770045	identity_region	"{""item_name"":""Black Whetblade"",""region"":""Siofra River""}"	wiki:redmaw:walkthrough:20260712183803	gameplay-guide:redmaw	lead_only	unknown	redmaw:#nokron:w22-35	The walkthrough records Black Whetblade in its nokron segment; that item name identifies one current AP check in Siofra River.	One independently authored walkthrough lead, matched by exact item name inside a declared region bucket. It does not prove a v1.17 event predicate, access requirement, absence of alternate acquisition, or the accuracy of AP's descriptive location suffix.
redmaw-w22-36-check-7771232	check	7771232	identity_region	"{""item_name"":""Mimic Tear Ashes"",""region"":""Siofra River""}"	wiki:redmaw:walkthrough:20260712183803	gameplay-guide:redmaw	lead_only	unknown	redmaw:#nokron:w22-36	The walkthrough records Mimic Tear Ashes in its nokron segment; that item name identifies one current AP check in Siofra River.	One independently authored walkthrough lead, matched by exact item name inside a declared region bucket. It does not prove a v1.17 event predicate, access requirement, absence of alternate acquisition, or the accuracy of AP's descriptive location suffix.
redmaw-w22-37-check-7771235	check	7771235	identity_region	"{""item_name"":""Nox Flowing Hammer"",""region"":""Siofra River""}"	wiki:redmaw:walkthrough:20260712183803	gameplay-guide:redmaw	lead_only	unknown	redmaw:#nokron:w22-37	The walkthrough records Nox Flowing Hammer in its nokron segment; that item name identifies one current AP check in Siofra River.	One independently authored walkthrough lead, matched by exact item name inside a declared region bucket. It does not prove a v1.17 event predicate, access requirement, absence of alternate acquisition, or the accuracy of AP's descriptive location suffix.
redmaw-w22-41-check-7771152	check	7771152	identity_region	"{""item_name"":""Fingerslayer Blade"",""region"":""Siofra River""}"	wiki:redmaw:walkthrough:20260712183803	gameplay-guide:redmaw	lead_only	unknown	redmaw:#nokron:w22-41	The walkthrough records Fingerslayer Blade in its nokron segment; that item name identifies one current AP check in Siofra River.	One independently authored walkthrough lead, matched by exact item name inside a declared region bucket. It does not prove a v1.17 event predicate, access requirement, absence of alternate acquisition, or the accuracy of AP's descriptive location suffix.
redmaw-w22-45-check-7770783	check	7770783	identity_region	"{""item_name"":""Ash of War: Enchanted Shot"",""region"":""Siofra River""}"	wiki:redmaw:walkthrough:20260712183803	gameplay-guide:redmaw	lead_only	unknown	redmaw:#nokron:w22-45	The walkthrough records Ash of War: Enchanted Shot in its nokron segment; that item name identifies one current AP check in Siofra River.	One independently authored walkthrough lead, matched by exact item name inside a declared region bucket. It does not prove a v1.17 event predicate, access requirement, absence of alternate acquisition, or the accuracy of AP's descriptive location suffix.
redmaw-w22-46-check-7771214	check	7771214	identity_region	"{""item_name"":""Golden Rune [12]"",""region"":""Siofra River""}"	wiki:redmaw:walkthrough:20260712183803	gameplay-guide:redmaw	lead_only	unknown	redmaw:#nokron:w22-46	The walkthrough records Golden Rune [12] in its nokron segment; that item name identifies one current AP check in Siofra River.	One independently authored walkthrough lead, matched by exact item name inside a declared region bucket. It does not prove a v1.17 event predicate, access requirement, absence of alternate acquisition, or the accuracy of AP's descriptive location suffix.
redmaw-w22-47-check-7771153	check	7771153	identity_region	"{""item_name"":""Ancestral Infant's Head"",""region"":""Siofra River""}"	wiki:redmaw:walkthrough:20260712183803	gameplay-guide:redmaw	lead_only	unknown	redmaw:#nokron:w22-47	The walkthrough records Ancestral Infant's Head in its nokron segment; that item name identifies one current AP check in Siofra River.	One independently authored walkthrough lead, matched by exact item name inside a declared region bucket. It does not prove a v1.17 event predicate, access requirement, absence of alternate acquisition, or the accuracy of AP's descriptive location suffix.
redmaw-w22-5-check-7771399	check	7771399	identity_region	"{""item_name"":""Ghostflame Torch"",""region"":""Siofra River""}"	wiki:redmaw:walkthrough:20260712183803	gameplay-guide:redmaw	lead_only	unknown	redmaw:#nokron:w22-5	The walkthrough records Ghostflame Torch in its nokron segment; that item name identifies one current AP check in Siofra River.	One independently authored walkthrough lead, matched by exact item name inside a declared region bucket. It does not prove a v1.17 event predicate, access requirement, absence of alternate acquisition, or the accuracy of AP's descriptive location suffix.
redmaw-w22-57-check-7771194	check	7771194	identity_region	"{""item_name"":""Clarifying Horn Charm +1"",""region"":""Siofra River""}"	wiki:redmaw:walkthrough:20260712183803	gameplay-guide:redmaw	lead_only	unknown	redmaw:#nokron:w22-57	The walkthrough records Clarifying Horn Charm +1 in its nokron segment; that item name identifies one current AP check in Siofra River.	One independently authored walkthrough lead, matched by exact item name inside a declared region bucket. It does not prove a v1.17 event predicate, access requirement, absence of alternate acquisition, or the accuracy of AP's descriptive location suffix.
redmaw-w22-59-check-7770667	check	7770667	identity_region	"{""item_name"":""Remembrance of the Regal Ancestor"",""region"":""Siofra River""}"	wiki:redmaw:walkthrough:20260712183803	gameplay-guide:redmaw	lead_only	unknown	redmaw:#nokron:w22-59	The walkthrough records Remembrance of the Regal Ancestor in its nokron segment; that item name identifies one current AP check in Siofra River.	One independently authored walkthrough lead, matched by exact item name inside a declared region bucket. It does not prove a v1.17 event predicate, access requirement, absence of alternate acquisition, or the accuracy of AP's descriptive location suffix.
redmaw-w22-61-check-7771207	check	7771207	identity_region	"{""item_name"":""Mottled Necklace +1"",""region"":""Siofra River""}"	wiki:redmaw:walkthrough:20260712183803	gameplay-guide:redmaw	lead_only	unknown	redmaw:#nokron:w22-61	The walkthrough records Mottled Necklace +1 in its nokron segment; that item name identifies one current AP check in Siofra River.	One independently authored walkthrough lead, matched by exact item name inside a declared region bucket. It does not prove a v1.17 event predicate, access requirement, absence of alternate acquisition, or the accuracy of AP's descriptive location suffix.
redmaw-w22-65-check-7771187	check	7771187	identity_region	"{""item_name"":""Crucible Hornshield"",""region"":""Siofra River""}"	wiki:redmaw:walkthrough:20260712183803	gameplay-guide:redmaw	lead_only	unknown	redmaw:#nokron:w22-65	The walkthrough records Crucible Hornshield in its nokron segment; that item name identifies one current AP check in Siofra River.	One independently authored walkthrough lead, matched by exact item name inside a declared region bucket. It does not prove a v1.17 event predicate, access requirement, absence of alternate acquisition, or the accuracy of AP's descriptive location suffix.
redmaw-w22-66-check-7770116	check	7770116	identity_region	"{""item_name"":""Missionary's Cookbook [5]"",""region"":""Siofra River""}"	wiki:redmaw:walkthrough:20260712183803	gameplay-guide:redmaw	lead_only	unknown	redmaw:#nokron:w22-66	The walkthrough records Missionary's Cookbook [5] in its nokron segment; that item name identifies one current AP check in Siofra River.	One independently authored walkthrough lead, matched by exact item name inside a declared region bucket. It does not prove a v1.17 event predicate, access requirement, absence of alternate acquisition, or the accuracy of AP's descriptive location suffix.
redmaw-w22-67-check-7770784	check	7770784	identity_region	"{""item_name"":""Order Healing"",""region"":""Siofra River""}"	wiki:redmaw:walkthrough:20260712183803	gameplay-guide:redmaw	lead_only	unknown	redmaw:#nokron:w22-67	The walkthrough records Order Healing in its nokron segment; that item name identifies one current AP check in Siofra River.	One independently authored walkthrough lead, matched by exact item name inside a declared region bucket. It does not prove a v1.17 event predicate, access requirement, absence of alternate acquisition, or the accuracy of AP's descriptive location suffix.
redmaw-w22-68-check-7771223	check	7771223	identity_region	"{""item_name"":""Golden Rune [13]"",""region"":""Siofra River""}"	wiki:redmaw:walkthrough:20260712183803	gameplay-guide:redmaw	lead_only	unknown	redmaw:#nokron:w22-68	The walkthrough records Golden Rune [13] in its nokron segment; that item name identifies one current AP check in Siofra River.	One independently authored walkthrough lead, matched by exact item name inside a declared region bucket. It does not prove a v1.17 event predicate, access requirement, absence of alternate acquisition, or the accuracy of AP's descriptive location suffix.
redmaw-w22-69-check-7771189	check	7771189	identity_region	"{""item_name"":""Somber Smithing Stone [6]"",""region"":""Siofra River""}"	wiki:redmaw:walkthrough:20260712183803	gameplay-guide:redmaw	lead_only	unknown	redmaw:#nokron:w22-69	The walkthrough records Somber Smithing Stone [6] in its nokron segment; that item name identifies one current AP check in Siofra River.	One independently authored walkthrough lead, matched by exact item name inside a declared region bucket. It does not prove a v1.17 event predicate, access requirement, absence of alternate acquisition, or the accuracy of AP's descriptive location suffix.
redmaw-w22-73-check-7770657	check	7770657	identity_region	"{""item_name"":""Gargoyle's Greatsword"",""region"":""Siofra River""}"	wiki:redmaw:walkthrough:20260712183803	gameplay-guide:redmaw	lead_only	unknown	redmaw:#nokron:w22-73	The walkthrough records Gargoyle's Greatsword in its nokron segment; that item name identifies one current AP check in Siofra River.	One independently authored walkthrough lead, matched by exact item name inside a declared region bucket. It does not prove a v1.17 event predicate, access requirement, absence of alternate acquisition, or the accuracy of AP's descriptive location suffix.
redmaw-w22-73-check-7900118	check	7900118	identity_region	"{""item_name"":""Gargoyle's Twinblade"",""region"":""Siofra River""}"	wiki:redmaw:walkthrough:20260712183803	gameplay-guide:redmaw	lead_only	unknown	redmaw:#nokron:w22-73	The walkthrough records Gargoyle's Twinblade in its nokron segment; that item name identifies one current AP check in Siofra River.	One independently authored walkthrough lead, matched by exact item name inside a declared region bucket. It does not prove a v1.17 event predicate, access requirement, absence of alternate acquisition, or the accuracy of AP's descriptive location suffix.
redmaw-w24-11-check-7771256	check	7771256	identity_region	"{""item_name"":""Golden Rune [6]"",""region"":""Deeproot Depths""}"	wiki:redmaw:walkthrough:20260712183803	gameplay-guide:redmaw	lead_only	unknown	redmaw:#deeproot-depths:w24-11	The walkthrough records Golden Rune [6] in its deeproot-depths segment; that item name identifies one current AP check in Deeproot Depths.	One independently authored walkthrough lead, matched by exact item name inside a declared region bucket. It does not prove a v1.17 event predicate, access requirement, absence of alternate acquisition, or the accuracy of AP's descriptive location suffix.
redmaw-w24-14-check-7771260	check	7771260	identity_region	"{""item_name"":""Dragonwound Grease"",""region"":""Deeproot Depths""}"	wiki:redmaw:walkthrough:20260712183803	gameplay-guide:redmaw	lead_only	unknown	redmaw:#deeproot-depths:w24-14	The walkthrough records Dragonwound Grease in its deeproot-depths segment; that item name identifies one current AP check in Deeproot Depths.	One independently authored walkthrough lead, matched by exact item name inside a declared region bucket. It does not prove a v1.17 event predicate, access requirement, absence of alternate acquisition, or the accuracy of AP's descriptive location suffix.
redmaw-w24-17-check-7771259	check	7771259	identity_region	"{""item_name"":""Ash of War: Vacuum Slice"",""region"":""Deeproot Depths""}"	wiki:redmaw:walkthrough:20260712183803	gameplay-guide:redmaw	lead_only	unknown	redmaw:#deeproot-depths:w24-17	The walkthrough records Ash of War: Vacuum Slice in its deeproot-depths segment; that item name identifies one current AP check in Deeproot Depths.	One independently authored walkthrough lead, matched by exact item name inside a declared region bucket. It does not prove a v1.17 event predicate, access requirement, absence of alternate acquisition, or the accuracy of AP's descriptive location suffix.
redmaw-w24-2-check-7771308	check	7771308	identity_region	"{""item_name"":""Staff of the Avatar"",""region"":""Deeproot Depths""}"	wiki:redmaw:walkthrough:20260712183803	gameplay-guide:redmaw	lead_only	unknown	redmaw:#deeproot-depths:w24-2	The walkthrough records Staff of the Avatar in its deeproot-depths segment; that item name identifies one current AP check in Deeproot Depths.	One independently authored walkthrough lead, matched by exact item name inside a declared region bucket. It does not prove a v1.17 event predicate, access requirement, absence of alternate acquisition, or the accuracy of AP's descriptive location suffix.
redmaw-w24-22-check-7771280	check	7771280	identity_region	"{""item_name"":""Smithing Stone [7]"",""region"":""Deeproot Depths""}"	wiki:redmaw:walkthrough:20260712183803	gameplay-guide:redmaw	lead_only	unknown	redmaw:#deeproot-depths:w24-22	The walkthrough records Smithing Stone [7] in its deeproot-depths segment; that item name identifies one current AP check in Deeproot Depths.	One independently authored walkthrough lead, matched by exact item name inside a declared region bucket. It does not prove a v1.17 event predicate, access requirement, absence of alternate acquisition, or the accuracy of AP's descriptive location suffix.
redmaw-w24-24-check-7771262	check	7771262	identity_region	"{""item_name"":""Golden Rune [1]"",""region"":""Deeproot Depths""}"	wiki:redmaw:walkthrough:20260712183803	gameplay-guide:redmaw	lead_only	unknown	redmaw:#deeproot-depths:w24-24	The walkthrough records Golden Rune [1] in its deeproot-depths segment; that item name identifies one current AP check in Deeproot Depths.	One independently authored walkthrough lead, matched by exact item name inside a declared region bucket. It does not prove a v1.17 event predicate, access requirement, absence of alternate acquisition, or the accuracy of AP's descriptive location suffix.
redmaw-w24-25-check-7771263	check	7771263	identity_region	"{""item_name"":""Prince of Death's Staff"",""region"":""Deeproot Depths""}"	wiki:redmaw:walkthrough:20260712183803	gameplay-guide:redmaw	lead_only	unknown	redmaw:#deeproot-depths:w24-25	The walkthrough records Prince of Death's Staff in its deeproot-depths segment; that item name identifies one current AP check in Deeproot Depths.	One independently authored walkthrough lead, matched by exact item name inside a declared region bucket. It does not prove a v1.17 event predicate, access requirement, absence of alternate acquisition, or the accuracy of AP's descriptive location suffix.
redmaw-w24-29-check-7771285	check	7771285	identity_region	"{""item_name"":""Clarifying Boluses"",""region"":""Deeproot Depths""}"	wiki:redmaw:walkthrough:20260712183803	gameplay-guide:redmaw	lead_only	unknown	redmaw:#deeproot-depths:w24-29	The walkthrough records Clarifying Boluses in its deeproot-depths segment; that item name identifies one current AP check in Deeproot Depths.	One independently authored walkthrough lead, matched by exact item name inside a declared region bucket. It does not prove a v1.17 event predicate, access requirement, absence of alternate acquisition, or the accuracy of AP's descriptive location suffix.
redmaw-w24-29-check-7771289	check	7771289	identity_region	"{""item_name"":""Golden Rune [9]"",""region"":""Deeproot Depths""}"	wiki:redmaw:walkthrough:20260712183803	gameplay-guide:redmaw	lead_only	unknown	redmaw:#deeproot-depths:w24-29	The walkthrough records Golden Rune [9] in its deeproot-depths segment; that item name identifies one current AP check in Deeproot Depths.	One independently authored walkthrough lead, matched by exact item name inside a declared region bucket. It does not prove a v1.17 event predicate, access requirement, absence of alternate acquisition, or the accuracy of AP's descriptive location suffix.
redmaw-w24-3-check-7770786	check	7770786	identity_region	"{""item_name"":""Ash of War: Golden Land"",""region"":""Deeproot Depths""}"	wiki:redmaw:walkthrough:20260712183803	gameplay-guide:redmaw	lead_only	unknown	redmaw:#deeproot-depths:w24-3	The walkthrough records Ash of War: Golden Land in its deeproot-depths segment; that item name identifies one current AP check in Deeproot Depths.	One independently authored walkthrough lead, matched by exact item name inside a declared region bucket. It does not prove a v1.17 event predicate, access requirement, absence of alternate acquisition, or the accuracy of AP's descriptive location suffix.
redmaw-w24-32-check-7771246	check	7771246	identity_region	"{""item_name"":""Stonesword Key"",""region"":""Deeproot Depths""}"	wiki:redmaw:walkthrough:20260712183803	gameplay-guide:redmaw	lead_only	unknown	redmaw:#deeproot-depths:w24-32	The walkthrough records Stonesword Key in its deeproot-depths segment; that item name identifies one current AP check in Deeproot Depths.	One independently authored walkthrough lead, matched by exact item name inside a declared region bucket. It does not prove a v1.17 event predicate, access requirement, absence of alternate acquisition, or the accuracy of AP's descriptive location suffix.
redmaw-w24-33-check-7771307	check	7771307	identity_region	"{""item_name"":""Siluria's Tree"",""region"":""Deeproot Depths""}"	wiki:redmaw:walkthrough:20260712183803	gameplay-guide:redmaw	lead_only	unknown	redmaw:#deeproot-depths:w24-33	The walkthrough records Siluria's Tree in its deeproot-depths segment; that item name identifies one current AP check in Deeproot Depths.	One independently authored walkthrough lead, matched by exact item name inside a declared region bucket. It does not prove a v1.17 event predicate, access requirement, absence of alternate acquisition, or the accuracy of AP's descriptive location suffix.
redmaw-w24-38-check-7771297	check	7771297	identity_region	"{""item_name"":""Mausoleum Soldier Ashes"",""region"":""Deeproot Depths""}"	wiki:redmaw:walkthrough:20260712183803	gameplay-guide:redmaw	lead_only	unknown	redmaw:#deeproot-depths:w24-38	The walkthrough records Mausoleum Soldier Ashes in its deeproot-depths segment; that item name identifies one current AP check in Deeproot Depths.	One independently authored walkthrough lead, matched by exact item name inside a declared region bucket. It does not prove a v1.17 event predicate, access requirement, absence of alternate acquisition, or the accuracy of AP's descriptive location suffix.
redmaw-w24-5-check-7771296	check	7771296	identity_region	"{""item_name"":""Rune Arc"",""region"":""Deeproot Depths""}"	wiki:redmaw:walkthrough:20260712183803	gameplay-guide:redmaw	lead_only	unknown	redmaw:#deeproot-depths:w24-5	The walkthrough records Rune Arc in its deeproot-depths segment; that item name identifies one current AP check in Deeproot Depths.	One independently authored walkthrough lead, matched by exact item name inside a declared region bucket. It does not prove a v1.17 event predicate, access requirement, absence of alternate acquisition, or the accuracy of AP's descriptive location suffix.
redmaw-w24-54-check-7771309	check	7771309	identity_region	"{""item_name"":""Prince of Death's Cyst"",""region"":""Deeproot Depths""}"	wiki:redmaw:walkthrough:20260712183803	gameplay-guide:redmaw	lead_only	unknown	redmaw:#deeproot-depths:w24-54	The walkthrough records Prince of Death's Cyst in its deeproot-depths segment; that item name identifies one current AP check in Deeproot Depths.	One independently authored walkthrough lead, matched by exact item name inside a declared region bucket. It does not prove a v1.17 event predicate, access requirement, absence of alternate acquisition, or the accuracy of AP's descriptive location suffix.
redmaw-w24-56-check-7773798	check	7773798	identity_region	"{""item_name"":""Fia's Mist"",""region"":""Deeproot Depths""}"	wiki:redmaw:walkthrough:20260712183803	gameplay-guide:redmaw	lead_only	unknown	redmaw:#deeproot-depths:w24-56	The walkthrough records Fia's Mist in its deeproot-depths segment; that item name identifies one current AP check in Deeproot Depths.	One independently authored walkthrough lead, matched by exact item name inside a declared region bucket. It does not prove a v1.17 event predicate, access requirement, absence of alternate acquisition, or the accuracy of AP's descriptive location suffix.
redmaw-w24-59-check-7770658	check	7770658	identity_region	"{""item_name"":""Remembrance of the Lichdragon"",""region"":""Deeproot Depths""}"	wiki:redmaw:walkthrough:20260712183803	gameplay-guide:redmaw	lead_only	unknown	redmaw:#deeproot-depths:w24-59	The walkthrough records Remembrance of the Lichdragon in its deeproot-depths segment; that item name identifies one current AP check in Deeproot Depths.	One independently authored walkthrough lead, matched by exact item name inside a declared region bucket. It does not prove a v1.17 event predicate, access requirement, absence of alternate acquisition, or the accuracy of AP's descriptive location suffix.
redmaw-w24-60-check-7770009	check	7770009	identity_region	"{""item_name"":""Mending Rune of the Death-Prince"",""region"":""Deeproot Depths""}"	wiki:redmaw:walkthrough:20260712183803	gameplay-guide:redmaw	lead_only	unknown	redmaw:#deeproot-depths:w24-60	The walkthrough records Mending Rune of the Death-Prince in its deeproot-depths segment; that item name identifies one current AP check in Deeproot Depths.	One independently authored walkthrough lead, matched by exact item name inside a declared region bucket. It does not prove a v1.17 event predicate, access requirement, absence of alternate acquisition, or the accuracy of AP's descriptive location suffix.
redmaw-w24-61-check-7770604	check	7770604	identity_region	"{""item_name"":""Inseparable Sword"",""region"":""Deeproot Depths""}"	wiki:redmaw:walkthrough:20260712183803	gameplay-guide:redmaw	lead_only	unknown	redmaw:#deeproot-depths:w24-61	The walkthrough records Inseparable Sword in its deeproot-depths segment; that item name identifies one current AP check in Deeproot Depths.	One independently authored walkthrough lead, matched by exact item name inside a declared region bucket. It does not prove a v1.17 event predicate, access requirement, absence of alternate acquisition, or the accuracy of AP's descriptive location suffix.
redmaw-w24-7-check-7771253	check	7771253	identity_region	"{""item_name"":""Elden Stars"",""region"":""Deeproot Depths""}"	wiki:redmaw:walkthrough:20260712183803	gameplay-guide:redmaw	lead_only	unknown	redmaw:#deeproot-depths:w24-7	The walkthrough records Elden Stars in its deeproot-depths segment; that item name identifies one current AP check in Deeproot Depths.	One independently authored walkthrough lead, matched by exact item name inside a declared region bucket. It does not prove a v1.17 event predicate, access requirement, absence of alternate acquisition, or the accuracy of AP's descriptive location suffix.
redmaw-w25-12-check-7771094	check	7771094	identity_region	"{""item_name"":""Stimulating Boluses"",""region"":""Ainsel River""}"	wiki:redmaw:walkthrough:20260712183803	gameplay-guide:redmaw	lead_only	unknown	redmaw:#nokstella:w25-12	The walkthrough records Stimulating Boluses in its nokstella segment; that item name identifies one current AP check in Ainsel River.	One independently authored walkthrough lead, matched by exact item name inside a declared region bucket. It does not prove a v1.17 event predicate, access requirement, absence of alternate acquisition, or the accuracy of AP's descriptive location suffix.
redmaw-w25-2-check-7770617	check	7770617	identity_region	"{""item_name"":""Miniature Ranni"",""region"":""Ainsel River""}"	wiki:redmaw:walkthrough:20260712183803	gameplay-guide:redmaw	lead_only	unknown	redmaw:#nokstella:w25-2	The walkthrough records Miniature Ranni in its nokstella segment; that item name identifies one current AP check in Ainsel River.	One independently authored walkthrough lead, matched by exact item name inside a declared region bucket. It does not prove a v1.17 event predicate, access requirement, absence of alternate acquisition, or the accuracy of AP's descriptive location suffix.
redmaw-w25-20-check-7771138	check	7771138	identity_region	"{""item_name"":""Ant's Skull Plate"",""region"":""Ainsel River""}"	wiki:redmaw:walkthrough:20260712183803	gameplay-guide:redmaw	lead_only	unknown	redmaw:#nokstella:w25-20	The walkthrough records Ant's Skull Plate in its nokstella segment; that item name identifies one current AP check in Ainsel River.	One independently authored walkthrough lead, matched by exact item name inside a declared region bucket. It does not prove a v1.17 event predicate, access requirement, absence of alternate acquisition, or the accuracy of AP's descriptive location suffix.
redmaw-w25-22-check-7771140	check	7771140	identity_region	"{""item_name"":""Ghost-Glovewort Picker's Bell Bearing [2]"",""region"":""Ainsel River""}"	wiki:redmaw:walkthrough:20260712183803	gameplay-guide:redmaw	lead_only	unknown	redmaw:#nokstella:w25-22	The walkthrough records Ghost-Glovewort Picker's Bell Bearing [2] in its nokstella segment; that item name identifies one current AP check in Ainsel River.	One independently authored walkthrough lead, matched by exact item name inside a declared region bucket. It does not prove a v1.17 event predicate, access requirement, absence of alternate acquisition, or the accuracy of AP's descriptive location suffix.
redmaw-w25-23-check-7771103	check	7771103	identity_region	"{""item_name"":""Archer Ashes"",""region"":""Ainsel River""}"	wiki:redmaw:walkthrough:20260712183803	gameplay-guide:redmaw	lead_only	unknown	redmaw:#nokstella:w25-23	The walkthrough records Archer Ashes in its nokstella segment; that item name identifies one current AP check in Ainsel River.	One independently authored walkthrough lead, matched by exact item name inside a declared region bucket. It does not prove a v1.17 event predicate, access requirement, absence of alternate acquisition, or the accuracy of AP's descriptive location suffix.
redmaw-w25-27-check-7771142	check	7771142	identity_region	"{""item_name"":""Nightmaiden & Swordstress Puppets"",""region"":""Ainsel River""}"	wiki:redmaw:walkthrough:20260712183803	gameplay-guide:redmaw	lead_only	unknown	redmaw:#nokstella:w25-27	The walkthrough records Nightmaiden & Swordstress Puppets in its nokstella segment; that item name identifies one current AP check in Ainsel River.	One independently authored walkthrough lead, matched by exact item name inside a declared region bucket. It does not prove a v1.17 event predicate, access requirement, absence of alternate acquisition, or the accuracy of AP's descriptive location suffix.
redmaw-w25-34-check-7771136	check	7771136	identity_region	"{""item_name"":""Moon of Nokstella"",""region"":""Ainsel River""}"	wiki:redmaw:walkthrough:20260712183803	gameplay-guide:redmaw	lead_only	unknown	redmaw:#nokstella:w25-34	The walkthrough records Moon of Nokstella in its nokstella segment; that item name identifies one current AP check in Ainsel River.	One independently authored walkthrough lead, matched by exact item name inside a declared region bucket. It does not prove a v1.17 event predicate, access requirement, absence of alternate acquisition, or the accuracy of AP's descriptive location suffix.
redmaw-w25-45-check-7771135	check	7771135	identity_region	"{""item_name"":""Ghost Glovewort [9]"",""region"":""Ainsel River""}"	wiki:redmaw:walkthrough:20260712183803	gameplay-guide:redmaw	lead_only	unknown	redmaw:#nokstella:w25-45	The walkthrough records Ghost Glovewort [9] in its nokstella segment; that item name identifies one current AP check in Ainsel River.	One independently authored walkthrough lead, matched by exact item name inside a declared region bucket. It does not prove a v1.17 event predicate, access requirement, absence of alternate acquisition, or the accuracy of AP's descriptive location suffix.
redmaw-w25-52-check-7773712	check	7773712	identity_region	"{""item_name"":""Discarded Palace Key"",""region"":""Ainsel River""}"	wiki:redmaw:walkthrough:20260712183803	gameplay-guide:redmaw	lead_only	unknown	redmaw:#nokstella:w25-52	The walkthrough records Discarded Palace Key in its nokstella segment; that item name identifies one current AP check in Ainsel River.	One independently authored walkthrough lead, matched by exact item name inside a declared region bucket. It does not prove a v1.17 event predicate, access requirement, absence of alternate acquisition, or the accuracy of AP's descriptive location suffix.
redmaw-w25-8-check-7771111	check	7771111	identity_region	"{""item_name"":""Clayman Ashes"",""region"":""Ainsel River""}"	wiki:redmaw:walkthrough:20260712183803	gameplay-guide:redmaw	lead_only	unknown	redmaw:#nokstella:w25-8	The walkthrough records Clayman Ashes in its nokstella segment; that item name identifies one current AP check in Ainsel River.	One independently authored walkthrough lead, matched by exact item name inside a declared region bucket. It does not prove a v1.17 event predicate, access requirement, absence of alternate acquisition, or the accuracy of AP's descriptive location suffix.
redmaw-w26-10-check-7771086	check	7771086	identity_region	"{""item_name"":""Mushroom Crown"",""region"":""Ainsel River""}"	wiki:redmaw:walkthrough:20260712183803	gameplay-guide:redmaw	lead_only	unknown	redmaw:#lake-of-rot:w26-10	The walkthrough records Mushroom Crown in its lake-of-rot segment; that item name identifies one current AP check in Ainsel River.	One independently authored walkthrough lead, matched by exact item name inside a declared region bucket. It does not prove a v1.17 event predicate, access requirement, absence of alternate acquisition, or the accuracy of AP's descriptive location suffix.
redmaw-w26-12-check-7771051	check	7771051	identity_region	"{""item_name"":""Rot Grease"",""region"":""Ainsel River""}"	wiki:redmaw:walkthrough:20260712183803	gameplay-guide:redmaw	lead_only	unknown	redmaw:#lake-of-rot:w26-12	The walkthrough records Rot Grease in its lake-of-rot segment; that item name identifies one current AP check in Ainsel River.	One independently authored walkthrough lead, matched by exact item name inside a declared region bucket. It does not prove a v1.17 event predicate, access requirement, absence of alternate acquisition, or the accuracy of AP's descriptive location suffix.
redmaw-w26-15-check-7771053	check	7771053	identity_region	"{""item_name"":""Warming Stone"",""region"":""Ainsel River""}"	wiki:redmaw:walkthrough:20260712183803	gameplay-guide:redmaw	lead_only	unknown	redmaw:#lake-of-rot:w26-15	The walkthrough records Warming Stone in its lake-of-rot segment; that item name identifies one current AP check in Ainsel River.	One independently authored walkthrough lead, matched by exact item name inside a declared region bucket. It does not prove a v1.17 event predicate, access requirement, absence of alternate acquisition, or the accuracy of AP's descriptive location suffix.
redmaw-w26-17-check-7771146	check	7771146	identity_region	"{""item_name"":""Alabaster Lord's Sword"",""region"":""Ainsel River""}"	wiki:redmaw:walkthrough:20260712183803	gameplay-guide:redmaw	lead_only	unknown	redmaw:#lake-of-rot:w26-17	The walkthrough records Alabaster Lord's Sword in its lake-of-rot segment; that item name identifies one current AP check in Ainsel River.	One independently authored walkthrough lead, matched by exact item name inside a declared region bucket. It does not prove a v1.17 event predicate, access requirement, absence of alternate acquisition, or the accuracy of AP's descriptive location suffix.
redmaw-w26-18-check-7771048	check	7771048	identity_region	"{""item_name"":""Somber Smithing Stone [9]"",""region"":""Ainsel River""}"	wiki:redmaw:walkthrough:20260712183803	gameplay-guide:redmaw	lead_only	unknown	redmaw:#lake-of-rot:w26-18	The walkthrough records Somber Smithing Stone [9] in its lake-of-rot segment; that item name identifies one current AP check in Ainsel River.	One independently authored walkthrough lead, matched by exact item name inside a declared region bucket. It does not prove a v1.17 event predicate, access requirement, absence of alternate acquisition, or the accuracy of AP's descriptive location suffix.
redmaw-w26-2-check-7771077	check	7771077	identity_region	"{""item_name"":""Aeonian Butterfly"",""region"":""Ainsel River""}"	wiki:redmaw:walkthrough:20260712183803	gameplay-guide:redmaw	lead_only	unknown	redmaw:#lake-of-rot:w26-2	The walkthrough records Aeonian Butterfly in its lake-of-rot segment; that item name identifies one current AP check in Ainsel River.	One independently authored walkthrough lead, matched by exact item name inside a declared region bucket. It does not prove a v1.17 event predicate, access requirement, absence of alternate acquisition, or the accuracy of AP's descriptive location suffix.
redmaw-w26-20-check-7771087	check	7771087	identity_region	"{""item_name"":""Preserving Boluses"",""region"":""Ainsel River""}"	wiki:redmaw:walkthrough:20260712183803	gameplay-guide:redmaw	lead_only	unknown	redmaw:#lake-of-rot:w26-20	The walkthrough records Preserving Boluses in its lake-of-rot segment; that item name identifies one current AP check in Ainsel River.	One independently authored walkthrough lead, matched by exact item name inside a declared region bucket. It does not prove a v1.17 event predicate, access requirement, absence of alternate acquisition, or the accuracy of AP's descriptive location suffix.
redmaw-w26-21-check-7770126	check	7770126	identity_region	"{""item_name"":""Nomadic Warrior's Cookbook [22]"",""region"":""Ainsel River""}"	wiki:redmaw:walkthrough:20260712183803	gameplay-guide:redmaw	lead_only	unknown	redmaw:#lake-of-rot:w26-21	The walkthrough records Nomadic Warrior's Cookbook [22] in its lake-of-rot segment; that item name identifies one current AP check in Ainsel River.	One independently authored walkthrough lead, matched by exact item name inside a declared region bucket. It does not prove a v1.17 event predicate, access requirement, absence of alternate acquisition, or the accuracy of AP's descriptive location suffix.
redmaw-w26-26-check-7771126	check	7771126	identity_region	"{""item_name"":""Smithing Stone [7]"",""region"":""Ainsel River""}"	wiki:redmaw:walkthrough:20260712183803	gameplay-guide:redmaw	lead_only	unknown	redmaw:#lake-of-rot:w26-26	The walkthrough records Smithing Stone [7] in its lake-of-rot segment; that item name identifies one current AP check in Ainsel River.	One independently authored walkthrough lead, matched by exact item name inside a declared region bucket. It does not prove a v1.17 event predicate, access requirement, absence of alternate acquisition, or the accuracy of AP's descriptive location suffix.
redmaw-w26-28-check-7771132	check	7771132	identity_region	"{""item_name"":""Scorpion's Stinger"",""region"":""Ainsel River""}"	wiki:redmaw:walkthrough:20260712183803	gameplay-guide:redmaw	lead_only	unknown	redmaw:#lake-of-rot:w26-28	The walkthrough records Scorpion's Stinger in its lake-of-rot segment; that item name identifies one current AP check in Ainsel River.	One independently authored walkthrough lead, matched by exact item name inside a declared region bucket. It does not prove a v1.17 event predicate, access requirement, absence of alternate acquisition, or the accuracy of AP's descriptive location suffix.
redmaw-w26-29-check-7770656	check	7770656	identity_region	"{""item_name"":""Remembrance of the Naturalborn"",""region"":""Ainsel River""}"	wiki:redmaw:walkthrough:20260712183803	gameplay-guide:redmaw	lead_only	unknown	redmaw:#lake-of-rot:w26-29	The walkthrough records Remembrance of the Naturalborn in its lake-of-rot segment; that item name identifies one current AP check in Ainsel River.	One independently authored walkthrough lead, matched by exact item name inside a declared region bucket. It does not prove a v1.17 event predicate, access requirement, absence of alternate acquisition, or the accuracy of AP's descriptive location suffix.
redmaw-w26-5-check-7771085	check	7771085	identity_region	"{""item_name"":""Golden Rune [9]"",""region"":""Ainsel River""}"	wiki:redmaw:walkthrough:20260712183803	gameplay-guide:redmaw	lead_only	unknown	redmaw:#lake-of-rot:w26-5	The walkthrough records Golden Rune [9] in its lake-of-rot segment; that item name identifies one current AP check in Ainsel River.	One independently authored walkthrough lead, matched by exact item name inside a declared region bucket. It does not prove a v1.17 event predicate, access requirement, absence of alternate acquisition, or the accuracy of AP's descriptive location suffix.
redmaw-w26-6-check-7771143	check	7771143	identity_region	"{""item_name"":""Immunizing Horn Charm +1"",""region"":""Ainsel River""}"	wiki:redmaw:walkthrough:20260712183803	gameplay-guide:redmaw	lead_only	unknown	redmaw:#lake-of-rot:w26-6	The walkthrough records Immunizing Horn Charm +1 in its lake-of-rot segment; that item name identifies one current AP check in Ainsel River.	One independently authored walkthrough lead, matched by exact item name inside a declared region bucket. It does not prove a v1.17 event predicate, access requirement, absence of alternate acquisition, or the accuracy of AP's descriptive location suffix.
redmaw-w26-7-check-7770715	check	7770715	identity_region	"{""item_name"":""Dragonscale Blade"",""region"":""Ainsel River""}"	wiki:redmaw:walkthrough:20260712183803	gameplay-guide:redmaw	lead_only	unknown	redmaw:#lake-of-rot:w26-7	The walkthrough records Dragonscale Blade in its lake-of-rot segment; that item name identifies one current AP check in Ainsel River.	One independently authored walkthrough lead, matched by exact item name inside a declared region bucket. It does not prove a v1.17 event predicate, access requirement, absence of alternate acquisition, or the accuracy of AP's descriptive location suffix.
redmaw-w26-8-check-7771054	check	7771054	identity_region	"{""item_name"":""Lightningproof Dried Liver"",""region"":""Ainsel River""}"	wiki:redmaw:walkthrough:20260712183803	gameplay-guide:redmaw	lead_only	unknown	redmaw:#lake-of-rot:w26-8	The walkthrough records Lightningproof Dried Liver in its lake-of-rot segment; that item name identifies one current AP check in Ainsel River.	One independently authored walkthrough lead, matched by exact item name inside a declared region bucket. It does not prove a v1.17 event predicate, access requirement, absence of alternate acquisition, or the accuracy of AP's descriptive location suffix.
redmaw-w27-10-check-7900144	check	7900144	identity_region	"{""item_name"":""Adula's Moonblade"",""region"":""Liurnia""}"	wiki:redmaw:walkthrough:20260712183803	gameplay-guide:redmaw	lead_only	unknown	redmaw:#moonlight-altar:w27-10	The walkthrough records Adula's Moonblade in its moonlight-altar segment; that item name identifies one current AP check in Liurnia.	One independently authored walkthrough lead, matched by exact item name inside a declared region bucket. It does not prove a v1.17 event predicate, access requirement, absence of alternate acquisition, or the accuracy of AP's descriptive location suffix.
redmaw-w27-12-check-7772477	check	7772477	identity_region	"{""item_name"":""Golden Rune [9]"",""region"":""Liurnia""}"	wiki:redmaw:walkthrough:20260712183803	gameplay-guide:redmaw	lead_only	unknown	redmaw:#moonlight-altar:w27-12	The walkthrough records Golden Rune [9] in its moonlight-altar segment; that item name identifies one current AP check in Liurnia.	One independently authored walkthrough lead, matched by exact item name inside a declared region bucket. It does not prove a v1.17 event predicate, access requirement, absence of alternate acquisition, or the accuracy of AP's descriptive location suffix.
redmaw-w27-13-check-7772484	check	7772484	identity_region	"{""item_name"":""Somber Smithing Stone [8]"",""region"":""Liurnia""}"	wiki:redmaw:walkthrough:20260712183803	gameplay-guide:redmaw	lead_only	unknown	redmaw:#moonlight-altar:w27-13	The walkthrough records Somber Smithing Stone [8] in its moonlight-altar segment; that item name identifies one current AP check in Liurnia.	One independently authored walkthrough lead, matched by exact item name inside a declared region bucket. It does not prove a v1.17 event predicate, access requirement, absence of alternate acquisition, or the accuracy of AP's descriptive location suffix.
redmaw-w27-17-check-7770704	check	7770704	identity_region	"{""item_name"":""Black Knife Tiche"",""region"":""Liurnia""}"	wiki:redmaw:walkthrough:20260712183803	gameplay-guide:redmaw	lead_only	unknown	redmaw:#moonlight-altar:w27-17	The walkthrough records Black Knife Tiche in its moonlight-altar segment; that item name identifies one current AP check in Liurnia.	One independently authored walkthrough lead, matched by exact item name inside a declared region bucket. It does not prove a v1.17 event predicate, access requirement, absence of alternate acquisition, or the accuracy of AP's descriptive location suffix.
redmaw-w27-25-check-7772466	check	7772466	identity_region	"{""item_name"":""Ranni's Dark Moon"",""region"":""Liurnia""}"	wiki:redmaw:walkthrough:20260712183803	gameplay-guide:redmaw	lead_only	unknown	redmaw:#moonlight-altar:w27-25	The walkthrough records Ranni's Dark Moon in its moonlight-altar segment; that item name identifies one current AP check in Liurnia.	One independently authored walkthrough lead, matched by exact item name inside a declared region bucket. It does not prove a v1.17 event predicate, access requirement, absence of alternate acquisition, or the accuracy of AP's descriptive location suffix.
redmaw-w27-26-check-7770616	check	7770616	identity_region	"{""item_name"":""Dark Moon Greatsword"",""region"":""Liurnia""}"	wiki:redmaw:walkthrough:20260712183803	gameplay-guide:redmaw	lead_only	unknown	redmaw:#moonlight-altar:w27-26	The walkthrough records Dark Moon Greatsword in its moonlight-altar segment; that item name identifies one current AP check in Liurnia.	One independently authored walkthrough lead, matched by exact item name inside a declared region bucket. It does not prove a v1.17 event predicate, access requirement, absence of alternate acquisition, or the accuracy of AP's descriptive location suffix.
redmaw-w27-28-check-7773711	check	7773711	identity_region	"{""item_name"":""Royal Greatsword"",""region"":""Liurnia""}"	wiki:redmaw:walkthrough:20260712183803	gameplay-guide:redmaw	lead_only	unknown	redmaw:#moonlight-altar:w27-28	The walkthrough records Royal Greatsword in its moonlight-altar segment; that item name identifies one current AP check in Liurnia.	One independently authored walkthrough lead, matched by exact item name inside a declared region bucket. It does not prove a v1.17 event predicate, access requirement, absence of alternate acquisition, or the accuracy of AP's descriptive location suffix.
redmaw-w27-29-check-7770585	check	7770585	identity_region	"{""item_name"":""Iji's Bell Bearing"",""region"":""Liurnia""}"	wiki:redmaw:walkthrough:20260712183803	gameplay-guide:redmaw	lead_only	unknown	redmaw:#moonlight-altar:w27-29	The walkthrough records Iji's Bell Bearing in its moonlight-altar segment; that item name identifies one current AP check in Liurnia.	One independently authored walkthrough lead, matched by exact item name inside a declared region bucket. It does not prove a v1.17 event predicate, access requirement, absence of alternate acquisition, or the accuracy of AP's descriptive location suffix.
redmaw-w27-29-check-7770586	check	7770586	identity_region	"{""item_name"":""Iji's Mirrorhelm"",""region"":""Liurnia""}"	wiki:redmaw:walkthrough:20260712183803	gameplay-guide:redmaw	lead_only	unknown	redmaw:#moonlight-altar:w27-29	The walkthrough records Iji's Mirrorhelm in its moonlight-altar segment; that item name identifies one current AP check in Liurnia.	One independently authored walkthrough lead, matched by exact item name inside a declared region bucket. It does not prove a v1.17 event predicate, access requirement, absence of alternate acquisition, or the accuracy of AP's descriptive location suffix.
redmaw-w27-4-check-7772527	check	7772527	identity_region	"{""item_name"":""Golden Rune [10]"",""region"":""Liurnia""}"	wiki:redmaw:walkthrough:20260712183803	gameplay-guide:redmaw	lead_only	unknown	redmaw:#moonlight-altar:w27-4	The walkthrough records Golden Rune [10] in its moonlight-altar segment; that item name identifies one current AP check in Liurnia.	One independently authored walkthrough lead, matched by exact item name inside a declared region bucket. It does not prove a v1.17 event predicate, access requirement, absence of alternate acquisition, or the accuracy of AP's descriptive location suffix.
redmaw-w27-5-check-7772529	check	7772529	identity_region	"{""item_name"":""Cerulean Amber Medallion +2"",""region"":""Liurnia""}"	wiki:redmaw:walkthrough:20260712183803	gameplay-guide:redmaw	lead_only	unknown	redmaw:#moonlight-altar:w27-5	The walkthrough records Cerulean Amber Medallion +2 in its moonlight-altar segment; that item name identifies one current AP check in Liurnia.	One independently authored walkthrough lead, matched by exact item name inside a declared region bucket. It does not prove a v1.17 event predicate, access requirement, absence of alternate acquisition, or the accuracy of AP's descriptive location suffix.
redmaw-w28-14-check-7772080	check	7772080	identity_region	"{""item_name"":""Winged Misbegotten Ashes"",""region"":""Altus""}"	wiki:redmaw:walkthrough:20260712183803	gameplay-guide:redmaw	lead_only	unknown	redmaw:#west-altus:w28-14	The walkthrough records Winged Misbegotten Ashes in its west-altus segment; that item name identifies one current AP check in Altus.	One independently authored walkthrough lead, matched by exact item name inside a declared region bucket. It does not prove a v1.17 event predicate, access requirement, absence of alternate acquisition, or the accuracy of AP's descriptive location suffix.
redmaw-w28-16-check-7772081	check	7772081	identity_region	"{""item_name"":""Prattling Pate \""Apologies\"""",""region"":""Altus""}"	wiki:redmaw:walkthrough:20260712183803	gameplay-guide:redmaw	lead_only	unknown	redmaw:#west-altus:w28-16	"The walkthrough records Prattling Pate ""Apologies"" in its west-altus segment; that item name identifies one current AP check in Altus."	One independently authored walkthrough lead, matched by exact item name inside a declared region bucket. It does not prove a v1.17 event predicate, access requirement, absence of alternate acquisition, or the accuracy of AP's descriptive location suffix.
redmaw-w28-17-check-7773813	check	7773813	identity_region	"{""item_name"":""Perfumer Tricia"",""region"":""Altus""}"	wiki:redmaw:walkthrough:20260712183803	gameplay-guide:redmaw	lead_only	unknown	redmaw:#west-altus:w28-17	The walkthrough records Perfumer Tricia in its west-altus segment; that item name identifies one current AP check in Altus.	One independently authored walkthrough lead, matched by exact item name inside a declared region bucket. It does not prove a v1.17 event predicate, access requirement, absence of alternate acquisition, or the accuracy of AP's descriptive location suffix.
redmaw-w28-2-check-7770755	check	7770755	identity_region	"{""item_name"":""Ash of War: Sacred Order"",""region"":""Altus""}"	wiki:redmaw:walkthrough:20260712183803	gameplay-guide:redmaw	lead_only	unknown	redmaw:#west-altus:w28-2	The walkthrough records Ash of War: Sacred Order in its west-altus segment; that item name identifies one current AP check in Altus.	One independently authored walkthrough lead, matched by exact item name inside a declared region bucket. It does not prove a v1.17 event predicate, access requirement, absence of alternate acquisition, or the accuracy of AP's descriptive location suffix.
redmaw-w28-23-check-7772203	check	7772203	identity_region	"{""item_name"":""Candletree Wooden Shield"",""region"":""Altus""}"	wiki:redmaw:walkthrough:20260712183803	gameplay-guide:redmaw	lead_only	unknown	redmaw:#west-altus:w28-23	The walkthrough records Candletree Wooden Shield in its west-altus segment; that item name identifies one current AP check in Altus.	One independently authored walkthrough lead, matched by exact item name inside a declared region bucket. It does not prove a v1.17 event predicate, access requirement, absence of alternate acquisition, or the accuracy of AP's descriptive location suffix.
redmaw-w28-23-check-7772205	check	7772205	identity_region	"{""item_name"":""Black Hood"",""region"":""Altus""}"	wiki:redmaw:walkthrough:20260712183803	gameplay-guide:redmaw	lead_only	unknown	redmaw:#west-altus:w28-23	The walkthrough records Black Hood in its west-altus segment; that item name identifies one current AP check in Altus.	One independently authored walkthrough lead, matched by exact item name inside a declared region bucket. It does not prove a v1.17 event predicate, access requirement, absence of alternate acquisition, or the accuracy of AP's descriptive location suffix.
redmaw-w28-25-check-7772209	check	7772209	identity_region	"{""item_name"":""Raptor Talons"",""region"":""Altus""}"	wiki:redmaw:walkthrough:20260712183803	gameplay-guide:redmaw	lead_only	unknown	redmaw:#west-altus:w28-25	The walkthrough records Raptor Talons in its west-altus segment; that item name identifies one current AP check in Altus.	One independently authored walkthrough lead, matched by exact item name inside a declared region bucket. It does not prove a v1.17 event predicate, access requirement, absence of alternate acquisition, or the accuracy of AP's descriptive location suffix.
redmaw-w28-26-check-7772211	check	7772211	identity_region	"{""item_name"":""Raptor's Black Feathers"",""region"":""Altus""}"	wiki:redmaw:walkthrough:20260712183803	gameplay-guide:redmaw	lead_only	unknown	redmaw:#west-altus:w28-26	The walkthrough records Raptor's Black Feathers in its west-altus segment; that item name identifies one current AP check in Altus.	One independently authored walkthrough lead, matched by exact item name inside a declared region bucket. It does not prove a v1.17 event predicate, access requirement, absence of alternate acquisition, or the accuracy of AP's descriptive location suffix.
redmaw-w28-26-check-7772212	check	7772212	identity_region	"{""item_name"":""Skeletal Mask"",""region"":""Altus""}"	wiki:redmaw:walkthrough:20260712183803	gameplay-guide:redmaw	lead_only	unknown	redmaw:#west-altus:w28-26	The walkthrough records Skeletal Mask in its west-altus segment; that item name identifies one current AP check in Altus.	One independently authored walkthrough lead, matched by exact item name inside a declared region bucket. It does not prove a v1.17 event predicate, access requirement, absence of alternate acquisition, or the accuracy of AP's descriptive location suffix.
redmaw-w28-27-check-7773838	check	7773838	identity_region	"{""item_name"":""Family Heads"",""region"":""Altus""}"	wiki:redmaw:walkthrough:20260712183803	gameplay-guide:redmaw	lead_only	unknown	redmaw:#west-altus:w28-27	The walkthrough records Family Heads in its west-altus segment; that item name identifies one current AP check in Altus.	One independently authored walkthrough lead, matched by exact item name inside a declared region bucket. It does not prove a v1.17 event predicate, access requirement, absence of alternate acquisition, or the accuracy of AP's descriptive location suffix.
redmaw-w28-28-check-7773831	check	7773831	identity_region	"{""item_name"":""Concealing Veil"",""region"":""Altus""}"	wiki:redmaw:walkthrough:20260712183803	gameplay-guide:redmaw	lead_only	unknown	redmaw:#west-altus:w28-28	The walkthrough records Concealing Veil in its west-altus segment; that item name identifies one current AP check in Altus.	One independently authored walkthrough lead, matched by exact item name inside a declared region bucket. It does not prove a v1.17 event predicate, access requirement, absence of alternate acquisition, or the accuracy of AP's descriptive location suffix.
redmaw-w28-39-check-7774231	check	7774231	identity_region	"{""item_name"":""Greatshield Talisman"",""region"":""Altus""}"	wiki:redmaw:walkthrough:20260712183803	gameplay-guide:redmaw	lead_only	unknown	redmaw:#west-altus:w28-39	The walkthrough records Greatshield Talisman in its west-altus segment; that item name identifies one current AP check in Altus.	One independently authored walkthrough lead, matched by exact item name inside a declared region bucket. It does not prove a v1.17 event predicate, access requirement, absence of alternate acquisition, or the accuracy of AP's descriptive location suffix.
redmaw-w28-39-check-7774237	check	7774237	identity_region	"{""item_name"":""Troll's Golden Sword"",""region"":""Altus""}"	wiki:redmaw:walkthrough:20260712183803	gameplay-guide:redmaw	lead_only	unknown	redmaw:#west-altus:w28-39	The walkthrough records Troll's Golden Sword in its west-altus segment; that item name identifies one current AP check in Altus.	One independently authored walkthrough lead, matched by exact item name inside a declared region bucket. It does not prove a v1.17 event predicate, access requirement, absence of alternate acquisition, or the accuracy of AP's descriptive location suffix.
redmaw-w28-42-check-7772739	check	7772739	identity_region	"{""item_name"":""Sacrificial Twig"",""region"":""Altus""}"	wiki:redmaw:walkthrough:20260712183803	gameplay-guide:redmaw	lead_only	unknown	redmaw:#west-altus:w28-42	The walkthrough records Sacrificial Twig in its west-altus segment; that item name identifies one current AP check in Altus.	One independently authored walkthrough lead, matched by exact item name inside a declared region bucket. It does not prove a v1.17 event predicate, access requirement, absence of alternate acquisition, or the accuracy of AP's descriptive location suffix.
redmaw-w28-44-check-7772737	check	7772737	identity_region	"{""item_name"":""Godfrey Icon"",""region"":""Altus""}"	wiki:redmaw:walkthrough:20260712183803	gameplay-guide:redmaw	lead_only	unknown	redmaw:#west-altus:w28-44	The walkthrough records Godfrey Icon in its west-altus segment; that item name identifies one current AP check in Altus.	One independently authored walkthrough lead, matched by exact item name inside a declared region bucket. It does not prove a v1.17 event predicate, access requirement, absence of alternate acquisition, or the accuracy of AP's descriptive location suffix.
redmaw-w28-49-check-7770756	check	7770756	identity_region	"{""item_name"":""Ash of War: Shield Crash"",""region"":""Altus""}"	wiki:redmaw:walkthrough:20260712183803	gameplay-guide:redmaw	lead_only	unknown	redmaw:#west-altus:w28-49	The walkthrough records Ash of War: Shield Crash in its west-altus segment; that item name identifies one current AP check in Altus.	One independently authored walkthrough lead, matched by exact item name inside a declared region bucket. It does not prove a v1.17 event predicate, access requirement, absence of alternate acquisition, or the accuracy of AP's descriptive location suffix.
redmaw-w28-51-check-7774233	check	7774233	identity_region	"{""item_name"":""Ritual Sword Talisman"",""region"":""Altus""}"	wiki:redmaw:walkthrough:20260712183803	gameplay-guide:redmaw	lead_only	unknown	redmaw:#west-altus:w28-51	The walkthrough records Ritual Sword Talisman in its west-altus segment; that item name identifies one current AP check in Altus.	One independently authored walkthrough lead, matched by exact item name inside a declared region bucket. It does not prove a v1.17 event predicate, access requirement, absence of alternate acquisition, or the accuracy of AP's descriptive location suffix.
redmaw-w28-67-check-7772051	check	7772051	identity_region	"{""item_name"":""Lightning Scorpion Charm"",""region"":""Altus""}"	wiki:redmaw:walkthrough:20260712183803	gameplay-guide:redmaw	lead_only	unknown	redmaw:#west-altus:w28-67	The walkthrough records Lightning Scorpion Charm in its west-altus segment; that item name identifies one current AP check in Altus.	One independently authored walkthrough lead, matched by exact item name inside a declared region bucket. It does not prove a v1.17 event predicate, access requirement, absence of alternate acquisition, or the accuracy of AP's descriptive location suffix.
redmaw-w28-69-check-7770130	check	7770130	identity_region	"{""item_name"":""Ancient Dragon Apostle's Cookbook [1]"",""region"":""Altus""}"	wiki:redmaw:walkthrough:20260712183803	gameplay-guide:redmaw	lead_only	unknown	redmaw:#west-altus:w28-69	The walkthrough records Ancient Dragon Apostle's Cookbook [1] in its west-altus segment; that item name identifies one current AP check in Altus.	One independently authored walkthrough lead, matched by exact item name inside a declared region bucket. It does not prove a v1.17 event predicate, access requirement, absence of alternate acquisition, or the accuracy of AP's descriptive location suffix.
redmaw-w28-70-check-7773814	check	7773814	identity_region	"{""item_name"":""Glovewort Picker's Bell Bearing [1]"",""region"":""Altus""}"	wiki:redmaw:walkthrough:20260712183803	gameplay-guide:redmaw	lead_only	unknown	redmaw:#west-altus:w28-70	The walkthrough records Glovewort Picker's Bell Bearing [1] in its west-altus segment; that item name identifies one current AP check in Altus.	One independently authored walkthrough lead, matched by exact item name inside a declared region bucket. It does not prove a v1.17 event predicate, access requirement, absence of alternate acquisition, or the accuracy of AP's descriptive location suffix.
redmaw-w28-76-check-7770758	check	7770758	identity_region	"{""item_name"":""Ash of War: Blood Blade"",""region"":""Altus""}"	wiki:redmaw:walkthrough:20260712183803	gameplay-guide:redmaw	lead_only	unknown	redmaw:#west-altus:w28-76	The walkthrough records Ash of War: Blood Blade in its west-altus segment; that item name identifies one current AP check in Altus.	One independently authored walkthrough lead, matched by exact item name inside a declared region bucket. It does not prove a v1.17 event predicate, access requirement, absence of alternate acquisition, or the accuracy of AP's descriptive location suffix.
redmaw-w28-81-check-7772266	check	7772266	identity_region	"{""item_name"":""Stanching Boluses"",""region"":""Altus""}"	wiki:redmaw:walkthrough:20260712183803	gameplay-guide:redmaw	lead_only	unknown	redmaw:#west-altus:w28-81	The walkthrough records Stanching Boluses in its west-altus segment; that item name identifies one current AP check in Altus.	One independently authored walkthrough lead, matched by exact item name inside a declared region bucket. It does not prove a v1.17 event predicate, access requirement, absence of alternate acquisition, or the accuracy of AP's descriptive location suffix.
redmaw-w28-81-check-7772269	check	7772269	identity_region	"{""item_name"":""Boltdrake Talisman +1"",""region"":""Altus""}"	wiki:redmaw:walkthrough:20260712183803	gameplay-guide:redmaw	lead_only	unknown	redmaw:#west-altus:w28-81	The walkthrough records Boltdrake Talisman +1 in its west-altus segment; that item name identifies one current AP check in Altus.	One independently authored walkthrough lead, matched by exact item name inside a declared region bucket. It does not prove a v1.17 event predicate, access requirement, absence of alternate acquisition, or the accuracy of AP's descriptive location suffix.
redmaw-w28-82-check-7772345	check	7772345	identity_region	"{""item_name"":""Somber Smithing Stone [6]"",""region"":""Leyndell""}"	wiki:redmaw:walkthrough:20260712183803	gameplay-guide:redmaw	lead_only	unknown	redmaw:#west-altus:w28-82	The walkthrough records Somber Smithing Stone [6] in its west-altus segment; that item name identifies one current AP check in Leyndell.	One independently authored walkthrough lead, matched by exact item name inside a declared region bucket. It does not prove a v1.17 event predicate, access requirement, absence of alternate acquisition, or the accuracy of AP's descriptive location suffix.
redmaw-w28-86-check-7772267	check	7772267	identity_region	"{""item_name"":""Somber Smithing Stone [4]"",""region"":""Altus""}"	wiki:redmaw:walkthrough:20260712183803	gameplay-guide:redmaw	lead_only	unknown	redmaw:#west-altus:w28-86	The walkthrough records Somber Smithing Stone [4] in its west-altus segment; that item name identifies one current AP check in Altus.	One independently authored walkthrough lead, matched by exact item name inside a declared region bucket. It does not prove a v1.17 event predicate, access requirement, absence of alternate acquisition, or the accuracy of AP's descriptive location suffix.
redmaw-w28-86-check-7772270	check	7772270	identity_region	"{""item_name"":""Troll's Hammer"",""region"":""Altus""}"	wiki:redmaw:walkthrough:20260712183803	gameplay-guide:redmaw	lead_only	unknown	redmaw:#west-altus:w28-86	The walkthrough records Troll's Hammer in its west-altus segment; that item name identifies one current AP check in Altus.	One independently authored walkthrough lead, matched by exact item name inside a declared region bucket. It does not prove a v1.17 event predicate, access requirement, absence of alternate acquisition, or the accuracy of AP's descriptive location suffix.
redmaw-w28-88-check-7773842	check	7773842	identity_region	"{""item_name"":""Great Club"",""region"":""Altus""}"	wiki:redmaw:walkthrough:20260712183803	gameplay-guide:redmaw	lead_only	unknown	redmaw:#west-altus:w28-88	The walkthrough records Great Club in its west-altus segment; that item name identifies one current AP check in Altus.	One independently authored walkthrough lead, matched by exact item name inside a declared region bucket. It does not prove a v1.17 event predicate, access requirement, absence of alternate acquisition, or the accuracy of AP's descriptive location suffix.
redmaw-w28-93-check-7772758	check	7772758	identity_region	"{""item_name"":""Starlight Shards"",""region"":""Altus""}"	wiki:redmaw:walkthrough:20260712183803	gameplay-guide:redmaw	lead_only	unknown	redmaw:#west-altus:w28-93	The walkthrough records Starlight Shards in its west-altus segment; that item name identifies one current AP check in Altus.	One independently authored walkthrough lead, matched by exact item name inside a declared region bucket. It does not prove a v1.17 event predicate, access requirement, absence of alternate acquisition, or the accuracy of AP's descriptive location suffix.
redmaw-w29-14-check-7774277	check	7774277	identity_region	"{""item_name"":""Valkyrie's Prosthesis"",""region"":""Altus""}"	wiki:redmaw:walkthrough:20260712183803	gameplay-guide:redmaw	lead_only	unknown	redmaw:#shaded-castle:w29-14	The walkthrough records Valkyrie's Prosthesis in its shaded-castle segment; that item name identifies one current AP check in Altus.	One independently authored walkthrough lead, matched by exact item name inside a declared region bucket. It does not prove a v1.17 event predicate, access requirement, absence of alternate acquisition, or the accuracy of AP's descriptive location suffix.
redmaw-w29-24-check-7770122	check	7770122	identity_region	"{""item_name"":""Perfumer's Cookbook [2]"",""region"":""Altus""}"	wiki:redmaw:walkthrough:20260712183803	gameplay-guide:redmaw	lead_only	unknown	redmaw:#shaded-castle:w29-24	The walkthrough records Perfumer's Cookbook [2] in its shaded-castle segment; that item name identifies one current AP check in Altus.	One independently authored walkthrough lead, matched by exact item name inside a declared region bucket. It does not prove a v1.17 event predicate, access requirement, absence of alternate acquisition, or the accuracy of AP's descriptive location suffix.
redmaw-w29-28-check-7773804	check	7773804	identity_region	"{""item_name"":""Marais Executioner's Sword"",""region"":""Altus""}"	wiki:redmaw:walkthrough:20260712183803	gameplay-guide:redmaw	lead_only	unknown	redmaw:#shaded-castle:w29-28	The walkthrough records Marais Executioner's Sword in its shaded-castle segment; that item name identifies one current AP check in Altus.	One independently authored walkthrough lead, matched by exact item name inside a declared region bucket. It does not prove a v1.17 event predicate, access requirement, absence of alternate acquisition, or the accuracy of AP's descriptive location suffix.
redmaw-w29-28-check-7900128	check	7900128	identity_region	"{""item_name"":""Briar Greatshield"",""region"":""Altus""}"	wiki:redmaw:walkthrough:20260712183803	gameplay-guide:redmaw	lead_only	unknown	redmaw:#shaded-castle:w29-28	The walkthrough records Briar Greatshield in its shaded-castle segment; that item name identifies one current AP check in Altus.	One independently authored walkthrough lead, matched by exact item name inside a declared region bucket. It does not prove a v1.17 event predicate, access requirement, absence of alternate acquisition, or the accuracy of AP's descriptive location suffix.
redmaw-w29-3-check-7770797	check	7770797	identity_region	"{""item_name"":""\""Champion's Song\"" Painting"",""region"":""Altus""}"	wiki:redmaw:walkthrough:20260712183803	gameplay-guide:redmaw	lead_only	unknown	redmaw:#shaded-castle:w29-3	"The walkthrough records ""Champion's Song"" Painting in its shaded-castle segment; that item name identifies one current AP check in Altus."	One independently authored walkthrough lead, matched by exact item name inside a declared region bucket. It does not prove a v1.17 event predicate, access requirement, absence of alternate acquisition, or the accuracy of AP's descriptive location suffix.
redmaw-w3-10-check-7770106	check	7770106	identity_region	"{""item_name"":""Glintstone Craftsman's Cookbook [1]"",""region"":""Liurnia""}"	wiki:redmaw:walkthrough:20260712183803	gameplay-guide:redmaw	lead_only	unknown	redmaw:#early-liurnia:w3-10	The walkthrough records Glintstone Craftsman's Cookbook [1] in its early-liurnia segment; that item name identifies one current AP check in Liurnia.	One independently authored walkthrough lead, matched by exact item name inside a declared region bucket. It does not prove a v1.17 event predicate, access requirement, absence of alternate acquisition, or the accuracy of AP's descriptive location suffix.
redmaw-w3-16-check-7770110	check	7770110	identity_region	"{""item_name"":""Glintstone Craftsman's Cookbook [2]"",""region"":""Liurnia""}"	wiki:redmaw:walkthrough:20260712183803	gameplay-guide:redmaw	lead_only	unknown	redmaw:#early-liurnia:w3-16	The walkthrough records Glintstone Craftsman's Cookbook [2] in its early-liurnia segment; that item name identifies one current AP check in Liurnia.	One independently authored walkthrough lead, matched by exact item name inside a declared region bucket. It does not prove a v1.17 event predicate, access requirement, absence of alternate acquisition, or the accuracy of AP's descriptive location suffix.
redmaw-w3-29-check-7770258	check	7770258	identity_region	"{""item_name"":""Carian Filigreed Crest"",""region"":""Liurnia""}"	wiki:redmaw:walkthrough:20260712183803	gameplay-guide:redmaw	lead_only	unknown	redmaw:#early-liurnia:w3-29	The walkthrough records Carian Filigreed Crest in its early-liurnia segment; that item name identifies one current AP check in Liurnia.	One independently authored walkthrough lead, matched by exact item name inside a declared region bucket. It does not prove a v1.17 event predicate, access requirement, absence of alternate acquisition, or the accuracy of AP's descriptive location suffix.
redmaw-w3-41-check-7772607	check	7772607	identity_region	"{""item_name"":""Gold Sewing Needle"",""region"":""Liurnia""}"	wiki:redmaw:walkthrough:20260712183803	gameplay-guide:redmaw	lead_only	unknown	redmaw:#early-liurnia:w3-41	The walkthrough records Gold Sewing Needle in its early-liurnia segment; that item name identifies one current AP check in Liurnia.	One independently authored walkthrough lead, matched by exact item name inside a declared region bucket. It does not prove a v1.17 event predicate, access requirement, absence of alternate acquisition, or the accuracy of AP's descriptive location suffix.
redmaw-w3-41-check-7773660	check	7773660	identity_region	"{""item_name"":""Golden Tailoring Tools"",""region"":""Liurnia""}"	wiki:redmaw:walkthrough:20260712183803	gameplay-guide:redmaw	lead_only	unknown	redmaw:#early-liurnia:w3-41	The walkthrough records Golden Tailoring Tools in its early-liurnia segment; that item name identifies one current AP check in Liurnia.	One independently authored walkthrough lead, matched by exact item name inside a declared region bucket. It does not prove a v1.17 event predicate, access requirement, absence of alternate acquisition, or the accuracy of AP's descriptive location suffix.
redmaw-w3-49-check-7773008	check	7773008	identity_region	"{""item_name"":""Crab Eggs"",""region"":""Caelid""}"	wiki:redmaw:walkthrough:20260712183803	gameplay-guide:redmaw	lead_only	unknown	redmaw:#early-liurnia:w3-49	The walkthrough records Crab Eggs in its early-liurnia segment; that item name identifies one current AP check in Caelid.	One independently authored walkthrough lead, matched by exact item name inside a declared region bucket. It does not prove a v1.17 event predicate, access requirement, absence of alternate acquisition, or the accuracy of AP's descriptive location suffix.
redmaw-w3-56-check-7773885	check	7773885	identity_region	"{""item_name"":""Poison Armament"",""region"":""Caelid""}"	wiki:redmaw:walkthrough:20260712183803	gameplay-guide:redmaw	lead_only	unknown	redmaw:#early-liurnia:w3-56	The walkthrough records Poison Armament in its early-liurnia segment; that item name identifies one current AP check in Caelid.	One independently authored walkthrough lead, matched by exact item name inside a declared region bucket. It does not prove a v1.17 event predicate, access requirement, absence of alternate acquisition, or the accuracy of AP's descriptive location suffix.
redmaw-w3-63-check-7773019	check	7773019	identity_region	"{""item_name"":""Rock Sling"",""region"":""Caelid""}"	wiki:redmaw:walkthrough:20260712183803	gameplay-guide:redmaw	lead_only	unknown	redmaw:#early-liurnia:w3-63	The walkthrough records Rock Sling in its early-liurnia segment; that item name identifies one current AP check in Caelid.	One independently authored walkthrough lead, matched by exact item name inside a declared region bucket. It does not prove a v1.17 event predicate, access requirement, absence of alternate acquisition, or the accuracy of AP's descriptive location suffix.
redmaw-w3-67-check-7770772	check	7770772	identity_region	"{""item_name"":""Ash of War: Poisonous Mist"",""region"":""Caelid""}"	wiki:redmaw:walkthrough:20260712183803	gameplay-guide:redmaw	lead_only	unknown	redmaw:#early-liurnia:w3-67	The walkthrough records Ash of War: Poisonous Mist in its early-liurnia segment; that item name identifies one current AP check in Caelid.	One independently authored walkthrough lead, matched by exact item name inside a declared region bucket. It does not prove a v1.17 event predicate, access requirement, absence of alternate acquisition, or the accuracy of AP's descriptive location suffix.
redmaw-w3-77-check-7773882	check	7773882	identity_region	"{""item_name"":""Ash of War: Sacred Ring of Light"",""region"":""Caelid""}"	wiki:redmaw:walkthrough:20260712183803	gameplay-guide:redmaw	lead_only	unknown	redmaw:#early-liurnia:w3-77	The walkthrough records Ash of War: Sacred Ring of Light in its early-liurnia segment; that item name identifies one current AP check in Caelid.	One independently authored walkthrough lead, matched by exact item name inside a declared region bucket. It does not prove a v1.17 event predicate, access requirement, absence of alternate acquisition, or the accuracy of AP's descriptive location suffix.
redmaw-w3-87-check-7773834	check	7773834	identity_region	"{""item_name"":""Gold Scarab"",""region"":""Caelid""}"	wiki:redmaw:walkthrough:20260712183803	gameplay-guide:redmaw	lead_only	unknown	redmaw:#early-liurnia:w3-87	The walkthrough records Gold Scarab in its early-liurnia segment; that item name identifies one current AP check in Caelid.	One independently authored walkthrough lead, matched by exact item name inside a declared region bucket. It does not prove a v1.17 event predicate, access requirement, absence of alternate acquisition, or the accuracy of AP's descriptive location suffix.
redmaw-w3-89-check-7773127	check	7773127	identity_region	"{""item_name"":""Radagon's Soreseal"",""region"":""Caelid""}"	wiki:redmaw:walkthrough:20260712183803	gameplay-guide:redmaw	lead_only	unknown	redmaw:#early-liurnia:w3-89	The walkthrough records Radagon's Soreseal in its early-liurnia segment; that item name identifies one current AP check in Caelid.	One independently authored walkthrough lead, matched by exact item name inside a declared region bucket. It does not prove a v1.17 event predicate, access requirement, absence of alternate acquisition, or the accuracy of AP's descriptive location suffix.
redmaw-w3-89-check-7773128	check	7773128	identity_region	"{""item_name"":""Dectus Medallion (Right)"",""region"":""Caelid""}"	wiki:redmaw:walkthrough:20260712183803	gameplay-guide:redmaw	lead_only	unknown	redmaw:#early-liurnia:w3-89	The walkthrough records Dectus Medallion (Right) in its early-liurnia segment; that item name identifies one current AP check in Caelid.	One independently authored walkthrough lead, matched by exact item name inside a declared region bucket. It does not prove a v1.17 event predicate, access requirement, absence of alternate acquisition, or the accuracy of AP's descriptive location suffix.
redmaw-w3-9-check-7772711	check	7772711	identity_region	"{""item_name"":""Academy Scroll"",""region"":""Liurnia""}"	wiki:redmaw:walkthrough:20260712183803	gameplay-guide:redmaw	lead_only	unknown	redmaw:#early-liurnia:w3-9	The walkthrough records Academy Scroll in its early-liurnia segment; that item name identifies one current AP check in Liurnia.	One independently authored walkthrough lead, matched by exact item name inside a declared region bucket. It does not prove a v1.17 event predicate, access requirement, absence of alternate acquisition, or the accuracy of AP's descriptive location suffix.
redmaw-w3-91-check-7773841	check	7773841	identity_region	"{""item_name"":""Smithing-Stone Miner's Bell Bearing [1]"",""region"":""Liurnia""}"	wiki:redmaw:walkthrough:20260712183803	gameplay-guide:redmaw	lead_only	unknown	redmaw:#early-liurnia:w3-91	The walkthrough records Smithing-Stone Miner's Bell Bearing [1] in its early-liurnia segment; that item name identifies one current AP check in Liurnia.	One independently authored walkthrough lead, matched by exact item name inside a declared region bucket. It does not prove a v1.17 event predicate, access requirement, absence of alternate acquisition, or the accuracy of AP's descriptive location suffix.
redmaw-w30-11-check-7773830	check	7773830	identity_region	"{""item_name"":""Great Omenkiller Cleaver"",""region"":""Altus""}"	wiki:redmaw:walkthrough:20260712183803	gameplay-guide:redmaw	lead_only	unknown	redmaw:#central-altus:w30-11	The walkthrough records Great Omenkiller Cleaver in its central-altus segment; that item name identifies one current AP check in Altus.	One independently authored walkthrough lead, matched by exact item name inside a declared region bucket. It does not prove a v1.17 event predicate, access requirement, absence of alternate acquisition, or the accuracy of AP's descriptive location suffix.
redmaw-w30-13-check-7772741	check	7772741	identity_region	"{""item_name"":""Turtle Neck Meat"",""region"":""Altus""}"	wiki:redmaw:walkthrough:20260712183803	gameplay-guide:redmaw	lead_only	unknown	redmaw:#central-altus:w30-13	The walkthrough records Turtle Neck Meat in its central-altus segment; that item name identifies one current AP check in Altus.	One independently authored walkthrough lead, matched by exact item name inside a declared region bucket. It does not prove a v1.17 event predicate, access requirement, absence of alternate acquisition, or the accuracy of AP's descriptive location suffix.
redmaw-w30-17-check-7770039	check	7770039	identity_region	"{""item_name"":""Purifying Crystal Tear"",""region"":""Altus""}"	wiki:redmaw:walkthrough:20260712183803	gameplay-guide:redmaw	lead_only	unknown	redmaw:#central-altus:w30-17	The walkthrough records Purifying Crystal Tear in its central-altus segment; that item name identifies one current AP check in Altus.	One independently authored walkthrough lead, matched by exact item name inside a declared region bucket. It does not prove a v1.17 event predicate, access requirement, absence of alternate acquisition, or the accuracy of AP's descriptive location suffix.
redmaw-w30-17-check-7774254	check	7774254	identity_region	"{""item_name"":""Eleonora's Poleblade"",""region"":""Altus""}"	wiki:redmaw:walkthrough:20260712183803	gameplay-guide:redmaw	lead_only	unknown	redmaw:#central-altus:w30-17	The walkthrough records Eleonora's Poleblade in its central-altus segment; that item name identifies one current AP check in Altus.	One independently authored walkthrough lead, matched by exact item name inside a declared region bucket. It does not prove a v1.17 event predicate, access requirement, absence of alternate acquisition, or the accuracy of AP's descriptive location suffix.
redmaw-w30-31-check-7770030	check	7770030	identity_region	"{""item_name"":""Speckled Hardtear"",""region"":""Altus""}"	wiki:redmaw:walkthrough:20260712183803	gameplay-guide:redmaw	lead_only	unknown	redmaw:#central-altus:w30-31	The walkthrough records Speckled Hardtear in its central-altus segment; that item name identifies one current AP check in Altus.	One independently authored walkthrough lead, matched by exact item name inside a declared region bucket. It does not prove a v1.17 event predicate, access requirement, absence of alternate acquisition, or the accuracy of AP's descriptive location suffix.
redmaw-w30-31-check-7773663	check	7773663	identity_region	"{""item_name"":""Crimsonspill Crystal Tear"",""region"":""Altus""}"	wiki:redmaw:walkthrough:20260712183803	gameplay-guide:redmaw	lead_only	unknown	redmaw:#central-altus:w30-31	The walkthrough records Crimsonspill Crystal Tear in its central-altus segment; that item name identifies one current AP check in Altus.	One independently authored walkthrough lead, matched by exact item name inside a declared region bucket. It does not prove a v1.17 event predicate, access requirement, absence of alternate acquisition, or the accuracy of AP's descriptive location suffix.
redmaw-w30-32-check-7770087	check	7770087	identity_region	"{""item_name"":""Nomadic Warrior's Cookbook [19]"",""region"":""Altus""}"	wiki:redmaw:walkthrough:20260712183803	gameplay-guide:redmaw	lead_only	unknown	redmaw:#central-altus:w30-32	The walkthrough records Nomadic Warrior's Cookbook [19] in its central-altus segment; that item name identifies one current AP check in Altus.	One independently authored walkthrough lead, matched by exact item name inside a declared region bucket. It does not prove a v1.17 event predicate, access requirement, absence of alternate acquisition, or the accuracy of AP's descriptive location suffix.
redmaw-w30-32-check-7770759	check	7770759	identity_region	"{""item_name"":""Ash of War: Golden Slam"",""region"":""Altus""}"	wiki:redmaw:walkthrough:20260712183803	gameplay-guide:redmaw	lead_only	unknown	redmaw:#central-altus:w30-32	The walkthrough records Ash of War: Golden Slam in its central-altus segment; that item name identifies one current AP check in Altus.	One independently authored walkthrough lead, matched by exact item name inside a declared region bucket. It does not prove a v1.17 event predicate, access requirement, absence of alternate acquisition, or the accuracy of AP's descriptive location suffix.
redmaw-w30-33-check-7774312	check	7774312	identity_region	"{""item_name"":""Icon Shield"",""region"":""Altus""}"	wiki:redmaw:walkthrough:20260712183803	gameplay-guide:redmaw	lead_only	unknown	redmaw:#central-altus:w30-33	The walkthrough records Icon Shield in its central-altus segment; that item name identifies one current AP check in Altus.	One independently authored walkthrough lead, matched by exact item name inside a declared region bucket. It does not prove a v1.17 event predicate, access requirement, absence of alternate acquisition, or the accuracy of AP's descriptive location suffix.
redmaw-w30-35-check-7774311	check	7774311	identity_region	"{""item_name"":""Soft Cotton"",""region"":""Altus""}"	wiki:redmaw:walkthrough:20260712183803	gameplay-guide:redmaw	lead_only	unknown	redmaw:#central-altus:w30-35	The walkthrough records Soft Cotton in its central-altus segment; that item name identifies one current AP check in Altus.	One independently authored walkthrough lead, matched by exact item name inside a declared region bucket. It does not prove a v1.17 event predicate, access requirement, absence of alternate acquisition, or the accuracy of AP's descriptive location suffix.
redmaw-w30-37-check-7774307	check	7774307	identity_region	"{""item_name"":""Wrath of Gold"",""region"":""Altus""}"	wiki:redmaw:walkthrough:20260712183803	gameplay-guide:redmaw	lead_only	unknown	redmaw:#central-altus:w30-37	The walkthrough records Wrath of Gold in its central-altus segment; that item name identifies one current AP check in Altus.	One independently authored walkthrough lead, matched by exact item name inside a declared region bucket. It does not prove a v1.17 event predicate, access requirement, absence of alternate acquisition, or the accuracy of AP's descriptive location suffix.
redmaw-w30-46-check-7772274	check	7772274	identity_region	"{""item_name"":""Arsenal Charm +1"",""region"":""Altus""}"	wiki:redmaw:walkthrough:20260712183803	gameplay-guide:redmaw	lead_only	unknown	redmaw:#central-altus:w30-46	The walkthrough records Arsenal Charm +1 in its central-altus segment; that item name identifies one current AP check in Altus.	One independently authored walkthrough lead, matched by exact item name inside a declared region bucket. It does not prove a v1.17 event predicate, access requirement, absence of alternate acquisition, or the accuracy of AP's descriptive location suffix.
redmaw-w30-48-check-7773844	check	7773844	identity_region	"{""item_name"":""Somberstone Miner's Bell Bearing [2]"",""region"":""Altus""}"	wiki:redmaw:walkthrough:20260712183803	gameplay-guide:redmaw	lead_only	unknown	redmaw:#central-altus:w30-48	The walkthrough records Somberstone Miner's Bell Bearing [2] in its central-altus segment; that item name identifies one current AP check in Altus.	One independently authored walkthrough lead, matched by exact item name inside a declared region bucket. It does not prove a v1.17 event predicate, access requirement, absence of alternate acquisition, or the accuracy of AP's descriptive location suffix.
redmaw-w30-54-check-7772851	check	7772851	identity_region	"{""item_name"":""Celebrant's Skull"",""region"":""Altus""}"	wiki:redmaw:walkthrough:20260712183803	gameplay-guide:redmaw	lead_only	unknown	redmaw:#central-altus:w30-54	The walkthrough records Celebrant's Skull in its central-altus segment; that item name identifies one current AP check in Altus.	One independently authored walkthrough lead, matched by exact item name inside a declared region bucket. It does not prove a v1.17 event predicate, access requirement, absence of alternate acquisition, or the accuracy of AP's descriptive location suffix.
redmaw-w30-57-check-7774332	check	7774332	identity_region	"{""item_name"":""Holyproof Dried Liver"",""region"":""Altus""}"	wiki:redmaw:walkthrough:20260712183803	gameplay-guide:redmaw	lead_only	unknown	redmaw:#central-altus:w30-57	The walkthrough records Holyproof Dried Liver in its central-altus segment; that item name identifies one current AP check in Altus.	One independently authored walkthrough lead, matched by exact item name inside a declared region bucket. It does not prove a v1.17 event predicate, access requirement, absence of alternate acquisition, or the accuracy of AP's descriptive location suffix.
redmaw-w30-61-check-7770708	check	7770708	identity_region	"{""item_name"":""Godskin Peeler"",""region"":""Altus""}"	wiki:redmaw:walkthrough:20260712183803	gameplay-guide:redmaw	lead_only	unknown	redmaw:#central-altus:w30-61	The walkthrough records Godskin Peeler in its central-altus segment; that item name identifies one current AP check in Altus.	One independently authored walkthrough lead, matched by exact item name inside a declared region bucket. It does not prove a v1.17 event predicate, access requirement, absence of alternate acquisition, or the accuracy of AP's descriptive location suffix.
redmaw-w30-61-check-7900146	check	7900146	identity_region	"{""item_name"":""Scouring Black Flame"",""region"":""Altus""}"	wiki:redmaw:walkthrough:20260712183803	gameplay-guide:redmaw	lead_only	unknown	redmaw:#central-altus:w30-61	The walkthrough records Scouring Black Flame in its central-altus segment; that item name identifies one current AP check in Altus.	One independently authored walkthrough lead, matched by exact item name inside a declared region bucket. It does not prove a v1.17 event predicate, access requirement, absence of alternate acquisition, or the accuracy of AP's descriptive location suffix.
redmaw-w30-66-check-7774315	check	7774315	identity_region	"{""item_name"":""Twinned Knight Swords"",""region"":""Altus""}"	wiki:redmaw:walkthrough:20260712183803	gameplay-guide:redmaw	lead_only	unknown	redmaw:#central-altus:w30-66	The walkthrough records Twinned Knight Swords in its central-altus segment; that item name identifies one current AP check in Altus.	One independently authored walkthrough lead, matched by exact item name inside a declared region bucket. It does not prove a v1.17 event predicate, access requirement, absence of alternate acquisition, or the accuracy of AP's descriptive location suffix.
redmaw-w30-67-check-7772778	check	7772778	identity_region	"{""item_name"":""Giant Rat Ashes"",""region"":""Altus""}"	wiki:redmaw:walkthrough:20260712183803	gameplay-guide:redmaw	lead_only	unknown	redmaw:#central-altus:w30-67	The walkthrough records Giant Rat Ashes in its central-altus segment; that item name identifies one current AP check in Altus.	One independently authored walkthrough lead, matched by exact item name inside a declared region bucket. It does not prove a v1.17 event predicate, access requirement, absence of alternate acquisition, or the accuracy of AP's descriptive location suffix.
redmaw-w31-10-check-7772792	check	7772792	identity_region	"{""item_name"":""Golden Rune [8]"",""region"":""Altus""}"	wiki:redmaw:walkthrough:20260712183803	gameplay-guide:redmaw	lead_only	unknown	redmaw:#east-altus:w31-10	The walkthrough records Golden Rune [8] in its east-altus segment; that item name identifies one current AP check in Altus.	One independently authored walkthrough lead, matched by exact item name inside a declared region bucket. It does not prove a v1.17 event predicate, access requirement, absence of alternate acquisition, or the accuracy of AP's descriptive location suffix.
redmaw-w31-12-check-7772798	check	7772798	identity_region	"{""item_name"":""Land Octopus Ovary"",""region"":""Altus""}"	wiki:redmaw:walkthrough:20260712183803	gameplay-guide:redmaw	lead_only	unknown	redmaw:#east-altus:w31-12	The walkthrough records Land Octopus Ovary in its east-altus segment; that item name identifies one current AP check in Altus.	One independently authored walkthrough lead, matched by exact item name inside a declared region bucket. It does not prove a v1.17 event predicate, access requirement, absence of alternate acquisition, or the accuracy of AP's descriptive location suffix.
redmaw-w31-14-check-7770705	check	7770705	identity_region	"{""item_name"":""Lansseax's Glaive"",""region"":""Altus""}"	wiki:redmaw:walkthrough:20260712183803	gameplay-guide:redmaw	lead_only	unknown	redmaw:#east-altus:w31-14	The walkthrough records Lansseax's Glaive in its east-altus segment; that item name identifies one current AP check in Altus.	One independently authored walkthrough lead, matched by exact item name inside a declared region bucket. It does not prove a v1.17 event predicate, access requirement, absence of alternate acquisition, or the accuracy of AP's descriptive location suffix.
redmaw-w31-15-check-7770803	check	7770803	identity_region	"{""item_name"":""Harp Bow"",""region"":""Altus""}"	wiki:redmaw:walkthrough:20260712183803	gameplay-guide:redmaw	lead_only	unknown	redmaw:#east-altus:w31-15	The walkthrough records Harp Bow in its east-altus segment; that item name identifies one current AP check in Altus.	One independently authored walkthrough lead, matched by exact item name inside a declared region bucket. It does not prove a v1.17 event predicate, access requirement, absence of alternate acquisition, or the accuracy of AP's descriptive location suffix.
redmaw-w31-17-check-7770760	check	7770760	identity_region	"{""item_name"":""Ash of War: Lightning Ram"",""region"":""Altus""}"	wiki:redmaw:walkthrough:20260712183803	gameplay-guide:redmaw	lead_only	unknown	redmaw:#east-altus:w31-17	The walkthrough records Ash of War: Lightning Ram in its east-altus segment; that item name identifies one current AP check in Altus.	One independently authored walkthrough lead, matched by exact item name inside a declared region bucket. It does not prove a v1.17 event predicate, access requirement, absence of alternate acquisition, or the accuracy of AP's descriptive location suffix.
redmaw-w31-18-check-7772764	check	7772764	identity_region	"{""item_name"":""Dragonbolt Blessing"",""region"":""Altus""}"	wiki:redmaw:walkthrough:20260712183803	gameplay-guide:redmaw	lead_only	unknown	redmaw:#east-altus:w31-18	The walkthrough records Dragonbolt Blessing in its east-altus segment; that item name identifies one current AP check in Altus.	One independently authored walkthrough lead, matched by exact item name inside a declared region bucket. It does not prove a v1.17 event predicate, access requirement, absence of alternate acquisition, or the accuracy of AP's descriptive location suffix.
redmaw-w31-21-check-7770710	check	7770710	identity_region	"{""item_name"":""Black Knife"",""region"":""Altus""}"	wiki:redmaw:walkthrough:20260712183803	gameplay-guide:redmaw	lead_only	unknown	redmaw:#east-altus:w31-21	The walkthrough records Black Knife in its east-altus segment; that item name identifies one current AP check in Altus.	One independently authored walkthrough lead, matched by exact item name inside a declared region bucket. It does not prove a v1.17 event predicate, access requirement, absence of alternate acquisition, or the accuracy of AP's descriptive location suffix.
redmaw-w31-23-check-7772052	check	7772052	identity_region	"{""item_name"":""Crimson Seed Talisman"",""region"":""Altus""}"	wiki:redmaw:walkthrough:20260712183803	gameplay-guide:redmaw	lead_only	unknown	redmaw:#east-altus:w31-23	The walkthrough records Crimson Seed Talisman in its east-altus segment; that item name identifies one current AP check in Altus.	One independently authored walkthrough lead, matched by exact item name inside a declared region bucket. It does not prove a v1.17 event predicate, access requirement, absence of alternate acquisition, or the accuracy of AP's descriptive location suffix.
redmaw-w31-27-check-7772053	check	7772053	identity_region	"{""item_name"":""Leyndell Soldier Ashes"",""region"":""Altus""}"	wiki:redmaw:walkthrough:20260712183803	gameplay-guide:redmaw	lead_only	unknown	redmaw:#east-altus:w31-27	The walkthrough records Leyndell Soldier Ashes in its east-altus segment; that item name identifies one current AP check in Altus.	One independently authored walkthrough lead, matched by exact item name inside a declared region bucket. It does not prove a v1.17 event predicate, access requirement, absence of alternate acquisition, or the accuracy of AP's descriptive location suffix.
redmaw-w31-29-check-7772054	check	7772054	identity_region	"{""item_name"":""Dragoncrest Shield Talisman +1"",""region"":""Altus""}"	wiki:redmaw:walkthrough:20260712183803	gameplay-guide:redmaw	lead_only	unknown	redmaw:#east-altus:w31-29	The walkthrough records Dragoncrest Shield Talisman +1 in its east-altus segment; that item name identifies one current AP check in Altus.	One independently authored walkthrough lead, matched by exact item name inside a declared region bucket. It does not prove a v1.17 event predicate, access requirement, absence of alternate acquisition, or the accuracy of AP's descriptive location suffix.
redmaw-w31-3-check-7770764	check	7770764	identity_region	"{""item_name"":""Ash of War: Lightning Slash"",""region"":""Altus""}"	wiki:redmaw:walkthrough:20260712183803	gameplay-guide:redmaw	lead_only	unknown	redmaw:#east-altus:w31-3	The walkthrough records Ash of War: Lightning Slash in its east-altus segment; that item name identifies one current AP check in Altus.	One independently authored walkthrough lead, matched by exact item name inside a declared region bucket. It does not prove a v1.17 event predicate, access requirement, absence of alternate acquisition, or the accuracy of AP's descriptive location suffix.
redmaw-w31-34-check-7772056	check	7772056	identity_region	"{""item_name"":""Prattling Pate \""Let's get to it\"""",""region"":""Altus""}"	wiki:redmaw:walkthrough:20260712183803	gameplay-guide:redmaw	lead_only	unknown	redmaw:#east-altus:w31-34	"The walkthrough records Prattling Pate ""Let's get to it"" in its east-altus segment; that item name identifies one current AP check in Altus."	One independently authored walkthrough lead, matched by exact item name inside a declared region bucket. It does not prove a v1.17 event predicate, access requirement, absence of alternate acquisition, or the accuracy of AP's descriptive location suffix.
redmaw-w31-37-check-7773810	check	7773810	identity_region	"{""item_name"":""Ancient Dragon Knight Kristoff"",""region"":""Altus""}"	wiki:redmaw:walkthrough:20260712183803	gameplay-guide:redmaw	lead_only	unknown	redmaw:#east-altus:w31-37	The walkthrough records Ancient Dragon Knight Kristoff in its east-altus segment; that item name identifies one current AP check in Altus.	One independently authored walkthrough lead, matched by exact item name inside a declared region bucket. It does not prove a v1.17 event predicate, access requirement, absence of alternate acquisition, or the accuracy of AP's descriptive location suffix.
redmaw-w31-38-check-7770761	check	7770761	identity_region	"{""item_name"":""Protection of the Erdtree"",""region"":""Altus""}"	wiki:redmaw:walkthrough:20260712183803	gameplay-guide:redmaw	lead_only	unknown	redmaw:#east-altus:w31-38	The walkthrough records Protection of the Erdtree in its east-altus segment; that item name identifies one current AP check in Altus.	One independently authored walkthrough lead, matched by exact item name inside a declared region bucket. It does not prove a v1.17 event predicate, access requirement, absence of alternate acquisition, or the accuracy of AP's descriptive location suffix.
redmaw-w31-42-check-7772777	check	7772777	identity_region	"{""item_name"":""Radiant Gold Mask"",""region"":""Altus""}"	wiki:redmaw:walkthrough:20260712183803	gameplay-guide:redmaw	lead_only	unknown	redmaw:#east-altus:w31-42	The walkthrough records Radiant Gold Mask in its east-altus segment; that item name identifies one current AP check in Altus.	One independently authored walkthrough lead, matched by exact item name inside a declared region bucket. It does not prove a v1.17 event predicate, access requirement, absence of alternate acquisition, or the accuracy of AP's descriptive location suffix.
redmaw-w31-46-check-7772330	check	7772330	identity_region	"{""item_name"":""Furlcalling Finger Remedy"",""region"":""Altus""}"	wiki:redmaw:walkthrough:20260712183803	gameplay-guide:redmaw	lead_only	unknown	redmaw:#east-altus:w31-46	The walkthrough records Furlcalling Finger Remedy in its east-altus segment; that item name identifies one current AP check in Altus.	One independently authored walkthrough lead, matched by exact item name inside a declared region bucket. It does not prove a v1.17 event predicate, access requirement, absence of alternate acquisition, or the accuracy of AP's descriptive location suffix.
redmaw-w31-48-check-7772769	check	7772769	identity_region	"{""item_name"":""Bloody Helice"",""region"":""Altus""}"	wiki:redmaw:walkthrough:20260712183803	gameplay-guide:redmaw	lead_only	unknown	redmaw:#east-altus:w31-48	The walkthrough records Bloody Helice in its east-altus segment; that item name identifies one current AP check in Altus.	One independently authored walkthrough lead, matched by exact item name inside a declared region bucket. It does not prove a v1.17 event predicate, access requirement, absence of alternate acquisition, or the accuracy of AP's descriptive location suffix.
redmaw-w31-5-check-7774336	check	7774336	identity_region	"{""item_name"":""Greatbow"",""region"":""Altus""}"	wiki:redmaw:walkthrough:20260712183803	gameplay-guide:redmaw	lead_only	unknown	redmaw:#east-altus:w31-5	The walkthrough records Greatbow in its east-altus segment; that item name identifies one current AP check in Altus.	One independently authored walkthrough lead, matched by exact item name inside a declared region bucket. It does not prove a v1.17 event predicate, access requirement, absence of alternate acquisition, or the accuracy of AP's descriptive location suffix.
redmaw-w31-8-check-7772900	check	7772900	identity_region	"{""item_name"":""Larval Tear"",""region"":""Altus""}"	wiki:redmaw:walkthrough:20260712183803	gameplay-guide:redmaw	lead_only	unknown	redmaw:#east-altus:w31-8	The walkthrough records Larval Tear in its east-altus segment; that item name identifies one current AP check in Altus.	One independently authored walkthrough lead, matched by exact item name inside a declared region bucket. It does not prove a v1.17 event predicate, access requirement, absence of alternate acquisition, or the accuracy of AP's descriptive location suffix.
redmaw-w32-1-check-7772600	check	7772600	identity_region	"{""item_name"":""Larval Tear"",""region"":""Mt. Gelmir""}"	wiki:redmaw:walkthrough:20260712183803	gameplay-guide:redmaw	lead_only	unknown	redmaw:#mt-gelmir:w32-1	The walkthrough records Larval Tear in its mt-gelmir segment; that item name identifies one current AP check in Mt. Gelmir.	One independently authored walkthrough lead, matched by exact item name inside a declared region bucket. It does not prove a v1.17 event predicate, access requirement, absence of alternate acquisition, or the accuracy of AP's descriptive location suffix.
redmaw-w32-105-check-7772663	check	7772663	identity_region	"{""item_name"":""Scavenger's Curved Sword"",""region"":""Mt. Gelmir""}"	wiki:redmaw:walkthrough:20260712183803	gameplay-guide:redmaw	lead_only	unknown	redmaw:#mt-gelmir:w32-105	The walkthrough records Scavenger's Curved Sword in its mt-gelmir segment; that item name identifies one current AP check in Mt. Gelmir.	One independently authored walkthrough lead, matched by exact item name inside a declared region bucket. It does not prove a v1.17 event predicate, access requirement, absence of alternate acquisition, or the accuracy of AP's descriptive location suffix.
redmaw-w32-113-check-7772156	check	7772156	identity_region	"{""item_name"":""Coil Shield"",""region"":""Mt. Gelmir""}"	wiki:redmaw:walkthrough:20260712183803	gameplay-guide:redmaw	lead_only	unknown	redmaw:#mt-gelmir:w32-113	The walkthrough records Coil Shield in its mt-gelmir segment; that item name identifies one current AP check in Mt. Gelmir.	One independently authored walkthrough lead, matched by exact item name inside a declared region bucket. It does not prove a v1.17 event predicate, access requirement, absence of alternate acquisition, or the accuracy of AP's descriptive location suffix.
redmaw-w32-115-check-7773829	check	7773829	identity_region	"{""item_name"":""Jar Cannon"",""region"":""Mt. Gelmir""}"	wiki:redmaw:walkthrough:20260712183803	gameplay-guide:redmaw	lead_only	unknown	redmaw:#mt-gelmir:w32-115	The walkthrough records Jar Cannon in its mt-gelmir segment; that item name identifies one current AP check in Mt. Gelmir.	One independently authored walkthrough lead, matched by exact item name inside a declared region bucket. It does not prove a v1.17 event predicate, access requirement, absence of alternate acquisition, or the accuracy of AP's descriptive location suffix.
redmaw-w32-117-check-7900147	check	7900147	identity_region	"{""item_name"":""Fallingstar Beast Jaw"",""region"":""Mt. Gelmir""}"	wiki:redmaw:walkthrough:20260712183803	gameplay-guide:redmaw	lead_only	unknown	redmaw:#mt-gelmir:w32-117	The walkthrough records Fallingstar Beast Jaw in its mt-gelmir segment; that item name identifies one current AP check in Mt. Gelmir.	One independently authored walkthrough lead, matched by exact item name inside a declared region bucket. It does not prove a v1.17 event predicate, access requirement, absence of alternate acquisition, or the accuracy of AP's descriptive location suffix.
redmaw-w32-16-check-7772708	check	7772708	identity_region	"{""item_name"":""Pulley Bow"",""region"":""Mt. Gelmir""}"	wiki:redmaw:walkthrough:20260712183803	gameplay-guide:redmaw	lead_only	unknown	redmaw:#mt-gelmir:w32-16	The walkthrough records Pulley Bow in its mt-gelmir segment; that item name identifies one current AP check in Mt. Gelmir.	One independently authored walkthrough lead, matched by exact item name inside a declared region bucket. It does not prove a v1.17 event predicate, access requirement, absence of alternate acquisition, or the accuracy of AP's descriptive location suffix.
redmaw-w32-20-check-7772654	check	7772654	identity_region	"{""item_name"":""Glass Shard"",""region"":""Mt. Gelmir""}"	wiki:redmaw:walkthrough:20260712183803	gameplay-guide:redmaw	lead_only	unknown	redmaw:#mt-gelmir:w32-20	The walkthrough records Glass Shard in its mt-gelmir segment; that item name identifies one current AP check in Mt. Gelmir.	One independently authored walkthrough lead, matched by exact item name inside a declared region bucket. It does not prove a v1.17 event predicate, access requirement, absence of alternate acquisition, or the accuracy of AP's descriptive location suffix.
redmaw-w32-20-check-7772656	check	7772656	identity_region	"{""item_name"":""Rejuvenating Boluses"",""region"":""Mt. Gelmir""}"	wiki:redmaw:walkthrough:20260712183803	gameplay-guide:redmaw	lead_only	unknown	redmaw:#mt-gelmir:w32-20	The walkthrough records Rejuvenating Boluses in its mt-gelmir segment; that item name identifies one current AP check in Mt. Gelmir.	One independently authored walkthrough lead, matched by exact item name inside a declared region bucket. It does not prove a v1.17 event predicate, access requirement, absence of alternate acquisition, or the accuracy of AP's descriptive location suffix.
redmaw-w32-25-check-7772147	check	7772147	identity_region	"{""item_name"":""Preserving Boluses"",""region"":""Mt. Gelmir""}"	wiki:redmaw:walkthrough:20260712183803	gameplay-guide:redmaw	lead_only	unknown	redmaw:#mt-gelmir:w32-25	The walkthrough records Preserving Boluses in its mt-gelmir segment; that item name identifies one current AP check in Mt. Gelmir.	One independently authored walkthrough lead, matched by exact item name inside a declared region bucket. It does not prove a v1.17 event predicate, access requirement, absence of alternate acquisition, or the accuracy of AP's descriptive location suffix.
redmaw-w32-27-check-7772151	check	7772151	identity_region	"{""item_name"":""Immunizing Cured Meat"",""region"":""Mt. Gelmir""}"	wiki:redmaw:walkthrough:20260712183803	gameplay-guide:redmaw	lead_only	unknown	redmaw:#mt-gelmir:w32-27	The walkthrough records Immunizing Cured Meat in its mt-gelmir segment; that item name identifies one current AP check in Mt. Gelmir.	One independently authored walkthrough lead, matched by exact item name inside a declared region bucket. It does not prove a v1.17 event predicate, access requirement, absence of alternate acquisition, or the accuracy of AP's descriptive location suffix.
redmaw-w32-3-check-7770035	check	7770035	identity_region	"{""item_name"":""Leaden Hardtear"",""region"":""Mt. Gelmir""}"	wiki:redmaw:walkthrough:20260712183803	gameplay-guide:redmaw	lead_only	unknown	redmaw:#mt-gelmir:w32-3	The walkthrough records Leaden Hardtear in its mt-gelmir segment; that item name identifies one current AP check in Mt. Gelmir.	One independently authored walkthrough lead, matched by exact item name inside a declared region bucket. It does not prove a v1.17 event predicate, access requirement, absence of alternate acquisition, or the accuracy of AP's descriptive location suffix.
redmaw-w32-3-check-7773677	check	7773677	identity_region	"{""item_name"":""Cerulean Hidden Tear"",""region"":""Mt. Gelmir""}"	wiki:redmaw:walkthrough:20260712183803	gameplay-guide:redmaw	lead_only	unknown	redmaw:#mt-gelmir:w32-3	The walkthrough records Cerulean Hidden Tear in its mt-gelmir segment; that item name identifies one current AP check in Mt. Gelmir.	One independently authored walkthrough lead, matched by exact item name inside a declared region bucket. It does not prove a v1.17 event predicate, access requirement, absence of alternate acquisition, or the accuracy of AP's descriptive location suffix.
redmaw-w32-30-check-7773828	check	7773828	identity_region	"{""item_name"":""Kindred of Rot's Exultation"",""region"":""Mt. Gelmir""}"	wiki:redmaw:walkthrough:20260712183803	gameplay-guide:redmaw	lead_only	unknown	redmaw:#mt-gelmir:w32-30	The walkthrough records Kindred of Rot's Exultation in its mt-gelmir segment; that item name identifies one current AP check in Mt. Gelmir.	One independently authored walkthrough lead, matched by exact item name inside a declared region bucket. It does not prove a v1.17 event predicate, access requirement, absence of alternate acquisition, or the accuracy of AP's descriptive location suffix.
redmaw-w32-37-check-7774189	check	7774189	identity_region	"{""item_name"":""Prelate's Inferno Crozier"",""region"":""Mt. Gelmir""}"	wiki:redmaw:walkthrough:20260712183803	gameplay-guide:redmaw	lead_only	unknown	redmaw:#mt-gelmir:w32-37	The walkthrough records Prelate's Inferno Crozier in its mt-gelmir segment; that item name identifies one current AP check in Mt. Gelmir.	One independently authored walkthrough lead, matched by exact item name inside a declared region bucket. It does not prove a v1.17 event predicate, access requirement, absence of alternate acquisition, or the accuracy of AP's descriptive location suffix.
redmaw-w32-38-check-7770098	check	7770098	identity_region	"{""item_name"":""Armorer's Cookbook [7]"",""region"":""Mt. Gelmir""}"	wiki:redmaw:walkthrough:20260712183803	gameplay-guide:redmaw	lead_only	unknown	redmaw:#mt-gelmir:w32-38	The walkthrough records Armorer's Cookbook [7] in its mt-gelmir segment; that item name identifies one current AP check in Mt. Gelmir.	One independently authored walkthrough lead, matched by exact item name inside a declared region bucket. It does not prove a v1.17 event predicate, access requirement, absence of alternate acquisition, or the accuracy of AP's descriptive location suffix.
redmaw-w32-40-check-7772575	check	7772575	identity_region	"{""item_name"":""Fire Scorpion Charm"",""region"":""Mt. Gelmir""}"	wiki:redmaw:walkthrough:20260712183803	gameplay-guide:redmaw	lead_only	unknown	redmaw:#mt-gelmir:w32-40	The walkthrough records Fire Scorpion Charm in its mt-gelmir segment; that item name identifies one current AP check in Mt. Gelmir.	One independently authored walkthrough lead, matched by exact item name inside a declared region bucket. It does not prove a v1.17 event predicate, access requirement, absence of alternate acquisition, or the accuracy of AP's descriptive location suffix.
redmaw-w32-47-check-7772591	check	7772591	identity_region	"{""item_name"":""Roiling Magma"",""region"":""Mt. Gelmir""}"	wiki:redmaw:walkthrough:20260712183803	gameplay-guide:redmaw	lead_only	unknown	redmaw:#mt-gelmir:w32-47	The walkthrough records Roiling Magma in its mt-gelmir segment; that item name identifies one current AP check in Mt. Gelmir.	One independently authored walkthrough lead, matched by exact item name inside a declared region bucket. It does not prove a v1.17 event predicate, access requirement, absence of alternate acquisition, or the accuracy of AP's descriptive location suffix.
redmaw-w32-48-check-7772590	check	7772590	identity_region	"{""item_name"":""Gravel Stone"",""region"":""Mt. Gelmir""}"	wiki:redmaw:walkthrough:20260712183803	gameplay-guide:redmaw	lead_only	unknown	redmaw:#mt-gelmir:w32-48	The walkthrough records Gravel Stone in its mt-gelmir segment; that item name identifies one current AP check in Mt. Gelmir.	One independently authored walkthrough lead, matched by exact item name inside a declared region bucket. It does not prove a v1.17 event predicate, access requirement, absence of alternate acquisition, or the accuracy of AP's descriptive location suffix.
redmaw-w32-50-check-7772592	check	7772592	identity_region	"{""item_name"":""Pulley Crossbow"",""region"":""Mt. Gelmir""}"	wiki:redmaw:walkthrough:20260712183803	gameplay-guide:redmaw	lead_only	unknown	redmaw:#mt-gelmir:w32-50	The walkthrough records Pulley Crossbow in its mt-gelmir segment; that item name identifies one current AP check in Mt. Gelmir.	One independently authored walkthrough lead, matched by exact item name inside a declared region bucket. It does not prove a v1.17 event predicate, access requirement, absence of alternate acquisition, or the accuracy of AP's descriptive location suffix.
redmaw-w32-53-check-7772638	check	7772638	identity_region	"{""item_name"":""Gold-Tinged Excrement"",""region"":""Mt. Gelmir""}"	wiki:redmaw:walkthrough:20260712183803	gameplay-guide:redmaw	lead_only	unknown	redmaw:#mt-gelmir:w32-53	The walkthrough records Gold-Tinged Excrement in its mt-gelmir segment; that item name identifies one current AP check in Mt. Gelmir.	One independently authored walkthrough lead, matched by exact item name inside a declared region bucket. It does not prove a v1.17 event predicate, access requirement, absence of alternate acquisition, or the accuracy of AP's descriptive location suffix.
redmaw-w32-53-check-7772640	check	7772640	identity_region	"{""item_name"":""Prattling Pate \""You're beautiful\"""",""region"":""Mt. Gelmir""}"	wiki:redmaw:walkthrough:20260712183803	gameplay-guide:redmaw	lead_only	unknown	redmaw:#mt-gelmir:w32-53	"The walkthrough records Prattling Pate ""You're beautiful"" in its mt-gelmir segment; that item name identifies one current AP check in Mt. Gelmir."	One independently authored walkthrough lead, matched by exact item name inside a declared region bucket. It does not prove a v1.17 event predicate, access requirement, absence of alternate acquisition, or the accuracy of AP's descriptive location suffix.
redmaw-w32-53-check-7772642	check	7772642	identity_region	"{""item_name"":""Hierodas Glintstone Crown"",""region"":""Mt. Gelmir""}"	wiki:redmaw:walkthrough:20260712183803	gameplay-guide:redmaw	lead_only	unknown	redmaw:#mt-gelmir:w32-53	The walkthrough records Hierodas Glintstone Crown in its mt-gelmir segment; that item name identifies one current AP check in Mt. Gelmir.	One independently authored walkthrough lead, matched by exact item name inside a declared region bucket. It does not prove a v1.17 event predicate, access requirement, absence of alternate acquisition, or the accuracy of AP's descriptive location suffix.
redmaw-w32-55-check-7770022	check	7770022	identity_region	"{""item_name"":""Memory Stone"",""region"":""Mt. Gelmir""}"	wiki:redmaw:walkthrough:20260712183803	gameplay-guide:redmaw	lead_only	unknown	redmaw:#mt-gelmir:w32-55	The walkthrough records Memory Stone in its mt-gelmir segment; that item name identifies one current AP check in Mt. Gelmir.	One independently authored walkthrough lead, matched by exact item name inside a declared region bucket. It does not prove a v1.17 event predicate, access requirement, absence of alternate acquisition, or the accuracy of AP's descriptive location suffix.
redmaw-w32-56-check-7773740	check	7773740	identity_region	"{""item_name"":""Comet Azur"",""region"":""Mt. Gelmir""}"	wiki:redmaw:walkthrough:20260712183803	gameplay-guide:redmaw	lead_only	unknown	redmaw:#mt-gelmir:w32-56	The walkthrough records Comet Azur in its mt-gelmir segment; that item name identifies one current AP check in Mt. Gelmir.	One independently authored walkthrough lead, matched by exact item name inside a declared region bucket. It does not prove a v1.17 event predicate, access requirement, absence of alternate acquisition, or the accuracy of AP's descriptive location suffix.
redmaw-w32-79-check-7771706	check	7771706	identity_region	"{""item_name"":""Rune Arc"",""region"":""Mt. Gelmir""}"	wiki:redmaw:walkthrough:20260712183803	gameplay-guide:redmaw	lead_only	unknown	redmaw:#mt-gelmir:w32-79	The walkthrough records Rune Arc in its mt-gelmir segment; that item name identifies one current AP check in Mt. Gelmir.	One independently authored walkthrough lead, matched by exact item name inside a declared region bucket. It does not prove a v1.17 event predicate, access requirement, absence of alternate acquisition, or the accuracy of AP's descriptive location suffix.
redmaw-w32-8-check-7772702	check	7772702	identity_region	"{""item_name"":""Golden Vow"",""region"":""Mt. Gelmir""}"	wiki:redmaw:walkthrough:20260712183803	gameplay-guide:redmaw	lead_only	unknown	redmaw:#mt-gelmir:w32-8	The walkthrough records Golden Vow in its mt-gelmir segment; that item name identifies one current AP check in Mt. Gelmir.	One independently authored walkthrough lead, matched by exact item name inside a declared region bucket. It does not prove a v1.17 event predicate, access requirement, absence of alternate acquisition, or the accuracy of AP's descriptive location suffix.
redmaw-w32-92-check-7772062	check	7772062	identity_region	"{""item_name"":""Ringed Finger"",""region"":""Mt. Gelmir""}"	wiki:redmaw:walkthrough:20260712183803	gameplay-guide:redmaw	lead_only	unknown	redmaw:#mt-gelmir:w32-92	The walkthrough records Ringed Finger in its mt-gelmir segment; that item name identifies one current AP check in Mt. Gelmir.	One independently authored walkthrough lead, matched by exact item name inside a declared region bucket. It does not prove a v1.17 event predicate, access requirement, absence of alternate acquisition, or the accuracy of AP's descriptive location suffix.
redmaw-w32-95-check-7773811	check	7773811	identity_region	"{""item_name"":""Bloodhound Knight Floh"",""region"":""Mt. Gelmir""}"	wiki:redmaw:walkthrough:20260712183803	gameplay-guide:redmaw	lead_only	unknown	redmaw:#mt-gelmir:w32-95	The walkthrough records Bloodhound Knight Floh in its mt-gelmir segment; that item name identifies one current AP check in Mt. Gelmir.	One independently authored walkthrough lead, matched by exact item name inside a declared region bucket. It does not prove a v1.17 event predicate, access requirement, absence of alternate acquisition, or the accuracy of AP's descriptive location suffix.
redmaw-w32-98-check-7772067	check	7772067	identity_region	"{""item_name"":""Mantis Blade"",""region"":""Mt. Gelmir""}"	wiki:redmaw:walkthrough:20260712183803	gameplay-guide:redmaw	lead_only	unknown	redmaw:#mt-gelmir:w32-98	The walkthrough records Mantis Blade in its mt-gelmir segment; that item name identifies one current AP check in Mt. Gelmir.	One independently authored walkthrough lead, matched by exact item name inside a declared region bucket. It does not prove a v1.17 event predicate, access requirement, absence of alternate acquisition, or the accuracy of AP's descriptive location suffix.
redmaw-w33-1-check-7771719	check	7771719	identity_region	"{""item_name"":""Ghiza's Wheel"",""region"":""Mt. Gelmir""}"	wiki:redmaw:walkthrough:20260712183803	gameplay-guide:redmaw	lead_only	unknown	redmaw:#volcano-manor:w33-1	The walkthrough records Ghiza's Wheel in its volcano-manor segment; that item name identifies one current AP check in Mt. Gelmir.	One independently authored walkthrough lead, matched by exact item name inside a declared region bucket. It does not prove a v1.17 event predicate, access requirement, absence of alternate acquisition, or the accuracy of AP's descriptive location suffix.
redmaw-w33-100-check-7770573	check	7770573	identity_region	"{""item_name"":""Zorayas's Letter"",""region"":""Mt. Gelmir""}"	wiki:redmaw:walkthrough:20260712183803	gameplay-guide:redmaw	lead_only	unknown	redmaw:#volcano-manor:w33-100	The walkthrough records Zorayas's Letter in its volcano-manor segment; that item name identifies one current AP check in Mt. Gelmir.	One independently authored walkthrough lead, matched by exact item name inside a declared region bucket. It does not prove a v1.17 event predicate, access requirement, absence of alternate acquisition, or the accuracy of AP's descriptive location suffix.
redmaw-w33-101-check-7771707	check	7771707	identity_region	"{""item_name"":""Commoner's Headband"",""region"":""Mt. Gelmir""}"	wiki:redmaw:walkthrough:20260712183803	gameplay-guide:redmaw	lead_only	unknown	redmaw:#volcano-manor:w33-101	The walkthrough records Commoner's Headband in its volcano-manor segment; that item name identifies one current AP check in Mt. Gelmir.	One independently authored walkthrough lead, matched by exact item name inside a declared region bucket. It does not prove a v1.17 event predicate, access requirement, absence of alternate acquisition, or the accuracy of AP's descriptive location suffix.
redmaw-w33-102-check-7771708	check	7771708	identity_region	"{""item_name"":""Man-Serpent Ashes"",""region"":""Mt. Gelmir""}"	wiki:redmaw:walkthrough:20260712183803	gameplay-guide:redmaw	lead_only	unknown	redmaw:#volcano-manor:w33-102	The walkthrough records Man-Serpent Ashes in its volcano-manor segment; that item name identifies one current AP check in Mt. Gelmir.	One independently authored walkthrough lead, matched by exact item name inside a declared region bucket. It does not prove a v1.17 event predicate, access requirement, absence of alternate acquisition, or the accuracy of AP's descriptive location suffix.
redmaw-w33-104-check-7771714	check	7771714	identity_region	"{""item_name"":""Dagger Talisman"",""region"":""Mt. Gelmir""}"	wiki:redmaw:walkthrough:20260712183803	gameplay-guide:redmaw	lead_only	unknown	redmaw:#volcano-manor:w33-104	The walkthrough records Dagger Talisman in its volcano-manor segment; that item name identifies one current AP check in Mt. Gelmir.	One independently authored walkthrough lead, matched by exact item name inside a declared region bucket. It does not prove a v1.17 event predicate, access requirement, absence of alternate acquisition, or the accuracy of AP's descriptive location suffix.
redmaw-w33-106-check-7771668	check	7771668	identity_region	"{""item_name"":""Ash of War: Royal Knight's Resolve"",""region"":""Mt. Gelmir""}"	wiki:redmaw:walkthrough:20260712183803	gameplay-guide:redmaw	lead_only	unknown	redmaw:#volcano-manor:w33-106	The walkthrough records Ash of War: Royal Knight's Resolve in its volcano-manor segment; that item name identifies one current AP check in Mt. Gelmir.	One independently authored walkthrough lead, matched by exact item name inside a declared region bucket. It does not prove a v1.17 event predicate, access requirement, absence of alternate acquisition, or the accuracy of AP's descriptive location suffix.
redmaw-w33-107-check-7771716	check	7771716	identity_region	"{""item_name"":""Seedbed Curse"",""region"":""Mt. Gelmir""}"	wiki:redmaw:walkthrough:20260712183803	gameplay-guide:redmaw	lead_only	unknown	redmaw:#volcano-manor:w33-107	The walkthrough records Seedbed Curse in its volcano-manor segment; that item name identifies one current AP check in Mt. Gelmir.	One independently authored walkthrough lead, matched by exact item name inside a declared region bucket. It does not prove a v1.17 event predicate, access requirement, absence of alternate acquisition, or the accuracy of AP's descriptive location suffix.
redmaw-w33-108-check-7771675	check	7771675	identity_region	"{""item_name"":""Somber Smithing Stone [7]"",""region"":""Mt. Gelmir""}"	wiki:redmaw:walkthrough:20260712183803	gameplay-guide:redmaw	lead_only	unknown	redmaw:#volcano-manor:w33-108	The walkthrough records Somber Smithing Stone [7] in its volcano-manor segment; that item name identifies one current AP check in Mt. Gelmir.	One independently authored walkthrough lead, matched by exact item name inside a declared region bucket. It does not prove a v1.17 event predicate, access requirement, absence of alternate acquisition, or the accuracy of AP's descriptive location suffix.
redmaw-w33-11-check-7770569	check	7770569	identity_region	"{""item_name"":""Magma Shot"",""region"":""Mt. Gelmir""}"	wiki:redmaw:walkthrough:20260712183803	gameplay-guide:redmaw	lead_only	unknown	redmaw:#volcano-manor:w33-11	The walkthrough records Magma Shot in its volcano-manor segment; that item name identifies one current AP check in Mt. Gelmir.	One independently authored walkthrough lead, matched by exact item name inside a declared region bucket. It does not prove a v1.17 event predicate, access requirement, absence of alternate acquisition, or the accuracy of AP's descriptive location suffix.
redmaw-w33-12-check-7770581	check	7770581	identity_region	"{""item_name"":""Letter to Patches"",""region"":""Mt. Gelmir""}"	wiki:redmaw:walkthrough:20260712183803	gameplay-guide:redmaw	lead_only	unknown	redmaw:#volcano-manor:w33-12	The walkthrough records Letter to Patches in its volcano-manor segment; that item name identifies one current AP check in Mt. Gelmir.	One independently authored walkthrough lead, matched by exact item name inside a declared region bucket. It does not prove a v1.17 event predicate, access requirement, absence of alternate acquisition, or the accuracy of AP's descriptive location suffix.
redmaw-w33-22-check-7772754	check	7772754	identity_region	"{""item_name"":""Crepus's Vial"",""region"":""Mt. Gelmir""}"	wiki:redmaw:walkthrough:20260712183803	gameplay-guide:redmaw	lead_only	unknown	redmaw:#volcano-manor:w33-22	The walkthrough records Crepus's Vial in its volcano-manor segment; that item name identifies one current AP check in Mt. Gelmir.	One independently authored walkthrough lead, matched by exact item name inside a declared region bucket. It does not prove a v1.17 event predicate, access requirement, absence of alternate acquisition, or the accuracy of AP's descriptive location suffix.
redmaw-w33-23-check-7770570	check	7770570	identity_region	"{""item_name"":""Serpentbone Blade"",""region"":""Mt. Gelmir""}"	wiki:redmaw:walkthrough:20260712183803	gameplay-guide:redmaw	lead_only	unknown	redmaw:#volcano-manor:w33-23	The walkthrough records Serpentbone Blade in its volcano-manor segment; that item name identifies one current AP check in Mt. Gelmir.	One independently authored walkthrough lead, matched by exact item name inside a declared region bucket. It does not prove a v1.17 event predicate, access requirement, absence of alternate acquisition, or the accuracy of AP's descriptive location suffix.
redmaw-w33-24-check-7770568	check	7770568	identity_region	"{""item_name"":""Red Letter"",""region"":""Mt. Gelmir""}"	wiki:redmaw:walkthrough:20260712183803	gameplay-guide:redmaw	lead_only	unknown	redmaw:#volcano-manor:w33-24	The walkthrough records Red Letter in its volcano-manor segment; that item name identifies one current AP check in Mt. Gelmir.	One independently authored walkthrough lead, matched by exact item name inside a declared region bucket. It does not prove a v1.17 event predicate, access requirement, absence of alternate acquisition, or the accuracy of AP's descriptive location suffix.
redmaw-w33-25-check-7770592	check	7770592	identity_region	"{""item_name"":""Letter to Bernahl"",""region"":""Mt. Gelmir""}"	wiki:redmaw:walkthrough:20260712183803	gameplay-guide:redmaw	lead_only	unknown	redmaw:#volcano-manor:w33-25	The walkthrough records Letter to Bernahl in its volcano-manor segment; that item name identifies one current AP check in Mt. Gelmir.	One independently authored walkthrough lead, matched by exact item name inside a declared region bucket. It does not prove a v1.17 event predicate, access requirement, absence of alternate acquisition, or the accuracy of AP's descriptive location suffix.
redmaw-w33-3-check-7770565	check	7770565	identity_region	"{""item_name"":""Drawing-Room Key"",""region"":""Mt. Gelmir""}"	wiki:redmaw:walkthrough:20260712183803	gameplay-guide:redmaw	lead_only	unknown	redmaw:#volcano-manor:w33-3	The walkthrough records Drawing-Room Key in its volcano-manor segment; that item name identifies one current AP check in Mt. Gelmir.	One independently authored walkthrough lead, matched by exact item name inside a declared region bucket. It does not prove a v1.17 event predicate, access requirement, absence of alternate acquisition, or the accuracy of AP's descriptive location suffix.
redmaw-w33-36-check-7770092	check	7770092	identity_region	"{""item_name"":""Nomadic Warrior's Cookbook [21]"",""region"":""Mt. Gelmir""}"	wiki:redmaw:walkthrough:20260712183803	gameplay-guide:redmaw	lead_only	unknown	redmaw:#volcano-manor:w33-36	The walkthrough records Nomadic Warrior's Cookbook [21] in its volcano-manor segment; that item name identifies one current AP check in Mt. Gelmir.	One independently authored walkthrough lead, matched by exact item name inside a declared region bucket. It does not prove a v1.17 event predicate, access requirement, absence of alternate acquisition, or the accuracy of AP's descriptive location suffix.
redmaw-w33-37-check-7771667	check	7771667	identity_region	"{""item_name"":""Depraved Perfumer Carmaan"",""region"":""Mt. Gelmir""}"	wiki:redmaw:walkthrough:20260712183803	gameplay-guide:redmaw	lead_only	unknown	redmaw:#volcano-manor:w33-37	The walkthrough records Depraved Perfumer Carmaan in its volcano-manor segment; that item name identifies one current AP check in Mt. Gelmir.	One independently authored walkthrough lead, matched by exact item name inside a declared region bucket. It does not prove a v1.17 event predicate, access requirement, absence of alternate acquisition, or the accuracy of AP's descriptive location suffix.
redmaw-w33-38-check-7771723	check	7771723	identity_region	"{""item_name"":""Bloodhound Claws"",""region"":""Mt. Gelmir""}"	wiki:redmaw:walkthrough:20260712183803	gameplay-guide:redmaw	lead_only	unknown	redmaw:#volcano-manor:w33-38	The walkthrough records Bloodhound Claws in its volcano-manor segment; that item name identifies one current AP check in Mt. Gelmir.	One independently authored walkthrough lead, matched by exact item name inside a declared region bucket. It does not prove a v1.17 event predicate, access requirement, absence of alternate acquisition, or the accuracy of AP's descriptive location suffix.
redmaw-w33-47-check-7771713	check	7771713	identity_region	"{""item_name"":""Smoldering Shield"",""region"":""Mt. Gelmir""}"	wiki:redmaw:walkthrough:20260712183803	gameplay-guide:redmaw	lead_only	unknown	redmaw:#volcano-manor:w33-47	The walkthrough records Smoldering Shield in its volcano-manor segment; that item name identifies one current AP check in Mt. Gelmir.	One independently authored walkthrough lead, matched by exact item name inside a declared region bucket. It does not prove a v1.17 event predicate, access requirement, absence of alternate acquisition, or the accuracy of AP's descriptive location suffix.
redmaw-w33-49-check-7771677	check	7771677	identity_region	"{""item_name"":""Erdtree Seal"",""region"":""Mt. Gelmir""}"	wiki:redmaw:walkthrough:20260712183803	gameplay-guide:redmaw	lead_only	unknown	redmaw:#volcano-manor:w33-49	The walkthrough records Erdtree Seal in its volcano-manor segment; that item name identifies one current AP check in Mt. Gelmir.	One independently authored walkthrough lead, matched by exact item name inside a declared region bucket. It does not prove a v1.17 event predicate, access requirement, absence of alternate acquisition, or the accuracy of AP's descriptive location suffix.
redmaw-w33-5-check-7770016	check	7770016	identity_region	"{""item_name"":""Recusant Finger"",""region"":""Mt. Gelmir""}"	wiki:redmaw:walkthrough:20260712183803	gameplay-guide:redmaw	lead_only	unknown	redmaw:#volcano-manor:w33-5	The walkthrough records Recusant Finger in its volcano-manor segment; that item name identifies one current AP check in Mt. Gelmir.	One independently authored walkthrough lead, matched by exact item name inside a declared region bucket. It does not prove a v1.17 event predicate, access requirement, absence of alternate acquisition, or the accuracy of AP's descriptive location suffix.
redmaw-w33-52-check-7771710	check	7771710	identity_region	"{""item_name"":""Crimson Amber Medallion +1"",""region"":""Mt. Gelmir""}"	wiki:redmaw:walkthrough:20260712183803	gameplay-guide:redmaw	lead_only	unknown	redmaw:#volcano-manor:w33-52	The walkthrough records Crimson Amber Medallion +1 in its volcano-manor segment; that item name identifies one current AP check in Mt. Gelmir.	One independently authored walkthrough lead, matched by exact item name inside a declared region bucket. It does not prove a v1.17 event predicate, access requirement, absence of alternate acquisition, or the accuracy of AP's descriptive location suffix.
redmaw-w33-55-check-7771702	check	7771702	identity_region	"{""item_name"":""Albinauric Staff"",""region"":""Mt. Gelmir""}"	wiki:redmaw:walkthrough:20260712183803	gameplay-guide:redmaw	lead_only	unknown	redmaw:#volcano-manor:w33-55	The walkthrough records Albinauric Staff in its volcano-manor segment; that item name identifies one current AP check in Mt. Gelmir.	One independently authored walkthrough lead, matched by exact item name inside a declared region bucket. It does not prove a v1.17 event predicate, access requirement, absence of alternate acquisition, or the accuracy of AP's descriptive location suffix.
redmaw-w33-55-check-7900197	check	7900197	identity_region	"{""item_name"":""Albinauric Mask"",""region"":""Mt. Gelmir""}"	wiki:redmaw:walkthrough:20260712183803	gameplay-guide:redmaw	lead_only	unknown	redmaw:#volcano-manor:w33-55	The walkthrough records Albinauric Mask in its volcano-manor segment; that item name identifies one current AP check in Mt. Gelmir.	One independently authored walkthrough lead, matched by exact item name inside a declared region bucket. It does not prove a v1.17 event predicate, access requirement, absence of alternate acquisition, or the accuracy of AP's descriptive location suffix.
redmaw-w33-57-check-7771686	check	7771686	identity_region	"{""item_name"":""Albinauric Bloodclot"",""region"":""Mt. Gelmir""}"	wiki:redmaw:walkthrough:20260712183803	gameplay-guide:redmaw	lead_only	unknown	redmaw:#volcano-manor:w33-57	The walkthrough records Albinauric Bloodclot in its volcano-manor segment; that item name identifies one current AP check in Mt. Gelmir.	One independently authored walkthrough lead, matched by exact item name inside a declared region bucket. It does not prove a v1.17 event predicate, access requirement, absence of alternate acquisition, or the accuracy of AP's descriptive location suffix.
redmaw-w33-68-check-7771690	check	7771690	identity_region	"{""item_name"":""Smithing Stone [7]"",""region"":""Mt. Gelmir""}"	wiki:redmaw:walkthrough:20260712183803	gameplay-guide:redmaw	lead_only	unknown	redmaw:#volcano-manor:w33-68	The walkthrough records Smithing Stone [7] in its volcano-manor segment; that item name identifies one current AP check in Mt. Gelmir.	One independently authored walkthrough lead, matched by exact item name inside a declared region bucket. It does not prove a v1.17 event predicate, access requirement, absence of alternate acquisition, or the accuracy of AP's descriptive location suffix.
redmaw-w33-70-check-7773791	check	7773791	identity_region	"{""item_name"":""Godskin Stitcher"",""region"":""Mt. Gelmir""}"	wiki:redmaw:walkthrough:20260712183803	gameplay-guide:redmaw	lead_only	unknown	redmaw:#volcano-manor:w33-70	The walkthrough records Godskin Stitcher in its volcano-manor segment; that item name identifies one current AP check in Mt. Gelmir.	One independently authored walkthrough lead, matched by exact item name inside a declared region bucket. It does not prove a v1.17 event predicate, access requirement, absence of alternate acquisition, or the accuracy of AP's descriptive location suffix.
redmaw-w33-70-check-7900121	check	7900121	identity_region	"{""item_name"":""Noble Presence"",""region"":""Mt. Gelmir""}"	wiki:redmaw:walkthrough:20260712183803	gameplay-guide:redmaw	lead_only	unknown	redmaw:#volcano-manor:w33-70	The walkthrough records Noble Presence in its volcano-manor segment; that item name identifies one current AP check in Mt. Gelmir.	One independently authored walkthrough lead, matched by exact item name inside a declared region bucket. It does not prove a v1.17 event predicate, access requirement, absence of alternate acquisition, or the accuracy of AP's descriptive location suffix.
redmaw-w33-71-check-7771717	check	7771717	identity_region	"{""item_name"":""Serpent's Amnion"",""region"":""Mt. Gelmir""}"	wiki:redmaw:walkthrough:20260712183803	gameplay-guide:redmaw	lead_only	unknown	redmaw:#volcano-manor:w33-71	The walkthrough records Serpent's Amnion in its volcano-manor segment; that item name identifies one current AP check in Mt. Gelmir.	One independently authored walkthrough lead, matched by exact item name inside a declared region bucket. It does not prove a v1.17 event predicate, access requirement, absence of alternate acquisition, or the accuracy of AP's descriptive location suffix.
redmaw-w33-76-check-7773795	check	7773795	identity_region	"{""item_name"":""Inquisitor's Girandole"",""region"":""Mt. Gelmir""}"	wiki:redmaw:walkthrough:20260712183803	gameplay-guide:redmaw	lead_only	unknown	redmaw:#volcano-manor:w33-76	The walkthrough records Inquisitor's Girandole in its volcano-manor segment; that item name identifies one current AP check in Mt. Gelmir.	One independently authored walkthrough lead, matched by exact item name inside a declared region bucket. It does not prove a v1.17 event predicate, access requirement, absence of alternate acquisition, or the accuracy of AP's descriptive location suffix.
redmaw-w33-81-check-7771699	check	7771699	identity_region	"{""item_name"":""Golden Rune [12]"",""region"":""Mt. Gelmir""}"	wiki:redmaw:walkthrough:20260712183803	gameplay-guide:redmaw	lead_only	unknown	redmaw:#volcano-manor:w33-81	The walkthrough records Golden Rune [12] in its volcano-manor segment; that item name identifies one current AP check in Mt. Gelmir.	One independently authored walkthrough lead, matched by exact item name inside a declared region bucket. It does not prove a v1.17 event predicate, access requirement, absence of alternate acquisition, or the accuracy of AP's descriptive location suffix.
redmaw-w33-84-check-7770093	check	7770093	identity_region	"{""item_name"":""Missionary's Cookbook [6]"",""region"":""Mt. Gelmir""}"	wiki:redmaw:walkthrough:20260712183803	gameplay-guide:redmaw	lead_only	unknown	redmaw:#volcano-manor:w33-84	The walkthrough records Missionary's Cookbook [6] in its volcano-manor segment; that item name identifies one current AP check in Mt. Gelmir.	One independently authored walkthrough lead, matched by exact item name inside a declared region bucket. It does not prove a v1.17 event predicate, access requirement, absence of alternate acquisition, or the accuracy of AP's descriptive location suffix.
redmaw-w33-86-check-7771704	check	7771704	identity_region	"{""item_name"":""Crimson Tear Scarab"",""region"":""Mt. Gelmir""}"	wiki:redmaw:walkthrough:20260712183803	gameplay-guide:redmaw	lead_only	unknown	redmaw:#volcano-manor:w33-86	The walkthrough records Crimson Tear Scarab in its volcano-manor segment; that item name identifies one current AP check in Mt. Gelmir.	One independently authored walkthrough lead, matched by exact item name inside a declared region bucket. It does not prove a v1.17 event predicate, access requirement, absence of alternate acquisition, or the accuracy of AP's descriptive location suffix.
redmaw-w33-94-check-7900007	check	7900007	identity_region	"{""item_name"":""Daedicar's Woe"",""region"":""Mt. Gelmir""}"	wiki:redmaw:walkthrough:20260712183803	gameplay-guide:redmaw	lead_only	unknown	redmaw:#volcano-manor:w33-94	The walkthrough records Daedicar's Woe in its volcano-manor segment; that item name identifies one current AP check in Mt. Gelmir.	One independently authored walkthrough lead, matched by exact item name inside a declared region bucket. It does not prove a v1.17 event predicate, access requirement, absence of alternate acquisition, or the accuracy of AP's descriptive location suffix.
redmaw-w34-12-check-7770762	check	7770762	identity_region	"{""item_name"":""Ash of War: Prayerful Strike"",""region"":""Altus""}"	wiki:redmaw:walkthrough:20260712183803	gameplay-guide:redmaw	lead_only	unknown	redmaw:#capital-outskirts:w34-12	The walkthrough records Ash of War: Prayerful Strike in its capital-outskirts segment; that item name identifies one current AP check in Altus.	One independently authored walkthrough lead, matched by exact item name inside a declared region bucket. It does not prove a v1.17 event predicate, access requirement, absence of alternate acquisition, or the accuracy of AP's descriptive location suffix.
redmaw-w34-16-check-7772337	check	7772337	identity_region	"{""item_name"":""Smithing-Stone Miner's Bell Bearing [2]"",""region"":""Altus""}"	wiki:redmaw:walkthrough:20260712183803	gameplay-guide:redmaw	lead_only	unknown	redmaw:#capital-outskirts:w34-16	The walkthrough records Smithing-Stone Miner's Bell Bearing [2] in its capital-outskirts segment; that item name identifies one current AP check in Altus.	One independently authored walkthrough lead, matched by exact item name inside a declared region bucket. It does not prove a v1.17 event predicate, access requirement, absence of alternate acquisition, or the accuracy of AP's descriptive location suffix.
redmaw-w34-22-check-7772326	check	7772326	identity_region	"{""item_name"":""Gold-Pickled Fowl Foot"",""region"":""Altus""}"	wiki:redmaw:walkthrough:20260712183803	gameplay-guide:redmaw	lead_only	unknown	redmaw:#capital-outskirts:w34-22	The walkthrough records Gold-Pickled Fowl Foot in its capital-outskirts segment; that item name identifies one current AP check in Altus.	One independently authored walkthrough lead, matched by exact item name inside a declared region bucket. It does not prove a v1.17 event predicate, access requirement, absence of alternate acquisition, or the accuracy of AP's descriptive location suffix.
redmaw-w34-29-check-7773843	check	7773843	identity_region	"{""item_name"":""Onyx Lord's Greatsword"",""region"":""Altus""}"	wiki:redmaw:walkthrough:20260712183803	gameplay-guide:redmaw	lead_only	unknown	redmaw:#capital-outskirts:w34-29	The walkthrough records Onyx Lord's Greatsword in its capital-outskirts segment; that item name identifies one current AP check in Altus.	One independently authored walkthrough lead, matched by exact item name inside a declared region bucket. It does not prove a v1.17 event predicate, access requirement, absence of alternate acquisition, or the accuracy of AP's descriptive location suffix.
redmaw-w34-3-check-7770709	check	7770709	identity_region	"{""item_name"":""Erdtree Greatshield"",""region"":""Altus""}"	wiki:redmaw:walkthrough:20260712183803	gameplay-guide:redmaw	lead_only	unknown	redmaw:#capital-outskirts:w34-3	The walkthrough records Erdtree Greatshield in its capital-outskirts segment; that item name identifies one current AP check in Altus.	One independently authored walkthrough lead, matched by exact item name inside a declared region bucket. It does not prove a v1.17 event predicate, access requirement, absence of alternate acquisition, or the accuracy of AP's descriptive location suffix.
redmaw-w34-31-check-7772849	check	7772849	identity_region	"{""item_name"":""Gargoyle's Great Axe"",""region"":""Altus""}"	wiki:redmaw:walkthrough:20260712183803	gameplay-guide:redmaw	lead_only	unknown	redmaw:#capital-outskirts:w34-31	The walkthrough records Gargoyle's Great Axe in its capital-outskirts segment; that item name identifies one current AP check in Altus.	One independently authored walkthrough lead, matched by exact item name inside a declared region bucket. It does not prove a v1.17 event predicate, access requirement, absence of alternate acquisition, or the accuracy of AP's descriptive location suffix.
redmaw-w34-33-check-7770763	check	7770763	identity_region	"{""item_name"":""Ash of War: Golden Parry"",""region"":""Altus""}"	wiki:redmaw:walkthrough:20260712183803	gameplay-guide:redmaw	lead_only	unknown	redmaw:#capital-outskirts:w34-33	The walkthrough records Ash of War: Golden Parry in its capital-outskirts segment; that item name identifies one current AP check in Altus.	One independently authored walkthrough lead, matched by exact item name inside a declared region bucket. It does not prove a v1.17 event predicate, access requirement, absence of alternate acquisition, or the accuracy of AP's descriptive location suffix.
redmaw-w34-35-check-7774353	check	7774353	identity_region	"{""item_name"":""Golden Rune [12]"",""region"":""Altus""}"	wiki:redmaw:walkthrough:20260712183803	gameplay-guide:redmaw	lead_only	unknown	redmaw:#capital-outskirts:w34-35	The walkthrough records Golden Rune [12] in its capital-outskirts segment; that item name identifies one current AP check in Altus.	One independently authored walkthrough lead, matched by exact item name inside a declared region bucket. It does not prove a v1.17 event predicate, access requirement, absence of alternate acquisition, or the accuracy of AP's descriptive location suffix.
redmaw-w34-39-check-7772899	check	7772899	identity_region	"{""item_name"":""Viridian Amber Medallion +1"",""region"":""Altus""}"	wiki:redmaw:walkthrough:20260712183803	gameplay-guide:redmaw	lead_only	unknown	redmaw:#capital-outskirts:w34-39	The walkthrough records Viridian Amber Medallion +1 in its capital-outskirts segment; that item name identifies one current AP check in Altus.	One independently authored walkthrough lead, matched by exact item name inside a declared region bucket. It does not prove a v1.17 event predicate, access requirement, absence of alternate acquisition, or the accuracy of AP's descriptive location suffix.
redmaw-w34-46-check-7772942	check	7772942	identity_region	"{""item_name"":""Golden Rune [2]"",""region"":""Altus""}"	wiki:redmaw:walkthrough:20260712183803	gameplay-guide:redmaw	lead_only	unknown	redmaw:#capital-outskirts:w34-46	The walkthrough records Golden Rune [2] in its capital-outskirts segment; that item name identifies one current AP check in Altus.	One independently authored walkthrough lead, matched by exact item name inside a declared region bucket. It does not prove a v1.17 event predicate, access requirement, absence of alternate acquisition, or the accuracy of AP's descriptive location suffix.
redmaw-w34-5-check-7774321	check	7774321	identity_region	"{""item_name"":""Giant-Crusher"",""region"":""Altus""}"	wiki:redmaw:walkthrough:20260712183803	gameplay-guide:redmaw	lead_only	unknown	redmaw:#capital-outskirts:w34-5	The walkthrough records Giant-Crusher in its capital-outskirts segment; that item name identifies one current AP check in Altus.	One independently authored walkthrough lead, matched by exact item name inside a declared region bucket. It does not prove a v1.17 event predicate, access requirement, absence of alternate acquisition, or the accuracy of AP's descriptive location suffix.
redmaw-w34-50-check-7770409	check	7770409	identity_region	"{""item_name"":""Sentry's Torch"",""region"":""Altus""}"	wiki:redmaw:walkthrough:20260712183803	gameplay-guide:redmaw	lead_only	unknown	redmaw:#capital-outskirts:w34-50	The walkthrough records Sentry's Torch in its capital-outskirts segment; that item name identifies one current AP check in Altus.	One independently authored walkthrough lead, matched by exact item name inside a declared region bucket. It does not prove a v1.17 event predicate, access requirement, absence of alternate acquisition, or the accuracy of AP's descriptive location suffix.
redmaw-w34-51-check-7772901	check	7772901	identity_region	"{""item_name"":""Medicine Peddler's Bell Bearing"",""region"":""Altus""}"	wiki:redmaw:walkthrough:20260712183803	gameplay-guide:redmaw	lead_only	unknown	redmaw:#capital-outskirts:w34-51	The walkthrough records Medicine Peddler's Bell Bearing in its capital-outskirts segment; that item name identifies one current AP check in Altus.	One independently authored walkthrough lead, matched by exact item name inside a declared region bucket. It does not prove a v1.17 event predicate, access requirement, absence of alternate acquisition, or the accuracy of AP's descriptive location suffix.
redmaw-w34-54-check-7772944	check	7772944	identity_region	"{""item_name"":""Twinbird Kite Shield"",""region"":""Altus""}"	wiki:redmaw:walkthrough:20260712183803	gameplay-guide:redmaw	lead_only	unknown	redmaw:#capital-outskirts:w34-54	The walkthrough records Twinbird Kite Shield in its capital-outskirts segment; that item name identifies one current AP check in Altus.	One independently authored walkthrough lead, matched by exact item name inside a declared region bucket. It does not prove a v1.17 event predicate, access requirement, absence of alternate acquisition, or the accuracy of AP's descriptive location suffix.
redmaw-w34-55-check-7770033	check	7770033	identity_region	"{""item_name"":""Winged Crystal Tear"",""region"":""Altus""}"	wiki:redmaw:walkthrough:20260712183803	gameplay-guide:redmaw	lead_only	unknown	redmaw:#capital-outskirts:w34-55	The walkthrough records Winged Crystal Tear in its capital-outskirts segment; that item name identifies one current AP check in Altus.	One independently authored walkthrough lead, matched by exact item name inside a declared region bucket. It does not prove a v1.17 event predicate, access requirement, absence of alternate acquisition, or the accuracy of AP's descriptive location suffix.
redmaw-w34-59-check-7770028	check	7770028	identity_region	"{""item_name"":""Crimson Crystal Tear"",""region"":""Altus""}"	wiki:redmaw:walkthrough:20260712183803	gameplay-guide:redmaw	lead_only	unknown	redmaw:#capital-outskirts:w34-59	The walkthrough records Crimson Crystal Tear in its capital-outskirts segment; that item name identifies one current AP check in Altus.	One independently authored walkthrough lead, matched by exact item name inside a declared region bucket. It does not prove a v1.17 event predicate, access requirement, absence of alternate acquisition, or the accuracy of AP's descriptive location suffix.
redmaw-w34-59-check-7770036	check	7770036	identity_region	"{""item_name"":""Twiggy Cracked Tear"",""region"":""Altus""}"	wiki:redmaw:walkthrough:20260712183803	gameplay-guide:redmaw	lead_only	unknown	redmaw:#capital-outskirts:w34-59	The walkthrough records Twiggy Cracked Tear in its capital-outskirts segment; that item name identifies one current AP check in Altus.	One independently authored walkthrough lead, matched by exact item name inside a declared region bucket. It does not prove a v1.17 event predicate, access requirement, absence of alternate acquisition, or the accuracy of AP's descriptive location suffix.
redmaw-w34-64-check-7772073	check	7772073	identity_region	"{""item_name"":""Golden Epitaph"",""region"":""Altus""}"	wiki:redmaw:walkthrough:20260712183803	gameplay-guide:redmaw	lead_only	unknown	redmaw:#capital-outskirts:w34-64	The walkthrough records Golden Epitaph in its capital-outskirts segment; that item name identifies one current AP check in Altus.	One independently authored walkthrough lead, matched by exact item name inside a declared region bucket. It does not prove a v1.17 event predicate, access requirement, absence of alternate acquisition, or the accuracy of AP's descriptive location suffix.
redmaw-w34-7-check-7770117	check	7770117	identity_region	"{""item_name"":""Missionary's Cookbook [4]"",""region"":""Altus""}"	wiki:redmaw:walkthrough:20260712183803	gameplay-guide:redmaw	lead_only	unknown	redmaw:#capital-outskirts:w34-7	The walkthrough records Missionary's Cookbook [4] in its capital-outskirts segment; that item name identifies one current AP check in Altus.	One independently authored walkthrough lead, matched by exact item name inside a declared region bucket. It does not prove a v1.17 event predicate, access requirement, absence of alternate acquisition, or the accuracy of AP's descriptive location suffix.
redmaw-w34-75-check-7772072	check	7772072	identity_region	"{""item_name"":""Crucible Feather Talisman"",""region"":""Altus""}"	wiki:redmaw:walkthrough:20260712183803	gameplay-guide:redmaw	lead_only	unknown	redmaw:#capital-outskirts:w34-75	The walkthrough records Crucible Feather Talisman in its capital-outskirts segment; that item name identifies one current AP check in Altus.	One independently authored walkthrough lead, matched by exact item name inside a declared region bucket. It does not prove a v1.17 event predicate, access requirement, absence of alternate acquisition, or the accuracy of AP's descriptive location suffix.
redmaw-w34-77-check-7772076	check	7772076	identity_region	"{""item_name"":""Ash of War: Holy Ground"",""region"":""Altus""}"	wiki:redmaw:walkthrough:20260712183803	gameplay-guide:redmaw	lead_only	unknown	redmaw:#capital-outskirts:w34-77	The walkthrough records Ash of War: Holy Ground in its capital-outskirts segment; that item name identifies one current AP check in Altus.	One independently authored walkthrough lead, matched by exact item name inside a declared region bucket. It does not prove a v1.17 event predicate, access requirement, absence of alternate acquisition, or the accuracy of AP's descriptive location suffix.
redmaw-w34-78-check-7773812	check	7773812	identity_region	"{""item_name"":""Ordovis's Greatsword"",""region"":""Altus""}"	wiki:redmaw:walkthrough:20260712183803	gameplay-guide:redmaw	lead_only	unknown	redmaw:#capital-outskirts:w34-78	The walkthrough records Ordovis's Greatsword in its capital-outskirts segment; that item name identifies one current AP check in Altus.	One independently authored walkthrough lead, matched by exact item name inside a declared region bucket. It does not prove a v1.17 event predicate, access requirement, absence of alternate acquisition, or the accuracy of AP's descriptive location suffix.
redmaw-w34-8-check-7772893	check	7772893	identity_region	"{""item_name"":""Golden Order Seal"",""region"":""Altus""}"	wiki:redmaw:walkthrough:20260712183803	gameplay-guide:redmaw	lead_only	unknown	redmaw:#capital-outskirts:w34-8	The walkthrough records Golden Order Seal in its capital-outskirts segment; that item name identifies one current AP check in Altus.	One independently authored walkthrough lead, matched by exact item name inside a declared region bucket. It does not prove a v1.17 event predicate, access requirement, absence of alternate acquisition, or the accuracy of AP's descriptive location suffix.
redmaw-w34-84-check-7770123	check	7770123	identity_region	"{""item_name"":""Perfumer's Cookbook [3]"",""region"":""Altus""}"	wiki:redmaw:walkthrough:20260712183803	gameplay-guide:redmaw	lead_only	unknown	redmaw:#capital-outskirts:w34-84	The walkthrough records Perfumer's Cookbook [3] in its capital-outskirts segment; that item name identifies one current AP check in Altus.	One independently authored walkthrough lead, matched by exact item name inside a declared region bucket. It does not prove a v1.17 event predicate, access requirement, absence of alternate acquisition, or the accuracy of AP's descriptive location suffix.
redmaw-w34-92-check-7773815	check	7773815	identity_region	"{""item_name"":""Soldjars of Fortune Ashes"",""region"":""Altus""}"	wiki:redmaw:walkthrough:20260712183803	gameplay-guide:redmaw	lead_only	unknown	redmaw:#capital-outskirts:w34-92	The walkthrough records Soldjars of Fortune Ashes in its capital-outskirts segment; that item name identifies one current AP check in Altus.	One independently authored walkthrough lead, matched by exact item name inside a declared region bucket. It does not prove a v1.17 event predicate, access requirement, absence of alternate acquisition, or the accuracy of AP's descriptive location suffix.
redmaw-w34-95-check-7770707	check	7770707	identity_region	"{""item_name"":""Dragon Greatclaw"",""region"":""Altus""}"	wiki:redmaw:walkthrough:20260712183803	gameplay-guide:redmaw	lead_only	unknown	redmaw:#capital-outskirts:w34-95	The walkthrough records Dragon Greatclaw in its capital-outskirts segment; that item name identifies one current AP check in Altus.	One independently authored walkthrough lead, matched by exact item name inside a declared region bucket. It does not prove a v1.17 event predicate, access requirement, absence of alternate acquisition, or the accuracy of AP's descriptive location suffix.
redmaw-w34-95-check-7900145	check	7900145	identity_region	"{""item_name"":""Dragonclaw Shield"",""region"":""Altus""}"	wiki:redmaw:walkthrough:20260712183803	gameplay-guide:redmaw	lead_only	unknown	redmaw:#capital-outskirts:w34-95	The walkthrough records Dragonclaw Shield in its capital-outskirts segment; that item name identifies one current AP check in Altus.	One independently authored walkthrough lead, matched by exact item name inside a declared region bucket. It does not prove a v1.17 event predicate, access requirement, absence of alternate acquisition, or the accuracy of AP's descriptive location suffix.
redmaw-w35-100-check-7770027	check	7770027	identity_region	"{""item_name"":""Talisman Pouch"",""region"":""Leyndell""}"	wiki:redmaw:walkthrough:20260712183803	gameplay-guide:redmaw	lead_only	unknown	redmaw:#leyndell:w35-100	The walkthrough records Talisman Pouch in its leyndell segment; that item name identifies one current AP check in Leyndell.	One independently authored walkthrough lead, matched by exact item name inside a declared region bucket. It does not prove a v1.17 event predicate, access requirement, absence of alternate acquisition, or the accuracy of AP's descriptive location suffix.
redmaw-w35-103-check-7770918	check	7770918	identity_region	"{""item_name"":""Erdtree Bow"",""region"":""Leyndell""}"	wiki:redmaw:walkthrough:20260712183803	gameplay-guide:redmaw	lead_only	unknown	redmaw:#leyndell:w35-103	The walkthrough records Erdtree Bow in its leyndell segment; that item name identifies one current AP check in Leyndell.	One independently authored walkthrough lead, matched by exact item name inside a declared region bucket. It does not prove a v1.17 event predicate, access requirement, absence of alternate acquisition, or the accuracy of AP's descriptive location suffix.
redmaw-w35-104-check-7770920	check	7770920	identity_region	"{""item_name"":""Celestial Dew"",""region"":""Leyndell""}"	wiki:redmaw:walkthrough:20260712183803	gameplay-guide:redmaw	lead_only	unknown	redmaw:#leyndell:w35-104	The walkthrough records Celestial Dew in its leyndell segment; that item name identifies one current AP check in Leyndell.	One independently authored walkthrough lead, matched by exact item name inside a declared region bucket. It does not prove a v1.17 event predicate, access requirement, absence of alternate acquisition, or the accuracy of AP's descriptive location suffix.
redmaw-w35-105-check-7771014	check	7771014	identity_region	"{""item_name"":""Golden Order Principia"",""region"":""Leyndell""}"	wiki:redmaw:walkthrough:20260712183803	gameplay-guide:redmaw	lead_only	unknown	redmaw:#leyndell:w35-105	The walkthrough records Golden Order Principia in its leyndell segment; that item name identifies one current AP check in Leyndell.	One independently authored walkthrough lead, matched by exact item name inside a declared region bucket. It does not prove a v1.17 event predicate, access requirement, absence of alternate acquisition, or the accuracy of AP's descriptive location suffix.
redmaw-w35-112-check-7770768	check	7770768	identity_region	"{""item_name"":""Barrier of Gold"",""region"":""Leyndell""}"	wiki:redmaw:walkthrough:20260712183803	gameplay-guide:redmaw	lead_only	unknown	redmaw:#leyndell:w35-112	The walkthrough records Barrier of Gold in its leyndell segment; that item name identifies one current AP check in Leyndell.	One independently authored walkthrough lead, matched by exact item name inside a declared region bucket. It does not prove a v1.17 event predicate, access requirement, absence of alternate acquisition, or the accuracy of AP's descriptive location suffix.
redmaw-w35-113-check-7771030	check	7771030	identity_region	"{""item_name"":""Bolt of Gransax"",""region"":""Leyndell""}"	wiki:redmaw:walkthrough:20260712183803	gameplay-guide:redmaw	lead_only	unknown	redmaw:#leyndell:w35-113	The walkthrough records Bolt of Gransax in its leyndell segment; that item name identifies one current AP check in Leyndell.	One independently authored walkthrough lead, matched by exact item name inside a declared region bucket. It does not prove a v1.17 event predicate, access requirement, absence of alternate acquisition, or the accuracy of AP's descriptive location suffix.
redmaw-w35-118-check-7771025	check	7771025	identity_region	"{""item_name"":""Blessing of the Erdtree"",""region"":""Leyndell""}"	wiki:redmaw:walkthrough:20260712183803	gameplay-guide:redmaw	lead_only	unknown	redmaw:#leyndell:w35-118	The walkthrough records Blessing of the Erdtree in its leyndell segment; that item name identifies one current AP check in Leyndell.	One independently authored walkthrough lead, matched by exact item name inside a declared region bucket. It does not prove a v1.17 event predicate, access requirement, absence of alternate acquisition, or the accuracy of AP's descriptive location suffix.
redmaw-w35-119-check-7770003	check	7770003	identity_region	"{""item_name"":""Morgott's Great Rune"",""region"":""Leyndell""}"	wiki:redmaw:walkthrough:20260712183803	gameplay-guide:redmaw	lead_only	unknown	redmaw:#leyndell:w35-119	The walkthrough records Morgott's Great Rune in its leyndell segment; that item name identifies one current AP check in Leyndell.	One independently authored walkthrough lead, matched by exact item name inside a declared region bucket. It does not prove a v1.17 event predicate, access requirement, absence of alternate acquisition, or the accuracy of AP's descriptive location suffix.
redmaw-w35-119-check-7770654	check	7770654	identity_region	"{""item_name"":""Remembrance of the Omen King"",""region"":""Leyndell""}"	wiki:redmaw:walkthrough:20260712183803	gameplay-guide:redmaw	lead_only	unknown	redmaw:#leyndell:w35-119	The walkthrough records Remembrance of the Omen King in its leyndell segment; that item name identifies one current AP check in Leyndell.	One independently authored walkthrough lead, matched by exact item name inside a declared region bucket. It does not prove a v1.17 event predicate, access requirement, absence of alternate acquisition, or the accuracy of AP's descriptive location suffix.
redmaw-w35-123-check-7770556	check	7770556	identity_region	"{""item_name"":""Rold Medallion"",""region"":""Leyndell""}"	wiki:redmaw:walkthrough:20260712183803	gameplay-guide:redmaw	lead_only	unknown	redmaw:#leyndell:w35-123	The walkthrough records Rold Medallion in its leyndell segment; that item name identifies one current AP check in Leyndell.	One independently authored walkthrough lead, matched by exact item name inside a declared region bucket. It does not prove a v1.17 event predicate, access requirement, absence of alternate acquisition, or the accuracy of AP's descriptive location suffix.
redmaw-w35-17-check-7771031	check	7771031	identity_region	"{""item_name"":""Lord's Rune"",""region"":""Leyndell""}"	wiki:redmaw:walkthrough:20260712183803	gameplay-guide:redmaw	lead_only	unknown	redmaw:#leyndell:w35-17	The walkthrough records Lord's Rune in its leyndell segment; that item name identifies one current AP check in Leyndell.	One independently authored walkthrough lead, matched by exact item name inside a declared region bucket. It does not prove a v1.17 event predicate, access requirement, absence of alternate acquisition, or the accuracy of AP's descriptive location suffix.
redmaw-w35-23-check-7770952	check	7770952	identity_region	"{""item_name"":""Golden Rune [13]"",""region"":""Leyndell""}"	wiki:redmaw:walkthrough:20260712183803	gameplay-guide:redmaw	lead_only	unknown	redmaw:#leyndell:w35-23	The walkthrough records Golden Rune [13] in its leyndell segment; that item name identifies one current AP check in Leyndell.	One independently authored walkthrough lead, matched by exact item name inside a declared region bucket. It does not prove a v1.17 event predicate, access requirement, absence of alternate acquisition, or the accuracy of AP's descriptive location suffix.
redmaw-w35-25-check-7770971	check	7770971	identity_region	"{""item_name"":""Beast Blood"",""region"":""Leyndell""}"	wiki:redmaw:walkthrough:20260712183803	gameplay-guide:redmaw	lead_only	unknown	redmaw:#leyndell:w35-25	The walkthrough records Beast Blood in its leyndell segment; that item name identifies one current AP check in Leyndell.	One independently authored walkthrough lead, matched by exact item name inside a declared region bucket. It does not prove a v1.17 event predicate, access requirement, absence of alternate acquisition, or the accuracy of AP's descriptive location suffix.
redmaw-w35-26-check-7770946	check	7770946	identity_region	"{""item_name"":""Hero's Rune [2]"",""region"":""Leyndell""}"	wiki:redmaw:walkthrough:20260712183803	gameplay-guide:redmaw	lead_only	unknown	redmaw:#leyndell:w35-26	The walkthrough records Hero's Rune [2] in its leyndell segment; that item name identifies one current AP check in Leyndell.	One independently authored walkthrough lead, matched by exact item name inside a declared region bucket. It does not prove a v1.17 event predicate, access requirement, absence of alternate acquisition, or the accuracy of AP's descriptive location suffix.
redmaw-w35-32-check-7770942	check	7770942	identity_region	"{""item_name"":""Hero's Rune [5]"",""region"":""Leyndell""}"	wiki:redmaw:walkthrough:20260712183803	gameplay-guide:redmaw	lead_only	unknown	redmaw:#leyndell:w35-32	The walkthrough records Hero's Rune [5] in its leyndell segment; that item name identifies one current AP check in Leyndell.	One independently authored walkthrough lead, matched by exact item name inside a declared region bucket. It does not prove a v1.17 event predicate, access requirement, absence of alternate acquisition, or the accuracy of AP's descriptive location suffix.
redmaw-w35-37-check-7770965	check	7770965	identity_region	"{""item_name"":""Imp Head (Corpse)"",""region"":""Leyndell""}"	wiki:redmaw:walkthrough:20260712183803	gameplay-guide:redmaw	lead_only	unknown	redmaw:#leyndell:w35-37	The walkthrough records Imp Head (Corpse) in its leyndell segment; that item name identifies one current AP check in Leyndell.	One independently authored walkthrough lead, matched by exact item name inside a declared region bucket. It does not prove a v1.17 event predicate, access requirement, absence of alternate acquisition, or the accuracy of AP's descriptive location suffix.
redmaw-w35-4-check-7770923	check	7770923	identity_region	"{""item_name"":""Golden Rune [7]"",""region"":""Leyndell""}"	wiki:redmaw:walkthrough:20260712183803	gameplay-guide:redmaw	lead_only	unknown	redmaw:#leyndell:w35-4	The walkthrough records Golden Rune [7] in its leyndell segment; that item name identifies one current AP check in Leyndell.	One independently authored walkthrough lead, matched by exact item name inside a declared region bucket. It does not prove a v1.17 event predicate, access requirement, absence of alternate acquisition, or the accuracy of AP's descriptive location suffix.
redmaw-w35-40-check-7770995	check	7770995	identity_region	"{""item_name"":""Black Bow"",""region"":""Leyndell""}"	wiki:redmaw:walkthrough:20260712183803	gameplay-guide:redmaw	lead_only	unknown	redmaw:#leyndell:w35-40	The walkthrough records Black Bow in its leyndell segment; that item name identifies one current AP check in Leyndell.	One independently authored walkthrough lead, matched by exact item name inside a declared region bucket. It does not prove a v1.17 event predicate, access requirement, absence of alternate acquisition, or the accuracy of AP's descriptive location suffix.
redmaw-w35-42-check-7770983	check	7770983	identity_region	"{""item_name"":""Clarifying Boluses"",""region"":""Leyndell""}"	wiki:redmaw:walkthrough:20260712183803	gameplay-guide:redmaw	lead_only	unknown	redmaw:#leyndell:w35-42	The walkthrough records Clarifying Boluses in its leyndell segment; that item name identifies one current AP check in Leyndell.	One independently authored walkthrough lead, matched by exact item name inside a declared region bucket. It does not prove a v1.17 event predicate, access requirement, absence of alternate acquisition, or the accuracy of AP's descriptive location suffix.
redmaw-w35-46-check-7770056	check	7770056	identity_region	"{""item_name"":""Cracked Pot"",""region"":""Leyndell""}"	wiki:redmaw:walkthrough:20260712183803	gameplay-guide:redmaw	lead_only	unknown	redmaw:#leyndell:w35-46	The walkthrough records Cracked Pot in its leyndell segment; that item name identifies one current AP check in Leyndell.	One independently authored walkthrough lead, matched by exact item name inside a declared region bucket. It does not prove a v1.17 event predicate, access requirement, absence of alternate acquisition, or the accuracy of AP's descriptive location suffix.
redmaw-w35-48-check-7770922	check	7770922	identity_region	"{""item_name"":""Deathbed Dress"",""region"":""Leyndell""}"	wiki:redmaw:walkthrough:20260712183803	gameplay-guide:redmaw	lead_only	unknown	redmaw:#leyndell:w35-48	The walkthrough records Deathbed Dress in its leyndell segment; that item name identifies one current AP check in Leyndell.	One independently authored walkthrough lead, matched by exact item name inside a declared region bucket. It does not prove a v1.17 event predicate, access requirement, absence of alternate acquisition, or the accuracy of AP's descriptive location suffix.
redmaw-w35-49-check-7771026	check	7771026	identity_region	"{""item_name"":""Omensmirk Mask"",""region"":""Leyndell""}"	wiki:redmaw:walkthrough:20260712183803	gameplay-guide:redmaw	lead_only	unknown	redmaw:#leyndell:w35-49	The walkthrough records Omensmirk Mask in its leyndell segment; that item name identifies one current AP check in Leyndell.	One independently authored walkthrough lead, matched by exact item name inside a declared region bucket. It does not prove a v1.17 event predicate, access requirement, absence of alternate acquisition, or the accuracy of AP's descriptive location suffix.
redmaw-w35-51-check-7770933	check	7770933	identity_region	"{""item_name"":""Guilty Hood"",""region"":""Leyndell""}"	wiki:redmaw:walkthrough:20260712183803	gameplay-guide:redmaw	lead_only	unknown	redmaw:#leyndell:w35-51	The walkthrough records Guilty Hood in its leyndell segment; that item name identifies one current AP check in Leyndell.	One independently authored walkthrough lead, matched by exact item name inside a declared region bucket. It does not prove a v1.17 event predicate, access requirement, absence of alternate acquisition, or the accuracy of AP's descriptive location suffix.
redmaw-w35-53-check-7771021	check	7771021	identity_region	"{""item_name"":""Somber Smithing Stone [4]"",""region"":""Leyndell""}"	wiki:redmaw:walkthrough:20260712183803	gameplay-guide:redmaw	lead_only	unknown	redmaw:#leyndell:w35-53	The walkthrough records Somber Smithing Stone [4] in its leyndell segment; that item name identifies one current AP check in Leyndell.	One independently authored walkthrough lead, matched by exact item name inside a declared region bucket. It does not prove a v1.17 event predicate, access requirement, absence of alternate acquisition, or the accuracy of AP's descriptive location suffix.
redmaw-w35-55-check-7770987	check	7770987	identity_region	"{""item_name"":""Erdsteel Dagger"",""region"":""Leyndell""}"	wiki:redmaw:walkthrough:20260712183803	gameplay-guide:redmaw	lead_only	unknown	redmaw:#leyndell:w35-55	The walkthrough records Erdsteel Dagger in its leyndell segment; that item name identifies one current AP check in Leyndell.	One independently authored walkthrough lead, matched by exact item name inside a declared region bucket. It does not prove a v1.17 event predicate, access requirement, absence of alternate acquisition, or the accuracy of AP's descriptive location suffix.
redmaw-w35-55-check-7771000	check	7771000	identity_region	"{""item_name"":""Holyproof Dried Liver"",""region"":""Leyndell""}"	wiki:redmaw:walkthrough:20260712183803	gameplay-guide:redmaw	lead_only	unknown	redmaw:#leyndell:w35-55	The walkthrough records Holyproof Dried Liver in its leyndell segment; that item name identifies one current AP check in Leyndell.	One independently authored walkthrough lead, matched by exact item name inside a declared region bucket. It does not prove a v1.17 event predicate, access requirement, absence of alternate acquisition, or the accuracy of AP's descriptive location suffix.
redmaw-w35-57-check-7770996	check	7770996	identity_region	"{""item_name"":""Dragonwound Grease"",""region"":""Leyndell""}"	wiki:redmaw:walkthrough:20260712183803	gameplay-guide:redmaw	lead_only	unknown	redmaw:#leyndell:w35-57	The walkthrough records Dragonwound Grease in its leyndell segment; that item name identifies one current AP check in Leyndell.	One independently authored walkthrough lead, matched by exact item name inside a declared region bucket. It does not prove a v1.17 event predicate, access requirement, absence of alternate acquisition, or the accuracy of AP's descriptive location suffix.
redmaw-w35-59-check-7770990	check	7770990	identity_region	"{""item_name"":""Albinauric Bloodclot"",""region"":""Leyndell""}"	wiki:redmaw:walkthrough:20260712183803	gameplay-guide:redmaw	lead_only	unknown	redmaw:#leyndell:w35-59	The walkthrough records Albinauric Bloodclot in its leyndell segment; that item name identifies one current AP check in Leyndell.	One independently authored walkthrough lead, matched by exact item name inside a declared region bucket. It does not prove a v1.17 event predicate, access requirement, absence of alternate acquisition, or the accuracy of AP's descriptive location suffix.
redmaw-w35-60-check-7770769	check	7770769	identity_region	"{""item_name"":""Ash of War: Thunderbolt"",""region"":""Leyndell""}"	wiki:redmaw:walkthrough:20260712183803	gameplay-guide:redmaw	lead_only	unknown	redmaw:#leyndell:w35-60	The walkthrough records Ash of War: Thunderbolt in its leyndell segment; that item name identifies one current AP check in Leyndell.	One independently authored walkthrough lead, matched by exact item name inside a declared region bucket. It does not prove a v1.17 event predicate, access requirement, absence of alternate acquisition, or the accuracy of AP's descriptive location suffix.
redmaw-w35-70-check-7770936	check	7770936	identity_region	"{""item_name"":""Cane Sword"",""region"":""Leyndell""}"	wiki:redmaw:walkthrough:20260712183803	gameplay-guide:redmaw	lead_only	unknown	redmaw:#leyndell:w35-70	The walkthrough records Cane Sword in its leyndell segment; that item name identifies one current AP check in Leyndell.	One independently authored walkthrough lead, matched by exact item name inside a declared region bucket. It does not prove a v1.17 event predicate, access requirement, absence of alternate acquisition, or the accuracy of AP's descriptive location suffix.
redmaw-w35-72-check-7771024	check	7771024	identity_region	"{""item_name"":""Gravel Stone Seal"",""region"":""Leyndell""}"	wiki:redmaw:walkthrough:20260712183803	gameplay-guide:redmaw	lead_only	unknown	redmaw:#leyndell:w35-72	The walkthrough records Gravel Stone Seal in its leyndell segment; that item name identifies one current AP check in Leyndell.	One independently authored walkthrough lead, matched by exact item name inside a declared region bucket. It does not prove a v1.17 event predicate, access requirement, absence of alternate acquisition, or the accuracy of AP's descriptive location suffix.
redmaw-w35-78-check-7770799	check	7770799	identity_region	"{""item_name"":""\""Flightless Bird\"" Painting"",""region"":""Leyndell""}"	wiki:redmaw:walkthrough:20260712183803	gameplay-guide:redmaw	lead_only	unknown	redmaw:#leyndell:w35-78	"The walkthrough records ""Flightless Bird"" Painting in its leyndell segment; that item name identifies one current AP check in Leyndell."	One independently authored walkthrough lead, matched by exact item name inside a declared region bucket. It does not prove a v1.17 event predicate, access requirement, absence of alternate acquisition, or the accuracy of AP's descriptive location suffix.
redmaw-w35-79-check-7770997	check	7770997	identity_region	"{""item_name"":""Two Fingers' Prayerbook"",""region"":""Leyndell""}"	wiki:redmaw:walkthrough:20260712183803	gameplay-guide:redmaw	lead_only	unknown	redmaw:#leyndell:w35-79	The walkthrough records Two Fingers' Prayerbook in its leyndell segment; that item name identifies one current AP check in Leyndell.	One independently authored walkthrough lead, matched by exact item name inside a declared region bucket. It does not prove a v1.17 event predicate, access requirement, absence of alternate acquisition, or the accuracy of AP's descriptive location suffix.
redmaw-w35-8-check-7770930	check	7770930	identity_region	"{""item_name"":""Upper-Class Robe"",""region"":""Leyndell""}"	wiki:redmaw:walkthrough:20260712183803	gameplay-guide:redmaw	lead_only	unknown	redmaw:#leyndell:w35-8	The walkthrough records Upper-Class Robe in its leyndell segment; that item name identifies one current AP check in Leyndell.	One independently authored walkthrough lead, matched by exact item name inside a declared region bucket. It does not prove a v1.17 event predicate, access requirement, absence of alternate acquisition, or the accuracy of AP's descriptive location suffix.
redmaw-w35-81-check-7770934	check	7770934	identity_region	"{""item_name"":""Stormhawk Axe"",""region"":""Leyndell""}"	wiki:redmaw:walkthrough:20260712183803	gameplay-guide:redmaw	lead_only	unknown	redmaw:#leyndell:w35-81	The walkthrough records Stormhawk Axe in its leyndell segment; that item name identifies one current AP check in Leyndell.	One independently authored walkthrough lead, matched by exact item name inside a declared region bucket. It does not prove a v1.17 event predicate, access requirement, absence of alternate acquisition, or the accuracy of AP's descriptive location suffix.
redmaw-w35-84-check-7770043	check	7770043	identity_region	"{""item_name"":""Sanctified Whetblade"",""region"":""Leyndell""}"	wiki:redmaw:walkthrough:20260712183803	gameplay-guide:redmaw	lead_only	unknown	redmaw:#leyndell:w35-84	The walkthrough records Sanctified Whetblade in its leyndell segment; that item name identifies one current AP check in Leyndell.	One independently authored walkthrough lead, matched by exact item name inside a declared region bucket. It does not prove a v1.17 event predicate, access requirement, absence of alternate acquisition, or the accuracy of AP's descriptive location suffix.
redmaw-w35-84-check-7770926	check	7770926	identity_region	"{""item_name"":""Hammer"",""region"":""Leyndell""}"	wiki:redmaw:walkthrough:20260712183803	gameplay-guide:redmaw	lead_only	unknown	redmaw:#leyndell:w35-84	The walkthrough records Hammer in its leyndell segment; that item name identifies one current AP check in Leyndell.	One independently authored walkthrough lead, matched by exact item name inside a declared region bucket. It does not prove a v1.17 event predicate, access requirement, absence of alternate acquisition, or the accuracy of AP's descriptive location suffix.
redmaw-w35-86-check-7770929	check	7770929	identity_region	"{""item_name"":""Hero's Rune [1]"",""region"":""Leyndell""}"	wiki:redmaw:walkthrough:20260712183803	gameplay-guide:redmaw	lead_only	unknown	redmaw:#leyndell:w35-86	The walkthrough records Hero's Rune [1] in its leyndell segment; that item name identifies one current AP check in Leyndell.	One independently authored walkthrough lead, matched by exact item name inside a declared region bucket. It does not prove a v1.17 event predicate, access requirement, absence of alternate acquisition, or the accuracy of AP's descriptive location suffix.
redmaw-w35-86-check-7774593	check	7774593	identity_region	"{""item_name"":""By My Sword"",""region"":""Leyndell""}"	wiki:redmaw:walkthrough:20260712183803	gameplay-guide:redmaw	lead_only	unknown	redmaw:#leyndell:w35-86	The walkthrough records By My Sword in its leyndell segment; that item name identifies one current AP check in Leyndell.	One independently authored walkthrough lead, matched by exact item name inside a declared region bucket. It does not prove a v1.17 event predicate, access requirement, absence of alternate acquisition, or the accuracy of AP's descriptive location suffix.
redmaw-w35-88-check-7771020	check	7771020	identity_region	"{""item_name"":""Coded Sword"",""region"":""Leyndell""}"	wiki:redmaw:walkthrough:20260712183803	gameplay-guide:redmaw	lead_only	unknown	redmaw:#leyndell:w35-88	The walkthrough records Coded Sword in its leyndell segment; that item name identifies one current AP check in Leyndell.	One independently authored walkthrough lead, matched by exact item name inside a declared region bucket. It does not prove a v1.17 event predicate, access requirement, absence of alternate acquisition, or the accuracy of AP's descriptive location suffix.
redmaw-w35-91-check-7771023	check	7771023	identity_region	"{""item_name"":""Gargoyle's Halberd"",""region"":""Leyndell""}"	wiki:redmaw:walkthrough:20260712183803	gameplay-guide:redmaw	lead_only	unknown	redmaw:#leyndell:w35-91	The walkthrough records Gargoyle's Halberd in its leyndell segment; that item name identifies one current AP check in Leyndell.	One independently authored walkthrough lead, matched by exact item name inside a declared region bucket. It does not prove a v1.17 event predicate, access requirement, absence of alternate acquisition, or the accuracy of AP's descriptive location suffix.
redmaw-w35-95-check-7771012	check	7771012	identity_region	"{""item_name"":""Star Fist"",""region"":""Leyndell""}"	wiki:redmaw:walkthrough:20260712183803	gameplay-guide:redmaw	lead_only	unknown	redmaw:#leyndell:w35-95	The walkthrough records Star Fist in its leyndell segment; that item name identifies one current AP check in Leyndell.	One independently authored walkthrough lead, matched by exact item name inside a declared region bucket. It does not prove a v1.17 event predicate, access requirement, absence of alternate acquisition, or the accuracy of AP's descriptive location suffix.
redmaw-w35-96-check-7771029	check	7771029	identity_region	"{""item_name"":""Ritual Shield Talisman"",""region"":""Leyndell""}"	wiki:redmaw:walkthrough:20260712183803	gameplay-guide:redmaw	lead_only	unknown	redmaw:#leyndell:w35-96	The walkthrough records Ritual Shield Talisman in its leyndell segment; that item name identifies one current AP check in Leyndell.	One independently authored walkthrough lead, matched by exact item name inside a declared region bucket. It does not prove a v1.17 event predicate, access requirement, absence of alternate acquisition, or the accuracy of AP's descriptive location suffix.
redmaw-w37-2-check-7773170	check	7773170	identity_region	"{""item_name"":""Golden Rune [9]"",""region"":""Mountaintops of the Giants""}"	wiki:redmaw:walkthrough:20260712183803	gameplay-guide:redmaw	lead_only	unknown	redmaw:#forbidden-lands:w37-2	The walkthrough records Golden Rune [9] in its forbidden-lands segment; that item name identifies one current AP check in Mountaintops of the Giants.	One independently authored walkthrough lead, matched by exact item name inside a declared region bucket. It does not prove a v1.17 event predicate, access requirement, absence of alternate acquisition, or the accuracy of AP's descriptive location suffix.
redmaw-w37-20-check-7772994	check	7772994	identity_region	"{""item_name"":""Dragonwound Grease"",""region"":""Mountaintops of the Giants""}"	wiki:redmaw:walkthrough:20260712183803	gameplay-guide:redmaw	lead_only	unknown	redmaw:#forbidden-lands:w37-20	The walkthrough records Dragonwound Grease in its forbidden-lands segment; that item name identifies one current AP check in Mountaintops of the Giants.	One independently authored walkthrough lead, matched by exact item name inside a declared region bucket. It does not prove a v1.17 event predicate, access requirement, absence of alternate acquisition, or the accuracy of AP's descriptive location suffix.
redmaw-w37-21-check-7773022	check	7773022	identity_region	"{""item_name"":""Ash of War: Phantom Slash"",""region"":""Mountaintops of the Giants""}"	wiki:redmaw:walkthrough:20260712183803	gameplay-guide:redmaw	lead_only	unknown	redmaw:#forbidden-lands:w37-21	The walkthrough records Ash of War: Phantom Slash in its forbidden-lands segment; that item name identifies one current AP check in Mountaintops of the Giants.	One independently authored walkthrough lead, matched by exact item name inside a declared region bucket. It does not prove a v1.17 event predicate, access requirement, absence of alternate acquisition, or the accuracy of AP's descriptive location suffix.
redmaw-w37-24-check-7773858	check	7773858	identity_region	"{""item_name"":""Gargoyle's Black Blades"",""region"":""Mountaintops of the Giants""}"	wiki:redmaw:walkthrough:20260712183803	gameplay-guide:redmaw	lead_only	unknown	redmaw:#forbidden-lands:w37-24	The walkthrough records Gargoyle's Black Blades in its forbidden-lands segment; that item name identifies one current AP check in Mountaintops of the Giants.	One independently authored walkthrough lead, matched by exact item name inside a declared region bucket. It does not prove a v1.17 event predicate, access requirement, absence of alternate acquisition, or the accuracy of AP's descriptive location suffix.
redmaw-w37-24-check-7900150	check	7900150	identity_region	"{""item_name"":""Gargoyle's Black Axe"",""region"":""Mountaintops of the Giants""}"	wiki:redmaw:walkthrough:20260712183803	gameplay-guide:redmaw	lead_only	unknown	redmaw:#forbidden-lands:w37-24	The walkthrough records Gargoyle's Black Axe in its forbidden-lands segment; that item name identifies one current AP check in Mountaintops of the Giants.	One independently authored walkthrough lead, matched by exact item name inside a declared region bucket. It does not prove a v1.17 event predicate, access requirement, absence of alternate acquisition, or the accuracy of AP's descriptive location suffix.
redmaw-w38-10-check-7773094	check	7773094	identity_region	"{""item_name"":""Briars of Punishment"",""region"":""Mountaintops of the Giants""}"	wiki:redmaw:walkthrough:20260712183803	gameplay-guide:redmaw	lead_only	unknown	redmaw:#west-mountaintops:w38-10	The walkthrough records Briars of Punishment in its west-mountaintops segment; that item name identifies one current AP check in Mountaintops of the Giants.	One independently authored walkthrough lead, matched by exact item name inside a declared region bucket. It does not prove a v1.17 event predicate, access requirement, absence of alternate acquisition, or the accuracy of AP's descriptive location suffix.
redmaw-w38-18-check-7772103	check	7772103	identity_region	"{""item_name"":""Fire Monk Ashes"",""region"":""Mountaintops of the Giants""}"	wiki:redmaw:walkthrough:20260712183803	gameplay-guide:redmaw	lead_only	unknown	redmaw:#west-mountaintops:w38-18	The walkthrough records Fire Monk Ashes in its west-mountaintops segment; that item name identifies one current AP check in Mountaintops of the Giants.	One independently authored walkthrough lead, matched by exact item name inside a declared region bucket. It does not prove a v1.17 event predicate, access requirement, absence of alternate acquisition, or the accuracy of AP's descriptive location suffix.
redmaw-w38-19-check-7773692	check	7773692	identity_region	"{""item_name"":""Ritual Pot"",""region"":""Mountaintops of the Giants""}"	wiki:redmaw:walkthrough:20260712183803	gameplay-guide:redmaw	lead_only	unknown	redmaw:#west-mountaintops:w38-19	The walkthrough records Ritual Pot in its west-mountaintops segment; that item name identifies one current AP check in Mountaintops of the Giants.	One independently authored walkthrough lead, matched by exact item name inside a declared region bucket. It does not prove a v1.17 event predicate, access requirement, absence of alternate acquisition, or the accuracy of AP's descriptive location suffix.
redmaw-w38-2-check-7773065	check	7773065	identity_region	"{""item_name"":""Invigorating Cured Meat"",""region"":""Mountaintops of the Giants""}"	wiki:redmaw:walkthrough:20260712183803	gameplay-guide:redmaw	lead_only	unknown	redmaw:#west-mountaintops:w38-2	The walkthrough records Invigorating Cured Meat in its west-mountaintops segment; that item name identifies one current AP check in Mountaintops of the Giants.	One independently authored walkthrough lead, matched by exact item name inside a declared region bucket. It does not prove a v1.17 event predicate, access requirement, absence of alternate acquisition, or the accuracy of AP's descriptive location suffix.
redmaw-w38-25-check-7900137	check	7900137	identity_region	"{""item_name"":""Glovewort Picker's Bell Bearing [2]"",""region"":""Mountaintops of the Giants""}"	wiki:redmaw:walkthrough:20260712183803	gameplay-guide:redmaw	lead_only	unknown	redmaw:#west-mountaintops:w38-25	The walkthrough records Glovewort Picker's Bell Bearing [2] in its west-mountaintops segment; that item name identifies one current AP check in Mountaintops of the Giants.	One independently authored walkthrough lead, matched by exact item name inside a declared region bucket. It does not prove a v1.17 event predicate, access requirement, absence of alternate acquisition, or the accuracy of AP's descriptive location suffix.
redmaw-w38-27-check-7773092	check	7773092	identity_region	"{""item_name"":""Lost Ashes of War"",""region"":""Mountaintops of the Giants""}"	wiki:redmaw:walkthrough:20260712183803	gameplay-guide:redmaw	lead_only	unknown	redmaw:#west-mountaintops:w38-27	The walkthrough records Lost Ashes of War in its west-mountaintops segment; that item name identifies one current AP check in Mountaintops of the Giants.	One independently authored walkthrough lead, matched by exact item name inside a declared region bucket. It does not prove a v1.17 event predicate, access requirement, absence of alternate acquisition, or the accuracy of AP's descriptive location suffix.
redmaw-w38-29-check-7773141	check	7773141	identity_region	"{""item_name"":""Golden Rune [13]"",""region"":""Mountaintops of the Giants""}"	wiki:redmaw:walkthrough:20260712183803	gameplay-guide:redmaw	lead_only	unknown	redmaw:#west-mountaintops:w38-29	The walkthrough records Golden Rune [13] in its west-mountaintops segment; that item name identifies one current AP check in Mountaintops of the Giants.	One independently authored walkthrough lead, matched by exact item name inside a declared region bucket. It does not prove a v1.17 event predicate, access requirement, absence of alternate acquisition, or the accuracy of AP's descriptive location suffix.
redmaw-w38-3-check-7773067	check	7773067	identity_region	"{""item_name"":""Zamor Ice Storm"",""region"":""Mountaintops of the Giants""}"	wiki:redmaw:walkthrough:20260712183803	gameplay-guide:redmaw	lead_only	unknown	redmaw:#west-mountaintops:w38-3	The walkthrough records Zamor Ice Storm in its west-mountaintops segment; that item name identifies one current AP check in Mountaintops of the Giants.	One independently authored walkthrough lead, matched by exact item name inside a declared region bucket. It does not prove a v1.17 event predicate, access requirement, absence of alternate acquisition, or the accuracy of AP's descriptive location suffix.
redmaw-w38-34-check-7773166	check	7773166	identity_region	"{""item_name"":""Furlcalling Finger Remedy"",""region"":""Mountaintops of the Giants""}"	wiki:redmaw:walkthrough:20260712183803	gameplay-guide:redmaw	lead_only	unknown	redmaw:#west-mountaintops:w38-34	The walkthrough records Furlcalling Finger Remedy in its west-mountaintops segment; that item name identifies one current AP check in Mountaintops of the Giants.	One independently authored walkthrough lead, matched by exact item name inside a declared region bucket. It does not prove a v1.17 event predicate, access requirement, absence of alternate acquisition, or the accuracy of AP's descriptive location suffix.
redmaw-w38-4-check-7773069	check	7773069	identity_region	"{""item_name"":""Smithing-Stone Miner's Bell Bearing [3]"",""region"":""Mountaintops of the Giants""}"	wiki:redmaw:walkthrough:20260712183803	gameplay-guide:redmaw	lead_only	unknown	redmaw:#west-mountaintops:w38-4	The walkthrough records Smithing-Stone Miner's Bell Bearing [3] in its west-mountaintops segment; that item name identifies one current AP check in Mountaintops of the Giants.	One independently authored walkthrough lead, matched by exact item name inside a declared region bucket. It does not prove a v1.17 event predicate, access requirement, absence of alternate acquisition, or the accuracy of AP's descriptive location suffix.
redmaw-w38-58-check-7774537	check	7774537	identity_region	"{""item_name"":""Founding Rain of Stars"",""region"":""Mountaintops of the Giants""}"	wiki:redmaw:walkthrough:20260712183803	gameplay-guide:redmaw	lead_only	unknown	redmaw:#west-mountaintops:w38-58	The walkthrough records Founding Rain of Stars in its west-mountaintops segment; that item name identifies one current AP check in Mountaintops of the Giants.	One independently authored walkthrough lead, matched by exact item name inside a declared region bucket. It does not prove a v1.17 event predicate, access requirement, absence of alternate acquisition, or the accuracy of AP's descriptive location suffix.
redmaw-w38-62-check-7773666	check	7773666	identity_region	"{""item_name"":""Cerulean Crystal Tear"",""region"":""Mountaintops of the Giants""}"	wiki:redmaw:walkthrough:20260712183803	gameplay-guide:redmaw	lead_only	unknown	redmaw:#west-mountaintops:w38-62	The walkthrough records Cerulean Crystal Tear in its west-mountaintops segment; that item name identifies one current AP check in Mountaintops of the Giants.	One independently authored walkthrough lead, matched by exact item name inside a declared region bucket. It does not prove a v1.17 event predicate, access requirement, absence of alternate acquisition, or the accuracy of AP's descriptive location suffix.
redmaw-w38-62-check-7773667	check	7773667	identity_region	"{""item_name"":""Crimson Bubbletear"",""region"":""Mountaintops of the Giants""}"	wiki:redmaw:walkthrough:20260712183803	gameplay-guide:redmaw	lead_only	unknown	redmaw:#west-mountaintops:w38-62	The walkthrough records Crimson Bubbletear in its west-mountaintops segment; that item name identifies one current AP check in Mountaintops of the Giants.	One independently authored walkthrough lead, matched by exact item name inside a declared region bucket. It does not prove a v1.17 event predicate, access requirement, absence of alternate acquisition, or the accuracy of AP's descriptive location suffix.
redmaw-w38-65-check-7773142	check	7773142	identity_region	"{""item_name"":""Somber Smithing Stone [9]"",""region"":""Mountaintops of the Giants""}"	wiki:redmaw:walkthrough:20260712183803	gameplay-guide:redmaw	lead_only	unknown	redmaw:#west-mountaintops:w38-65	The walkthrough records Somber Smithing Stone [9] in its west-mountaintops segment; that item name identifies one current AP check in Mountaintops of the Giants.	One independently authored walkthrough lead, matched by exact item name inside a declared region bucket. It does not prove a v1.17 event predicate, access requirement, absence of alternate acquisition, or the accuracy of AP's descriptive location suffix.
redmaw-w38-69-check-7774596	check	7774596	identity_region	"{""item_name"":""Fancy Spin"",""region"":""Mountaintops of the Giants""}"	wiki:redmaw:walkthrough:20260712183803	gameplay-guide:redmaw	lead_only	unknown	redmaw:#west-mountaintops:w38-69	The walkthrough records Fancy Spin in its west-mountaintops segment; that item name identifies one current AP check in Mountaintops of the Giants.	One independently authored walkthrough lead, matched by exact item name inside a declared region bucket. It does not prove a v1.17 event predicate, access requirement, absence of alternate acquisition, or the accuracy of AP's descriptive location suffix.
redmaw-w38-70-check-7773149	check	7773149	identity_region	"{""item_name"":""Primal Glintstone Blade"",""region"":""Mountaintops of the Giants""}"	wiki:redmaw:walkthrough:20260712183803	gameplay-guide:redmaw	lead_only	unknown	redmaw:#west-mountaintops:w38-70	The walkthrough records Primal Glintstone Blade in its west-mountaintops segment; that item name identifies one current AP check in Mountaintops of the Giants.	One independently authored walkthrough lead, matched by exact item name inside a declared region bucket. It does not prove a v1.17 event predicate, access requirement, absence of alternate acquisition, or the accuracy of AP's descriptive location suffix.
redmaw-w38-73-check-7774525	check	7774525	identity_region	"{""item_name"":""Helphen's Steeple"",""region"":""Mountaintops of the Giants""}"	wiki:redmaw:walkthrough:20260712183803	gameplay-guide:redmaw	lead_only	unknown	redmaw:#west-mountaintops:w38-73	The walkthrough records Helphen's Steeple in its west-mountaintops segment; that item name identifies one current AP check in Mountaintops of the Giants.	One independently authored walkthrough lead, matched by exact item name inside a declared region bucket. It does not prove a v1.17 event predicate, access requirement, absence of alternate acquisition, or the accuracy of AP's descriptive location suffix.
redmaw-w38-75-check-7773861	check	7773861	identity_region	"{""item_name"":""Death Ritual Spear"",""region"":""Mountaintops of the Giants""}"	wiki:redmaw:walkthrough:20260712183803	gameplay-guide:redmaw	lead_only	unknown	redmaw:#west-mountaintops:w38-75	The walkthrough records Death Ritual Spear in its west-mountaintops segment; that item name identifies one current AP check in Mountaintops of the Giants.	One independently authored walkthrough lead, matched by exact item name inside a declared region bucket. It does not prove a v1.17 event predicate, access requirement, absence of alternate acquisition, or the accuracy of AP's descriptive location suffix.
redmaw-w38-79-check-7774538	check	7774538	identity_region	"{""item_name"":""Golden Rune [4]"",""region"":""Mountaintops of the Giants""}"	wiki:redmaw:walkthrough:20260712183803	gameplay-guide:redmaw	lead_only	unknown	redmaw:#west-mountaintops:w38-79	The walkthrough records Golden Rune [4] in its west-mountaintops segment; that item name identifies one current AP check in Mountaintops of the Giants.	One independently authored walkthrough lead, matched by exact item name inside a declared region bucket. It does not prove a v1.17 event predicate, access requirement, absence of alternate acquisition, or the accuracy of AP's descriptive location suffix.
redmaw-w38-79-check-7774539	check	7774539	identity_region	"{""item_name"":""Golden Rune [5]"",""region"":""Mountaintops of the Giants""}"	wiki:redmaw:walkthrough:20260712183803	gameplay-guide:redmaw	lead_only	unknown	redmaw:#west-mountaintops:w38-79	The walkthrough records Golden Rune [5] in its west-mountaintops segment; that item name identifies one current AP check in Mountaintops of the Giants.	One independently authored walkthrough lead, matched by exact item name inside a declared region bucket. It does not prove a v1.17 event predicate, access requirement, absence of alternate acquisition, or the accuracy of AP's descriptive location suffix.
redmaw-w39-1-check-7773068	check	7773068	identity_region	"{""item_name"":""Beast Blood"",""region"":""Mountaintops of the Giants""}"	wiki:redmaw:walkthrough:20260712183803	gameplay-guide:redmaw	lead_only	unknown	redmaw:#castle-sol:w39-1	The walkthrough records Beast Blood in its castle-sol segment; that item name identifies one current AP check in Mountaintops of the Giants.	One independently authored walkthrough lead, matched by exact item name inside a declared region bucket. It does not prove a v1.17 event predicate, access requirement, absence of alternate acquisition, or the accuracy of AP's descriptive location suffix.
redmaw-w39-16-check-7773175	check	7773175	identity_region	"{""item_name"":""Eclipse Shotel"",""region"":""Mountaintops of the Giants""}"	wiki:redmaw:walkthrough:20260712183803	gameplay-guide:redmaw	lead_only	unknown	redmaw:#castle-sol:w39-16	The walkthrough records Eclipse Shotel in its castle-sol segment; that item name identifies one current AP check in Mountaintops of the Giants.	One independently authored walkthrough lead, matched by exact item name inside a declared region bucket. It does not prove a v1.17 event predicate, access requirement, absence of alternate acquisition, or the accuracy of AP's descriptive location suffix.
redmaw-w39-20-check-7773157	check	7773157	identity_region	"{""item_name"":""Cerulean Amber Medallion +1"",""region"":""Mountaintops of the Giants""}"	wiki:redmaw:walkthrough:20260712183803	gameplay-guide:redmaw	lead_only	unknown	redmaw:#castle-sol:w39-20	The walkthrough records Cerulean Amber Medallion +1 in its castle-sol segment; that item name identifies one current AP check in Mountaintops of the Giants.	One independently authored walkthrough lead, matched by exact item name inside a declared region bucket. It does not prove a v1.17 event predicate, access requirement, absence of alternate acquisition, or the accuracy of AP's descriptive location suffix.
redmaw-w39-23-check-7773806	check	7773806	identity_region	"{""item_name"":""Veteran's Prosthesis"",""region"":""Mountaintops of the Giants""}"	wiki:redmaw:walkthrough:20260712183803	gameplay-guide:redmaw	lead_only	unknown	redmaw:#castle-sol:w39-23	The walkthrough records Veteran's Prosthesis in its castle-sol segment; that item name identifies one current AP check in Mountaintops of the Giants.	One independently authored walkthrough lead, matched by exact item name inside a declared region bucket. It does not prove a v1.17 event predicate, access requirement, absence of alternate acquisition, or the accuracy of AP's descriptive location suffix.
redmaw-w39-25-check-7773176	check	7773176	identity_region	"{""item_name"":""Haligtree Secret Medallion (Left)"",""region"":""Mountaintops of the Giants""}"	wiki:redmaw:walkthrough:20260712183803	gameplay-guide:redmaw	lead_only	unknown	redmaw:#castle-sol:w39-25	The walkthrough records Haligtree Secret Medallion (Left) in its castle-sol segment; that item name identifies one current AP check in Mountaintops of the Giants.	One independently authored walkthrough lead, matched by exact item name inside a declared region bucket. It does not prove a v1.17 event predicate, access requirement, absence of alternate acquisition, or the accuracy of AP's descriptive location suffix.
redmaw-w39-7-check-7773906	check	7773906	identity_region	"{""item_name"":""\""Sorcerer\"" Painting"",""region"":""Mountaintops of the Giants""}"	wiki:redmaw:walkthrough:20260712183803	gameplay-guide:redmaw	lead_only	unknown	redmaw:#castle-sol:w39-7	"The walkthrough records ""Sorcerer"" Painting in its castle-sol segment; that item name identifies one current AP check in Mountaintops of the Giants."	One independently authored walkthrough lead, matched by exact item name inside a declared region bucket. It does not prove a v1.17 event predicate, access requirement, absence of alternate acquisition, or the accuracy of AP's descriptive location suffix.
redmaw-w39-8-check-7773172	check	7773172	identity_region	"{""item_name"":""Stormhawk Axe"",""region"":""Mountaintops of the Giants""}"	wiki:redmaw:walkthrough:20260712183803	gameplay-guide:redmaw	lead_only	unknown	redmaw:#castle-sol:w39-8	The walkthrough records Stormhawk Axe in its castle-sol segment; that item name identifies one current AP check in Mountaintops of the Giants.	One independently authored walkthrough lead, matched by exact item name inside a declared region bucket. It does not prove a v1.17 event predicate, access requirement, absence of alternate acquisition, or the accuracy of AP's descriptive location suffix.
redmaw-w4-14-check-7770689	check	7770689	identity_region	"{""item_name"":""Flamedrake Talisman"",""region"":""Limgrave""}"	wiki:redmaw:walkthrough:20260712183803	gameplay-guide:redmaw	lead_only	unknown	redmaw:#west-limgrave:w4-14	The walkthrough records Flamedrake Talisman in its west-limgrave segment; that item name identifies one current AP check in Limgrave.	One independently authored walkthrough lead, matched by exact item name inside a declared region bucket. It does not prove a v1.17 event predicate, access requirement, absence of alternate acquisition, or the accuracy of AP's descriptive location suffix.
redmaw-w4-15-check-7770094	check	7770094	identity_region	"{""item_name"":""Armorer's Cookbook [1]"",""region"":""Limgrave""}"	wiki:redmaw:walkthrough:20260712183803	gameplay-guide:redmaw	lead_only	unknown	redmaw:#west-limgrave:w4-15	The walkthrough records Armorer's Cookbook [1] in its west-limgrave segment; that item name identifies one current AP check in Limgrave.	One independently authored walkthrough lead, matched by exact item name inside a declared region bucket. It does not prove a v1.17 event predicate, access requirement, absence of alternate acquisition, or the accuracy of AP's descriptive location suffix.
redmaw-w4-19-check-7770795	check	7770795	identity_region	"{""item_name"":""\""Homing Instinct\"" Painting"",""region"":""Limgrave""}"	wiki:redmaw:walkthrough:20260712183803	gameplay-guide:redmaw	lead_only	unknown	redmaw:#west-limgrave:w4-19	"The walkthrough records ""Homing Instinct"" Painting in its west-limgrave segment; that item name identifies one current AP check in Limgrave."	One independently authored walkthrough lead, matched by exact item name inside a declared region bucket. It does not prove a v1.17 event predicate, access requirement, absence of alternate acquisition, or the accuracy of AP's descriptive location suffix.
redmaw-w4-24-check-7773934	check	7773934	identity_region	"{""item_name"":""Grave Glovewort [1]"",""region"":""Limgrave""}"	wiki:redmaw:walkthrough:20260712183803	gameplay-guide:redmaw	lead_only	unknown	redmaw:#west-limgrave:w4-24	The walkthrough records Grave Glovewort [1] in its west-limgrave segment; that item name identifies one current AP check in Limgrave.	One independently authored walkthrough lead, matched by exact item name inside a declared region bucket. It does not prove a v1.17 event predicate, access requirement, absence of alternate acquisition, or the accuracy of AP's descriptive location suffix.
redmaw-w4-27-check-7770685	check	7770685	identity_region	"{""item_name"":""Banished Knight Engvall"",""region"":""Limgrave""}"	wiki:redmaw:walkthrough:20260712183803	gameplay-guide:redmaw	lead_only	unknown	redmaw:#west-limgrave:w4-27	The walkthrough records Banished Knight Engvall in its west-limgrave segment; that item name identifies one current AP check in Limgrave.	One independently authored walkthrough lead, matched by exact item name inside a declared region bucket. It does not prove a v1.17 event predicate, access requirement, absence of alternate acquisition, or the accuracy of AP's descriptive location suffix.
redmaw-w4-28-check-7772824	check	7772824	identity_region	"{""item_name"":""Reduvia"",""region"":""Limgrave""}"	wiki:redmaw:walkthrough:20260712183803	gameplay-guide:redmaw	lead_only	unknown	redmaw:#west-limgrave:w4-28	The walkthrough records Reduvia in its west-limgrave segment; that item name identifies one current AP check in Limgrave.	One independently authored walkthrough lead, matched by exact item name inside a declared region bucket. It does not prove a v1.17 event predicate, access requirement, absence of alternate acquisition, or the accuracy of AP's descriptive location suffix.
redmaw-w4-33-check-7772113	check	7772113	identity_region	"{""item_name"":""Cloth Garb"",""region"":""Limgrave""}"	wiki:redmaw:walkthrough:20260712183803	gameplay-guide:redmaw	lead_only	unknown	redmaw:#west-limgrave:w4-33	The walkthrough records Cloth Garb in its west-limgrave segment; that item name identifies one current AP check in Limgrave.	One independently authored walkthrough lead, matched by exact item name inside a declared region bucket. It does not prove a v1.17 event predicate, access requirement, absence of alternate acquisition, or the accuracy of AP's descriptive location suffix.
redmaw-w4-33-check-7900210	check	7900210	identity_region	"{""item_name"":""Cloth Trousers"",""region"":""Limgrave""}"	wiki:redmaw:walkthrough:20260712183803	gameplay-guide:redmaw	lead_only	unknown	redmaw:#west-limgrave:w4-33	The walkthrough records Cloth Trousers in its west-limgrave segment; that item name identifies one current AP check in Limgrave.	One independently authored walkthrough lead, matched by exact item name inside a declared region bucket. It does not prove a v1.17 event predicate, access requirement, absence of alternate acquisition, or the accuracy of AP's descriptive location suffix.
redmaw-w4-34-check-7774592	check	7774592	identity_region	"{""item_name"":""Grovel for Mercy"",""region"":""Limgrave""}"	wiki:redmaw:walkthrough:20260712183803	gameplay-guide:redmaw	lead_only	unknown	redmaw:#west-limgrave:w4-34	The walkthrough records Grovel for Mercy in its west-limgrave segment; that item name identifies one current AP check in Limgrave.	One independently authored walkthrough lead, matched by exact item name inside a declared region bucket. It does not prove a v1.17 event predicate, access requirement, absence of alternate acquisition, or the accuracy of AP's descriptive location suffix.
redmaw-w4-4-check-7770083	check	7770083	identity_region	"{""item_name"":""Nomadic Warrior's Cookbook [6]"",""region"":""Limgrave""}"	wiki:redmaw:walkthrough:20260712183803	gameplay-guide:redmaw	lead_only	unknown	redmaw:#west-limgrave:w4-4	The walkthrough records Nomadic Warrior's Cookbook [6] in its west-limgrave segment; that item name identifies one current AP check in Limgrave.	One independently authored walkthrough lead, matched by exact item name inside a declared region bucket. It does not prove a v1.17 event predicate, access requirement, absence of alternate acquisition, or the accuracy of AP's descriptive location suffix.
redmaw-w4-45-check-7770720	check	7770720	identity_region	"{""item_name"":""Ash of War: Unsheathe"",""region"":""Limgrave""}"	wiki:redmaw:walkthrough:20260712183803	gameplay-guide:redmaw	lead_only	unknown	redmaw:#west-limgrave:w4-45	The walkthrough records Ash of War: Unsheathe in its west-limgrave segment; that item name identifies one current AP check in Limgrave.	One independently authored walkthrough lead, matched by exact item name inside a declared region bucket. It does not prove a v1.17 event predicate, access requirement, absence of alternate acquisition, or the accuracy of AP's descriptive location suffix.
redmaw-w4-47-check-7772880	check	7772880	identity_region	"{""item_name"":""Slumbering Egg"",""region"":""Limgrave""}"	wiki:redmaw:walkthrough:20260712183803	gameplay-guide:redmaw	lead_only	unknown	redmaw:#west-limgrave:w4-47	The walkthrough records Slumbering Egg in its west-limgrave segment; that item name identifies one current AP check in Limgrave.	One independently authored walkthrough lead, matched by exact item name inside a declared region bucket. It does not prove a v1.17 event predicate, access requirement, absence of alternate acquisition, or the accuracy of AP's descriptive location suffix.
redmaw-w4-5-check-7772955	check	7772955	identity_region	"{""item_name"":""Ash of War: Bloody Slash"",""region"":""Limgrave""}"	wiki:redmaw:walkthrough:20260712183803	gameplay-guide:redmaw	lead_only	unknown	redmaw:#west-limgrave:w4-5	The walkthrough records Ash of War: Bloody Slash in its west-limgrave segment; that item name identifies one current AP check in Limgrave.	One independently authored walkthrough lead, matched by exact item name inside a declared region bucket. It does not prove a v1.17 event predicate, access requirement, absence of alternate acquisition, or the accuracy of AP's descriptive location suffix.
redmaw-w4-51-check-7770801	check	7770801	identity_region	"{""item_name"":""Incantation Scarab"",""region"":""Limgrave""}"	wiki:redmaw:walkthrough:20260712183803	gameplay-guide:redmaw	lead_only	unknown	redmaw:#west-limgrave:w4-51	The walkthrough records Incantation Scarab in its west-limgrave segment; that item name identifies one current AP check in Limgrave.	One independently authored walkthrough lead, matched by exact item name inside a declared region bucket. It does not prove a v1.17 event predicate, access requirement, absence of alternate acquisition, or the accuracy of AP's descriptive location suffix.
redmaw-w4-52-check-7770693	check	7770693	identity_region	"{""item_name"":""Dragon Heart"",""region"":""Limgrave""}"	wiki:redmaw:walkthrough:20260712183803	gameplay-guide:redmaw	lead_only	unknown	redmaw:#west-limgrave:w4-52	The walkthrough records Dragon Heart in its west-limgrave segment; that item name identifies one current AP check in Limgrave.	One independently authored walkthrough lead, matched by exact item name inside a declared region bucket. It does not prove a v1.17 event predicate, access requirement, absence of alternate acquisition, or the accuracy of AP's descriptive location suffix.
redmaw-w4-68-check-7773840	check	7773840	identity_region	"{""item_name"":""Roar Medallion"",""region"":""Limgrave""}"	wiki:redmaw:walkthrough:20260712183803	gameplay-guide:redmaw	lead_only	unknown	redmaw:#west-limgrave:w4-68	The walkthrough records Roar Medallion in its west-limgrave segment; that item name identifies one current AP check in Limgrave.	One independently authored walkthrough lead, matched by exact item name inside a declared region bucket. It does not prove a v1.17 event predicate, access requirement, absence of alternate acquisition, or the accuracy of AP's descriptive location suffix.
redmaw-w4-69-check-7772888	check	7772888	identity_region	"{""item_name"":""Ash of War: Repeating Thrust"",""region"":""Limgrave""}"	wiki:redmaw:walkthrough:20260712183803	gameplay-guide:redmaw	lead_only	unknown	redmaw:#west-limgrave:w4-69	The walkthrough records Ash of War: Repeating Thrust in its west-limgrave segment; that item name identifies one current AP check in Limgrave.	One independently authored walkthrough lead, matched by exact item name inside a declared region bucket. It does not prove a v1.17 event predicate, access requirement, absence of alternate acquisition, or the accuracy of AP's descriptive location suffix.
redmaw-w4-7-check-7772954	check	7772954	identity_region	"{""item_name"":""Dectus Medallion (Left)"",""region"":""Limgrave""}"	wiki:redmaw:walkthrough:20260712183803	gameplay-guide:redmaw	lead_only	unknown	redmaw:#west-limgrave:w4-7	The walkthrough records Dectus Medallion (Left) in its west-limgrave segment; that item name identifies one current AP check in Limgrave.	One independently authored walkthrough lead, matched by exact item name inside a declared region bucket. It does not prove a v1.17 event predicate, access requirement, absence of alternate acquisition, or the accuracy of AP's descriptive location suffix.
redmaw-w4-71-check-7774379	check	7774379	identity_region	"{""item_name"":""Greataxe"",""region"":""Limgrave""}"	wiki:redmaw:walkthrough:20260712183803	gameplay-guide:redmaw	lead_only	unknown	redmaw:#west-limgrave:w4-71	The walkthrough records Greataxe in its west-limgrave segment; that item name identifies one current AP check in Limgrave.	One independently authored walkthrough lead, matched by exact item name inside a declared region bucket. It does not prove a v1.17 event predicate, access requirement, absence of alternate acquisition, or the accuracy of AP's descriptive location suffix.
redmaw-w4-75-check-7772925	check	7772925	identity_region	"{""item_name"":""Immunizing Cured Meat"",""region"":""Limgrave""}"	wiki:redmaw:walkthrough:20260712183803	gameplay-guide:redmaw	lead_only	unknown	redmaw:#west-limgrave:w4-75	The walkthrough records Immunizing Cured Meat in its west-limgrave segment; that item name identifies one current AP check in Limgrave.	One independently authored walkthrough lead, matched by exact item name inside a declared region bucket. It does not prove a v1.17 event predicate, access requirement, absence of alternate acquisition, or the accuracy of AP's descriptive location suffix.
redmaw-w4-78-check-7774607	check	7774607	identity_region	"{""item_name"":""Nod In Thought"",""region"":""Limgrave""}"	wiki:redmaw:walkthrough:20260712183803	gameplay-guide:redmaw	lead_only	unknown	redmaw:#west-limgrave:w4-78	The walkthrough records Nod In Thought in its west-limgrave segment; that item name identifies one current AP check in Limgrave.	One independently authored walkthrough lead, matched by exact item name inside a declared region bucket. It does not prove a v1.17 event predicate, access requirement, absence of alternate acquisition, or the accuracy of AP's descriptive location suffix.
redmaw-w4-79-check-7774380	check	7774380	identity_region	"{""item_name"":""Glintstone Staff"",""region"":""Limgrave""}"	wiki:redmaw:walkthrough:20260712183803	gameplay-guide:redmaw	lead_only	unknown	redmaw:#west-limgrave:w4-79	The walkthrough records Glintstone Staff in its west-limgrave segment; that item name identifies one current AP check in Limgrave.	One independently authored walkthrough lead, matched by exact item name inside a declared region bucket. It does not prove a v1.17 event predicate, access requirement, absence of alternate acquisition, or the accuracy of AP's descriptive location suffix.
redmaw-w4-81-check-7774378	check	7774378	identity_region	"{""item_name"":""Great Epee"",""region"":""Limgrave""}"	wiki:redmaw:walkthrough:20260712183803	gameplay-guide:redmaw	lead_only	unknown	redmaw:#west-limgrave:w4-81	The walkthrough records Great Epee in its west-limgrave segment; that item name identifies one current AP check in Limgrave.	One independently authored walkthrough lead, matched by exact item name inside a declared region bucket. It does not prove a v1.17 event predicate, access requirement, absence of alternate acquisition, or the accuracy of AP's descriptive location suffix.
redmaw-w4-82-check-7774371	check	7774371	identity_region	"{""item_name"":""Royal House Scroll"",""region"":""Limgrave""}"	wiki:redmaw:walkthrough:20260712183803	gameplay-guide:redmaw	lead_only	unknown	redmaw:#west-limgrave:w4-82	The walkthrough records Royal House Scroll in its west-limgrave segment; that item name identifies one current AP check in Limgrave.	One independently authored walkthrough lead, matched by exact item name inside a declared region bucket. It does not prove a v1.17 event predicate, access requirement, absence of alternate acquisition, or the accuracy of AP's descriptive location suffix.
redmaw-w4-85-check-7772922	check	7772922	identity_region	"{""item_name"":""Larval Tear"",""region"":""Limgrave""}"	wiki:redmaw:walkthrough:20260712183803	gameplay-guide:redmaw	lead_only	unknown	redmaw:#west-limgrave:w4-85	The walkthrough records Larval Tear in its west-limgrave segment; that item name identifies one current AP check in Limgrave.	One independently authored walkthrough lead, matched by exact item name inside a declared region bucket. It does not prove a v1.17 event predicate, access requirement, absence of alternate acquisition, or the accuracy of AP's descriptive location suffix.
redmaw-w4-87-check-7770723	check	7770723	identity_region	"{""item_name"":""Ash of War: Stamp (Sweep)"",""region"":""Limgrave""}"	wiki:redmaw:walkthrough:20260712183803	gameplay-guide:redmaw	lead_only	unknown	redmaw:#west-limgrave:w4-87	The walkthrough records Ash of War: Stamp (Sweep) in its west-limgrave segment; that item name identifies one current AP check in Limgrave.	One independently authored walkthrough lead, matched by exact item name inside a declared region bucket. It does not prove a v1.17 event predicate, access requirement, absence of alternate acquisition, or the accuracy of AP's descriptive location suffix.
redmaw-w4-95-check-7770690	check	7770690	identity_region	"{""item_name"":""Sewing Needle"",""region"":""Limgrave""}"	wiki:redmaw:walkthrough:20260712183803	gameplay-guide:redmaw	lead_only	unknown	redmaw:#west-limgrave:w4-95	The walkthrough records Sewing Needle in its west-limgrave segment; that item name identifies one current AP check in Limgrave.	One independently authored walkthrough lead, matched by exact item name inside a declared region bucket. It does not prove a v1.17 event predicate, access requirement, absence of alternate acquisition, or the accuracy of AP's descriptive location suffix.
redmaw-w4-95-check-7773659	check	7773659	identity_region	"{""item_name"":""Tailoring Tools"",""region"":""Limgrave""}"	wiki:redmaw:walkthrough:20260712183803	gameplay-guide:redmaw	lead_only	unknown	redmaw:#west-limgrave:w4-95	The walkthrough records Tailoring Tools in its west-limgrave segment; that item name identifies one current AP check in Limgrave.	One independently authored walkthrough lead, matched by exact item name inside a declared region bucket. It does not prove a v1.17 event predicate, access requirement, absence of alternate acquisition, or the accuracy of AP's descriptive location suffix.
redmaw-w40-1-check-7773890	check	7773890	identity_region	"{""item_name"":""Ash of War: Seppuku"",""region"":""Mountaintops of the Giants""}"	wiki:redmaw:walkthrough:20260712183803	gameplay-guide:redmaw	lead_only	unknown	redmaw:#east-mountaintops:w40-1	The walkthrough records Ash of War: Seppuku in its east-mountaintops segment; that item name identifies one current AP check in Mountaintops of the Giants.	One independently authored walkthrough lead, matched by exact item name inside a declared region bucket. It does not prove a v1.17 event predicate, access requirement, absence of alternate acquisition, or the accuracy of AP's descriptive location suffix.
redmaw-w40-10-check-7773837	check	7773837	identity_region	"{""item_name"":""Godskin Swaddling Cloth"",""region"":""Mountaintops of the Giants""}"	wiki:redmaw:walkthrough:20260712183803	gameplay-guide:redmaw	lead_only	unknown	redmaw:#east-mountaintops:w40-10	The walkthrough records Godskin Swaddling Cloth in its east-mountaintops segment; that item name identifies one current AP check in Mountaintops of the Giants.	One independently authored walkthrough lead, matched by exact item name inside a declared region bucket. It does not prove a v1.17 event predicate, access requirement, absence of alternate acquisition, or the accuracy of AP's descriptive location suffix.
redmaw-w40-10-check-7900140	check	7900140	identity_region	"{""item_name"":""Black Flame Ritual"",""region"":""Mountaintops of the Giants""}"	wiki:redmaw:walkthrough:20260712183803	gameplay-guide:redmaw	lead_only	unknown	redmaw:#east-mountaintops:w40-10	The walkthrough records Black Flame Ritual in its east-mountaintops segment; that item name identifies one current AP check in Mountaintops of the Giants.	One independently authored walkthrough lead, matched by exact item name inside a declared region bucket. It does not prove a v1.17 event predicate, access requirement, absence of alternate acquisition, or the accuracy of AP's descriptive location suffix.
redmaw-w40-12-check-7773204	check	7773204	identity_region	"{""item_name"":""Somberstone Miner's Bell Bearing [3]"",""region"":""Mountaintops of the Giants""}"	wiki:redmaw:walkthrough:20260712183803	gameplay-guide:redmaw	lead_only	unknown	redmaw:#east-mountaintops:w40-12	The walkthrough records Somberstone Miner's Bell Bearing [3] in its east-mountaintops segment; that item name identifies one current AP check in Mountaintops of the Giants.	One independently authored walkthrough lead, matched by exact item name inside a declared region bucket. It does not prove a v1.17 event predicate, access requirement, absence of alternate acquisition, or the accuracy of AP's descriptive location suffix.
redmaw-w40-17-check-7773860	check	7773860	identity_region	"{""item_name"":""Vyke's Dragonbolt"",""region"":""Mountaintops of the Giants""}"	wiki:redmaw:walkthrough:20260712183803	gameplay-guide:redmaw	lead_only	unknown	redmaw:#east-mountaintops:w40-17	The walkthrough records Vyke's Dragonbolt in its east-mountaintops segment; that item name identifies one current AP check in Mountaintops of the Giants.	One independently authored walkthrough lead, matched by exact item name inside a declared region bucket. It does not prove a v1.17 event predicate, access requirement, absence of alternate acquisition, or the accuracy of AP's descriptive location suffix.
redmaw-w40-25-check-7774531	check	7774531	identity_region	"{""item_name"":""One-Eyed Shield"",""region"":""Mountaintops of the Giants""}"	wiki:redmaw:walkthrough:20260712183803	gameplay-guide:redmaw	lead_only	unknown	redmaw:#east-mountaintops:w40-25	The walkthrough records One-Eyed Shield in its east-mountaintops segment; that item name identifies one current AP check in Mountaintops of the Giants.	One independently authored walkthrough lead, matched by exact item name inside a declared region bucket. It does not prove a v1.17 event predicate, access requirement, absence of alternate acquisition, or the accuracy of AP's descriptive location suffix.
redmaw-w40-26-check-7773195	check	7773195	identity_region	"{""item_name"":""Giant's Prayerbook"",""region"":""Mountaintops of the Giants""}"	wiki:redmaw:walkthrough:20260712183803	gameplay-guide:redmaw	lead_only	unknown	redmaw:#east-mountaintops:w40-26	The walkthrough records Giant's Prayerbook in its east-mountaintops segment; that item name identifies one current AP check in Mountaintops of the Giants.	One independently authored walkthrough lead, matched by exact item name inside a declared region bucket. It does not prove a v1.17 event predicate, access requirement, absence of alternate acquisition, or the accuracy of AP's descriptive location suffix.
redmaw-w40-28-check-7773192	check	7773192	identity_region	"{""item_name"":""Golden Rune [8]"",""region"":""Mountaintops of the Giants""}"	wiki:redmaw:walkthrough:20260712183803	gameplay-guide:redmaw	lead_only	unknown	redmaw:#east-mountaintops:w40-28	The walkthrough records Golden Rune [8] in its east-mountaintops segment; that item name identifies one current AP check in Mountaintops of the Giants.	One independently authored walkthrough lead, matched by exact item name inside a declared region bucket. It does not prove a v1.17 event predicate, access requirement, absence of alternate acquisition, or the accuracy of AP's descriptive location suffix.
redmaw-w40-29-check-7773892	check	7773892	identity_region	"{""item_name"":""Ash of War: Prelate's Charge"",""region"":""Mountaintops of the Giants""}"	wiki:redmaw:walkthrough:20260712183803	gameplay-guide:redmaw	lead_only	unknown	redmaw:#east-mountaintops:w40-29	The walkthrough records Ash of War: Prelate's Charge in its east-mountaintops segment; that item name identifies one current AP check in Mountaintops of the Giants.	One independently authored walkthrough lead, matched by exact item name inside a declared region bucket. It does not prove a v1.17 event predicate, access requirement, absence of alternate acquisition, or the accuracy of AP's descriptive location suffix.
redmaw-w40-3-check-7773859	check	7773859	identity_region	"{""item_name"":""Dragon Heart"",""region"":""Mountaintops of the Giants""}"	wiki:redmaw:walkthrough:20260712183803	gameplay-guide:redmaw	lead_only	unknown	redmaw:#east-mountaintops:w40-3	The walkthrough records Dragon Heart in its east-mountaintops segment; that item name identifies one current AP check in Mountaintops of the Giants.	One independently authored walkthrough lead, matched by exact item name inside a declared region bucket. It does not prove a v1.17 event predicate, access requirement, absence of alternate acquisition, or the accuracy of AP's descriptive location suffix.
redmaw-w40-36-check-7772095	check	7772095	identity_region	"{""item_name"":""Flame, Protect Me"",""region"":""Mountaintops of the Giants""}"	wiki:redmaw:walkthrough:20260712183803	gameplay-guide:redmaw	lead_only	unknown	redmaw:#east-mountaintops:w40-36	The walkthrough records Flame, Protect Me in its east-mountaintops segment; that item name identifies one current AP check in Mountaintops of the Giants.	One independently authored walkthrough lead, matched by exact item name inside a declared region bucket. It does not prove a v1.17 event predicate, access requirement, absence of alternate acquisition, or the accuracy of AP's descriptive location suffix.
redmaw-w40-40-check-7772094	check	7772094	identity_region	"{""item_name"":""Cranial Vessel Candlestand"",""region"":""Mountaintops of the Giants""}"	wiki:redmaw:walkthrough:20260712183803	gameplay-guide:redmaw	lead_only	unknown	redmaw:#east-mountaintops:w40-40	The walkthrough records Cranial Vessel Candlestand in its east-mountaintops segment; that item name identifies one current AP check in Mountaintops of the Giants.	One independently authored walkthrough lead, matched by exact item name inside a declared region bucket. It does not prove a v1.17 event predicate, access requirement, absence of alternate acquisition, or the accuracy of AP's descriptive location suffix.
redmaw-w40-42-check-7772097	check	7772097	identity_region	"{""item_name"":""Giant's Seal"",""region"":""Mountaintops of the Giants""}"	wiki:redmaw:walkthrough:20260712183803	gameplay-guide:redmaw	lead_only	unknown	redmaw:#east-mountaintops:w40-42	The walkthrough records Giant's Seal in its east-mountaintops segment; that item name identifies one current AP check in Mountaintops of the Giants.	One independently authored walkthrough lead, matched by exact item name inside a declared region bucket. It does not prove a v1.17 event predicate, access requirement, absence of alternate acquisition, or the accuracy of AP's descriptive location suffix.
redmaw-w40-47-check-7773819	check	7773819	identity_region	"{""item_name"":""Zamor Curved Sword"",""region"":""Mountaintops of the Giants""}"	wiki:redmaw:walkthrough:20260712183803	gameplay-guide:redmaw	lead_only	unknown	redmaw:#east-mountaintops:w40-47	The walkthrough records Zamor Curved Sword in its east-mountaintops segment; that item name identifies one current AP check in Mountaintops of the Giants.	One independently authored walkthrough lead, matched by exact item name inside a declared region bucket. It does not prove a v1.17 event predicate, access requirement, absence of alternate acquisition, or the accuracy of AP's descriptive location suffix.
redmaw-w40-49-check-7774513	check	7774513	identity_region	"{""item_name"":""Rivers of Blood"",""region"":""Mountaintops of the Giants""}"	wiki:redmaw:walkthrough:20260712183803	gameplay-guide:redmaw	lead_only	unknown	redmaw:#east-mountaintops:w40-49	The walkthrough records Rivers of Blood in its east-mountaintops segment; that item name identifies one current AP check in Mountaintops of the Giants.	One independently authored walkthrough lead, matched by exact item name inside a declared region bucket. It does not prove a v1.17 event predicate, access requirement, absence of alternate acquisition, or the accuracy of AP's descriptive location suffix.
redmaw-w40-49-check-7900275	check	7900275	identity_region	"{""item_name"":""Okina Mask"",""region"":""Mountaintops of the Giants""}"	wiki:redmaw:walkthrough:20260712183803	gameplay-guide:redmaw	lead_only	unknown	redmaw:#east-mountaintops:w40-49	The walkthrough records Okina Mask in its east-mountaintops segment; that item name identifies one current AP check in Mountaintops of the Giants.	One independently authored walkthrough lead, matched by exact item name inside a declared region bucket. It does not prove a v1.17 event predicate, access requirement, absence of alternate acquisition, or the accuracy of AP's descriptive location suffix.
redmaw-w40-52-check-7773130	check	7773130	identity_region	"{""item_name"":""Ancient Dragon Smithing Stone"",""region"":""Mountaintops of the Giants""}"	wiki:redmaw:walkthrough:20260712183803	gameplay-guide:redmaw	lead_only	unknown	redmaw:#east-mountaintops:w40-52	The walkthrough records Ancient Dragon Smithing Stone in its east-mountaintops segment; that item name identifies one current AP check in Mountaintops of the Giants.	One independently authored walkthrough lead, matched by exact item name inside a declared region bucket. It does not prove a v1.17 event predicate, access requirement, absence of alternate acquisition, or the accuracy of AP's descriptive location suffix.
redmaw-w40-62-check-7770037	check	7770037	identity_region	"{""item_name"":""Crimsonwhorl Bubbletear"",""region"":""Mountaintops of the Giants""}"	wiki:redmaw:walkthrough:20260712183803	gameplay-guide:redmaw	lead_only	unknown	redmaw:#east-mountaintops:w40-62	The walkthrough records Crimsonwhorl Bubbletear in its east-mountaintops segment; that item name identifies one current AP check in Mountaintops of the Giants.	One independently authored walkthrough lead, matched by exact item name inside a declared region bucket. It does not prove a v1.17 event predicate, access requirement, absence of alternate acquisition, or the accuracy of AP's descriptive location suffix.
redmaw-w40-63-check-7770666	check	7770666	identity_region	"{""item_name"":""Remembrance of the Fire Giant"",""region"":""Mountaintops of the Giants""}"	wiki:redmaw:walkthrough:20260712183803	gameplay-guide:redmaw	lead_only	unknown	redmaw:#east-mountaintops:w40-63	The walkthrough records Remembrance of the Fire Giant in its east-mountaintops segment; that item name identifies one current AP check in Mountaintops of the Giants.	One independently authored walkthrough lead, matched by exact item name inside a declared region bucket. It does not prove a v1.17 event predicate, access requirement, absence of alternate acquisition, or the accuracy of AP's descriptive location suffix.
redmaw-w40-7-check-7772241	check	7772241	identity_region	"{""item_name"":""Hero's Rune [1]"",""region"":""Mountaintops of the Giants""}"	wiki:redmaw:walkthrough:20260712183803	gameplay-guide:redmaw	lead_only	unknown	redmaw:#east-mountaintops:w40-7	The walkthrough records Hero's Rune [1] in its east-mountaintops segment; that item name identifies one current AP check in Mountaintops of the Giants.	One independently authored walkthrough lead, matched by exact item name inside a declared region bucket. It does not prove a v1.17 event predicate, access requirement, absence of alternate acquisition, or the accuracy of AP's descriptive location suffix.
redmaw-w40-9-check-7772237	check	7772237	identity_region	"{""item_name"":""Golden Rune [6]"",""region"":""Mountaintops of the Giants""}"	wiki:redmaw:walkthrough:20260712183803	gameplay-guide:redmaw	lead_only	unknown	redmaw:#east-mountaintops:w40-9	The walkthrough records Golden Rune [6] in its east-mountaintops segment; that item name identifies one current AP check in Mountaintops of the Giants.	One independently authored walkthrough lead, matched by exact item name inside a declared region bucket. It does not prove a v1.17 event predicate, access requirement, absence of alternate acquisition, or the accuracy of AP's descriptive location suffix.
redmaw-w41-10-check-7770807	check	7770807	identity_region	"{""item_name"":""Ash of War: Rain of Arrows"",""region"":""Caelid""}"	wiki:redmaw:walkthrough:20260712183803	gameplay-guide:redmaw	lead_only	unknown	redmaw:#dragonbarrow:w41-10	The walkthrough records Ash of War: Rain of Arrows in its dragonbarrow segment; that item name identifies one current AP check in Caelid.	One independently authored walkthrough lead, matched by exact item name inside a declared region bucket. It does not prove a v1.17 event predicate, access requirement, absence of alternate acquisition, or the accuracy of AP's descriptive location suffix.
redmaw-w41-12-check-7774528	check	7774528	identity_region	"{""item_name"":""Ash of War: Bloodhound's Step"",""region"":""Caelid""}"	wiki:redmaw:walkthrough:20260712183803	gameplay-guide:redmaw	lead_only	unknown	redmaw:#dragonbarrow:w41-12	The walkthrough records Ash of War: Bloodhound's Step in its dragonbarrow segment; that item name identifies one current AP check in Caelid.	One independently authored walkthrough lead, matched by exact item name inside a declared region bucket. It does not prove a v1.17 event predicate, access requirement, absence of alternate acquisition, or the accuracy of AP's descriptive location suffix.
redmaw-w41-16-check-7772159	check	7772159	identity_region	"{""item_name"":""Bull-Goat's Talisman"",""region"":""Caelid""}"	wiki:redmaw:walkthrough:20260712183803	gameplay-guide:redmaw	lead_only	unknown	redmaw:#dragonbarrow:w41-16	The walkthrough records Bull-Goat's Talisman in its dragonbarrow segment; that item name identifies one current AP check in Caelid.	One independently authored walkthrough lead, matched by exact item name inside a declared region bucket. It does not prove a v1.17 event predicate, access requirement, absence of alternate acquisition, or the accuracy of AP's descriptive location suffix.
redmaw-w41-18-check-7773833	check	7773833	identity_region	"{""item_name"":""Flamedrake Talisman +2"",""region"":""Caelid""}"	wiki:redmaw:walkthrough:20260712183803	gameplay-guide:redmaw	lead_only	unknown	redmaw:#dragonbarrow:w41-18	The walkthrough records Flamedrake Talisman +2 in its dragonbarrow segment; that item name identifies one current AP check in Caelid.	One independently authored walkthrough lead, matched by exact item name inside a declared region bucket. It does not prove a v1.17 event predicate, access requirement, absence of alternate acquisition, or the accuracy of AP's descriptive location suffix.
redmaw-w41-2-check-7773857	check	7773857	identity_region	"{""item_name"":""Gargoyle's Blackblade"",""region"":""Caelid""}"	wiki:redmaw:walkthrough:20260712183803	gameplay-guide:redmaw	lead_only	unknown	redmaw:#dragonbarrow:w41-2	The walkthrough records Gargoyle's Blackblade in its dragonbarrow segment; that item name identifies one current AP check in Caelid.	One independently authored walkthrough lead, matched by exact item name inside a declared region bucket. It does not prove a v1.17 event predicate, access requirement, absence of alternate acquisition, or the accuracy of AP's descriptive location suffix.
redmaw-w41-2-check-7900149	check	7900149	identity_region	"{""item_name"":""Gargoyle's Black Halberd"",""region"":""Caelid""}"	wiki:redmaw:walkthrough:20260712183803	gameplay-guide:redmaw	lead_only	unknown	redmaw:#dragonbarrow:w41-2	The walkthrough records Gargoyle's Black Halberd in its dragonbarrow segment; that item name identifies one current AP check in Caelid.	One independently authored walkthrough lead, matched by exact item name inside a declared region bucket. It does not prove a v1.17 event predicate, access requirement, absence of alternate acquisition, or the accuracy of AP's descriptive location suffix.
redmaw-w41-23-check-7772093	check	7772093	identity_region	"{""item_name"":""Collapsing Stars"",""region"":""Caelid""}"	wiki:redmaw:walkthrough:20260712183803	gameplay-guide:redmaw	lead_only	unknown	redmaw:#dragonbarrow:w41-23	The walkthrough records Collapsing Stars in its dragonbarrow segment; that item name identifies one current AP check in Caelid.	One independently authored walkthrough lead, matched by exact item name inside a declared region bucket. It does not prove a v1.17 event predicate, access requirement, absence of alternate acquisition, or the accuracy of AP's descriptive location suffix.
redmaw-w41-24-check-7772092	check	7772092	identity_region	"{""item_name"":""Silver-Pickled Fowl Foot"",""region"":""Caelid""}"	wiki:redmaw:walkthrough:20260712183803	gameplay-guide:redmaw	lead_only	unknown	redmaw:#dragonbarrow:w41-24	The walkthrough records Silver-Pickled Fowl Foot in its dragonbarrow segment; that item name identifies one current AP check in Caelid.	One independently authored walkthrough lead, matched by exact item name inside a declared region bucket. It does not prove a v1.17 event predicate, access requirement, absence of alternate acquisition, or the accuracy of AP's descriptive location suffix.
redmaw-w41-28-check-7772091	check	7772091	identity_region	"{""item_name"":""Radahn Soldier Ashes"",""region"":""Caelid""}"	wiki:redmaw:walkthrough:20260712183803	gameplay-guide:redmaw	lead_only	unknown	redmaw:#dragonbarrow:w41-28	The walkthrough records Radahn Soldier Ashes in its dragonbarrow segment; that item name identifies one current AP check in Caelid.	One independently authored walkthrough lead, matched by exact item name inside a declared region bucket. It does not prove a v1.17 event predicate, access requirement, absence of alternate acquisition, or the accuracy of AP's descriptive location suffix.
redmaw-w41-30-check-7773818	check	7773818	identity_region	"{""item_name"":""Redmane Knight Ogha"",""region"":""Caelid""}"	wiki:redmaw:walkthrough:20260712183803	gameplay-guide:redmaw	lead_only	unknown	redmaw:#dragonbarrow:w41-30	The walkthrough records Redmane Knight Ogha in its dragonbarrow segment; that item name identifies one current AP check in Caelid.	One independently authored walkthrough lead, matched by exact item name inside a declared region bucket. It does not prove a v1.17 event predicate, access requirement, absence of alternate acquisition, or the accuracy of AP's descriptive location suffix.
redmaw-w41-33-check-7774439	check	7774439	identity_region	"{""item_name"":""Spiked Palisade Shield"",""region"":""Caelid""}"	wiki:redmaw:walkthrough:20260712183803	gameplay-guide:redmaw	lead_only	unknown	redmaw:#dragonbarrow:w41-33	The walkthrough records Spiked Palisade Shield in its dragonbarrow segment; that item name identifies one current AP check in Caelid.	One independently authored walkthrough lead, matched by exact item name inside a declared region bucket. It does not prove a v1.17 event predicate, access requirement, absence of alternate acquisition, or the accuracy of AP's descriptive location suffix.
redmaw-w41-34-check-7770624	check	7770624	identity_region	"{""item_name"":""Great-Jar's Arsenal"",""region"":""Caelid""}"	wiki:redmaw:walkthrough:20260712183803	gameplay-guide:redmaw	lead_only	unknown	redmaw:#dragonbarrow:w41-34	The walkthrough records Great-Jar's Arsenal in its dragonbarrow segment; that item name identifies one current AP check in Caelid.	One independently authored walkthrough lead, matched by exact item name inside a declared region bucket. It does not prove a v1.17 event predicate, access requirement, absence of alternate acquisition, or the accuracy of AP's descriptive location suffix.
redmaw-w41-36-check-7773888	check	7773888	identity_region	"{""item_name"":""Somber Smithing Stone [8]"",""region"":""Caelid""}"	wiki:redmaw:walkthrough:20260712183803	gameplay-guide:redmaw	lead_only	unknown	redmaw:#dragonbarrow:w41-36	The walkthrough records Somber Smithing Stone [8] in its dragonbarrow segment; that item name identifies one current AP check in Caelid.	One independently authored walkthrough lead, matched by exact item name inside a declared region bucket. It does not prove a v1.17 event predicate, access requirement, absence of alternate acquisition, or the accuracy of AP's descriptive location suffix.
redmaw-w41-38-check-7773061	check	7773061	identity_region	"{""item_name"":""Numen's Rune"",""region"":""Caelid""}"	wiki:redmaw:walkthrough:20260712183803	gameplay-guide:redmaw	lead_only	unknown	redmaw:#dragonbarrow:w41-38	The walkthrough records Numen's Rune in its dragonbarrow segment; that item name identifies one current AP check in Caelid.	One independently authored walkthrough lead, matched by exact item name inside a declared region bucket. It does not prove a v1.17 event predicate, access requirement, absence of alternate acquisition, or the accuracy of AP's descriptive location suffix.
redmaw-w41-4-check-7774510	check	7774510	identity_region	"{""item_name"":""Cinquedea"",""region"":""Caelid""}"	wiki:redmaw:walkthrough:20260712183803	gameplay-guide:redmaw	lead_only	unknown	redmaw:#dragonbarrow:w41-4	The walkthrough records Cinquedea in its dragonbarrow segment; that item name identifies one current AP check in Caelid.	One independently authored walkthrough lead, matched by exact item name inside a declared region bucket. It does not prove a v1.17 event predicate, access requirement, absence of alternate acquisition, or the accuracy of AP's descriptive location suffix.
redmaw-w41-4-check-7774511	check	7774511	identity_region	"{""item_name"":""Dragoncrest Shield Talisman"",""region"":""Caelid""}"	wiki:redmaw:walkthrough:20260712183803	gameplay-guide:redmaw	lead_only	unknown	redmaw:#dragonbarrow:w41-4	The walkthrough records Dragoncrest Shield Talisman in its dragonbarrow segment; that item name identifies one current AP check in Caelid.	One independently authored walkthrough lead, matched by exact item name inside a declared region bucket. It does not prove a v1.17 event predicate, access requirement, absence of alternate acquisition, or the accuracy of AP's descriptive location suffix.
redmaw-w41-47-check-7772341	check	7772341	identity_region	"{""item_name"":""Godslayer's Greatsword"",""region"":""Caelid""}"	wiki:redmaw:walkthrough:20260712183803	gameplay-guide:redmaw	lead_only	unknown	redmaw:#dragonbarrow:w41-47	The walkthrough records Godslayer's Greatsword in its dragonbarrow segment; that item name identifies one current AP check in Caelid.	One independently authored walkthrough lead, matched by exact item name inside a declared region bucket. It does not prove a v1.17 event predicate, access requirement, absence of alternate acquisition, or the accuracy of AP's descriptive location suffix.
redmaw-w41-48-check-7773020	check	7773020	identity_region	"{""item_name"":""Gravity Stone Peddler's Bell Bearing"",""region"":""Caelid""}"	wiki:redmaw:walkthrough:20260712183803	gameplay-guide:redmaw	lead_only	unknown	redmaw:#dragonbarrow:w41-48	The walkthrough records Gravity Stone Peddler's Bell Bearing in its dragonbarrow segment; that item name identifies one current AP check in Caelid.	One independently authored walkthrough lead, matched by exact item name inside a declared region bucket. It does not prove a v1.17 event predicate, access requirement, absence of alternate acquisition, or the accuracy of AP's descriptive location suffix.
redmaw-w41-8-check-7773887	check	7773887	identity_region	"{""item_name"":""Bestial Constitution"",""region"":""Caelid""}"	wiki:redmaw:walkthrough:20260712183803	gameplay-guide:redmaw	lead_only	unknown	redmaw:#dragonbarrow:w41-8	The walkthrough records Bestial Constitution in its dragonbarrow segment; that item name identifies one current AP check in Caelid.	One independently authored walkthrough lead, matched by exact item name inside a declared region bucket. It does not prove a v1.17 event predicate, access requirement, absence of alternate acquisition, or the accuracy of AP's descriptive location suffix.
redmaw-w41-9-check-7773669	check	7773669	identity_region	"{""item_name"":""Opaline Hardtear"",""region"":""Caelid""}"	wiki:redmaw:walkthrough:20260712183803	gameplay-guide:redmaw	lead_only	unknown	redmaw:#dragonbarrow:w41-9	The walkthrough records Opaline Hardtear in its dragonbarrow segment; that item name identifies one current AP check in Caelid.	One independently authored walkthrough lead, matched by exact item name inside a declared region bucket. It does not prove a v1.17 event predicate, access requirement, absence of alternate acquisition, or the accuracy of AP's descriptive location suffix.
redmaw-w41-9-check-7773678	check	7773678	identity_region	"{""item_name"":""Stonebarb Cracked Tear"",""region"":""Caelid""}"	wiki:redmaw:walkthrough:20260712183803	gameplay-guide:redmaw	lead_only	unknown	redmaw:#dragonbarrow:w41-9	The walkthrough records Stonebarb Cracked Tear in its dragonbarrow segment; that item name identifies one current AP check in Caelid.	One independently authored walkthrough lead, matched by exact item name inside a declared region bucket. It does not prove a v1.17 event predicate, access requirement, absence of alternate acquisition, or the accuracy of AP's descriptive location suffix.
redmaw-w43-10-check-7771319	check	7771319	identity_region	"{""item_name"":""Swarm of Flies"",""region"":""Mohgwyn""}"	wiki:redmaw:walkthrough:20260712183803	gameplay-guide:redmaw	lead_only	unknown	redmaw:#mohgwyn-palace:w43-10	The walkthrough records Swarm of Flies in its mohgwyn-palace segment; that item name identifies one current AP check in Mohgwyn.	One independently authored walkthrough lead, matched by exact item name inside a declared region bucket. It does not prove a v1.17 event predicate, access requirement, absence of alternate acquisition, or the accuracy of AP's descriptive location suffix.
redmaw-w43-13-check-7771339	check	7771339	identity_region	"{""item_name"":""Clarifying Boluses"",""region"":""Mohgwyn""}"	wiki:redmaw:walkthrough:20260712183803	gameplay-guide:redmaw	lead_only	unknown	redmaw:#mohgwyn-palace:w43-13	The walkthrough records Clarifying Boluses in its mohgwyn-palace segment; that item name identifies one current AP check in Mohgwyn.	One independently authored walkthrough lead, matched by exact item name inside a declared region bucket. It does not prove a v1.17 event predicate, access requirement, absence of alternate acquisition, or the accuracy of AP's descriptive location suffix.
redmaw-w43-14-check-7771310	check	7771310	identity_region	"{""item_name"":""Golden Seed"",""region"":""Mohgwyn""}"	wiki:redmaw:walkthrough:20260712183803	gameplay-guide:redmaw	lead_only	unknown	redmaw:#mohgwyn-palace:w43-14	The walkthrough records Golden Seed in its mohgwyn-palace segment; that item name identifies one current AP check in Mohgwyn.	One independently authored walkthrough lead, matched by exact item name inside a declared region bucket. It does not prove a v1.17 event predicate, access requirement, absence of alternate acquisition, or the accuracy of AP's descriptive location suffix.
redmaw-w43-15-check-7770128	check	7770128	identity_region	"{""item_name"":""Nomadic Warrior's Cookbook [24]"",""region"":""Mohgwyn""}"	wiki:redmaw:walkthrough:20260712183803	gameplay-guide:redmaw	lead_only	unknown	redmaw:#mohgwyn-palace:w43-15	The walkthrough records Nomadic Warrior's Cookbook [24] in its mohgwyn-palace segment; that item name identifies one current AP check in Mohgwyn.	One independently authored walkthrough lead, matched by exact item name inside a declared region bucket. It does not prove a v1.17 event predicate, access requirement, absence of alternate acquisition, or the accuracy of AP's descriptive location suffix.
redmaw-w43-18-check-7771341	check	7771341	identity_region	"{""item_name"":""Haligdrake Talisman +2"",""region"":""Mohgwyn""}"	wiki:redmaw:walkthrough:20260712183803	gameplay-guide:redmaw	lead_only	unknown	redmaw:#mohgwyn-palace:w43-18	The walkthrough records Haligdrake Talisman +2 in its mohgwyn-palace segment; that item name identifies one current AP check in Mohgwyn.	One independently authored walkthrough lead, matched by exact item name inside a declared region bucket. It does not prove a v1.17 event predicate, access requirement, absence of alternate acquisition, or the accuracy of AP's descriptive location suffix.
redmaw-w43-19-check-7771334	check	7771334	identity_region	"{""item_name"":""Holy Grease"",""region"":""Mohgwyn""}"	wiki:redmaw:walkthrough:20260712183803	gameplay-guide:redmaw	lead_only	unknown	redmaw:#mohgwyn-palace:w43-19	The walkthrough records Holy Grease in its mohgwyn-palace segment; that item name identifies one current AP check in Mohgwyn.	One independently authored walkthrough lead, matched by exact item name inside a declared region bucket. It does not prove a v1.17 event predicate, access requirement, absence of alternate acquisition, or the accuracy of AP's descriptive location suffix.
redmaw-w43-23-check-7771325	check	7771325	identity_region	"{""item_name"":""Sacramental Bud"",""region"":""Mohgwyn""}"	wiki:redmaw:walkthrough:20260712183803	gameplay-guide:redmaw	lead_only	unknown	redmaw:#mohgwyn-palace:w43-23	The walkthrough records Sacramental Bud in its mohgwyn-palace segment; that item name identifies one current AP check in Mohgwyn.	One independently authored walkthrough lead, matched by exact item name inside a declared region bucket. It does not prove a v1.17 event predicate, access requirement, absence of alternate acquisition, or the accuracy of AP's descriptive location suffix.
redmaw-w43-27-check-7771351	check	7771351	identity_region	"{""item_name"":""Numen's Rune"",""region"":""Mohgwyn""}"	wiki:redmaw:walkthrough:20260712183803	gameplay-guide:redmaw	lead_only	unknown	redmaw:#mohgwyn-palace:w43-27	The walkthrough records Numen's Rune in its mohgwyn-palace segment; that item name identifies one current AP check in Mohgwyn.	One independently authored walkthrough lead, matched by exact item name inside a declared region bucket. It does not prove a v1.17 event predicate, access requirement, absence of alternate acquisition, or the accuracy of AP's descriptive location suffix.
redmaw-w43-32-check-7771354	check	7771354	identity_region	"{""item_name"":""Lord's Rune"",""region"":""Mohgwyn""}"	wiki:redmaw:walkthrough:20260712183803	gameplay-guide:redmaw	lead_only	unknown	redmaw:#mohgwyn-palace:w43-32	The walkthrough records Lord's Rune in its mohgwyn-palace segment; that item name identifies one current AP check in Mohgwyn.	One independently authored walkthrough lead, matched by exact item name inside a declared region bucket. It does not prove a v1.17 event predicate, access requirement, absence of alternate acquisition, or the accuracy of AP's descriptive location suffix.
redmaw-w43-36-check-7770560	check	7770560	identity_region	"{""item_name"":""Varre's Bouquet"",""region"":""Mohgwyn""}"	wiki:redmaw:walkthrough:20260712183803	gameplay-guide:redmaw	lead_only	unknown	redmaw:#mohgwyn-palace:w43-36	The walkthrough records Varre's Bouquet in its mohgwyn-palace segment; that item name identifies one current AP check in Mohgwyn.	One independently authored walkthrough lead, matched by exact item name inside a declared region bucket. It does not prove a v1.17 event predicate, access requirement, absence of alternate acquisition, or the accuracy of AP's descriptive location suffix.
redmaw-w43-37-check-7771357	check	7771357	identity_region	"{""item_name"":""Somber Ancient Dragon Smithing Stone"",""region"":""Mohgwyn""}"	wiki:redmaw:walkthrough:20260712183803	gameplay-guide:redmaw	lead_only	unknown	redmaw:#mohgwyn-palace:w43-37	The walkthrough records Somber Ancient Dragon Smithing Stone in its mohgwyn-palace segment; that item name identifies one current AP check in Mohgwyn.	One independently authored walkthrough lead, matched by exact item name inside a declared region bucket. It does not prove a v1.17 event predicate, access requirement, absence of alternate acquisition, or the accuracy of AP's descriptive location suffix.
redmaw-w43-38-check-7770005	check	7770005	identity_region	"{""item_name"":""Mohg's Great Rune"",""region"":""Mohgwyn""}"	wiki:redmaw:walkthrough:20260712183803	gameplay-guide:redmaw	lead_only	unknown	redmaw:#mohgwyn-palace:w43-38	The walkthrough records Mohg's Great Rune in its mohgwyn-palace segment; that item name identifies one current AP check in Mohgwyn.	One independently authored walkthrough lead, matched by exact item name inside a declared region bucket. It does not prove a v1.17 event predicate, access requirement, absence of alternate acquisition, or the accuracy of AP's descriptive location suffix.
redmaw-w43-38-check-7770659	check	7770659	identity_region	"{""item_name"":""Remembrance of the Blood Lord"",""region"":""Mohgwyn""}"	wiki:redmaw:walkthrough:20260712183803	gameplay-guide:redmaw	lead_only	unknown	redmaw:#mohgwyn-palace:w43-38	The walkthrough records Remembrance of the Blood Lord in its mohgwyn-palace segment; that item name identifies one current AP check in Mohgwyn.	One independently authored walkthrough lead, matched by exact item name inside a declared region bucket. It does not prove a v1.17 event predicate, access requirement, absence of alternate acquisition, or the accuracy of AP's descriptive location suffix.
redmaw-w43-5-check-7770792	check	7770792	identity_region	"{""item_name"":""Ash of War: Blood Tax"",""region"":""Mohgwyn""}"	wiki:redmaw:walkthrough:20260712183803	gameplay-guide:redmaw	lead_only	unknown	redmaw:#mohgwyn-palace:w43-5	The walkthrough records Ash of War: Blood Tax in its mohgwyn-palace segment; that item name identifies one current AP check in Mohgwyn.	One independently authored walkthrough lead, matched by exact item name inside a declared region bucket. It does not prove a v1.17 event predicate, access requirement, absence of alternate acquisition, or the accuracy of AP's descriptive location suffix.
redmaw-w43-5-check-7771318	check	7771318	identity_region	"{""item_name"":""Somber Smithing Stone [9]"",""region"":""Mohgwyn""}"	wiki:redmaw:walkthrough:20260712183803	gameplay-guide:redmaw	lead_only	unknown	redmaw:#mohgwyn-palace:w43-5	The walkthrough records Somber Smithing Stone [9] in its mohgwyn-palace segment; that item name identifies one current AP check in Mohgwyn.	One independently authored walkthrough lead, matched by exact item name inside a declared region bucket. It does not prove a v1.17 event predicate, access requirement, absence of alternate acquisition, or the accuracy of AP's descriptive location suffix.
redmaw-w43-6-check-7771314	check	7771314	identity_region	"{""item_name"":""Hero's Rune [4]"",""region"":""Mohgwyn""}"	wiki:redmaw:walkthrough:20260712183803	gameplay-guide:redmaw	lead_only	unknown	redmaw:#mohgwyn-palace:w43-6	The walkthrough records Hero's Rune [4] in its mohgwyn-palace segment; that item name identifies one current AP check in Mohgwyn.	One independently authored walkthrough lead, matched by exact item name inside a declared region bucket. It does not prove a v1.17 event predicate, access requirement, absence of alternate acquisition, or the accuracy of AP's descriptive location suffix.
redmaw-w43-9-check-7771316	check	7771316	identity_region	"{""item_name"":""Hero's Rune [3]"",""region"":""Mohgwyn""}"	wiki:redmaw:walkthrough:20260712183803	gameplay-guide:redmaw	lead_only	unknown	redmaw:#mohgwyn-palace:w43-9	The walkthrough records Hero's Rune [3] in its mohgwyn-palace segment; that item name identifies one current AP check in Mohgwyn.	One independently authored walkthrough lead, matched by exact item name inside a declared region bucket. It does not prove a v1.17 event predicate, access requirement, absence of alternate acquisition, or the accuracy of AP's descriptive location suffix.
redmaw-w45-11-check-7771622	check	7771622	identity_region	"{""item_name"":""Triple Rings of Light"",""region"":""Haligtree""}"	wiki:redmaw:walkthrough:20260712183803	gameplay-guide:redmaw	lead_only	unknown	redmaw:#elphael:w45-11	The walkthrough records Triple Rings of Light in its elphael segment; that item name identifies one current AP check in Haligtree.	One independently authored walkthrough lead, matched by exact item name inside a declared region bucket. It does not prove a v1.17 event predicate, access requirement, absence of alternate acquisition, or the accuracy of AP's descriptive location suffix.
redmaw-w45-14-check-7771624	check	7771624	identity_region	"{""item_name"":""Cleanrot Knight Finlay"",""region"":""Haligtree""}"	wiki:redmaw:walkthrough:20260712183803	gameplay-guide:redmaw	lead_only	unknown	redmaw:#elphael:w45-14	The walkthrough records Cleanrot Knight Finlay in its elphael segment; that item name identifies one current AP check in Haligtree.	One independently authored walkthrough lead, matched by exact item name inside a declared region bucket. It does not prove a v1.17 event predicate, access requirement, absence of alternate acquisition, or the accuracy of AP's descriptive location suffix.
redmaw-w45-20-check-7771635	check	7771635	identity_region	"{""item_name"":""Haligtree Soldier Ashes"",""region"":""Haligtree""}"	wiki:redmaw:walkthrough:20260712183803	gameplay-guide:redmaw	lead_only	unknown	redmaw:#elphael:w45-20	The walkthrough records Haligtree Soldier Ashes in its elphael segment; that item name identifies one current AP check in Haligtree.	One independently authored walkthrough lead, matched by exact item name inside a declared region bucket. It does not prove a v1.17 event predicate, access requirement, absence of alternate acquisition, or the accuracy of AP's descriptive location suffix.
redmaw-w45-21-check-7771648	check	7771648	identity_region	"{""item_name"":""Haligtree Knight Helm"",""region"":""Haligtree""}"	wiki:redmaw:walkthrough:20260712183803	gameplay-guide:redmaw	lead_only	unknown	redmaw:#elphael:w45-21	The walkthrough records Haligtree Knight Helm in its elphael segment; that item name identifies one current AP check in Haligtree.	One independently authored walkthrough lead, matched by exact item name inside a declared region bucket. It does not prove a v1.17 event predicate, access requirement, absence of alternate acquisition, or the accuracy of AP's descriptive location suffix.
redmaw-w45-24-check-7771636	check	7771636	identity_region	"{""item_name"":""Golden Rune [11]"",""region"":""Haligtree""}"	wiki:redmaw:walkthrough:20260712183803	gameplay-guide:redmaw	lead_only	unknown	redmaw:#elphael:w45-24	The walkthrough records Golden Rune [11] in its elphael segment; that item name identifies one current AP check in Haligtree.	One independently authored walkthrough lead, matched by exact item name inside a declared region bucket. It does not prove a v1.17 event predicate, access requirement, absence of alternate acquisition, or the accuracy of AP's descriptive location suffix.
redmaw-w45-28-check-7771643	check	7771643	identity_region	"{""item_name"":""Pickled Turtle Neck"",""region"":""Haligtree""}"	wiki:redmaw:walkthrough:20260712183803	gameplay-guide:redmaw	lead_only	unknown	redmaw:#elphael:w45-28	The walkthrough records Pickled Turtle Neck in its elphael segment; that item name identifies one current AP check in Haligtree.	One independently authored walkthrough lead, matched by exact item name inside a declared region bucket. It does not prove a v1.17 event predicate, access requirement, absence of alternate acquisition, or the accuracy of AP's descriptive location suffix.
redmaw-w45-3-check-7771619	check	7771619	identity_region	"{""item_name"":""Miquellan Knight's Sword"",""region"":""Haligtree""}"	wiki:redmaw:walkthrough:20260712183803	gameplay-guide:redmaw	lead_only	unknown	redmaw:#elphael:w45-3	The walkthrough records Miquellan Knight's Sword in its elphael segment; that item name identifies one current AP check in Haligtree.	One independently authored walkthrough lead, matched by exact item name inside a declared region bucket. It does not prove a v1.17 event predicate, access requirement, absence of alternate acquisition, or the accuracy of AP's descriptive location suffix.
redmaw-w45-31-check-7771646	check	7771646	identity_region	"{""item_name"":""Marika's Soreseal"",""region"":""Haligtree""}"	wiki:redmaw:walkthrough:20260712183803	gameplay-guide:redmaw	lead_only	unknown	redmaw:#elphael:w45-31	The walkthrough records Marika's Soreseal in its elphael segment; that item name identifies one current AP check in Haligtree.	One independently authored walkthrough lead, matched by exact item name inside a declared region bucket. It does not prove a v1.17 event predicate, access requirement, absence of alternate acquisition, or the accuracy of AP's descriptive location suffix.
redmaw-w45-32-check-7771652	check	7771652	identity_region	"{""item_name"":""Rotten Crystal Sword"",""region"":""Haligtree""}"	wiki:redmaw:walkthrough:20260712183803	gameplay-guide:redmaw	lead_only	unknown	redmaw:#elphael:w45-32	The walkthrough records Rotten Crystal Sword in its elphael segment; that item name identifies one current AP check in Haligtree.	One independently authored walkthrough lead, matched by exact item name inside a declared region bucket. It does not prove a v1.17 event predicate, access requirement, absence of alternate acquisition, or the accuracy of AP's descriptive location suffix.
redmaw-w45-37-check-7771555	check	7771555	identity_region	"{""item_name"":""Golden Seed"",""region"":""Haligtree""}"	wiki:redmaw:walkthrough:20260712183803	gameplay-guide:redmaw	lead_only	unknown	redmaw:#elphael:w45-37	The walkthrough records Golden Seed in its elphael segment; that item name identifies one current AP check in Haligtree.	One independently authored walkthrough lead, matched by exact item name inside a declared region bucket. It does not prove a v1.17 event predicate, access requirement, absence of alternate acquisition, or the accuracy of AP's descriptive location suffix.
redmaw-w45-37-check-7771655	check	7771655	identity_region	"{""item_name"":""Great Grave Glovewort"",""region"":""Haligtree""}"	wiki:redmaw:walkthrough:20260712183803	gameplay-guide:redmaw	lead_only	unknown	redmaw:#elphael:w45-37	The walkthrough records Great Grave Glovewort in its elphael segment; that item name identifies one current AP check in Haligtree.	One independently authored walkthrough lead, matched by exact item name inside a declared region bucket. It does not prove a v1.17 event predicate, access requirement, absence of alternate acquisition, or the accuracy of AP's descriptive location suffix.
redmaw-w45-4-check-7771559	check	7771559	identity_region	"{""item_name"":""Rotten Staff"",""region"":""Haligtree""}"	wiki:redmaw:walkthrough:20260712183803	gameplay-guide:redmaw	lead_only	unknown	redmaw:#elphael:w45-4	The walkthrough records Rotten Staff in its elphael segment; that item name identifies one current AP check in Haligtree.	One independently authored walkthrough lead, matched by exact item name inside a declared region bucket. It does not prove a v1.17 event predicate, access requirement, absence of alternate acquisition, or the accuracy of AP's descriptive location suffix.
redmaw-w45-42-check-7770600	check	7770600	identity_region	"{""item_name"":""Millicent's Prosthesis"",""region"":""Haligtree""}"	wiki:redmaw:walkthrough:20260712183803	gameplay-guide:redmaw	lead_only	unknown	redmaw:#elphael:w45-42	The walkthrough records Millicent's Prosthesis in its elphael segment; that item name identifies one current AP check in Haligtree.	One independently authored walkthrough lead, matched by exact item name inside a declared region bucket. It does not prove a v1.17 event predicate, access requirement, absence of alternate acquisition, or the accuracy of AP's descriptive location suffix.
redmaw-w45-45-check-7770625	check	7770625	identity_region	"{""item_name"":""Rotten Winged Sword Insignia"",""region"":""Haligtree""}"	wiki:redmaw:walkthrough:20260712183803	gameplay-guide:redmaw	lead_only	unknown	redmaw:#elphael:w45-45	The walkthrough records Rotten Winged Sword Insignia in its elphael segment; that item name identifies one current AP check in Haligtree.	One independently authored walkthrough lead, matched by exact item name inside a declared region bucket. It does not prove a v1.17 event predicate, access requirement, absence of alternate acquisition, or the accuracy of AP's descriptive location suffix.
redmaw-w45-46-check-7770599	check	7770599	identity_region	"{""item_name"":""Unalloyed Gold Needle"",""region"":""Haligtree""}"	wiki:redmaw:walkthrough:20260712183803	gameplay-guide:redmaw	lead_only	unknown	redmaw:#elphael:w45-46	The walkthrough records Unalloyed Gold Needle in its elphael segment; that item name identifies one current AP check in Haligtree.	One independently authored walkthrough lead, matched by exact item name inside a declared region bucket. It does not prove a v1.17 event predicate, access requirement, absence of alternate acquisition, or the accuracy of AP's descriptive location suffix.
redmaw-w45-48-check-7771659	check	7771659	identity_region	"{""item_name"":""Dragoncrest Greatshield Talisman"",""region"":""Haligtree""}"	wiki:redmaw:walkthrough:20260712183803	gameplay-guide:redmaw	lead_only	unknown	redmaw:#elphael:w45-48	The walkthrough records Dragoncrest Greatshield Talisman in its elphael segment; that item name identifies one current AP check in Haligtree.	One independently authored walkthrough lead, matched by exact item name inside a declared region bucket. It does not prove a v1.17 event predicate, access requirement, absence of alternate acquisition, or the accuracy of AP's descriptive location suffix.
redmaw-w45-49-check-7771658	check	7771658	identity_region	"{""item_name"":""Nascent Butterfly"",""region"":""Haligtree""}"	wiki:redmaw:walkthrough:20260712183803	gameplay-guide:redmaw	lead_only	unknown	redmaw:#elphael:w45-49	The walkthrough records Nascent Butterfly in its elphael segment; that item name identifies one current AP check in Haligtree.	One independently authored walkthrough lead, matched by exact item name inside a declared region bucket. It does not prove a v1.17 event predicate, access requirement, absence of alternate acquisition, or the accuracy of AP's descriptive location suffix.
redmaw-w45-53-check-7771657	check	7771657	identity_region	"{""item_name"":""Ghost-Glovewort Picker's Bell Bearing [3]"",""region"":""Haligtree""}"	wiki:redmaw:walkthrough:20260712183803	gameplay-guide:redmaw	lead_only	unknown	redmaw:#elphael:w45-53	The walkthrough records Ghost-Glovewort Picker's Bell Bearing [3] in its elphael segment; that item name identifies one current AP check in Haligtree.	One independently authored walkthrough lead, matched by exact item name inside a declared region bucket. It does not prove a v1.17 event predicate, access requirement, absence of alternate acquisition, or the accuracy of AP's descriptive location suffix.
redmaw-w45-59-check-7770006	check	7770006	identity_region	"{""item_name"":""Malenia's Great Rune"",""region"":""Haligtree""}"	wiki:redmaw:walkthrough:20260712183803	gameplay-guide:redmaw	lead_only	unknown	redmaw:#elphael:w45-59	The walkthrough records Malenia's Great Rune in its elphael segment; that item name identifies one current AP check in Haligtree.	One independently authored walkthrough lead, matched by exact item name inside a declared region bucket. It does not prove a v1.17 event predicate, access requirement, absence of alternate acquisition, or the accuracy of AP's descriptive location suffix.
redmaw-w45-59-check-7770662	check	7770662	identity_region	"{""item_name"":""Remembrance of the Rot Goddess"",""region"":""Haligtree""}"	wiki:redmaw:walkthrough:20260712183803	gameplay-guide:redmaw	lead_only	unknown	redmaw:#elphael:w45-59	The walkthrough records Remembrance of the Rot Goddess in its elphael segment; that item name identifies one current AP check in Haligtree.	One independently authored walkthrough lead, matched by exact item name inside a declared region bucket. It does not prove a v1.17 event predicate, access requirement, absence of alternate acquisition, or the accuracy of AP's descriptive location suffix.
redmaw-w45-9-check-7771623	check	7771623	identity_region	"{""item_name"":""Immunizing White Cured Meat"",""region"":""Haligtree""}"	wiki:redmaw:walkthrough:20260712183803	gameplay-guide:redmaw	lead_only	unknown	redmaw:#elphael:w45-9	The walkthrough records Immunizing White Cured Meat in its elphael segment; that item name identifies one current AP check in Haligtree.	One independently authored walkthrough lead, matched by exact item name inside a declared region bucket. It does not prove a v1.17 event predicate, access requirement, absence of alternate acquisition, or the accuracy of AP's descriptive location suffix.
redmaw-w46-1-check-7771474	check	7771474	identity_region	"{""item_name"":""Pearldrake Talisman"",""region"":""Farum Azula""}"	wiki:redmaw:walkthrough:20260712183803	gameplay-guide:redmaw	lead_only	unknown	redmaw:#farum-azula:w46-1	The walkthrough records Pearldrake Talisman in its farum-azula segment; that item name identifies one current AP check in Farum Azula.	One independently authored walkthrough lead, matched by exact item name inside a declared region bucket. It does not prove a v1.17 event predicate, access requirement, absence of alternate acquisition, or the accuracy of AP's descriptive location suffix.
redmaw-w46-15-check-7771416	check	7771416	identity_region	"{""item_name"":""Ancient Dragon Prayerbook"",""region"":""Farum Azula""}"	wiki:redmaw:walkthrough:20260712183803	gameplay-guide:redmaw	lead_only	unknown	redmaw:#farum-azula:w46-15	The walkthrough records Ancient Dragon Prayerbook in its farum-azula segment; that item name identifies one current AP check in Farum Azula.	One independently authored walkthrough lead, matched by exact item name inside a declared region bucket. It does not prove a v1.17 event predicate, access requirement, absence of alternate acquisition, or the accuracy of AP's descriptive location suffix.
redmaw-w46-16-check-7771417	check	7771417	identity_region	"{""item_name"":""Hero's Rune [2]"",""region"":""Farum Azula""}"	wiki:redmaw:walkthrough:20260712183803	gameplay-guide:redmaw	lead_only	unknown	redmaw:#farum-azula:w46-16	The walkthrough records Hero's Rune [2] in its farum-azula segment; that item name identifies one current AP check in Farum Azula.	One independently authored walkthrough lead, matched by exact item name inside a declared region bucket. It does not prove a v1.17 event predicate, access requirement, absence of alternate acquisition, or the accuracy of AP's descriptive location suffix.
redmaw-w46-21-check-7771423	check	7771423	identity_region	"{""item_name"":""Rejuvenating Boluses"",""region"":""Farum Azula""}"	wiki:redmaw:walkthrough:20260712183803	gameplay-guide:redmaw	lead_only	unknown	redmaw:#farum-azula:w46-21	The walkthrough records Rejuvenating Boluses in its farum-azula segment; that item name identifies one current AP check in Farum Azula.	One independently authored walkthrough lead, matched by exact item name inside a declared region bucket. It does not prove a v1.17 event predicate, access requirement, absence of alternate acquisition, or the accuracy of AP's descriptive location suffix.
redmaw-w46-21-check-7771481	check	7771481	identity_region	"{""item_name"":""Glovewort Picker's Bell Bearing [3]"",""region"":""Farum Azula""}"	wiki:redmaw:walkthrough:20260712183803	gameplay-guide:redmaw	lead_only	unknown	redmaw:#farum-azula:w46-21	The walkthrough records Glovewort Picker's Bell Bearing [3] in its farum-azula segment; that item name identifies one current AP check in Farum Azula.	One independently authored walkthrough lead, matched by exact item name inside a declared region bucket. It does not prove a v1.17 event predicate, access requirement, absence of alternate acquisition, or the accuracy of AP's descriptive location suffix.
redmaw-w46-23-check-7771419	check	7771419	identity_region	"{""item_name"":""Somberstone Miner's Bell Bearing [4]"",""region"":""Farum Azula""}"	wiki:redmaw:walkthrough:20260712183803	gameplay-guide:redmaw	lead_only	unknown	redmaw:#farum-azula:w46-23	The walkthrough records Somberstone Miner's Bell Bearing [4] in its farum-azula segment; that item name identifies one current AP check in Farum Azula.	One independently authored walkthrough lead, matched by exact item name inside a declared region bucket. It does not prove a v1.17 event predicate, access requirement, absence of alternate acquisition, or the accuracy of AP's descriptive location suffix.
redmaw-w46-25-check-7771431	check	7771431	identity_region	"{""item_name"":""Golden Rune [10]"",""region"":""Farum Azula""}"	wiki:redmaw:walkthrough:20260712183803	gameplay-guide:redmaw	lead_only	unknown	redmaw:#farum-azula:w46-25	The walkthrough records Golden Rune [10] in its farum-azula segment; that item name identifies one current AP check in Farum Azula.	One independently authored walkthrough lead, matched by exact item name inside a declared region bucket. It does not prove a v1.17 event predicate, access requirement, absence of alternate acquisition, or the accuracy of AP's descriptive location suffix.
redmaw-w46-31-check-7771435	check	7771435	identity_region	"{""item_name"":""Stonesword Key"",""region"":""Farum Azula""}"	wiki:redmaw:walkthrough:20260712183803	gameplay-guide:redmaw	lead_only	unknown	redmaw:#farum-azula:w46-31	The walkthrough records Stonesword Key in its farum-azula segment; that item name identifies one current AP check in Farum Azula.	One independently authored walkthrough lead, matched by exact item name inside a declared region bucket. It does not prove a v1.17 event predicate, access requirement, absence of alternate acquisition, or the accuracy of AP's descriptive location suffix.
redmaw-w46-35-check-7771479	check	7771479	identity_region	"{""item_name"":""Azula Beastman Ashes"",""region"":""Farum Azula""}"	wiki:redmaw:walkthrough:20260712183803	gameplay-guide:redmaw	lead_only	unknown	redmaw:#farum-azula:w46-35	The walkthrough records Azula Beastman Ashes in its farum-azula segment; that item name identifies one current AP check in Farum Azula.	One independently authored walkthrough lead, matched by exact item name inside a declared region bucket. It does not prove a v1.17 event predicate, access requirement, absence of alternate acquisition, or the accuracy of AP's descriptive location suffix.
redmaw-w46-38-check-7773789	check	7773789	identity_region	"{""item_name"":""Smithing-Stone Miner's Bell Bearing [4]"",""region"":""Farum Azula""}"	wiki:redmaw:walkthrough:20260712183803	gameplay-guide:redmaw	lead_only	unknown	redmaw:#farum-azula:w46-38	The walkthrough records Smithing-Stone Miner's Bell Bearing [4] in its farum-azula segment; that item name identifies one current AP check in Farum Azula.	One independently authored walkthrough lead, matched by exact item name inside a declared region bucket. It does not prove a v1.17 event predicate, access requirement, absence of alternate acquisition, or the accuracy of AP's descriptive location suffix.
redmaw-w46-38-check-7900119	check	7900119	identity_region	"{""item_name"":""Ash of War: Black Flame Tornado"",""region"":""Farum Azula""}"	wiki:redmaw:walkthrough:20260712183803	gameplay-guide:redmaw	lead_only	unknown	redmaw:#farum-azula:w46-38	The walkthrough records Ash of War: Black Flame Tornado in its farum-azula segment; that item name identifies one current AP check in Farum Azula.	One independently authored walkthrough lead, matched by exact item name inside a declared region bucket. It does not prove a v1.17 event predicate, access requirement, absence of alternate acquisition, or the accuracy of AP's descriptive location suffix.
redmaw-w46-43-check-7771441	check	7771441	identity_region	"{""item_name"":""Hero's Rune [5]"",""region"":""Farum Azula""}"	wiki:redmaw:walkthrough:20260712183803	gameplay-guide:redmaw	lead_only	unknown	redmaw:#farum-azula:w46-43	The walkthrough records Hero's Rune [5] in its farum-azula segment; that item name identifies one current AP check in Farum Azula.	One independently authored walkthrough lead, matched by exact item name inside a declared region bucket. It does not prove a v1.17 event predicate, access requirement, absence of alternate acquisition, or the accuracy of AP's descriptive location suffix.
redmaw-w46-49-check-7771450	check	7771450	identity_region	"{""item_name"":""Lord's Rune"",""region"":""Farum Azula""}"	wiki:redmaw:walkthrough:20260712183803	gameplay-guide:redmaw	lead_only	unknown	redmaw:#farum-azula:w46-49	The walkthrough records Lord's Rune in its farum-azula segment; that item name identifies one current AP check in Farum Azula.	One independently authored walkthrough lead, matched by exact item name inside a declared region bucket. It does not prove a v1.17 event predicate, access requirement, absence of alternate acquisition, or the accuracy of AP's descriptive location suffix.
redmaw-w46-54-check-7770793	check	7770793	identity_region	"{""item_name"":""Golden Lightning Fortification"",""region"":""Farum Azula""}"	wiki:redmaw:walkthrough:20260712183803	gameplay-guide:redmaw	lead_only	unknown	redmaw:#farum-azula:w46-54	The walkthrough records Golden Lightning Fortification in its farum-azula segment; that item name identifies one current AP check in Farum Azula.	One independently authored walkthrough lead, matched by exact item name inside a declared region bucket. It does not prove a v1.17 event predicate, access requirement, absence of alternate acquisition, or the accuracy of AP's descriptive location suffix.
redmaw-w46-59-check-7770579	check	7770579	identity_region	"{""item_name"":""Shard of Alexander"",""region"":""Farum Azula""}"	wiki:redmaw:walkthrough:20260712183803	gameplay-guide:redmaw	lead_only	unknown	redmaw:#farum-azula:w46-59	The walkthrough records Shard of Alexander in its farum-azula segment; that item name identifies one current AP check in Farum Azula.	One independently authored walkthrough lead, matched by exact item name inside a declared region bucket. It does not prove a v1.17 event predicate, access requirement, absence of alternate acquisition, or the accuracy of AP's descriptive location suffix.
redmaw-w46-59-check-7900018	check	7900018	identity_region	"{""item_name"":""Alexander's Innards"",""region"":""Farum Azula""}"	wiki:redmaw:walkthrough:20260712183803	gameplay-guide:redmaw	lead_only	unknown	redmaw:#farum-azula:w46-59	The walkthrough records Alexander's Innards in its farum-azula segment; that item name identifies one current AP check in Farum Azula.	One independently authored walkthrough lead, matched by exact item name inside a declared region bucket. It does not prove a v1.17 event predicate, access requirement, absence of alternate acquisition, or the accuracy of AP's descriptive location suffix.
redmaw-w46-6-check-7771407	check	7771407	identity_region	"{""item_name"":""Lightningproof Dried Liver"",""region"":""Farum Azula""}"	wiki:redmaw:walkthrough:20260712183803	gameplay-guide:redmaw	lead_only	unknown	redmaw:#farum-azula:w46-6	The walkthrough records Lightningproof Dried Liver in its farum-azula segment; that item name identifies one current AP check in Farum Azula.	One independently authored walkthrough lead, matched by exact item name inside a declared region bucket. It does not prove a v1.17 event predicate, access requirement, absence of alternate acquisition, or the accuracy of AP's descriptive location suffix.
redmaw-w46-61-check-7770132	check	7770132	identity_region	"{""item_name"":""Ancient Dragon Apostle's Cookbook [4]"",""region"":""Farum Azula""}"	wiki:redmaw:walkthrough:20260712183803	gameplay-guide:redmaw	lead_only	unknown	redmaw:#farum-azula:w46-61	The walkthrough records Ancient Dragon Apostle's Cookbook [4] in its farum-azula segment; that item name identifies one current AP check in Farum Azula.	One independently authored walkthrough lead, matched by exact item name inside a declared region bucket. It does not prove a v1.17 event predicate, access requirement, absence of alternate acquisition, or the accuracy of AP's descriptive location suffix.
redmaw-w46-71-check-7771447	check	7771447	identity_region	"{""item_name"":""Dragoncrest Shield Talisman +2"",""region"":""Farum Azula""}"	wiki:redmaw:walkthrough:20260712183803	gameplay-guide:redmaw	lead_only	unknown	redmaw:#farum-azula:w46-71	The walkthrough records Dragoncrest Shield Talisman +2 in its farum-azula segment; that item name identifies one current AP check in Farum Azula.	One independently authored walkthrough lead, matched by exact item name inside a declared region bucket. It does not prove a v1.17 event predicate, access requirement, absence of alternate acquisition, or the accuracy of AP's descriptive location suffix.
redmaw-w46-72-check-7771448	check	7771448	identity_region	"{""item_name"":""Dappled Cured Meat"",""region"":""Farum Azula""}"	wiki:redmaw:walkthrough:20260712183803	gameplay-guide:redmaw	lead_only	unknown	redmaw:#farum-azula:w46-72	The walkthrough records Dappled Cured Meat in its farum-azula segment; that item name identifies one current AP check in Farum Azula.	One independently authored walkthrough lead, matched by exact item name inside a declared region bucket. It does not prove a v1.17 event predicate, access requirement, absence of alternate acquisition, or the accuracy of AP's descriptive location suffix.
redmaw-w46-80-check-7771402	check	7771402	identity_region	"{""item_name"":""Somber Ancient Dragon Smithing Stone"",""region"":""Farum Azula""}"	wiki:redmaw:walkthrough:20260712183803	gameplay-guide:redmaw	lead_only	unknown	redmaw:#farum-azula:w46-80	The walkthrough records Somber Ancient Dragon Smithing Stone in its farum-azula segment; that item name identifies one current AP check in Farum Azula.	One independently authored walkthrough lead, matched by exact item name inside a declared region bucket. It does not prove a v1.17 event predicate, access requirement, absence of alternate acquisition, or the accuracy of AP's descriptive location suffix.
redmaw-w46-83-check-7771483	check	7771483	identity_region	"{""item_name"":""Dragon Towershield"",""region"":""Farum Azula""}"	wiki:redmaw:walkthrough:20260712183803	gameplay-guide:redmaw	lead_only	unknown	redmaw:#farum-azula:w46-83	The walkthrough records Dragon Towershield in its farum-azula segment; that item name identifies one current AP check in Farum Azula.	One independently authored walkthrough lead, matched by exact item name inside a declared region bucket. It does not prove a v1.17 event predicate, access requirement, absence of alternate acquisition, or the accuracy of AP's descriptive location suffix.
redmaw-w46-84-check-7771468	check	7771468	identity_region	"{""item_name"":""Boltdrake Talisman +2"",""region"":""Farum Azula""}"	wiki:redmaw:walkthrough:20260712183803	gameplay-guide:redmaw	lead_only	unknown	redmaw:#farum-azula:w46-84	The walkthrough records Boltdrake Talisman +2 in its farum-azula segment; that item name identifies one current AP check in Farum Azula.	One independently authored walkthrough lead, matched by exact item name inside a declared region bucket. It does not prove a v1.17 event predicate, access requirement, absence of alternate acquisition, or the accuracy of AP's descriptive location suffix.
redmaw-w46-86-check-7771470	check	7771470	identity_region	"{""item_name"":""Somberstone Miner's Bell Bearing [5]"",""region"":""Farum Azula""}"	wiki:redmaw:walkthrough:20260712183803	gameplay-guide:redmaw	lead_only	unknown	redmaw:#farum-azula:w46-86	The walkthrough records Somberstone Miner's Bell Bearing [5] in its farum-azula segment; that item name identifies one current AP check in Farum Azula.	One independently authored walkthrough lead, matched by exact item name inside a declared region bucket. It does not prove a v1.17 event predicate, access requirement, absence of alternate acquisition, or the accuracy of AP's descriptive location suffix.
redmaw-w46-88-check-7770660	check	7770660	identity_region	"{""item_name"":""Remembrance of the Dragonlord"",""region"":""Farum Azula""}"	wiki:redmaw:walkthrough:20260712183803	gameplay-guide:redmaw	lead_only	unknown	redmaw:#farum-azula:w46-88	The walkthrough records Remembrance of the Dragonlord in its farum-azula segment; that item name identifies one current AP check in Farum Azula.	One independently authored walkthrough lead, matched by exact item name inside a declared region bucket. It does not prove a v1.17 event predicate, access requirement, absence of alternate acquisition, or the accuracy of AP's descriptive location suffix.
redmaw-w46-91-check-7770594	check	7770594	identity_region	"{""item_name"":""Blasphemous Claw"",""region"":""Farum Azula""}"	wiki:redmaw:walkthrough:20260712183803	gameplay-guide:redmaw	lead_only	unknown	redmaw:#farum-azula:w46-91	The walkthrough records Blasphemous Claw in its farum-azula segment; that item name identifies one current AP check in Farum Azula.	One independently authored walkthrough lead, matched by exact item name inside a declared region bucket. It does not prove a v1.17 event predicate, access requirement, absence of alternate acquisition, or the accuracy of AP's descriptive location suffix.
redmaw-w46-92-check-7771484	check	7771484	identity_region	"{""item_name"":""Old Lord's Talisman"",""region"":""Farum Azula""}"	wiki:redmaw:walkthrough:20260712183803	gameplay-guide:redmaw	lead_only	unknown	redmaw:#farum-azula:w46-92	The walkthrough records Old Lord's Talisman in its farum-azula segment; that item name identifies one current AP check in Farum Azula.	One independently authored walkthrough lead, matched by exact item name inside a declared region bucket. It does not prove a v1.17 event predicate, access requirement, absence of alternate acquisition, or the accuracy of AP's descriptive location suffix.
redmaw-w46-95-check-7770661	check	7770661	identity_region	"{""item_name"":""Remembrance of the Black Blade"",""region"":""Farum Azula""}"	wiki:redmaw:walkthrough:20260712183803	gameplay-guide:redmaw	lead_only	unknown	redmaw:#farum-azula:w46-95	The walkthrough records Remembrance of the Black Blade in its farum-azula segment; that item name identifies one current AP check in Farum Azula.	One independently authored walkthrough lead, matched by exact item name inside a declared region bucket. It does not prove a v1.17 event predicate, access requirement, absence of alternate acquisition, or the accuracy of AP's descriptive location suffix.
redmaw-w5-1-check-7770692	check	7770692	identity_region	"{""item_name"":""Golden Halberd"",""region"":""Limgrave""}"	wiki:redmaw:walkthrough:20260712183803	gameplay-guide:redmaw	lead_only	unknown	redmaw:#north-limgrave:w5-1	The walkthrough records Golden Halberd in its north-limgrave segment; that item name identifies one current AP check in Limgrave.	One independently authored walkthrough lead, matched by exact item name inside a declared region bucket. It does not prove a v1.17 event predicate, access requirement, absence of alternate acquisition, or the accuracy of AP's descriptive location suffix.
redmaw-w5-10-check-7772031	check	7772031	identity_region	"{""item_name"":""Wandering Noble Ashes"",""region"":""Limgrave""}"	wiki:redmaw:walkthrough:20260712183803	gameplay-guide:redmaw	lead_only	unknown	redmaw:#north-limgrave:w5-10	The walkthrough records Wandering Noble Ashes in its north-limgrave segment; that item name identifies one current AP check in Limgrave.	One independently authored walkthrough lead, matched by exact item name inside a declared region bucket. It does not prove a v1.17 event predicate, access requirement, absence of alternate acquisition, or the accuracy of AP's descriptive location suffix.
redmaw-w5-12-check-7770683	check	7770683	identity_region	"{""item_name"":""Noble Sorcerer Ashes"",""region"":""Limgrave""}"	wiki:redmaw:walkthrough:20260712183803	gameplay-guide:redmaw	lead_only	unknown	redmaw:#north-limgrave:w5-12	The walkthrough records Noble Sorcerer Ashes in its north-limgrave segment; that item name identifies one current AP check in Limgrave.	One independently authored walkthrough lead, matched by exact item name inside a declared region bucket. It does not prove a v1.17 event predicate, access requirement, absence of alternate acquisition, or the accuracy of AP's descriptive location suffix.
redmaw-w5-14-check-7774302	check	7774302	identity_region	"{""item_name"":""Godrick Soldier Ashes"",""region"":""Limgrave""}"	wiki:redmaw:walkthrough:20260712183803	gameplay-guide:redmaw	lead_only	unknown	redmaw:#north-limgrave:w5-14	The walkthrough records Godrick Soldier Ashes in its north-limgrave segment; that item name identifies one current AP check in Limgrave.	One independently authored walkthrough lead, matched by exact item name inside a declared region bucket. It does not prove a v1.17 event predicate, access requirement, absence of alternate acquisition, or the accuracy of AP's descriptive location suffix.
redmaw-w5-17-check-7770694	check	7770694	identity_region	"{""item_name"":""Aspects of the Crucible: Tail"",""region"":""Limgrave""}"	wiki:redmaw:walkthrough:20260712183803	gameplay-guide:redmaw	lead_only	unknown	redmaw:#north-limgrave:w5-17	The walkthrough records Aspects of the Crucible: Tail in its north-limgrave segment; that item name identifies one current AP check in Limgrave.	One independently authored walkthrough lead, matched by exact item name inside a declared region bucket. It does not prove a v1.17 event predicate, access requirement, absence of alternate acquisition, or the accuracy of AP's descriptive location suffix.
redmaw-w5-18-check-7772823	check	7772823	identity_region	"{""item_name"":""Arrow's Reach Talisman"",""region"":""Limgrave""}"	wiki:redmaw:walkthrough:20260712183803	gameplay-guide:redmaw	lead_only	unknown	redmaw:#north-limgrave:w5-18	The walkthrough records Arrow's Reach Talisman in its north-limgrave segment; that item name identifies one current AP check in Limgrave.	One independently authored walkthrough lead, matched by exact item name inside a declared region bucket. It does not prove a v1.17 event predicate, access requirement, absence of alternate acquisition, or the accuracy of AP's descriptive location suffix.
redmaw-w5-20-check-7772844	check	7772844	identity_region	"{""item_name"":""Hammer Talisman"",""region"":""Limgrave""}"	wiki:redmaw:walkthrough:20260712183803	gameplay-guide:redmaw	lead_only	unknown	redmaw:#north-limgrave:w5-20	The walkthrough records Hammer Talisman in its north-limgrave segment; that item name identifies one current AP check in Limgrave.	One independently authored walkthrough lead, matched by exact item name inside a declared region bucket. It does not prove a v1.17 event predicate, access requirement, absence of alternate acquisition, or the accuracy of AP's descriptive location suffix.
redmaw-w5-21-check-7770015	check	7770015	identity_region	"{""item_name"":""Duelist's Furled Finger"",""region"":""Limgrave""}"	wiki:redmaw:walkthrough:20260712183803	gameplay-guide:redmaw	lead_only	unknown	redmaw:#north-limgrave:w5-21	The walkthrough records Duelist's Furled Finger in its north-limgrave segment; that item name identifies one current AP check in Limgrave.	One independently authored walkthrough lead, matched by exact item name inside a declared region bucket. It does not prove a v1.17 event predicate, access requirement, absence of alternate acquisition, or the accuracy of AP's descriptive location suffix.
redmaw-w5-23-check-7774352	check	7774352	identity_region	"{""item_name"":""Ash of War: Golden Vow"",""region"":""Limgrave""}"	wiki:redmaw:walkthrough:20260712183803	gameplay-guide:redmaw	lead_only	unknown	redmaw:#north-limgrave:w5-23	The walkthrough records Ash of War: Golden Vow in its north-limgrave segment; that item name identifies one current AP check in Limgrave.	One independently authored walkthrough lead, matched by exact item name inside a declared region bucket. It does not prove a v1.17 event predicate, access requirement, absence of alternate acquisition, or the accuracy of AP's descriptive location suffix.
redmaw-w5-25-check-7772842	check	7772842	identity_region	"{""item_name"":""Lance"",""region"":""Limgrave""}"	wiki:redmaw:walkthrough:20260712183803	gameplay-guide:redmaw	lead_only	unknown	redmaw:#north-limgrave:w5-25	The walkthrough records Lance in its north-limgrave segment; that item name identifies one current AP check in Limgrave.	One independently authored walkthrough lead, matched by exact item name inside a declared region bucket. It does not prove a v1.17 event predicate, access requirement, absence of alternate acquisition, or the accuracy of AP's descriptive location suffix.
redmaw-w5-30-check-7772079	check	7772079	identity_region	"{""item_name"":""Uchigatana"",""region"":""Limgrave""}"	wiki:redmaw:walkthrough:20260712183803	gameplay-guide:redmaw	lead_only	unknown	redmaw:#north-limgrave:w5-30	The walkthrough records Uchigatana in its north-limgrave segment; that item name identifies one current AP check in Limgrave.	One independently authored walkthrough lead, matched by exact item name inside a declared region bucket. It does not prove a v1.17 event predicate, access requirement, absence of alternate acquisition, or the accuracy of AP's descriptive location suffix.
redmaw-w5-35-check-7772892	check	7772892	identity_region	"{""item_name"":""Lance Talisman"",""region"":""Limgrave""}"	wiki:redmaw:walkthrough:20260712183803	gameplay-guide:redmaw	lead_only	unknown	redmaw:#north-limgrave:w5-35	The walkthrough records Lance Talisman in its north-limgrave segment; that item name identifies one current AP check in Limgrave.	One independently authored walkthrough lead, matched by exact item name inside a declared region bucket. It does not prove a v1.17 event predicate, access requirement, absence of alternate acquisition, or the accuracy of AP's descriptive location suffix.
redmaw-w5-37-check-7774350	check	7774350	identity_region	"{""item_name"":""Turtle Neck Meat"",""region"":""Limgrave""}"	wiki:redmaw:walkthrough:20260712183803	gameplay-guide:redmaw	lead_only	unknown	redmaw:#north-limgrave:w5-37	The walkthrough records Turtle Neck Meat in its north-limgrave segment; that item name identifies one current AP check in Limgrave.	One independently authored walkthrough lead, matched by exact item name inside a declared region bucket. It does not prove a v1.17 event predicate, access requirement, absence of alternate acquisition, or the accuracy of AP's descriptive location suffix.
redmaw-w5-45-check-7772193	check	7772193	identity_region	"{""item_name"":""Shamshir"",""region"":""Limgrave""}"	wiki:redmaw:walkthrough:20260712183803	gameplay-guide:redmaw	lead_only	unknown	redmaw:#north-limgrave:w5-45	The walkthrough records Shamshir in its north-limgrave segment; that item name identifies one current AP check in Limgrave.	One independently authored walkthrough lead, matched by exact item name inside a declared region bucket. It does not prove a v1.17 event predicate, access requirement, absence of alternate acquisition, or the accuracy of AP's descriptive location suffix.
redmaw-w5-47-check-7773824	check	7773824	identity_region	"{""item_name"":""Blue Dancer Charm"",""region"":""Limgrave""}"	wiki:redmaw:walkthrough:20260712183803	gameplay-guide:redmaw	lead_only	unknown	redmaw:#north-limgrave:w5-47	The walkthrough records Blue Dancer Charm in its north-limgrave segment; that item name identifies one current AP check in Limgrave.	One independently authored walkthrough lead, matched by exact item name inside a declared region bucket. It does not prove a v1.17 event predicate, access requirement, absence of alternate acquisition, or the accuracy of AP's descriptive location suffix.
redmaw-w5-48-check-7772840	check	7772840	identity_region	"{""item_name"":""Bone Peddler's Bell Bearing"",""region"":""Limgrave""}"	wiki:redmaw:walkthrough:20260712183803	gameplay-guide:redmaw	lead_only	unknown	redmaw:#north-limgrave:w5-48	The walkthrough records Bone Peddler's Bell Bearing in its north-limgrave segment; that item name identifies one current AP check in Limgrave.	One independently authored walkthrough lead, matched by exact item name inside a declared region bucket. It does not prove a v1.17 event predicate, access requirement, absence of alternate acquisition, or the accuracy of AP's descriptive location suffix.
redmaw-w5-49-check-7772839	check	7772839	identity_region	"{""item_name"":""Blue-Feathered Branchsword"",""region"":""Limgrave""}"	wiki:redmaw:walkthrough:20260712183803	gameplay-guide:redmaw	lead_only	unknown	redmaw:#north-limgrave:w5-49	The walkthrough records Blue-Feathered Branchsword in its north-limgrave segment; that item name identifies one current AP check in Limgrave.	One independently authored walkthrough lead, matched by exact item name inside a declared region bucket. It does not prove a v1.17 event predicate, access requirement, absence of alternate acquisition, or the accuracy of AP's descriptive location suffix.
redmaw-w5-7-check-7772032	check	7772032	identity_region	"{""item_name"":""Prattling Pate \""Hello\"""",""region"":""Limgrave""}"	wiki:redmaw:walkthrough:20260712183803	gameplay-guide:redmaw	lead_only	unknown	redmaw:#north-limgrave:w5-7	"The walkthrough records Prattling Pate ""Hello"" in its north-limgrave segment; that item name identifies one current AP check in Limgrave."	One independently authored walkthrough lead, matched by exact item name inside a declared region bucket. It does not prove a v1.17 event predicate, access requirement, absence of alternate acquisition, or the accuracy of AP's descriptive location suffix.
redmaw-w6-10-check-7772119	check	7772119	identity_region	"{""item_name"":""Trina's Lily"",""region"":""Weeping""}"	wiki:redmaw:walkthrough:20260712183803	gameplay-guide:redmaw	lead_only	unknown	redmaw:#weeping-peninsula:w6-10	The walkthrough records Trina's Lily in its weeping-peninsula segment; that item name identifies one current AP check in Weeping.	One independently authored walkthrough lead, matched by exact item name inside a declared region bucket. It does not prove a v1.17 event predicate, access requirement, absence of alternate acquisition, or the accuracy of AP's descriptive location suffix.
redmaw-w6-11-check-7770038	check	7770038	identity_region	"{""item_name"":""Faith-knot Crystal Tear"",""region"":""Weeping""}"	wiki:redmaw:walkthrough:20260712183803	gameplay-guide:redmaw	lead_only	unknown	redmaw:#weeping-peninsula:w6-11	The walkthrough records Faith-knot Crystal Tear in its weeping-peninsula segment; that item name identifies one current AP check in Weeping.	One independently authored walkthrough lead, matched by exact item name inside a declared region bucket. It does not prove a v1.17 event predicate, access requirement, absence of alternate acquisition, or the accuracy of AP's descriptive location suffix.
redmaw-w6-13-check-7772877	check	7772877	identity_region	"{""item_name"":""Demi-Human Queen's Staff"",""region"":""Weeping""}"	wiki:redmaw:walkthrough:20260712183803	gameplay-guide:redmaw	lead_only	unknown	redmaw:#weeping-peninsula:w6-13	The walkthrough records Demi-Human Queen's Staff in its weeping-peninsula segment; that item name identifies one current AP check in Weeping.	One independently authored walkthrough lead, matched by exact item name inside a declared region bucket. It does not prove a v1.17 event predicate, access requirement, absence of alternate acquisition, or the accuracy of AP's descriptive location suffix.
redmaw-w6-13-check-7900256	check	7900256	identity_region	"{""item_name"":""Crystal Burst"",""region"":""Weeping""}"	wiki:redmaw:walkthrough:20260712183803	gameplay-guide:redmaw	lead_only	unknown	redmaw:#weeping-peninsula:w6-13	The walkthrough records Crystal Burst in its weeping-peninsula segment; that item name identifies one current AP check in Weeping.	One independently authored walkthrough lead, matched by exact item name inside a declared region bucket. It does not prove a v1.17 event predicate, access requirement, absence of alternate acquisition, or the accuracy of AP's descriptive location suffix.
redmaw-w6-15-check-7772876	check	7772876	identity_region	"{""item_name"":""Shield of the Guilty"",""region"":""Weeping""}"	wiki:redmaw:walkthrough:20260712183803	gameplay-guide:redmaw	lead_only	unknown	redmaw:#weeping-peninsula:w6-15	The walkthrough records Shield of the Guilty in its weeping-peninsula segment; that item name identifies one current AP check in Weeping.	One independently authored walkthrough lead, matched by exact item name inside a declared region bucket. It does not prove a v1.17 event predicate, access requirement, absence of alternate acquisition, or the accuracy of AP's descriptive location suffix.
redmaw-w6-2-check-7774370	check	7774370	identity_region	"{""item_name"":""Hand Ballista"",""region"":""Weeping""}"	wiki:redmaw:walkthrough:20260712183803	gameplay-guide:redmaw	lead_only	unknown	redmaw:#weeping-peninsula:w6-2	The walkthrough records Hand Ballista in its weeping-peninsula segment; that item name identifies one current AP check in Weeping.	One independently authored walkthrough lead, matched by exact item name inside a declared region bucket. It does not prove a v1.17 event predicate, access requirement, absence of alternate acquisition, or the accuracy of AP's descriptive location suffix.
redmaw-w6-25-check-7772251	check	7772251	identity_region	"{""item_name"":""Exalted Flesh"",""region"":""Weeping""}"	wiki:redmaw:walkthrough:20260712183803	gameplay-guide:redmaw	lead_only	unknown	redmaw:#weeping-peninsula:w6-25	The walkthrough records Exalted Flesh in its weeping-peninsula segment; that item name identifies one current AP check in Weeping.	One independently authored walkthrough lead, matched by exact item name inside a declared region bucket. It does not prove a v1.17 event predicate, access requirement, absence of alternate acquisition, or the accuracy of AP's descriptive location suffix.
redmaw-w6-26-check-7772852	check	7772852	identity_region	"{""item_name"":""Somber Smithing Stone [1]"",""region"":""Weeping""}"	wiki:redmaw:walkthrough:20260712183803	gameplay-guide:redmaw	lead_only	unknown	redmaw:#weeping-peninsula:w6-26	The walkthrough records Somber Smithing Stone [1] in its weeping-peninsula segment; that item name identifies one current AP check in Weeping.	One independently authored walkthrough lead, matched by exact item name inside a declared region bucket. It does not prove a v1.17 event predicate, access requirement, absence of alternate acquisition, or the accuracy of AP's descriptive location suffix.
redmaw-w6-27-check-7772248	check	7772248	identity_region	"{""item_name"":""Stanching Boluses"",""region"":""Weeping""}"	wiki:redmaw:walkthrough:20260712183803	gameplay-guide:redmaw	lead_only	unknown	redmaw:#weeping-peninsula:w6-27	The walkthrough records Stanching Boluses in its weeping-peninsula segment; that item name identifies one current AP check in Weeping.	One independently authored walkthrough lead, matched by exact item name inside a declared region bucket. It does not prove a v1.17 event predicate, access requirement, absence of alternate acquisition, or the accuracy of AP's descriptive location suffix.
redmaw-w6-28-check-7772249	check	7772249	identity_region	"{""item_name"":""Soft Cotton"",""region"":""Weeping""}"	wiki:redmaw:walkthrough:20260712183803	gameplay-guide:redmaw	lead_only	unknown	redmaw:#weeping-peninsula:w6-28	The walkthrough records Soft Cotton in its weeping-peninsula segment; that item name identifies one current AP check in Weeping.	One independently authored walkthrough lead, matched by exact item name inside a declared region bucket. It does not prove a v1.17 event predicate, access requirement, absence of alternate acquisition, or the accuracy of AP's descriptive location suffix.
redmaw-w6-31-check-7773839	check	7773839	identity_region	"{""item_name"":""Rusted Anchor"",""region"":""Weeping""}"	wiki:redmaw:walkthrough:20260712183803	gameplay-guide:redmaw	lead_only	unknown	redmaw:#weeping-peninsula:w6-31	The walkthrough records Rusted Anchor in its weeping-peninsula segment; that item name identifies one current AP check in Weeping.	One independently authored walkthrough lead, matched by exact item name inside a declared region bucket. It does not prove a v1.17 event predicate, access requirement, absence of alternate acquisition, or the accuracy of AP's descriptive location suffix.
redmaw-w6-34-check-7770108	check	7770108	identity_region	"{""item_name"":""Nomadic Warrior's Cookbook [9]"",""region"":""Weeping""}"	wiki:redmaw:walkthrough:20260712183803	gameplay-guide:redmaw	lead_only	unknown	redmaw:#weeping-peninsula:w6-34	The walkthrough records Nomadic Warrior's Cookbook [9] in its weeping-peninsula segment; that item name identifies one current AP check in Weeping.	One independently authored walkthrough lead, matched by exact item name inside a declared region bucket. It does not prove a v1.17 event predicate, access requirement, absence of alternate acquisition, or the accuracy of AP's descriptive location suffix.
redmaw-w6-39-check-7772026	check	7772026	identity_region	"{""item_name"":""Prattling Pate \""Thank you\"""",""region"":""Weeping""}"	wiki:redmaw:walkthrough:20260712183803	gameplay-guide:redmaw	lead_only	unknown	redmaw:#weeping-peninsula:w6-39	"The walkthrough records Prattling Pate ""Thank you"" in its weeping-peninsula segment; that item name identifies one current AP check in Weeping."	One independently authored walkthrough lead, matched by exact item name inside a declared region bucket. It does not prove a v1.17 event predicate, access requirement, absence of alternate acquisition, or the accuracy of AP's descriptive location suffix.
redmaw-w6-42-check-7770681	check	7770681	identity_region	"{""item_name"":""Lhutel the Headless"",""region"":""Weeping""}"	wiki:redmaw:walkthrough:20260712183803	gameplay-guide:redmaw	lead_only	unknown	redmaw:#weeping-peninsula:w6-42	The walkthrough records Lhutel the Headless in its weeping-peninsula segment; that item name identifies one current AP check in Weeping.	One independently authored walkthrough lead, matched by exact item name inside a declared region bucket. It does not prove a v1.17 event predicate, access requirement, absence of alternate acquisition, or the accuracy of AP's descriptive location suffix.
redmaw-w6-43-check-7770031	check	7770031	identity_region	"{""item_name"":""Crimsonburst Crystal Tear"",""region"":""Weeping""}"	wiki:redmaw:walkthrough:20260712183803	gameplay-guide:redmaw	lead_only	unknown	redmaw:#weeping-peninsula:w6-43	The walkthrough records Crimsonburst Crystal Tear in its weeping-peninsula segment; that item name identifies one current AP check in Weeping.	One independently authored walkthrough lead, matched by exact item name inside a declared region bucket. It does not prove a v1.17 event predicate, access requirement, absence of alternate acquisition, or the accuracy of AP's descriptive location suffix.
redmaw-w6-43-check-7773668	check	7773668	identity_region	"{""item_name"":""Opaline Bubbletear"",""region"":""Weeping""}"	wiki:redmaw:walkthrough:20260712183803	gameplay-guide:redmaw	lead_only	unknown	redmaw:#weeping-peninsula:w6-43	The walkthrough records Opaline Bubbletear in its weeping-peninsula segment; that item name identifies one current AP check in Weeping.	One independently authored walkthrough lead, matched by exact item name inside a declared region bucket. It does not prove a v1.17 event predicate, access requirement, absence of alternate acquisition, or the accuracy of AP's descriptive location suffix.
redmaw-w6-44-check-7774342	check	7774342	identity_region	"{""item_name"":""Sliver of Meat"",""region"":""Weeping""}"	wiki:redmaw:walkthrough:20260712183803	gameplay-guide:redmaw	lead_only	unknown	redmaw:#weeping-peninsula:w6-44	The walkthrough records Sliver of Meat in its weeping-peninsula segment; that item name identifies one current AP check in Weeping.	One independently authored walkthrough lead, matched by exact item name inside a declared region bucket. It does not prove a v1.17 event predicate, access requirement, absence of alternate acquisition, or the accuracy of AP's descriptive location suffix.
redmaw-w6-44-check-7774343	check	7774343	identity_region	"{""item_name"":""Golden Rune [6]"",""region"":""Weeping""}"	wiki:redmaw:walkthrough:20260712183803	gameplay-guide:redmaw	lead_only	unknown	redmaw:#weeping-peninsula:w6-44	The walkthrough records Golden Rune [6] in its weeping-peninsula segment; that item name identifies one current AP check in Weeping.	One independently authored walkthrough lead, matched by exact item name inside a declared region bucket. It does not prove a v1.17 event predicate, access requirement, absence of alternate acquisition, or the accuracy of AP's descriptive location suffix.
redmaw-w6-45-check-7772803	check	7772803	identity_region	"{""item_name"":""Eclipse Crest Heater Shield"",""region"":""Weeping""}"	wiki:redmaw:walkthrough:20260712183803	gameplay-guide:redmaw	lead_only	unknown	redmaw:#weeping-peninsula:w6-45	The walkthrough records Eclipse Crest Heater Shield in its weeping-peninsula segment; that item name identifies one current AP check in Weeping.	One independently authored walkthrough lead, matched by exact item name inside a declared region bucket. It does not prove a v1.17 event predicate, access requirement, absence of alternate acquisition, or the accuracy of AP's descriptive location suffix.
redmaw-w6-47-check-7772806	check	7772806	identity_region	"{""item_name"":""Beast Liver"",""region"":""Weeping""}"	wiki:redmaw:walkthrough:20260712183803	gameplay-guide:redmaw	lead_only	unknown	redmaw:#weeping-peninsula:w6-47	The walkthrough records Beast Liver in its weeping-peninsula segment; that item name identifies one current AP check in Weeping.	One independently authored walkthrough lead, matched by exact item name inside a declared region bucket. It does not prove a v1.17 event predicate, access requirement, absence of alternate acquisition, or the accuracy of AP's descriptive location suffix.
redmaw-w6-48-check-7772809	check	7772809	identity_region	"{""item_name"":""Winged Scythe"",""region"":""Weeping""}"	wiki:redmaw:walkthrough:20260712183803	gameplay-guide:redmaw	lead_only	unknown	redmaw:#weeping-peninsula:w6-48	The walkthrough records Winged Scythe in its weeping-peninsula segment; that item name identifies one current AP check in Weeping.	One independently authored walkthrough lead, matched by exact item name inside a declared region bucket. It does not prove a v1.17 event predicate, access requirement, absence of alternate acquisition, or the accuracy of AP's descriptive location suffix.
redmaw-w6-49-check-7770724	check	7770724	identity_region	"{""item_name"":""Divine Fortification"",""region"":""Weeping""}"	wiki:redmaw:walkthrough:20260712183803	gameplay-guide:redmaw	lead_only	unknown	redmaw:#weeping-peninsula:w6-49	The walkthrough records Divine Fortification in its weeping-peninsula segment; that item name identifies one current AP check in Weeping.	One independently authored walkthrough lead, matched by exact item name inside a declared region bucket. It does not prove a v1.17 event predicate, access requirement, absence of alternate acquisition, or the accuracy of AP's descriptive location suffix.
redmaw-w6-50-check-7772804	check	7772804	identity_region	"{""item_name"":""Radagon's Scarseal"",""region"":""Weeping""}"	wiki:redmaw:walkthrough:20260712183803	gameplay-guide:redmaw	lead_only	unknown	redmaw:#weeping-peninsula:w6-50	The walkthrough records Radagon's Scarseal in its weeping-peninsula segment; that item name identifies one current AP check in Weeping.	One independently authored walkthrough lead, matched by exact item name inside a declared region bucket. It does not prove a v1.17 event predicate, access requirement, absence of alternate acquisition, or the accuracy of AP's descriptive location suffix.
redmaw-w6-55-check-7770125	check	7770125	identity_region	"{""item_name"":""Nomadic Warrior's Cookbook [8]"",""region"":""Weeping""}"	wiki:redmaw:walkthrough:20260712183803	gameplay-guide:redmaw	lead_only	unknown	redmaw:#weeping-peninsula:w6-55	The walkthrough records Nomadic Warrior's Cookbook [8] in its weeping-peninsula segment; that item name identifies one current AP check in Weeping.	One independently authored walkthrough lead, matched by exact item name inside a declared region bucket. It does not prove a v1.17 event predicate, access requirement, absence of alternate acquisition, or the accuracy of AP's descriptive location suffix.
redmaw-w6-55-check-7772124	check	7772124	identity_region	"{""item_name"":""Immunizing White Cured Meat"",""region"":""Weeping""}"	wiki:redmaw:walkthrough:20260712183803	gameplay-guide:redmaw	lead_only	unknown	redmaw:#weeping-peninsula:w6-55	The walkthrough records Immunizing White Cured Meat in its weeping-peninsula segment; that item name identifies one current AP check in Weeping.	One independently authored walkthrough lead, matched by exact item name inside a declared region bucket. It does not prove a v1.17 event predicate, access requirement, absence of alternate acquisition, or the accuracy of AP's descriptive location suffix.
redmaw-w6-58-check-7770688	check	7770688	identity_region	"{""item_name"":""Viridian Amber Medallion"",""region"":""Weeping""}"	wiki:redmaw:walkthrough:20260712183803	gameplay-guide:redmaw	lead_only	unknown	redmaw:#weeping-peninsula:w6-58	The walkthrough records Viridian Amber Medallion in its weeping-peninsula segment; that item name identifies one current AP check in Weeping.	One independently authored walkthrough lead, matched by exact item name inside a declared region bucket. It does not prove a v1.17 event predicate, access requirement, absence of alternate acquisition, or the accuracy of AP's descriptive location suffix.
redmaw-w6-62-check-7774293	check	7774293	identity_region	"{""item_name"":""Ambush Shard"",""region"":""Weeping""}"	wiki:redmaw:walkthrough:20260712183803	gameplay-guide:redmaw	lead_only	unknown	redmaw:#weeping-peninsula:w6-62	The walkthrough records Ambush Shard in its weeping-peninsula segment; that item name identifies one current AP check in Weeping.	One independently authored walkthrough lead, matched by exact item name inside a declared region bucket. It does not prove a v1.17 event predicate, access requirement, absence of alternate acquisition, or the accuracy of AP's descriptive location suffix.
redmaw-w6-63-check-7772784	check	7772784	identity_region	"{""item_name"":""Golden Rune [3]"",""region"":""Weeping""}"	wiki:redmaw:walkthrough:20260712183803	gameplay-guide:redmaw	lead_only	unknown	redmaw:#weeping-peninsula:w6-63	The walkthrough records Golden Rune [3] in its weeping-peninsula segment; that item name identifies one current AP check in Weeping.	One independently authored walkthrough lead, matched by exact item name inside a declared region bucket. It does not prove a v1.17 event predicate, access requirement, absence of alternate acquisition, or the accuracy of AP's descriptive location suffix.
redmaw-w6-69-check-7772945	check	7772945	identity_region	"{""item_name"":""Starlight Shards"",""region"":""Weeping""}"	wiki:redmaw:walkthrough:20260712183803	gameplay-guide:redmaw	lead_only	unknown	redmaw:#weeping-peninsula:w6-69	The walkthrough records Starlight Shards in its weeping-peninsula segment; that item name identifies one current AP check in Weeping.	One independently authored walkthrough lead, matched by exact item name inside a declared region bucket. It does not prove a v1.17 event predicate, access requirement, absence of alternate acquisition, or the accuracy of AP's descriptive location suffix.
redmaw-w6-74-check-7770018	check	7770018	identity_region	"{""item_name"":""Memory Stone"",""region"":""Weeping""}"	wiki:redmaw:walkthrough:20260712183803	gameplay-guide:redmaw	lead_only	unknown	redmaw:#weeping-peninsula:w6-74	The walkthrough records Memory Stone in its weeping-peninsula segment; that item name identifies one current AP check in Weeping.	One independently authored walkthrough lead, matched by exact item name inside a declared region bucket. It does not prove a v1.17 event predicate, access requirement, absence of alternate acquisition, or the accuracy of AP's descriptive location suffix.
redmaw-w6-82-check-7772028	check	7772028	identity_region	"{""item_name"":""Prattling Pate \""Please Help\"""",""region"":""Weeping""}"	wiki:redmaw:walkthrough:20260712183803	gameplay-guide:redmaw	lead_only	unknown	redmaw:#weeping-peninsula:w6-82	"The walkthrough records Prattling Pate ""Please Help"" in its weeping-peninsula segment; that item name identifies one current AP check in Weeping."	One independently authored walkthrough lead, matched by exact item name inside a declared region bucket. It does not prove a v1.17 event predicate, access requirement, absence of alternate acquisition, or the accuracy of AP's descriptive location suffix.
redmaw-w6-84-check-7770682	check	7770682	identity_region	"{""item_name"":""Demi-Human Ashes"",""region"":""Weeping""}"	wiki:redmaw:walkthrough:20260712183803	gameplay-guide:redmaw	lead_only	unknown	redmaw:#weeping-peninsula:w6-84	The walkthrough records Demi-Human Ashes in its weeping-peninsula segment; that item name identifies one current AP check in Weeping.	One independently authored walkthrough lead, matched by exact item name inside a declared region bucket. It does not prove a v1.17 event predicate, access requirement, absence of alternate acquisition, or the accuracy of AP's descriptive location suffix.
redmaw-w6-85-check-7772910	check	7772910	identity_region	"{""item_name"":""Ash of War: Barricade Shield"",""region"":""Weeping""}"	wiki:redmaw:walkthrough:20260712183803	gameplay-guide:redmaw	lead_only	unknown	redmaw:#weeping-peninsula:w6-85	The walkthrough records Ash of War: Barricade Shield in its weeping-peninsula segment; that item name identifies one current AP check in Weeping.	One independently authored walkthrough lead, matched by exact item name inside a declared region bucket. It does not prove a v1.17 event predicate, access requirement, absence of alternate acquisition, or the accuracy of AP's descriptive location suffix.
redmaw-w6-85-check-7900257	check	7900257	identity_region	"{""item_name"":""Nightrider Flail"",""region"":""Weeping""}"	wiki:redmaw:walkthrough:20260712183803	gameplay-guide:redmaw	lead_only	unknown	redmaw:#weeping-peninsula:w6-85	The walkthrough records Nightrider Flail in its weeping-peninsula segment; that item name identifies one current AP check in Weeping.	One independently authored walkthrough lead, matched by exact item name inside a declared region bucket. It does not prove a v1.17 event predicate, access requirement, absence of alternate acquisition, or the accuracy of AP's descriptive location suffix.
redmaw-w6-86-check-7772909	check	7772909	identity_region	"{""item_name"":""Sacrificial Axe"",""region"":""Weeping""}"	wiki:redmaw:walkthrough:20260712183803	gameplay-guide:redmaw	lead_only	unknown	redmaw:#weeping-peninsula:w6-86	The walkthrough records Sacrificial Axe in its weeping-peninsula segment; that item name identifies one current AP check in Weeping.	One independently authored walkthrough lead, matched by exact item name inside a declared region bucket. It does not prove a v1.17 event predicate, access requirement, absence of alternate acquisition, or the accuracy of AP's descriptive location suffix.
redmaw-w6-9-check-7773823	check	7773823	identity_region	"{""item_name"":""Spelldrake Talisman"",""region"":""Weeping""}"	wiki:redmaw:walkthrough:20260712183803	gameplay-guide:redmaw	lead_only	unknown	redmaw:#weeping-peninsula:w6-9	The walkthrough records Spelldrake Talisman in its weeping-peninsula segment; that item name identifies one current AP check in Weeping.	One independently authored walkthrough lead, matched by exact item name inside a declared region bucket. It does not prove a v1.17 event predicate, access requirement, absence of alternate acquisition, or the accuracy of AP's descriptive location suffix.
redmaw-w7-13-check-7772870	check	7772870	identity_region	"{""item_name"":""Twinblade Talisman"",""region"":""Weeping""}"	wiki:redmaw:walkthrough:20260712183803	gameplay-guide:redmaw	lead_only	unknown	redmaw:#castle-morne:w7-13	The walkthrough records Twinblade Talisman in its castle-morne segment; that item name identifies one current AP check in Weeping.	One independently authored walkthrough lead, matched by exact item name inside a declared region bucket. It does not prove a v1.17 event predicate, access requirement, absence of alternate acquisition, or the accuracy of AP's descriptive location suffix.
redmaw-w7-16-check-7772868	check	7772868	identity_region	"{""item_name"":""Whip"",""region"":""Weeping""}"	wiki:redmaw:walkthrough:20260712183803	gameplay-guide:redmaw	lead_only	unknown	redmaw:#castle-morne:w7-16	The walkthrough records Whip in its castle-morne segment; that item name identifies one current AP check in Weeping.	One independently authored walkthrough lead, matched by exact item name inside a declared region bucket. It does not prove a v1.17 event predicate, access requirement, absence of alternate acquisition, or the accuracy of AP's descriptive location suffix.
redmaw-w7-21-check-7773802	check	7773802	identity_region	"{""item_name"":""Grafted Blade Greatsword"",""region"":""Weeping""}"	wiki:redmaw:walkthrough:20260712183803	gameplay-guide:redmaw	lead_only	unknown	redmaw:#castle-morne:w7-21	The walkthrough records Grafted Blade Greatsword in its castle-morne segment; that item name identifies one current AP check in Weeping.	One independently authored walkthrough lead, matched by exact item name inside a declared region bucket. It does not prove a v1.17 event predicate, access requirement, absence of alternate acquisition, or the accuracy of AP's descriptive location suffix.
redmaw-w7-4-check-7772871	check	7772871	identity_region	"{""item_name"":""Claymore"",""region"":""Weeping""}"	wiki:redmaw:walkthrough:20260712183803	gameplay-guide:redmaw	lead_only	unknown	redmaw:#castle-morne:w7-4	The walkthrough records Claymore in its castle-morne segment; that item name identifies one current AP check in Weeping.	One independently authored walkthrough lead, matched by exact item name inside a declared region bucket. It does not prove a v1.17 event predicate, access requirement, absence of alternate acquisition, or the accuracy of AP's descriptive location suffix.
redmaw-w7-5-check-7772865	check	7772865	identity_region	"{""item_name"":""Steel-Wire Torch"",""region"":""Weeping""}"	wiki:redmaw:walkthrough:20260712183803	gameplay-guide:redmaw	lead_only	unknown	redmaw:#castle-morne:w7-5	The walkthrough records Steel-Wire Torch in its castle-morne segment; that item name identifies one current AP check in Weeping.	One independently authored walkthrough lead, matched by exact item name inside a declared region bucket. It does not prove a v1.17 event predicate, access requirement, absence of alternate acquisition, or the accuracy of AP's descriptive location suffix.
redmaw-w7-9-check-7774584	check	7774584	identity_region	"{""item_name"":""Sacrificial Twig"",""region"":""Weeping""}"	wiki:redmaw:walkthrough:20260712183803	gameplay-guide:redmaw	lead_only	unknown	redmaw:#castle-morne:w7-9	The walkthrough records Sacrificial Twig in its castle-morne segment; that item name identifies one current AP check in Weeping.	One independently authored walkthrough lead, matched by exact item name inside a declared region bucket. It does not prove a v1.17 event predicate, access requirement, absence of alternate acquisition, or the accuracy of AP's descriptive location suffix.
redmaw-w8-100-check-7770733	check	7770733	identity_region	"{""item_name"":""Rancorcall"",""region"":""Stormveil""}"	wiki:redmaw:walkthrough:20260712183803	gameplay-guide:redmaw	lead_only	unknown	redmaw:#stormveil-castle:w8-100	The walkthrough records Rancorcall in its stormveil-castle segment; that item name identifies one current AP check in Stormveil.	One independently authored walkthrough lead, matched by exact item name inside a declared region bucket. It does not prove a v1.17 event predicate, access requirement, absence of alternate acquisition, or the accuracy of AP's descriptive location suffix.
redmaw-w8-103-check-7770905	check	7770905	identity_region	"{""item_name"":""Prince of Death's Pustule"",""region"":""Stormveil""}"	wiki:redmaw:walkthrough:20260712183803	gameplay-guide:redmaw	lead_only	unknown	redmaw:#stormveil-castle:w8-103	The walkthrough records Prince of Death's Pustule in its stormveil-castle segment; that item name identifies one current AP check in Stormveil.	One independently authored walkthrough lead, matched by exact item name inside a declared region bucket. It does not prove a v1.17 event predicate, access requirement, absence of alternate acquisition, or the accuracy of AP's descriptive location suffix.
redmaw-w8-104-check-7770001	check	7770001	identity_region	"{""item_name"":""Godrick's Great Rune"",""region"":""Stormveil""}"	wiki:redmaw:walkthrough:20260712183803	gameplay-guide:redmaw	lead_only	unknown	redmaw:#stormveil-castle:w8-104	The walkthrough records Godrick's Great Rune in its stormveil-castle segment; that item name identifies one current AP check in Stormveil.	One independently authored walkthrough lead, matched by exact item name inside a declared region bucket. It does not prove a v1.17 event predicate, access requirement, absence of alternate acquisition, or the accuracy of AP's descriptive location suffix.
redmaw-w8-104-check-7770653	check	7770653	identity_region	"{""item_name"":""Remembrance of the Grafted"",""region"":""Stormveil""}"	wiki:redmaw:walkthrough:20260712183803	gameplay-guide:redmaw	lead_only	unknown	redmaw:#stormveil-castle:w8-104	The walkthrough records Remembrance of the Grafted in its stormveil-castle segment; that item name identifies one current AP check in Stormveil.	One independently authored walkthrough lead, matched by exact item name inside a declared region bucket. It does not prove a v1.17 event predicate, access requirement, absence of alternate acquisition, or the accuracy of AP's descriptive location suffix.
redmaw-w8-107-check-7770896	check	7770896	identity_region	"{""item_name"":""Shabriri Grape"",""region"":""Stormveil""}"	wiki:redmaw:walkthrough:20260712183803	gameplay-guide:redmaw	lead_only	unknown	redmaw:#stormveil-castle:w8-107	The walkthrough records Shabriri Grape in its stormveil-castle segment; that item name identifies one current AP check in Stormveil.	One independently authored walkthrough lead, matched by exact item name inside a declared region bucket. It does not prove a v1.17 event predicate, access requirement, absence of alternate acquisition, or the accuracy of AP's descriptive location suffix.
redmaw-w8-110-check-7772307	check	7772307	identity_region	"{""item_name"":""Boltdrake Talisman"",""region"":""Stormveil""}"	wiki:redmaw:walkthrough:20260712183803	gameplay-guide:redmaw	lead_only	unknown	redmaw:#stormveil-castle:w8-110	The walkthrough records Boltdrake Talisman in its stormveil-castle segment; that item name identifies one current AP check in Stormveil.	One independently authored walkthrough lead, matched by exact item name inside a declared region bucket. It does not prove a v1.17 event predicate, access requirement, absence of alternate acquisition, or the accuracy of AP's descriptive location suffix.
redmaw-w8-111-check-7772302	check	7772302	identity_region	"{""item_name"":""Warming Stone"",""region"":""Stormveil""}"	wiki:redmaw:walkthrough:20260712183803	gameplay-guide:redmaw	lead_only	unknown	redmaw:#stormveil-castle:w8-111	The walkthrough records Warming Stone in its stormveil-castle segment; that item name identifies one current AP check in Stormveil.	One independently authored walkthrough lead, matched by exact item name inside a declared region bucket. It does not prove a v1.17 event predicate, access requirement, absence of alternate acquisition, or the accuracy of AP's descriptive location suffix.
redmaw-w8-112-check-7772303	check	7772303	identity_region	"{""item_name"":""Soft Cotton"",""region"":""Stormveil""}"	wiki:redmaw:walkthrough:20260712183803	gameplay-guide:redmaw	lead_only	unknown	redmaw:#stormveil-castle:w8-112	The walkthrough records Soft Cotton in its stormveil-castle segment; that item name identifies one current AP check in Stormveil.	One independently authored walkthrough lead, matched by exact item name inside a declared region bucket. It does not prove a v1.17 event predicate, access requirement, absence of alternate acquisition, or the accuracy of AP's descriptive location suffix.
redmaw-w8-112-check-7772308	check	7772308	identity_region	"{""item_name"":""Ash-of-War Scarab"",""region"":""Stormveil""}"	wiki:redmaw:walkthrough:20260712183803	gameplay-guide:redmaw	lead_only	unknown	redmaw:#stormveil-castle:w8-112	The walkthrough records Ash-of-War Scarab in its stormveil-castle segment; that item name identifies one current AP check in Stormveil.	One independently authored walkthrough lead, matched by exact item name inside a declared region bucket. It does not prove a v1.17 event predicate, access requirement, absence of alternate acquisition, or the accuracy of AP's descriptive location suffix.
redmaw-w8-13-check-7770822	check	7770822	identity_region	"{""item_name"":""Marred Leather Shield"",""region"":""Stormveil""}"	wiki:redmaw:walkthrough:20260712183803	gameplay-guide:redmaw	lead_only	unknown	redmaw:#stormveil-castle:w8-13	The walkthrough records Marred Leather Shield in its stormveil-castle segment; that item name identifies one current AP check in Stormveil.	One independently authored walkthrough lead, matched by exact item name inside a declared region bucket. It does not prove a v1.17 event predicate, access requirement, absence of alternate acquisition, or the accuracy of AP's descriptive location suffix.
redmaw-w8-15-check-7770830	check	7770830	identity_region	"{""item_name"":""Hookclaws"",""region"":""Stormveil""}"	wiki:redmaw:walkthrough:20260712183803	gameplay-guide:redmaw	lead_only	unknown	redmaw:#stormveil-castle:w8-15	The walkthrough records Hookclaws in its stormveil-castle segment; that item name identifies one current AP check in Stormveil.	One independently authored walkthrough lead, matched by exact item name inside a declared region bucket. It does not prove a v1.17 event predicate, access requirement, absence of alternate acquisition, or the accuracy of AP's descriptive location suffix.
redmaw-w8-20-check-7770862	check	7770862	identity_region	"{""item_name"":""Rusty Key"",""region"":""Stormveil""}"	wiki:redmaw:walkthrough:20260712183803	gameplay-guide:redmaw	lead_only	unknown	redmaw:#stormveil-castle:w8-20	The walkthrough records Rusty Key in its stormveil-castle segment; that item name identifies one current AP check in Stormveil.	One independently authored walkthrough lead, matched by exact item name inside a declared region bucket. It does not prove a v1.17 event predicate, access requirement, absence of alternate acquisition, or the accuracy of AP's descriptive location suffix.
redmaw-w8-20-check-7770910	check	7770910	identity_region	"{""item_name"":""Curved Sword Talisman"",""region"":""Stormveil""}"	wiki:redmaw:walkthrough:20260712183803	gameplay-guide:redmaw	lead_only	unknown	redmaw:#stormveil-castle:w8-20	The walkthrough records Curved Sword Talisman in its stormveil-castle segment; that item name identifies one current AP check in Stormveil.	One independently authored walkthrough lead, matched by exact item name inside a declared region bucket. It does not prove a v1.17 event predicate, access requirement, absence of alternate acquisition, or the accuracy of AP's descriptive location suffix.
redmaw-w8-29-check-7770815	check	7770815	identity_region	"{""item_name"":""Brick Hammer"",""region"":""Stormveil""}"	wiki:redmaw:walkthrough:20260712183803	gameplay-guide:redmaw	lead_only	unknown	redmaw:#stormveil-castle:w8-29	The walkthrough records Brick Hammer in its stormveil-castle segment; that item name identifies one current AP check in Stormveil.	One independently authored walkthrough lead, matched by exact item name inside a declared region bucket. It does not prove a v1.17 event predicate, access requirement, absence of alternate acquisition, or the accuracy of AP's descriptive location suffix.
redmaw-w8-30-check-7770846	check	7770846	identity_region	"{""item_name"":""Marred Wooden Shield"",""region"":""Stormveil""}"	wiki:redmaw:walkthrough:20260712183803	gameplay-guide:redmaw	lead_only	unknown	redmaw:#stormveil-castle:w8-30	The walkthrough records Marred Wooden Shield in its stormveil-castle segment; that item name identifies one current AP check in Stormveil.	One independently authored walkthrough lead, matched by exact item name inside a declared region bucket. It does not prove a v1.17 event predicate, access requirement, absence of alternate acquisition, or the accuracy of AP's descriptive location suffix.
redmaw-w8-31-check-7770731	check	7770731	identity_region	"{""item_name"":""Ash of War: Storm Assault"",""region"":""Stormveil""}"	wiki:redmaw:walkthrough:20260712183803	gameplay-guide:redmaw	lead_only	unknown	redmaw:#stormveil-castle:w8-31	The walkthrough records Ash of War: Storm Assault in its stormveil-castle segment; that item name identifies one current AP check in Stormveil.	One independently authored walkthrough lead, matched by exact item name inside a declared region bucket. It does not prove a v1.17 event predicate, access requirement, absence of alternate acquisition, or the accuracy of AP's descriptive location suffix.
redmaw-w8-32-check-7770843	check	7770843	identity_region	"{""item_name"":""Aspects of the Crucible: Horns"",""region"":""Stormveil""}"	wiki:redmaw:walkthrough:20260712183803	gameplay-guide:redmaw	lead_only	unknown	redmaw:#stormveil-castle:w8-32	The walkthrough records Aspects of the Crucible: Horns in its stormveil-castle segment; that item name identifies one current AP check in Stormveil.	One independently authored walkthrough lead, matched by exact item name inside a declared region bucket. It does not prove a v1.17 event predicate, access requirement, absence of alternate acquisition, or the accuracy of AP's descriptive location suffix.
redmaw-w8-37-check-7774599	check	7774599	identity_region	"{""item_name"":""Dozing Cross-Legged"",""region"":""Stormveil""}"	wiki:redmaw:walkthrough:20260712183803	gameplay-guide:redmaw	lead_only	unknown	redmaw:#stormveil-castle:w8-37	The walkthrough records Dozing Cross-Legged in its stormveil-castle segment; that item name identifies one current AP check in Stormveil.	One independently authored walkthrough lead, matched by exact item name inside a declared region bucket. It does not prove a v1.17 event predicate, access requirement, absence of alternate acquisition, or the accuracy of AP's descriptive location suffix.
redmaw-w8-39-check-7770836	check	7770836	identity_region	"{""item_name"":""Claw Talisman"",""region"":""Stormveil""}"	wiki:redmaw:walkthrough:20260712183803	gameplay-guide:redmaw	lead_only	unknown	redmaw:#stormveil-castle:w8-39	The walkthrough records Claw Talisman in its stormveil-castle segment; that item name identifies one current AP check in Stormveil.	One independently authored walkthrough lead, matched by exact item name inside a declared region bucket. It does not prove a v1.17 event predicate, access requirement, absence of alternate acquisition, or the accuracy of AP's descriptive location suffix.
redmaw-w8-45-check-7770909	check	7770909	identity_region	"{""item_name"":""Mimic's Veil"",""region"":""Stormveil""}"	wiki:redmaw:walkthrough:20260712183803	gameplay-guide:redmaw	lead_only	unknown	redmaw:#stormveil-castle:w8-45	The walkthrough records Mimic's Veil in its stormveil-castle segment; that item name identifies one current AP check in Stormveil.	One independently authored walkthrough lead, matched by exact item name inside a declared region bucket. It does not prove a v1.17 event predicate, access requirement, absence of alternate acquisition, or the accuracy of AP's descriptive location suffix.
redmaw-w8-46-check-7770817	check	7770817	identity_region	"{""item_name"":""Gold-Pickled Fowl Foot"",""region"":""Stormveil""}"	wiki:redmaw:walkthrough:20260712183803	gameplay-guide:redmaw	lead_only	unknown	redmaw:#stormveil-castle:w8-46	The walkthrough records Gold-Pickled Fowl Foot in its stormveil-castle segment; that item name identifies one current AP check in Stormveil.	One independently authored walkthrough lead, matched by exact item name inside a declared region bucket. It does not prove a v1.17 event predicate, access requirement, absence of alternate acquisition, or the accuracy of AP's descriptive location suffix.
redmaw-w8-48-check-7770852	check	7770852	identity_region	"{""item_name"":""Exalted Flesh"",""region"":""Stormveil""}"	wiki:redmaw:walkthrough:20260712183803	gameplay-guide:redmaw	lead_only	unknown	redmaw:#stormveil-castle:w8-48	The walkthrough records Exalted Flesh in its stormveil-castle segment; that item name identifies one current AP check in Stormveil.	One independently authored walkthrough lead, matched by exact item name inside a declared region bucket. It does not prove a v1.17 event predicate, access requirement, absence of alternate acquisition, or the accuracy of AP's descriptive location suffix.
redmaw-w8-49-check-7770848	check	7770848	identity_region	"{""item_name"":""Highland Axe"",""region"":""Stormveil""}"	wiki:redmaw:walkthrough:20260712183803	gameplay-guide:redmaw	lead_only	unknown	redmaw:#stormveil-castle:w8-49	The walkthrough records Highland Axe in its stormveil-castle segment; that item name identifies one current AP check in Stormveil.	One independently authored walkthrough lead, matched by exact item name inside a declared region bucket. It does not prove a v1.17 event predicate, access requirement, absence of alternate acquisition, or the accuracy of AP's descriptive location suffix.
redmaw-w8-49-check-7770860	check	7770860	identity_region	"{""item_name"":""Stanching Boluses"",""region"":""Stormveil""}"	wiki:redmaw:walkthrough:20260712183803	gameplay-guide:redmaw	lead_only	unknown	redmaw:#stormveil-castle:w8-49	The walkthrough records Stanching Boluses in its stormveil-castle segment; that item name identifies one current AP check in Stormveil.	One independently authored walkthrough lead, matched by exact item name inside a declared region bucket. It does not prove a v1.17 event predicate, access requirement, absence of alternate acquisition, or the accuracy of AP's descriptive location suffix.
redmaw-w8-54-check-7770041	check	7770041	identity_region	"{""item_name"":""Iron Whetblade"",""region"":""Stormveil""}"	wiki:redmaw:walkthrough:20260712183803	gameplay-guide:redmaw	lead_only	unknown	redmaw:#stormveil-castle:w8-54	The walkthrough records Iron Whetblade in its stormveil-castle segment; that item name identifies one current AP check in Stormveil.	One independently authored walkthrough lead, matched by exact item name inside a declared region bucket. It does not prove a v1.17 event predicate, access requirement, absence of alternate acquisition, or the accuracy of AP's descriptive location suffix.
redmaw-w8-54-check-7770812	check	7770812	identity_region	"{""item_name"":""Hawk Crest Wooden Shield"",""region"":""Stormveil""}"	wiki:redmaw:walkthrough:20260712183803	gameplay-guide:redmaw	lead_only	unknown	redmaw:#stormveil-castle:w8-54	The walkthrough records Hawk Crest Wooden Shield in its stormveil-castle segment; that item name identifies one current AP check in Stormveil.	One independently authored walkthrough lead, matched by exact item name inside a declared region bucket. It does not prove a v1.17 event predicate, access requirement, absence of alternate acquisition, or the accuracy of AP's descriptive location suffix.
redmaw-w8-54-check-7770813	check	7770813	identity_region	"{""item_name"":""Misericorde"",""region"":""Stormveil""}"	wiki:redmaw:walkthrough:20260712183803	gameplay-guide:redmaw	lead_only	unknown	redmaw:#stormveil-castle:w8-54	The walkthrough records Misericorde in its stormveil-castle segment; that item name identifies one current AP check in Stormveil.	One independently authored walkthrough lead, matched by exact item name inside a declared region bucket. It does not prove a v1.17 event predicate, access requirement, absence of alternate acquisition, or the accuracy of AP's descriptive location suffix.
redmaw-w8-56-check-7770857	check	7770857	identity_region	"{""item_name"":""Fireproof Dried Liver"",""region"":""Stormveil""}"	wiki:redmaw:walkthrough:20260712183803	gameplay-guide:redmaw	lead_only	unknown	redmaw:#stormveil-castle:w8-56	The walkthrough records Fireproof Dried Liver in its stormveil-castle segment; that item name identifies one current AP check in Stormveil.	One independently authored walkthrough lead, matched by exact item name inside a declared region bucket. It does not prove a v1.17 event predicate, access requirement, absence of alternate acquisition, or the accuracy of AP's descriptive location suffix.
redmaw-w8-57-check-7770908	check	7770908	identity_region	"{""item_name"":""Godslayer's Seal"",""region"":""Stormveil""}"	wiki:redmaw:walkthrough:20260712183803	gameplay-guide:redmaw	lead_only	unknown	redmaw:#stormveil-castle:w8-57	The walkthrough records Godslayer's Seal in its stormveil-castle segment; that item name identifies one current AP check in Stormveil.	One independently authored walkthrough lead, matched by exact item name inside a declared region bucket. It does not prove a v1.17 event predicate, access requirement, absence of alternate acquisition, or the accuracy of AP's descriptive location suffix.
redmaw-w8-57-check-7770912	check	7770912	identity_region	"{""item_name"":""Godskin Prayerbook"",""region"":""Stormveil""}"	wiki:redmaw:walkthrough:20260712183803	gameplay-guide:redmaw	lead_only	unknown	redmaw:#stormveil-castle:w8-57	The walkthrough records Godskin Prayerbook in its stormveil-castle segment; that item name identifies one current AP check in Stormveil.	One independently authored walkthrough lead, matched by exact item name inside a declared region bucket. It does not prove a v1.17 event predicate, access requirement, absence of alternate acquisition, or the accuracy of AP's descriptive location suffix.
redmaw-w8-62-check-7770084	check	7770084	identity_region	"{""item_name"":""Nomadic Warrior's Cookbook [10]"",""region"":""Stormveil""}"	wiki:redmaw:walkthrough:20260712183803	gameplay-guide:redmaw	lead_only	unknown	redmaw:#stormveil-castle:w8-62	The walkthrough records Nomadic Warrior's Cookbook [10] in its stormveil-castle segment; that item name identifies one current AP check in Stormveil.	One independently authored walkthrough lead, matched by exact item name inside a declared region bucket. It does not prove a v1.17 event predicate, access requirement, absence of alternate acquisition, or the accuracy of AP's descriptive location suffix.
redmaw-w8-63-check-7770811	check	7770811	identity_region	"{""item_name"":""Wooden Greatshield"",""region"":""Stormveil""}"	wiki:redmaw:walkthrough:20260712183803	gameplay-guide:redmaw	lead_only	unknown	redmaw:#stormveil-castle:w8-63	The walkthrough records Wooden Greatshield in its stormveil-castle segment; that item name identifies one current AP check in Stormveil.	One independently authored walkthrough lead, matched by exact item name inside a declared region bucket. It does not prove a v1.17 event predicate, access requirement, absence of alternate acquisition, or the accuracy of AP's descriptive location suffix.
redmaw-w8-67-check-7770798	check	7770798	identity_region	"{""item_name"":""\""Prophecy\"" Painting"",""region"":""Stormveil""}"	wiki:redmaw:walkthrough:20260712183803	gameplay-guide:redmaw	lead_only	unknown	redmaw:#stormveil-castle:w8-67	"The walkthrough records ""Prophecy"" Painting in its stormveil-castle segment; that item name identifies one current AP check in Stormveil."	One independently authored walkthrough lead, matched by exact item name inside a declared region bucket. It does not prove a v1.17 event predicate, access requirement, absence of alternate acquisition, or the accuracy of AP's descriptive location suffix.
redmaw-w8-68-check-7770874	check	7770874	identity_region	"{""item_name"":""Pike"",""region"":""Stormveil""}"	wiki:redmaw:walkthrough:20260712183803	gameplay-guide:redmaw	lead_only	unknown	redmaw:#stormveil-castle:w8-68	The walkthrough records Pike in its stormveil-castle segment; that item name identifies one current AP check in Stormveil.	One independently authored walkthrough lead, matched by exact item name inside a declared region bucket. It does not prove a v1.17 event predicate, access requirement, absence of alternate acquisition, or the accuracy of AP's descriptive location suffix.
redmaw-w8-68-check-7770882	check	7770882	identity_region	"{""item_name"":""Magic Grease"",""region"":""Stormveil""}"	wiki:redmaw:walkthrough:20260712183803	gameplay-guide:redmaw	lead_only	unknown	redmaw:#stormveil-castle:w8-68	The walkthrough records Magic Grease in its stormveil-castle segment; that item name identifies one current AP check in Stormveil.	One independently authored walkthrough lead, matched by exact item name inside a declared region bucket. It does not prove a v1.17 event predicate, access requirement, absence of alternate acquisition, or the accuracy of AP's descriptive location suffix.
redmaw-w8-73-check-7770868	check	7770868	identity_region	"{""item_name"":""Commoner's Simple Garb"",""region"":""Stormveil""}"	wiki:redmaw:walkthrough:20260712183803	gameplay-guide:redmaw	lead_only	unknown	redmaw:#stormveil-castle:w8-73	The walkthrough records Commoner's Simple Garb in its stormveil-castle segment; that item name identifies one current AP check in Stormveil.	One independently authored walkthrough lead, matched by exact item name inside a declared region bucket. It does not prove a v1.17 event predicate, access requirement, absence of alternate acquisition, or the accuracy of AP's descriptive location suffix.
redmaw-w8-75-check-7770820	check	7770820	identity_region	"{""item_name"":""Somber Smithing Stone [1]"",""region"":""Stormveil""}"	wiki:redmaw:walkthrough:20260712183803	gameplay-guide:redmaw	lead_only	unknown	redmaw:#stormveil-castle:w8-75	The walkthrough records Somber Smithing Stone [1] in its stormveil-castle segment; that item name identifies one current AP check in Stormveil.	One independently authored walkthrough lead, matched by exact item name inside a declared region bucket. It does not prove a v1.17 event predicate, access requirement, absence of alternate acquisition, or the accuracy of AP's descriptive location suffix.
redmaw-w8-77-check-7770867	check	7770867	identity_region	"{""item_name"":""Arbalest"",""region"":""Stormveil""}"	wiki:redmaw:walkthrough:20260712183803	gameplay-guide:redmaw	lead_only	unknown	redmaw:#stormveil-castle:w8-77	The walkthrough records Arbalest in its stormveil-castle segment; that item name identifies one current AP check in Stormveil.	One independently authored walkthrough lead, matched by exact item name inside a declared region bucket. It does not prove a v1.17 event predicate, access requirement, absence of alternate acquisition, or the accuracy of AP's descriptive location suffix.
redmaw-w8-86-check-7770732	check	7770732	identity_region	"{""item_name"":""Ash of War: Stormcaller"",""region"":""Stormveil""}"	wiki:redmaw:walkthrough:20260712183803	gameplay-guide:redmaw	lead_only	unknown	redmaw:#stormveil-castle:w8-86	The walkthrough records Ash of War: Stormcaller in its stormveil-castle segment; that item name identifies one current AP check in Stormveil.	One independently authored walkthrough lead, matched by exact item name inside a declared region bucket. It does not prove a v1.17 event predicate, access requirement, absence of alternate acquisition, or the accuracy of AP's descriptive location suffix.
redmaw-w8-93-check-7770821	check	7770821	identity_region	"{""item_name"":""Manor Towershield"",""region"":""Stormveil""}"	wiki:redmaw:walkthrough:20260712183803	gameplay-guide:redmaw	lead_only	unknown	redmaw:#stormveil-castle:w8-93	The walkthrough records Manor Towershield in its stormveil-castle segment; that item name identifies one current AP check in Stormveil.	One independently authored walkthrough lead, matched by exact item name inside a declared region bucket. It does not prove a v1.17 event predicate, access requirement, absence of alternate acquisition, or the accuracy of AP's descriptive location suffix.
redmaw-w9-17-check-7770805	check	7770805	identity_region	"{""item_name"":""Warhawk Ashes"",""region"":""Limgrave""}"	wiki:redmaw:walkthrough:20260712183803	gameplay-guide:redmaw	lead_only	unknown	redmaw:#fringefolk:w9-17	The walkthrough records Warhawk Ashes in its fringefolk segment; that item name identifies one current AP check in Limgrave.	One independently authored walkthrough lead, matched by exact item name inside a declared region bucket. It does not prove a v1.17 event predicate, access requirement, absence of alternate acquisition, or the accuracy of AP's descriptive location suffix.
redmaw-w9-19-check-7774345	check	7774345	identity_region	"{""item_name"":""Ash of War: Gravitas"",""region"":""Limgrave""}"	wiki:redmaw:walkthrough:20260712183803	gameplay-guide:redmaw	lead_only	unknown	redmaw:#fringefolk:w9-19	The walkthrough records Ash of War: Gravitas in its fringefolk segment; that item name identifies one current AP check in Limgrave.	One independently authored walkthrough lead, matched by exact item name inside a declared region bucket. It does not prove a v1.17 event predicate, access requirement, absence of alternate acquisition, or the accuracy of AP's descriptive location suffix.
redmaw-w9-21-check-7773935	check	7773935	identity_region	"{""item_name"":""Haligdrake Talisman"",""region"":""Limgrave""}"	wiki:redmaw:walkthrough:20260712183803	gameplay-guide:redmaw	lead_only	unknown	redmaw:#fringefolk:w9-21	The walkthrough records Haligdrake Talisman in its fringefolk segment; that item name identifies one current AP check in Limgrave.	One independently authored walkthrough lead, matched by exact item name inside a declared region bucket. It does not prove a v1.17 event predicate, access requirement, absence of alternate acquisition, or the accuracy of AP's descriptive location suffix.
redmaw-w9-25-check-7771727	check	7771727	identity_region	"{""item_name"":""Erdtree's Favor"",""region"":""Limgrave""}"	wiki:redmaw:walkthrough:20260712183803	gameplay-guide:redmaw	lead_only	unknown	redmaw:#fringefolk:w9-25	The walkthrough records Erdtree's Favor in its fringefolk segment; that item name identifies one current AP check in Limgrave.	One independently authored walkthrough lead, matched by exact item name inside a declared region bucket. It does not prove a v1.17 event predicate, access requirement, absence of alternate acquisition, or the accuracy of AP's descriptive location suffix.
redmaw-w9-27-check-7771728	check	7771728	identity_region	"{""item_name"":""Erdtree Greatbow"",""region"":""Limgrave""}"	wiki:redmaw:walkthrough:20260712183803	gameplay-guide:redmaw	lead_only	unknown	redmaw:#fringefolk:w9-27	The walkthrough records Erdtree Greatbow in its fringefolk segment; that item name identifies one current AP check in Limgrave.	One independently authored walkthrough lead, matched by exact item name inside a declared region bucket. It does not prove a v1.17 event predicate, access requirement, absence of alternate acquisition, or the accuracy of AP's descriptive location suffix.
redmaw-w9-30-check-7773932	check	7773932	identity_region	"{""item_name"":""Dragonwound Grease"",""region"":""Limgrave""}"	wiki:redmaw:walkthrough:20260712183803	gameplay-guide:redmaw	lead_only	unknown	redmaw:#fringefolk:w9-30	The walkthrough records Dragonwound Grease in its fringefolk segment; that item name identifies one current AP check in Limgrave.	One independently authored walkthrough lead, matched by exact item name inside a declared region bucket. It does not prove a v1.17 event predicate, access requirement, absence of alternate acquisition, or the accuracy of AP's descriptive location suffix.
redmaw-w9-30-check-7773936	check	7773936	identity_region	"{""item_name"":""Dragon Communion Seal"",""region"":""Limgrave""}"	wiki:redmaw:walkthrough:20260712183803	gameplay-guide:redmaw	lead_only	unknown	redmaw:#fringefolk:w9-30	The walkthrough records Dragon Communion Seal in its fringefolk segment; that item name identifies one current AP check in Limgrave.	One independently authored walkthrough lead, matched by exact item name inside a declared region bucket. It does not prove a v1.17 event predicate, access requirement, absence of alternate acquisition, or the accuracy of AP's descriptive location suffix.
redmaw-w9-33-check-7774595	check	7774595	identity_region	"{""item_name"":""Bravo!"",""region"":""Limgrave""}"	wiki:redmaw:walkthrough:20260712183803	gameplay-guide:redmaw	lead_only	unknown	redmaw:#fringefolk:w9-33	The walkthrough records Bravo! in its fringefolk segment; that item name identifies one current AP check in Limgrave.	One independently authored walkthrough lead, matched by exact item name inside a declared region bucket. It does not prove a v1.17 event predicate, access requirement, absence of alternate acquisition, or the accuracy of AP's descriptive location suffix.
