column	n_params	params
	239	ActionButtonParam,AiSoundParam,AssetEnvironmentGeometryParam,AssetMaterialSfxParam,AssetModelSfxParam,AtkParam_Npc,AtkParam_Pc,AttackElementCorrectParam,AutoCreateEnvSoundParam,BaseChrSelectMenuParam,BehaviorParam,BehaviorParam_PC,BonfireWarpParam,BonfireWarpSubCategoryParam,BonfireWarpTabParam,BuddyParam,BuddyStoneParam,BudgetParam,Bullet,BulletCreateLimitParam,CalcCorrectGraph,CameraFadeParam,Ceremony,CharMakeMenuListItemParam,CharMakeMenuTopParam,CharaInitParam,ChrActivateConditionParam,ChrEquipModelParam,ChrModelParam,ClearCountCorrectParam,CommonSystemParam,CoolTimeParam,CutSceneTextureLoadParam,CutsceneGparamTimeParam,CutsceneGparamWeatherParam,CutsceneMapIdParam,CutsceneTimezoneConvertParam,CutsceneWeatherOverrideGparamConvertParam,DecalParam,DefaultKeyAssign,DirectionCameraParam,EnemyCommonParam,EnvObjLotParam,EquipMtrlSetParam,EquipParamAccessory,EquipParamCustomWeapon,EquipParamGem,EquipParamGoods,EquipParamProtector,EquipParamWeapon,FaceParam,FaceRangeParam,FeTextEffectParam,FinalDamageRateParam,FootSfxParam,GameAreaParam,GameSystemCommonParam,Gconfig_AAQuality,Gconfig_AAQuality_ps4,Gconfig_AAQuality_xboxone,Gconfig_DOFQuality,Gconfig_DOFQuality_ps4,Gconfig_DOFQuality_xboxone,Gconfig_DecalQuality,Gconfig_EffectQuality,Gconfig_EffectQuality_ps4,Gconfig_EffectQuality_xboxone,Gconfig_LightingQuality,Gconfig_LightingQuality_ps4,Gconfig_LightingQuality_ps5,Gconfig_LightingQuality_scarlett,Gconfig_LightingQuality_xboxone,Gconfig_MotionBlurQuality,Gconfig_MotionBlurQuality_ps4,Gconfig_MotionBlurQuality_xboxone,Gconfig_RaytracingQuality,Gconfig_RaytracingQuality_ps5,Gconfig_RaytracingQuality_scarlett,Gconfig_ReflectionQuality,Gconfig_ReflectionQuality_ps4,Gconfig_ReflectionQuality_xboxone,Gconfig_SSAOQuality,Gconfig_SSAOQuality_ps4,Gconfig_SSAOQuality_xboxone,Gconfig_ShaderQuality,Gconfig_ShaderQuality_ps4,Gconfig_ShaderQuality_xboxone,Gconfig_ShadowQuality,Gconfig_ShadowQuality_ps4,Gconfig_ShadowQuality_xboxone,Gconfig_TextureFilterQuality,Gconfig_TextureFilterQuality_ps4,Gconfig_TextureFilterQuality_xboxone,Gconfig_VolumetricEffectQuality,Gconfig_VolumetricEffectQuality_ps4,Gconfig_VolumetricEffectQuality_xboxone,Gconfig_WaterQuality,GestureParam,GparamRefSettings,GraphicsCommonParam,GraphicsConfig,GrassLodRangeParam,GrassTypeParam,GrassTypeParam_Lv1,GrassTypeParam_Lv2,HPEstusFlaskRecoveryParam,HitEffectSeParam,HitEffectSfxConceptParam,HitEffectSfxParam,HitMtrlParam,ItemLotParam_enemy,ItemLotParam_map,KeyAssignMenuItemParam,KeyAssignParam_TypeA,KeyAssignParam_TypeB,KeyAssignParam_TypeC,KnockBackParam,KnowledgeLoadScreenItemParam,LegacyDistantViewPartsReplaceParam,LoadBalancerDrawDistScaleParam,LoadBalancerDrawDistScaleParam_ps4,LoadBalancerDrawDistScaleParam_ps5,LoadBalancerDrawDistScaleParam_xb1,LoadBalancerDrawDistScaleParam_xb1x,LoadBalancerDrawDistScaleParam_xss,LoadBalancerDrawDistScaleParam_xsx,LoadBalancerNewDrawDistScaleParam_ps4,LoadBalancerNewDrawDistScaleParam_ps5,LoadBalancerNewDrawDistScaleParam_win64,LoadBalancerNewDrawDistScaleParam_xb1,LoadBalancerNewDrawDistScaleParam_xb1x,LoadBalancerNewDrawDistScaleParam_xss,LoadBalancerNewDrawDistScaleParam_xsx,LoadBalancerParam,LockCamParam,MPEstusFlaskRecoveryParam,Magic,MapDefaultInfoParam,MapGdRegionDrawParam,MapGdRegionInfoParam,MapGridCreateHeightDetailLimitInfo,MapGridCreateHeightLimitInfoParam,MapMimicryEstablishmentParam,MapNameTexParam,MapNameTexParam_m61,MapPieceTexParam,MapPieceTexParam_m61,MaterialExParam,MenuColorTableParam,MenuCommonParam,MenuOffscrRendParam,MenuPropertyLayoutParam,MenuPropertySpecParam,MenuValueTableParam,MimicryEstablishmentTexParam,MimicryEstablishmentTexParam_m61,MoveParam,MultiHPEstusFlaskBonusParam,MultiMPEstusFlaskBonusParam,MultiPlayCorrectionParam,MultiSoulBonusRateParam,NetworkAreaParam,NetworkMsgParam,NetworkParam,NpcAiActionParam,NpcAiBehaviorProbability,NpcParam,NpcThinkParam,ObjActParam,PartsDrawParam,PhantomParam,PlayRegionParam,PlayerCommonParam,PostureControlParam_Gender,PostureControlParam_Pro,PostureControlParam_WepLeft,PostureControlParam_WepRight,RandomAppearParam,ReinforceParamProtector,ReinforceParamWeapon,ResistCorrectParam,ReverbAuxSendBusParam,RideParam,RoleParam,RollingObjLotParam,RuntimeBoneControlParam,SeActivationRangeParam,SeMaterialConvertParam,SfxBlockResShareParam,ShopLineupParam,ShopLineupParam_Recipe,SignPuddleParam,SignPuddleSubCategoryParam,SignPuddleTabParam,SoundAssetSoundObjEnableDistParam,SoundAutoEnvSoundGroupParam,SoundAutoReverbEvaluationDistParam,SoundAutoReverbSelectParam,SoundChrPhysicsSeParam,SoundCommonIngameParam,SoundCommonSystemParam,SoundCutsceneParam,SpEffectParam,SpEffectSetParam,SpEffectVfxParam,SpeedtreeParam,SwordArtsParam,TalkParam,ThrowDirectionSfxParam,ThrowParam,ToughnessParam,TutorialParam,WaypointParam,WeatherAssetCreateParam,WeatherAssetReplaceParam,WeatherLotParam,WeatherLotTexParam,WeatherLotTexParam_m61,WeatherParam,WepAbsorpPosParam,WetAspectParam,WhiteSignCoolTimeParam,WorldMapLegacyConvParam,WorldMapPieceParam,WorldMapPlaceNameParam,WorldMapPointParam,WwiseValueToStrParam_BgmBossChrIdConv,WwiseValueToStrParam_EnvPlaceType,WwiseValueToStrParam_Switch_AttackStrength,WwiseValueToStrParam_Switch_AttackType,WwiseValueToStrParam_Switch_DamageAmount,WwiseValueToStrParam_Switch_DeffensiveMaterial,WwiseValueToStrParam_Switch_GrassHitType,WwiseValueToStrParam_Switch_HitStop,WwiseValueToStrParam_Switch_OffensiveMaterial,WwiseValueToStrParam_Switch_PlayerEquipmentBottoms,WwiseValueToStrParam_Switch_PlayerEquipmentTops,WwiseValueToStrParam_Switch_PlayerShoes,WwiseValueToStrParam_Switch_PlayerVoiceType
AppearAiSoundId	3	AtkParam_Npc,AtkParam_Pc,SpEffectParam
AreaNo	1	SoundAutoReverbSelectParam
AssetId	1	WeatherAssetCreateParam
AssetId0	1	WeatherAssetReplaceParam
AssetId1	1	WeatherAssetReplaceParam
AssetId2	1	WeatherAssetReplaceParam
AssetId3	1	WeatherAssetReplaceParam
AssetId4	1	WeatherAssetReplaceParam
AssetId5	1	WeatherAssetReplaceParam
AssetId6	1	WeatherAssetReplaceParam
AssetId7	1	WeatherAssetReplaceParam
AssetId_0	2	EnvObjLotParam,RollingObjLotParam
AssetId_1	2	EnvObjLotParam,RollingObjLotParam
AssetId_2	2	EnvObjLotParam,RollingObjLotParam
AssetId_3	2	EnvObjLotParam,RollingObjLotParam
AssetId_4	2	EnvObjLotParam,RollingObjLotParam
AssetId_5	2	EnvObjLotParam,RollingObjLotParam
AssetId_6	2	EnvObjLotParam,RollingObjLotParam
AssetId_7	2	EnvObjLotParam,RollingObjLotParam
AtkChrId	1	ThrowParam
AtkEnableState	1	ThrowParam
BackHomeLife_OnHitEneWal	1	NpcThinkParam
BackHome_LookTargetDist	1	NpcThinkParam
BackHome_LookTargetTime	1	NpcThinkParam
BattleRoyal	3	MultiHPEstusFlaskBonusParam,MultiMPEstusFlaskBonusParam,MultiSoulBonusRateParam
BattleRoyalMatchSearchMax	1	NetworkParam
BattleRoyalMatchSearchMin	1	NetworkParam
BattleStartDist	1	NpcThinkParam
BgmBehaviorTypeOnStart	1	SoundCutsceneParam
BgmPlaceInfo	1	MapDefaultInfoParam
BillboardBackSpecularWeakenParam	1	SpeedtreeParam
BlackGhost_Berserker_Invade	3	MultiHPEstusFlaskBonusParam,MultiMPEstusFlaskBonusParam,MultiSoulBonusRateParam
BlackGhost_Berserker_Sign	3	MultiHPEstusFlaskBonusParam,MultiMPEstusFlaskBonusParam,MultiSoulBonusRateParam
BlackGhost_None_Invade	3	MultiHPEstusFlaskBonusParam,MultiMPEstusFlaskBonusParam,MultiSoulBonusRateParam
BlackGhost_None_Sign	3	MultiHPEstusFlaskBonusParam,MultiMPEstusFlaskBonusParam,MultiSoulBonusRateParam
BlackGhost_Umbasa_Invade	3	MultiHPEstusFlaskBonusParam,MultiMPEstusFlaskBonusParam,MultiSoulBonusRateParam
BlackGhost_Umbasa_Sign	3	MultiHPEstusFlaskBonusParam,MultiMPEstusFlaskBonusParam,MultiSoulBonusRateParam
BloodDamageRate	1	ClearCountCorrectParam
BloodResistRate	1	ClearCountCorrectParam
BlowAttackRate	1	ClearCountCorrectParam
Blow_L	1	HitEffectSfxParam
Blow_Normal	1	HitEffectSfxParam
Blow_S	1	HitEffectSfxParam
Blow_Specific1	1	HitEffectSfxParam
Blow_Specific2	1	HitEffectSfxParam
Body_Blow_L	1	HitEffectSeParam
Body_Blow_LL	1	HitEffectSeParam
Body_Blow_S	1	HitEffectSeParam
Body_Slash_L	1	HitEffectSeParam
Body_Slash_LL	1	HitEffectSeParam
Body_Slash_S	1	HitEffectSeParam
Body_Thrust_L	1	HitEffectSeParam
Body_Thrust_LL	1	HitEffectSeParam
Body_Thrust_S	1	HitEffectSeParam
BreakAiSoundID	1	AssetEnvironmentGeometryParam
CaptionTextID	2	MenuPropertyLayoutParam,MenuPropertySpecParam
ClientDisableViewTimeForProgress	1	CutsceneMapIdParam
CompareType	1	MenuPropertySpecParam
ContactCheckRigidIdx0	1	SoundChrPhysicsSeParam
ContactCheckRigidIdx1	1	SoundChrPhysicsSeParam
ContactCheckRigidIdx10	1	SoundChrPhysicsSeParam
ContactCheckRigidIdx11	1	SoundChrPhysicsSeParam
ContactCheckRigidIdx12	1	SoundChrPhysicsSeParam
ContactCheckRigidIdx13	1	SoundChrPhysicsSeParam
ContactCheckRigidIdx14	1	SoundChrPhysicsSeParam
ContactCheckRigidIdx15	1	SoundChrPhysicsSeParam
ContactCheckRigidIdx2	1	SoundChrPhysicsSeParam
ContactCheckRigidIdx3	1	SoundChrPhysicsSeParam
ContactCheckRigidIdx4	1	SoundChrPhysicsSeParam
ContactCheckRigidIdx5	1	SoundChrPhysicsSeParam
ContactCheckRigidIdx6	1	SoundChrPhysicsSeParam
ContactCheckRigidIdx7	1	SoundChrPhysicsSeParam
ContactCheckRigidIdx8	1	SoundChrPhysicsSeParam
ContactCheckRigidIdx9	1	SoundChrPhysicsSeParam
ContactLandAddSeId	1	SoundChrPhysicsSeParam
ContactLandMinImpuse	1	SoundChrPhysicsSeParam
ContactLandMinSpeed	1	SoundChrPhysicsSeParam
ContactLandPlayNum	1	SoundChrPhysicsSeParam
ContactLandSeId	1	SoundChrPhysicsSeParam
ContactPlayerMinImpuse	1	SoundChrPhysicsSeParam
ContactPlayerMinSpeed	1	SoundChrPhysicsSeParam
ContactPlayerSeId	1	SoundChrPhysicsSeParam
CreateAssetLimitId0	2	WeatherAssetCreateParam,WeatherAssetReplaceParam
CreateAssetLimitId1	2	WeatherAssetCreateParam,WeatherAssetReplaceParam
CreateAssetLimitId2	2	WeatherAssetCreateParam,WeatherAssetReplaceParam
CreateAssetLimitId3	2	WeatherAssetCreateParam,WeatherAssetReplaceParam
CreateConditionType	1	WeatherAssetCreateParam
CreateDelayTime	1	WeatherAssetCreateParam
CreatePoint0	1	WeatherAssetCreateParam
CreatePoint1	1	WeatherAssetCreateParam
CreatePoint2	1	WeatherAssetCreateParam
CreatePoint3	1	WeatherAssetCreateParam
CreateProbability	1	WeatherAssetCreateParam
CreateWeight_0	2	EnvObjLotParam,RollingObjLotParam
CreateWeight_1	2	EnvObjLotParam,RollingObjLotParam
CreateWeight_2	2	EnvObjLotParam,RollingObjLotParam
CreateWeight_3	2	EnvObjLotParam,RollingObjLotParam
CreateWeight_4	2	EnvObjLotParam,RollingObjLotParam
CreateWeight_5	2	EnvObjLotParam,RollingObjLotParam
CreateWeight_6	2	EnvObjLotParam,RollingObjLotParam
CreateWeight_7	2	EnvObjLotParam,RollingObjLotParam
CurseResistRate	1	ClearCountCorrectParam
DarkAttackRate	1	ClearCountCorrectParam
DarkDefenseRate	1	ClearCountCorrectParam
DefChrId	1	ThrowParam
DeleteDist	1	AutoCreateEnvSoundParam
DerivationLevelType	1	EquipParamWeapon
DiffAngMax	1	ThrowParam
DiffAngMax_start	1	ThrowParam
DiffAngMin	1	ThrowParam
DiffAngMin_start	1	ThrowParam
DiseaseResistRate	1	ClearCountCorrectParam
Dist	1	ThrowParam
DistMaxA	1	SoundAutoReverbSelectParam
DistMaxB	1	SoundAutoReverbSelectParam
DistMinA	1	SoundAutoReverbSelectParam
DistMinB	1	SoundAutoReverbSelectParam
DistViewWeatherGparamOverrideWeight	1	WeatherParam
Dist_start	1	ThrowParam
DistantViewModel_BorderDist	1	PartsDrawParam
DistantViewModel_PlayDist	1	PartsDrawParam
Dmy1_Blow_L	1	HitEffectSeParam
Dmy1_Blow_LL	1	HitEffectSeParam
Dmy1_Blow_S	1	HitEffectSeParam
Dmy1_Slash_L	1	HitEffectSeParam
Dmy1_Slash_LL	1	HitEffectSeParam
Dmy1_Slash_S	1	HitEffectSeParam
Dmy1_Thrust_L	1	HitEffectSeParam
Dmy1_Thrust_LL	1	HitEffectSeParam
Dmy1_Thrust_S	1	HitEffectSeParam
Dmy2_Blow_L	1	HitEffectSeParam
Dmy2_Blow_LL	1	HitEffectSeParam
Dmy2_Blow_S	1	HitEffectSeParam
Dmy2_Slash_L	1	HitEffectSeParam
Dmy2_Slash_LL	1	HitEffectSeParam
Dmy2_Slash_S	1	HitEffectSeParam
Dmy2_Thrust_L	1	HitEffectSeParam
Dmy2_Thrust_LL	1	HitEffectSeParam
Dmy2_Thrust_S	1	HitEffectSeParam
Dmy3_Blow_L	1	HitEffectSeParam
Dmy3_Blow_LL	1	HitEffectSeParam
Dmy3_Blow_S	1	HitEffectSeParam
Dmy3_Slash_L	1	HitEffectSeParam
Dmy3_Slash_LL	1	HitEffectSeParam
Dmy3_Slash_S	1	HitEffectSeParam
Dmy3_Thrust_L	1	HitEffectSeParam
Dmy3_Thrust_LL	1	HitEffectSeParam
Dmy3_Thrust_S	1	HitEffectSeParam
DrawDist_LvBegin	7	LoadBalancerNewDrawDistScaleParam_ps4,LoadBalancerNewDrawDistScaleParam_ps5,LoadBalancerNewDrawDistScaleParam_win64,LoadBalancerNewDrawDistScaleParam_xb1,LoadBalancerNewDrawDistScaleParam_xb1x,LoadBalancerNewDrawDistScaleParam_xss,LoadBalancerNewDrawDistScaleParam_xsx
DrawDist_LvEnd	7	LoadBalancerNewDrawDistScaleParam_ps4,LoadBalancerNewDrawDistScaleParam_ps5,LoadBalancerNewDrawDistScaleParam_win64,LoadBalancerNewDrawDistScaleParam_xb1,LoadBalancerNewDrawDistScaleParam_xb1x,LoadBalancerNewDrawDistScaleParam_xss,LoadBalancerNewDrawDistScaleParam_xsx
DrawDist_ScaleBegin	7	LoadBalancerNewDrawDistScaleParam_ps4,LoadBalancerNewDrawDistScaleParam_ps5,LoadBalancerNewDrawDistScaleParam_win64,LoadBalancerNewDrawDistScaleParam_xb1,LoadBalancerNewDrawDistScaleParam_xb1x,LoadBalancerNewDrawDistScaleParam_xss,LoadBalancerNewDrawDistScaleParam_xsx
DrawDist_ScaleEnd	7	LoadBalancerNewDrawDistScaleParam_ps4,LoadBalancerNewDrawDistScaleParam_ps5,LoadBalancerNewDrawDistScaleParam_win64,LoadBalancerNewDrawDistScaleParam_xb1,LoadBalancerNewDrawDistScaleParam_xb1x,LoadBalancerNewDrawDistScaleParam_xss,LoadBalancerNewDrawDistScaleParam_xsx
DstAssetId	1	LegacyDistantViewPartsReplaceParam
DstAssetIdRangeMax	1	LegacyDistantViewPartsReplaceParam
DstAssetIdRangeMin	1	LegacyDistantViewPartsReplaceParam
DstAssetPartsNo	1	LegacyDistantViewPartsReplaceParam
DstCutscenTime	1	CutsceneTimezoneConvertParam
DstTimezone_AfterNoon	1	CutsceneGparamTimeParam
DstTimezone_DeepNightA	1	CutsceneGparamTimeParam
DstTimezone_DeepNightB	1	CutsceneGparamTimeParam
DstTimezone_Evening	1	CutsceneGparamTimeParam
DstTimezone_Morning	1	CutsceneGparamTimeParam
DstTimezone_Night	1	CutsceneGparamTimeParam
DstTimezone_Noon	1	CutsceneGparamTimeParam
DstWeather_ClearSky	1	CutsceneGparamWeatherParam
DstWeather_Cloud	1	CutsceneGparamWeatherParam
DstWeather_Fog	1	CutsceneGparamWeatherParam
DstWeather_HeavyFog	1	CutsceneGparamWeatherParam
DstWeather_HeavyFogRain	1	CutsceneGparamWeatherParam
DstWeather_HeavyRain	1	CutsceneGparamWeatherParam
DstWeather_HeavySnow	1	CutsceneGparamWeatherParam
DstWeather_LightningStorm	1	CutsceneGparamWeatherParam
DstWeather_Rain	1	CutsceneGparamWeatherParam
DstWeather_Reserved3	1	CutsceneGparamWeatherParam
DstWeather_Reserved4	1	CutsceneGparamWeatherParam
DstWeather_Reserved5	1	CutsceneGparamWeatherParam
DstWeather_Reserved6	1	CutsceneGparamWeatherParam
DstWeather_Reserved7	1	CutsceneGparamWeatherParam
DstWeather_Reserved8	1	CutsceneGparamWeatherParam
DstWeather_SandStorm	1	CutsceneGparamWeatherParam
DstWeather_Snow	1	CutsceneGparamWeatherParam
DstWeather_Snowstorm	1	CutsceneGparamWeatherParam
DstWeather_Storm	1	CutsceneGparamWeatherParam
DstWeather_StormForBattle	1	CutsceneGparamWeatherParam
DstWeather_Sunny	1	CutsceneGparamWeatherParam
DstWeather_WeakCloudy	1	CutsceneGparamWeatherParam
EclipseGas_Blow_L	1	HitEffectSeParam
EclipseGas_Blow_LL	1	HitEffectSeParam
EclipseGas_Blow_S	1	HitEffectSeParam
EclipseGas_Slash_L	1	HitEffectSeParam
EclipseGas_Slash_LL	1	HitEffectSeParam
EclipseGas_Slash_S	1	HitEffectSeParam
EclipseGas_Thrust_L	1	HitEffectSeParam
EclipseGas_Thrust_LL	1	HitEffectSeParam
EclipseGas_Thrust_S	1	HitEffectSeParam
Eclipse_Blow_L	1	HitEffectSeParam
Eclipse_Blow_LL	1	HitEffectSeParam
Eclipse_Blow_S	1	HitEffectSeParam
Eclipse_Slash_L	1	HitEffectSeParam
Eclipse_Slash_LL	1	HitEffectSeParam
Eclipse_Slash_S	1	HitEffectSeParam
Eclipse_Thrust_L	1	HitEffectSeParam
Eclipse_Thrust_LL	1	HitEffectSeParam
Eclipse_Thrust_S	1	HitEffectSeParam
ElapsedTime	1	WeatherAssetCreateParam
ElapsedTimeCheckweather	1	WeatherAssetCreateParam
EmittePosType	1	Bullet
EnableCreateTimeMax	1	WeatherAssetCreateParam
EnableCreateTimeMin	1	WeatherAssetCreateParam
EnableFastTravelEventFlagId	1	MapDefaultInfoParam
EnergyStrong_Blow_L	1	HitEffectSeParam
EnergyStrong_Blow_LL	1	HitEffectSeParam
EnergyStrong_Blow_S	1	HitEffectSeParam
EnergyStrong_Slash_L	1	HitEffectSeParam
EnergyStrong_Slash_LL	1	HitEffectSeParam
EnergyStrong_Slash_S	1	HitEffectSeParam
EnergyStrong_Thrust_L	1	HitEffectSeParam
EnergyStrong_Thrust_LL	1	HitEffectSeParam
EnergyStrong_Thrust_S	1	HitEffectSeParam
Energy_Blow_L	1	HitEffectSeParam
Energy_Blow_LL	1	HitEffectSeParam
Energy_Blow_S	1	HitEffectSeParam
Energy_Slash_L	1	HitEffectSeParam
Energy_Slash_LL	1	HitEffectSeParam
Energy_Slash_S	1	HitEffectSeParam
Energy_Thrust_L	1	HitEffectSeParam
Energy_Thrust_LL	1	HitEffectSeParam
Energy_Thrust_S	1	HitEffectSeParam
EnterMapMuteStopTimeOnDrawCutscene	1	SoundCutsceneParam
EnvPlaceInfo	1	MapDefaultInfoParam
ExpandRange	1	SoundAutoEnvSoundGroupParam
FadeTime	1	WeatherAssetCreateParam
FarMaxDist	1	CameraFadeParam
FarMinDist	1	CameraFadeParam
FireAttackRate	1	ClearCountCorrectParam
FireDefenseRate	1	ClearCountCorrectParam
FireFlame_Blow_L	1	HitEffectSeParam
FireFlame_Blow_LL	1	HitEffectSeParam
FireFlame_Blow_S	1	HitEffectSeParam
FireFlame_Slash_L	1	HitEffectSeParam
FireFlame_Slash_LL	1	HitEffectSeParam
FireFlame_Slash_S	1	HitEffectSeParam
FireFlame_Thrust_L	1	HitEffectSeParam
FireFlame_Thrust_LL	1	HitEffectSeParam
FireFlame_Thrust_S	1	HitEffectSeParam
Fire_Blow_L	1	HitEffectSeParam
Fire_Blow_LL	1	HitEffectSeParam
Fire_Blow_S	1	HitEffectSeParam
Fire_Slash_L	1	HitEffectSeParam
Fire_Slash_LL	1	HitEffectSeParam
Fire_Slash_S	1	HitEffectSeParam
Fire_Thrust_L	1	HitEffectSeParam
Fire_Thrust_LL	1	HitEffectSeParam
Fire_Thrust_S	1	HitEffectSeParam
FollowRate	1	SoundAutoEnvSoundGroupParam
FollowSpeed	1	SoundAutoEnvSoundGroupParam
FollowType	1	Bullet
FormatType	1	MenuPropertySpecParam
FragmentInvisibleTime	1	AssetEnvironmentGeometryParam
FragmentInvisibleWaitTime	1	AssetEnvironmentGeometryParam
FreezeDamageRate	1	ClearCountCorrectParam
FreezeResistRate	1	ClearCountCorrectParam
GameClearOffset	2	ItemLotParam_enemy,ItemLotParam_map
GameClearSpEffectID	1	NpcParam
GparamID	1	MenuOffscrRendParam
GparamId	1	WeatherParam
Grapm_ID_forPS4	1	MenuOffscrRendParam
Grapm_ID_forXB1	1	MenuOffscrRendParam
GridEnableCreateHeightMax	1	MapGridCreateHeightLimitInfoParam
GridEnableCreateHeightMin	1	MapGridCreateHeightLimitInfoParam
GroundHitSfxId	1	WeatherParam
GuardianOfAnor	3	MultiHPEstusFlaskBonusParam,MultiMPEstusFlaskBonusParam,MultiSoulBonusRateParam
GuardianOfForest	3	MultiHPEstusFlaskBonusParam,MultiMPEstusFlaskBonusParam,MultiSoulBonusRateParam
HelpTextID	1	MenuPropertyLayoutParam
HitAiSoundId	2	AtkParam_Npc,AtkParam_Pc
HitBulletID	1	Bullet
HitParts_0	1	CutsceneMapIdParam
HitParts_1	1	CutsceneMapIdParam
HitRumbleId	2	AtkParam_Npc,AtkParam_Pc
HitRumbleIdByMiddle	2	AtkParam_Npc,AtkParam_Pc
HitRumbleIdByNormal	2	AtkParam_Npc,AtkParam_Pc
HitRumbleIdByRoot	2	AtkParam_Npc,AtkParam_Pc
HpEstMax	1	CharaInitParam
ID	239	ActionButtonParam,AiSoundParam,AssetEnvironmentGeometryParam,AssetMaterialSfxParam,AssetModelSfxParam,AtkParam_Npc,AtkParam_Pc,AttackElementCorrectParam,AutoCreateEnvSoundParam,BaseChrSelectMenuParam,BehaviorParam,BehaviorParam_PC,BonfireWarpParam,BonfireWarpSubCategoryParam,BonfireWarpTabParam,BuddyParam,BuddyStoneParam,BudgetParam,Bullet,BulletCreateLimitParam,CalcCorrectGraph,CameraFadeParam,Ceremony,CharMakeMenuListItemParam,CharMakeMenuTopParam,CharaInitParam,ChrActivateConditionParam,ChrEquipModelParam,ChrModelParam,ClearCountCorrectParam,CommonSystemParam,CoolTimeParam,CutSceneTextureLoadParam,CutsceneGparamTimeParam,CutsceneGparamWeatherParam,CutsceneMapIdParam,CutsceneTimezoneConvertParam,CutsceneWeatherOverrideGparamConvertParam,DecalParam,DefaultKeyAssign,DirectionCameraParam,EnemyCommonParam,EnvObjLotParam,EquipMtrlSetParam,EquipParamAccessory,EquipParamCustomWeapon,EquipParamGem,EquipParamGoods,EquipParamProtector,EquipParamWeapon,FaceParam,FaceRangeParam,FeTextEffectParam,FinalDamageRateParam,FootSfxParam,GameAreaParam,GameSystemCommonParam,Gconfig_AAQuality,Gconfig_AAQuality_ps4,Gconfig_AAQuality_xboxone,Gconfig_DOFQuality,Gconfig_DOFQuality_ps4,Gconfig_DOFQuality_xboxone,Gconfig_DecalQuality,Gconfig_EffectQuality,Gconfig_EffectQuality_ps4,Gconfig_EffectQuality_xboxone,Gconfig_LightingQuality,Gconfig_LightingQuality_ps4,Gconfig_LightingQuality_ps5,Gconfig_LightingQuality_scarlett,Gconfig_LightingQuality_xboxone,Gconfig_MotionBlurQuality,Gconfig_MotionBlurQuality_ps4,Gconfig_MotionBlurQuality_xboxone,Gconfig_RaytracingQuality,Gconfig_RaytracingQuality_ps5,Gconfig_RaytracingQuality_scarlett,Gconfig_ReflectionQuality,Gconfig_ReflectionQuality_ps4,Gconfig_ReflectionQuality_xboxone,Gconfig_SSAOQuality,Gconfig_SSAOQuality_ps4,Gconfig_SSAOQuality_xboxone,Gconfig_ShaderQuality,Gconfig_ShaderQuality_ps4,Gconfig_ShaderQuality_xboxone,Gconfig_ShadowQuality,Gconfig_ShadowQuality_ps4,Gconfig_ShadowQuality_xboxone,Gconfig_TextureFilterQuality,Gconfig_TextureFilterQuality_ps4,Gconfig_TextureFilterQuality_xboxone,Gconfig_VolumetricEffectQuality,Gconfig_VolumetricEffectQuality_ps4,Gconfig_VolumetricEffectQuality_xboxone,Gconfig_WaterQuality,GestureParam,GparamRefSettings,GraphicsCommonParam,GraphicsConfig,GrassLodRangeParam,GrassTypeParam,GrassTypeParam_Lv1,GrassTypeParam_Lv2,HPEstusFlaskRecoveryParam,HitEffectSeParam,HitEffectSfxConceptParam,HitEffectSfxParam,HitMtrlParam,ItemLotParam_enemy,ItemLotParam_map,KeyAssignMenuItemParam,KeyAssignParam_TypeA,KeyAssignParam_TypeB,KeyAssignParam_TypeC,KnockBackParam,KnowledgeLoadScreenItemParam,LegacyDistantViewPartsReplaceParam,LoadBalancerDrawDistScaleParam,LoadBalancerDrawDistScaleParam_ps4,LoadBalancerDrawDistScaleParam_ps5,LoadBalancerDrawDistScaleParam_xb1,LoadBalancerDrawDistScaleParam_xb1x,LoadBalancerDrawDistScaleParam_xss,LoadBalancerDrawDistScaleParam_xsx,LoadBalancerNewDrawDistScaleParam_ps4,LoadBalancerNewDrawDistScaleParam_ps5,LoadBalancerNewDrawDistScaleParam_win64,LoadBalancerNewDrawDistScaleParam_xb1,LoadBalancerNewDrawDistScaleParam_xb1x,LoadBalancerNewDrawDistScaleParam_xss,LoadBalancerNewDrawDistScaleParam_xsx,LoadBalancerParam,LockCamParam,MPEstusFlaskRecoveryParam,Magic,MapDefaultInfoParam,MapGdRegionDrawParam,MapGdRegionInfoParam,MapGridCreateHeightDetailLimitInfo,MapGridCreateHeightLimitInfoParam,MapMimicryEstablishmentParam,MapNameTexParam,MapNameTexParam_m61,MapPieceTexParam,MapPieceTexParam_m61,MaterialExParam,MenuColorTableParam,MenuCommonParam,MenuOffscrRendParam,MenuPropertyLayoutParam,MenuPropertySpecParam,MenuValueTableParam,MimicryEstablishmentTexParam,MimicryEstablishmentTexParam_m61,MoveParam,MultiHPEstusFlaskBonusParam,MultiMPEstusFlaskBonusParam,MultiPlayCorrectionParam,MultiSoulBonusRateParam,NetworkAreaParam,NetworkMsgParam,NetworkParam,NpcAiActionParam,NpcAiBehaviorProbability,NpcParam,NpcThinkParam,ObjActParam,PartsDrawParam,PhantomParam,PlayRegionParam,PlayerCommonParam,PostureControlParam_Gender,PostureControlParam_Pro,PostureControlParam_WepLeft,PostureControlParam_WepRight,RandomAppearParam,ReinforceParamProtector,ReinforceParamWeapon,ResistCorrectParam,ReverbAuxSendBusParam,RideParam,RoleParam,RollingObjLotParam,RuntimeBoneControlParam,SeActivationRangeParam,SeMaterialConvertParam,SfxBlockResShareParam,ShopLineupParam,ShopLineupParam_Recipe,SignPuddleParam,SignPuddleSubCategoryParam,SignPuddleTabParam,SoundAssetSoundObjEnableDistParam,SoundAutoEnvSoundGroupParam,SoundAutoReverbEvaluationDistParam,SoundAutoReverbSelectParam,SoundChrPhysicsSeParam,SoundCommonIngameParam,SoundCommonSystemParam,SoundCutsceneParam,SpEffectParam,SpEffectSetParam,SpEffectVfxParam,SpeedtreeParam,SwordArtsParam,TalkParam,ThrowDirectionSfxParam,ThrowParam,ToughnessParam,TutorialParam,WaypointParam,WeatherAssetCreateParam,WeatherAssetReplaceParam,WeatherLotParam,WeatherLotTexParam,WeatherLotTexParam_m61,WeatherParam,WepAbsorpPosParam,WetAspectParam,WhiteSignCoolTimeParam,WorldMapLegacyConvParam,WorldMapPieceParam,WorldMapPlaceNameParam,WorldMapPointParam,WwiseValueToStrParam_BgmBossChrIdConv,WwiseValueToStrParam_EnvPlaceType,WwiseValueToStrParam_Switch_AttackStrength,WwiseValueToStrParam_Switch_AttackType,WwiseValueToStrParam_Switch_DamageAmount,WwiseValueToStrParam_Switch_DeffensiveMaterial,WwiseValueToStrParam_Switch_GrassHitType,WwiseValueToStrParam_Switch_HitStop,WwiseValueToStrParam_Switch_OffensiveMaterial,WwiseValueToStrParam_Switch_PlayerEquipmentBottoms,WwiseValueToStrParam_Switch_PlayerEquipmentTops,WwiseValueToStrParam_Switch_PlayerShoes,WwiseValueToStrParam_Switch_PlayerVoiceType
IconID	1	MenuPropertySpecParam
IgnoreNotifyMissSwingForAI	2	AtkParam_Npc,AtkParam_Pc
IncludeLodMapLv	1	PartsDrawParam
IndoorOutdoor	1	SoundAutoReverbSelectParam
IndoorOutdoorType	1	CutsceneGparamWeatherParam
InfluenceDexterityCorrectRate_byDark	1	AttackElementCorrectParam
InfluenceDexterityCorrectRate_byFire	1	AttackElementCorrectParam
InfluenceDexterityCorrectRate_byMagic	1	AttackElementCorrectParam
InfluenceDexterityCorrectRate_byPhysics	1	AttackElementCorrectParam
InfluenceDexterityCorrectRate_byThunder	1	AttackElementCorrectParam
InfluenceFaithCorrectRate_byDark	1	AttackElementCorrectParam
InfluenceFaithCorrectRate_byFire	1	AttackElementCorrectParam
InfluenceFaithCorrectRate_byMagic	1	AttackElementCorrectParam
InfluenceFaithCorrectRate_byPhysics	1	AttackElementCorrectParam
InfluenceFaithCorrectRate_byThunder	1	AttackElementCorrectParam
InfluenceLuckCorrectRate_byDark	1	AttackElementCorrectParam
InfluenceLuckCorrectRate_byFire	1	AttackElementCorrectParam
InfluenceLuckCorrectRate_byMagic	1	AttackElementCorrectParam
InfluenceLuckCorrectRate_byPhysics	1	AttackElementCorrectParam
InfluenceLuckCorrectRate_byThunder	1	AttackElementCorrectParam
InfluenceMagicCorrectRate_byDark	1	AttackElementCorrectParam
InfluenceMagicCorrectRate_byFire	1	AttackElementCorrectParam
InfluenceMagicCorrectRate_byMagic	1	AttackElementCorrectParam
InfluenceMagicCorrectRate_byPhysics	1	AttackElementCorrectParam
InfluenceMagicCorrectRate_byThunder	1	AttackElementCorrectParam
InfluenceStrengthCorrectRate_byDark	1	AttackElementCorrectParam
InfluenceStrengthCorrectRate_byFire	1	AttackElementCorrectParam
InfluenceStrengthCorrectRate_byMagic	1	AttackElementCorrectParam
InfluenceStrengthCorrectRate_byPhysics	1	AttackElementCorrectParam
InfluenceStrengthCorrectRate_byThunder	1	AttackElementCorrectParam
Iron_Blow_L	1	HitEffectSeParam
Iron_Blow_LL	1	HitEffectSeParam
Iron_Blow_S	1	HitEffectSeParam
Iron_Slash_L	1	HitEffectSeParam
Iron_Slash_LL	1	HitEffectSeParam
Iron_Slash_S	1	HitEffectSeParam
Iron_Thrust_L	1	HitEffectSeParam
Iron_Thrust_LL	1	HitEffectSeParam
Iron_Thrust_S	1	HitEffectSeParam
IsEnableApplyMapGdRegionIdForGparam	1	CutsceneGparamWeatherParam
IsEnableBlendTimezoneEnvmap	1	MapDefaultInfoParam
IsEnablePlayCountPerRigid	1	SoundChrPhysicsSeParam
IsEnableTimezonnePlayerLigntScale	1	MapDefaultInfoParam
LBDrawDistScaleParamID	1	PartsDrawParam
LOD0_play	1	GrassLodRangeParam
LOD0_range	1	GrassLodRangeParam
LOD1_play	1	GrassLodRangeParam
LOD1_range	1	GrassLodRangeParam
LOD2_play	1	GrassLodRangeParam
LOD2_range	1	GrassLodRangeParam
LayoutPath	1	MenuPropertyLayoutParam
LifeTime	1	WeatherAssetCreateParam
LifeTimeMax	1	AutoCreateEnvSoundParam
LifeTimeMin	1	AutoCreateEnvSoundParam
LimiteRotateMax	1	AutoCreateEnvSoundParam
LimiteRotateMin	1	AutoCreateEnvSoundParam
LimitedMapRegioAssetIdRangeMax	1	LegacyDistantViewPartsReplaceParam
LimitedMapRegioAssetIdRangeMin	1	LegacyDistantViewPartsReplaceParam
LimitedMapRegioAssetPartsNo	1	LegacyDistantViewPartsReplaceParam
LimitedMapRegionAssetId	1	LegacyDistantViewPartsReplaceParam
LimitedMapRegionId0	1	LegacyDistantViewPartsReplaceParam
LimitedMapRegionId1	1	LegacyDistantViewPartsReplaceParam
LimitedMapRegionId2	1	LegacyDistantViewPartsReplaceParam
LimitedMapRegionId3	1	LegacyDistantViewPartsReplaceParam
LimtedActivate_BorderDist_forGrid	1	PartsDrawParam
LimtedActivate_PlayDist_forGrid	1	PartsDrawParam
Lv00	7	LoadBalancerDrawDistScaleParam,LoadBalancerDrawDistScaleParam_ps4,LoadBalancerDrawDistScaleParam_ps5,LoadBalancerDrawDistScaleParam_xb1,LoadBalancerDrawDistScaleParam_xb1x,LoadBalancerDrawDistScaleParam_xss,LoadBalancerDrawDistScaleParam_xsx
Lv01	7	LoadBalancerDrawDistScaleParam,LoadBalancerDrawDistScaleParam_ps4,LoadBalancerDrawDistScaleParam_ps5,LoadBalancerDrawDistScaleParam_xb1,LoadBalancerDrawDistScaleParam_xb1x,LoadBalancerDrawDistScaleParam_xss,LoadBalancerDrawDistScaleParam_xsx
Lv02	7	LoadBalancerDrawDistScaleParam,LoadBalancerDrawDistScaleParam_ps4,LoadBalancerDrawDistScaleParam_ps5,LoadBalancerDrawDistScaleParam_xb1,LoadBalancerDrawDistScaleParam_xb1x,LoadBalancerDrawDistScaleParam_xss,LoadBalancerDrawDistScaleParam_xsx
Lv03	7	LoadBalancerDrawDistScaleParam,LoadBalancerDrawDistScaleParam_ps4,LoadBalancerDrawDistScaleParam_ps5,LoadBalancerDrawDistScaleParam_xb1,LoadBalancerDrawDistScaleParam_xb1x,LoadBalancerDrawDistScaleParam_xss,LoadBalancerDrawDistScaleParam_xsx
Lv04	7	LoadBalancerDrawDistScaleParam,LoadBalancerDrawDistScaleParam_ps4,LoadBalancerDrawDistScaleParam_ps5,LoadBalancerDrawDistScaleParam_xb1,LoadBalancerDrawDistScaleParam_xb1x,LoadBalancerDrawDistScaleParam_xss,LoadBalancerDrawDistScaleParam_xsx
Lv05	7	LoadBalancerDrawDistScaleParam,LoadBalancerDrawDistScaleParam_ps4,LoadBalancerDrawDistScaleParam_ps5,LoadBalancerDrawDistScaleParam_xb1,LoadBalancerDrawDistScaleParam_xb1x,LoadBalancerDrawDistScaleParam_xss,LoadBalancerDrawDistScaleParam_xsx
Lv06	7	LoadBalancerDrawDistScaleParam,LoadBalancerDrawDistScaleParam_ps4,LoadBalancerDrawDistScaleParam_ps5,LoadBalancerDrawDistScaleParam_xb1,LoadBalancerDrawDistScaleParam_xb1x,LoadBalancerDrawDistScaleParam_xss,LoadBalancerDrawDistScaleParam_xsx
Lv07	7	LoadBalancerDrawDistScaleParam,LoadBalancerDrawDistScaleParam_ps4,LoadBalancerDrawDistScaleParam_ps5,LoadBalancerDrawDistScaleParam_xb1,LoadBalancerDrawDistScaleParam_xb1x,LoadBalancerDrawDistScaleParam_xss,LoadBalancerDrawDistScaleParam_xsx
Lv08	7	LoadBalancerDrawDistScaleParam,LoadBalancerDrawDistScaleParam_ps4,LoadBalancerDrawDistScaleParam_ps5,LoadBalancerDrawDistScaleParam_xb1,LoadBalancerDrawDistScaleParam_xb1x,LoadBalancerDrawDistScaleParam_xss,LoadBalancerDrawDistScaleParam_xsx
Lv09	7	LoadBalancerDrawDistScaleParam,LoadBalancerDrawDistScaleParam_ps4,LoadBalancerDrawDistScaleParam_ps5,LoadBalancerDrawDistScaleParam_xb1,LoadBalancerDrawDistScaleParam_xb1x,LoadBalancerDrawDistScaleParam_xss,LoadBalancerDrawDistScaleParam_xsx
Lv10	7	LoadBalancerDrawDistScaleParam,LoadBalancerDrawDistScaleParam_ps4,LoadBalancerDrawDistScaleParam_ps5,LoadBalancerDrawDistScaleParam_xb1,LoadBalancerDrawDistScaleParam_xb1x,LoadBalancerDrawDistScaleParam_xss,LoadBalancerDrawDistScaleParam_xsx
Lv11	7	LoadBalancerDrawDistScaleParam,LoadBalancerDrawDistScaleParam_ps4,LoadBalancerDrawDistScaleParam_ps5,LoadBalancerDrawDistScaleParam_xb1,LoadBalancerDrawDistScaleParam_xb1x,LoadBalancerDrawDistScaleParam_xss,LoadBalancerDrawDistScaleParam_xsx
Lv12	7	LoadBalancerDrawDistScaleParam,LoadBalancerDrawDistScaleParam_ps4,LoadBalancerDrawDistScaleParam_ps5,LoadBalancerDrawDistScaleParam_xb1,LoadBalancerDrawDistScaleParam_xb1x,LoadBalancerDrawDistScaleParam_xss,LoadBalancerDrawDistScaleParam_xsx
Lv13	7	LoadBalancerDrawDistScaleParam,LoadBalancerDrawDistScaleParam_ps4,LoadBalancerDrawDistScaleParam_ps5,LoadBalancerDrawDistScaleParam_xb1,LoadBalancerDrawDistScaleParam_xb1x,LoadBalancerDrawDistScaleParam_xss,LoadBalancerDrawDistScaleParam_xsx
Lv14	7	LoadBalancerDrawDistScaleParam,LoadBalancerDrawDistScaleParam_ps4,LoadBalancerDrawDistScaleParam_ps5,LoadBalancerDrawDistScaleParam_xb1,LoadBalancerDrawDistScaleParam_xb1x,LoadBalancerDrawDistScaleParam_xss,LoadBalancerDrawDistScaleParam_xsx
Lv15	7	LoadBalancerDrawDistScaleParam,LoadBalancerDrawDistScaleParam_ps4,LoadBalancerDrawDistScaleParam_ps5,LoadBalancerDrawDistScaleParam_xb1,LoadBalancerDrawDistScaleParam_xb1x,LoadBalancerDrawDistScaleParam_xss,LoadBalancerDrawDistScaleParam_xsx
Lv16	7	LoadBalancerDrawDistScaleParam,LoadBalancerDrawDistScaleParam_ps4,LoadBalancerDrawDistScaleParam_ps5,LoadBalancerDrawDistScaleParam_xb1,LoadBalancerDrawDistScaleParam_xb1x,LoadBalancerDrawDistScaleParam_xss,LoadBalancerDrawDistScaleParam_xsx
Lv17	7	LoadBalancerDrawDistScaleParam,LoadBalancerDrawDistScaleParam_ps4,LoadBalancerDrawDistScaleParam_ps5,LoadBalancerDrawDistScaleParam_xb1,LoadBalancerDrawDistScaleParam_xb1x,LoadBalancerDrawDistScaleParam_xss,LoadBalancerDrawDistScaleParam_xsx
Lv18	7	LoadBalancerDrawDistScaleParam,LoadBalancerDrawDistScaleParam_ps4,LoadBalancerDrawDistScaleParam_ps5,LoadBalancerDrawDistScaleParam_xb1,LoadBalancerDrawDistScaleParam_xb1x,LoadBalancerDrawDistScaleParam_xss,LoadBalancerDrawDistScaleParam_xsx
Lv19	7	LoadBalancerDrawDistScaleParam,LoadBalancerDrawDistScaleParam_ps4,LoadBalancerDrawDistScaleParam_ps5,LoadBalancerDrawDistScaleParam_xb1,LoadBalancerDrawDistScaleParam_xb1x,LoadBalancerDrawDistScaleParam_xss,LoadBalancerDrawDistScaleParam_xsx
Lv20	7	LoadBalancerDrawDistScaleParam,LoadBalancerDrawDistScaleParam_ps4,LoadBalancerDrawDistScaleParam_ps5,LoadBalancerDrawDistScaleParam_xb1,LoadBalancerDrawDistScaleParam_xb1x,LoadBalancerDrawDistScaleParam_xss,LoadBalancerDrawDistScaleParam_xsx
MadnessDamageRate	1	ClearCountCorrectParam
MadnessResistRate	1	ClearCountCorrectParam
Maggot_Blow_L	1	HitEffectSeParam
Maggot_Blow_LL	1	HitEffectSeParam
Maggot_Blow_S	1	HitEffectSeParam
Maggot_Slash_L	1	HitEffectSeParam
Maggot_Slash_LL	1	HitEffectSeParam
Maggot_Slash_S	1	HitEffectSeParam
Maggot_Thrust_L	1	HitEffectSeParam
Maggot_Thrust_LL	1	HitEffectSeParam
Maggot_Thrust_S	1	HitEffectSeParam
MagicAttackRate	1	ClearCountCorrectParam
MagicDefenseRate	1	ClearCountCorrectParam
MapAdditionalSoundBankId	1	MapDefaultInfoParam
MapAiSightType	1	MapDefaultInfoParam
MapAutoDrawGroupBackFacePixelNum	1	MapDefaultInfoParam
MapHeightForSound	1	MapDefaultInfoParam
MapLoHiChangeBorderDist_XZ	1	MapDefaultInfoParam
MapLoHiChangeBorderDist_Y	1	MapDefaultInfoParam
MapLoHiChangePlayDist	1	MapDefaultInfoParam
MapMimicryEstablishmentParamId	1	MapDefaultInfoParam
Material_AttackMaterial	1	Bullet
Material_AttackType	1	Bullet
MaxHpRate	1	ClearCountCorrectParam
MaxMpRate	1	ClearCountCorrectParam
MaxStaminaRate	1	ClearCountCorrectParam
MaxTranslucencyBranch	1	SpeedtreeParam
MaxTranslucencyFrond	1	SpeedtreeParam
MaxTranslucencyLeaf	1	SpeedtreeParam
MemoryTargetForgetTime	1	NpcThinkParam
MiddleAlpha	1	CameraFadeParam
MinFadeBranch	1	SpeedtreeParam
MinFadeFrond	1	SpeedtreeParam
MinFadeLeaf	1	SpeedtreeParam
MinTranslucencyBranch	1	SpeedtreeParam
MinTranslucencyFrond	1	SpeedtreeParam
MinTranslucencyLeaf	1	SpeedtreeParam
MpEstMax	1	CharaInitParam
Name	239	ActionButtonParam,AiSoundParam,AssetEnvironmentGeometryParam,AssetMaterialSfxParam,AssetModelSfxParam,AtkParam_Npc,AtkParam_Pc,AttackElementCorrectParam,AutoCreateEnvSoundParam,BaseChrSelectMenuParam,BehaviorParam,BehaviorParam_PC,BonfireWarpParam,BonfireWarpSubCategoryParam,BonfireWarpTabParam,BuddyParam,BuddyStoneParam,BudgetParam,Bullet,BulletCreateLimitParam,CalcCorrectGraph,CameraFadeParam,Ceremony,CharMakeMenuListItemParam,CharMakeMenuTopParam,CharaInitParam,ChrActivateConditionParam,ChrEquipModelParam,ChrModelParam,ClearCountCorrectParam,CommonSystemParam,CoolTimeParam,CutSceneTextureLoadParam,CutsceneGparamTimeParam,CutsceneGparamWeatherParam,CutsceneMapIdParam,CutsceneTimezoneConvertParam,CutsceneWeatherOverrideGparamConvertParam,DecalParam,DefaultKeyAssign,DirectionCameraParam,EnemyCommonParam,EnvObjLotParam,EquipMtrlSetParam,EquipParamAccessory,EquipParamCustomWeapon,EquipParamGem,EquipParamGoods,EquipParamProtector,EquipParamWeapon,FaceParam,FaceRangeParam,FeTextEffectParam,FinalDamageRateParam,FootSfxParam,GameAreaParam,GameSystemCommonParam,Gconfig_AAQuality,Gconfig_AAQuality_ps4,Gconfig_AAQuality_xboxone,Gconfig_DOFQuality,Gconfig_DOFQuality_ps4,Gconfig_DOFQuality_xboxone,Gconfig_DecalQuality,Gconfig_EffectQuality,Gconfig_EffectQuality_ps4,Gconfig_EffectQuality_xboxone,Gconfig_LightingQuality,Gconfig_LightingQuality_ps4,Gconfig_LightingQuality_ps5,Gconfig_LightingQuality_scarlett,Gconfig_LightingQuality_xboxone,Gconfig_MotionBlurQuality,Gconfig_MotionBlurQuality_ps4,Gconfig_MotionBlurQuality_xboxone,Gconfig_RaytracingQuality,Gconfig_RaytracingQuality_ps5,Gconfig_RaytracingQuality_scarlett,Gconfig_ReflectionQuality,Gconfig_ReflectionQuality_ps4,Gconfig_ReflectionQuality_xboxone,Gconfig_SSAOQuality,Gconfig_SSAOQuality_ps4,Gconfig_SSAOQuality_xboxone,Gconfig_ShaderQuality,Gconfig_ShaderQuality_ps4,Gconfig_ShaderQuality_xboxone,Gconfig_ShadowQuality,Gconfig_ShadowQuality_ps4,Gconfig_ShadowQuality_xboxone,Gconfig_TextureFilterQuality,Gconfig_TextureFilterQuality_ps4,Gconfig_TextureFilterQuality_xboxone,Gconfig_VolumetricEffectQuality,Gconfig_VolumetricEffectQuality_ps4,Gconfig_VolumetricEffectQuality_xboxone,Gconfig_WaterQuality,GestureParam,GparamRefSettings,GraphicsCommonParam,GraphicsConfig,GrassLodRangeParam,GrassTypeParam,GrassTypeParam_Lv1,GrassTypeParam_Lv2,HPEstusFlaskRecoveryParam,HitEffectSeParam,HitEffectSfxConceptParam,HitEffectSfxParam,HitMtrlParam,ItemLotParam_enemy,ItemLotParam_map,KeyAssignMenuItemParam,KeyAssignParam_TypeA,KeyAssignParam_TypeB,KeyAssignParam_TypeC,KnockBackParam,KnowledgeLoadScreenItemParam,LegacyDistantViewPartsReplaceParam,LoadBalancerDrawDistScaleParam,LoadBalancerDrawDistScaleParam_ps4,LoadBalancerDrawDistScaleParam_ps5,LoadBalancerDrawDistScaleParam_xb1,LoadBalancerDrawDistScaleParam_xb1x,LoadBalancerDrawDistScaleParam_xss,LoadBalancerDrawDistScaleParam_xsx,LoadBalancerNewDrawDistScaleParam_ps4,LoadBalancerNewDrawDistScaleParam_ps5,LoadBalancerNewDrawDistScaleParam_win64,LoadBalancerNewDrawDistScaleParam_xb1,LoadBalancerNewDrawDistScaleParam_xb1x,LoadBalancerNewDrawDistScaleParam_xss,LoadBalancerNewDrawDistScaleParam_xsx,LoadBalancerParam,LockCamParam,MPEstusFlaskRecoveryParam,Magic,MapDefaultInfoParam,MapGdRegionDrawParam,MapGdRegionInfoParam,MapGridCreateHeightDetailLimitInfo,MapGridCreateHeightLimitInfoParam,MapMimicryEstablishmentParam,MapNameTexParam,MapNameTexParam_m61,MapPieceTexParam,MapPieceTexParam_m61,MaterialExParam,MenuColorTableParam,MenuCommonParam,MenuOffscrRendParam,MenuPropertyLayoutParam,MenuPropertySpecParam,MenuValueTableParam,MimicryEstablishmentTexParam,MimicryEstablishmentTexParam_m61,MoveParam,MultiHPEstusFlaskBonusParam,MultiMPEstusFlaskBonusParam,MultiPlayCorrectionParam,MultiSoulBonusRateParam,NetworkAreaParam,NetworkMsgParam,NetworkParam,NpcAiActionParam,NpcAiBehaviorProbability,NpcParam,NpcThinkParam,ObjActParam,PartsDrawParam,PhantomParam,PlayRegionParam,PlayerCommonParam,PostureControlParam_Gender,PostureControlParam_Pro,PostureControlParam_WepLeft,PostureControlParam_WepRight,RandomAppearParam,ReinforceParamProtector,ReinforceParamWeapon,ResistCorrectParam,ReverbAuxSendBusParam,RideParam,RoleParam,RollingObjLotParam,RuntimeBoneControlParam,SeActivationRangeParam,SeMaterialConvertParam,SfxBlockResShareParam,ShopLineupParam,ShopLineupParam_Recipe,SignPuddleParam,SignPuddleSubCategoryParam,SignPuddleTabParam,SoundAssetSoundObjEnableDistParam,SoundAutoEnvSoundGroupParam,SoundAutoReverbEvaluationDistParam,SoundAutoReverbSelectParam,SoundChrPhysicsSeParam,SoundCommonIngameParam,SoundCommonSystemParam,SoundCutsceneParam,SpEffectParam,SpEffectSetParam,SpEffectVfxParam,SpeedtreeParam,SwordArtsParam,TalkParam,ThrowDirectionSfxParam,ThrowParam,ToughnessParam,TutorialParam,WaypointParam,WeatherAssetCreateParam,WeatherAssetReplaceParam,WeatherLotParam,WeatherLotTexParam,WeatherLotTexParam_m61,WeatherParam,WepAbsorpPosParam,WetAspectParam,WhiteSignCoolTimeParam,WorldMapLegacyConvParam,WorldMapPieceParam,WorldMapPlaceNameParam,WorldMapPointParam,WwiseValueToStrParam_BgmBossChrIdConv,WwiseValueToStrParam_EnvPlaceType,WwiseValueToStrParam_Switch_AttackStrength,WwiseValueToStrParam_Switch_AttackType,WwiseValueToStrParam_Switch_DamageAmount,WwiseValueToStrParam_Switch_DeffensiveMaterial,WwiseValueToStrParam_Switch_GrassHitType,WwiseValueToStrParam_Switch_HitStop,WwiseValueToStrParam_Switch_OffensiveMaterial,WwiseValueToStrParam_Switch_PlayerEquipmentBottoms,WwiseValueToStrParam_Switch_PlayerEquipmentTops,WwiseValueToStrParam_Switch_PlayerShoes,WwiseValueToStrParam_Switch_PlayerVoiceType
NearDist	1	AutoCreateEnvSoundParam
NearMaxDist	1	CameraFadeParam
NearMinDist	1	CameraFadeParam
NeturalAttackRate	1	ClearCountCorrectParam
Neutral_L	1	HitEffectSfxParam
Neutral_Normal	1	HitEffectSfxParam
Neutral_S	1	HitEffectSfxParam
Neutral_Specific1	1	HitEffectSfxParam
Neutral_Specific2	1	HitEffectSfxParam
NextLotIngameSecondsMax	1	WeatherParam
NextLotIngameSecondsMin	1	WeatherParam
NoGuardDamageRate	1	SpEffectParam
NoHitDist	1	SoundAutoReverbEvaluationDistParam
NoHitNumMin	1	SoundAutoReverbSelectParam
None_Blow_L	1	HitEffectSeParam
None_Blow_LL	1	HitEffectSeParam
None_Blow_S	1	HitEffectSeParam
None_Slash_L	1	HitEffectSeParam
None_Slash_LL	1	HitEffectSeParam
None_Slash_S	1	HitEffectSeParam
None_Thrust_L	1	HitEffectSeParam
None_Thrust_LL	1	HitEffectSeParam
None_Thrust_S	1	HitEffectSeParam
OldMonkOfYellow_CreateSignSpEffectId	1	GameSystemCommonParam
OneShotBgmBehaviorOnStart	1	SoundCutsceneParam
OpenChrActivateThreshold	1	MapDefaultInfoParam
OverrideGIResolution_XSS	1	MapDefaultInfoParam
OverrideGIResolution_XSX	1	MapDefaultInfoParam
OverrideMapGdRegionId	1	CutsceneGparamWeatherParam
PAD1	2	ItemLotParam_enemy,ItemLotParam_map
PAD2	2	ItemLotParam_enemy,ItemLotParam_map
PadType	1	ThrowParam
ParamKeyStr	2	SoundCommonIngameParam,SoundCommonSystemParam
ParamStr	13	WwiseValueToStrParam_BgmBossChrIdConv,WwiseValueToStrParam_EnvPlaceType,WwiseValueToStrParam_Switch_AttackStrength,WwiseValueToStrParam_Switch_AttackType,WwiseValueToStrParam_Switch_DamageAmount,WwiseValueToStrParam_Switch_DeffensiveMaterial,WwiseValueToStrParam_Switch_GrassHitType,WwiseValueToStrParam_Switch_HitStop,WwiseValueToStrParam_Switch_OffensiveMaterial,WwiseValueToStrParam_Switch_PlayerEquipmentBottoms,WwiseValueToStrParam_Switch_PlayerEquipmentTops,WwiseValueToStrParam_Switch_PlayerShoes,WwiseValueToStrParam_Switch_PlayerVoiceType
ParamValueStr	2	SoundCommonIngameParam,SoundCommonSystemParam
PhysicsAttackRate	1	ClearCountCorrectParam
PhysicsDefenseRate	1	ClearCountCorrectParam
PlayMapId	1	CutsceneMapIdParam
PlayerLigntScale	1	MapDefaultInfoParam
PoisionResistRate	1	ClearCountCorrectParam
PostPlayIngameTime	1	CutsceneGparamTimeParam
PostPlayIngameWeather	1	CutsceneGparamWeatherParam
PostPlaySeId	1	SoundCutsceneParam
PostPlaySeIdForSkip	1	SoundCutsceneParam
PropertyID	1	MenuPropertyLayoutParam
RangeMax	1	AutoCreateEnvSoundParam
RangeMin	1	AutoCreateEnvSoundParam
RedHunter1	3	MultiHPEstusFlaskBonusParam,MultiMPEstusFlaskBonusParam,MultiSoulBonusRateParam
RedHunter2	3	MultiHPEstusFlaskBonusParam,MultiMPEstusFlaskBonusParam,MultiSoulBonusRateParam
RefCamPosHitPartsID	1	CutsceneMapIdParam
RefTargetMapId	1	GparamRefSettings
ReplacementMagic1	1	Magic
ReplacementMagic2	1	Magic
ReplacementMagic3	1	Magic
ReplacementMagic4	1	Magic
ReplacementStatus1	1	Magic
ReplacementStatus2	1	Magic
ReplacementStatus3	1	Magic
ReplacementStatus4	1	Magic
ReplacementStatusType	1	Magic
RequireMapId0	1	CutsceneMapIdParam
RequireMapId1	1	CutsceneMapIdParam
RequireMapId2	1	CutsceneMapIdParam
RequiredPropertyID	1	MenuPropertySpecParam
Reserve	5	BuddyParam,GparamRefSettings,MapDefaultInfoParam,MapGdRegionInfoParam,MapGridCreateHeightLimitInfoParam
Reserve_0	3	AssetEnvironmentGeometryParam,EnvObjLotParam,RollingObjLotParam
Reserved2	1	WeatherAssetCreateParam
RetargetReferenceChrId	1	NpcParam
ReverbAuxSendBusName	1	ReverbAuxSendBusParam
ReverbDefaultType	1	MapDefaultInfoParam
ReverbType	1	SoundCutsceneParam
SfxId	1	WeatherParam
SfxIdInoor	1	WeatherParam
SfxIdOffsetType	1	SpEffectVfxParam
SfxIdOutdoor	1	WeatherParam
SfxResBankId	1	NpcParam
ShadwDrawDist_LvBegin	7	LoadBalancerNewDrawDistScaleParam_ps4,LoadBalancerNewDrawDistScaleParam_ps5,LoadBalancerNewDrawDistScaleParam_win64,LoadBalancerNewDrawDistScaleParam_xb1,LoadBalancerNewDrawDistScaleParam_xb1x,LoadBalancerNewDrawDistScaleParam_xss,LoadBalancerNewDrawDistScaleParam_xsx
ShadwDrawDist_LvEnd	7	LoadBalancerNewDrawDistScaleParam_ps4,LoadBalancerNewDrawDistScaleParam_ps5,LoadBalancerNewDrawDistScaleParam_win64,LoadBalancerNewDrawDistScaleParam_xb1,LoadBalancerNewDrawDistScaleParam_xb1x,LoadBalancerNewDrawDistScaleParam_xss,LoadBalancerNewDrawDistScaleParam_xsx
ShadwDrawDist_ScaleBegin	7	LoadBalancerNewDrawDistScaleParam_ps4,LoadBalancerNewDrawDistScaleParam_ps5,LoadBalancerNewDrawDistScaleParam_win64,LoadBalancerNewDrawDistScaleParam_xb1,LoadBalancerNewDrawDistScaleParam_xb1x,LoadBalancerNewDrawDistScaleParam_xss,LoadBalancerNewDrawDistScaleParam_xsx
ShadwDrawDist_ScaleEnd	7	LoadBalancerNewDrawDistScaleParam_ps4,LoadBalancerNewDrawDistScaleParam_ps5,LoadBalancerNewDrawDistScaleParam_win64,LoadBalancerNewDrawDistScaleParam_xb1,LoadBalancerNewDrawDistScaleParam_xb1x,LoadBalancerNewDrawDistScaleParam_xss,LoadBalancerNewDrawDistScaleParam_xsx
SightTargetForgetTime	1	NpcThinkParam
SlashAttackRate	1	ClearCountCorrectParam
Slash_L	1	HitEffectSfxParam
Slash_Normal	1	HitEffectSfxParam
Slash_S	1	HitEffectSfxParam
Slash_Specific1	1	HitEffectSfxParam
Slash_Specific2	1	HitEffectSfxParam
SleepDamageRate	1	ClearCountCorrectParam
SleepResistRate	1	ClearCountCorrectParam
SlotNo	1	WeatherAssetCreateParam
SoulRate	1	ClearCountCorrectParam
SoundAddBankId	1	NpcParam
SoundBankId	1	NpcParam
SoundId	1	WeatherParam
SoundIndoorType	1	MapDefaultInfoParam
SoundNo	1	SoundAutoEnvSoundGroupParam
SoundObjEnableDist	1	SoundAssetSoundObjEnableDistParam
SoundTargetForgetTime	1	NpcThinkParam
SpEffectId_EnableUseItem_StragglerActivate	1	GameSystemCommonParam
SpEffectId_StragglerOppose	1	GameSystemCommonParam
SpEffectId_StragglerTarget	1	GameSystemCommonParam
SpEffectId_StragglerWakeUp	1	GameSystemCommonParam
SrcAssetId	1	LegacyDistantViewPartsReplaceParam
SrcAssetIdRangeMax	1	LegacyDistantViewPartsReplaceParam
SrcAssetIdRangeMin	1	LegacyDistantViewPartsReplaceParam
SrcAssetPartsNo	1	LegacyDistantViewPartsReplaceParam
SrcTimezoneStart	1	CutsceneTimezoneConvertParam
StaminaAttackRate	1	ClearCountCorrectParam
StragglerActivateDist	1	GameSystemCommonParam
SuperArmorDamageRate	1	ClearCountCorrectParam
TakeOverDstWeather_ClearSky	1	CutsceneGparamWeatherParam
TakeOverDstWeather_Cloud	1	CutsceneGparamWeatherParam
TakeOverDstWeather_Fog	1	CutsceneGparamWeatherParam
TakeOverDstWeather_HeavyFog	1	CutsceneGparamWeatherParam
TakeOverDstWeather_HeavyFogRain	1	CutsceneGparamWeatherParam
TakeOverDstWeather_HeavyRain	1	CutsceneGparamWeatherParam
TakeOverDstWeather_HeavySnow	1	CutsceneGparamWeatherParam
TakeOverDstWeather_LightningStorm	1	CutsceneGparamWeatherParam
TakeOverDstWeather_Rain	1	CutsceneGparamWeatherParam
TakeOverDstWeather_Reserved3	1	CutsceneGparamWeatherParam
TakeOverDstWeather_Reserved4	1	CutsceneGparamWeatherParam
TakeOverDstWeather_Reserved5	1	CutsceneGparamWeatherParam
TakeOverDstWeather_Reserved6	1	CutsceneGparamWeatherParam
TakeOverDstWeather_Reserved7	1	CutsceneGparamWeatherParam
TakeOverDstWeather_Reserved8	1	CutsceneGparamWeatherParam
TakeOverDstWeather_SandStorm	1	CutsceneGparamWeatherParam
TakeOverDstWeather_Snow	1	CutsceneGparamWeatherParam
TakeOverDstWeather_Snowstorm	1	CutsceneGparamWeatherParam
TakeOverDstWeather_Storm	1	CutsceneGparamWeatherParam
TakeOverDstWeather_StormForBattle	1	CutsceneGparamWeatherParam
TakeOverDstWeather_Sunny	1	CutsceneGparamWeatherParam
TakeOverDstWeather_WeakCloudy	1	CutsceneGparamWeatherParam
TargetEventId	1	LegacyDistantViewPartsReplaceParam
TargetMapId	1	LegacyDistantViewPartsReplaceParam
TeamAttackEffectivity	1	NpcThinkParam
ThrustAttackRate	1	ClearCountCorrectParam
Thrust_L	1	HitEffectSfxParam
Thrust_Normal	1	HitEffectSfxParam
Thrust_S	1	HitEffectSfxParam
Thrust_Specific1	1	HitEffectSfxParam
Thrust_Specific2	1	HitEffectSfxParam
ThunderAttackRate	1	ClearCountCorrectParam
ThunderDefenseRate	1	ClearCountCorrectParam
TransitionDstWeather	1	WeatherAssetCreateParam
TransitionSrcWeather	2	WeatherAssetCreateParam,WeatherAssetReplaceParam
Unk0x02	3	Gconfig_RaytracingQuality,Gconfig_RaytracingQuality_ps5,Gconfig_RaytracingQuality_scarlett
Unk0x03	3	Gconfig_RaytracingQuality,Gconfig_RaytracingQuality_ps5,Gconfig_RaytracingQuality_scarlett
Unk0x08	3	Gconfig_RaytracingQuality,Gconfig_RaytracingQuality_ps5,Gconfig_RaytracingQuality_scarlett
Unk0x10	3	Gconfig_RaytracingQuality,Gconfig_RaytracingQuality_ps5,Gconfig_RaytracingQuality_scarlett
UnkFloat0x04	3	Gconfig_RaytracingQuality,Gconfig_RaytracingQuality_ps5,Gconfig_RaytracingQuality_scarlett
UnkFloat0x0C	3	Gconfig_RaytracingQuality,Gconfig_RaytracingQuality_ps5,Gconfig_RaytracingQuality_scarlett
VisitorDownloadSpan	1	NetworkParam
VisitorGuestRequestMessageIntervalSec	1	NetworkParam
VisitorListMax	1	NetworkParam
VisitorTimeOutTime	1	NetworkParam
WanderGhostPhantomId	1	NpcParam
Wax_Blow_L	1	HitEffectSeParam
Wax_Blow_LL	1	HitEffectSeParam
Wax_Blow_S	1	HitEffectSeParam
Wax_Slash_L	1	HitEffectSeParam
Wax_Slash_LL	1	HitEffectSeParam
Wax_Slash_S	1	HitEffectSeParam
Wax_Thrust_L	1	HitEffectSeParam
Wax_Thrust_LL	1	HitEffectSeParam
Wax_Thrust_S	1	HitEffectSeParam
WeatherCreateAssetLimitId	1	MapDefaultInfoParam
WeatherLotTimeOffsetIngameSeconds	1	MapDefaultInfoParam
WetSpEffectId00	1	WeatherParam
WetSpEffectId01	1	WeatherParam
WetSpEffectId02	1	WeatherParam
WetSpEffectId03	1	WeatherParam
WetSpEffectId04	1	WeatherParam
WetTime	1	WeatherParam
WhiteGhost_Berserker	3	MultiHPEstusFlaskBonusParam,MultiMPEstusFlaskBonusParam,MultiSoulBonusRateParam
WhiteGhost_None	3	MultiHPEstusFlaskBonusParam,MultiMPEstusFlaskBonusParam,MultiSoulBonusRateParam
WhiteGhost_Umbasa	3	MultiHPEstusFlaskBonusParam,MultiMPEstusFlaskBonusParam,MultiSoulBonusRateParam
WindSfxId	1	WeatherParam
Wood_Blow_L	1	HitEffectSeParam
Wood_Blow_LL	1	HitEffectSeParam
Wood_Blow_S	1	HitEffectSeParam
Wood_Slash_L	1	HitEffectSeParam
Wood_Slash_LL	1	HitEffectSeParam
Wood_Slash_S	1	HitEffectSeParam
Wood_Thrust_L	1	HitEffectSeParam
Wood_Thrust_LL	1	HitEffectSeParam
Wood_Thrust_S	1	HitEffectSeParam
YellowMonk	3	MultiHPEstusFlaskBonusParam,MultiMPEstusFlaskBonusParam,MultiSoulBonusRateParam
YellowMonkDownloadSpan	1	NetworkParam
YellowMonkOverallFlowTimeOutTime	1	NetworkParam
YellowMonkTimeOutTime	1	NetworkParam
a000_bothLegsIO	1	PostureControlParam_Gender
a000_leftArmFB	3	PostureControlParam_Pro,PostureControlParam_WepLeft,PostureControlParam_WepRight
a000_leftArmIO	1	PostureControlParam_Pro
a000_leftElbowIO	1	PostureControlParam_Gender
a000_leftWeaponRotation	1	PostureControlParam_WepLeft
a000_leftWristFB	2	PostureControlParam_WepLeft,PostureControlParam_WepRight
a000_leftWristIO	2	PostureControlParam_WepLeft,PostureControlParam_WepRight
a000_lefttWeaponRotation	1	PostureControlParam_WepRight
a000_rightArmFB	2	PostureControlParam_Pro,PostureControlParam_WepRight
a000_rightArmIO	1	PostureControlParam_Pro
a000_rightElbowIO	1	PostureControlParam_Gender
a000_rightWeaponRotation	1	PostureControlParam_WepRight
a000_rightWristFB	1	PostureControlParam_WepRight
a000_rightWristIO	1	PostureControlParam_WepRight
a002_bothLegsIO	1	PostureControlParam_Gender
a002_leftArmFB	3	PostureControlParam_Pro,PostureControlParam_WepLeft,PostureControlParam_WepRight
a002_leftArmIO	1	PostureControlParam_Pro
a002_leftElbowIO	1	PostureControlParam_Gender
a002_leftWeaponRotation	1	PostureControlParam_WepLeft
a002_leftWristFB	2	PostureControlParam_WepLeft,PostureControlParam_WepRight
a002_leftWristIO	2	PostureControlParam_WepLeft,PostureControlParam_WepRight
a002_lefttWeaponRotation	1	PostureControlParam_WepRight
a002_rightArmFB	2	PostureControlParam_Pro,PostureControlParam_WepRight
a002_rightArmIO	1	PostureControlParam_Pro
a002_rightElbowIO	1	PostureControlParam_Gender
a002_rightWeaponRotation	1	PostureControlParam_WepRight
a002_rightWristFB	1	PostureControlParam_WepRight
a002_rightWristIO	1	PostureControlParam_WepRight
a003_bothLegsIO	1	PostureControlParam_Gender
a003_leftArmFB	3	PostureControlParam_Pro,PostureControlParam_WepLeft,PostureControlParam_WepRight
a003_leftArmIO	1	PostureControlParam_Pro
a003_leftElbowIO	1	PostureControlParam_Gender
a003_leftWeaponRotation	1	PostureControlParam_WepLeft
a003_leftWristFB	2	PostureControlParam_WepLeft,PostureControlParam_WepRight
a003_leftWristIO	2	PostureControlParam_WepLeft,PostureControlParam_WepRight
a003_lefttWeaponRotation	1	PostureControlParam_WepRight
a003_rightArmFB	2	PostureControlParam_Pro,PostureControlParam_WepRight
a003_rightArmIO	1	PostureControlParam_Pro
a003_rightElbowIO	1	PostureControlParam_Gender
a003_rightWeaponRotation	1	PostureControlParam_WepRight
a003_rightWristFB	1	PostureControlParam_WepRight
a003_rightWristIO	1	PostureControlParam_WepRight
a010_bothLegsIO	1	PostureControlParam_Gender
a010_leftArmFB	2	PostureControlParam_Pro,PostureControlParam_WepRight
a010_leftArmIO	1	PostureControlParam_Pro
a010_leftElbowIO	1	PostureControlParam_Gender
a010_leftWristFB	1	PostureControlParam_WepRight
a010_leftWristIO	1	PostureControlParam_WepRight
a010_lefttWeaponRotation	1	PostureControlParam_WepRight
a010_rightArmFB	2	PostureControlParam_Pro,PostureControlParam_WepRight
a010_rightArmIO	1	PostureControlParam_Pro
a010_rightElbowIO	1	PostureControlParam_Gender
a010_rightWeaponRotation	1	PostureControlParam_WepRight
a010_rightWristFB	1	PostureControlParam_WepRight
a010_rightWristIO	1	PostureControlParam_WepRight
a012_bothLegsIO	1	PostureControlParam_Gender
a012_leftArmFB	2	PostureControlParam_Pro,PostureControlParam_WepRight
a012_leftArmIO	1	PostureControlParam_Pro
a012_leftElbowIO	1	PostureControlParam_Gender
a012_leftWristFB	1	PostureControlParam_WepRight
a012_leftWristIO	1	PostureControlParam_WepRight
a012_lefttWeaponRotation	1	PostureControlParam_WepRight
a012_rightArmFB	2	PostureControlParam_Pro,PostureControlParam_WepRight
a012_rightArmIO	1	PostureControlParam_Pro
a012_rightElbowIO	1	PostureControlParam_Gender
a012_rightWeaponRotation	1	PostureControlParam_WepRight
a012_rightWristFB	1	PostureControlParam_WepRight
a012_rightWristIO	1	PostureControlParam_WepRight
a013_bothLegsIO	1	PostureControlParam_Gender
a013_leftArmFB	2	PostureControlParam_Pro,PostureControlParam_WepRight
a013_leftArmIO	1	PostureControlParam_Pro
a013_leftElbowIO	1	PostureControlParam_Gender
a013_leftWristFB	1	PostureControlParam_WepRight
a013_leftWristIO	1	PostureControlParam_WepRight
a013_lefttWeaponRotation	1	PostureControlParam_WepRight
a013_rightArmFB	2	PostureControlParam_Pro,PostureControlParam_WepRight
a013_rightArmIO	1	PostureControlParam_Pro
a013_rightElbowIO	1	PostureControlParam_Gender
a013_rightWeaponRotation	1	PostureControlParam_WepRight
a013_rightWristFB	1	PostureControlParam_WepRight
a013_rightWristIO	1	PostureControlParam_WepRight
a014_bothLegsIO	1	PostureControlParam_Gender
a014_leftArmFB	2	PostureControlParam_Pro,PostureControlParam_WepRight
a014_leftArmIO	1	PostureControlParam_Pro
a014_leftElbowIO	1	PostureControlParam_Gender
a014_leftWristFB	1	PostureControlParam_WepRight
a014_leftWristIO	1	PostureControlParam_WepRight
a014_lefttWeaponRotation	1	PostureControlParam_WepRight
a014_rightArmFB	2	PostureControlParam_Pro,PostureControlParam_WepRight
a014_rightArmIO	1	PostureControlParam_Pro
a014_rightElbowIO	1	PostureControlParam_Gender
a014_rightWeaponRotation	1	PostureControlParam_WepRight
a014_rightWristFB	1	PostureControlParam_WepRight
a014_rightWristIO	1	PostureControlParam_WepRight
a015_bothLegsIO	1	PostureControlParam_Gender
a015_leftArmFB	2	PostureControlParam_Pro,PostureControlParam_WepRight
a015_leftArmIO	1	PostureControlParam_Pro
a015_leftElbowIO	1	PostureControlParam_Gender
a015_leftWristFB	1	PostureControlParam_WepRight
a015_leftWristIO	1	PostureControlParam_WepRight
a015_lefttWeaponRotation	1	PostureControlParam_WepRight
a015_rightArmFB	2	PostureControlParam_Pro,PostureControlParam_WepRight
a015_rightArmIO	1	PostureControlParam_Pro
a015_rightElbowIO	1	PostureControlParam_Gender
a015_rightWeaponRotation	1	PostureControlParam_WepRight
a015_rightWristFB	1	PostureControlParam_WepRight
a015_rightWristIO	1	PostureControlParam_WepRight
a016_bothLegsIO	1	PostureControlParam_Gender
a016_leftArmFB	2	PostureControlParam_Pro,PostureControlParam_WepRight
a016_leftArmIO	1	PostureControlParam_Pro
a016_leftElbowIO	1	PostureControlParam_Gender
a016_leftWristFB	1	PostureControlParam_WepRight
a016_leftWristIO	1	PostureControlParam_WepRight
a016_lefttWeaponRotation	1	PostureControlParam_WepRight
a016_rightArmFB	2	PostureControlParam_Pro,PostureControlParam_WepRight
a016_rightArmIO	1	PostureControlParam_Pro
a016_rightElbowIO	1	PostureControlParam_Gender
a016_rightWeaponRotation	1	PostureControlParam_WepRight
a016_rightWristFB	1	PostureControlParam_WepRight
a016_rightWristIO	1	PostureControlParam_WepRight
a2dOperator_0	1	DefaultKeyAssign
a2dOperator_1	1	DefaultKeyAssign
a2dOperator_2	1	DefaultKeyAssign
a2dOperator_3	1	DefaultKeyAssign
a2dOperator_4	1	DefaultKeyAssign
a2dOperator_5	1	DefaultKeyAssign
a2dOperator_6	1	DefaultKeyAssign
a2dOperator_7	1	DefaultKeyAssign
a2dThreshold_0	1	DefaultKeyAssign
a2dThreshold_1	1	DefaultKeyAssign
a2dThreshold_2	1	DefaultKeyAssign
a2dThreshold_3	1	DefaultKeyAssign
a2dThreshold_4	1	DefaultKeyAssign
a2dThreshold_5	1	DefaultKeyAssign
a2dThreshold_6	1	DefaultKeyAssign
a2dThreshold_7	1	DefaultKeyAssign
aIJump_AnimYMoveCorrectRate_onJumpOff	1	GameSystemCommonParam
aIJump_DecelerateParam	1	GameSystemCommonParam
absorpParamId	1	EquipParamWeapon
abyssMultiplayLimit	1	NetworkParam
accelInRange	1	Bullet
accelOutRange	1	Bullet
accelTime	1	Bullet
accessories_color_B	2	FaceParam,FaceRangeParam
accessories_color_G	2	FaceParam,FaceRangeParam
accessories_color_R	2	FaceParam,FaceRangeParam
accessories_partsId	2	FaceParam,FaceRangeParam
accessoryCategory	1	EquipParamAccessory
accessoryGroup	1	EquipParamAccessory
accumuOverFireId	1	SpEffectParam
accumuOverVal	1	SpEffectParam
accumuUnderFireId	1	SpEffectParam
accumuUnderVal	1	SpEffectParam
accumuVal	1	SpEffectParam
acquisitionEventCenterX	1	WorldMapPieceParam
acquisitionEventCenterY	1	WorldMapPieceParam
acquisitionEventFlagId	1	WorldMapPieceParam
acquisitionEventResOffsetX	1	WorldMapPieceParam
acquisitionEventResOffsetY	1	WorldMapPieceParam
acquisitionEventResScale	1	WorldMapPieceParam
acquisitionEventScale	1	WorldMapPieceParam
actTypeOnFailedPath	1	NpcThinkParam
actTypeOnNonBtlFailedPath	1	NpcThinkParam
actionButtonInputCancelTime	1	GameSystemCommonParam
actionButtonParamId	1	ObjActParam
actionEnableMsgId	1	ObjActParam
actionFailedMsgId	1	ObjActParam
actionPanelChangeThreshold_PassTime	1	MenuCommonParam
actionPanelChangeThreshold_Vel	1	MenuCommonParam
activateChrByTime_PhantomId	1	EnemyCommonParam
activateRange	2	BuddyStoneParam,SeActivationRangeParam
activityOfDeadSpEffect_BulletId	1	GameSystemCommonParam
activityOfDeadSpEffect_DeadFadeOutTime	1	GameSystemCommonParam
activityOfDeadSpEffect_ShootBulletDummypolyId	1	GameSystemCommonParam
activityOfDeadTargetSearchSpEffect_MaxLength	1	GameSystemCommonParam
activityOfDeadTargetSearchSpEffect_OnHitSpEffect	1	GameSystemCommonParam
addAwarePointCorrectValue_forMe	1	SpEffectParam
addAwarePointCorrectValue_forTarget	1	SpEffectParam
addBehaviorJudgeId_add	1	SpEffectParam
addBehaviorJudgeId_condition	1	SpEffectParam
addDeceasedLv	1	SpEffectParam
addDexterityStatus	1	SpEffectParam
addEndureStatus	1	SpEffectParam
addFaithStatus	1	SpEffectParam
addFootEffectSfxId	1	SpEffectParam
addLifeForceStatus	1	SpEffectParam
addLuckStatus	1	SpEffectParam
addMagicStatus	1	SpEffectParam
addPoint1	1	ResistCorrectParam
addPoint2	1	ResistCorrectParam
addPoint3	1	ResistCorrectParam
addPoint4	1	ResistCorrectParam
addPoint5	1	ResistCorrectParam
addRate1	1	ResistCorrectParam
addRate2	1	ResistCorrectParam
addRate3	1	ResistCorrectParam
addRate4	1	ResistCorrectParam
addRate5	1	ResistCorrectParam
addSoloBreakInPoint_Black	1	GameSystemCommonParam
addSoloBreakInPoint_ForceJoin	1	GameSystemCommonParam
addSoloBreakInPoint_VisitorGuardian	1	GameSystemCommonParam
addSoloBreakInPoint_VisitorRedHunter	1	GameSystemCommonParam
addSoloBreakInPoint_White	1	GameSystemCommonParam
addStrengthStatus	1	SpEffectParam
addVitalityStatus	1	SpEffectParam
addWillpowerStatus	1	SpEffectParam
adjPt_maxGrowVal0	1	CalcCorrectGraph
adjPt_maxGrowVal1	1	CalcCorrectGraph
adjPt_maxGrowVal2	1	CalcCorrectGraph
adjPt_maxGrowVal3	1	CalcCorrectGraph
adjPt_maxGrowVal4	1	CalcCorrectGraph
adjustment_value	1	CalcCorrectGraph
adsrobModelPosInterpolationTime	1	ThrowParam
afterEndingMapUid	1	GameSystemCommonParam
afterEndingReturnPointEntityId	1	GameSystemCommonParam
age	2	FaceParam,FaceRangeParam
aiNotifyType	1	Magic
aiSightRate	1	WeatherParam
aiSightRateStart_Evening_Hour	1	GameSystemCommonParam
aiSightRateStart_Evening_Minute	1	GameSystemCommonParam
aiSightRateStart_Midnight_Hour	1	GameSystemCommonParam
aiSightRateStart_Midnight_Minute	1	GameSystemCommonParam
aiSightRateStart_Morning_Hour	1	GameSystemCommonParam
aiSightRateStart_Morning_Minute	1	GameSystemCommonParam
aiSightRateStart_Night_Hour	1	GameSystemCommonParam
aiSightRateStart_Night_Minute	1	GameSystemCommonParam
aiSightRateStart_Noon_Hour	1	GameSystemCommonParam
aiSightRateStart_Noon_Minute	1	GameSystemCommonParam
aiSightRate_evening	1	GameSystemCommonParam
aiSightRate_midnightA	1	GameSystemCommonParam
aiSightRate_morning	1	GameSystemCommonParam
aiSightRate_night	1	GameSystemCommonParam
aiSightRate_noonA	1	GameSystemCommonParam
aiSightRate_sunloss_dark	1	GameSystemCommonParam
aiSightRate_sunloss_light	1	GameSystemCommonParam
aiSightRate_sunloss_veryDark	1	GameSystemCommonParam
aiSoundLevel	1	AiSoundParam
aiUsageId	1	SwordArtsParam
aiUseJudgeId	2	EquipParamGoods,Magic
aiVolumeRate	1	HitMtrlParam
allAreaSearchRate_BellGuard	1	NetworkParam
allAreaSearchRate_CoopBlue	1	NetworkParam
allAreaSearchRate_VsBlue	1	NetworkParam
allItemWeightChangeRate	1	SpEffectParam
allowAngle	1	ActionButtonParam
allowUseBuddyItem_sfxDmyPolyId	1	GameSystemCommonParam
allowUseBuddyItem_sfxDmyPolyId_horse	1	GameSystemCommonParam
allowUseBuddyItem_sfxId	1	GameSystemCommonParam
allowUseBuddyItem_sfxInterval	1	GameSystemCommonParam
alpha	1	PhantomParam
altForbiddenIconId	1	BonfireWarpParam
altIconId	2	BonfireWarpParam,WorldMapPointParam
analogDexterityMax	1	Magic
analogDexterityMin	1	Magic
analogMoveParamId	1	MoveParam
angle	2	ActionButtonParam,WorldMapPointParam
angleCheckType	1	ActionButtonParam
animBreakIdMax	1	AssetEnvironmentGeometryParam
animIdOffset	2	NpcParam,SpEffectParam
animIdOffset2	1	NpcParam
animeID_DropItemPick	1	PlayerCommonParam
animeID_MaterialItemPick	1	PlayerCommonParam
animeID_SleepCollectorItemPick	1	PlayerCommonParam
antiDarkSightDmypolyId	1	SpEffectParam
antiDarkSightRadius	1	SpEffectParam
antiMagicIgnore	1	SpEffectParam
appearDirType	1	DecalParam
appearOnAroundSekihi	1	BuddyParam
appearSfxId	1	DecalParam
appearSfxOffsetPos	1	DecalParam
appearanceReplaceItemId	1	EquipParamGoods
applyBone	1	RuntimeBoneControlParam
applyIdOnGetSoul	1	SpEffectParam
applyPartsGroup	1	SpEffectParam
applyTarget_0	1	DefaultKeyAssign
applyTarget_1	1	DefaultKeyAssign
applyTarget_2	1	DefaultKeyAssign
applyTarget_3	1	DefaultKeyAssign
applyTarget_4	1	DefaultKeyAssign
applyTarget_5	1	DefaultKeyAssign
applyTarget_6	1	DefaultKeyAssign
applyTarget_7	1	DefaultKeyAssign
areaNo	5	BonfireWarpParam,PlayRegionParam,SignPuddleParam,WorldMapPlaceNameParam,WorldMapPointParam
areaNo_forDistViewMark	1	WorldMapPointParam
arenaDopingSpEffect_1	1	BuddyParam
arenaDopingSpEffect_2	1	BuddyParam
arenaDopingSpEffect_3	1	BuddyParam
arenaDopingSpEffect_4	1	BuddyParam
arenaDopingSpEffect_5	1	BuddyParam
arenaFriendlySpEffect_1	1	BuddyParam
arenaFriendlySpEffect_2	1	BuddyParam
arenaFriendlySpEffect_3	1	BuddyParam
arenaFriendlySpEffect_4	1	BuddyParam
arenaFriendlySpEffect_5	1	BuddyParam
arenaHostileSpEffect_1	1	BuddyParam
arenaHostileSpEffect_2	1	BuddyParam
arenaHostileSpEffect_3	1	BuddyParam
arenaHostileSpEffect_4	1	BuddyParam
arenaHostileSpEffect_5	1	BuddyParam
armEquip	1	EquipParamProtector
arrowBoltEquipId	1	EquipParamWeapon
arrowBoltModelIdOffset	1	PlayerCommonParam
arrowBoltRemainingNumModelMaskThreshold1	1	PlayerCommonParam
arrowBoltRemainingNumModelMaskThreshold2	1	PlayerCommonParam
arrowCaseWepBindDmypolyId	1	PlayerCommonParam
arrowNum	1	CharaInitParam
arrowSlotEquipable	1	EquipParamWeapon
artsConsumptionRate	1	SpEffectParam
artsSpeedType	1	SwordArtsParam
assetNavimeshNoCombine	1	AssetEnvironmentGeometryParam
assetNo_Hit	1	Bullet
atkAnimId	1	ThrowParam
atkAttribute	5	AtkParam_Npc,AtkParam_Pc,Bullet,EquipParamWeapon,SpEffectParam
atkAttribute2	1	EquipParamWeapon
atkBehaviorId	2	AtkParam_Npc,AtkParam_Pc
atkBehaviorId_2	2	AtkParam_Npc,AtkParam_Pc
atkBody_1	1	HitEffectSfxConceptParam
atkBody_2	1	HitEffectSfxConceptParam
atkChrAnimId	1	RideParam
atkChrId	1	RideParam
atkDark	2	AtkParam_Npc,AtkParam_Pc
atkDarkCorrection	2	AtkParam_Npc,AtkParam_Pc
atkDir_forSfx	2	AtkParam_Npc,AtkParam_Pc
atkEnemyDmgCorrectRate_Dark	1	SpEffectParam
atkEnemyDmgCorrectRate_Fire	1	SpEffectParam
atkEnemyDmgCorrectRate_Magic	1	SpEffectParam
atkEnemyDmgCorrectRate_Physics	1	SpEffectParam
atkEnemyDmgCorrectRate_Thunder	1	SpEffectParam
atkFire	2	AtkParam_Npc,AtkParam_Pc
atkFireCorrection	2	AtkParam_Npc,AtkParam_Pc
atkFlickPower	1	SpEffectParam
atkId_Bullet	1	Bullet
atkIron_1	1	HitEffectSfxConceptParam
atkIron_2	1	HitEffectSfxConceptParam
atkLeather_1	1	HitEffectSfxConceptParam
atkLeather_2	1	HitEffectSfxConceptParam
atkMag	2	AtkParam_Npc,AtkParam_Pc
atkMagCorrection	2	AtkParam_Npc,AtkParam_Pc
atkMaterial	3	AtkParam_Npc,AtkParam_Pc,EquipParamWeapon
atkNone_1	1	HitEffectSfxConceptParam
atkNone_2	1	HitEffectSfxConceptParam
atkObj	2	AtkParam_Npc,AtkParam_Pc
atkOccurrenceSpEffectId	1	SpEffectParam
atkPhys	2	AtkParam_Npc,AtkParam_Pc
atkPhysCorrection	2	AtkParam_Npc,AtkParam_Pc
atkPlayerDmgCorrectRate_Dark	1	SpEffectParam
atkPlayerDmgCorrectRate_Fire	1	SpEffectParam
atkPlayerDmgCorrectRate_Magic	1	SpEffectParam
atkPlayerDmgCorrectRate_Physics	1	SpEffectParam
atkPlayerDmgCorrectRate_Thunder	1	SpEffectParam
atkPow_forSe	2	AtkParam_Npc,AtkParam_Pc
atkPow_forSfx	2	AtkParam_Npc,AtkParam_Pc
atkRegainHp	2	AtkParam_Npc,AtkParam_Pc
atkSorbDmyId	1	ThrowParam
atkStam	2	AtkParam_Npc,AtkParam_Pc
atkStamCorrection	2	AtkParam_Npc,AtkParam_Pc
atkStone_1	1	HitEffectSfxConceptParam
atkStone_2	1	HitEffectSfxConceptParam
atkSuperArmor	2	AtkParam_Npc,AtkParam_Pc
atkSuperArmorCorrection	2	AtkParam_Npc,AtkParam_Pc
atkThrowEscape	2	AtkParam_Npc,AtkParam_Pc
atkThrowEscapeCorrection	2	AtkParam_Npc,AtkParam_Pc
atkThun	2	AtkParam_Npc,AtkParam_Pc
atkThunCorrection	2	AtkParam_Npc,AtkParam_Pc
atkType	2	AtkParam_Npc,AtkParam_Pc
atkWood_1	1	HitEffectSfxConceptParam
atkWood_2	1	HitEffectSfxConceptParam
attachEffectType	1	Bullet
attachHitInitializeDead	1	NpcParam
attackBaseDark	1	EquipParamWeapon
attackBaseFire	1	EquipParamWeapon
attackBaseMagic	1	EquipParamWeapon
attackBaseParry	1	EquipParamWeapon
attackBasePhysics	1	EquipParamWeapon
attackBaseRepel	1	EquipParamWeapon
attackBaseStamina	1	EquipParamWeapon
attackBaseThunder	1	EquipParamWeapon
attackElementCorrectId	1	EquipParamWeapon
attackThrowEscape	1	EquipParamWeapon
attainmentWepStatusDex	1	EquipParamWeapon
attainmentWepStatusFai	1	EquipParamWeapon
attainmentWepStatusLuc	1	EquipParamWeapon
attainmentWepStatusMag	1	EquipParamWeapon
attainmentWepStatusStr	1	EquipParamWeapon
attribute1	1	WaypointParam
attribute2	1	WaypointParam
attribute3	1	WaypointParam
attribute4	1	WaypointParam
autoCreateOffsetHeight	1	AssetEnvironmentGeometryParam
autoDrawGroupBackFaceCheck	1	AssetEnvironmentGeometryParam
autoDrawGroupDepthWrite	1	AssetEnvironmentGeometryParam
autoDrawGroupPassPixelNum	1	AssetEnvironmentGeometryParam
autoDrawGroupShadowTest	1	AssetEnvironmentGeometryParam
autoFootEffectDecalBaseId1	2	EquipParamProtector,NpcParam
autoFootEffectDecalBaseId2	2	EquipParamProtector,NpcParam
autoFootEffectDecalBaseId3	2	EquipParamProtector,NpcParam
autoFootEffectSfxId	1	NpcParam
autoHideHpThresholdRatio	1	MenuCommonParam
autoHideHpThresholdValue	1	MenuCommonParam
autoHideMpThresholdRatio	1	MenuCommonParam
autoHideMpThresholdValue	1	MenuCommonParam
autoHideSpThresholdRatio	1	MenuCommonParam
autoHideSpThresholdValue	1	MenuCommonParam
autoInvadePoint_cancelDist	1	GameSystemCommonParam
autoInvadePoint_generateDist	1	GameSystemCommonParam
autoReplenishType	2	EquipParamGoods,EquipParamWeapon
autoSearchNPCThinkID	1	Bullet
bAdjustAgilityAblity	1	SpEffectParam
bAdjustFaithAblity	1	SpEffectParam
bAdjustMagicAblity	1	SpEffectParam
bAdjustStrengthAblity	1	SpEffectParam
bAlignedTexRandomVariationEnable	1	DecalParam
bCurrHPIndependeMaxHP	1	SpEffectParam
bDistThinOutEnable	1	DecalParam
bGameClearBonus	1	SpEffectParam
bIntpEnable	1	DecalParam
bKeyHold1	1	NpcAiActionParam
bKeyHold2	1	NpcAiActionParam
bKeyHold3	1	NpcAiActionParam
bLifeEnable	1	DecalParam
bLifeEndSuccess	1	NpcAiActionParam
bMapGuradianRegion	1	PlayRegionParam
bMoveDirHold	1	NpcAiActionParam
bOverrideSpEffect	1	MultiPlayCorrectionParam
bSpEffectEnable	1	AiSoundParam
bUseNormal	1	DecalParam
bYellowCostumeRegion	1	PlayRegionParam
backToHomeStuckAct	1	NpcThinkParam
backhomeBattleDist	1	NpcThinkParam
backhomeDist	1	NpcThinkParam
ballisticCalcType	1	Bullet
baseAccSlotNum	1	PlayerCommonParam
baseAtkRate	1	ReinforceParamWeapon
baseChangeCategory	1	EquipParamWeapon
baseChangePrice	1	EquipParamWeapon
baseChangePriceRate	1	ReinforceParamWeapon
baseColorA	1	WetAspectParam
baseColorB	1	WetAspectParam
baseColorG	1	WetAspectParam
baseColorR	1	WetAspectParam
baseDensity	3	GrassTypeParam,GrassTypeParam_Lv1,GrassTypeParam_Lv2
baseDex	1	CharaInitParam
baseDurability	1	CharaInitParam
baseEnd	1	CharaInitParam
baseFai	1	CharaInitParam
baseHeightOffset	1	ActionButtonParam
baseHeroPoint	1	CharaInitParam
baseHp	1	CharaInitParam
baseLuc	1	CharaInitParam
baseMag	1	CharaInitParam
baseMagicSlotSize	1	PlayerCommonParam
baseMp	1	CharaInitParam
baseRec_mp	1	CharaInitParam
baseRec_sp	1	CharaInitParam
baseReveredSpiritAshBlessingSpEffectId	1	GameSystemCommonParam
baseReveredSpiritTorrentBlessingSpEffectId	1	GameSystemCommonParam
baseScaduBlessingSpEffectId	1	GameSystemCommonParam
baseSp	1	CharaInitParam
baseStr	1	CharaInitParam
baseToughnessRecoverTime	1	GameSystemCommonParam
baseVit	1	CharaInitParam
baseWepId	1	EquipParamCustomWeapon
baseWil	1	CharaInitParam
basicExclusiveHeight_0	1	NetworkParam
basicExclusiveHeight_1	1	NetworkParam
basicExclusiveHeight_2	1	NetworkParam
basicExclusiveRange_0	1	NetworkParam
basicExclusiveRange_1	1	NetworkParam
basicExclusiveRange_2	1	NetworkParam
basicPrice	3	EquipParamAccessory,EquipParamGoods,EquipParamProtector
battleEye_updateAngX	1	NpcThinkParam
battleEye_updateAngY	1	NpcThinkParam
battleEye_updateDist	1	NpcThinkParam
battleGoalID	1	NpcThinkParam
battleRoyal	1	NetworkMsgParam
beard_color_B	2	FaceParam,FaceRangeParam
beard_color_G	2	FaceParam,FaceRangeParam
beard_color_R	2	FaceParam,FaceRangeParam
beard_partsId	2	FaceParam,FaceRangeParam
beard_rootBlack	2	FaceParam,FaceRangeParam
beard_shininess	2	FaceParam,FaceRangeParam
beard_whiteDensity	2	FaceParam,FaceRangeParam
beginIntpTextureId	1	DecalParam
behaviorId	4	EquipParamAccessory,EquipParamGoods,Magic,SpEffectParam
behaviorJudgeId	2	BehaviorParam,BehaviorParam_PC
behaviorType	1	AssetEnvironmentGeometryParam
behaviorVariationId	2	EquipParamWeapon,NpcParam
berserkerBlack	1	NetworkMsgParam
berserkerWhite	1	NetworkMsgParam
bgmPlaceType	1	WorldMapPointParam
bigRuneGreaterDemonBreakInGoodsId	1	GameSystemCommonParam
bigRuneGreaterDemonBreakInGoodsNum	1	GameSystemCommonParam
bigRuneGreaterDemon_SummonBuddySpecialEffectId_Buddy	1	GameSystemCommonParam
bigRuneGreaterDemon_SummonBuddySpecialEffectId_Pc	1	GameSystemCommonParam
billboardTextureName	3	GrassTypeParam,GrassTypeParam_Lv1,GrassTypeParam_Lv2
blackKeywordLimitTimeScale	1	NetworkParam
blendMode	1	DecalParam
blendRate	1	PhantomParam
blendType	1	PhantomParam
blockClearBonusDelayTime	1	GameSystemCommonParam
bloodAttackPower	1	SpEffectParam
bloodDamageRate	1	SpEffectParam
bloodDefDamageRate	1	SpEffectParam
bloodGuardResist	2	EquipParamWeapon,NpcParam
bloodGuardResistRate	1	ReinforceParamWeapon
bloodGuardResist_MaxCorrect	1	EquipParamWeapon
bloodMessageDisplayMax	1	NetworkParam
bloodMessageDownloadTime	1	NetworkParam
bloodMessageEvalHealRate	1	NetworkParam
bloodStainDisplayMax	1	NetworkParam
bloodStainDownloadTime	1	NetworkParam
bloodTypeEnable	1	DecalParam
blowAttackPower	1	SpEffectParam
blowAttackPowerRate	1	SpEffectParam
blowAttackRate	1	SpEffectParam
blowDamageCutRate	3	EquipParamProtector,NpcParam,SpEffectParam
blowDefRate	1	ReinforceParamProtector
blowGuardCutRate	2	EquipParamWeapon,NpcParam
blowingCorrection	2	AtkParam_Npc,AtkParam_Pc
blurCountBias	3	Gconfig_ShadowQuality,Gconfig_ShadowQuality_ps4,Gconfig_ShadowQuality_xboxone
blurMaxLengthScale	3	Gconfig_MotionBlurQuality,Gconfig_MotionBlurQuality_ps4,Gconfig_MotionBlurQuality_xboxone
bodyEquip	1	EquipParamProtector
body_hair	2	FaceParam,FaceRangeParam
body_hairColor_B	2	FaceParam,FaceRangeParam
body_hairColor_G	2	FaceParam,FaceRangeParam
body_hairColor_R	2	FaceParam,FaceRangeParam
boltNum	1	CharaInitParam
boltPouchWepBindDmypolyId	1	PlayerCommonParam
boltSlotEquipable	1	EquipParamWeapon
bonfireCheckEnemyRange	1	GameSystemCommonParam
bonfireEntityId	1	BonfireWarpParam
bonfireSubCategoryId	1	BonfireWarpParam
bonfireSubCategorySortId	1	BonfireWarpParam
bonusSoul_multi	1	GameAreaParam
bonusSoul_single	1	GameAreaParam
bossAreaId	1	PlayRegionParam
bossChallengeFlagId	1	GameAreaParam
bossId_1	1	PlayRegionParam
bossId_10	1	PlayRegionParam
bossId_11	1	PlayRegionParam
bossId_12	1	PlayRegionParam
bossId_13	1	PlayRegionParam
bossId_14	1	PlayRegionParam
bossId_15	1	PlayRegionParam
bossId_16	1	PlayRegionParam
bossId_2	1	PlayRegionParam
bossId_3	1	PlayRegionParam
bossId_4	1	PlayRegionParam
bossId_5	1	PlayRegionParam
bossId_6	1	PlayRegionParam
bossId_7	1	PlayRegionParam
bossId_8	1	PlayRegionParam
bossId_9	1	PlayRegionParam
bossMapAreaNo	1	GameAreaParam
bossMapBlockNo	1	GameAreaParam
bossMapMapNo	1	GameAreaParam
bossPosX	1	GameAreaParam
bossPosY	1	GameAreaParam
bossPosZ	1	GameAreaParam
bothHandEquipable	1	EquipParamWeapon
both_0	1	WepAbsorpPosParam
both_1	1	WepAbsorpPosParam
both_2	1	WepAbsorpPosParam
both_3	1	WepAbsorpPosParam
boundry_inclination_soul	1	CalcCorrectGraph
boundry_value	1	CalcCorrectGraph
bowDistRate	2	EquipParamWeapon,SpEffectParam
breakBulletAttributeDamageType	1	AssetEnvironmentGeometryParam
breakBulletBehaviorId	1	AssetEnvironmentGeometryParam
breakBulletCpId	1	AssetEnvironmentGeometryParam
breakInLimitEventFlagId_1	1	PlayRegionParam
breakInLimitEventFlagId_1_targetFlagState	1	PlayRegionParam
breakInLimitEventFlagId_2	1	PlayRegionParam
breakInLimitEventFlagId_2_targetFlagState	1	PlayRegionParam
breakInLimitEventFlagId_3	1	PlayRegionParam
breakInLimitEventFlagId_3_targetFlagState	1	PlayRegionParam
breakInOnce_A_rebreakInGoodsId	1	GameSystemCommonParam
breakInOnce_A_rebreakInGoodsNum	1	GameSystemCommonParam
breakInRequestAreaCount	1	NetworkParam
breakInRequestIntervalTimeSec	1	NetworkParam
breakInRequestTimeOutSec	1	NetworkParam
breakIn_A_rebreakInGoodsId	1	GameSystemCommonParam
breakIn_A_rebreakInGoodsNum	1	GameSystemCommonParam
breakIn_B_rebreakInGoodsId	1	GameSystemCommonParam
breakIn_B_rebreakInGoodsNum	1	GameSystemCommonParam
breakItemLotParamId	1	AssetEnvironmentGeometryParam
breakItemLotType	1	AssetEnvironmentGeometryParam
breakLandingSfxId	1	AssetEnvironmentGeometryParam
breakSfxCpId	1	AssetEnvironmentGeometryParam
breakSfxId	1	AssetEnvironmentGeometryParam
breakStopTime	1	AssetEnvironmentGeometryParam
buddyDisappearDelaySec	1	GameSystemCommonParam
buddyId	1	BuddyStoneParam
buddyPassThroughTriggerTime	1	GameSystemCommonParam
buddyWarp_ThresholdRangePathStacked	1	GameSystemCommonParam
buddyWarp_ThresholdTimePathStacked	1	GameSystemCommonParam
buddyWarp_TriggerDistToPlayer	1	GameSystemCommonParam
buddyWarp_TriggerTimeRayBlocked	1	GameSystemCommonParam
bulletAngRange	1	LockCamParam
bulletMaxRadius	1	LockCamParam
bulletMaxRadius_forD	1	LockCamParam
bulletMaxRadius_forPD	1	LockCamParam
bulletSfxDeleteType_byForceErase	1	Bullet
bulletSfxDeleteType_byHit	1	Bullet
bulletSfxDeleteType_byLifeDead	1	Bullet
burnBraekRate	1	AssetEnvironmentGeometryParam
burnBulletBehaviorId	1	AssetEnvironmentGeometryParam
burnBulletBehaviorId_1	1	AssetEnvironmentGeometryParam
burnBulletBehaviorId_2	1	AssetEnvironmentGeometryParam
burnBulletBehaviorId_3	1	AssetEnvironmentGeometryParam
burnBulletDelayTime	1	AssetEnvironmentGeometryParam
burnBulletInterval	1	AssetEnvironmentGeometryParam
burnSfxDelayTimeMax	1	AssetEnvironmentGeometryParam
burnSfxDelayTimeMax_1	1	AssetEnvironmentGeometryParam
burnSfxDelayTimeMax_2	1	AssetEnvironmentGeometryParam
burnSfxDelayTimeMax_3	1	AssetEnvironmentGeometryParam
burnSfxDelayTimeMin	1	AssetEnvironmentGeometryParam
burnSfxDelayTimeMin_1	1	AssetEnvironmentGeometryParam
burnSfxDelayTimeMin_2	1	AssetEnvironmentGeometryParam
burnSfxDelayTimeMin_3	1	AssetEnvironmentGeometryParam
burnSfxId	1	AssetEnvironmentGeometryParam
burnSfxId_1	1	AssetEnvironmentGeometryParam
burnSfxId_2	1	AssetEnvironmentGeometryParam
burnSfxId_3	1	AssetEnvironmentGeometryParam
burnSfxType	1	NpcParam
burnTime	1	AssetEnvironmentGeometryParam
burn_scar	2	FaceParam,FaceRangeParam
callHelp_ActionAnimId	1	NpcThinkParam
callHelp_CallActionId	1	NpcThinkParam
callHelp_CallPeerId	1	NpcThinkParam
callHelp_CallValidMinDistTarget	1	NpcThinkParam
callHelp_CallValidRange	1	NpcThinkParam
callHelp_ForgetTimeByArrival	1	NpcThinkParam
callHelp_MaxWaitTime	1	NpcThinkParam
callHelp_MinWaitTime	1	NpcThinkParam
callHelp_MyPeerId	1	NpcThinkParam
callHelp_ReplyBehaviorType	1	NpcThinkParam
camAtPosX	1	MenuOffscrRendParam
camAtPosY	1	MenuOffscrRendParam
camAtPosZ	1	MenuOffscrRendParam
camDist	1	MenuOffscrRendParam
camDistMax	1	MenuOffscrRendParam
camDistMin	1	MenuOffscrRendParam
camDistTarget	1	LockCamParam
camFov	1	MenuOffscrRendParam
camFovY	1	LockCamParam
camNearBehaviorType	1	AssetEnvironmentGeometryParam
camRotX	1	MenuOffscrRendParam
camRotXMax	1	MenuOffscrRendParam
camRotXMin	1	MenuOffscrRendParam
camRotY	1	MenuOffscrRendParam
cameraDitherFadeId	1	ChrModelParam
camouflageBeginDist	1	SpEffectVfxParam
camouflageEndDist	1	SpEffectVfxParam
camouflageMinAlpha	1	SpEffectVfxParam
canExecByFriendlyGhost	2	ItemLotParam_enemy,ItemLotParam_map
canExecByHostileGhost	2	ItemLotParam_enemy,ItemLotParam_map
canMixMapName	1	FeTextEffectParam
canMountWep_AxeLarge	1	EquipParamGem
canMountWep_AxeNormal	1	EquipParamGem
canMountWep_AxhammerLarge	1	EquipParamGem
canMountWep_Ballista	1	EquipParamGem
canMountWep_BeastClaw	1	EquipParamGem
canMountWep_BowLarge	1	EquipParamGem
canMountWep_BowNormal	1	EquipParamGem
canMountWep_BowSmall	1	EquipParamGem
canMountWep_Claw	1	EquipParamGem
canMountWep_ClossBow	1	EquipParamGem
canMountWep_Dagger	1	EquipParamGem
canMountWep_Flail	1	EquipParamGem
canMountWep_GreatKatana	1	EquipParamGem
canMountWep_HammerLarge	1	EquipParamGem
canMountWep_HammerNormal	1	EquipParamGem
canMountWep_HandToHand	1	EquipParamGem
canMountWep_Knuckle	1	EquipParamGem
canMountWep_LightGreatsword	1	EquipParamGem
canMountWep_PerfumeBottle	1	EquipParamGem
canMountWep_RapierHeavy	1	EquipParamGem
canMountWep_ReverseHandSword	1	EquipParamGem
canMountWep_SaberLarge	1	EquipParamGem
canMountWep_SaberNormal	1	EquipParamGem
canMountWep_ShieldLarge	1	EquipParamGem
canMountWep_ShieldNormal	1	EquipParamGem
canMountWep_ShieldSmall	1	EquipParamGem
canMountWep_Sickle	1	EquipParamGem
canMountWep_Sorcery	1	EquipParamGem
canMountWep_SpearAxe	1	EquipParamGem
canMountWep_SpearHeavy	1	EquipParamGem
canMountWep_SpearLarge	1	EquipParamGem
canMountWep_SpearNormal	1	EquipParamGem
canMountWep_Staff	1	EquipParamGem
canMountWep_SwordDoubleEdge	1	EquipParamGem
canMountWep_SwordGigantic	1	EquipParamGem
canMountWep_SwordLarge	1	EquipParamGem
canMountWep_SwordNormal	1	EquipParamGem
canMountWep_SwordPierce	1	EquipParamGem
canMountWep_Talisman	1	EquipParamGem
canMountWep_ThrowingWeapon	1	EquipParamGem
canMountWep_ThrustingShield	1	EquipParamGem
canMountWep_Torch	1	EquipParamGem
canMountWep_Whip	1	EquipParamGem
canMountWep_katana	1	EquipParamGem
canMultiUse	1	EquipParamGoods
cannotUseRiding	1	GestureParam
captionId	2	CharMakeMenuListItemParam,CharMakeMenuTopParam
caravanRole	1	NpcThinkParam
caricatureGeometry	2	FaceParam,FaceRangeParam
caricatureTexture	2	FaceParam,FaceRangeParam
castResonanceMagic	1	Magic
castSfxId	2	EquipParamGoods,Magic
castShadow	3	GrassTypeParam,GrassTypeParam_Lv1,GrassTypeParam_Lv2
category	3	ActionButtonParam,BehaviorParam,BehaviorParam_PC
categoryPriority	1	SpEffectParam
cellGroupBottomRange_0	1	NetworkParam
cellGroupBottomRange_1	1	NetworkParam
cellGroupBottomRange_2	1	NetworkParam
cellGroupHorizontalRange_0	1	NetworkParam
cellGroupHorizontalRange_1	1	NetworkParam
cellGroupHorizontalRange_2	1	NetworkParam
cellGroupHorizontalRange_3	1	NetworkParam
cellGroupTopRange_0	1	NetworkParam
cellGroupTopRange_1	1	NetworkParam
cellGroupTopRange_2	1	NetworkParam
cellGroupTopRange_3	1	NetworkParam
cellOffsetX	1	NetworkAreaParam
cellOffsetY	1	NetworkAreaParam
cellOffsetZ	1	NetworkAreaParam
cellSizeX	1	NetworkAreaParam
cellSizeY	1	NetworkAreaParam
cellSizeZ	1	NetworkAreaParam
changeAgilityPoint	1	SpEffectParam
changeBloodResistPoint	1	SpEffectParam
changeCurseResistPoint	1	SpEffectParam
changeDiseaseResistPoint	1	SpEffectParam
changeFaithPoint	1	SpEffectParam
changeFreezeResistPoint	1	SpEffectParam
changeHpEstusFlaskCorrectRate	1	SpEffectParam
changeHpEstusFlaskPoint	1	SpEffectParam
changeHpEstusFlaskRate	1	SpEffectParam
changeHpPoint	1	SpEffectParam
changeHpRate	1	SpEffectParam
changeLuckPoint	1	SpEffectParam
changeMadnessResistPoint	1	SpEffectParam
changeMagicPoint	1	SpEffectParam
changeMagicSlot	1	SpEffectParam
changeMiracleSlot	1	SpEffectParam
changeMpEstusFlaskCorrectRate	1	SpEffectParam
changeMpEstusFlaskPoint	1	SpEffectParam
changeMpEstusFlaskRate	1	SpEffectParam
changeMpPoint	1	SpEffectParam
changeMpRate	1	SpEffectParam
changePoisonResistPoint	1	SpEffectParam
changeSaPoint	1	SpEffectParam
changeSaRecoveryVelocity	1	SpEffectParam
changeSleepResistPoint	1	SpEffectParam
changeStaminaPoint	1	SpEffectParam
changeStaminaRate	1	SpEffectParam
changeStateAction_ToNormal	1	NpcThinkParam
changeStrengthPoint	1	SpEffectParam
changeSuperArmorPoint	1	SpEffectParam
changeTeamType	1	SpEffectParam
charaWetDecalFadeRange	1	GraphicsCommonParam
cheapFilterMode	3	Gconfig_MotionBlurQuality,Gconfig_MotionBlurQuality_ps4,Gconfig_MotionBlurQuality_xboxone
chrActivateConditionParamId	1	NpcParam
chrActivateDist_forLeavePC	1	GameSystemCommonParam
chrAimCam_rideOffsetHeight	1	PlayerCommonParam
chrAnimId	1	ObjActParam
chrBodyScaleAbdomen	2	FaceParam,FaceRangeParam
chrBodyScaleArm	1	FaceRangeParam
chrBodyScaleBreast	2	FaceParam,FaceRangeParam
chrBodyScaleHead	2	FaceParam,FaceRangeParam
chrBodyScaleLArm	1	FaceParam
chrBodyScaleLLeg	1	FaceParam
chrBodyScaleLeg	1	FaceRangeParam
chrBodyScaleRArm	1	FaceParam
chrBodyScaleRLeg	1	FaceParam
chrDeadTutorialFlagId	1	NpcParam
chrEventTrun_180TurnStartAngle	1	GameSystemCommonParam
chrEventTrun_90TurnStartAngle	1	GameSystemCommonParam
chrEventTrun_byLeft180	1	GameSystemCommonParam
chrEventTrun_byLeft90	1	GameSystemCommonParam
chrEventTrun_byRight180	1	GameSystemCommonParam
chrEventTrun_byRight90	1	GameSystemCommonParam
chrHitGroupAndNavimesh	1	NpcParam
chrHitHeight	1	NpcParam
chrHitRadius	1	NpcParam
chrId	1	RuntimeBoneControlParam
chrInitParam	1	BaseChrSelectMenuParam
chrLockRangeMaxRadius	1	LockCamParam
chrLockRangeMaxRadius_forD	1	LockCamParam
chrLockRangeMaxRadius_forPD	1	LockCamParam
chrNavimeshFlag_Alive	1	NpcParam
chrNavimeshFlag_Dead	1	NpcParam
chrOrgOffset_Y	1	LockCamParam
chrProxyHeightRate	1	SpEffectParam
chrSorbType	1	ObjActParam
chrTransChaseRateForNormal	1	LockCamParam
chrWetDisableEnemy	1	LoadBalancerParam
chrWetDisablePlayer	1	LoadBalancerParam
chrWetDisableRemotePlayer	1	LoadBalancerParam
clearCountCorrectBaseSpEffectId	1	PlayerCommonParam
clearSoul	1	SpEffectParam
clearTarget	1	SpEffectParam
clearedEventFlagId	2	BonfireWarpParam,WorldMapPointParam
client1SpEffectId	1	MultiPlayCorrectionParam
client2SpEffectId	1	MultiPlayCorrectionParam
client3SpEffectId	1	MultiPlayCorrectionParam
closeAngRange	1	LockCamParam
closeMaxHeight	1	LockCamParam
closeMaxRadius	1	LockCamParam
closeMaxRadius_forD	1	LockCamParam
closeMaxRadius_forPD	1	LockCamParam
closeMinHeight	1	LockCamParam
clothOffLodLevel	1	NpcParam
clothUpdateDist	1	AssetEnvironmentGeometryParam
clothUpdateOffset	1	NpcParam
collisionType	1	AssetEnvironmentGeometryParam
colorShade1_b	3	GrassTypeParam,GrassTypeParam_Lv1,GrassTypeParam_Lv2
colorShade1_g	3	GrassTypeParam,GrassTypeParam_Lv1,GrassTypeParam_Lv2
colorShade1_r	3	GrassTypeParam,GrassTypeParam_Lv1,GrassTypeParam_Lv2
colorShade2_b	3	GrassTypeParam,GrassTypeParam_Lv1,GrassTypeParam_Lv2
colorShade2_g	3	GrassTypeParam,GrassTypeParam_Lv1,GrassTypeParam_Lv2
colorShade2_r	3	GrassTypeParam,GrassTypeParam_Lv1,GrassTypeParam_Lv2
commandType	1	CharMakeMenuTopParam
compTrophySedId	3	EquipParamAccessory,EquipParamGem,EquipParamGoods
compareType	1	MenuValueTableParam
compassBonfireDispDistance	1	MenuCommonParam
compassEnemyHostInnerDistance	1	MenuCommonParam
compassFriendGuestInnerDistance	1	MenuCommonParam
compassFriendHostInnerDistance	1	MenuCommonParam
compassMemoDispDistance	1	MenuCommonParam
conditionHp	1	SpEffectParam
conditionHpRate	1	SpEffectParam
configurableWepAttr00	1	EquipParamGem
configurableWepAttr01	1	EquipParamGem
configurableWepAttr02	1	EquipParamGem
configurableWepAttr03	1	EquipParamGem
configurableWepAttr04	1	EquipParamGem
configurableWepAttr05	1	EquipParamGem
configurableWepAttr06	1	EquipParamGem
configurableWepAttr07	1	EquipParamGem
configurableWepAttr08	1	EquipParamGem
configurableWepAttr09	1	EquipParamGem
configurableWepAttr10	1	EquipParamGem
configurableWepAttr11	1	EquipParamGem
configurableWepAttr12	1	EquipParamGem
configurableWepAttr13	1	EquipParamGem
configurableWepAttr14	1	EquipParamGem
configurableWepAttr15	1	EquipParamGem
configurableWepAttr16	1	EquipParamGem
configurableWepAttr17	1	EquipParamGem
configurableWepAttr18	1	EquipParamGem
configurableWepAttr19	1	EquipParamGem
configurableWepAttr20	1	EquipParamGem
configurableWepAttr21	1	EquipParamGem
configurableWepAttr22	1	EquipParamGem
configurableWepAttr23	1	EquipParamGem
consumeDurability	2	BehaviorParam,BehaviorParam_PC
consumeHP	1	EquipParamGoods
consumeHeroPoint	1	EquipParamGoods
consumeLoopMP_forMenu	1	Magic
consumeMP	1	EquipParamGoods
consumeSA	3	BehaviorParam,BehaviorParam_PC,Magic
consumeStaminaRate	1	SpEffectParam
consumeType1	1	Magic
consumeType10	1	Magic
consumeType2	1	Magic
consumeType3	1	Magic
consumeType4	1	Magic
consumeType5	1	Magic
consumeType6	1	Magic
consumeType7	1	Magic
consumeType8	1	Magic
consumeType9	1	Magic
contactSeId	1	AssetEnvironmentGeometryParam
contractLifeRate	1	SpEffectParam
coopRing_RedHunter	2	HPEstusFlaskRecoveryParam,MPEstusFlaskRecoveryParam
coopSign_Berserker	2	HPEstusFlaskRecoveryParam,MPEstusFlaskRecoveryParam
coopSign_None	2	HPEstusFlaskRecoveryParam,MPEstusFlaskRecoveryParam
coopSign_Sinners	2	HPEstusFlaskRecoveryParam,MPEstusFlaskRecoveryParam
coopSign_Umbasa	2	HPEstusFlaskRecoveryParam,MPEstusFlaskRecoveryParam
corectSARecover	1	EquipParamProtector
correctAgility	1	EquipParamWeapon
correctAgilityRate	1	ReinforceParamWeapon
correctFaith	1	EquipParamWeapon
correctFaithRate	1	ReinforceParamWeapon
correctLuck	1	EquipParamWeapon
correctLuckRate	1	ReinforceParamWeapon
correctMagic	1	EquipParamWeapon
correctMagicRate	1	ReinforceParamWeapon
correctStrength	1	EquipParamWeapon
correctStrengthRate	1	ReinforceParamWeapon
correctType_Blood	1	EquipParamWeapon
correctType_Dark	1	EquipParamWeapon
correctType_Fire	1	EquipParamWeapon
correctType_Madness	1	EquipParamWeapon
correctType_Magic	1	EquipParamWeapon
correctType_Physics	1	EquipParamWeapon
correctType_Poison	1	EquipParamWeapon
correctType_Sleep	1	EquipParamWeapon
correctType_Thunder	1	EquipParamWeapon
correctionRate	1	ToughnessParam
corrosionIgnore	1	SpEffectParam
costType	2	ShopLineupParam,ShopLineupParam_Recipe
createLimitGroupId	2	Bullet,Magic
cs_reprojEnabledType	3	Gconfig_SSAOQuality,Gconfig_SSAOQuality_ps4,Gconfig_SSAOQuality_xboxone
cs_upScaleEnabledType	6	Gconfig_EffectQuality,Gconfig_EffectQuality_ps4,Gconfig_EffectQuality_xboxone,Gconfig_SSAOQuality,Gconfig_SSAOQuality_ps4,Gconfig_SSAOQuality_xboxone
cs_useNormalEnabledType	3	Gconfig_SSAOQuality,Gconfig_SSAOQuality_ps4,Gconfig_SSAOQuality_xboxone
ctrlType	1	RuntimeBoneControlParam
cultNpcWhiteGhostEntityId_byFree	1	PlayRegionParam
cumulateLotPoint01	2	ItemLotParam_enemy,ItemLotParam_map
cumulateLotPoint02	2	ItemLotParam_enemy,ItemLotParam_map
cumulateLotPoint03	2	ItemLotParam_enemy,ItemLotParam_map
cumulateLotPoint04	2	ItemLotParam_enemy,ItemLotParam_map
cumulateLotPoint05	2	ItemLotParam_enemy,ItemLotParam_map
cumulateLotPoint06	2	ItemLotParam_enemy,ItemLotParam_map
cumulateLotPoint07	2	ItemLotParam_enemy,ItemLotParam_map
cumulateLotPoint08	2	ItemLotParam_enemy,ItemLotParam_map
cumulateNumFlagId	2	ItemLotParam_enemy,ItemLotParam_map
cumulateNumMax	2	ItemLotParam_enemy,ItemLotParam_map
cumulateReset01	2	ItemLotParam_enemy,ItemLotParam_map
cumulateReset02	2	ItemLotParam_enemy,ItemLotParam_map
cumulateReset03	2	ItemLotParam_enemy,ItemLotParam_map
cumulateReset04	2	ItemLotParam_enemy,ItemLotParam_map
cumulateReset05	2	ItemLotParam_enemy,ItemLotParam_map
cumulateReset06	2	ItemLotParam_enemy,ItemLotParam_map
cumulateReset07	2	ItemLotParam_enemy,ItemLotParam_map
cumulateReset08	2	ItemLotParam_enemy,ItemLotParam_map
curseAttackPower	1	SpEffectParam
curseDefDamageRate	1	SpEffectParam
curseGuardResist	2	EquipParamWeapon,NpcParam
curseGuardResistRate	1	ReinforceParamWeapon
curseGuardResist_MaxCorrect	1	EquipParamWeapon
cutsceneKeyGuideAliveTime	1	MenuCommonParam
cycleOccurrenceSpEffectId	1	SpEffectParam
damageDamp	1	Bullet
damage_BlowM_ContTime	1	KnockBackParam
damage_BlowM_DecTime	1	KnockBackParam
damage_BlowS_ContTime	1	KnockBackParam
damage_BlowS_DecTime	1	KnockBackParam
damage_Breath_ContTime	1	KnockBackParam
damage_Breath_DecTime	1	KnockBackParam
damage_HeadShot_ContTime	1	KnockBackParam
damage_HeadShot_DecTime	1	KnockBackParam
damage_L_ContTime	1	KnockBackParam
damage_L_DecTime	1	KnockBackParam
damage_M_ContTime	1	KnockBackParam
damage_M_DecTime	1	KnockBackParam
damage_Min_ContTime	1	KnockBackParam
damage_Min_DecTime	1	KnockBackParam
damage_Push_ContTime	1	KnockBackParam
damage_Push_DecTime	1	KnockBackParam
damage_S_ContTime	1	KnockBackParam
damage_S_DecTime	1	KnockBackParam
damage_Strike_ContTime	1	KnockBackParam
damage_Strike_DecTime	1	KnockBackParam
damage_Uppercut_ContTime	1	KnockBackParam
damage_Uppercut_DecTime	1	KnockBackParam
darkAtkRate	1	ReinforceParamWeapon
darkAttackPower	1	SpEffectParam
darkAttackPowerRate	1	SpEffectParam
darkAttackRate	1	SpEffectParam
darkDamageCutRate	3	EquipParamProtector,NpcParam,SpEffectParam
darkDamageDamp	1	Bullet
darkDefRate	1	ReinforceParamProtector
darkDiffence	1	SpEffectParam
darkDiffenceRate	1	SpEffectParam
darkGuardCutRate	3	EquipParamWeapon,NpcParam,ReinforceParamWeapon
darkGuardCutRate_MaxCorrect	1	EquipParamWeapon
darkPhantomLimitBoostScale	1	NetworkParam
darkPhantomLimitBoostTime	1	NetworkParam
darkRate	1	FinalDamageRateParam
dashB	1	MoveParam
dashEscapeB	1	MoveParam
dashEscapeF	1	MoveParam
dashEscapeL	1	MoveParam
dashEscapeR	1	MoveParam
dashF	1	MoveParam
dashL	1	MoveParam
dashR	1	MoveParam
dbgBehaviorL1	1	NpcParam
dbgBehaviorL2	1	NpcParam
dbgBehaviorLD	1	NpcParam
dbgBehaviorLL	1	NpcParam
dbgBehaviorLR	1	NpcParam
dbgBehaviorLU	1	NpcParam
dbgBehaviorR1	1	NpcParam
dbgBehaviorR2	1	NpcParam
dbgBehaviorRD	1	NpcParam
dbgBehaviorRL	1	NpcParam
dbgBehaviorRR	1	NpcParam
dbgBehaviorRU	1	NpcParam
deactivateDist	1	NpcParam
deactiveMoveDist	1	NpcParam
deactiveMoveSpeed	1	NpcParam
deadingGhostStartPosThreshold	1	NetworkParam
debug_HeightCheckCapacityMax	1	AssetEnvironmentGeometryParam
debug_HeightCheckCapacityMin	1	AssetEnvironmentGeometryParam
debug_isHeightCheckEnable	1	AssetEnvironmentGeometryParam
decalBaseId1	2	AtkParam_Npc,AtkParam_Pc
decalBaseId2	2	AtkParam_Npc,AtkParam_Pc
decalId1	3	AtkParam_Npc,AtkParam_Pc,SpEffectVfxParam
decalId2	3	AtkParam_Npc,AtkParam_Pc,SpEffectVfxParam
decalPosOffsetX	1	MenuCommonParam
decalPosOffsetY	1	MenuCommonParam
decal_angle	2	FaceParam,FaceRangeParam
decal_color_B	2	FaceParam,FaceRangeParam
decal_color_G	2	FaceParam,FaceRangeParam
decal_color_R	2	FaceParam,FaceRangeParam
decal_gloss	2	FaceParam,FaceRangeParam
decal_mirror	2	FaceParam,FaceRangeParam
decal_partsId	2	FaceParam,FaceRangeParam
decal_posX	2	FaceParam,FaceRangeParam
decal_posY	2	FaceParam,FaceRangeParam
decal_scale	2	FaceParam,FaceRangeParam
defAdjustDmyId	1	RideParam
defAnimId	1	ThrowParam
defCheckDmyId	1	RideParam
defChrAnimId	1	RideParam
defChrId	1	RideParam
defEnemyDmgCorrectRate_Dark	1	SpEffectParam
defEnemyDmgCorrectRate_Fire	1	SpEffectParam
defEnemyDmgCorrectRate_Magic	1	SpEffectParam
defEnemyDmgCorrectRate_Physics	1	SpEffectParam
defEnemyDmgCorrectRate_Thunder	1	SpEffectParam
defFlickPower	3	EquipParamProtector,NpcParam,SpEffectParam
defMaterialVariationValue	1	EquipParamWeapon
defObjDmgCorrectRate	1	SpEffectParam
defObjectAttackPowerRate	1	SpEffectParam
defPlayerDmgCorrectRate_Dark	1	SpEffectParam
defPlayerDmgCorrectRate_Fire	1	SpEffectParam
defPlayerDmgCorrectRate_Magic	1	SpEffectParam
defPlayerDmgCorrectRate_Physics	1	SpEffectParam
defPlayerDmgCorrectRate_Thunder	1	SpEffectParam
defSeMaterial1	3	AtkParam_Npc,AtkParam_Pc,EquipParamWeapon
defSeMaterial2	3	AtkParam_Npc,AtkParam_Pc,EquipParamWeapon
defSfxMaterial1	3	AtkParam_Npc,AtkParam_Pc,EquipParamWeapon
defSfxMaterial2	3	AtkParam_Npc,AtkParam_Pc,EquipParamWeapon
defSfxMaterialVariationValue	2	AtkParam_Npc,AtkParam_Pc
defSorbDmyId	1	ThrowParam
def_blow	1	NpcParam
def_dark	1	NpcParam
def_fire	1	NpcParam
def_mag	1	NpcParam
def_phys	1	NpcParam
def_slash	1	NpcParam
def_thrust	1	NpcParam
def_thunder	1	NpcParam
defaultLodParamId	1	NpcParam
defaultWepAttr	1	EquipParamGem
defeatBossFlagId	1	GameAreaParam
defeatBossFlagId_forSignAimList	1	GameAreaParam
defeatMultiModeBossOfSoulCorrectRate_byHost	1	GameSystemCommonParam
defeatMultiModeBossOfSoulCorrectRate_byTeamGhost	1	GameSystemCommonParam
defeatMultiModeEnemyOfSoulCorrectRate_byHost	1	GameSystemCommonParam
defeatMultiModeEnemyOfSoulCorrectRate_byTeamGhost	1	GameSystemCommonParam
defense	1	AssetEnvironmentGeometryParam
defenseBaseParry	1	EquipParamWeapon
defenseBlow	1	EquipParamProtector
defenseDark	1	EquipParamProtector
defenseFire	1	EquipParamProtector
defenseMagic	1	EquipParamProtector
defenseMaterial1	1	EquipParamProtector
defenseMaterialSfx1	1	EquipParamProtector
defenseMaterialSfx2	1	EquipParamProtector
defenseMaterialSfx_Weak1	1	EquipParamProtector
defenseMaterialSfx_Weak2	1	EquipParamProtector
defenseMaterialVariationValue	1	EquipParamProtector
defenseMaterialVariationValue_Weak	1	EquipParamProtector
defenseMaterial_Weak1	1	EquipParamProtector
defenseMaterial_Weak2	1	EquipParamProtector
defensePhysics	1	EquipParamProtector
defenseSlash	1	EquipParamProtector
defenseThrust	1	EquipParamProtector
defenseThunder	1	EquipParamProtector
delayAppearFrame	1	DecalParam
deleteCriteriaDamage	1	SpEffectParam
depth	1	ActionButtonParam
dexterityCancelSystemOnlyAddDexterity	1	SpEffectParam
diffAngMax	1	RideParam
diffAngMin	1	RideParam
diffAngMyToDef	2	RideParam,ThrowParam
diffAngMyToDef_start	1	ThrowParam
diffMulColorA	1	PhantomParam
diffMulColorB	1	PhantomParam
diffMulColorG	1	PhantomParam
diffMulColorR	1	PhantomParam
diffuseColorB	1	DecalParam
diffuseColorG	1	DecalParam
diffuseColorR	1	DecalParam
diffuseTextureId	1	DecalParam
disableActivateLegacy_xb1	1	NpcParam
disableActivateOpen_xb1	1	NpcParam
disableBaseChangeReset	1	EquipParamWeapon
disableBlood	1	SpEffectParam
disableClothRigidHit	1	NpcParam
disableCurse	1	SpEffectParam
disableDark	1	NpcThinkParam
disableDisease	1	SpEffectParam
disableFallDamage	1	HitMtrlParam
disableFreeze	1	SpEffectParam
disableGemAttr	1	EquipParamWeapon
disableGuard	2	AtkParam_Npc,AtkParam_Pc
disableHitSpEffect	2	AtkParam_Npc,AtkParam_Pc
disableInitializeDead	1	NpcParam
disableLocalSteering	1	NpcThinkParam
disableLockOnAng	1	NpcParam
disableMadness	1	SpEffectParam
disableMultiDropShare	5	EquipParamAccessory,EquipParamGem,EquipParamGoods,EquipParamProtector,EquipParamWeapon
disableOffline	1	Magic
disableOnTargetPCompany	1	AiSoundParam
disablePCTargetShare	1	BuddyParam
disableParamReserve1	62	BaseChrSelectMenuParam,BonfireWarpParam,BonfireWarpSubCategoryParam,BonfireWarpTabParam,BuddyParam,BuddyStoneParam,ChrModelParam,CutSceneTextureLoadParam,CutsceneGparamTimeParam,CutsceneGparamWeatherParam,CutsceneMapIdParam,EquipParamAccessory,EquipParamGem,EquipParamGoods,EquipParamProtector,EquipParamWeapon,GameAreaParam,GestureParam,GparamRefSettings,KnowledgeLoadScreenItemParam,Magic,MapDefaultInfoParam,MapGdRegionDrawParam,MapGdRegionInfoParam,MapNameTexParam,MapNameTexParam_m61,MapPieceTexParam,MapPieceTexParam_m61,MimicryEstablishmentTexParam,MimicryEstablishmentTexParam_m61,MultiPlayCorrectionParam,NpcParam,NpcThinkParam,PlayRegionParam,RollingObjLotParam,SignPuddleParam,SoundChrPhysicsSeParam,SoundCutsceneParam,SwordArtsParam,TalkParam,TutorialParam,WeatherLotParam,WeatherLotTexParam,WeatherLotTexParam_m61,WepAbsorpPosParam,WorldMapLegacyConvParam,WorldMapPieceParam,WorldMapPlaceNameParam,WorldMapPointParam,WwiseValueToStrParam_BgmBossChrIdConv,WwiseValueToStrParam_EnvPlaceType,WwiseValueToStrParam_Switch_AttackStrength,WwiseValueToStrParam_Switch_AttackType,WwiseValueToStrParam_Switch_DamageAmount,WwiseValueToStrParam_Switch_DeffensiveMaterial,WwiseValueToStrParam_Switch_GrassHitType,WwiseValueToStrParam_Switch_HitStop,WwiseValueToStrParam_Switch_OffensiveMaterial,WwiseValueToStrParam_Switch_PlayerEquipmentBottoms,WwiseValueToStrParam_Switch_PlayerEquipmentTops,WwiseValueToStrParam_Switch_PlayerShoes,WwiseValueToStrParam_Switch_PlayerVoiceType
disableParamReserve2	62	BaseChrSelectMenuParam,BonfireWarpParam,BonfireWarpSubCategoryParam,BonfireWarpTabParam,BuddyParam,BuddyStoneParam,ChrModelParam,CutSceneTextureLoadParam,CutsceneGparamTimeParam,CutsceneGparamWeatherParam,CutsceneMapIdParam,EquipParamAccessory,EquipParamGem,EquipParamGoods,EquipParamProtector,EquipParamWeapon,GameAreaParam,GestureParam,GparamRefSettings,KnowledgeLoadScreenItemParam,Magic,MapDefaultInfoParam,MapGdRegionDrawParam,MapGdRegionInfoParam,MapNameTexParam,MapNameTexParam_m61,MapPieceTexParam,MapPieceTexParam_m61,MimicryEstablishmentTexParam,MimicryEstablishmentTexParam_m61,MultiPlayCorrectionParam,NpcParam,NpcThinkParam,PlayRegionParam,RollingObjLotParam,SignPuddleParam,SoundChrPhysicsSeParam,SoundCutsceneParam,SwordArtsParam,TalkParam,TutorialParam,WeatherLotParam,WeatherLotTexParam,WeatherLotTexParam_m61,WepAbsorpPosParam,WorldMapLegacyConvParam,WorldMapPieceParam,WorldMapPlaceNameParam,WorldMapPointParam,WwiseValueToStrParam_BgmBossChrIdConv,WwiseValueToStrParam_EnvPlaceType,WwiseValueToStrParam_Switch_AttackStrength,WwiseValueToStrParam_Switch_AttackType,WwiseValueToStrParam_Switch_DamageAmount,WwiseValueToStrParam_Switch_DeffensiveMaterial,WwiseValueToStrParam_Switch_GrassHitType,WwiseValueToStrParam_Switch_HitStop,WwiseValueToStrParam_Switch_OffensiveMaterial,WwiseValueToStrParam_Switch_PlayerEquipmentBottoms,WwiseValueToStrParam_Switch_PlayerEquipmentTops,WwiseValueToStrParam_Switch_PlayerShoes,WwiseValueToStrParam_Switch_PlayerVoiceType
disableParam_Debug	4	CutSceneTextureLoadParam,CutsceneGparamTimeParam,CutsceneGparamWeatherParam,CutsceneMapIdParam
disableParam_NT	62	BaseChrSelectMenuParam,BonfireWarpParam,BonfireWarpSubCategoryParam,BonfireWarpTabParam,BuddyParam,BuddyStoneParam,ChrModelParam,CutSceneTextureLoadParam,CutsceneGparamTimeParam,CutsceneGparamWeatherParam,CutsceneMapIdParam,EquipParamAccessory,EquipParamGem,EquipParamGoods,EquipParamProtector,EquipParamWeapon,GameAreaParam,GestureParam,GparamRefSettings,KnowledgeLoadScreenItemParam,Magic,MapDefaultInfoParam,MapGdRegionDrawParam,MapGdRegionInfoParam,MapNameTexParam,MapNameTexParam_m61,MapPieceTexParam,MapPieceTexParam_m61,MimicryEstablishmentTexParam,MimicryEstablishmentTexParam_m61,MultiPlayCorrectionParam,NpcParam,NpcThinkParam,PlayRegionParam,RollingObjLotParam,SignPuddleParam,SoundChrPhysicsSeParam,SoundCutsceneParam,SwordArtsParam,TalkParam,TutorialParam,WeatherLotParam,WeatherLotTexParam,WeatherLotTexParam_m61,WepAbsorpPosParam,WorldMapLegacyConvParam,WorldMapPieceParam,WorldMapPlaceNameParam,WorldMapPointParam,WwiseValueToStrParam_BgmBossChrIdConv,WwiseValueToStrParam_EnvPlaceType,WwiseValueToStrParam_Switch_AttackStrength,WwiseValueToStrParam_Switch_AttackType,WwiseValueToStrParam_Switch_DamageAmount,WwiseValueToStrParam_Switch_DeffensiveMaterial,WwiseValueToStrParam_Switch_GrassHitType,WwiseValueToStrParam_Switch_HitStop,WwiseValueToStrParam_Switch_OffensiveMaterial,WwiseValueToStrParam_Switch_PlayerEquipmentBottoms,WwiseValueToStrParam_Switch_PlayerEquipmentTops,WwiseValueToStrParam_Switch_PlayerShoes,WwiseValueToStrParam_Switch_PlayerVoiceType
disablePathMove	1	NpcThinkParam
disablePoison	1	SpEffectParam
disableRepair	1	EquipParamWeapon
disableRespawn	1	NpcParam
disableRiding	2	EquipParamGoods,Magic
disableSleep	1	SpEffectParam
disableStaminaAttack	2	AtkParam_Npc,AtkParam_Pc
disableUseAtColiseum	1	EquipParamGoods
disableUseAtOutOfColiseum	1	EquipParamGoods
disable_offline	1	EquipParamGoods
diseaseAttackPower	1	SpEffectParam
diseaseDefDamageRate	1	SpEffectParam
diseaseGuardResist	2	EquipParamWeapon,NpcParam
diseaseGuardResistRate	1	ReinforceParamWeapon
diseaseGuardResist_MaxCorrect	1	EquipParamWeapon
dispIconNonactive	1	SpEffectParam
dispMask00	3	BonfireWarpParam,PlayRegionParam,WorldMapPointParam
dispMask01	3	BonfireWarpParam,PlayRegionParam,WorldMapPointParam
dispMask02	2	BonfireWarpParam,WorldMapPointParam
dispMinZoomStep	2	BonfireWarpParam,WorldMapPointParam
dispPosType_leftBoth_0	1	WepAbsorpPosParam
dispPosType_leftBoth_1	1	WepAbsorpPosParam
dispPosType_leftBoth_2	1	WepAbsorpPosParam
dispPosType_leftBoth_3	1	WepAbsorpPosParam
dispPosType_leftHang_0	1	WepAbsorpPosParam
dispPosType_leftHang_1	1	WepAbsorpPosParam
dispPosType_leftHang_2	1	WepAbsorpPosParam
dispPosType_leftHang_3	1	WepAbsorpPosParam
dispPosType_left_0	1	WepAbsorpPosParam
dispPosType_left_1	1	WepAbsorpPosParam
dispPosType_left_2	1	WepAbsorpPosParam
dispPosType_left_3	1	WepAbsorpPosParam
dispPosType_rightBoth_0	1	WepAbsorpPosParam
dispPosType_rightBoth_1	1	WepAbsorpPosParam
dispPosType_rightBoth_2	1	WepAbsorpPosParam
dispPosType_rightBoth_3	1	WepAbsorpPosParam
dispPosType_rightHang_0	1	WepAbsorpPosParam
dispPosType_rightHang_1	1	WepAbsorpPosParam
dispPosType_rightHang_2	1	WepAbsorpPosParam
dispPosType_rightHang_3	1	WepAbsorpPosParam
dispPosType_right_0	1	WepAbsorpPosParam
dispPosType_right_1	1	WepAbsorpPosParam
dispPosType_right_2	1	WepAbsorpPosParam
dispPosType_right_3	1	WepAbsorpPosParam
displayAimFlagId	1	GameAreaParam
displayMinTime	1	TutorialParam
displayTime	1	TutorialParam
dist	2	Bullet,RideParam
distThinOutCheckAngleDeg	1	DecalParam
distThinOutCheckDist	1	DecalParam
distThinOutCheckNum	1	DecalParam
distThinOutMaxNum	1	DecalParam
distValCalcType	1	SoundAutoReverbEvaluationDistParam
distViewEventFlagId	1	WorldMapPointParam
distViewIconId	1	WorldMapPointParam
distViewId	1	WorldMapPointParam
distViewId1	1	WorldMapPointParam
distViewId2	1	WorldMapPointParam
distViewId3	1	WorldMapPointParam
distanceOfBeginRecordVersus	1	NetworkParam
distanceOfEndRecordVersus	1	NetworkParam
distortionEnable	3	Gconfig_EffectQuality,Gconfig_EffectQuality_ps4,Gconfig_EffectQuality_xboxone
distributionType	3	GrassTypeParam,GrassTypeParam_Lv1,GrassTypeParam_Lv2
dithering	3	GrassTypeParam,GrassTypeParam_Lv1,GrassTypeParam_Lv2
dlcGameClearSpEffectID	1	NpcParam
dmgCalcSide	1	Bullet
dmgHitRecordLifeTime	1	Bullet
dmgLevel	2	AtkParam_Npc,AtkParam_Pc
dmgLevel_vsPlayer	2	AtkParam_Npc,AtkParam_Pc
dmgLv_BlowLL	1	SpEffectParam
dmgLv_BlowM	1	SpEffectParam
dmgLv_BlowS	1	SpEffectParam
dmgLv_Breath	1	SpEffectParam
dmgLv_L	1	SpEffectParam
dmgLv_M	1	SpEffectParam
dmgLv_Min	1	SpEffectParam
dmgLv_None	1	SpEffectParam
dmgLv_Push	1	SpEffectParam
dmgLv_S	1	SpEffectParam
dmgLv_Strike	1	SpEffectParam
dmgLv_Uppercut	1	SpEffectParam
dmy	34	Gconfig_AAQuality,Gconfig_AAQuality_ps4,Gconfig_AAQuality_xboxone,Gconfig_DOFQuality,Gconfig_DOFQuality_ps4,Gconfig_DOFQuality_xboxone,Gconfig_DecalQuality,Gconfig_EffectQuality,Gconfig_EffectQuality_ps4,Gconfig_EffectQuality_xboxone,Gconfig_LightingQuality,Gconfig_LightingQuality_ps4,Gconfig_LightingQuality_ps5,Gconfig_LightingQuality_scarlett,Gconfig_LightingQuality_xboxone,Gconfig_ReflectionQuality,Gconfig_ReflectionQuality_ps4,Gconfig_ReflectionQuality_xboxone,Gconfig_SSAOQuality,Gconfig_SSAOQuality_ps4,Gconfig_SSAOQuality_xboxone,Gconfig_ShaderQuality,Gconfig_ShaderQuality_ps4,Gconfig_ShaderQuality_xboxone,Gconfig_ShadowQuality,Gconfig_ShadowQuality_ps4,Gconfig_ShadowQuality_xboxone,Gconfig_TextureFilterQuality,Gconfig_TextureFilterQuality_ps4,Gconfig_TextureFilterQuality_xboxone,Gconfig_VolumetricEffectQuality,Gconfig_VolumetricEffectQuality_ps4,Gconfig_VolumetricEffectQuality_xboxone,Gconfig_WaterQuality
dmy2	3	Gconfig_ReflectionQuality,Gconfig_ReflectionQuality_ps4,Gconfig_ReflectionQuality_xboxone
dmyHasChrDirType	1	ThrowParam
dmypolyCategory	1	DecalParam
dmypolyId	2	DecalParam,SpEffectParam
dmypolyId_0	1	AssetModelSfxParam
dmypolyId_1	1	AssetModelSfxParam
dmypolyId_2	1	AssetModelSfxParam
dmypolyId_3	1	AssetModelSfxParam
dmypolyId_4	1	AssetModelSfxParam
dmypolyId_5	1	AssetModelSfxParam
dmypolyId_6	1	AssetModelSfxParam
dmypolyId_7	1	AssetModelSfxParam
doesAlwaysUseSpecialTurn	1	NpcParam
dontDeleteOnDead	1	SpEffectParam
doorInvalidPlayAreaExtents	1	NetworkParam
dopingSpEffectId	1	BuddyStoneParam
dopingSpEffect_lv0	1	BuddyParam
dopingSpEffect_lv1	1	BuddyParam
dopingSpEffect_lv10	1	BuddyParam
dopingSpEffect_lv2	1	BuddyParam
dopingSpEffect_lv3	1	BuddyParam
dopingSpEffect_lv4	1	BuddyParam
dopingSpEffect_lv5	1	BuddyParam
dopingSpEffect_lv6	1	BuddyParam
dopingSpEffect_lv7	1	BuddyParam
dopingSpEffect_lv8	1	BuddyParam
dopingSpEffect_lv9	1	BuddyParam
downAfterChangeSleep	1	LoadBalancerParam
downloadEvaluationSpan	1	NetworkParam
downloadSpan_0	1	NetworkParam
downloadSpan_1	1	NetworkParam
dragonKeywordLimitTimeScale	1	NetworkParam
drawByReflectCam	1	PartsDrawParam
drawDist	1	PartsDrawParam
drawFadeRange	1	PartsDrawParam
drawOnlyReflectCam	1	PartsDrawParam
drawType	1	NpcParam
dropType	1	NpcParam
dstAreaNo	1	WorldMapLegacyConvParam
dstGridXNo	1	WorldMapLegacyConvParam
dstGridZNo	1	WorldMapLegacyConvParam
dstPosX	1	WorldMapLegacyConvParam
dstPosY	1	WorldMapLegacyConvParam
dstPosZ	1	WorldMapLegacyConvParam
dummy	3	CameraFadeParam,DefaultKeyAssign,NetworkAreaParam
dummyPoly1	1	ActionButtonParam
dummyPoly2	1	ActionButtonParam
durability	2	EquipParamProtector,EquipParamWeapon
durabilityMax	2	EquipParamProtector,EquipParamWeapon
dynamicResolution	1	LoadBalancerParam
dynamicResolutionPercentageMax	1	LoadBalancerParam
dynamicResolutionPercentageMin	1	LoadBalancerParam
ear_dist	1	NpcThinkParam
ear_listenLevel	1	NpcThinkParam
ear_soundcut_dist	1	NpcThinkParam
edgeColorA	1	PhantomParam
edgeColorB	1	PhantomParam
edgeColorG	1	PhantomParam
edgeColorR	1	PhantomParam
edgePower	1	PhantomParam
effectEndDeleteDecalGroupId	1	SpEffectParam
effectEndurance	1	SpEffectParam
effectInvisibleAtCamouflage	1	SpEffectVfxParam
effectSfxId	2	EquipParamGoods,Magic
effectTargetAI	1	SpEffectParam
effectTargetAttacker	1	SpEffectParam
effectTargetEnemy	1	SpEffectParam
effectTargetFriend	1	SpEffectParam
effectTargetFriendlyTarget	1	SpEffectParam
effectTargetGhost	1	SpEffectParam
effectTargetLive	1	SpEffectParam
effectTargetOpposeTarget	1	SpEffectParam
effectTargetPcDeceased	1	SpEffectParam
effectTargetPcHorse	1	SpEffectParam
effectTargetPlayer	1	SpEffectParam
effectTargetSelf	1	SpEffectParam
effectTargetSelfTarget	1	SpEffectParam
effectType	1	SpEffectVfxParam
eliminateTargetEntityId	1	BuddyStoneParam
elixir_material00	1	CharaInitParam
elixir_material01	1	CharaInitParam
elixir_material02	1	CharaInitParam
emissiveColorB	1	DecalParam
emissiveColorG	1	DecalParam
emissiveColorR	1	DecalParam
emissiveTextureId	1	DecalParam
emissiveTime	1	DecalParam
emissiveValueBegin	1	DecalParam
emissiveValueEnd	1	DecalParam
enableAILockDmyPoly_212	1	NpcParam
enableAILockDmyPoly_213	1	NpcParam
enableAILockDmyPoly_214	1	NpcParam
enableBloodMessage	2	NetworkAreaParam,PlayRegionParam
enableBloodstain	2	NetworkAreaParam,PlayRegionParam
enableBreakInSearch	1	NetworkAreaParam
enableCharm	1	SpEffectParam
enableCrossFade	1	PartsDrawParam
enableGemRank	1	ReinforceParamWeapon
enableGhost	2	NetworkAreaParam,PlayRegionParam
enableGuard	1	EquipParamWeapon
enableJumpMove	1	NpcThinkParam
enableJumpMove_onBattle	1	NpcThinkParam
enableLifeTime	2	SoundAutoReverbEvaluationDistParam,SpEffectParam
enableLuck01	2	ItemLotParam_enemy,ItemLotParam_map
enableLuck02	2	ItemLotParam_enemy,ItemLotParam_map
enableLuck03	2	ItemLotParam_enemy,ItemLotParam_map
enableLuck04	2	ItemLotParam_enemy,ItemLotParam_map
enableLuck05	2	ItemLotParam_enemy,ItemLotParam_map
enableLuck06	2	ItemLotParam_enemy,ItemLotParam_map
enableLuck07	2	ItemLotParam_enemy,ItemLotParam_map
enableLuck08	2	ItemLotParam_enemy,ItemLotParam_map
enableMagic	1	EquipParamWeapon
enableMiracle	1	EquipParamWeapon
enableMouseConfig	1	KeyAssignMenuItemParam
enableMultiPlay	1	NetworkAreaParam
enableNaviFlg_Door	1	NpcThinkParam
enableNaviFlg_Edge	1	NpcThinkParam
enableNaviFlg_Edge_Ordinary	1	NpcThinkParam
enableNaviFlg_Hole	1	NpcThinkParam
enableNaviFlg_InSideWall	1	NpcThinkParam
enableNaviFlg_Ladder	1	NpcThinkParam
enableNaviFlg_LargeSpace	1	NpcThinkParam
enableNaviFlg_Lava	1	NpcThinkParam
enableNaviFlg_reserve1	1	NpcThinkParam
enablePS4_0	1	DefaultKeyAssign
enablePS4_1	1	DefaultKeyAssign
enablePS4_2	1	DefaultKeyAssign
enablePS4_3	1	DefaultKeyAssign
enablePS4_4	1	DefaultKeyAssign
enablePS4_5	1	DefaultKeyAssign
enablePS4_6	1	DefaultKeyAssign
enablePS4_7	1	DefaultKeyAssign
enablePadConfig	1	KeyAssignMenuItemParam
enableParry	1	EquipParamWeapon
enableRaytraceAO	3	Gconfig_RaytracingQuality,Gconfig_RaytracingQuality_ps5,Gconfig_RaytracingQuality_scarlett
enableRaytraceShadows	3	Gconfig_RaytracingQuality,Gconfig_RaytracingQuality_ps5,Gconfig_RaytracingQuality_scarlett
enableRiding	2	EquipParamGoods,Magic
enableRingSearch	1	NetworkAreaParam
enableSorcery	1	EquipParamWeapon
enableSoundObjDist	1	NpcParam
enableThrow	1	EquipParamWeapon
enableTreasureDelaySec	1	ObjActParam
enableUnassign	1	KeyAssignMenuItemParam
enableVowMagic	1	EquipParamWeapon
enableWeaponOnOff	1	NpcThinkParam
enableWin64_0	1	DefaultKeyAssign
enableWin64_1	1	DefaultKeyAssign
enableWin64_2	1	DefaultKeyAssign
enableWin64_3	1	DefaultKeyAssign
enableWin64_4	1	DefaultKeyAssign
enableWin64_5	1	DefaultKeyAssign
enableWin64_6	1	DefaultKeyAssign
enableWin64_7	1	DefaultKeyAssign
enableXboxOne_0	1	DefaultKeyAssign
enableXboxOne_1	1	DefaultKeyAssign
enableXboxOne_2	1	DefaultKeyAssign
enableXboxOne_3	1	DefaultKeyAssign
enableXboxOne_4	1	DefaultKeyAssign
enableXboxOne_5	1	DefaultKeyAssign
enableXboxOne_6	1	DefaultKeyAssign
enableXboxOne_7	1	DefaultKeyAssign
enable_ActiveBigRune	1	EquipParamGoods
enable_Ladder	1	EquipParamGoods
enable_friendly	2	EquipParamGoods,Magic
enable_gray	2	EquipParamGoods,Magic
enable_hostile	2	EquipParamGoods,Magic
enable_live	2	EquipParamGoods,Magic
enable_multi	2	EquipParamGoods,Magic
enable_multi_only	1	Magic
enabled	19	Gconfig_AAQuality,Gconfig_AAQuality_ps4,Gconfig_AAQuality_xboxone,Gconfig_DOFQuality,Gconfig_DOFQuality_ps4,Gconfig_DOFQuality_xboxone,Gconfig_DecalQuality,Gconfig_MotionBlurQuality,Gconfig_MotionBlurQuality_ps4,Gconfig_MotionBlurQuality_xboxone,Gconfig_ReflectionQuality,Gconfig_ReflectionQuality_ps4,Gconfig_ReflectionQuality_xboxone,Gconfig_SSAOQuality,Gconfig_SSAOQuality_ps4,Gconfig_SSAOQuality_xboxone,Gconfig_ShadowQuality,Gconfig_ShadowQuality_ps4,Gconfig_ShadowQuality_xboxone
enchantEndDmyId_0	1	SpEffectVfxParam
enchantEndDmyId_1	1	SpEffectVfxParam
enchantEndDmyId_2	1	SpEffectVfxParam
enchantEndDmyId_3	1	SpEffectVfxParam
enchantEndDmyId_4	1	SpEffectVfxParam
enchantEndDmyId_5	1	SpEffectVfxParam
enchantEndDmyId_6	1	SpEffectVfxParam
enchantEndDmyId_7	1	SpEffectVfxParam
enchantSfxSize	1	EquipParamWeapon
enchantStartDmyId_0	1	SpEffectVfxParam
enchantStartDmyId_1	1	SpEffectVfxParam
enchantStartDmyId_2	1	SpEffectVfxParam
enchantStartDmyId_3	1	SpEffectVfxParam
enchantStartDmyId_4	1	SpEffectVfxParam
enchantStartDmyId_5	1	SpEffectVfxParam
enchantStartDmyId_6	1	SpEffectVfxParam
enchantStartDmyId_7	1	SpEffectVfxParam
endIntpTextureId	1	DecalParam
endPad	3	GameSystemCommonParam,SignPuddleParam,SignPuddleSubCategoryParam
enemyDetectionSpEffect_BulletId_byCoopRing_RedHunter	1	GameSystemCommonParam
enemyDetectionSpEffect_BulletId_byInvadeOrb_None	1	GameSystemCommonParam
enemyDetectionSpEffect_BulletId_byNpcEnemy	1	GameSystemCommonParam
enemyDetectionSpEffect_ShootBulletDummypolyId	1	GameSystemCommonParam
enemyHpGaugeScreenOffset_byUp	1	GameSystemCommonParam
enemySpEffectIdAfterSleepCollectorItemLot	1	GameSystemCommonParam
enemyTagSafeBottom	1	MenuCommonParam
enemyTagSafeLeft	1	MenuCommonParam
enemyTagSafeRight	1	MenuCommonParam
enemyTagSafeTop	1	MenuCommonParam
entryFEType	1	WorldMapPointParam
envTexId	1	MenuOffscrRendParam
equipId	2	ShopLineupParam,ShopLineupParam_Recipe
equipModelCategory	4	ChrEquipModelParam,EquipParamAccessory,EquipParamProtector,EquipParamWeapon
equipModelGender	4	ChrEquipModelParam,EquipParamAccessory,EquipParamProtector,EquipParamWeapon
equipModelId	4	ChrEquipModelParam,EquipParamAccessory,EquipParamProtector,EquipParamWeapon
equipType	2	ShopLineupParam,ShopLineupParam_Recipe
equipWeightChangeRate	1	SpEffectParam
equip_Accessory01	1	CharaInitParam
equip_Accessory02	1	CharaInitParam
equip_Accessory03	1	CharaInitParam
equip_Accessory04	1	CharaInitParam
equip_Armer	1	CharaInitParam
equip_Arrow	1	CharaInitParam
equip_Bolt	1	CharaInitParam
equip_Gaunt	1	CharaInitParam
equip_Helm	1	CharaInitParam
equip_Leg	1	CharaInitParam
equip_Spell_01	1	CharaInitParam
equip_Spell_02	1	CharaInitParam
equip_Spell_03	1	CharaInitParam
equip_Spell_04	1	CharaInitParam
equip_Spell_05	1	CharaInitParam
equip_Spell_06	1	CharaInitParam
equip_Spell_07	1	CharaInitParam
equip_SubArrow	1	CharaInitParam
equip_SubBolt	1	CharaInitParam
equip_Subwep_Left	1	CharaInitParam
equip_Subwep_Left3	1	CharaInitParam
equip_Subwep_Right	1	CharaInitParam
equip_Subwep_Right3	1	CharaInitParam
equip_Wep_Left	1	CharaInitParam
equip_Wep_Right	1	CharaInitParam
eraseOnBonfireRecover	1	SpEffectParam
escHp	1	ThrowParam
escapeB	1	MoveParam
escapeF	1	MoveParam
escapeL	1	MoveParam
escapeR	1	MoveParam
estusFlaskAllocateRate	1	PlayerCommonParam
estusFlaskLotPoint	1	NpcParam
estusFlaskRecoveryParamId	1	NpcParam
estusFlaskRecovery_AbsorptionProductionSfxId_byHp	1	GameSystemCommonParam
estusFlaskRecovery_AbsorptionProductionSfxId_byMp	1	GameSystemCommonParam
estusFlaskRecovery_AddEstusTime	1	GameSystemCommonParam
estusFlaskRecovery_failedLotPointAdd	1	NpcParam
eventFlagId	1	WorldMapPointParam
eventFlag_forRelease	2	ShopLineupParam,ShopLineupParam_Recipe
eventFlag_forStock	2	ShopLineupParam,ShopLineupParam_Recipe
eventId	1	TalkParam
eventKickTiming	1	ObjActParam
eventLayerId	1	Ceremony
eventflagId	1	BonfireWarpParam
excludeActivateRatio_PS4_Grid	1	AssetEnvironmentGeometryParam
excludeActivateRatio_PS4_Legacy	1	AssetEnvironmentGeometryParam
excludeActivateRatio_Xboxone_Grid	1	AssetEnvironmentGeometryParam
excludeActivateRatio_Xboxone_Legacy	1	AssetEnvironmentGeometryParam
excludeGroupRewardCheck	1	NpcParam
excludeThreatLvNotify	2	AtkParam_Npc,AtkParam_Pc
execInvalidTime	1	ActionButtonParam
existEffectForLarge	1	SpEffectVfxParam
existEffectForSoul	1	SpEffectVfxParam
expDelay	1	Bullet
extendLifeRate	1	SpEffectParam
externalForce	1	Bullet
eyeL_cataract	2	FaceParam,FaceRangeParam
eyeL_cataractColor_B	2	FaceParam,FaceRangeParam
eyeL_cataractColor_G	2	FaceParam,FaceRangeParam
eyeL_cataractColor_R	2	FaceParam,FaceRangeParam
eyeL_irisColor_B	2	FaceParam,FaceRangeParam
eyeL_irisColor_G	2	FaceParam,FaceRangeParam
eyeL_irisColor_R	2	FaceParam,FaceRangeParam
eyeL_irisDistance	2	FaceParam,FaceRangeParam
eyeL_irisScale	2	FaceParam,FaceRangeParam
eyeL_scleraColor_B	2	FaceParam,FaceRangeParam
eyeL_scleraColor_G	2	FaceParam,FaceRangeParam
eyeL_scleraColor_R	2	FaceParam,FaceRangeParam
eyeR_cataract	2	FaceParam,FaceRangeParam
eyeR_cataractColor_B	2	FaceParam,FaceRangeParam
eyeR_cataractColor_G	2	FaceParam,FaceRangeParam
eyeR_cataractColor_R	2	FaceParam,FaceRangeParam
eyeR_irisColor_B	2	FaceParam,FaceRangeParam
eyeR_irisColor_G	2	FaceParam,FaceRangeParam
eyeR_irisColor_R	2	FaceParam,FaceRangeParam
eyeR_irisDistance	2	FaceParam,FaceRangeParam
eyeR_irisScale	2	FaceParam,FaceRangeParam
eyeR_scleraColor_B	2	FaceParam,FaceRangeParam
eyeR_scleraColor_G	2	FaceParam,FaceRangeParam
eyeR_scleraColor_R	2	FaceParam,FaceRangeParam
eye_BackOffsetDist	1	NpcThinkParam
eye_BeginDist	1	NpcThinkParam
eye_angX	2	NpcThinkParam,SpEffectParam
eye_angY	2	NpcThinkParam,SpEffectParam
eye_dist	1	NpcThinkParam
eye_partsId	2	FaceParam,FaceRangeParam
eyebrow_color_B	2	FaceParam,FaceRangeParam
eyebrow_color_G	2	FaceParam,FaceRangeParam
eyebrow_color_R	2	FaceParam,FaceRangeParam
eyebrow_partsId	2	FaceParam,FaceRangeParam
eyebrow_rootBlack	2	FaceParam,FaceRangeParam
eyebrow_shininess	2	FaceParam,FaceRangeParam
eyebrow_whiteDensity	2	FaceParam,FaceRangeParam
eyelash_color_B	2	FaceParam,FaceRangeParam
eyelash_color_G	2	FaceParam,FaceRangeParam
eyelash_color_R	2	FaceParam,FaceRangeParam
eyelash_partsId	2	FaceParam,FaceRangeParam
ezStateBehaviorType	1	Magic
ezStateBehaviorType_old	2	BehaviorParam,BehaviorParam_PC
fEmitSpanScale	3	Gconfig_EffectQuality,Gconfig_EffectQuality_ps4,Gconfig_EffectQuality_xboxone
fLodDistance1Scale	3	Gconfig_EffectQuality,Gconfig_EffectQuality_ps4,Gconfig_EffectQuality_xboxone
fLodDistance2Scale	3	Gconfig_EffectQuality,Gconfig_EffectQuality_ps4,Gconfig_EffectQuality_xboxone
fLodDistance3Scale	3	Gconfig_EffectQuality,Gconfig_EffectQuality_ps4,Gconfig_EffectQuality_xboxone
fLodDistance4Scale	3	Gconfig_EffectQuality,Gconfig_EffectQuality_ps4,Gconfig_EffectQuality_xboxone
fNumOnceEmitsScale	3	Gconfig_EffectQuality,Gconfig_EffectQuality_ps4,Gconfig_EffectQuality_xboxone
fScaleRenderDistanceScale	3	Gconfig_EffectQuality,Gconfig_EffectQuality_ps4,Gconfig_EffectQuality_xboxone
faceGeoAsymData00	1	FaceParam
faceGeoAsymData01	1	FaceParam
faceGeoAsymData02	1	FaceParam
faceGeoAsymData03	1	FaceParam
faceGeoAsymData04	1	FaceParam
faceGeoAsymData05	1	FaceParam
faceGeoAsymData06	1	FaceParam
faceGeoAsymData07	1	FaceParam
faceGeoAsymData08	1	FaceParam
faceGeoAsymData09	1	FaceParam
faceGeoAsymData10	1	FaceParam
faceGeoAsymData11	1	FaceParam
faceGeoAsymData12	1	FaceParam
faceGeoAsymData13	1	FaceParam
faceGeoAsymData14	1	FaceParam
faceGeoAsymData15	1	FaceParam
faceGeoAsymData16	1	FaceParam
faceGeoAsymData17	1	FaceParam
faceGeoAsymData18	1	FaceParam
faceGeoAsymData19	1	FaceParam
faceGeoAsymData20	1	FaceParam
faceGeoAsymData21	1	FaceParam
faceGeoAsymData22	1	FaceParam
faceGeoAsymData23	1	FaceParam
faceGeoAsymData24	1	FaceParam
faceGeoAsymData25	1	FaceParam
faceGeoData00	2	FaceParam,FaceRangeParam
faceGeoData01	2	FaceParam,FaceRangeParam
faceGeoData02	2	FaceParam,FaceRangeParam
faceGeoData03	2	FaceParam,FaceRangeParam
faceGeoData04	2	FaceParam,FaceRangeParam
faceGeoData05	2	FaceParam,FaceRangeParam
faceGeoData06	2	FaceParam,FaceRangeParam
faceGeoData07	2	FaceParam,FaceRangeParam
faceGeoData08	2	FaceParam,FaceRangeParam
faceGeoData09	2	FaceParam,FaceRangeParam
faceGeoData10	2	FaceParam,FaceRangeParam
faceGeoData11	2	FaceParam,FaceRangeParam
faceGeoData12	2	FaceParam,FaceRangeParam
faceGeoData13	2	FaceParam,FaceRangeParam
faceGeoData14	2	FaceParam,FaceRangeParam
faceGeoData15	2	FaceParam,FaceRangeParam
faceGeoData16	2	FaceParam,FaceRangeParam
faceGeoData17	2	FaceParam,FaceRangeParam
faceGeoData18	2	FaceParam,FaceRangeParam
faceGeoData19	2	FaceParam,FaceRangeParam
faceGeoData20	2	FaceParam,FaceRangeParam
faceGeoData21	2	FaceParam,FaceRangeParam
faceGeoData22	2	FaceParam,FaceRangeParam
faceGeoData23	2	FaceParam,FaceRangeParam
faceGeoData24	2	FaceParam,FaceRangeParam
faceGeoData25	2	FaceParam,FaceRangeParam
faceGeoData26	2	FaceParam,FaceRangeParam
faceGeoData27	2	FaceParam,FaceRangeParam
faceGeoData28	2	FaceParam,FaceRangeParam
faceGeoData29	2	FaceParam,FaceRangeParam
faceGeoData30	2	FaceParam,FaceRangeParam
faceGeoData31	2	FaceParam,FaceRangeParam
faceGeoData32	2	FaceParam,FaceRangeParam
faceGeoData33	2	FaceParam,FaceRangeParam
faceGeoData34	2	FaceParam,FaceRangeParam
faceGeoData35	2	FaceParam,FaceRangeParam
faceGeoData36	2	FaceParam,FaceRangeParam
faceGeoData37	2	FaceParam,FaceRangeParam
faceGeoData38	2	FaceParam,FaceRangeParam
faceGeoData39	2	FaceParam,FaceRangeParam
faceGeoData40	2	FaceParam,FaceRangeParam
faceGeoData41	2	FaceParam,FaceRangeParam
faceGeoData42	2	FaceParam,FaceRangeParam
faceGeoData43	2	FaceParam,FaceRangeParam
faceGeoData44	2	FaceParam,FaceRangeParam
faceGeoData45	2	FaceParam,FaceRangeParam
faceGeoData46	2	FaceParam,FaceRangeParam
faceGeoData47	2	FaceParam,FaceRangeParam
faceGeoData48	2	FaceParam,FaceRangeParam
faceGeoData49	2	FaceParam,FaceRangeParam
faceGeoData50	2	FaceParam,FaceRangeParam
faceGeoData51	2	FaceParam,FaceRangeParam
faceGeoData52	2	FaceParam,FaceRangeParam
faceGeoData53	2	FaceParam,FaceRangeParam
faceGeoData54	2	FaceParam,FaceRangeParam
faceGeoData55	2	FaceParam,FaceRangeParam
faceGeoData56	2	FaceParam,FaceRangeParam
faceGeoData57	2	FaceParam,FaceRangeParam
faceGeoData58	2	FaceParam,FaceRangeParam
faceGeoData59	2	FaceParam,FaceRangeParam
faceGeoData60	2	FaceParam,FaceRangeParam
faceIconId	1	NpcParam
faceParamId	1	CharMakeMenuTopParam
faceScaleF_MaxX	1	EquipParamProtector
faceScaleF_MaxZ	1	EquipParamProtector
faceScaleF_ScaleX	1	EquipParamProtector
faceScaleF_ScaleZ	1	EquipParamProtector
faceScaleM_MaxX	1	EquipParamProtector
faceScaleM_MaxZ	1	EquipParamProtector
faceScaleM_ScaleX	1	EquipParamProtector
faceScaleM_ScaleZ	1	EquipParamProtector
faceTexData00	2	FaceParam,FaceRangeParam
faceTexData01	2	FaceParam,FaceRangeParam
faceTexData02	2	FaceParam,FaceRangeParam
faceTexData03	2	FaceParam,FaceRangeParam
faceTexData04	2	FaceParam,FaceRangeParam
faceTexData05	2	FaceParam,FaceRangeParam
faceTexData06	2	FaceParam,FaceRangeParam
faceTexData07	2	FaceParam,FaceRangeParam
faceTexData08	2	FaceParam,FaceRangeParam
faceTexData09	2	FaceParam,FaceRangeParam
faceTexData10	2	FaceParam,FaceRangeParam
faceTexData11	2	FaceParam,FaceRangeParam
faceTexData12	2	FaceParam,FaceRangeParam
faceTexData13	2	FaceParam,FaceRangeParam
faceTexData14	2	FaceParam,FaceRangeParam
faceTexData15	2	FaceParam,FaceRangeParam
faceTexData16	2	FaceParam,FaceRangeParam
faceTexData17	2	FaceParam,FaceRangeParam
faceTexData18	2	FaceParam,FaceRangeParam
faceTexData19	2	FaceParam,FaceRangeParam
faceTexData20	2	FaceParam,FaceRangeParam
faceTexData21	2	FaceParam,FaceRangeParam
faceTexData22	2	FaceParam,FaceRangeParam
faceTexData23	2	FaceParam,FaceRangeParam
faceTexData24	2	FaceParam,FaceRangeParam
faceTexData25	2	FaceParam,FaceRangeParam
faceTexData26	2	FaceParam,FaceRangeParam
faceTexData27	2	FaceParam,FaceRangeParam
faceTexData28	2	FaceParam,FaceRangeParam
faceTexData29	2	FaceParam,FaceRangeParam
faceTexData30	2	FaceParam,FaceRangeParam
faceTexData31	2	FaceParam,FaceRangeParam
faceTexData32	2	FaceParam,FaceRangeParam
faceTexData33	2	FaceParam,FaceRangeParam
faceTexData34	2	FaceParam,FaceRangeParam
faceTexData35	2	FaceParam,FaceRangeParam
face_aroundEye	2	FaceParam,FaceRangeParam
face_aroundEyeColor_B	2	FaceParam,FaceRangeParam
face_aroundEyeColor_G	2	FaceParam,FaceRangeParam
face_aroundEyeColor_R	2	FaceParam,FaceRangeParam
face_beard	2	FaceParam,FaceRangeParam
face_cheek	2	FaceParam,FaceRangeParam
face_cheekColor_B	2	FaceParam,FaceRangeParam
face_cheekColor_G	2	FaceParam,FaceRangeParam
face_cheekColor_R	2	FaceParam,FaceRangeParam
face_eyeLine	2	FaceParam,FaceRangeParam
face_eyeLineColor_B	2	FaceParam,FaceRangeParam
face_eyeLineColor_G	2	FaceParam,FaceRangeParam
face_eyeLineColor_R	2	FaceParam,FaceRangeParam
face_eyeShadowDown	2	FaceParam,FaceRangeParam
face_eyeShadowDownColor_B	2	FaceParam,FaceRangeParam
face_eyeShadowDownColor_G	2	FaceParam,FaceRangeParam
face_eyeShadowDownColor_R	2	FaceParam,FaceRangeParam
face_eyeShadowUp	2	FaceParam,FaceRangeParam
face_eyeShadowUpColor_B	2	FaceParam,FaceRangeParam
face_eyeShadowUpColor_G	2	FaceParam,FaceRangeParam
face_eyeShadowUpColor_R	2	FaceParam,FaceRangeParam
face_lip	2	FaceParam,FaceRangeParam
face_lipColor_B	2	FaceParam,FaceRangeParam
face_lipColor_G	2	FaceParam,FaceRangeParam
face_lipColor_R	2	FaceParam,FaceRangeParam
face_partsId	2	FaceParam,FaceRangeParam
fadeInTimeSec	1	DecalParam
fadeOutTimeSec	1	DecalParam
fakeTargetIgnore	1	SpEffectParam
fakeTargetIgnoreAjin	1	SpEffectParam
fakeTargetIgnoreAnimal	1	SpEffectParam
fakeTargetIgnoreMirageArts	1	SpEffectParam
fakeTargetIgnoreUndead	1	SpEffectParam
fallDamageDump	1	NpcParam
fallDamageRate	1	SpEffectParam
fallDamageRate_forRideNPC	1	GameSystemCommonParam
fallDamageRate_forRidePC	1	GameSystemCommonParam
farDistance	1	DecalParam
farSize	1	DecalParam
filter	3	Gconfig_TextureFilterQuality,Gconfig_TextureFilterQuality_ps4,Gconfig_TextureFilterQuality_xboxone
finalDamageRateId	2	AtkParam_Npc,AtkParam_Pc
findUnfavorableFailedPointDist	1	EnemyCommonParam
findUnfavorableFailedPointHeight	1	EnemyCommonParam
finishDmyId	1	SpEffectVfxParam
finishSeId	1	SpEffectVfxParam
finishSfxId	1	SpEffectVfxParam
fireAtkRate	1	ReinforceParamWeapon
fireAttackPower	1	SpEffectParam
fireAttackPowerRate	1	SpEffectParam
fireAttackRate	1	SpEffectParam
fireDamageCutRate	3	EquipParamProtector,NpcParam,SpEffectParam
fireDamageDamp	1	Bullet
fireDefRate	1	ReinforceParamProtector
fireDiffence	1	SpEffectParam
fireDiffenceRate	1	SpEffectParam
fireGuardCutRate	3	EquipParamWeapon,NpcParam,ReinforceParamWeapon
fireGuardCutRate_MaxCorrect	1	EquipParamWeapon
fireRate	1	FinalDamageRateParam
fireSfxId	2	EquipParamGoods,Magic
fixPrice	2	EquipParamProtector,EquipParamWeapon
flareOverrideHomingAngle	1	PlayerCommonParam
flareOverrideHomingStopRange	1	PlayerCommonParam
flatBladeCount	3	GrassTypeParam,GrassTypeParam_Lv1,GrassTypeParam_Lv2
flatRadius	3	GrassTypeParam,GrassTypeParam_Lv1,GrassTypeParam_Lv2
flatSlant	3	GrassTypeParam,GrassTypeParam_Lv1,GrassTypeParam_Lv2
flatSplitType	3	GrassTypeParam,GrassTypeParam_Lv1,GrassTypeParam_Lv2
flatTextureName	3	GrassTypeParam,GrassTypeParam_Lv1,GrassTypeParam_Lv2
flickDamageCutRate	3	EquipParamProtector,NpcParam,SpEffectParam
flickDamageCutRateSuccessGurad	1	GameSystemCommonParam
floorHeightType	1	HitMtrlParam
flyDashF	1	MoveParam
flyDashFL	1	MoveParam
flyDashFL2	1	MoveParam
flyDashFR	1	MoveParam
flyDashFR2	1	MoveParam
flyStay	1	MoveParam
flyWalkF	1	MoveParam
flyWalkFL	1	MoveParam
flyWalkFL2	1	MoveParam
flyWalkFR	1	MoveParam
flyWalkFR2	1	MoveParam
fogEnabled	3	Gconfig_VolumetricEffectQuality,Gconfig_VolumetricEffectQuality_ps4,Gconfig_VolumetricEffectQuality_xboxone
fogLocalLightDistScale	3	Gconfig_VolumetricEffectQuality,Gconfig_VolumetricEffectQuality_ps4,Gconfig_VolumetricEffectQuality_xboxone
fogShadowEnabled	3	Gconfig_VolumetricEffectQuality,Gconfig_VolumetricEffectQuality_ps4,Gconfig_VolumetricEffectQuality_xboxone
fogShadowSampleCountBias	3	Gconfig_VolumetricEffectQuality,Gconfig_VolumetricEffectQuality_ps4,Gconfig_VolumetricEffectQuality_xboxone
fogVolueSizeDivider	3	Gconfig_VolumetricEffectQuality,Gconfig_VolumetricEffectQuality_ps4,Gconfig_VolumetricEffectQuality_xboxone
fogVolueSizeScaler	3	Gconfig_VolumetricEffectQuality,Gconfig_VolumetricEffectQuality_ps4,Gconfig_VolumetricEffectQuality_xboxone
fogVolumeDepthDivider	3	Gconfig_VolumetricEffectQuality,Gconfig_VolumetricEffectQuality_ps4,Gconfig_VolumetricEffectQuality_xboxone
fogVolumeDepthScaler	3	Gconfig_VolumetricEffectQuality,Gconfig_VolumetricEffectQuality_ps4,Gconfig_VolumetricEffectQuality_xboxone
fogVolumeEdgeCorrectionLevel	3	Gconfig_VolumetricEffectQuality,Gconfig_VolumetricEffectQuality_ps4,Gconfig_VolumetricEffectQuality_xboxone
fogVolumeEnabled	3	Gconfig_VolumetricEffectQuality,Gconfig_VolumetricEffectQuality_ps4,Gconfig_VolumetricEffectQuality_xboxone
fogVolumeForceShadowing	3	Gconfig_VolumetricEffectQuality,Gconfig_VolumetricEffectQuality_ps4,Gconfig_VolumetricEffectQuality_xboxone
fogVolumeRayMarcingSampleCountOffset	3	Gconfig_VolumetricEffectQuality,Gconfig_VolumetricEffectQuality_ps4,Gconfig_VolumetricEffectQuality_xboxone
fogVolumeResolution	3	Gconfig_VolumetricEffectQuality,Gconfig_VolumetricEffectQuality_ps4,Gconfig_VolumetricEffectQuality_xboxone
fogVolumeShadowEnabled	3	Gconfig_VolumetricEffectQuality,Gconfig_VolumetricEffectQuality_ps4,Gconfig_VolumetricEffectQuality_xboxone
fogVolumeUpScaleType	3	Gconfig_VolumetricEffectQuality,Gconfig_VolumetricEffectQuality_ps4,Gconfig_VolumetricEffectQuality_xboxone
followDmypoly_forSfxPose	1	Bullet
followOffset_BaseHeight	1	Bullet
followOffset_Radius	1	Bullet
footDecalMaterialOffsetOverwriteId	1	SpEffectVfxParam
footEffectDirType	1	HitMtrlParam
footEffectHeightType	1	HitMtrlParam
footEffectOffset	1	SpEffectVfxParam
footEffectPriority	1	SpEffectVfxParam
footIkErrorHeightLimit	1	NpcParam
footIkErrorOffGain	1	NpcParam
footIkErrorOnGain	1	NpcParam
footMaterialSe	1	EquipParamProtector
forbiddenIconId	1	BonfireWarpParam
forceDeceasedType	1	SpEffectVfxParam
forceFXAA2	3	Gconfig_AAQuality,Gconfig_AAQuality_ps4,Gconfig_AAQuality_xboxone
forceHiResoBlur	3	Gconfig_DOFQuality,Gconfig_DOFQuality_ps4,Gconfig_DOFQuality_xboxone
forceJoinBerserkerBlack	1	NetworkMsgParam
forceJoinBlack	1	NetworkMsgParam
forceJoinBlack_B	1	NetworkMsgParam
forceJoinBlack_B_Npc	1	NetworkMsgParam
forceJoinBlack_C_Npc	1	NetworkMsgParam
forceJoinBlack_Npc	1	NetworkMsgParam
forceJoinRosaliaBlack	1	NetworkMsgParam
forceJoinUmbasaBlack	1	NetworkMsgParam
forcePlay	1	NetworkMsgParam
forceScaleVelocityBuffer	3	Gconfig_MotionBlurQuality,Gconfig_MotionBlurQuality_ps4,Gconfig_MotionBlurQuality_xboxone
forgetTime	1	AiSoundParam
forwardPassLightingEnabled	5	Gconfig_LightingQuality,Gconfig_LightingQuality_ps4,Gconfig_LightingQuality_ps5,Gconfig_LightingQuality_scarlett,Gconfig_LightingQuality_xboxone
forwardUndulationLimit	1	NpcParam
foundBossFlagId	1	GameAreaParam
foundBossTextId	1	GameAreaParam
fowardDrawEnvmapBlendType	1	PartsDrawParam
freezeAttackPower	1	SpEffectParam
freezeDamageRate	1	SpEffectParam
freezeDefDamageRate	1	SpEffectParam
freezeGuardDefRate	1	ReinforceParamWeapon
freezeGuardResist	2	EquipParamWeapon,NpcParam
freezeGuardResist_MaxCorrect	1	EquipParamWeapon
friendlyTarget	3	AiSoundParam,AtkParam_Npc,AtkParam_Pc
frontColorA	1	PhantomParam
frontColorB	1	PhantomParam
frontColorG	1	PhantomParam
frontColorR	1	PhantomParam
gemId	1	EquipParamCustomWeapon
gemMountType	1	EquipParamWeapon
gender	2	FaceParam,FaceRangeParam
generateAnimId	1	BuddyParam
generateMultiForbiddenRegion	1	AssetEnvironmentGeometryParam
gestureId	1	NpcAiActionParam
gestureId0	1	CharaInitParam
gestureId1	1	CharaInitParam
gestureId2	1	CharaInitParam
gestureId3	1	CharaInitParam
gestureId4	1	CharaInitParam
gestureId5	1	CharaInitParam
gestureId6	1	CharaInitParam
getItemFlagId	2	ItemLotParam_enemy,ItemLotParam_map
getItemFlagId01	2	ItemLotParam_enemy,ItemLotParam_map
getItemFlagId02	2	ItemLotParam_enemy,ItemLotParam_map
getItemFlagId03	2	ItemLotParam_enemy,ItemLotParam_map
getItemFlagId04	2	ItemLotParam_enemy,ItemLotParam_map
getItemFlagId05	2	ItemLotParam_enemy,ItemLotParam_map
getItemFlagId06	2	ItemLotParam_enemy,ItemLotParam_map
getItemFlagId07	2	ItemLotParam_enemy,ItemLotParam_map
getItemFlagId08	2	ItemLotParam_enemy,ItemLotParam_map
getSoul	1	NpcParam
ghostFootprintDecalParamId	1	GameSystemCommonParam
ghostModelId	1	NpcParam
ghostpad	1	NetworkParam
glovewortCrystalSpiritBuffSpEffectId	1	GameSystemCommonParam
glowEnabled	3	Gconfig_EffectQuality,Gconfig_EffectQuality_ps4,Gconfig_EffectQuality_xboxone
glowScale	1	PhantomParam
goalAction_ToCaution	1	NpcThinkParam
goalAction_ToCautionImportant	1	NpcThinkParam
goalAction_ToDisappear	1	NpcThinkParam
goalAction_ToSearchLv1	1	NpcThinkParam
goalAction_ToSearchLv2	1	NpcThinkParam
goodsConsumptionRate	1	SpEffectParam
goodsType	1	EquipParamGoods
goodsUseAnim	1	EquipParamGoods
grabityIgnore	1	SpEffectParam
grabityRate	1	SpEffectParam
gravityInRange	1	Bullet
gravityOutRange	1	Bullet
grayoutFlag	1	ActionButtonParam
gridXNo	5	BonfireWarpParam,PlayRegionParam,SignPuddleParam,WorldMapPlaceNameParam,WorldMapPointParam
gridXNo_forDistViewMark	1	WorldMapPointParam
gridZNo	5	BonfireWarpParam,PlayRegionParam,SignPuddleParam,WorldMapPlaceNameParam,WorldMapPointParam
gridZNo_forDistViewMark	1	WorldMapPointParam
group	1	KeyAssignMenuItemParam
guardAngle	2	EquipParamWeapon,NpcParam
guardAtkRate	2	AtkParam_Npc,AtkParam_Pc
guardAtkRateCorrection	2	AtkParam_Npc,AtkParam_Pc
guardBaseRepel	1	EquipParamWeapon
guardBrake_ContTime	1	KnockBackParam
guardBrake_DecTime	1	KnockBackParam
guardBreakCorrection	2	AtkParam_Npc,AtkParam_Pc
guardBreakRate	2	AtkParam_Npc,AtkParam_Pc
guardCutCancelRate	3	AtkParam_Npc,AtkParam_Pc,EquipParamWeapon
guardDefFlickPowerRate	1	SpEffectParam
guardLevel	2	EquipParamWeapon,NpcParam
guardRangeType	2	AtkParam_Npc,AtkParam_Pc
guardRate	2	AtkParam_Npc,AtkParam_Pc
guardStaminaCutRate	3	AtkParam_Npc,AtkParam_Pc,SpEffectParam
guardStaminaMult	1	SpEffectParam
guardStatusCorrect_MaxStatusVal	1	PlayerCommonParam
guard_LL_ContTime	1	KnockBackParam
guard_LL_DecTime	1	KnockBackParam
guard_L_ContTime	1	KnockBackParam
guard_L_DecTime	1	KnockBackParam
guard_S_ContTime	1	KnockBackParam
guard_S_DecTime	1	KnockBackParam
guardianOfAnolisVisitor	1	NetworkMsgParam
guardianOfBossVisitor	1	NetworkMsgParam
guardianOfForestMapVisitor	1	NetworkMsgParam
guardmotionCategory	1	EquipParamWeapon
guestLeaveSessionDist	1	GameSystemCommonParam
guestLeavingMessageDistMax	1	GameSystemCommonParam
guestLeavingMessageDistMin	1	GameSystemCommonParam
guestPlayerNoTimeOutTime	1	NetworkParam
guestResummonDist	1	GameSystemCommonParam
guestUpdateTime	1	NetworkParam
h	1	MenuColorTableParam
hair_color_B	2	FaceParam,FaceRangeParam
hair_color_G	2	FaceParam,FaceRangeParam
hair_color_R	2	FaceParam,FaceRangeParam
hair_partsId	2	FaceParam,FaceRangeParam
hair_rootBlack	2	FaceParam,FaceRangeParam
hair_shininess	2	FaceParam,FaceRangeParam
hair_whiteDensity	2	FaceParam,FaceRangeParam
halfCamouflage	1	SpEffectVfxParam
hangPosType	1	WepAbsorpPosParam
hardnessType	1	HitMtrlParam
hasSpEffectType	1	Magic
hasTarget	1	SpEffectParam
haveSoulRate	1	SpEffectParam
havok_anim	1	BudgetParam
havok_hit	1	BudgetParam
havok_ins	1	BudgetParam
havok_navimesh	1	BudgetParam
headEquip	1	EquipParamProtector
hearingAiSoundLevel	1	SpEffectParam
hearingHeadSize	1	NpcParam
hearingSearchAdd	1	SpEffectParam
hearingSearchCutIgnore	1	SpEffectParam
hearingSearchEnemyAdd	1	SpEffectParam
hearingSearchEnemyRate	1	SpEffectParam
hearingSearchRate	1	SpEffectParam
height	1	ActionButtonParam
heightTextureId	1	DecalParam
helpTextId	1	CharMakeMenuTopParam
heroPoint	2	BehaviorParam,BehaviorParam_PC
heroPointDamage	1	SpEffectParam
highPrecisionNormalEnabled	3	Gconfig_ShaderQuality,Gconfig_ShaderQuality_ps4,Gconfig_ShaderQuality_xboxone
hit0_DmyPoly1	2	AtkParam_Npc,AtkParam_Pc
hit0_DmyPoly2	2	AtkParam_Npc,AtkParam_Pc
hit0_Radius	2	AtkParam_Npc,AtkParam_Pc
hit0_hitType	2	AtkParam_Npc,AtkParam_Pc
hit10_DmyPoly1	2	AtkParam_Npc,AtkParam_Pc
hit10_DmyPoly2	2	AtkParam_Npc,AtkParam_Pc
hit10_Radius	2	AtkParam_Npc,AtkParam_Pc
hit10_hitType	2	AtkParam_Npc,AtkParam_Pc
hit11_DmyPoly1	2	AtkParam_Npc,AtkParam_Pc
hit11_DmyPoly2	2	AtkParam_Npc,AtkParam_Pc
hit11_Radius	2	AtkParam_Npc,AtkParam_Pc
hit11_hitType	2	AtkParam_Npc,AtkParam_Pc
hit12_DmyPoly1	2	AtkParam_Npc,AtkParam_Pc
hit12_DmyPoly2	2	AtkParam_Npc,AtkParam_Pc
hit12_Radius	2	AtkParam_Npc,AtkParam_Pc
hit12_hitType	2	AtkParam_Npc,AtkParam_Pc
hit13_DmyPoly1	2	AtkParam_Npc,AtkParam_Pc
hit13_DmyPoly2	2	AtkParam_Npc,AtkParam_Pc
hit13_Radius	2	AtkParam_Npc,AtkParam_Pc
hit13_hitType	2	AtkParam_Npc,AtkParam_Pc
hit14_DmyPoly1	2	AtkParam_Npc,AtkParam_Pc
hit14_DmyPoly2	2	AtkParam_Npc,AtkParam_Pc
hit14_Radius	2	AtkParam_Npc,AtkParam_Pc
hit14_hitType	2	AtkParam_Npc,AtkParam_Pc
hit15_DmyPoly1	2	AtkParam_Npc,AtkParam_Pc
hit15_DmyPoly2	2	AtkParam_Npc,AtkParam_Pc
hit15_Radius	2	AtkParam_Npc,AtkParam_Pc
hit15_hitType	2	AtkParam_Npc,AtkParam_Pc
hit1_DmyPoly1	2	AtkParam_Npc,AtkParam_Pc
hit1_DmyPoly2	2	AtkParam_Npc,AtkParam_Pc
hit1_Radius	2	AtkParam_Npc,AtkParam_Pc
hit1_hitType	2	AtkParam_Npc,AtkParam_Pc
hit2_DmyPoly1	2	AtkParam_Npc,AtkParam_Pc
hit2_DmyPoly2	2	AtkParam_Npc,AtkParam_Pc
hit2_Radius	2	AtkParam_Npc,AtkParam_Pc
hit2_hitType	2	AtkParam_Npc,AtkParam_Pc
hit3_DmyPoly1	2	AtkParam_Npc,AtkParam_Pc
hit3_DmyPoly2	2	AtkParam_Npc,AtkParam_Pc
hit3_Radius	2	AtkParam_Npc,AtkParam_Pc
hit3_hitType	2	AtkParam_Npc,AtkParam_Pc
hit4_DmyPoly1	2	AtkParam_Npc,AtkParam_Pc
hit4_DmyPoly2	2	AtkParam_Npc,AtkParam_Pc
hit4_Radius	2	AtkParam_Npc,AtkParam_Pc
hit4_hitType	2	AtkParam_Npc,AtkParam_Pc
hit5_DmyPoly1	2	AtkParam_Npc,AtkParam_Pc
hit5_DmyPoly2	2	AtkParam_Npc,AtkParam_Pc
hit5_Radius	2	AtkParam_Npc,AtkParam_Pc
hit5_hitType	2	AtkParam_Npc,AtkParam_Pc
hit6_DmyPoly1	2	AtkParam_Npc,AtkParam_Pc
hit6_DmyPoly2	2	AtkParam_Npc,AtkParam_Pc
hit6_Radius	2	AtkParam_Npc,AtkParam_Pc
hit6_hitType	2	AtkParam_Npc,AtkParam_Pc
hit7_DmyPoly1	2	AtkParam_Npc,AtkParam_Pc
hit7_DmyPoly2	2	AtkParam_Npc,AtkParam_Pc
hit7_Radius	2	AtkParam_Npc,AtkParam_Pc
hit7_hitType	2	AtkParam_Npc,AtkParam_Pc
hit8_DmyPoly1	2	AtkParam_Npc,AtkParam_Pc
hit8_DmyPoly2	2	AtkParam_Npc,AtkParam_Pc
hit8_Radius	2	AtkParam_Npc,AtkParam_Pc
hit8_hitType	2	AtkParam_Npc,AtkParam_Pc
hit9_DmyPoly1	2	AtkParam_Npc,AtkParam_Pc
hit9_DmyPoly2	2	AtkParam_Npc,AtkParam_Pc
hit9_Radius	2	AtkParam_Npc,AtkParam_Pc
hit9_hitType	2	AtkParam_Npc,AtkParam_Pc
hitBulletDecalOffset_HitIns	1	GraphicsCommonParam
hitCarverCancelAreaFlag	1	AssetEnvironmentGeometryParam
hitCreateType	1	AssetEnvironmentGeometryParam
hitHeight	1	NpcParam
hitRadius	2	Bullet,NpcParam
hitRadiusMax	1	Bullet
hitSourceType	2	AtkParam_Npc,AtkParam_Pc
hitStopTime	2	AtkParam_Npc,AtkParam_Pc
hitStopType	1	NpcParam
hitYOffset	1	NpcParam
homeBonfireParamId	1	GameSystemCommonParam
homingAngle	1	Bullet
homingAngleX	1	Bullet
homingBeginDist	1	Bullet
hormingOffsetRange	1	Bullet
hormingStopRange	1	Bullet
host	5	HPEstusFlaskRecoveryParam,MPEstusFlaskRecoveryParam,MultiHPEstusFlaskBonusParam,MultiMPEstusFlaskBonusParam,MultiSoulBonusRateParam
hostModeCostItemId	1	GameSystemCommonParam
hostPlayerNoTimeOutTime	1	NetworkParam
hostRegisterUpdateTime	1	NetworkParam
hostTimeOutTime	1	NetworkParam
howitzerInitMaxVelocity	1	Bullet
howitzerInitMinVelocity	1	Bullet
howitzerShootAngleXMax	1	Bullet
howitzerShootAngleXMin	1	Bullet
hp	2	AssetEnvironmentGeometryParam,NpcParam
hpBurnDamageRate	1	NpcParam
hpEstusFlaskAllocateOffsetForYellowMonk	1	PlayerCommonParam
hpEstusFlaskAllocateRateForYellowMonk	1	PlayerCommonParam
hpEstusFlaskLotPoint	1	NpcParam
hpEstusFlaskRecovery_failedLotPointAdd	1	NpcParam
hpRecoverRate	1	SpEffectParam
hti0_Priority	2	AtkParam_Npc,AtkParam_Pc
hti10_Priority	2	AtkParam_Npc,AtkParam_Pc
hti11_Priority	2	AtkParam_Npc,AtkParam_Pc
hti12_Priority	2	AtkParam_Npc,AtkParam_Pc
hti13_Priority	2	AtkParam_Npc,AtkParam_Pc
hti14_Priority	2	AtkParam_Npc,AtkParam_Pc
hti15_Priority	2	AtkParam_Npc,AtkParam_Pc
hti1_Priority	2	AtkParam_Npc,AtkParam_Pc
hti2_Priority	2	AtkParam_Npc,AtkParam_Pc
hti3_Priority	2	AtkParam_Npc,AtkParam_Pc
hti4_Priority	2	AtkParam_Npc,AtkParam_Pc
hti5_Priority	2	AtkParam_Npc,AtkParam_Pc
hti6_Priority	2	AtkParam_Npc,AtkParam_Pc
hti7_Priority	2	AtkParam_Npc,AtkParam_Pc
hti8_Priority	2	AtkParam_Npc,AtkParam_Pc
hti9_Priority	2	AtkParam_Npc,AtkParam_Pc
hugeEnemyPickupHeightOverwrite	1	SpEffectParam
humanityDropPoint1	1	GameAreaParam
humanityDropPoint10	1	GameAreaParam
humanityDropPoint2	1	GameAreaParam
humanityDropPoint3	1	GameAreaParam
humanityDropPoint4	1	GameAreaParam
humanityDropPoint5	1	GameAreaParam
humanityDropPoint6	1	GameAreaParam
humanityDropPoint7	1	GameAreaParam
humanityDropPoint8	1	GameAreaParam
humanityDropPoint9	1	GameAreaParam
humanityLotId	1	NpcParam
humanityPointCountFlagIdTop	1	GameAreaParam
iconId	13	BonfireWarpParam,BonfireWarpTabParam,CharMakeMenuListItemParam,EquipParamAccessory,EquipParamGem,EquipParamGoods,EquipParamWeapon,Magic,ShopLineupParam,ShopLineupParam_Recipe,SpEffectParam,SwordArtsParam,WorldMapPointParam
iconIdF	1	EquipParamProtector
iconIdM	1	EquipParamProtector
idAttackCannotMove	1	NpcThinkParam
ignorNetStateSyncTime_ForThrow	1	GameSystemCommonParam
ignoreDistNumForMax	1	SoundAutoReverbEvaluationDistParam
imageId	2	BaseChrSelectMenuParam,TutorialParam
inclinationJitter	3	GrassTypeParam,GrassTypeParam_Lv1,GrassTypeParam_Lv2
inclinationMax	3	GrassTypeParam,GrassTypeParam_Lv1,GrassTypeParam_Lv2
initDmyId	1	SpEffectVfxParam
initSeId	1	SpEffectVfxParam
initSfxId	1	SpEffectVfxParam
initVellocity	1	Bullet
init_inclination_soul	1	CalcCorrectGraph
insideDurability	1	SpEffectParam
interactionEnabled	1	Gconfig_WaterQuality
intervalCreateBulletId	1	Bullet
intervalCreateTimeMax	1	Bullet
intervalCreateTimeMin	1	Bullet
intervalCreateWaitTime	1	Bullet
intpIntervalDist	1	DecalParam
invadeOrb_Berserker	2	HPEstusFlaskRecoveryParam,MPEstusFlaskRecoveryParam
invadeOrb_None	2	HPEstusFlaskRecoveryParam,MPEstusFlaskRecoveryParam
invadeOrb_Sinners	2	HPEstusFlaskRecoveryParam,MPEstusFlaskRecoveryParam
invadeOrb_Umbasa	2	HPEstusFlaskRecoveryParam,MPEstusFlaskRecoveryParam
invadeRing_Anor	2	HPEstusFlaskRecoveryParam,MPEstusFlaskRecoveryParam
invadeRing_Forest	2	HPEstusFlaskRecoveryParam,MPEstusFlaskRecoveryParam
invadeRing_Rosalia	2	HPEstusFlaskRecoveryParam,MPEstusFlaskRecoveryParam
invadeRing_Sinners	2	HPEstusFlaskRecoveryParam,MPEstusFlaskRecoveryParam
invadeSign_Berserker	2	HPEstusFlaskRecoveryParam,MPEstusFlaskRecoveryParam
invadeSign_None	2	HPEstusFlaskRecoveryParam,MPEstusFlaskRecoveryParam
invadeSign_Sinners	2	HPEstusFlaskRecoveryParam,MPEstusFlaskRecoveryParam
invadeSign_Umbasa	2	HPEstusFlaskRecoveryParam,MPEstusFlaskRecoveryParam
invalidFlag	1	ActionButtonParam
invalidFlagId	1	KnowledgeLoadScreenItemParam
invincibleTimer_forNetPC	1	GameSystemCommonParam
invincibleTimer_forNetPC_initSync	1	GameSystemCommonParam
invisibleAtFriendCamouflage	1	SpEffectVfxParam
invisibleFlag48	1	EquipParamProtector
invisibleFlag49	1	EquipParamProtector
invisibleFlag50	1	EquipParamProtector
invisibleFlag51	1	EquipParamProtector
invisibleFlag52	1	EquipParamProtector
invisibleFlag53	1	EquipParamProtector
invisibleFlag54	1	EquipParamProtector
invisibleFlag55	1	EquipParamProtector
invisibleFlag56	1	EquipParamProtector
invisibleFlag57	1	EquipParamProtector
invisibleFlag58	1	EquipParamProtector
invisibleFlag59	1	EquipParamProtector
invisibleFlag60	1	EquipParamProtector
invisibleFlag61	1	EquipParamProtector
invisibleFlag62	1	EquipParamProtector
invisibleFlag63	1	EquipParamProtector
invisibleFlag64	1	EquipParamProtector
invisibleFlag65	1	EquipParamProtector
invisibleFlag66	1	EquipParamProtector
invisibleFlag67	1	EquipParamProtector
invisibleFlag68	1	EquipParamProtector
invisibleFlag69	1	EquipParamProtector
invisibleFlag70	1	EquipParamProtector
invisibleFlag71	1	EquipParamProtector
invisibleFlag72	1	EquipParamProtector
invisibleFlag73	1	EquipParamProtector
invisibleFlag74	1	EquipParamProtector
invisibleFlag75	1	EquipParamProtector
invisibleFlag76	1	EquipParamProtector
invisibleFlag77	1	EquipParamProtector
invisibleFlag78	1	EquipParamProtector
invisibleFlag79	1	EquipParamProtector
invisibleFlag80	1	EquipParamProtector
invisibleFlag_SexVer00	1	EquipParamProtector
invisibleFlag_SexVer01	1	EquipParamProtector
invisibleFlag_SexVer02	1	EquipParamProtector
invisibleFlag_SexVer03	1	EquipParamProtector
invisibleFlag_SexVer04	1	EquipParamProtector
invisibleFlag_SexVer05	1	EquipParamProtector
invisibleFlag_SexVer06	1	EquipParamProtector
invisibleFlag_SexVer07	1	EquipParamProtector
invisibleFlag_SexVer08	1	EquipParamProtector
invisibleFlag_SexVer09	1	EquipParamProtector
invisibleFlag_SexVer10	1	EquipParamProtector
invisibleFlag_SexVer11	1	EquipParamProtector
invisibleFlag_SexVer12	1	EquipParamProtector
invisibleFlag_SexVer13	1	EquipParamProtector
invisibleFlag_SexVer14	1	EquipParamProtector
invisibleFlag_SexVer15	1	EquipParamProtector
invisibleFlag_SexVer16	1	EquipParamProtector
invisibleFlag_SexVer17	1	EquipParamProtector
invisibleFlag_SexVer18	1	EquipParamProtector
invisibleFlag_SexVer19	1	EquipParamProtector
invisibleFlag_SexVer20	1	EquipParamProtector
invisibleFlag_SexVer21	1	EquipParamProtector
invisibleFlag_SexVer22	1	EquipParamProtector
invisibleFlag_SexVer23	1	EquipParamProtector
invisibleFlag_SexVer24	1	EquipParamProtector
invisibleFlag_SexVer25	1	EquipParamProtector
invisibleFlag_SexVer26	1	EquipParamProtector
invisibleFlag_SexVer27	1	EquipParamProtector
invisibleFlag_SexVer28	1	EquipParamProtector
invisibleFlag_SexVer29	1	EquipParamProtector
invisibleFlag_SexVer30	1	EquipParamProtector
invisibleFlag_SexVer31	1	EquipParamProtector
invisibleFlag_SexVer32	1	EquipParamProtector
invisibleFlag_SexVer33	1	EquipParamProtector
invisibleFlag_SexVer34	1	EquipParamProtector
invisibleFlag_SexVer35	1	EquipParamProtector
invisibleFlag_SexVer36	1	EquipParamProtector
invisibleFlag_SexVer37	1	EquipParamProtector
invisibleFlag_SexVer38	1	EquipParamProtector
invisibleFlag_SexVer39	1	EquipParamProtector
invisibleFlag_SexVer40	1	EquipParamProtector
invisibleFlag_SexVer41	1	EquipParamProtector
invisibleFlag_SexVer42	1	EquipParamProtector
invisibleFlag_SexVer43	1	EquipParamProtector
invisibleFlag_SexVer44	1	EquipParamProtector
invisibleFlag_SexVer45	1	EquipParamProtector
invisibleFlag_SexVer46	1	EquipParamProtector
invisibleFlag_SexVer47	1	EquipParamProtector
invisibleFlag_SexVer48	1	EquipParamProtector
invisibleFlag_SexVer49	1	EquipParamProtector
invisibleFlag_SexVer50	1	EquipParamProtector
invisibleFlag_SexVer51	1	EquipParamProtector
invisibleFlag_SexVer52	1	EquipParamProtector
invisibleFlag_SexVer53	1	EquipParamProtector
invisibleFlag_SexVer54	1	EquipParamProtector
invisibleFlag_SexVer55	1	EquipParamProtector
invisibleFlag_SexVer56	1	EquipParamProtector
invisibleFlag_SexVer57	1	EquipParamProtector
invisibleFlag_SexVer58	1	EquipParamProtector
invisibleFlag_SexVer59	1	EquipParamProtector
invisibleFlag_SexVer60	1	EquipParamProtector
invisibleFlag_SexVer61	1	EquipParamProtector
invisibleFlag_SexVer62	1	EquipParamProtector
invisibleFlag_SexVer63	1	EquipParamProtector
invisibleFlag_SexVer64	1	EquipParamProtector
invisibleFlag_SexVer65	1	EquipParamProtector
invisibleFlag_SexVer66	1	EquipParamProtector
invisibleFlag_SexVer67	1	EquipParamProtector
invisibleFlag_SexVer68	1	EquipParamProtector
invisibleFlag_SexVer69	1	EquipParamProtector
invisibleFlag_SexVer70	1	EquipParamProtector
invisibleFlag_SexVer71	1	EquipParamProtector
invisibleFlag_SexVer72	1	EquipParamProtector
invisibleFlag_SexVer73	1	EquipParamProtector
invisibleFlag_SexVer74	1	EquipParamProtector
invisibleFlag_SexVer75	1	EquipParamProtector
invisibleFlag_SexVer76	1	EquipParamProtector
invisibleFlag_SexVer77	1	EquipParamProtector
invisibleFlag_SexVer78	1	EquipParamProtector
invisibleFlag_SexVer79	1	EquipParamProtector
invisibleFlag_SexVer80	1	EquipParamProtector
invisibleFlag_SexVer81	1	EquipParamProtector
invisibleFlag_SexVer82	1	EquipParamProtector
invisibleFlag_SexVer83	1	EquipParamProtector
invisibleFlag_SexVer84	1	EquipParamProtector
invisibleFlag_SexVer85	1	EquipParamProtector
invisibleFlag_SexVer86	1	EquipParamProtector
invisibleFlag_SexVer87	1	EquipParamProtector
invisibleFlag_SexVer88	1	EquipParamProtector
invisibleFlag_SexVer89	1	EquipParamProtector
invisibleFlag_SexVer90	1	EquipParamProtector
invisibleFlag_SexVer91	1	EquipParamProtector
invisibleFlag_SexVer92	1	EquipParamProtector
invisibleFlag_SexVer93	1	EquipParamProtector
invisibleFlag_SexVer94	1	EquipParamProtector
invisibleFlag_SexVer95	1	EquipParamProtector
invisibleOnRemo	1	EquipParamWeapon
invocationConditionsStateChange1	1	SpEffectParam
invocationConditionsStateChange2	1	SpEffectParam
invocationConditionsStateChange3	1	SpEffectParam
isAddBaseAtk	2	AtkParam_Npc,AtkParam_Pc
isAiInterruptShootNoDamageBullet	1	Bullet
isAnalog_0	1	DefaultKeyAssign
isAnalog_1	1	DefaultKeyAssign
isAnalog_2	1	DefaultKeyAssign
isAnalog_3	1	DefaultKeyAssign
isAnalog_4	1	DefaultKeyAssign
isAnalog_5	1	DefaultKeyAssign
isAnalog_6	1	DefaultKeyAssign
isAnalog_7	1	DefaultKeyAssign
isAnimBreak	1	AssetEnvironmentGeometryParam
isAnimPauseOnRemoPlay	1	AssetEnvironmentGeometryParam
isApplySpecialEffect	1	EquipParamGoods
isAreaIcon	1	WorldMapPointParam
isArrowAtk	2	AtkParam_Npc,AtkParam_Pc
isAttackBacklash	1	AssetEnvironmentGeometryParam
isAttackSFX	1	Bullet
isAutoEquip	2	EquipParamGoods,EquipParamWeapon
isAutoIntrudePoint	1	PlayRegionParam
isBasePoint	1	WorldMapLegacyConvParam
isBlowAttackType	1	EquipParamWeapon
isBonfireWarpItem	1	EquipParamGoods
isBreakByEnemyCollide	1	AssetEnvironmentGeometryParam
isBreakByHugeenemyCollide	1	AssetEnvironmentGeometryParam
isBreakByPlayerCollide	1	AssetEnvironmentGeometryParam
isBreakOnPickUp	1	AssetEnvironmentGeometryParam
isBreak_ByChrRide	1	AssetEnvironmentGeometryParam
isBuddyAI	1	NpcThinkParam
isBulletOwner_byObject	1	NpcParam
isBurn	1	AssetEnvironmentGeometryParam
isBushesForDamage	1	AssetEnvironmentGeometryParam
isCalculatePvPDamage	1	NpcParam
isChangeWanderGhost	1	NpcParam
isCheckAboveShadowTest	1	SpEffectParam
isCheckDoorPenetration	2	AtkParam_Npc,AtkParam_Pc
isCheckWall_byCenterRay	1	Bullet
isCollectFloorPoint	1	SoundAutoReverbEvaluationDistParam
isCollectNoHitPoint	1	SoundAutoReverbEvaluationDistParam
isCollectOutdoorPoint	1	SoundAutoReverbEvaluationDistParam
isConsideredUndead	1	NpcParam
isConsume	1	EquipParamGoods
isContractSpEffectLife	1	SpEffectParam
isCreateMultiPlayOnly	1	AssetEnvironmentGeometryParam
isCrowd	1	NpcParam
isCustom	1	EquipParamWeapon
isDamageCover	1	AssetEnvironmentGeometryParam
isDarkHand	1	EquipParamWeapon
isDeposit	5	EquipParamAccessory,EquipParamGem,EquipParamGoods,EquipParamProtector,EquipParamWeapon
isDestinedDeathHpMult	1	SpEffectParam
isDexterityCorrect_byDark	1	AttackElementCorrectParam
isDexterityCorrect_byFire	1	AttackElementCorrectParam
isDexterityCorrect_byMagic	1	AttackElementCorrectParam
isDexterityCorrect_byPhysics	1	AttackElementCorrectParam
isDexterityCorrect_byThunder	1	AttackElementCorrectParam
isDirLightShadowSrc	1	PartsDrawParam
isDisableAiProjectileDodge	1	Bullet
isDisableAutoCliffWind	1	MapDefaultInfoParam
isDisableBothHandsAtkBonus	2	AtkParam_Npc,AtkParam_Pc
isDisableBreakForFirstAppear	1	AssetEnvironmentGeometryParam
isDisableBulletHitSfx	1	AssetEnvironmentGeometryParam
isDisableDispNum01	1	EquipMtrlSetParam
isDisableDispNum02	1	EquipMtrlSetParam
isDisableDispNum03	1	EquipMtrlSetParam
isDisableDispNum04	1	EquipMtrlSetParam
isDisableDispNum05	1	EquipMtrlSetParam
isDisableDispNum06	1	EquipMtrlSetParam
isDisableHand	1	EquipParamGoods
isDisableHitSfx_byChrAndObj	1	Bullet
isDisableIV	1	AssetModelSfxParam
isDisableNetSync	1	SpEffectParam
isDisableNoDamage	2	AtkParam_Npc,AtkParam_Pc
isDisableParry	2	AtkParam_Npc,AtkParam_Pc
isDiscard	5	EquipParamAccessory,EquipParamGem,EquipParamGoods,EquipParamProtector,EquipParamWeapon
isDlcTab	1	SignPuddleTabParam
isDragonSlayer	1	EquipParamWeapon
isDrop	5	EquipParamAccessory,EquipParamGem,EquipParamGoods,EquipParamProtector,EquipParamWeapon
isDualBlade	1	EquipParamWeapon
isEdgeSubtract	1	PhantomParam
isEnableAutoHoming	1	Bullet
isEnableCalcDamageForBushesObj	2	AtkParam_Npc,AtkParam_Pc
isEnableCorrectPos_forThrowAdjust	1	ThrowParam
isEnableEmergencyStep	1	EquipParamWeapon
isEnableFastUseItem	1	EquipParamGoods
isEnableNeckTurn	1	NpcParam
isEnableNoText	1	WorldMapPointParam
isEnableRepick	1	AssetEnvironmentGeometryParam
isEnableSignPostBreak	1	AssetEnvironmentGeometryParam
isEnableSignPreBreak	1	AssetEnvironmentGeometryParam
isEnableStepDispInterpolate	1	NpcParam
isEnableThrowFollowingFallAssist	1	ThrowParam
isEnableThrowFollowingFeedback	1	ThrowParam
isEnabledBreakSync	1	AssetEnvironmentGeometryParam
isEnchant	1	Magic
isEndlessHit	1	Bullet
isEnhance	2	EquipParamGoods,EquipParamWeapon
isEquip	1	EquipParamGoods
isEquipOutBrake	1	EquipParamAccessory
isEstablishment	1	EquipParamGoods
isEventKickSync	1	ObjActParam
isExtendSpEffectLife	1	SpEffectParam
isFaithCorrect_byDark	1	AttackElementCorrectParam
isFaithCorrect_byFire	1	AttackElementCorrectParam
isFaithCorrect_byMagic	1	AttackElementCorrectParam
isFaithCorrect_byPhysics	1	AttackElementCorrectParam
isFaithCorrect_byThunder	1	AttackElementCorrectParam
isFinishFullbody	1	SpEffectVfxParam
isFireAsh	1	WeatherAssetReplaceParam
isFixItem	1	EquipParamGoods
isForceDisp	1	TalkParam
isFrontSubtract	1	PhantomParam
isFullBodyTransformProtectorId	1	SpEffectVfxParam
isFullSuppleItem	1	EquipParamGoods
isGhost	1	NpcParam
isGhostAtk	2	AtkParam_Npc,AtkParam_Pc
isGrayoutBothHand	1	SwordArtsParam
isGrayoutForCrouching	1	ActionButtonParam
isGrayoutForRide	1	ActionButtonParam
isGrayoutLeftHand	1	SwordArtsParam
isGrayoutRightHand	1	SwordArtsParam
isGuard_Act	1	NpcThinkParam
isHardnessForSoundReverb	1	HitMtrlParam
isHeroPointCorrect	1	EquipParamWeapon
isHiddenOnRepick	1	AssetEnvironmentGeometryParam
isHideFootEffect_forCamouflage	1	SpEffectVfxParam
isHitBothTeam	1	Bullet
isHitDarkForceMagic	1	Bullet
isHitFlare	1	Bullet
isHitForceMagic	1	Bullet
isHitOtherBulletForceEraseA	1	Bullet
isHitOtherBulletForceEraseB	1	Bullet
isHitRumble	1	NpcParam
isHostSyncChr	1	NpcParam
isHpBurnEffect	1	SpEffectParam
isIgnoreMoveStateIfHitWater	1	Bullet
isIgnoreNoDamage	1	SpEffectParam
isIgnoreSfxIfHitWater	1	Bullet
isInheritSfxToChild	1	Bullet
isInheritSpeedToChild	1	Bullet
isInitFullbody	1	SpEffectVfxParam
isInvalidForCrouching	1	ActionButtonParam
isInvalidForRide	1	ActionButtonParam
isInvalidatedByNoDamageInAir	2	AtkParam_Npc,AtkParam_Pc
isInvisibleWeapon	1	SpEffectVfxParam
isKeepHitOnRide	1	NpcParam
isLadder	1	AssetEnvironmentGeometryParam
isLimitEachOwner	1	BulletCreateLimitParam
isLuckCorrect_byDark	1	AttackElementCorrectParam
isLuckCorrect_byFire	1	AttackElementCorrectParam
isLuckCorrect_byMagic	1	AttackElementCorrectParam
isLuckCorrect_byPhysics	1	AttackElementCorrectParam
isLuckCorrect_byThunder	1	AttackElementCorrectParam
isMagicCorrect_byDark	1	AttackElementCorrectParam
isMagicCorrect_byFire	1	AttackElementCorrectParam
isMagicCorrect_byMagic	1	AttackElementCorrectParam
isMagicCorrect_byPhysics	1	AttackElementCorrectParam
isMagicCorrect_byThunder	1	AttackElementCorrectParam
isMidstFullbody	1	SpEffectVfxParam
isMoveAnimWait	1	NpcParam
isMoveObj	1	AssetEnvironmentGeometryParam
isNo2Pass	1	PhantomParam
isNoAvoidHugeEnemy	1	NpcThinkParam
isNoDamageMotion	1	NpcParam
isNoFarClipDraw	1	PartsDrawParam
isNonDependenceMagicForFunnleNum	1	Bullet
isNonEffectiveCorrectionForMin	1	ToughnessParam
isNormalAttackType	1	EquipParamWeapon
isOnlyOne	1	EquipParamGoods
isOverrideDistViewMarkPos	1	WorldMapPointParam
isOwnerOverrideInitAngle	1	Bullet
isPenetrateChr	1	Bullet
isPenetrateMap	1	Bullet
isPenetrateObj	1	Bullet
isPointLightShadowSrc	1	PartsDrawParam
isRefRightArts	1	SwordArtsParam
isRemoveItem_forGameClear	1	EquipParamGoods
isRideAtkTarget	1	NpcParam
isShadowDst	1	PartsDrawParam
isShadowOnly	1	PartsDrawParam
isShieldEnchant	2	EquipParamGoods,Magic
isSilence	1	SpEffectVfxParam
isSkeletonBind	1	WepAbsorpPosParam
isSkipSphereCast	1	ThrowParam
isSkipWeakDamageAnim	2	EquipParamProtector,NpcParam
isSkipWepCate	1	ThrowParam
isSkydomeDrawPhase	1	PartsDrawParam
isSkydomeFlag	1	AssetEnvironmentGeometryParam
isSlashAttackType	1	EquipParamWeapon
isSleepCollectionItem	1	EquipParamGoods
isSmoothTurn	1	NpcParam
isSoulGetByBoss	1	NpcParam
isSoulParamIdChange_model0	1	EquipParamWeapon
isSoulParamIdChange_model1	1	EquipParamWeapon
isSoulParamIdChange_model2	1	EquipParamWeapon
isSoulParamIdChange_model3	1	EquipParamWeapon
isSpCollide	1	NpcParam
isSpecial	1	BuddyStoneParam
isSpecialSwordArt	1	EquipParamGem
isStealthTarget	1	NpcParam
isStopSearchedNotify	1	SpEffectParam
isStrengthCorrect_byDark	1	AttackElementCorrectParam
isStrengthCorrect_byFire	1	AttackElementCorrectParam
isStrengthCorrect_byMagic	1	AttackElementCorrectParam
isStrengthCorrect_byPhysics	1	AttackElementCorrectParam
isStrengthCorrect_byThunder	1	AttackElementCorrectParam
isSummonHorse	1	EquipParamGoods
isSuppleItem	1	EquipParamGoods
isSyncBulletCulcDumypolyPos	1	Bullet
isSyncTarget	1	CharaInitParam
isThrustAttackType	1	EquipParamWeapon
isTraceCameraXZ	1	PartsDrawParam
isTurnAtker	1	ThrowParam
isUnduration	1	NpcParam
isUpdateBattleSight	1	NpcThinkParam
isUseAtkParamAtkPowerCorrect	1	SpEffectParam
isUseBulletWallFilter	1	Bullet
isUseFootIKNormalByUnduration	1	NpcParam
isUseLowHitFootIk	1	NpcParam
isUseMultiDmyPolyIfPlace	1	Bullet
isUseMultiPenaltyOnly	1	EquipParamGoods
isUseMultiPlayPreparation	1	EquipParamGoods
isUseNoAttackRegion	2	EquipParamGoods,Magic
isUseOffsetEnchantSfxSize	1	SpEffectVfxParam
isUseOption	1	DirectionCameraParam
isUseSharedHitList	1	Bullet
isUseStatusAilmentAtkPowerCorrect	1	SpEffectParam
isValidTough_ProtSADmg	2	EquipParamWeapon,Magic
isVersusGhostWep	1	EquipParamWeapon
isVisibleDeadChr	1	SpEffectVfxParam
isVsRideAtk	2	AtkParam_Npc,AtkParam_Pc
isWaitModeDelete	1	SpEffectParam
isWarpMagic	1	Magic
isWarpProhibited	1	EquipParamGoods
isWeakA	1	NpcParam
isWeakB	1	NpcParam
isWeakC	1	NpcParam
isWeakD	1	NpcParam
isWeakE	1	NpcParam
isWeakF	1	NpcParam
isWeaponCatalyst	1	EquipParamWeapon
item370_MaxSfxNum	1	GameSystemCommonParam
itemDropRate	1	SpEffectParam
itemGetLogAliveTime	1	MenuCommonParam
itemGetTutorialFlagId	2	EquipParamGem,EquipParamGoods
itemId	1	GestureParam
itemLotId_enemy	1	NpcParam
itemLotId_map	1	NpcParam
itemNum01	1	EquipMtrlSetParam
itemNum02	1	EquipMtrlSetParam
itemNum03	1	EquipMtrlSetParam
itemNum04	1	EquipMtrlSetParam
itemNum05	1	EquipMtrlSetParam
itemNum06	1	EquipMtrlSetParam
itemNum_01	1	CharaInitParam
itemNum_02	1	CharaInitParam
itemNum_03	1	CharaInitParam
itemNum_04	1	CharaInitParam
itemNum_05	1	CharaInitParam
itemNum_06	1	CharaInitParam
itemNum_07	1	CharaInitParam
itemNum_08	1	CharaInitParam
itemNum_09	1	CharaInitParam
itemNum_10	1	CharaInitParam
itemSearchRadius	1	NpcParam
item_01	1	CharaInitParam
item_02	1	CharaInitParam
item_03	1	CharaInitParam
item_04	1	CharaInitParam
item_05	1	CharaInitParam
item_06	1	CharaInitParam
item_07	1	CharaInitParam
item_08	1	CharaInitParam
item_09	1	CharaInitParam
item_10	1	CharaInitParam
itemlotParamId	1	RoleParam
judgeRangeBasePosDmyId1	1	ThrowParam
judgeRangeBasePosDmyId2	1	ThrowParam
key	1	KeyAssignMenuItemParam
key1	1	NpcAiActionParam
key2	1	NpcAiActionParam
key3	1	NpcAiActionParam
keyGuideHeightPlayer	1	NetworkParam
keyGuideHeight_1	1	NetworkParam
keyGuideHeight_2	1	NetworkParam
keyGuideRange	1	NetworkParam
keyGuideRangePlayer	1	NetworkParam
keyboardKeyId	3	KeyAssignParam_TypeA,KeyAssignParam_TypeB,KeyAssignParam_TypeC
keyboardModifyKey	3	KeyAssignParam_TypeA,KeyAssignParam_TypeB,KeyAssignParam_TypeC
kgIconScale	1	MenuCommonParam
kgIconScale_forConfig	1	MenuCommonParam
kgIconScale_forTable	1	MenuCommonParam
kgIconVspace	1	MenuCommonParam
kgIconVspace_forConfig	1	MenuCommonParam
kgIconVspace_forTable	1	MenuCommonParam
kickAcceptanceDeg	1	PlayerCommonParam
knockBack	1	EquipParamProtector
knockbackBounceRate	1	EquipParamProtector
knockbackDamp	1	Bullet
knockbackDist	2	AtkParam_Npc,AtkParam_Pc
knockbackParamId	2	EquipParamProtector,NpcParam
knockbackRate	1	NpcParam
ladderEndChkOffsetLow	1	NpcParam
ladderEndChkOffsetTop	1	NpcParam
ladderWarpOffset	1	NpcParam
lanternWep	1	EquipParamWeapon
largeTurnL	1	MoveParam
largeTurnR	1	MoveParam
launchConditionType	1	Bullet
leaveAroundHostWarningTime	1	GameSystemCommonParam
leftBoth_0	1	WepAbsorpPosParam
leftBoth_1	1	WepAbsorpPosParam
leftBoth_2	1	WepAbsorpPosParam
leftBoth_3	1	WepAbsorpPosParam
leftHandEquipable	1	EquipParamWeapon
leftHang_0	1	WepAbsorpPosParam
leftHang_1	1	WepAbsorpPosParam
leftHang_2	1	WepAbsorpPosParam
leftHang_3	1	WepAbsorpPosParam
left_0	1	WepAbsorpPosParam
left_1	1	WepAbsorpPosParam
left_2	1	WepAbsorpPosParam
left_3	1	WepAbsorpPosParam
legEquip	1	EquipParamProtector
lerpMode	1	MenuColorTableParam
levelSyncCorrectId	1	EquipParamWeapon
life	1	Bullet
lifeFrame	1	AiSoundParam
lifeRandomRange	1	Bullet
lifeReductionRate	1	SpEffectParam
lifeReductionType	1	SpEffectParam
lifeTimeSec	1	DecalParam
lifeTime_0	1	NetworkParam
lifeTime_1	1	NetworkParam
lifeTime_forRuntimeCreate	1	AssetEnvironmentGeometryParam
lightColorA	1	PhantomParam
lightColorB	1	PhantomParam
lightColorG	1	PhantomParam
lightColorR	1	PhantomParam
limitCancelSpEffectId	1	Magic
limitNum_byGroup	1	BulletCreateLimitParam
limitationTime_0	1	CoolTimeParam
limitationTime_1	1	CoolTimeParam
limitationTime_2	1	CoolTimeParam
limitationTime_3	1	CoolTimeParam
limitationTime_Guardian	1	WhiteSignCoolTimeParam
limitationTime_GuardianDriedFinger	1	WhiteSignCoolTimeParam
limitationTime_Normal	1	WhiteSignCoolTimeParam
limitationTime_NormalDriedFinger	1	WhiteSignCoolTimeParam
lipSyncStart	1	TalkParam
lipSyncTime	1	TalkParam
loadAssetId	1	NpcParam
localLightDistFactor	5	Gconfig_LightingQuality,Gconfig_LightingQuality_ps4,Gconfig_LightingQuality_ps5,Gconfig_LightingQuality_scarlett,Gconfig_LightingQuality_xboxone
localLightEnabled	3	Gconfig_ReflectionQuality,Gconfig_ReflectionQuality_ps4,Gconfig_ReflectionQuality_xboxone
localLightForceEnabled	3	Gconfig_ReflectionQuality,Gconfig_ReflectionQuality_ps4,Gconfig_ReflectionQuality_xboxone
localLightShadowEnabled	5	Gconfig_LightingQuality,Gconfig_LightingQuality_ps4,Gconfig_LightingQuality_ps5,Gconfig_LightingQuality_scarlett,Gconfig_LightingQuality_xboxone
localLightShadowSpecLevelMax	5	Gconfig_LightingQuality,Gconfig_LightingQuality_ps4,Gconfig_LightingQuality_ps5,Gconfig_LightingQuality_scarlett,Gconfig_LightingQuality_xboxone
locationTextId	1	SignPuddleParam
lockCameraParamId	1	NpcParam
lockDist	1	NpcParam
lockGazePoint0	1	NpcParam
lockGazePoint1	1	NpcParam
lockGazePoint2	1	NpcParam
lockGazePoint3	1	NpcParam
lockGazePoint4	1	NpcParam
lockGazePoint5	1	NpcParam
lockGazePoint6	1	NpcParam
lockGazePoint7	1	NpcParam
lockRotXShiftRatio	1	LockCamParam
lockScoreOffset	1	NpcParam
lockShootLimitAng	1	Bullet
lockTgtKeepTime	1	LockCamParam
lod0ClusterType	3	GrassTypeParam,GrassTypeParam_Lv1,GrassTypeParam_Lv2
lod1ClusterType	3	GrassTypeParam,GrassTypeParam_Lv1,GrassTypeParam_Lv2
lod2ClusterType	3	GrassTypeParam,GrassTypeParam_Lv1,GrassTypeParam_Lv2
lodRange	3	GrassTypeParam,GrassTypeParam_Lv1,GrassTypeParam_Lv2
lodType	1	PartsDrawParam
logicId	1	NpcThinkParam
lookAtTargetPosOffset	1	SpEffectParam
lotItemBasePoint01	2	ItemLotParam_enemy,ItemLotParam_map
lotItemBasePoint02	2	ItemLotParam_enemy,ItemLotParam_map
lotItemBasePoint03	2	ItemLotParam_enemy,ItemLotParam_map
lotItemBasePoint04	2	ItemLotParam_enemy,ItemLotParam_map
lotItemBasePoint05	2	ItemLotParam_enemy,ItemLotParam_map
lotItemBasePoint06	2	ItemLotParam_enemy,ItemLotParam_map
lotItemBasePoint07	2	ItemLotParam_enemy,ItemLotParam_map
lotItemBasePoint08	2	ItemLotParam_enemy,ItemLotParam_map
lotItemCategory01	2	ItemLotParam_enemy,ItemLotParam_map
lotItemCategory02	2	ItemLotParam_enemy,ItemLotParam_map
lotItemCategory03	2	ItemLotParam_enemy,ItemLotParam_map
lotItemCategory04	2	ItemLotParam_enemy,ItemLotParam_map
lotItemCategory05	2	ItemLotParam_enemy,ItemLotParam_map
lotItemCategory06	2	ItemLotParam_enemy,ItemLotParam_map
lotItemCategory07	2	ItemLotParam_enemy,ItemLotParam_map
lotItemCategory08	2	ItemLotParam_enemy,ItemLotParam_map
lotItemId01	2	ItemLotParam_enemy,ItemLotParam_map
lotItemId02	2	ItemLotParam_enemy,ItemLotParam_map
lotItemId03	2	ItemLotParam_enemy,ItemLotParam_map
lotItemId04	2	ItemLotParam_enemy,ItemLotParam_map
lotItemId05	2	ItemLotParam_enemy,ItemLotParam_map
lotItemId06	2	ItemLotParam_enemy,ItemLotParam_map
lotItemId07	2	ItemLotParam_enemy,ItemLotParam_map
lotItemId08	2	ItemLotParam_enemy,ItemLotParam_map
lotItemNum01	2	ItemLotParam_enemy,ItemLotParam_map
lotItemNum02	2	ItemLotParam_enemy,ItemLotParam_map
lotItemNum03	2	ItemLotParam_enemy,ItemLotParam_map
lotItemNum04	2	ItemLotParam_enemy,ItemLotParam_map
lotItemNum05	2	ItemLotParam_enemy,ItemLotParam_map
lotItemNum06	2	ItemLotParam_enemy,ItemLotParam_map
lotItemNum07	2	ItemLotParam_enemy,ItemLotParam_map
lotItemNum08	2	ItemLotParam_enemy,ItemLotParam_map
lotItem_Rarity	2	ItemLotParam_enemy,ItemLotParam_map
lotteryWeight0	1	WeatherLotParam
lotteryWeight1	1	WeatherLotParam
lotteryWeight10	1	WeatherLotParam
lotteryWeight11	1	WeatherLotParam
lotteryWeight12	1	WeatherLotParam
lotteryWeight13	1	WeatherLotParam
lotteryWeight14	1	WeatherLotParam
lotteryWeight15	1	WeatherLotParam
lotteryWeight2	1	WeatherLotParam
lotteryWeight3	1	WeatherLotParam
lotteryWeight4	1	WeatherLotParam
lotteryWeight5	1	WeatherLotParam
lotteryWeight6	1	WeatherLotParam
lotteryWeight7	1	WeatherLotParam
lotteryWeight8	1	WeatherLotParam
lotteryWeight9	1	WeatherLotParam
lowStatus_AtkGuardBreak	1	PlayerCommonParam
lowStatus_AtkPowDown	1	PlayerCommonParam
lowStatus_ConsumeStaminaRate	1	PlayerCommonParam
lowerFpsContinousCount	1	LoadBalancerParam
lowerFpsThreshold	1	LoadBalancerParam
lowerYRange	2	RideParam,ThrowParam
lowerYRange_start	1	ThrowParam
lv01_BorderDist	1	PartsDrawParam
lv01_PlayDist	1	PartsDrawParam
lv12_BorderDist	1	PartsDrawParam
lv12_PlayDist	1	PartsDrawParam
lv23_BorderDist	1	PartsDrawParam
lv23_PlayDist	1	PartsDrawParam
lv34_BorderDist	1	PartsDrawParam
lv34_PlayDist	1	PartsDrawParam
lv45_BorderDist	1	PartsDrawParam
lv45_PlayDist	1	PartsDrawParam
m_RayTracingQuality	1	GraphicsConfig
m_aaQuality	1	GraphicsConfig
m_decalQuality	1	GraphicsConfig
m_dofQuality	1	GraphicsConfig
m_dummy	1	GraphicsConfig
m_effectQuality	1	GraphicsConfig
m_lightingQuality	1	GraphicsConfig
m_motionBlurQuality	1	GraphicsConfig
m_reflectionQuality	1	GraphicsConfig
m_shaderQuality	1	GraphicsConfig
m_shadowQuality	1	GraphicsConfig
m_ssaoQuality	1	GraphicsConfig
m_textureFilterQuality	1	GraphicsConfig
m_volumetricEffectQuality	1	GraphicsConfig
m_waterQuality	1	GraphicsConfig
machingLevelRedSignUpperAbs	1	GameSystemCommonParam
machingLevelRedSignUpperRel	1	GameSystemCommonParam
machingLevelWhiteSignUpperAbs	1	GameSystemCommonParam
machingLevelWhiteSignUpperRel	1	GameSystemCommonParam
machingWeaponLevelUpperRedSign_0	1	GameSystemCommonParam
machingWeaponLevelUpperRedSign_1	1	GameSystemCommonParam
machingWeaponLevelUpperRedSign_10	1	GameSystemCommonParam
machingWeaponLevelUpperRedSign_11	1	GameSystemCommonParam
machingWeaponLevelUpperRedSign_12	1	GameSystemCommonParam
machingWeaponLevelUpperRedSign_13	1	GameSystemCommonParam
machingWeaponLevelUpperRedSign_14	1	GameSystemCommonParam
machingWeaponLevelUpperRedSign_15	1	GameSystemCommonParam
machingWeaponLevelUpperRedSign_16	1	GameSystemCommonParam
machingWeaponLevelUpperRedSign_17	1	GameSystemCommonParam
machingWeaponLevelUpperRedSign_18	1	GameSystemCommonParam
machingWeaponLevelUpperRedSign_19	1	GameSystemCommonParam
machingWeaponLevelUpperRedSign_2	1	GameSystemCommonParam
machingWeaponLevelUpperRedSign_20	1	GameSystemCommonParam
machingWeaponLevelUpperRedSign_21	1	GameSystemCommonParam
machingWeaponLevelUpperRedSign_22	1	GameSystemCommonParam
machingWeaponLevelUpperRedSign_23	1	GameSystemCommonParam
machingWeaponLevelUpperRedSign_24	1	GameSystemCommonParam
machingWeaponLevelUpperRedSign_25	1	GameSystemCommonParam
machingWeaponLevelUpperRedSign_3	1	GameSystemCommonParam
machingWeaponLevelUpperRedSign_4	1	GameSystemCommonParam
machingWeaponLevelUpperRedSign_5	1	GameSystemCommonParam
machingWeaponLevelUpperRedSign_6	1	GameSystemCommonParam
machingWeaponLevelUpperRedSign_7	1	GameSystemCommonParam
machingWeaponLevelUpperRedSign_8	1	GameSystemCommonParam
machingWeaponLevelUpperRedSign_9	1	GameSystemCommonParam
machingWeaponLevelUpperWhiteSign_0	1	GameSystemCommonParam
machingWeaponLevelUpperWhiteSign_1	1	GameSystemCommonParam
machingWeaponLevelUpperWhiteSign_10	1	GameSystemCommonParam
machingWeaponLevelUpperWhiteSign_11	1	GameSystemCommonParam
machingWeaponLevelUpperWhiteSign_12	1	GameSystemCommonParam
machingWeaponLevelUpperWhiteSign_13	1	GameSystemCommonParam
machingWeaponLevelUpperWhiteSign_14	1	GameSystemCommonParam
machingWeaponLevelUpperWhiteSign_15	1	GameSystemCommonParam
machingWeaponLevelUpperWhiteSign_16	1	GameSystemCommonParam
machingWeaponLevelUpperWhiteSign_17	1	GameSystemCommonParam
machingWeaponLevelUpperWhiteSign_18	1	GameSystemCommonParam
machingWeaponLevelUpperWhiteSign_19	1	GameSystemCommonParam
machingWeaponLevelUpperWhiteSign_2	1	GameSystemCommonParam
machingWeaponLevelUpperWhiteSign_20	1	GameSystemCommonParam
machingWeaponLevelUpperWhiteSign_21	1	GameSystemCommonParam
machingWeaponLevelUpperWhiteSign_22	1	GameSystemCommonParam
machingWeaponLevelUpperWhiteSign_23	1	GameSystemCommonParam
machingWeaponLevelUpperWhiteSign_24	1	GameSystemCommonParam
machingWeaponLevelUpperWhiteSign_25	1	GameSystemCommonParam
machingWeaponLevelUpperWhiteSign_3	1	GameSystemCommonParam
machingWeaponLevelUpperWhiteSign_4	1	GameSystemCommonParam
machingWeaponLevelUpperWhiteSign_5	1	GameSystemCommonParam
machingWeaponLevelUpperWhiteSign_6	1	GameSystemCommonParam
machingWeaponLevelUpperWhiteSign_7	1	GameSystemCommonParam
machingWeaponLevelUpperWhiteSign_8	1	GameSystemCommonParam
machingWeaponLevelUpperWhiteSign_9	1	GameSystemCommonParam
madnessAttackPower	1	SpEffectParam
madnessDamageRate	1	SpEffectParam
madnessDefDamageRate	1	SpEffectParam
madnessGuardDefRate	1	ReinforceParamWeapon
madnessGuardResist	2	EquipParamWeapon,NpcParam
madnessGuardResist_MaxCorrect	1	EquipParamWeapon
magGuardCutRate	2	EquipParamWeapon,NpcParam
magGuardCutRate_MaxCorrect	1	EquipParamWeapon
magParamChange	1	SpEffectParam
magRate	1	FinalDamageRateParam
magicAtkRate	1	ReinforceParamWeapon
magicAttackPower	1	SpEffectParam
magicAttackPowerRate	1	SpEffectParam
magicAttackRate	1	SpEffectParam
magicConsumptionRate	1	SpEffectParam
magicDamageCutRate	3	EquipParamProtector,NpcParam,SpEffectParam
magicDefRate	1	ReinforceParamProtector
magicDiffence	1	SpEffectParam
magicDiffenceRate	1	SpEffectParam
magicEffectTimeChange	1	SpEffectParam
magicGuardCutRate	1	ReinforceParamWeapon
magicSubCategoryChange1	1	SpEffectParam
magicSubCategoryChange2	1	SpEffectParam
magicSubCategoryChange3	1	SpEffectParam
mapHitType	2	AtkParam_Npc,AtkParam_Pc
mapId	2	MapGridCreateHeightDetailLimitInfo,WeatherAssetReplaceParam
mapMenuUnlockEventId	1	PlayRegionParam
mapNameId	2	MapNameTexParam,MapNameTexParam_m61
mapRegionId	1	MapGdRegionInfoParam
mapSaveMapNameIdOnGameStart	1	CommonSystemParam
mapStudioLayerId	1	Ceremony
mappingTextID	1	KeyAssignMenuItemParam
markerGoalThreshold	1	MenuCommonParam
maskScale	1	DecalParam
maskSpeffectId	1	DecalParam
maskTextureId	1	DecalParam
matchAreaId	2	PlayRegionParam,SignPuddleParam
matchAreaSignCreateLimitEventFlagId	1	PlayRegionParam
matchDM2_FirstHalfTime	1	GameSystemCommonParam
matchDM2_SecondHalfTime	1	GameSystemCommonParam
matchDM4_FirstHalfTime	1	GameSystemCommonParam
matchDM4_SecondHalfTime	1	GameSystemCommonParam
matchDM6_FirstHalfTime	1	GameSystemCommonParam
matchDM6_SecondHalfTime	1	GameSystemCommonParam
matchDuel_FirstHalfTime	1	GameSystemCommonParam
matchDuel_SecondHalfTime	1	GameSystemCommonParam
matchTM1vs1_FirstHalfTime	1	GameSystemCommonParam
matchTM1vs1_SecondHalfTime	1	GameSystemCommonParam
matchTM2vs2_FirstHalfTime	1	GameSystemCommonParam
matchTM2vs2_SecondHalfTime	1	GameSystemCommonParam
matchTM3vs3_FirstHalfTime	1	GameSystemCommonParam
matchTM3vs3_SecondHalfTime	1	GameSystemCommonParam
matchingLevelArenaUpperAbs	1	GameSystemCommonParam
matchingLevelArenaUpperRel	1	GameSystemCommonParam
matchingSpiritAshLevelUpper_0	1	GameSystemCommonParam
matchingSpiritAshLevelUpper_1	1	GameSystemCommonParam
matchingSpiritAshLevelUpper_10	1	GameSystemCommonParam
matchingSpiritAshLevelUpper_2	1	GameSystemCommonParam
matchingSpiritAshLevelUpper_3	1	GameSystemCommonParam
matchingSpiritAshLevelUpper_4	1	GameSystemCommonParam
matchingSpiritAshLevelUpper_5	1	GameSystemCommonParam
matchingSpiritAshLevelUpper_6	1	GameSystemCommonParam
matchingSpiritAshLevelUpper_7	1	GameSystemCommonParam
matchingSpiritAshLevelUpper_8	1	GameSystemCommonParam
matchingSpiritAshLevelUpper_9	1	GameSystemCommonParam
matchingWeaponLevelUpperArena_0	1	GameSystemCommonParam
matchingWeaponLevelUpperArena_1	1	GameSystemCommonParam
matchingWeaponLevelUpperArena_10	1	GameSystemCommonParam
matchingWeaponLevelUpperArena_11	1	GameSystemCommonParam
matchingWeaponLevelUpperArena_12	1	GameSystemCommonParam
matchingWeaponLevelUpperArena_13	1	GameSystemCommonParam
matchingWeaponLevelUpperArena_14	1	GameSystemCommonParam
matchingWeaponLevelUpperArena_15	1	GameSystemCommonParam
matchingWeaponLevelUpperArena_16	1	GameSystemCommonParam
matchingWeaponLevelUpperArena_17	1	GameSystemCommonParam
matchingWeaponLevelUpperArena_18	1	GameSystemCommonParam
matchingWeaponLevelUpperArena_19	1	GameSystemCommonParam
matchingWeaponLevelUpperArena_2	1	GameSystemCommonParam
matchingWeaponLevelUpperArena_20	1	GameSystemCommonParam
matchingWeaponLevelUpperArena_21	1	GameSystemCommonParam
matchingWeaponLevelUpperArena_22	1	GameSystemCommonParam
matchingWeaponLevelUpperArena_23	1	GameSystemCommonParam
matchingWeaponLevelUpperArena_24	1	GameSystemCommonParam
matchingWeaponLevelUpperArena_25	1	GameSystemCommonParam
matchingWeaponLevelUpperArena_3	1	GameSystemCommonParam
matchingWeaponLevelUpperArena_4	1	GameSystemCommonParam
matchingWeaponLevelUpperArena_5	1	GameSystemCommonParam
matchingWeaponLevelUpperArena_6	1	GameSystemCommonParam
matchingWeaponLevelUpperArena_7	1	GameSystemCommonParam
matchingWeaponLevelUpperArena_8	1	GameSystemCommonParam
matchingWeaponLevelUpperArena_9	1	GameSystemCommonParam
materialCate01	1	EquipMtrlSetParam
materialCate02	1	EquipMtrlSetParam
materialCate03	1	EquipMtrlSetParam
materialCate04	1	EquipMtrlSetParam
materialCate05	1	EquipMtrlSetParam
materialCate06	1	EquipMtrlSetParam
materialId	1	MaterialExParam
materialId01	1	EquipMtrlSetParam
materialId02	1	EquipMtrlSetParam
materialId03	1	EquipMtrlSetParam
materialId04	1	EquipMtrlSetParam
materialId05	1	EquipMtrlSetParam
materialId06	1	EquipMtrlSetParam
materialParamFadeTime	1	SpEffectVfxParam
materialParamId	1	SpEffectVfxParam
materialParamInitValue	1	SpEffectVfxParam
materialParamTargetValue	1	SpEffectVfxParam
materialParamValue0	1	MaterialExParam
materialParamValue1	1	MaterialExParam
materialParamValue2	1	MaterialExParam
materialParamValue3	1	MaterialExParam
materialParamValue4	1	MaterialExParam
materialSe1	1	NpcParam
materialSe2	1	NpcParam
materialSe_Weak1	1	NpcParam
materialSe_Weak2	1	NpcParam
materialSetId	4	EquipParamProtector,EquipParamWeapon,ReinforceParamProtector,ReinforceParamWeapon
materialSfx1	1	NpcParam
materialSfx2	1	NpcParam
materialSfx_Weak1	1	NpcParam
materialSfx_Weak2	1	NpcParam
materialVariationValue	1	NpcParam
materialVariationValue_Weak	1	NpcParam
maxAnisoLevel	3	Gconfig_TextureFilterQuality,Gconfig_TextureFilterQuality_ps4,Gconfig_TextureFilterQuality_xboxone
maxAnklePitchAngle	1	NpcParam
maxAnkleRollAngle	1	NpcParam
maxArrowQuantity	1	EquipParamWeapon
maxBackhomeDist	1	NpcThinkParam
maxBellGuardSummonCount	1	NetworkParam
maxBlurLevel	3	Gconfig_DOFQuality,Gconfig_DOFQuality_ps4,Gconfig_DOFQuality_xboxone
maxBonfireGhostValidRange	1	NetworkParam
maxBreakInTargetListCount	1	NetworkParam
maxCoopBlueSummonCount	1	NetworkParam
maxDecalSfxCreatableSlopeAngleDeg	1	DecalParam
maxDistRecordNum	1	SoundAutoReverbEvaluationDistParam
maxDurability	1	SpEffectParam
maxFilterLevel	3	Gconfig_ShadowQuality,Gconfig_ShadowQuality_ps4,Gconfig_ShadowQuality_xboxone
maxGhostTotalCount	1	NetworkParam
maxHpRate	1	SpEffectParam
maxMpRate	1	SpEffectParam
maxNum	1	EquipParamGoods
maxQuantity	1	Magic
maxReadSignCount	1	NetworkParam
maxReinforceLevel	1	ReinforceParamWeapon
maxReplayIntervalTime	1	NetworkParam
maxRepositoryNum	1	EquipParamGoods
maxSignCellCount_0	1	NetworkParam
maxSignCellCount_1	1	NetworkParam
maxSignPosCorrectionRange	1	NetworkParam
maxSignTotalCount_0	1	NetworkParam
maxSignTotalCount_1	1	NetworkParam
maxStaminaRate	1	SpEffectParam
maxVellocity	1	Bullet
maxVisitListCount	1	NetworkParam
maxWriteSignCount	1	NetworkParam
mayRemoteDetonate	1	Bullet
memoryTargetTryApproachTime	1	EnemyCommonParam
menuIconId	2	ShopLineupParam,ShopLineupParam_Recipe
menuTimezoneStart_Day1_Hour	1	GameSystemCommonParam
menuTimezoneStart_Day1_Minute	1	GameSystemCommonParam
menuTimezoneStart_Day2_Hour	1	GameSystemCommonParam
menuTimezoneStart_Day2_Minute	1	GameSystemCommonParam
menuTimezoneStart_Evening_Hour	1	GameSystemCommonParam
menuTimezoneStart_Evening_Minute	1	GameSystemCommonParam
menuTimezoneStart_Midnight_Hour	1	GameSystemCommonParam
menuTimezoneStart_Midnight_Minute	1	GameSystemCommonParam
menuTimezoneStart_Morning_Hour	1	GameSystemCommonParam
menuTimezoneStart_Morning_Minute	1	GameSystemCommonParam
menuTimezoneStart_Night_Hour	1	GameSystemCommonParam
menuTimezoneStart_Night_Minute	1	GameSystemCommonParam
menuTitleMsgId	2	ShopLineupParam,ShopLineupParam_Recipe
menuType	1	TutorialParam
metallic	1	WetAspectParam
metallicRate	1	WetAspectParam
midstDmyId	1	SpEffectVfxParam
midstSeId	1	SpEffectVfxParam
midstSfxId	1	SpEffectVfxParam
mimicryBeginSfxId0	1	MapMimicryEstablishmentParam
mimicryBeginSfxId1	1	MapMimicryEstablishmentParam
mimicryBeginSfxId2	1	MapMimicryEstablishmentParam
mimicryEndSfxId0	1	MapMimicryEstablishmentParam
mimicryEndSfxId1	1	MapMimicryEstablishmentParam
mimicryEndSfxId2	1	MapMimicryEstablishmentParam
mimicryEstablishment0	1	MapMimicryEstablishmentParam
mimicryEstablishment1	1	MapMimicryEstablishmentParam
mimicryEstablishment2	1	MapMimicryEstablishmentParam
mimicryEstablishmentParamId	2	MimicryEstablishmentTexParam,MimicryEstablishmentTexParam_m61
mimicrySfxId0	1	MapMimicryEstablishmentParam
mimicrySfxId1	1	MapMimicryEstablishmentParam
mimicrySfxId2	1	MapMimicryEstablishmentParam
minBonfireGhostValidRange	1	NetworkParam
minReplayIntervalTime	1	NetworkParam
minSmallPhantomLimitTimeScale	1	NetworkParam
minToughness	1	ToughnessParam
minVellocity	1	Bullet
minWhitePhantomLimitTimeScale	1	NetworkParam
miracleConsumptionRate	1	SpEffectParam
miracleParamChange	1	SpEffectParam
model0Name	3	GrassTypeParam,GrassTypeParam_Lv1,GrassTypeParam_Lv2
model1Name	3	GrassTypeParam,GrassTypeParam_Lv1,GrassTypeParam_Lv2
modelDispMask0	1	NpcParam
modelDispMask1	1	NpcParam
modelDispMask10	1	NpcParam
modelDispMask11	1	NpcParam
modelDispMask12	1	NpcParam
modelDispMask13	1	NpcParam
modelDispMask14	1	NpcParam
modelDispMask15	1	NpcParam
modelDispMask16	1	NpcParam
modelDispMask17	1	NpcParam
modelDispMask18	1	NpcParam
modelDispMask19	1	NpcParam
modelDispMask2	1	NpcParam
modelDispMask20	1	NpcParam
modelDispMask21	1	NpcParam
modelDispMask22	1	NpcParam
modelDispMask23	1	NpcParam
modelDispMask24	1	NpcParam
modelDispMask25	1	NpcParam
modelDispMask26	1	NpcParam
modelDispMask27	1	NpcParam
modelDispMask28	1	NpcParam
modelDispMask29	1	NpcParam
modelDispMask3	1	NpcParam
modelDispMask30	1	NpcParam
modelDispMask31	1	NpcParam
modelDispMask4	1	NpcParam
modelDispMask5	1	NpcParam
modelDispMask6	1	NpcParam
modelDispMask7	1	NpcParam
modelDispMask8	1	NpcParam
modelDispMask9	1	NpcParam
modelId	1	EquipParamGoods
modelMemoryType	1	ChrModelParam
morningIngameHour	1	GameSystemCommonParam
morningIngameMinute	1	GameSystemCommonParam
morningIngameSecond	1	GameSystemCommonParam
motionBlur_BorderDist	1	PartsDrawParam
motionId0	1	TalkParam
motionId1	1	TalkParam
motionInterval	1	SpEffectParam
mountValue	1	EquipParamGem
mountWepTextId	1	EquipParamGem
mouseKeyId	3	KeyAssignParam_TypeA,KeyAssignParam_TypeB,KeyAssignParam_TypeC
mouseModifyKey	3	KeyAssignParam_TypeA,KeyAssignParam_TypeB,KeyAssignParam_TypeC
moveDir	1	NpcAiActionParam
moveType	2	NpcParam,SpEffectParam
mp	2	Magic,NpcParam
mpEstusFlaskAllocateOffsetForYellowMonk	1	PlayerCommonParam
mpEstusFlaskAllocateRateForYellowMonk	1	PlayerCommonParam
mpEstusFlaskLotPoint	1	NpcParam
mpEstusFlaskRecovery_failedLotPointAdd	1	NpcParam
mpRecoverBaseVel	1	NpcParam
mpRecoverChangeSpeed	1	SpEffectParam
mp_charge	1	Magic
msbEventGeomTreasureInfo_actionButtonParamId_box	1	GameSystemCommonParam
msbEventGeomTreasureInfo_actionButtonParamId_corpse	1	GameSystemCommonParam
msbEventGeomTreasureInfo_actionButtonParamId_shine	1	GameSystemCommonParam
msbEventGeomTreasureInfo_itemGetAnimId_box	1	GameSystemCommonParam
msbEventGeomTreasureInfo_itemGetAnimId_corpse	1	GameSystemCommonParam
msbEventGeomTreasureInfo_itemGetAnimId_shine	1	GameSystemCommonParam
msgAnimId	1	GestureParam
msgId	2	KnowledgeLoadScreenItemParam,TalkParam
msgId_female	1	TalkParam
mtrlId	2	ShopLineupParam,ShopLineupParam_Recipe
mtrlItemId	1	Magic
multiPlayAreaId	2	MapPieceTexParam,MapPieceTexParam_m61
multiPlayAreaOffset	1	Ceremony
multiPlayCorrectionParamId	1	NpcParam
multiPlayHASHostLimitEventFlagId	1	PlayRegionParam
multiPlayStartLimitEventFlagId	1	PlayRegionParam
multiPlayStartLimitEventFlagId_targetFlagState	1	PlayRegionParam
multiplayDisableLifeTime	1	NetworkParam
mySosSignSfxId	1	RoleParam
nameId	1	NpcParam
nameMsgId	2	ShopLineupParam,ShopLineupParam_Recipe
navimeshFlag	1	AssetEnvironmentGeometryParam
navimeshFlagApply	1	AssetEnvironmentGeometryParam
navimeshFlagApply_after	1	AssetEnvironmentGeometryParam
navimeshFlag_after	1	AssetEnvironmentGeometryParam
nearDistance	1	DecalParam
nearSize	1	DecalParam
netPenaltyForgiveItemLimitTime	1	GameSystemCommonParam
netPenaltyPointLanDisconnect	1	GameSystemCommonParam
netPenaltyPointProfileSignout	1	GameSystemCommonParam
netPenaltyPointReboot	1	GameSystemCommonParam
netPenaltyPointThreshold	1	GameSystemCommonParam
netPnaltyPointSuspend	1	GameSystemCommonParam
networkWarpDist	1	NpcParam
neutralAttackPower	1	SpEffectParam
neutralAttackPowerRate	1	SpEffectParam
neutralAttackRate	1	SpEffectParam
neutralDamageCutRate	3	EquipParamProtector,NpcParam,SpEffectParam
nightIngameHour	1	GameSystemCommonParam
nightIngameMinute	1	GameSystemCommonParam
nightIngameSecond	1	GameSystemCommonParam
noDead	1	SpEffectParam
noGenerateCarver	1	AssetEnvironmentGeometryParam
noHitHugeAfterBreak	1	AssetEnvironmentGeometryParam
noIgnitionSfxDmypolyId_0	1	BonfireWarpParam
noIgnitionSfxDmypolyId_1	1	BonfireWarpParam
noIgnitionSfxId_0	1	BonfireWarpParam
noIgnitionSfxId_1	1	BonfireWarpParam
nolockTargetDist	1	Bullet
nonBattleActLife	1	NpcThinkParam
nonPlayerSummonStartAnimId	1	RoleParam
noonIngameHour	1	GameSystemCommonParam
noonIngameMinute	1	GameSystemCommonParam
noonIngameSecond	1	GameSystemCommonParam
normalBlack	1	NetworkMsgParam
normalChangeAnimChrId	1	NpcParam
normalChangeModelId	1	NpcParam
normalChangeResouceId	1	NpcParam
normalChangeTexChrId	1	NpcParam
normalInfluence	3	GrassTypeParam,GrassTypeParam_Lv1,GrassTypeParam_Lv2
normalSpotChangeRate	1	SpEffectParam
normalTextureId	1	DecalParam
normalWhite	1	NetworkMsgParam
normalWhite_Npc	1	NetworkMsgParam
nose_dist	1	NpcThinkParam
notFindBossTextId	1	GameAreaParam
npc1	1	NetworkMsgParam
npc10	1	NetworkMsgParam
npc11	1	NetworkMsgParam
npc12	1	NetworkMsgParam
npc13	1	NetworkMsgParam
npc14	1	NetworkMsgParam
npc15	1	NetworkMsgParam
npc16	1	NetworkMsgParam
npc17	1	NetworkMsgParam
npc18	1	NetworkMsgParam
npc19	1	NetworkMsgParam
npc2	1	NetworkMsgParam
npc20	1	NetworkMsgParam
npc21	1	NetworkMsgParam
npc3	1	NetworkMsgParam
npc4	1	NetworkMsgParam
npc5	1	NetworkMsgParam
npc6	1	NetworkMsgParam
npc7	1	NetworkMsgParam
npc8	1	NetworkMsgParam
npc9	1	NetworkMsgParam
npcParamId	1	BuddyParam
npcParamId_ridden	1	BuddyParam
npcPlayerAnalogWeightRate_Heavy	1	PlayerCommonParam
npcPlayerAnalogWeightRate_Light	1	PlayerCommonParam
npcPlayerAnalogWeightRate_Normal	1	PlayerCommonParam
npcPlayerAnalogWeightRate_SuperLight	1	PlayerCommonParam
npcPlayerAnalogWeightRate_WeightOver	1	PlayerCommonParam
npcPlayerDrawType	1	CharaInitParam
npcPlayerFaceGenId	1	CharaInitParam
npcPlayerInitParamId	1	BuddyParam
npcPlayerSex	1	CharaInitParam
npcPlayerThinkId	1	CharaInitParam
npcPlayerType	1	CharaInitParam
npcPlayerWeightType	1	NpcParam
npcTalkAnimBeginDiffAngle	1	GameSystemCommonParam
npcTalkAnimEndDiffAngle	1	GameSystemCommonParam
npcTalkTimeOutThreshold	1	GameSystemCommonParam
npcThinkParamId	1	BuddyParam
npcThinkParamId_ridden	1	BuddyParam
npcType	1	NpcParam
numShoot	1	Bullet
objAnimId	1	ObjActParam
objDummyId	1	ObjActParam
observeTime_0	1	CoolTimeParam
observeTime_1	1	CoolTimeParam
observeTime_2	1	CoolTimeParam
observeTime_3	1	CoolTimeParam
ombEnabled	3	Gconfig_MotionBlurQuality,Gconfig_MotionBlurQuality_ps4,Gconfig_MotionBlurQuality_xboxone
onBuddySummon_atBuddyUnsummon_spEffectId_pc	1	GameSystemCommonParam
onBuddySummon_inActivateRange_sfxDmyPolyId	1	GameSystemCommonParam
onBuddySummon_inActivateRange_sfxDmyPolyId_horse	1	GameSystemCommonParam
onBuddySummon_inActivateRange_sfxId	1	GameSystemCommonParam
onBuddySummon_inActivateRange_sfxInterval	1	GameSystemCommonParam
onBuddySummon_inActivateRange_spEffectId_buddy	1	GameSystemCommonParam
onBuddySummon_inActivateRange_spEffectId_pc	1	GameSystemCommonParam
onBuddySummon_inWarnRange_spEffectId_buddy	1	GameSystemCommonParam
onBuddySummon_inWarnRange_spEffectId_pc	1	GameSystemCommonParam
openEventFlagId	1	WorldMapPieceParam
openTravelAreaBottom	1	WorldMapPieceParam
openTravelAreaLeft	1	WorldMapPieceParam
openTravelAreaRight	1	WorldMapPieceParam
openTravelAreaTop	1	WorldMapPieceParam
opmeMenuType	2	EquipParamGoods,Magic
opposeTarget	3	AiSoundParam,AtkParam_Npc,AtkParam_Pc
orientationAngle	3	GrassTypeParam,GrassTypeParam_Lv1,GrassTypeParam_Lv2
orientationRange	3	GrassTypeParam,GrassTypeParam_Lv1,GrassTypeParam_Lv2
originChrInitParam	1	BaseChrSelectMenuParam
originEquipPro	1	EquipParamProtector
originEquipPro1	1	EquipParamProtector
originEquipPro10	1	EquipParamProtector
originEquipPro11	1	EquipParamProtector
originEquipPro12	1	EquipParamProtector
originEquipPro13	1	EquipParamProtector
originEquipPro14	1	EquipParamProtector
originEquipPro15	1	EquipParamProtector
originEquipPro2	1	EquipParamProtector
originEquipPro3	1	EquipParamProtector
originEquipPro4	1	EquipParamProtector
originEquipPro5	1	EquipParamProtector
originEquipPro6	1	EquipParamProtector
originEquipPro7	1	EquipParamProtector
originEquipPro8	1	EquipParamProtector
originEquipPro9	1	EquipParamProtector
originEquipWep	1	EquipParamWeapon
originEquipWep1	1	EquipParamWeapon
originEquipWep10	1	EquipParamWeapon
originEquipWep11	1	EquipParamWeapon
originEquipWep12	1	EquipParamWeapon
originEquipWep13	1	EquipParamWeapon
originEquipWep14	1	EquipParamWeapon
originEquipWep15	1	EquipParamWeapon
originEquipWep16	1	EquipParamWeapon
originEquipWep17	1	EquipParamWeapon
originEquipWep18	1	EquipParamWeapon
originEquipWep19	1	EquipParamWeapon
originEquipWep2	1	EquipParamWeapon
originEquipWep20	1	EquipParamWeapon
originEquipWep21	1	EquipParamWeapon
originEquipWep22	1	EquipParamWeapon
originEquipWep23	1	EquipParamWeapon
originEquipWep24	1	EquipParamWeapon
originEquipWep25	1	EquipParamWeapon
originEquipWep3	1	EquipParamWeapon
originEquipWep4	1	EquipParamWeapon
originEquipWep5	1	EquipParamWeapon
originEquipWep6	1	EquipParamWeapon
originEquipWep7	1	EquipParamWeapon
originEquipWep8	1	EquipParamWeapon
originEquipWep9	1	EquipParamWeapon
otherDisableDistance	1	PlayRegionParam
otherMaxDistance	1	PlayRegionParam
overDexterity	2	EquipParamGoods,Magic
overStrength	1	EquipParamWeapon
overlapCameraDmypolyId	1	NpcParam
overrideActionButtonIdForRide	1	ActionButtonParam
overrideIVLocalLightScale	1	MapGdRegionDrawParam
overrideMapPlaceNameId	1	Ceremony
overrideMaterialId	1	AssetEnvironmentGeometryParam
overrideSaveMapNameId	1	Ceremony
override_burn_scar	1	FaceParam
override_eye_cataract	1	FaceParam
override_eye_cataractColor	1	FaceParam
override_eye_irisColor	1	FaceParam
override_eye_partsId	1	FaceParam
override_eye_scleraColor	1	FaceParam
overwriteActivateRegionEntityId	1	BuddyStoneParam
overwriteAttackElementCorrectId	2	AtkParam_Npc,AtkParam_Pc
overwriteDexterityCorrectRate_byDark	1	AttackElementCorrectParam
overwriteDexterityCorrectRate_byFire	1	AttackElementCorrectParam
overwriteDexterityCorrectRate_byMagic	1	AttackElementCorrectParam
overwriteDexterityCorrectRate_byPhysics	1	AttackElementCorrectParam
overwriteDexterityCorrectRate_byThunder	1	AttackElementCorrectParam
overwriteFaithCorrectRate_byDark	1	AttackElementCorrectParam
overwriteFaithCorrectRate_byFire	1	AttackElementCorrectParam
overwriteFaithCorrectRate_byMagic	1	AttackElementCorrectParam
overwriteFaithCorrectRate_byPhysics	1	AttackElementCorrectParam
overwriteFaithCorrectRate_byThunder	1	AttackElementCorrectParam
overwriteLuckCorrectRate_byDark	1	AttackElementCorrectParam
overwriteLuckCorrectRate_byFire	1	AttackElementCorrectParam
overwriteLuckCorrectRate_byMagic	1	AttackElementCorrectParam
overwriteLuckCorrectRate_byPhysics	1	AttackElementCorrectParam
overwriteLuckCorrectRate_byThunder	1	AttackElementCorrectParam
overwriteMagicCorrectRate_byDark	1	AttackElementCorrectParam
overwriteMagicCorrectRate_byFire	1	AttackElementCorrectParam
overwriteMagicCorrectRate_byMagic	1	AttackElementCorrectParam
overwriteMagicCorrectRate_byPhysics	1	AttackElementCorrectParam
overwriteMagicCorrectRate_byThunder	1	AttackElementCorrectParam
overwriteReturnRange	1	BuddyStoneParam
overwriteStrengthCorrectRate_byDark	1	AttackElementCorrectParam
overwriteStrengthCorrectRate_byFire	1	AttackElementCorrectParam
overwriteStrengthCorrectRate_byMagic	1	AttackElementCorrectParam
overwriteStrengthCorrectRate_byPhysics	1	AttackElementCorrectParam
overwriteStrengthCorrectRate_byThunder	1	AttackElementCorrectParam
overwrite_BackHome_LookTargetDist	1	SpEffectParam
overwrite_backhomeBattleDist	1	SpEffectParam
overwrite_backhomeDist	1	SpEffectParam
overwrite_maxBackhomeDist	1	SpEffectParam
pad	36	BonfireWarpSubCategoryParam,BonfireWarpTabParam,Bullet,BulletCreateLimitParam,CalcCorrectGraph,CharaInitParam,EquipMtrlSetParam,EquipParamCustomWeapon,EquipParamGem,EquipParamGoods,EquipParamProtector,EquipParamWeapon,FaceParam,GrassTypeParam,GrassTypeParam_Lv1,GrassTypeParam_Lv2,HPEstusFlaskRecoveryParam,HitEffectSfxConceptParam,KnockBackParam,LockCamParam,MPEstusFlaskRecoveryParam,Magic,MaterialExParam,MenuOffscrRendParam,MenuPropertySpecParam,PostureControlParam_Gender,PostureControlParam_Pro,PostureControlParam_WepLeft,RandomAppearParam,RideParam,RuntimeBoneControlParam,SeMaterialConvertParam,SoundChrPhysicsSeParam,SpEffectVfxParam,WorldMapPieceParam,WorldMapPointParam
pad0	7	GrassTypeParam,GrassTypeParam_Lv1,GrassTypeParam_Lv2,SoundAutoReverbSelectParam,SoundCutsceneParam,ThrowParam,WepAbsorpPosParam
pad00	1	NetworkParam
pad03	1	EquipParamProtector
pad04	1	EquipParamProtector
pad06	1	EquipParamProtector
pad1	45	AiSoundParam,AtkParam_Npc,AtkParam_Pc,AttackElementCorrectParam,BehaviorParam,BehaviorParam_PC,BonfireWarpParam,BuddyStoneParam,ChrActivateConditionParam,ClearCountCorrectParam,DirectionCameraParam,EquipParamAccessory,EquipParamGoods,FeTextEffectParam,GestureParam,GrassTypeParam,GrassTypeParam_Lv1,GrassTypeParam_Lv2,MapMimicryEstablishmentParam,MapNameTexParam,MapNameTexParam_m61,MapPieceTexParam,MapPieceTexParam_m61,MenuColorTableParam,MimicryEstablishmentTexParam,MimicryEstablishmentTexParam_m61,MultiHPEstusFlaskBonusParam,MultiMPEstusFlaskBonusParam,MultiSoulBonusRateParam,NetworkMsgParam,NpcAiActionParam,ObjActParam,PlayRegionParam,RoleParam,ShopLineupParam,ShopLineupParam_Recipe,TalkParam,ThrowDirectionSfxParam,ThrowParam,ToughnessParam,TutorialParam,WeatherLotTexParam,WeatherLotTexParam_m61,WorldMapLegacyConvParam,WorldMapPlaceNameParam
pad10	2	NetworkParam,RoleParam
pad11	1	NetworkParam
pad12	1	NpcParam
pad13	1	NetworkParam
pad14_0	1	NetworkParam
pad14_1	1	NetworkParam
pad2	41	AtkParam_Npc,AtkParam_Pc,AttackElementCorrectParam,BehaviorParam,BehaviorParam_PC,BonfireWarpParam,BuddyStoneParam,Bullet,BulletCreateLimitParam,Ceremony,CharaInitParam,ChrActivateConditionParam,DirectionCameraParam,EquipParamAccessory,EquipParamGem,EquipParamProtector,FaceParam,FeTextEffectParam,Gconfig_VolumetricEffectQuality,Gconfig_VolumetricEffectQuality_ps4,Gconfig_VolumetricEffectQuality_xboxone,GestureParam,HitMtrlParam,MapNameTexParam,MenuColorTableParam,MenuPropertySpecParam,MimicryEstablishmentTexParam,ObjActParam,PlayRegionParam,ReinforceParamWeapon,RoleParam,ShopLineupParam,ShopLineupParam_Recipe,TalkParam,ThrowParam,ToughnessParam,TutorialParam,WeatherLotTexParam,WorldMapLegacyConvParam,WorldMapPlaceNameParam,WorldMapPointParam
pad2_0	1	WorldMapPointParam
pad2_new	1	NetworkMsgParam
pad3	15	BonfireWarpParam,BuddyStoneParam,Bullet,CharaInitParam,EquipParamAccessory,FeTextEffectParam,MultiPlayCorrectionParam,NpcThinkParam,ShopLineupParam,ShopLineupParam_Recipe,SignPuddleParam,TalkParam,TutorialParam,WorldMapLegacyConvParam,WorldMapPointParam
pad4	10	AtkParam_Npc,AtkParam_Pc,BonfireWarpParam,Bullet,CharaInitParam,HitMtrlParam,NpcThinkParam,PlayRegionParam,WorldMapLegacyConvParam,WorldMapPointParam
pad404	1	EquipParamProtector
pad5	5	AtkParam_Npc,AtkParam_Pc,Bullet,CharaInitParam,PlayRegionParam
pad6	5	AtkParam_Npc,AtkParam_Pc,CharaInitParam,EquipParamGem,NpcThinkParam
pad7	3	AtkParam_Npc,AtkParam_Pc,CharaInitParam
pad8	2	CharaInitParam,NpcThinkParam
padKeyId	3	KeyAssignParam_TypeA,KeyAssignParam_TypeB,KeyAssignParam_TypeC
pad_0	1	NetworkParam
pad_01	1	DecalParam
pad_02	1	DecalParam
pad_03	1	DecalParam
pad_05	1	DecalParam
pad_08	1	DecalParam
pad_09	1	DecalParam
pad_0x34c	1	GameSystemCommonParam
pad_1	2	Magic,NetworkParam
pad_10	1	DecalParam
pad_11	1	DecalParam
pad_12	1	DecalParam
pad_2	1	NetworkParam
pad_cate	1	EquipMtrlSetParam
pad_id	1	EquipMtrlSetParam
pad_num	1	EquipMtrlSetParam
padbit	1	EquipParamProtector
padding	2	KeyAssignMenuItemParam,MenuValueTableParam
padding0	2	WeatherAssetCreateParam,WeatherAssetReplaceParam
padding1	3	ActionButtonParam,WeatherAssetCreateParam,WeatherAssetReplaceParam
padding2	1	ActionButtonParam
padding3	1	ActionButtonParam
padding4	2	ActionButtonParam,WaypointParam
padding5	1	ActionButtonParam
padding6	1	ActionButtonParam
paintDecalTargetTextureSize	1	AssetEnvironmentGeometryParam
paintRenderTargetSize	1	NpcParam
param000	1	NpcAiBehaviorProbability
param001	1	NpcAiBehaviorProbability
param002	1	NpcAiBehaviorProbability
param003	1	NpcAiBehaviorProbability
param004	1	NpcAiBehaviorProbability
param005	1	NpcAiBehaviorProbability
param006	1	NpcAiBehaviorProbability
param007	1	NpcAiBehaviorProbability
param008	1	NpcAiBehaviorProbability
param009	1	NpcAiBehaviorProbability
param010	1	NpcAiBehaviorProbability
param011	1	NpcAiBehaviorProbability
param012	1	NpcAiBehaviorProbability
param013	1	NpcAiBehaviorProbability
param014	1	NpcAiBehaviorProbability
param015	1	NpcAiBehaviorProbability
param016	1	NpcAiBehaviorProbability
param017	1	NpcAiBehaviorProbability
param018	1	NpcAiBehaviorProbability
param019	1	NpcAiBehaviorProbability
param020	1	NpcAiBehaviorProbability
param021	1	NpcAiBehaviorProbability
param022	1	NpcAiBehaviorProbability
param023	1	NpcAiBehaviorProbability
param024	1	NpcAiBehaviorProbability
param025	1	NpcAiBehaviorProbability
param026	1	NpcAiBehaviorProbability
param027	1	NpcAiBehaviorProbability
param028	1	NpcAiBehaviorProbability
param029	1	NpcAiBehaviorProbability
param030	1	NpcAiBehaviorProbability
param031	1	NpcAiBehaviorProbability
param032	1	NpcAiBehaviorProbability
param033	1	NpcAiBehaviorProbability
param034	1	NpcAiBehaviorProbability
param035	1	NpcAiBehaviorProbability
param036	1	NpcAiBehaviorProbability
param037	1	NpcAiBehaviorProbability
param038	1	NpcAiBehaviorProbability
param039	1	NpcAiBehaviorProbability
param040	1	NpcAiBehaviorProbability
param041	1	NpcAiBehaviorProbability
param042	1	NpcAiBehaviorProbability
param043	1	NpcAiBehaviorProbability
param044	1	NpcAiBehaviorProbability
param045	1	NpcAiBehaviorProbability
param046	1	NpcAiBehaviorProbability
param047	1	NpcAiBehaviorProbability
param048	1	NpcAiBehaviorProbability
param049	1	NpcAiBehaviorProbability
param050	1	NpcAiBehaviorProbability
param051	1	NpcAiBehaviorProbability
param052	1	NpcAiBehaviorProbability
param053	1	NpcAiBehaviorProbability
param054	1	NpcAiBehaviorProbability
param055	1	NpcAiBehaviorProbability
param056	1	NpcAiBehaviorProbability
param057	1	NpcAiBehaviorProbability
param058	1	NpcAiBehaviorProbability
param059	1	NpcAiBehaviorProbability
param060	1	NpcAiBehaviorProbability
param061	1	NpcAiBehaviorProbability
param062	1	NpcAiBehaviorProbability
param063	1	NpcAiBehaviorProbability
param064	1	NpcAiBehaviorProbability
param065	1	NpcAiBehaviorProbability
param066	1	NpcAiBehaviorProbability
param067	1	NpcAiBehaviorProbability
param068	1	NpcAiBehaviorProbability
param069	1	NpcAiBehaviorProbability
param070	1	NpcAiBehaviorProbability
param071	1	NpcAiBehaviorProbability
param072	1	NpcAiBehaviorProbability
param073	1	NpcAiBehaviorProbability
param074	1	NpcAiBehaviorProbability
param075	1	NpcAiBehaviorProbability
param076	1	NpcAiBehaviorProbability
param077	1	NpcAiBehaviorProbability
param078	1	NpcAiBehaviorProbability
param079	1	NpcAiBehaviorProbability
param080	1	NpcAiBehaviorProbability
param081	1	NpcAiBehaviorProbability
param082	1	NpcAiBehaviorProbability
param083	1	NpcAiBehaviorProbability
param084	1	NpcAiBehaviorProbability
param085	1	NpcAiBehaviorProbability
param086	1	NpcAiBehaviorProbability
param087	1	NpcAiBehaviorProbability
param088	1	NpcAiBehaviorProbability
param089	1	NpcAiBehaviorProbability
param090	1	NpcAiBehaviorProbability
param091	1	NpcAiBehaviorProbability
param092	1	NpcAiBehaviorProbability
param093	1	NpcAiBehaviorProbability
param094	1	NpcAiBehaviorProbability
param095	1	NpcAiBehaviorProbability
param096	1	NpcAiBehaviorProbability
param097	1	NpcAiBehaviorProbability
param098	1	NpcAiBehaviorProbability
param099	1	NpcAiBehaviorProbability
param100	1	NpcAiBehaviorProbability
param101	1	NpcAiBehaviorProbability
param102	1	NpcAiBehaviorProbability
param103	1	NpcAiBehaviorProbability
param104	1	NpcAiBehaviorProbability
param105	1	NpcAiBehaviorProbability
param106	1	NpcAiBehaviorProbability
param107	1	NpcAiBehaviorProbability
param108	1	NpcAiBehaviorProbability
param109	1	NpcAiBehaviorProbability
param110	1	NpcAiBehaviorProbability
param111	1	NpcAiBehaviorProbability
param112	1	NpcAiBehaviorProbability
param113	1	NpcAiBehaviorProbability
param114	1	NpcAiBehaviorProbability
param115	1	NpcAiBehaviorProbability
param116	1	NpcAiBehaviorProbability
param117	1	NpcAiBehaviorProbability
param118	1	NpcAiBehaviorProbability
param119	1	NpcAiBehaviorProbability
param120	1	NpcAiBehaviorProbability
param121	1	NpcAiBehaviorProbability
param122	1	NpcAiBehaviorProbability
param123	1	NpcAiBehaviorProbability
param124	1	NpcAiBehaviorProbability
param125	1	NpcAiBehaviorProbability
param126	1	NpcAiBehaviorProbability
param127	1	NpcAiBehaviorProbability
param128	1	NpcAiBehaviorProbability
param129	1	NpcAiBehaviorProbability
param130	1	NpcAiBehaviorProbability
param131	1	NpcAiBehaviorProbability
param132	1	NpcAiBehaviorProbability
param133	1	NpcAiBehaviorProbability
param134	1	NpcAiBehaviorProbability
param135	1	NpcAiBehaviorProbability
param136	1	NpcAiBehaviorProbability
param137	1	NpcAiBehaviorProbability
param138	1	NpcAiBehaviorProbability
param139	1	NpcAiBehaviorProbability
param140	1	NpcAiBehaviorProbability
param141	1	NpcAiBehaviorProbability
param142	1	NpcAiBehaviorProbability
param143	1	NpcAiBehaviorProbability
param144	1	NpcAiBehaviorProbability
param145	1	NpcAiBehaviorProbability
param146	1	NpcAiBehaviorProbability
param147	1	NpcAiBehaviorProbability
param148	1	NpcAiBehaviorProbability
param149	1	NpcAiBehaviorProbability
param150	1	NpcAiBehaviorProbability
param151	1	NpcAiBehaviorProbability
param152	1	NpcAiBehaviorProbability
param153	1	NpcAiBehaviorProbability
param154	1	NpcAiBehaviorProbability
param155	1	NpcAiBehaviorProbability
param156	1	NpcAiBehaviorProbability
param157	1	NpcAiBehaviorProbability
param158	1	NpcAiBehaviorProbability
param159	1	NpcAiBehaviorProbability
param160	1	NpcAiBehaviorProbability
param161	1	NpcAiBehaviorProbability
param162	1	NpcAiBehaviorProbability
param163	1	NpcAiBehaviorProbability
param164	1	NpcAiBehaviorProbability
param165	1	NpcAiBehaviorProbability
param166	1	NpcAiBehaviorProbability
param167	1	NpcAiBehaviorProbability
param168	1	NpcAiBehaviorProbability
param169	1	NpcAiBehaviorProbability
param170	1	NpcAiBehaviorProbability
param171	1	NpcAiBehaviorProbability
param172	1	NpcAiBehaviorProbability
param173	1	NpcAiBehaviorProbability
param174	1	NpcAiBehaviorProbability
param175	1	NpcAiBehaviorProbability
param176	1	NpcAiBehaviorProbability
param177	1	NpcAiBehaviorProbability
param178	1	NpcAiBehaviorProbability
param179	1	NpcAiBehaviorProbability
param180	1	NpcAiBehaviorProbability
param181	1	NpcAiBehaviorProbability
param182	1	NpcAiBehaviorProbability
param183	1	NpcAiBehaviorProbability
param184	1	NpcAiBehaviorProbability
param185	1	NpcAiBehaviorProbability
param186	1	NpcAiBehaviorProbability
param187	1	NpcAiBehaviorProbability
param188	1	NpcAiBehaviorProbability
param189	1	NpcAiBehaviorProbability
param190	1	NpcAiBehaviorProbability
param191	1	NpcAiBehaviorProbability
param192	1	NpcAiBehaviorProbability
param193	1	NpcAiBehaviorProbability
param194	1	NpcAiBehaviorProbability
param195	1	NpcAiBehaviorProbability
param196	1	NpcAiBehaviorProbability
param197	1	NpcAiBehaviorProbability
param198	1	NpcAiBehaviorProbability
param199	1	NpcAiBehaviorProbability
paramName	1	MaterialExParam
paramReplaceId	2	HPEstusFlaskRecoveryParam,MPEstusFlaskRecoveryParam
paramReplaceRate	2	HPEstusFlaskRecoveryParam,MPEstusFlaskRecoveryParam
parryAttack	1	NpcParam
parryDamageLife	1	EquipParamWeapon
parryDefence	1	NpcParam
parryForwardOffset	2	AtkParam_Npc,AtkParam_Pc
partsDamageRate	1	EquipParamProtector
partsDamageRate1	1	NpcParam
partsDamageRate2	1	NpcParam
partsDamageRate3	1	NpcParam
partsDamageRate4	1	NpcParam
partsDamageRate5	1	NpcParam
partsDamageRate6	1	NpcParam
partsDamageRate7	1	NpcParam
partsDamageRate8	1	NpcParam
partsDamageType	1	NpcParam
partsDmgType	1	EquipParamProtector
partyGhostDeath_ToFadeOutTime	1	MenuCommonParam
pcFollowType	1	BuddyParam
pcHorseHpRecoverDispThreshold	1	MenuCommonParam
pcPositionSaveLimitEventFlagId	1	PlayRegionParam
pclightScaleByTimezone	1	GameSystemCommonParam
pclightScaleChangeEnd_Hour	1	GameSystemCommonParam
pclightScaleChangeEnd_Minute	1	GameSystemCommonParam
pclightScaleChangeStart_Hour	1	GameSystemCommonParam
pclightScaleChangeStart_Minute	1	GameSystemCommonParam
penaltyForgiveItemLimitTime	1	NetworkParam
penaltyPointBeginPenalize	1	NetworkParam
penaltyPointLanDisconnect	1	NetworkParam
penaltyPointReboot	1	NetworkParam
penaltyPointSignout	1	NetworkParam
penetrationBulletType	1	AssetEnvironmentGeometryParam
penumbraSize	3	Gconfig_RaytracingQuality,Gconfig_RaytracingQuality_ps5,Gconfig_RaytracingQuality_scarlett
phantomParamId	1	RoleParam
phantomParamId_vowRank1	1	RoleParam
phantomParamId_vowRank2	1	RoleParam
phantomParamId_vowRank3	1	RoleParam
phantomParamOverwriteId	1	SpEffectVfxParam
phantomParamOverwriteType	1	SpEffectVfxParam
phantomReturnDelayTime	1	NetworkParam
phantomShaderId	1	NpcParam
phantomWarpMinimumTime	1	NetworkParam
phyisicalKey_0	1	DefaultKeyAssign
phyisicalKey_1	1	DefaultKeyAssign
phyisicalKey_2	1	DefaultKeyAssign
phyisicalKey_3	1	DefaultKeyAssign
phyisicalKey_4	1	DefaultKeyAssign
phyisicalKey_5	1	DefaultKeyAssign
phyisicalKey_6	1	DefaultKeyAssign
phyisicalKey_7	1	DefaultKeyAssign
physGuardCutRate	2	EquipParamWeapon,NpcParam
physGuardCutRate_MaxCorrect	1	EquipParamWeapon
physRate	1	FinalDamageRateParam
physicsAtkRate	1	ReinforceParamWeapon
physicsAttackPower	1	SpEffectParam
physicsAttackPowerRate	1	SpEffectParam
physicsAttackRate	1	SpEffectParam
physicsDefRate	1	ReinforceParamProtector
physicsDiffence	1	SpEffectParam
physicsDiffenceRate	1	SpEffectParam
physicsGuardCutRate	1	ReinforceParamWeapon
pickUpActionButtonParamId	1	AssetEnvironmentGeometryParam
pickUpBerserkerSignSpEffectBulletId	1	GameSystemCommonParam
pickUpItemLotParamId	1	AssetEnvironmentGeometryParam
pickUpReplacementActionButtonParamId	1	AssetEnvironmentGeometryParam
pickUpReplacementAnimIdOffset	1	AssetEnvironmentGeometryParam
pickUpReplacementEventFlag	1	AssetEnvironmentGeometryParam
pickUpReplacementItemLotParamId	1	AssetEnvironmentGeometryParam
pitchAngle	1	DecalParam
platoonReplyAddRandomTime	1	NpcThinkParam
platoonReplyTime	1	NpcThinkParam
playCategory	1	SpEffectVfxParam
playPriority	1	SpEffectVfxParam
playRegionCollectDist	1	GameSystemCommonParam
playerAnimId	1	ObjActParam
playerFootEffect_bySFX	1	PlayerCommonParam
playerMaxHpLimit	1	MenuCommonParam
playerMaxMpLimit	1	MenuCommonParam
playerMaxSaLimit	1	MenuCommonParam
playerMaxSpLimit	1	MenuCommonParam
poisonDefDamageRate	1	SpEffectParam
poisonGuardResist	2	EquipParamWeapon,NpcParam
poisonGuardResistRate	1	ReinforceParamWeapon
poisonGuardResist_MaxCorrect	1	EquipParamWeapon
poizonAttackPower	1	SpEffectParam
pomHightScale	1	DecalParam
pomSampleMax	1	DecalParam
pomSampleMin	1	DecalParam
posX	5	BonfireWarpParam,PlayRegionParam,SignPuddleParam,WorldMapPlaceNameParam,WorldMapPointParam
posX_forDistViewMark	1	WorldMapPointParam
posY	5	BonfireWarpParam,PlayRegionParam,SignPuddleParam,WorldMapPlaceNameParam,WorldMapPointParam
posY_forDistViewMark	1	WorldMapPointParam
posZ	5	BonfireWarpParam,PlayRegionParam,SignPuddleParam,WorldMapPlaceNameParam,WorldMapPointParam
posZ_forDistViewMark	1	WorldMapPointParam
postProcessAA	1	LoadBalancerParam
postProcessBloom	1	LoadBalancerParam
postProcessDOF	1	LoadBalancerParam
postProcessGlow	1	LoadBalancerParam
postProcessLightShaft	1	LoadBalancerParam
postProcessMotionBlur	1	LoadBalancerParam
postProcessMotionBlurIteration	1	LoadBalancerParam
postProcessSSAO	1	LoadBalancerParam
postureControlId	1	EquipParamProtector
postureControlId_Left	1	EquipParamWeapon
postureControlId_Right	1	EquipParamWeapon
potGroupId	1	EquipParamGoods
preActionSfxDmypolyId	1	ObjActParam
preActionSfxId	1	ObjActParam
preOpeningMovie_WaitSec	1	MenuCommonParam
predictionShootObserveTime	1	Bullet
prevVelocityDirRate	1	Bullet
previewChrWaitingTime	1	NetworkParam
previewMode	1	CharMakeMenuTopParam
priority	3	AiSoundParam,DecalParam,NetworkMsgParam
priority0	1	DefaultKeyAssign
priority1	1	DefaultKeyAssign
priority10	1	DefaultKeyAssign
priority11	1	DefaultKeyAssign
priority12	1	DefaultKeyAssign
priority13	1	DefaultKeyAssign
priority14	1	DefaultKeyAssign
priority15	1	DefaultKeyAssign
priority16	1	DefaultKeyAssign
priority17	1	DefaultKeyAssign
priority18	1	DefaultKeyAssign
priority19	1	DefaultKeyAssign
priority2	1	DefaultKeyAssign
priority20	1	DefaultKeyAssign
priority21	1	DefaultKeyAssign
priority22	1	DefaultKeyAssign
priority23	1	DefaultKeyAssign
priority24	1	DefaultKeyAssign
priority25	1	DefaultKeyAssign
priority26	1	DefaultKeyAssign
priority27	1	DefaultKeyAssign
priority28	1	DefaultKeyAssign
priority29	1	DefaultKeyAssign
priority3	1	DefaultKeyAssign
priority30	1	DefaultKeyAssign
priority31	1	DefaultKeyAssign
priority4	1	DefaultKeyAssign
priority5	1	DefaultKeyAssign
priority6	1	DefaultKeyAssign
priority7	1	DefaultKeyAssign
priority8	1	DefaultKeyAssign
priority9	1	DefaultKeyAssign
proCorrectionRate	1	ToughnessParam
properAgility	1	EquipParamWeapon
properFaith	1	EquipParamWeapon
properLuck	1	EquipParamWeapon
properMagic	1	EquipParamWeapon
properStrength	1	EquipParamWeapon
protectorCategory	1	EquipParamProtector
pushOutCamRegionRadius	1	NpcParam
putVertical	1	DecalParam
quickMatchReplenish	2	EquipParamGoods,EquipParamWeapon
quickMatchSearchTimeout	1	NetworkParam
quickMatchUseRestriction	1	EquipParamGoods
qwcId	2	EquipParamAccessory,EquipParamProtector
radius	2	ActionButtonParam,AiSoundParam
rainBlockingType	1	AssetEnvironmentGeometryParam
randVaria_Diffuse	1	DecalParam
randVaria_Emissive	1	DecalParam
randVaria_Height	1	DecalParam
randVaria_Mask	1	DecalParam
randVaria_Normal	1	DecalParam
randVaria_Reflec	1	DecalParam
randomCreateRadius	1	Bullet
randomPitchMax	1	DecalParam
randomPitchMin	1	DecalParam
randomRollMax	1	DecalParam
randomRollMin	1	DecalParam
randomSizeMax	1	DecalParam
randomSizeMin	1	DecalParam
randomYawMax	1	DecalParam
randomYawMin	1	DecalParam
rangedAttackId	1	NpcThinkParam
rank	2	AiSoundParam,EquipParamGem
rarity	5	EquipParamAccessory,EquipParamGem,EquipParamGoods,EquipParamProtector,EquipParamWeapon
rayCastPassedTime	1	SpEffectParam
reactionId	1	TalkParam
recordDeadingGhostMinTime	1	NetworkParam
recordDeadingGhostTotalTime	1	NetworkParam
recordWanderingGhostMinTime	1	NetworkParam
recordWanderingGhostTime	1	NetworkParam
recoverArtsPoint_Dex	1	SpEffectParam
recoverArtsPoint_Magic	1	SpEffectParam
recoverArtsPoint_Miracle	1	SpEffectParam
recoverArtsPoint_Str	1	SpEffectParam
recoverBelowMaxHpCompletionNoticeSpEffectId	1	GameSystemCommonParam
recurrenceCountBias	3	Gconfig_MotionBlurQuality,Gconfig_MotionBlurQuality_ps4,Gconfig_MotionBlurQuality_xboxone
redHunterVisitor	1	NetworkMsgParam
redHunterVisitor2	1	NetworkMsgParam
redHunter_HostBossAreaGetSoulRate	1	GameSystemCommonParam
redSignLimitEventFlagId_1	1	PlayRegionParam
redSignLimitEventFlagId_1_targetFlagState	1	PlayRegionParam
redSignLimitEventFlagId_2	1	PlayRegionParam
redSignLimitEventFlagId_2_targetFlagState	1	PlayRegionParam
redSignLimitEventFlagId_3	1	PlayRegionParam
redSignLimitEventFlagId_3_targetFlagState	1	PlayRegionParam
red_Falldam	1	CharaInitParam
refCategory	2	EquipParamAccessory,EquipParamGoods
refCategory1	1	Magic
refCategory10	1	Magic
refCategory2	1	Magic
refCategory3	1	Magic
refCategory4	1	Magic
refCategory5	1	Magic
refCategory6	1	Magic
refCategory7	1	Magic
refCategory8	1	Magic
refCategory9	1	Magic
refDrawParamId	1	AssetEnvironmentGeometryParam
refFaceParamId	1	CharMakeMenuTopParam
refId	3	BehaviorParam,BehaviorParam_PC,EquipParamAccessory
refId1	1	Magic
refId10	1	Magic
refId2	1	Magic
refId3	1	Magic
refId4	1	Magic
refId5	1	Magic
refId6	1	Magic
refId7	1	Magic
refId8	1	Magic
refId9	1	Magic
refId_1	1	EquipParamGoods
refId_default	1	EquipParamGoods
refStatus	1	SwordArtsParam
refTextId	1	CharMakeMenuTopParam
refType	3	BehaviorParam,BehaviorParam_PC,Magic
refVirtualWepId	1	EquipParamGoods
reflecColorB	1	DecalParam
reflecColorG	1	DecalParam
reflecColorR	1	DecalParam
reflecTextureId	1	DecalParam
regainGaugeDamage	1	SpEffectParam
regainRate	1	SpEffectParam
regainableHpRateScale	2	AtkParam_Npc,AtkParam_Pc
regainableSlotId	2	AtkParam_Npc,AtkParam_Pc
regainableTimeScale	2	AtkParam_Npc,AtkParam_Pc
regionType	1	ActionButtonParam
registBloodChangeRate	1	SpEffectParam
registCurseChangeRate	1	SpEffectParam
registDiseaseChangeRate	1	SpEffectParam
registFreezeChangeRate	1	SpEffectParam
registMadnessChangeRate	1	SpEffectParam
registPoizonChangeRate	1	SpEffectParam
registSleepChangeRate	1	SpEffectParam
reinforceGoodsId	1	EquipParamGoods
reinforceLv	1	EquipParamCustomWeapon
reinforceMaterialId	1	EquipParamGoods
reinforcePrice	2	EquipParamGoods,EquipParamWeapon
reinforcePriceRate	1	ReinforceParamWeapon
reinforceShopCategory	1	EquipParamWeapon
reinforceTypeId	2	EquipParamProtector,EquipParamWeapon
reloadGhostCellCount	1	NetworkParam
reloadGhostIntervalTime	1	NetworkParam
reloadGhostTotalCount	1	NetworkParam
reloadNewSignCellCount	1	NetworkParam
reloadRandomSignCellCount	1	NetworkParam
reloadSearch_BellGuard_Max	1	NetworkParam
reloadSearch_BellGuard_Min	1	NetworkParam
reloadSearch_CoopBlue_Max	1	NetworkParam
reloadSearch_CoopBlue_Min	1	NetworkParam
reloadSearch_RatKing_Max	1	NetworkParam
reloadSearch_RatKing_Min	1	NetworkParam
reloadSignCellCount_0	1	NetworkParam
reloadSignCellCount_1	1	NetworkParam
reloadSignTotalCount_0	1	NetworkParam
reloadSignTotalCount_1	1	NetworkParam
reloadSignTotalCount_2	1	NetworkParam
reloadVisitListCoolTime	1	NetworkParam
remotePlayerThreatLvNotify_EndNotifyDist	1	GameSystemCommonParam
remotePlayerThreatLvNotify_NotifyDist	1	GameSystemCommonParam
remotePlayerThreatLvNotify_NotifyTime	1	GameSystemCommonParam
remotePlayerThreatLvNotify_ThreatLv	1	GameSystemCommonParam
renderDistance	3	Gconfig_RaytracingQuality,Gconfig_RaytracingQuality_ps5,Gconfig_RaytracingQuality_scarlett
repAtkDmgLv	1	SpEffectParam
repeatHitSfx	2	AtkParam_Npc,AtkParam_Pc
repeatType	1	TutorialParam
repickActionButtonParamId	1	AssetEnvironmentGeometryParam
repickAnimIdOffset	1	AssetEnvironmentGeometryParam
repickItemLotParamId	1	AssetEnvironmentGeometryParam
repickReplacementActionButtonParamId	1	AssetEnvironmentGeometryParam
repickReplacementAnimIdOffset	1	AssetEnvironmentGeometryParam
repickReplacementItemLotParamId	1	AssetEnvironmentGeometryParam
replaceCategory	2	EquipParamGoods,Magic
replaceItemId	1	EquipParamGoods
replaceMagicId	1	Magic
replaceMateiralId_Rain	1	HitMtrlParam
replaceSpEffectId	1	SpEffectParam
replaceTextureId_byMaterial	1	DecalParam
replaningState	1	AiSoundParam
replanningOnFire	1	SpEffectParam
replayBonfireGhostTime	1	NetworkParam
replayBonfireModeRange	1	NetworkParam
replayBonfirePhantomParamId	1	NetworkParam
replayBonfirePhantomParamIdForCodename	1	NetworkParam
replayGhostRangeOnView	1	NetworkParam
replayGhostRangeOutView	1	NetworkParam
reportAnimMemSizeMb	1	ChrModelParam
requestBlackSOS	1	SpEffectParam
requestForceJoinBlackSOS	1	SpEffectParam
requestForceJoinBlackSOS_B	1	SpEffectParam
requestKickSession	1	SpEffectParam
requestLeaveColiseumSession	1	SpEffectParam
requestLeaveSession	1	SpEffectParam
requestNpcInveda	1	SpEffectParam
requestSOS	1	SpEffectParam
requestSearchQuickMatchLimit	1	NetworkParam
requestTimeLeftBothHand	1	PlayerCommonParam
requirementFaith	1	Magic
requirementIntellect	1	Magic
requirementLuck	1	Magic
resId	1	FeTextEffectParam
resereve	1	PartsDrawParam
reserve	16	BaseChrSelectMenuParam,CharaInitParam,GameAreaParam,HitEffectSeParam,HitEffectSfxConceptParam,LegacyDistantViewPartsReplaceParam,LoadBalancerDrawDistScaleParam,LoadBalancerDrawDistScaleParam_ps4,LoadBalancerDrawDistScaleParam_ps5,LoadBalancerDrawDistScaleParam_xb1,LoadBalancerDrawDistScaleParam_xb1x,LoadBalancerDrawDistScaleParam_xss,LoadBalancerDrawDistScaleParam_xsx,PhantomParam,WeatherLotParam,WepAbsorpPosParam
reserve0	9	CommonSystemParam,LoadBalancerNewDrawDistScaleParam_ps4,LoadBalancerNewDrawDistScaleParam_ps5,LoadBalancerNewDrawDistScaleParam_win64,LoadBalancerNewDrawDistScaleParam_xb1,LoadBalancerNewDrawDistScaleParam_xb1x,LoadBalancerNewDrawDistScaleParam_xss,LoadBalancerNewDrawDistScaleParam_xsx,LoadBalancerParam
reserve1	8	LoadBalancerNewDrawDistScaleParam_ps4,LoadBalancerNewDrawDistScaleParam_ps5,LoadBalancerNewDrawDistScaleParam_win64,LoadBalancerNewDrawDistScaleParam_xb1,LoadBalancerNewDrawDistScaleParam_xb1x,LoadBalancerNewDrawDistScaleParam_xss,LoadBalancerNewDrawDistScaleParam_xsx,LoadBalancerParam
reserve2	8	LoadBalancerNewDrawDistScaleParam_ps4,LoadBalancerNewDrawDistScaleParam_ps5,LoadBalancerNewDrawDistScaleParam_win64,LoadBalancerNewDrawDistScaleParam_xb1,LoadBalancerNewDrawDistScaleParam_xb1x,LoadBalancerNewDrawDistScaleParam_xss,LoadBalancerNewDrawDistScaleParam_xsx,SwordArtsParam
reserve3	1	EquipParamGoods
reserve4	1	EquipParamGoods
reserve5	1	EquipParamGoods
reserve_0	3	AssetModelSfxParam,BudgetParam,WetAspectParam
reserve_1	3	AssetModelSfxParam,BudgetParam,WetAspectParam
reserve_2	2	AssetModelSfxParam,WetAspectParam
reserve_3	2	AssetModelSfxParam,WetAspectParam
reserve_4	2	AssetModelSfxParam,WetAspectParam
reserve_5	1	AssetModelSfxParam
reserve_6	1	AssetModelSfxParam
reserve_7	1	AssetModelSfxParam
reserved	10	CharMakeMenuListItemParam,CharMakeMenuTopParam,CutsceneGparamTimeParam,CutsceneGparamWeatherParam,CutsceneMapIdParam,KeyAssignParam_TypeA,KeyAssignParam_TypeB,KeyAssignParam_TypeC,MenuPropertyLayoutParam,SoundCutsceneParam
reserved0	2	EnemyCommonParam,WeatherAssetReplaceParam
reserved02	2	GraphicsCommonParam,PlayerCommonParam
reserved04	1	GraphicsCommonParam
reserved1	2	CutsceneGparamWeatherParam,WeatherAssetReplaceParam
reserved17	1	MenuCommonParam
reserved18	1	EnemyCommonParam
reserved2	4	CharMakeMenuTopParam,CutsceneGparamWeatherParam,SoundCutsceneParam,WeatherAssetReplaceParam
reserved23	1	PlayerCommonParam
reserved27	1	PlayerCommonParam
reserved2_canMountWep	1	EquipParamGem
reserved33	1	MenuCommonParam
reserved38	1	PlayerCommonParam
reserved41	1	PlayerCommonParam
reserved45	1	PlayerCommonParam
reserved5	1	EnemyCommonParam
reserved8	1	MenuCommonParam
reserved_123	1	PlayerCommonParam
reserved_2	1	CutsceneMapIdParam
reserved_canMountWep_0x3d_4	1	EquipParamGem
residentMaterialExParamId00	1	NpcParam
residentMaterialExParamId01	1	NpcParam
residentMaterialExParamId02	1	NpcParam
residentMaterialExParamId03	1	NpcParam
residentMaterialExParamId04	1	NpcParam
residentSeDmypolyId0	1	AssetEnvironmentGeometryParam
residentSeDmypolyId1	1	AssetEnvironmentGeometryParam
residentSeDmypolyId2	1	AssetEnvironmentGeometryParam
residentSeDmypolyId3	1	AssetEnvironmentGeometryParam
residentSeId0	1	AssetEnvironmentGeometryParam
residentSeId1	1	AssetEnvironmentGeometryParam
residentSeId2	1	AssetEnvironmentGeometryParam
residentSeId3	1	AssetEnvironmentGeometryParam
residentSfxId_1	1	EquipParamWeapon
residentSfxId_2	1	EquipParamWeapon
residentSfxId_3	1	EquipParamWeapon
residentSfxId_4	1	EquipParamWeapon
residentSfx_1_IsVisibleForHang	1	EquipParamWeapon
residentSfx_2_IsVisibleForHang	1	EquipParamWeapon
residentSfx_3_IsVisibleForHang	1	EquipParamWeapon
residentSfx_4_IsVisibleForHang	1	EquipParamWeapon
residentSfx_DmyId_1	1	EquipParamWeapon
residentSfx_DmyId_2	1	EquipParamWeapon
residentSfx_DmyId_3	1	EquipParamWeapon
residentSfx_DmyId_4	1	EquipParamWeapon
residentSpEffectId	2	EquipParamProtector,EquipParamWeapon
residentSpEffectId1	4	EquipParamAccessory,EquipParamWeapon,ReinforceParamProtector,ReinforceParamWeapon
residentSpEffectId2	5	EquipParamAccessory,EquipParamProtector,EquipParamWeapon,ReinforceParamProtector,ReinforceParamWeapon
residentSpEffectId3	4	EquipParamAccessory,EquipParamProtector,ReinforceParamProtector,ReinforceParamWeapon
residentSpEffectId4	1	EquipParamAccessory
resistBlood	1	EquipParamProtector
resistBloodRate	1	ReinforceParamProtector
resistCorrectId_blood	1	NpcParam
resistCorrectId_curse	1	NpcParam
resistCorrectId_disease	1	NpcParam
resistCorrectId_freeze	1	NpcParam
resistCorrectId_madness	1	NpcParam
resistCorrectId_poison	1	NpcParam
resistCorrectId_sleep	1	NpcParam
resistCurse	1	EquipParamProtector
resistCurseItemId	1	PlayerCommonParam
resistCurseItemLotParamId_map	1	PlayerCommonParam
resistCurseItemMaxNum	1	PlayerCommonParam
resistCurseItemSpEffectBaseId	1	PlayerCommonParam
resistCurseRate	1	ReinforceParamProtector
resistDisease	1	EquipParamProtector
resistDiseaseRate	1	ReinforceParamProtector
resistFreeze	1	EquipParamProtector
resistFreezeRate	1	ReinforceParamProtector
resistMadness	1	EquipParamProtector
resistMadnessRate	1	ReinforceParamProtector
resistPoison	1	EquipParamProtector
resistPoisonRate	1	ReinforceParamProtector
resistRecoverPoint_Blood_Enemy	1	PlayerCommonParam
resistRecoverPoint_Blood_Player	1	PlayerCommonParam
resistRecoverPoint_Curse_Enemy	1	PlayerCommonParam
resistRecoverPoint_Curse_Player	1	PlayerCommonParam
resistRecoverPoint_Desease_Enemy	1	PlayerCommonParam
resistRecoverPoint_Desease_Player	1	PlayerCommonParam
resistRecoverPoint_Freeze_Enemy	1	PlayerCommonParam
resistRecoverPoint_Freeze_Player	1	PlayerCommonParam
resistRecoverPoint_Madness_Enemy	1	PlayerCommonParam
resistRecoverPoint_Madness_Player	1	PlayerCommonParam
resistRecoverPoint_Poision_Enemy	1	PlayerCommonParam
resistRecoverPoint_Poision_Player	1	PlayerCommonParam
resistRecoverPoint_Sleep_Enemy	1	PlayerCommonParam
resistRecoverPoint_Sleep_Player	1	PlayerCommonParam
resistSleep	1	EquipParamProtector
resistSleepRate	1	ReinforceParamProtector
resist_blood	1	NpcParam
resist_curse	1	NpcParam
resist_desease	1	NpcParam
resist_freeze	1	NpcParam
resist_madness	1	NpcParam
resist_poison	1	NpcParam
resist_sleep	1	NpcParam
resolutionDivider	3	Gconfig_ReflectionQuality,Gconfig_ReflectionQuality_ps4,Gconfig_ReflectionQuality_xboxone
respawnSpecialEffectActiveCheckerSpEffectId	1	GameSystemCommonParam
restrictSpecialSwordArt	1	EquipParamWeapon
retargetMoveRate	1	NpcParam
retributionMagic_burstDmypolyId	1	PlayerCommonParam
retributionMagic_burstMagicParamId	1	PlayerCommonParam
retributionMagic_damageCountNum	1	PlayerCommonParam
retributionMagic_damageCountRemainTime	1	PlayerCommonParam
retryPointActivatedDialogDelayTime	1	GameSystemCommonParam
retryPointActivatedDialogTextId	1	GameSystemCommonParam
retryPointActivatedPcAnimId	1	GameSystemCommonParam
retryPointAreaRadius	1	GameSystemCommonParam
returnPos	1	TalkParam
reverbType	1	SoundAutoReverbSelectParam
reveredSpiritAshBlessing	1	CharaInitParam
rideCamParamId	1	RideParam
rideJumpRegionDefaultSfxId	1	GameSystemCommonParam
rideJumpoff_SfxHeightOffset	1	GameSystemCommonParam
rideJumpoff_SfxId	1	GameSystemCommonParam
rideJumpoff_SpEffectId	1	GameSystemCommonParam
rideJumpoff_SpEffectIdPc	1	GameSystemCommonParam
ridingSAReceivedRateNotPlayer	1	GameSystemCommonParam
ridingSAReceivedRatePlayer	1	GameSystemCommonParam
rightHandEquipable	1	EquipParamWeapon
rightHang_0	1	WepAbsorpPosParam
rightHang_1	1	WepAbsorpPosParam
rightHang_2	1	WepAbsorpPosParam
rightHang_3	1	WepAbsorpPosParam
right_0	1	WepAbsorpPosParam
right_1	1	WepAbsorpPosParam
right_2	1	WepAbsorpPosParam
right_3	1	WepAbsorpPosParam
roleNameColor	1	RoleParam
roleNameId	2	NpcParam,RoleParam
rosaliaBlack	1	NetworkMsgParam
rotRangeMinX	1	LockCamParam
s1	1	MenuColorTableParam
s2	1	MenuColorTableParam
s3	1	MenuColorTableParam
saAttackPowerRate	1	SpEffectParam
saAttackRate_forVsRideAtk	1	GameSystemCommonParam
saDurability	2	EquipParamProtector,EquipParamWeapon
saDurabilityRate	1	ReinforceParamWeapon
saGuardCutRate	2	EquipParamWeapon,NpcParam
saLargeDamageHitSfx_ForceDamage	1	GameSystemCommonParam
saLargeDamageHitSfx_MinDamage	1	GameSystemCommonParam
saLargeDamageHitSfx_SfxId	1	GameSystemCommonParam
saLargeDamageHitSfx_Threshold	1	GameSystemCommonParam
saRate	1	FinalDamageRateParam
saReceiveDamageRate	1	SpEffectParam
saRecoveryRate	1	NpcParam
saWeaponAtkRate	1	ReinforceParamWeapon
saWeaponDamage	1	EquipParamWeapon
saleValue	5	EquipParamAccessory,EquipParamGem,EquipParamGoods,EquipParamProtector,EquipParamWeapon
sampleCountBias	3	Gconfig_MotionBlurQuality,Gconfig_MotionBlurQuality_ps4,Gconfig_MotionBlurQuality_xboxone
saveCategory	1	SpEffectParam
saveMapNameId	2	MapPieceTexParam,MapPieceTexParam_m61
scadutreeBlessing	1	CharaInitParam
scaleBaseMax	3	GrassTypeParam,GrassTypeParam_Lv1,GrassTypeParam_Lv2
scaleBaseMin	3	GrassTypeParam,GrassTypeParam_Lv1,GrassTypeParam_Lv2
scaleHeightMax	3	GrassTypeParam,GrassTypeParam_Lv1,GrassTypeParam_Lv2
scaleHeightMin	3	GrassTypeParam,GrassTypeParam_Lv1,GrassTypeParam_Lv2
seId	1	FeTextEffectParam
seId_Bullet1	1	Bullet
seId_Bullet2	1	Bullet
seId_Flick	1	Bullet
seId_Hit	1	Bullet
seMaterialId	1	SeMaterialConvertParam
searchEye_angX	1	NpcThinkParam
searchEye_angY	1	NpcThinkParam
searchEye_dist	1	NpcThinkParam
searchTargetLv1ForgetTime	1	NpcThinkParam
searchTargetLv2ForgetTime	1	NpcThinkParam
searchTargetTryApproachTime	1	EnemyCommonParam
searchThreshold_Lv0toLv1	1	NpcThinkParam
searchThreshold_Lv1toLv2	1	NpcThinkParam
secondaryItemNum_01	1	CharaInitParam
secondaryItemNum_02	1	CharaInitParam
secondaryItemNum_03	1	CharaInitParam
secondaryItemNum_04	1	CharaInitParam
secondaryItemNum_05	1	CharaInitParam
secondaryItemNum_06	1	CharaInitParam
secondaryItem_01	1	CharaInitParam
secondaryItem_02	1	CharaInitParam
secondaryItem_03	1	CharaInitParam
secondaryItem_04	1	CharaInitParam
secondaryItem_05	1	CharaInitParam
secondaryItem_06	1	CharaInitParam
selectMinZoomStep	2	BonfireWarpParam,WorldMapPointParam
selfEscCycleCnt	1	ThrowParam
selfEscCycleTime	1	ThrowParam
selfTarget	3	AiSoundParam,AtkParam_Npc,AtkParam_Pc
sellQuantity	2	ShopLineupParam,ShopLineupParam_Recipe
sellValue	5	EquipParamAccessory,EquipParamGem,EquipParamGoods,EquipParamProtector,EquipParamWeapon
sendGlobalEventLogIntervalTime	1	GameSystemCommonParam
sendPlayLogIntervalTime	1	GameSystemCommonParam
setNum	2	ShopLineupParam,ShopLineupParam_Recipe
sftSoftSprite	1	LoadBalancerParam
sfxDistortion	1	LoadBalancerParam
sfxGlow	1	LoadBalancerParam
sfxId_0	1	AssetModelSfxParam
sfxId_00	3	AssetMaterialSfxParam,FootSfxParam,ThrowDirectionSfxParam
sfxId_01	3	AssetMaterialSfxParam,FootSfxParam,ThrowDirectionSfxParam
sfxId_02	3	AssetMaterialSfxParam,FootSfxParam,ThrowDirectionSfxParam
sfxId_03	3	AssetMaterialSfxParam,FootSfxParam,ThrowDirectionSfxParam
sfxId_04	3	AssetMaterialSfxParam,FootSfxParam,ThrowDirectionSfxParam
sfxId_05	3	AssetMaterialSfxParam,FootSfxParam,ThrowDirectionSfxParam
sfxId_06	3	AssetMaterialSfxParam,FootSfxParam,ThrowDirectionSfxParam
sfxId_07	3	AssetMaterialSfxParam,FootSfxParam,ThrowDirectionSfxParam
sfxId_08	3	AssetMaterialSfxParam,FootSfxParam,ThrowDirectionSfxParam
sfxId_09	3	AssetMaterialSfxParam,FootSfxParam,ThrowDirectionSfxParam
sfxId_1	1	AssetModelSfxParam
sfxId_10	3	AssetMaterialSfxParam,FootSfxParam,ThrowDirectionSfxParam
sfxId_100	1	FootSfxParam
sfxId_101	1	FootSfxParam
sfxId_102	1	FootSfxParam
sfxId_103	1	FootSfxParam
sfxId_104	1	FootSfxParam
sfxId_105	1	FootSfxParam
sfxId_106	1	FootSfxParam
sfxId_107	1	FootSfxParam
sfxId_108	1	FootSfxParam
sfxId_109	1	FootSfxParam
sfxId_11	3	AssetMaterialSfxParam,FootSfxParam,ThrowDirectionSfxParam
sfxId_110	1	FootSfxParam
sfxId_111	1	FootSfxParam
sfxId_112	1	FootSfxParam
sfxId_113	1	FootSfxParam
sfxId_114	1	FootSfxParam
sfxId_115	1	FootSfxParam
sfxId_116	1	FootSfxParam
sfxId_117	1	FootSfxParam
sfxId_118	1	FootSfxParam
sfxId_119	1	FootSfxParam
sfxId_12	3	AssetMaterialSfxParam,FootSfxParam,ThrowDirectionSfxParam
sfxId_120	1	FootSfxParam
sfxId_121	1	FootSfxParam
sfxId_122	1	FootSfxParam
sfxId_123	1	FootSfxParam
sfxId_124	1	FootSfxParam
sfxId_125	1	FootSfxParam
sfxId_126	1	FootSfxParam
sfxId_127	1	FootSfxParam
sfxId_128	1	FootSfxParam
sfxId_129	1	FootSfxParam
sfxId_13	3	AssetMaterialSfxParam,FootSfxParam,ThrowDirectionSfxParam
sfxId_130	1	FootSfxParam
sfxId_131	1	FootSfxParam
sfxId_132	1	FootSfxParam
sfxId_133	1	FootSfxParam
sfxId_134	1	FootSfxParam
sfxId_135	1	FootSfxParam
sfxId_136	1	FootSfxParam
sfxId_137	1	FootSfxParam
sfxId_138	1	FootSfxParam
sfxId_139	1	FootSfxParam
sfxId_14	3	AssetMaterialSfxParam,FootSfxParam,ThrowDirectionSfxParam
sfxId_140	1	FootSfxParam
sfxId_141	1	FootSfxParam
sfxId_142	1	FootSfxParam
sfxId_143	1	FootSfxParam
sfxId_144	1	FootSfxParam
sfxId_145	1	FootSfxParam
sfxId_146	1	FootSfxParam
sfxId_147	1	FootSfxParam
sfxId_148	1	FootSfxParam
sfxId_149	1	FootSfxParam
sfxId_15	3	AssetMaterialSfxParam,FootSfxParam,ThrowDirectionSfxParam
sfxId_150	1	FootSfxParam
sfxId_151	1	FootSfxParam
sfxId_152	1	FootSfxParam
sfxId_153	1	FootSfxParam
sfxId_154	1	FootSfxParam
sfxId_155	1	FootSfxParam
sfxId_156	1	FootSfxParam
sfxId_157	1	FootSfxParam
sfxId_158	1	FootSfxParam
sfxId_159	1	FootSfxParam
sfxId_16	3	AssetMaterialSfxParam,FootSfxParam,ThrowDirectionSfxParam
sfxId_160	1	FootSfxParam
sfxId_161	1	FootSfxParam
sfxId_162	1	FootSfxParam
sfxId_163	1	FootSfxParam
sfxId_164	1	FootSfxParam
sfxId_165	1	FootSfxParam
sfxId_166	1	FootSfxParam
sfxId_167	1	FootSfxParam
sfxId_168	1	FootSfxParam
sfxId_169	1	FootSfxParam
sfxId_17	3	AssetMaterialSfxParam,FootSfxParam,ThrowDirectionSfxParam
sfxId_170	1	FootSfxParam
sfxId_171	1	FootSfxParam
sfxId_172	1	FootSfxParam
sfxId_173	1	FootSfxParam
sfxId_174	1	FootSfxParam
sfxId_175	1	FootSfxParam
sfxId_176	1	FootSfxParam
sfxId_177	1	FootSfxParam
sfxId_178	1	FootSfxParam
sfxId_179	1	FootSfxParam
sfxId_18	3	AssetMaterialSfxParam,FootSfxParam,ThrowDirectionSfxParam
sfxId_180	1	FootSfxParam
sfxId_181	1	FootSfxParam
sfxId_182	1	FootSfxParam
sfxId_183	1	FootSfxParam
sfxId_184	1	FootSfxParam
sfxId_185	1	FootSfxParam
sfxId_186	1	FootSfxParam
sfxId_187	1	FootSfxParam
sfxId_188	1	FootSfxParam
sfxId_189	1	FootSfxParam
sfxId_19	3	AssetMaterialSfxParam,FootSfxParam,ThrowDirectionSfxParam
sfxId_190	1	FootSfxParam
sfxId_191	1	FootSfxParam
sfxId_192	1	FootSfxParam
sfxId_193	1	FootSfxParam
sfxId_194	1	FootSfxParam
sfxId_195	1	FootSfxParam
sfxId_196	1	FootSfxParam
sfxId_197	1	FootSfxParam
sfxId_198	1	FootSfxParam
sfxId_199	1	FootSfxParam
sfxId_2	1	AssetModelSfxParam
sfxId_20	3	AssetMaterialSfxParam,FootSfxParam,ThrowDirectionSfxParam
sfxId_21	3	AssetMaterialSfxParam,FootSfxParam,ThrowDirectionSfxParam
sfxId_22	3	AssetMaterialSfxParam,FootSfxParam,ThrowDirectionSfxParam
sfxId_23	3	AssetMaterialSfxParam,FootSfxParam,ThrowDirectionSfxParam
sfxId_24	3	AssetMaterialSfxParam,FootSfxParam,ThrowDirectionSfxParam
sfxId_25	3	AssetMaterialSfxParam,FootSfxParam,ThrowDirectionSfxParam
sfxId_26	3	AssetMaterialSfxParam,FootSfxParam,ThrowDirectionSfxParam
sfxId_27	3	AssetMaterialSfxParam,FootSfxParam,ThrowDirectionSfxParam
sfxId_28	3	AssetMaterialSfxParam,FootSfxParam,ThrowDirectionSfxParam
sfxId_29	3	AssetMaterialSfxParam,FootSfxParam,ThrowDirectionSfxParam
sfxId_3	1	AssetModelSfxParam
sfxId_30	3	AssetMaterialSfxParam,FootSfxParam,ThrowDirectionSfxParam
sfxId_31	2	AssetMaterialSfxParam,FootSfxParam
sfxId_32	1	FootSfxParam
sfxId_33	1	FootSfxParam
sfxId_34	1	FootSfxParam
sfxId_35	1	FootSfxParam
sfxId_36	1	FootSfxParam
sfxId_37	1	FootSfxParam
sfxId_38	1	FootSfxParam
sfxId_39	1	FootSfxParam
sfxId_4	1	AssetModelSfxParam
sfxId_40	1	FootSfxParam
sfxId_41	1	FootSfxParam
sfxId_42	1	FootSfxParam
sfxId_43	1	FootSfxParam
sfxId_44	1	FootSfxParam
sfxId_45	1	FootSfxParam
sfxId_46	1	FootSfxParam
sfxId_47	1	FootSfxParam
sfxId_48	1	FootSfxParam
sfxId_49	1	FootSfxParam
sfxId_5	1	AssetModelSfxParam
sfxId_50	1	FootSfxParam
sfxId_51	1	FootSfxParam
sfxId_52	1	FootSfxParam
sfxId_53	1	FootSfxParam
sfxId_54	1	FootSfxParam
sfxId_55	1	FootSfxParam
sfxId_56	1	FootSfxParam
sfxId_57	1	FootSfxParam
sfxId_58	1	FootSfxParam
sfxId_59	1	FootSfxParam
sfxId_6	1	AssetModelSfxParam
sfxId_60	1	FootSfxParam
sfxId_61	1	FootSfxParam
sfxId_62	1	FootSfxParam
sfxId_63	1	FootSfxParam
sfxId_64	1	FootSfxParam
sfxId_65	1	FootSfxParam
sfxId_66	1	FootSfxParam
sfxId_67	1	FootSfxParam
sfxId_68	1	FootSfxParam
sfxId_69	1	FootSfxParam
sfxId_7	1	AssetModelSfxParam
sfxId_70	1	FootSfxParam
sfxId_71	1	FootSfxParam
sfxId_72	1	FootSfxParam
sfxId_73	1	FootSfxParam
sfxId_74	1	FootSfxParam
sfxId_75	1	FootSfxParam
sfxId_76	1	FootSfxParam
sfxId_77	1	FootSfxParam
sfxId_78	1	FootSfxParam
sfxId_79	1	FootSfxParam
sfxId_80	1	FootSfxParam
sfxId_81	1	FootSfxParam
sfxId_82	1	FootSfxParam
sfxId_83	1	FootSfxParam
sfxId_84	1	FootSfxParam
sfxId_85	1	FootSfxParam
sfxId_86	1	FootSfxParam
sfxId_87	1	FootSfxParam
sfxId_88	1	FootSfxParam
sfxId_89	1	FootSfxParam
sfxId_90	1	FootSfxParam
sfxId_91	1	FootSfxParam
sfxId_92	1	FootSfxParam
sfxId_93	1	FootSfxParam
sfxId_94	1	FootSfxParam
sfxId_95	1	FootSfxParam
sfxId_96	1	FootSfxParam
sfxId_97	1	FootSfxParam
sfxId_98	1	FootSfxParam
sfxId_99	1	FootSfxParam
sfxId_Bullet	1	Bullet
sfxId_Flick	1	Bullet
sfxId_ForceErase	1	Bullet
sfxId_Hit	1	Bullet
sfxLightShaft	1	LoadBalancerParam
sfxParticleHalf	1	LoadBalancerParam
sfxPostureType	1	Bullet
sfxReflection	1	LoadBalancerParam
sfxScaleRenderDistanceScale	1	LoadBalancerParam
sfxSize	1	NpcParam
sfxVariationId	2	EquipParamAccessory,EquipParamGoods
sfxWaterInteraction	1	LoadBalancerParam
shadowBlur	1	LoadBalancerParam
shadowCascade0ResolutionHalf	1	LoadBalancerParam
shadowCascade1ResolutionHalf	1	LoadBalancerParam
shadowDrawAlphaTestDist	1	PartsDrawParam
shadowDrawDist	1	PartsDrawParam
shadowDrawLodOffset	1	PartsDrawParam
shadowFadeRange	1	PartsDrawParam
shamanConsumptionRate	1	SpEffectParam
shamanParamChange	1	SpEffectParam
shareBlockRsMapUidVal	1	SfxBlockResShareParam
shiftAnimeId_RangedAttack	1	NpcThinkParam
shininess	1	WetAspectParam
shininessRate	1	WetAspectParam
shootAngle	1	Bullet
shootAngleInterval	1	Bullet
shootAngleXInterval	1	Bullet
shootAngleXMaxRandom	1	Bullet
shootAngleXZ	1	Bullet
shootAngleYMaxRandom	1	Bullet
shootInterval	1	Bullet
shopLv	3	EquipParamAccessory,EquipParamGoods,EquipParamProtector
showDialogCondType	5	EquipParamAccessory,EquipParamGem,EquipParamGoods,EquipParamProtector,EquipParamWeapon
showLogCondType	5	EquipParamAccessory,EquipParamGem,EquipParamGoods,EquipParamProtector,EquipParamWeapon
sideUndulationLimit	1	NpcParam
sightRangeLowerPromiseRate	1	GameSystemCommonParam
sightSearchAdd	1	SpEffectParam
sightSearchCutIgnore	1	SpEffectParam
sightSearchEnemyAdd	1	SpEffectParam
sightSearchEnemyRate	1	SpEffectParam
sightSearchRate	1	SpEffectParam
signAimId_1	1	PlayRegionParam
signAimId_2	1	PlayRegionParam
signAimId_3	1	PlayRegionParam
signAimId_4	1	PlayRegionParam
signAimId_5	1	PlayRegionParam
signAimId_6	1	PlayRegionParam
signAimId_7	1	PlayRegionParam
signAimId_8	1	PlayRegionParam
signCreatableDistFromSafePos	1	GameSystemCommonParam
signDisplayMax	1	NetworkParam
signDownloadSpan	1	NetworkParam
signPad	1	NetworkParam
signPhantomId	1	RoleParam
signPuddleActiveMessageIntervalSec	1	NetworkParam
signPuddleAppearDmypolyId0	1	GameSystemCommonParam
signPuddleAppearDmypolyId1	1	GameSystemCommonParam
signPuddleAppearDmypolyId2	1	GameSystemCommonParam
signPuddleAppearDmypolyId3	1	GameSystemCommonParam
signPuddleAssetId	1	GameSystemCommonParam
signPuddleCategoryText	1	SignPuddleSubCategoryParam
signPuddleMatchAreasNum	1	NetworkParam
signPuddleOpenDialogDelayTime	1	GameSystemCommonParam
signPuddleOpenEventFlagId	1	PlayRegionParam
signPuddleOpenPcAnimId	1	GameSystemCommonParam
signPuddleSendInterval	1	NetworkParam
signPuddleTabId	1	SignPuddleSubCategoryParam
signPuddleUpdateSignInterval	1	NetworkParam
signSubCategoryId	1	SignPuddleParam
signUpdateSpan	1	NetworkParam
signVerticalOffset	1	NetworkParam
signVisibleRange_0	1	NetworkParam
signVisibleRange_1	1	NetworkParam
signVisibleRange_2	1	NetworkParam
simpleModelForDlc	2	EquipParamProtector,EquipParamWeapon
simpleModelName	3	GrassTypeParam,GrassTypeParam_Lv1,GrassTypeParam_Lv2
singGetMax	1	NetworkParam
siniScale	1	DecalParam
sinnerHeroWhite	1	NetworkMsgParam
sinnerHunterVisitor	1	NetworkMsgParam
skin_color_B	2	FaceParam,FaceRangeParam
skin_color_G	2	FaceParam,FaceRangeParam
skin_color_R	2	FaceParam,FaceRangeParam
skin_gloss	2	FaceParam,FaceRangeParam
skin_pores	2	FaceParam,FaceRangeParam
skipArrivalVisibleCheck	1	NpcThinkParam
slashAttackPower	1	SpEffectParam
slashAttackPowerRate	1	SpEffectParam
slashAttackRate	1	SpEffectParam
slashDamageCutRate	3	EquipParamProtector,NpcParam,SpEffectParam
slashDefRate	1	ReinforceParamProtector
slashGuardCutRate	2	EquipParamWeapon,NpcParam
sleepAttackPower	1	SpEffectParam
sleepCollectorItemActionButtonParamId	1	GameSystemCommonParam
sleepCollectorItemLotId_enemy	1	NpcParam
sleepCollectorItemLotId_map	1	NpcParam
sleepCollectorSpEffectId	1	GameSystemCommonParam
sleepDamageRate	1	SpEffectParam
sleepDefDamageRate	1	SpEffectParam
sleepGuardDefRate	1	ReinforceParamWeapon
sleepGuardResist	2	EquipParamWeapon,NpcParam
sleepGuardResist_MaxCorrect	1	EquipParamWeapon
slidingBulletHitType	1	AssetEnvironmentGeometryParam
slot0	1	RandomAppearParam
slot1	1	RandomAppearParam
slot10	1	RandomAppearParam
slot11	1	RandomAppearParam
slot12	1	RandomAppearParam
slot13	1	RandomAppearParam
slot14	1	RandomAppearParam
slot15	1	RandomAppearParam
slot16	1	RandomAppearParam
slot17	1	RandomAppearParam
slot18	1	RandomAppearParam
slot19	1	RandomAppearParam
slot2	1	RandomAppearParam
slot20	1	RandomAppearParam
slot21	1	RandomAppearParam
slot22	1	RandomAppearParam
slot23	1	RandomAppearParam
slot24	1	RandomAppearParam
slot25	1	RandomAppearParam
slot26	1	RandomAppearParam
slot27	1	RandomAppearParam
slot28	1	RandomAppearParam
slot29	1	RandomAppearParam
slot3	1	RandomAppearParam
slot30	1	RandomAppearParam
slot31	1	RandomAppearParam
slot32	1	RandomAppearParam
slot33	1	RandomAppearParam
slot34	1	RandomAppearParam
slot35	1	RandomAppearParam
slot36	1	RandomAppearParam
slot37	1	RandomAppearParam
slot38	1	RandomAppearParam
slot39	1	RandomAppearParam
slot4	1	RandomAppearParam
slot40	1	RandomAppearParam
slot41	1	RandomAppearParam
slot42	1	RandomAppearParam
slot43	1	RandomAppearParam
slot44	1	RandomAppearParam
slot45	1	RandomAppearParam
slot46	1	RandomAppearParam
slot47	1	RandomAppearParam
slot48	1	RandomAppearParam
slot49	1	RandomAppearParam
slot5	1	RandomAppearParam
slot50	1	RandomAppearParam
slot51	1	RandomAppearParam
slot52	1	RandomAppearParam
slot53	1	RandomAppearParam
slot54	1	RandomAppearParam
slot55	1	RandomAppearParam
slot56	1	RandomAppearParam
slot57	1	RandomAppearParam
slot58	1	RandomAppearParam
slot59	1	RandomAppearParam
slot6	1	RandomAppearParam
slot60	1	RandomAppearParam
slot61	1	RandomAppearParam
slot62	1	RandomAppearParam
slot63	1	RandomAppearParam
slot64	1	RandomAppearParam
slot65	1	RandomAppearParam
slot66	1	RandomAppearParam
slot67	1	RandomAppearParam
slot68	1	RandomAppearParam
slot69	1	RandomAppearParam
slot7	1	RandomAppearParam
slot70	1	RandomAppearParam
slot71	1	RandomAppearParam
slot72	1	RandomAppearParam
slot73	1	RandomAppearParam
slot74	1	RandomAppearParam
slot75	1	RandomAppearParam
slot76	1	RandomAppearParam
slot77	1	RandomAppearParam
slot78	1	RandomAppearParam
slot79	1	RandomAppearParam
slot8	1	RandomAppearParam
slot80	1	RandomAppearParam
slot81	1	RandomAppearParam
slot82	1	RandomAppearParam
slot83	1	RandomAppearParam
slot84	1	RandomAppearParam
slot85	1	RandomAppearParam
slot86	1	RandomAppearParam
slot87	1	RandomAppearParam
slot88	1	RandomAppearParam
slot89	1	RandomAppearParam
slot9	1	RandomAppearParam
slot90	1	RandomAppearParam
slot91	1	RandomAppearParam
slot92	1	RandomAppearParam
slot93	1	RandomAppearParam
slot94	1	RandomAppearParam
slot95	1	RandomAppearParam
slot96	1	RandomAppearParam
slot97	1	RandomAppearParam
slot98	1	RandomAppearParam
slot99	1	RandomAppearParam
slotLength	1	Magic
smallGoldSuccessHostRewardId	1	NetworkParam
smallKeywordLimitTimeScale	1	NetworkParam
snipeModeDrawAlpha_FadeTime	1	PlayerCommonParam
softParticleEnabled	3	Gconfig_EffectQuality,Gconfig_EffectQuality_ps4,Gconfig_EffectQuality_xboxone
soloBreakInMaxPoint	1	GameSystemCommonParam
soloBreakInPoint_Max	1	GameAreaParam
soloBreakInPoint_Min	1	GameAreaParam
soloPlayDeath_ToFadeOutTime	1	MenuCommonParam
sortGroupId	5	EquipParamAccessory,EquipParamGem,EquipParamGoods,EquipParamProtector,EquipParamWeapon
sortId	9	BonfireWarpSubCategoryParam,BonfireWarpTabParam,EquipParamAccessory,EquipParamGem,EquipParamGoods,EquipParamProtector,EquipParamWeapon,Magic,SignPuddleParam
sosSignSfxId	1	RoleParam
soul	2	CharaInitParam,SpEffectParam
soulLv	1	CharaInitParam
soulParamIdForWepEnchant	1	SpEffectVfxParam
soulRate	1	SpEffectParam
soulStealRate	1	SpEffectParam
soundBankId	1	AssetEnvironmentGeometryParam
soundBehaviorId	1	AiSoundParam
soundBehaviorId01	1	NpcThinkParam
soundBehaviorId02	1	NpcThinkParam
soundBehaviorId03	1	NpcThinkParam
soundBehaviorId04	1	NpcThinkParam
soundBehaviorId05	1	NpcThinkParam
soundBehaviorId06	1	NpcThinkParam
soundBehaviorId07	1	NpcThinkParam
soundBehaviorId08	1	NpcThinkParam
soundBreakSECpId	1	AssetEnvironmentGeometryParam
soundBreakSEId	1	AssetEnvironmentGeometryParam
soundTargetTryApproachTime	1	EnemyCommonParam
spAtkcategory	1	EquipParamWeapon
spAttribute	5	AtkParam_Npc,AtkParam_Pc,Bullet,EquipParamWeapon,SpEffectParam
spAttributeVariationValue	4	AtkParam_Npc,AtkParam_Pc,EquipParamWeapon,SpEffectParam
spBulletDistUpRate	1	Bullet
spCategory	1	SpEffectParam
spEffectAtkPowerCorrectRate_byDmg	2	AtkParam_Npc,AtkParam_Pc
spEffectAtkPowerCorrectRate_byPoint	2	AtkParam_Npc,AtkParam_Pc
spEffectAtkPowerCorrectRate_byRate	2	AtkParam_Npc,AtkParam_Pc
spEffectBehaviorId0	1	EquipParamWeapon
spEffectBehaviorId1	1	EquipParamWeapon
spEffectBehaviorId2	1	EquipParamWeapon
spEffectCategory	3	EquipParamAccessory,EquipParamGoods,Magic
spEffectID0	2	NpcParam,RoleParam
spEffectID1	2	NpcParam,RoleParam
spEffectID10	1	NpcParam
spEffectID11	1	NpcParam
spEffectID12	1	NpcParam
spEffectID13	1	NpcParam
spEffectID14	1	NpcParam
spEffectID15	1	NpcParam
spEffectID16	1	NpcParam
spEffectID17	1	NpcParam
spEffectID18	1	NpcParam
spEffectID19	1	NpcParam
spEffectID2	2	NpcParam,RoleParam
spEffectID20	1	NpcParam
spEffectID21	1	NpcParam
spEffectID22	1	NpcParam
spEffectID23	1	NpcParam
spEffectID24	1	NpcParam
spEffectID25	1	NpcParam
spEffectID26	1	NpcParam
spEffectID27	1	NpcParam
spEffectID28	1	NpcParam
spEffectID29	1	NpcParam
spEffectID3	2	NpcParam,RoleParam
spEffectID30	1	NpcParam
spEffectID31	1	NpcParam
spEffectID4	2	NpcParam,RoleParam
spEffectID5	2	NpcParam,RoleParam
spEffectID6	2	NpcParam,RoleParam
spEffectID7	2	NpcParam,RoleParam
spEffectID8	2	NpcParam,RoleParam
spEffectID9	2	NpcParam,RoleParam
spEffectIDForShooter	1	Bullet
spEffectID_vowRank0	1	RoleParam
spEffectID_vowRank1	1	RoleParam
spEffectID_vowRank2	1	RoleParam
spEffectID_vowRank3	1	RoleParam
spEffectId	1	ToughnessParam
spEffectId0	5	AtkParam_Npc,AtkParam_Pc,Bullet,EquipParamGem,TalkParam
spEffectId1	7	AtkParam_Npc,AtkParam_Pc,Bullet,EquipParamGem,ReinforceParamWeapon,SpEffectSetParam,TalkParam
spEffectId2	6	AtkParam_Npc,AtkParam_Pc,Bullet,EquipParamGem,ReinforceParamWeapon,SpEffectSetParam
spEffectId3	5	AtkParam_Npc,AtkParam_Pc,Bullet,ReinforceParamWeapon,SpEffectSetParam
spEffectId4	4	AtkParam_Npc,AtkParam_Pc,Bullet,SpEffectSetParam
spEffectIdOnHit0	1	HitMtrlParam
spEffectIdOnHit0_ClearCount_2	1	HitMtrlParam
spEffectIdOnHit0_ClearCount_3	1	HitMtrlParam
spEffectIdOnHit0_ClearCount_4	1	HitMtrlParam
spEffectIdOnHit0_ClearCount_5	1	HitMtrlParam
spEffectIdOnHit0_ClearCount_6	1	HitMtrlParam
spEffectIdOnHit0_ClearCount_7	1	HitMtrlParam
spEffectIdOnHit0_ClearCount_8	1	HitMtrlParam
spEffectIdOnHit1	1	HitMtrlParam
spEffectIdOnHit1_ClearCount_2	1	HitMtrlParam
spEffectIdOnHit1_ClearCount_3	1	HitMtrlParam
spEffectIdOnHit1_ClearCount_4	1	HitMtrlParam
spEffectIdOnHit1_ClearCount_5	1	HitMtrlParam
spEffectIdOnHit1_ClearCount_6	1	HitMtrlParam
spEffectIdOnHit1_ClearCount_7	1	HitMtrlParam
spEffectIdOnHit1_ClearCount_8	1	HitMtrlParam
spEffectId_RangedAttack	1	NpcThinkParam
spEffectId_forAtk0	1	EquipParamGem
spEffectId_forAtk1	1	EquipParamGem
spEffectId_forAtk2	1	EquipParamGem
spEffectId_forWet00	1	HitMtrlParam
spEffectId_forWet01	1	HitMtrlParam
spEffectId_forWet02	1	HitMtrlParam
spEffectId_forWet03	1	HitMtrlParam
spEffectId_forWet04	1	HitMtrlParam
spEffectMsgId0	2	EquipParamGem,EquipParamWeapon
spEffectMsgId1	2	EquipParamGem,EquipParamWeapon
spEffectMsgId2	1	EquipParamWeapon
spQualifiedId2_new	1	ObjActParam
spQualifiedId2_old	1	ObjActParam
spQualifiedId_new	1	ObjActParam
spQualifiedId_old	1	ObjActParam
spQualifiedPassEventFlag	1	ObjActParam
spQualifiedType	1	ObjActParam
spQualifiedType2	1	ObjActParam
spacing	3	GrassTypeParam,GrassTypeParam_Lv1,GrassTypeParam_Lv2
specMulColorA	1	PhantomParam
specMulColorB	1	PhantomParam
specMulColorG	1	PhantomParam
specMulColorR	1	PhantomParam
specialTurnDistanceThreshold	1	NpcParam
specialTurnType	1	NpcParam
spelDamageDamp	1	Bullet
sphereCastRadiusRateLow	1	ThrowParam
sphereCastRadiusRateTop	1	ThrowParam
spiritDeathSpEffectId	1	SpEffectParam
spotDummyPoly	1	ActionButtonParam
spreadTime	1	Bullet
srcAreaNo	1	WorldMapLegacyConvParam
srcB	8	MapNameTexParam,MapNameTexParam_m61,MapPieceTexParam,MapPieceTexParam_m61,MimicryEstablishmentTexParam,MimicryEstablishmentTexParam_m61,WeatherLotTexParam,WeatherLotTexParam_m61
srcG	8	MapNameTexParam,MapNameTexParam_m61,MapPieceTexParam,MapPieceTexParam_m61,MimicryEstablishmentTexParam,MimicryEstablishmentTexParam_m61,WeatherLotTexParam,WeatherLotTexParam_m61
srcGridXNo	1	WorldMapLegacyConvParam
srcGridZNo	1	WorldMapLegacyConvParam
srcPosX	1	WorldMapLegacyConvParam
srcPosY	1	WorldMapLegacyConvParam
srcPosZ	1	WorldMapLegacyConvParam
srcR	8	MapNameTexParam,MapNameTexParam_m61,MapPieceTexParam,MapPieceTexParam_m61,MimicryEstablishmentTexParam,MimicryEstablishmentTexParam_m61,WeatherLotTexParam,WeatherLotTexParam_m61
srttMaxLimit	1	NetworkParam
srttMeanDeviationLimit	1	NetworkParam
srttMeanLimit	1	NetworkParam
ssrDepthRejectThresholdScale	3	Gconfig_ReflectionQuality,Gconfig_ReflectionQuality_ps4,Gconfig_ReflectionQuality_xboxone
ssrEnabled	3	Gconfig_ReflectionQuality,Gconfig_ReflectionQuality_ps4,Gconfig_ReflectionQuality_xboxone
ssrFadeToViewerBias	3	Gconfig_ReflectionQuality,Gconfig_ReflectionQuality_ps4,Gconfig_ReflectionQuality_xboxone
ssrFresnelRejectBias	3	Gconfig_ReflectionQuality,Gconfig_ReflectionQuality_ps4,Gconfig_ReflectionQuality_xboxone
ssrGaussianBlurEnabled	3	Gconfig_ReflectionQuality,Gconfig_ReflectionQuality_ps4,Gconfig_ReflectionQuality_xboxone
ssrRayTraceStepScale	3	Gconfig_ReflectionQuality,Gconfig_ReflectionQuality_ps4,Gconfig_ReflectionQuality_xboxone
sssEnabled	3	Gconfig_ShaderQuality,Gconfig_ShaderQuality_ps4,Gconfig_ShaderQuality_xboxone
stageMaxGrowVal0	1	CalcCorrectGraph
stageMaxGrowVal1	1	CalcCorrectGraph
stageMaxGrowVal2	1	CalcCorrectGraph
stageMaxGrowVal3	1	CalcCorrectGraph
stageMaxGrowVal4	1	CalcCorrectGraph
stageMaxVal0	1	CalcCorrectGraph
stageMaxVal1	1	CalcCorrectGraph
stageMaxVal2	1	CalcCorrectGraph
stageMaxVal3	1	CalcCorrectGraph
stageMaxVal4	1	CalcCorrectGraph
stamina	4	BehaviorParam,BehaviorParam_PC,Magic,NpcParam
staminaAtkRate	1	ReinforceParamWeapon
staminaAttackRate	1	SpEffectParam
staminaConsumptionRate	1	EquipParamWeapon
staminaDamp	1	Bullet
staminaGuardDef	2	EquipParamWeapon,NpcParam
staminaGuardDefRate	1	ReinforceParamWeapon
staminaGuardDef_MaxCorrect	1	EquipParamWeapon
staminaRate	1	FinalDamageRateParam
staminaRecoverBaseVel	1	NpcParam
staminaRecoverChangeSpeed	1	SpEffectParam
stamina_charge	1	Magic
startPad	1	SignPuddleSubCategoryParam
stateInfo	1	SpEffectParam
statueCreatableDistance	1	NetworkParam
statusAilmentAtkPowerCorrectRate	2	AtkParam_Npc,AtkParam_Pc
statusAilmentAtkPowerCorrectRate_byPoint	2	AtkParam_Npc,AtkParam_Pc
stayId	1	MoveParam
stealthAtkDamageRate	1	GameSystemCommonParam
stealthAtkRate	1	EquipParamWeapon
stealthSystemSightAngleReduceRate_InStealthRigid_NotSightHide_NotStealthMode	1	GameSystemCommonParam
stealthSystemSightAngleReduceRate_InStealthRigid_NotSightHide_StealthMode	1	GameSystemCommonParam
stealthSystemSightAngleReduceRate_InStealthRigid_SightHide_NotStealthMode	1	GameSystemCommonParam
stealthSystemSightAngleReduceRate_InStealthRigid_SightHide_StealthMode	1	GameSystemCommonParam
stealthSystemSightAngleReduceRate_NotInStealthRigid_NotSightHide_StealthMode	1	GameSystemCommonParam
stealthSystemSightAngleReduceRate_NotInStealthRigid_SightHide_NotStealthMode	1	GameSystemCommonParam
stealthSystemSightAngleReduceRate_NotInStealthRigid_SightHide_StealthMode	1	GameSystemCommonParam
stealthSystemSightRate_InStealthRigid_NotSightHide_NotStealthMode	1	GameSystemCommonParam
stealthSystemSightRate_InStealthRigid_NotSightHide_StealthMode	1	GameSystemCommonParam
stealthSystemSightRate_InStealthRigid_SightHide_NotStealthMode	1	GameSystemCommonParam
stealthSystemSightRate_InStealthRigid_SightHide_StealthMode	1	GameSystemCommonParam
stealthSystemSightRate_NotInStealthRigid_NotSightHide_StealthMode	1	GameSystemCommonParam
stealthSystemSightRate_NotInStealthRigid_SightHide_NotStealthMode	1	GameSystemCommonParam
stealthSystemSightRate_NotInStealthRigid_SightHide_StealthMode	1	GameSystemCommonParam
stepDispInterpolateTime	1	NpcParam
stepDispInterpolateTriggerValue	1	NpcParam
stepMove	1	MoveParam
subArrowNum	1	CharaInitParam
subBoltNum	1	CharaInitParam
subCategory1	3	AtkParam_Npc,AtkParam_Pc,Magic
subCategory2	3	AtkParam_Npc,AtkParam_Pc,Magic
subCategory3	2	AtkParam_Npc,AtkParam_Pc
subCategory4	2	AtkParam_Npc,AtkParam_Pc
succeedBerserkerSelfKillingEffectId	1	GameSystemCommonParam
summonDataCoopMatchingLevelUpperAbs	1	GameSystemCommonParam
summonDataCoopMatchingLevelUpperRel	1	GameSystemCommonParam
summonDataCoopMatchingSpiritAshLevelMul	1	GameSystemCommonParam
summonDataCoopMatchingWepLevelMul	1	GameSystemCommonParam
summonMessageInterval	1	NetworkParam
summonStartAnimId	1	RoleParam
summonTimeoutTime	1	NetworkParam
summonedEventFlagId	1	BuddyStoneParam
superArmorBrakeKnockbackDist	1	NpcParam
superArmorDurability	1	NpcParam
superArmorRecoverCorrection	1	NpcParam
superDash	1	MoveParam
suppleType	1	EquipParamGoods
surpriseAnimId	1	NpcThinkParam
svSliderStep	1	MenuCommonParam
swordArtsParamId	2	EquipParamGem,EquipParamWeapon
swordArtsType	1	SwordArtsParam
swordArtsTypeNew	1	SwordArtsParam
syncNumVaryId	1	EquipParamGoods
systemAnnounceNoScrollWaitTime	1	MenuCommonParam
systemAnnounceScrollBufferTime	1	MenuCommonParam
systemAnnounceScrollCount	1	MenuCommonParam
systemAnnounceScrollSpeed	1	MenuCommonParam
systemEnchant_BigRune	1	PlayerCommonParam
tabId	1	BonfireWarpSubCategoryParam
tabTextId	1	SignPuddleTabParam
tableId	1	CharMakeMenuTopParam
tableId2	1	CharMakeMenuTopParam
talkAnimationId	1	TalkParam
talkChrEntityId	1	BuddyStoneParam
targetAILockDmyPoly	1	NpcThinkParam
targetBone1	1	RuntimeBoneControlParam
targetBone2	1	RuntimeBoneControlParam
targetPriority	1	SpEffectParam
targetStateBattleDurationTime	1	MenuCommonParam
targetStateSearchDurationTime	1	MenuCommonParam
targetSys_DmgEffectRate	1	NpcThinkParam
targetYOffsetRange	1	Bullet
teamOffenseEffectivity	1	SpEffectParam
teamType	2	NpcParam,RoleParam
terminateTimeoutTime	1	NetworkParam
tessellationEnabled	3	Gconfig_ShaderQuality,Gconfig_ShaderQuality_ps4,Gconfig_ShaderQuality_xboxone
texMemoryType	1	ChrModelParam
texName_00	1	CutSceneTextureLoadParam
texName_01	1	CutSceneTextureLoadParam
texName_02	1	CutSceneTextureLoadParam
texName_03	1	CutSceneTextureLoadParam
texName_04	1	CutSceneTextureLoadParam
texName_05	1	CutSceneTextureLoadParam
texName_06	1	CutSceneTextureLoadParam
texName_07	1	CutSceneTextureLoadParam
texName_08	1	CutSceneTextureLoadParam
texName_09	1	CutSceneTextureLoadParam
texName_10	1	CutSceneTextureLoadParam
texName_11	1	CutSceneTextureLoadParam
texName_12	1	CutSceneTextureLoadParam
texName_13	1	CutSceneTextureLoadParam
texName_14	1	CutSceneTextureLoadParam
texName_15	1	CutSceneTextureLoadParam
tex_lv01_BorderDist	1	PartsDrawParam
tex_lv01_PlayDist	1	PartsDrawParam
textBoxType	1	ActionButtonParam
textDisableFlag2Id1	2	BonfireWarpParam,WorldMapPointParam
textDisableFlag2Id2	2	BonfireWarpParam,WorldMapPointParam
textDisableFlag2Id3	2	BonfireWarpParam,WorldMapPointParam
textDisableFlag2Id4	2	BonfireWarpParam,WorldMapPointParam
textDisableFlag2Id5	2	BonfireWarpParam,WorldMapPointParam
textDisableFlag2Id6	2	BonfireWarpParam,WorldMapPointParam
textDisableFlag2Id7	2	BonfireWarpParam,WorldMapPointParam
textDisableFlag2Id8	2	BonfireWarpParam,WorldMapPointParam
textDisableFlagId1	2	BonfireWarpParam,WorldMapPointParam
textDisableFlagId2	2	BonfireWarpParam,WorldMapPointParam
textDisableFlagId3	2	BonfireWarpParam,WorldMapPointParam
textDisableFlagId4	2	BonfireWarpParam,WorldMapPointParam
textDisableFlagId5	2	BonfireWarpParam,WorldMapPointParam
textDisableFlagId6	2	BonfireWarpParam,WorldMapPointParam
textDisableFlagId7	2	BonfireWarpParam,WorldMapPointParam
textDisableFlagId8	2	BonfireWarpParam,WorldMapPointParam
textEnableFlag2Id1	2	BonfireWarpParam,WorldMapPointParam
textEnableFlag2Id2	2	BonfireWarpParam,WorldMapPointParam
textEnableFlag2Id3	2	BonfireWarpParam,WorldMapPointParam
textEnableFlag2Id4	2	BonfireWarpParam,WorldMapPointParam
textEnableFlag2Id5	2	BonfireWarpParam,WorldMapPointParam
textEnableFlag2Id6	2	BonfireWarpParam,WorldMapPointParam
textEnableFlag2Id7	2	BonfireWarpParam,WorldMapPointParam
textEnableFlag2Id8	2	BonfireWarpParam,WorldMapPointParam
textEnableFlagId1	2	BonfireWarpParam,WorldMapPointParam
textEnableFlagId2	2	BonfireWarpParam,WorldMapPointParam
textEnableFlagId3	2	BonfireWarpParam,WorldMapPointParam
textEnableFlagId4	2	BonfireWarpParam,WorldMapPointParam
textEnableFlagId5	2	BonfireWarpParam,WorldMapPointParam
textEnableFlagId6	2	BonfireWarpParam,WorldMapPointParam
textEnableFlagId7	2	BonfireWarpParam,WorldMapPointParam
textEnableFlagId8	2	BonfireWarpParam,WorldMapPointParam
textID	1	KeyAssignMenuItemParam
textId	9	ActionButtonParam,BaseChrSelectMenuParam,BonfireWarpSubCategoryParam,BonfireWarpTabParam,FeTextEffectParam,MenuValueTableParam,SwordArtsParam,TutorialParam,WorldMapPlaceNameParam
textId1	2	BonfireWarpParam,WorldMapPointParam
textId2	2	BonfireWarpParam,WorldMapPointParam
textId3	2	BonfireWarpParam,WorldMapPointParam
textId4	2	BonfireWarpParam,WorldMapPointParam
textId5	2	BonfireWarpParam,WorldMapPointParam
textId6	2	BonfireWarpParam,WorldMapPointParam
textId7	2	BonfireWarpParam,WorldMapPointParam
textId8	2	BonfireWarpParam,WorldMapPointParam
textType1	2	BonfireWarpParam,WorldMapPointParam
textType2	2	BonfireWarpParam,WorldMapPointParam
textType3	2	BonfireWarpParam,WorldMapPointParam
textType4	2	BonfireWarpParam,WorldMapPointParam
textType5	2	BonfireWarpParam,WorldMapPointParam
textType6	2	BonfireWarpParam,WorldMapPointParam
textType7	2	BonfireWarpParam,WorldMapPointParam
textType8	2	BonfireWarpParam,WorldMapPointParam
textureId	1	DecalParam
textureMaxSize	3	Gconfig_ShadowQuality,Gconfig_ShadowQuality_ps4,Gconfig_ShadowQuality_xboxone
textureMinSize	3	Gconfig_ShadowQuality,Gconfig_ShadowQuality_ps4,Gconfig_ShadowQuality_xboxone
textureSizeDivider	3	Gconfig_ShadowQuality,Gconfig_ShadowQuality_ps4,Gconfig_ShadowQuality_xboxone
textureSizeScaler	3	Gconfig_ShadowQuality,Gconfig_ShadowQuality_ps4,Gconfig_ShadowQuality_xboxone
thinOutMode	1	DecalParam
thinOutNeighborAddRadius	1	DecalParam
thinOutNeighborLimitNum	1	DecalParam
thinOutOverlapLimitNum	1	DecalParam
thinOutOverlapMultiRadius	1	DecalParam
thinkAttr_doAdmirer	1	NpcThinkParam
threatLv	2	NpcParam,RoleParam
throwAtkRate	1	EquipParamWeapon
throwAttackParamChange	1	SpEffectParam
throwCondition	1	SpEffectParam
throwDamageAttribute	2	AtkParam_Npc,AtkParam_Pc
throwFlag	2	AtkParam_Npc,AtkParam_Pc
throwFollowingEndEasingTime	1	ThrowParam
throwFollowingType	1	ThrowParam
throwType	1	ThrowParam
throwTypeId	3	AtkParam_Npc,AtkParam_Pc,ThrowParam
thrustAttackPower	1	SpEffectParam
thrustAttackPowerRate	1	SpEffectParam
thrustAttackRate	1	SpEffectParam
thrustDamageCutRate	3	EquipParamProtector,NpcParam,SpEffectParam
thrustDefRate	1	ReinforceParamProtector
thrustGuardCutRate	2	EquipParamWeapon,NpcParam
thunGuardCutRate	2	EquipParamWeapon,NpcParam
thunGuardCutRate_MaxCorrect	1	EquipParamWeapon
thunRate	1	FinalDamageRateParam
thunderAtkRate	1	ReinforceParamWeapon
thunderAttackPower	1	SpEffectParam
thunderAttackPowerRate	1	SpEffectParam
thunderAttackRate	1	SpEffectParam
thunderDamageCutRate	3	EquipParamProtector,NpcParam,SpEffectParam
thunderDamageDamp	1	Bullet
thunderDefRate	1	ReinforceParamProtector
thunderDiffence	1	SpEffectParam
thunderDiffenceRate	1	SpEffectParam
thunderGuardCutRate	1	ReinforceParamWeapon
time1_0	1	DefaultKeyAssign
time1_1	1	DefaultKeyAssign
time1_2	1	DefaultKeyAssign
time1_3	1	DefaultKeyAssign
time1_4	1	DefaultKeyAssign
time1_5	1	DefaultKeyAssign
time1_6	1	DefaultKeyAssign
time1_7	1	DefaultKeyAssign
time2_0	1	DefaultKeyAssign
time2_1	1	DefaultKeyAssign
time2_2	1	DefaultKeyAssign
time2_3	1	DefaultKeyAssign
time2_4	1	DefaultKeyAssign
time2_5	1	DefaultKeyAssign
time2_6	1	DefaultKeyAssign
time2_7	1	DefaultKeyAssign
timeEndHour	1	ChrActivateConditionParam
timeEndMin	1	ChrActivateConditionParam
timeStartHour	1	ChrActivateConditionParam
timeStartMin	1	ChrActivateConditionParam
timeout	1	TalkParam
timezoneEndHour	1	WeatherLotParam
timezoneEndMinute	1	WeatherLotParam
timezoneLimit	1	WeatherLotParam
timezoneStartHour	1	WeatherLotParam
timezoneStartMinute	1	WeatherLotParam
toughness	1	NpcParam
toughnessCorrectRate	3	EquipParamProtector,EquipParamWeapon,Magic
toughnessDamageCutRate	2	EquipParamProtector,SpEffectParam
toughnessRecoverCorrection	3	EquipParamProtector,NpcParam,PlayerCommonParam
traceDmyIdHead0	3	AtkParam_Npc,AtkParam_Pc,EquipParamWeapon
traceDmyIdHead1	3	AtkParam_Npc,AtkParam_Pc,EquipParamWeapon
traceDmyIdHead2	3	AtkParam_Npc,AtkParam_Pc,EquipParamWeapon
traceDmyIdHead3	3	AtkParam_Npc,AtkParam_Pc,EquipParamWeapon
traceDmyIdHead4	3	AtkParam_Npc,AtkParam_Pc,EquipParamWeapon
traceDmyIdHead5	3	AtkParam_Npc,AtkParam_Pc,EquipParamWeapon
traceDmyIdHead6	3	AtkParam_Npc,AtkParam_Pc,EquipParamWeapon
traceDmyIdHead7	3	AtkParam_Npc,AtkParam_Pc,EquipParamWeapon
traceDmyIdTail0	3	AtkParam_Npc,AtkParam_Pc,EquipParamWeapon
traceDmyIdTail1	3	AtkParam_Npc,AtkParam_Pc,EquipParamWeapon
traceDmyIdTail2	3	AtkParam_Npc,AtkParam_Pc,EquipParamWeapon
traceDmyIdTail3	3	AtkParam_Npc,AtkParam_Pc,EquipParamWeapon
traceDmyIdTail4	3	AtkParam_Npc,AtkParam_Pc,EquipParamWeapon
traceDmyIdTail5	3	AtkParam_Npc,AtkParam_Pc,EquipParamWeapon
traceDmyIdTail6	3	AtkParam_Npc,AtkParam_Pc,EquipParamWeapon
traceDmyIdTail7	3	AtkParam_Npc,AtkParam_Pc,EquipParamWeapon
traceSfxId0	3	AtkParam_Npc,AtkParam_Pc,EquipParamWeapon
traceSfxId1	3	AtkParam_Npc,AtkParam_Pc,EquipParamWeapon
traceSfxId2	3	AtkParam_Npc,AtkParam_Pc,EquipParamWeapon
traceSfxId3	3	AtkParam_Npc,AtkParam_Pc,EquipParamWeapon
traceSfxId4	3	AtkParam_Npc,AtkParam_Pc,EquipParamWeapon
traceSfxId5	3	AtkParam_Npc,AtkParam_Pc,EquipParamWeapon
traceSfxId6	3	AtkParam_Npc,AtkParam_Pc,EquipParamWeapon
traceSfxId7	3	AtkParam_Npc,AtkParam_Pc,EquipParamWeapon
traceSfxIdOffsetType	1	SpEffectVfxParam
traitsType_0	1	DefaultKeyAssign
traitsType_1	1	DefaultKeyAssign
traitsType_2	1	DefaultKeyAssign
traitsType_3	1	DefaultKeyAssign
traitsType_4	1	DefaultKeyAssign
traitsType_5	1	DefaultKeyAssign
traitsType_6	1	DefaultKeyAssign
traitsType_7	1	DefaultKeyAssign
transformProtectorId	1	SpEffectVfxParam
triggerSpEffectId	1	BuddyParam
triggerType	1	TutorialParam
trophySGradeId	3	EquipParamAccessory,EquipParamProtector,EquipParamWeapon
trophySeqId	4	EquipParamAccessory,EquipParamGem,EquipParamGoods,EquipParamWeapon
trunR	1	MoveParam
turn45Angle	1	MoveParam
turn90Angle	1	MoveParam
turnL	1	MoveParam
turnNoAnimAngle	1	MoveParam
turnVellocity	1	NpcParam
turnWaitNoAnimAngle	1	MoveParam
tutorialCheckRideJumpRegionExpandRange	1	GameSystemCommonParam
tutorialDisplayTime	1	MenuCommonParam
tutorialFlagOnAccessDistView	1	GameSystemCommonParam
tutorialFlagOnAccessRetryPoint	1	GameSystemCommonParam
tutorialFlagOnEnterRideJumpRegion	1	GameSystemCommonParam
tutorialFlagOnGetGroupReward	1	GameSystemCommonParam
type	1	AiSoundParam
umbasaBlack	1	NetworkMsgParam
umbasaWhite	1	NetworkMsgParam
uncontrolledMoveThresholdTime	1	GameSystemCommonParam
undulationCorrectGain	1	NpcParam
unk	1	ChrModelParam
unk1	1	ToughnessParam
unk2	1	ToughnessParam
unkR1	1	AssetEnvironmentGeometryParam
unkR3	1	AssetEnvironmentGeometryParam
unkR4	1	AssetEnvironmentGeometryParam
unknown0x2	1	ChrEquipModelParam
unknown0x3	1	ChrEquipModelParam
unknown0x4	1	ChrEquipModelParam
unknown0x5	1	ChrEquipModelParam
unknown0x6	1	ChrEquipModelParam
unknown0x7	1	ChrEquipModelParam
unknown0xa	1	ChrEquipModelParam
unknownPlayRegion_1	1	MapPieceTexParam_m61
unknownPlayRegion_2	1	MapPieceTexParam_m61
unknownSpEffectId_0x388	1	GameSystemCommonParam
unknownSpEffectId_0x38c	1	GameSystemCommonParam
unknownSpEffectId_0x390	1	GameSystemCommonParam
unknownTextID_1	1	MapNameTexParam_m61
unknownTextID_2	1	MapNameTexParam_m61
unknown_0x10	5	MapGridCreateHeightDetailLimitInfo,MapNameTexParam_m61,MapPieceTexParam_m61,MimicryEstablishmentTexParam_m61,WeatherLotTexParam_m61
unknown_0x11	1	MapNameTexParam_m61
unknown_0x12	1	MapNameTexParam_m61
unknown_0x120	1	AssetEnvironmentGeometryParam
unknown_0x121	1	AssetEnvironmentGeometryParam
unknown_0x122	1	AssetEnvironmentGeometryParam
unknown_0x123	1	AssetEnvironmentGeometryParam
unknown_0x124	1	AssetEnvironmentGeometryParam
unknown_0x125	1	AssetEnvironmentGeometryParam
unknown_0x13	1	MapNameTexParam_m61
unknown_0x14	5	MapGridCreateHeightDetailLimitInfo,MapNameTexParam_m61,MapPieceTexParam_m61,MimicryEstablishmentTexParam_m61,WeatherLotTexParam_m61
unknown_0x17c_5	1	EquipParamWeapon
unknown_0x18	6	CutsceneMapIdParam,MapGridCreateHeightDetailLimitInfo,MapPieceTexParam_m61,MimicryEstablishmentTexParam_m61,SoundCutsceneParam,WeatherLotTexParam_m61
unknown_0x19	1	SoundCutsceneParam
unknown_0x1a	1	SoundCutsceneParam
unknown_0x1b	1	SoundCutsceneParam
unknown_0x1c	3	MapGridCreateHeightDetailLimitInfo,MapPieceTexParam_m61,MimicryEstablishmentTexParam_m61
unknown_0x20	3	MapGridCreateHeightDetailLimitInfo,MapNameTexParam_m61,SignPuddleParam
unknown_0x230	1	GameSystemCommonParam
unknown_0x24	3	MapGridCreateHeightDetailLimitInfo,MapNameTexParam_m61,SignPuddleParam
unknown_0x28	1	MapGridCreateHeightDetailLimitInfo
unknown_0x2c	1	MapGridCreateHeightDetailLimitInfo
unknown_0x2d	1	MapGridCreateHeightDetailLimitInfo
unknown_0x2e	1	MapGridCreateHeightDetailLimitInfo
unknown_0x2f	1	MapGridCreateHeightDetailLimitInfo
unknown_0x2f0	1	GameSystemCommonParam
unknown_0x2f_7	1	SpEffectVfxParam
unknown_0x30	1	MapGridCreateHeightDetailLimitInfo
unknown_0x31	1	MapGridCreateHeightDetailLimitInfo
unknown_0x32	1	MapGridCreateHeightDetailLimitInfo
unknown_0x34	1	MapGridCreateHeightDetailLimitInfo
unknown_0x352_6	1	SpEffectParam
unknown_0x352_7	1	SpEffectParam
unknown_0x353_0	1	SpEffectParam
unknown_0x353_1	1	SpEffectParam
unknown_0x353_2	1	SpEffectParam
unknown_0x353_3	1	SpEffectParam
unknown_0x353_4	1	SpEffectParam
unknown_0x353_5	1	SpEffectParam
unknown_0x358	1	GameSystemCommonParam
unknown_0x368	1	GameSystemCommonParam
unknown_0x36c	1	GameSystemCommonParam
unknown_0x370	1	GameSystemCommonParam
unknown_0x38	1	MapGridCreateHeightDetailLimitInfo
unknown_0x380	1	GameSystemCommonParam
unknown_0x384	1	GameSystemCommonParam
unknown_0x3b_7	1	AssetEnvironmentGeometryParam
unknown_0x3c	1	MapGridCreateHeightDetailLimitInfo
unknown_0x4	1	MapGridCreateHeightDetailLimitInfo
unknown_0x45_1	1	PlayRegionParam
unknown_0x54	1	WepAbsorpPosParam
unknown_0x55	1	WepAbsorpPosParam
unknown_0x56	1	WepAbsorpPosParam
unknown_0x57	1	WepAbsorpPosParam
unknown_0x73_1	1	EquipParamGoods
unknown_0x8	2	MapGridCreateHeightDetailLimitInfo,SignPuddleTabParam
unknown_0x96	1	SpEffectVfxParam
unknown_0x97	1	SpEffectVfxParam
unknown_0x98	2	BuddyParam,SpEffectVfxParam
unknown_0x99	1	SpEffectVfxParam
unknown_0x9a	1	SpEffectVfxParam
unknown_0x9c	1	BuddyParam
unknown_0xa	1	SignPuddleSubCategoryParam
unknown_0xb7	1	WorldMapPointParam
unknown_0xc	5	MapGridCreateHeightDetailLimitInfo,MapNameTexParam_m61,MimicryEstablishmentTexParam_m61,SignPuddleTabParam,WeatherLotTexParam_m61
unknown_0xcc	1	PlayerCommonParam
unknown_0xd0	1	PlayerCommonParam
unknown_0xd4	1	PlayerCommonParam
unknown_0xd8	1	PlayerCommonParam
unknown_0xdc	1	PlayerCommonParam
unknown_0xe0	1	PlayerCommonParam
unknown_0xe4	1	MenuCommonParam
unknown_0xe5	1	MenuCommonParam
unknown_0xe6	1	MenuCommonParam
unknown_0xe7	1	MenuCommonParam
unknown_0xe8	1	MenuCommonParam
unknown_0xe9	1	MenuCommonParam
unknown_0xea	1	MenuCommonParam
unknown_0xeb	1	MenuCommonParam
unknown_0xec	1	MenuCommonParam
unknown_0xed	1	MenuCommonParam
unknown_0xee	1	MenuCommonParam
unlockEventFlagBaseId_forWepAttr	1	PlayerCommonParam
unlockEventFlagId	2	CharMakeMenuTopParam,TutorialParam
unlockEventFlagStepNum_forWepAttr	1	PlayerCommonParam
unlockExchangeMenuEventFlagId	1	GameSystemCommonParam
unlockFlagId	1	KnowledgeLoadScreenItemParam
unlockMessageMenuEventFlagId	1	GameSystemCommonParam
upAfterChangeSleep	1	LoadBalancerParam
updateActivatePriolity	1	NpcParam
updateBonfireGhostIntervalTime	1	NetworkParam
updateSignIntervalTime	1	NetworkParam
updateVersusGhostIntervalTime	1	NetworkParam
updateWanderGhostIntervalTime	1	NetworkParam
upperFpsContinousCount	1	LoadBalancerParam
upperFpsThreshold	1	LoadBalancerParam
upperYRange	2	RideParam,ThrowParam
upperYRange_start	1	ThrowParam
useCamouflage	1	SpEffectVfxParam
useDeferredDecal	1	DecalParam
useDistNoA	1	SoundAutoReverbSelectParam
useDistNoB	1	SoundAutoReverbSelectParam
useEmissive	1	DecalParam
useEnableSpEffectType	1	EquipParamGoods
useFaceScale	1	EquipParamProtector
useFall_onNormalCaution	1	NpcThinkParam
useFall_onSearchBattle	1	NpcThinkParam
useLevel	1	EquipParamGoods
useLevel_vowType0	1	EquipParamGoods
useLevel_vowType1	1	EquipParamGoods
useLevel_vowType10	1	EquipParamGoods
useLevel_vowType11	1	EquipParamGoods
useLevel_vowType12	1	EquipParamGoods
useLevel_vowType13	1	EquipParamGoods
useLevel_vowType14	1	EquipParamGoods
useLevel_vowType15	1	EquipParamGoods
useLevel_vowType2	1	EquipParamGoods
useLevel_vowType3	1	EquipParamGoods
useLevel_vowType4	1	EquipParamGoods
useLevel_vowType5	1	EquipParamGoods
useLevel_vowType6	1	EquipParamGoods
useLevel_vowType7	1	EquipParamGoods
useLevel_vowType8	1	EquipParamGoods
useLevel_vowType9	1	EquipParamGoods
useLimitCategory	2	EquipParamGoods,Magic
useLimitSpEffectType	1	EquipParamGoods
useLimitSummonBuddy	1	EquipParamGoods
useMagicPoint_L1	1	SwordArtsParam
useMagicPoint_L2	1	SwordArtsParam
useMagicPoint_R1	1	SwordArtsParam
useMagicPoint_R2	1	SwordArtsParam
usePaintDecal	1	DecalParam
usePoint_L1	1	SwordArtsParam
usePoint_L2	1	SwordArtsParam
usePoint_R1	1	SwordArtsParam
usePoint_R2	1	SwordArtsParam
usePom	1	DecalParam
useRagdollCamHit	1	NpcParam
useUndulationAddAnimFB	1	NpcParam
v1	1	MenuColorTableParam
v2	1	MenuColorTableParam
v3	1	MenuColorTableParam
vagrantBonusEneDropItemLotId	2	EquipParamAccessory,EquipParamGoods
vagrantItemEneDropItemLotId	2	EquipParamAccessory,EquipParamGoods
vagrantItemLotId	2	EquipParamAccessory,EquipParamGoods
validDist	1	ObjActParam
validObjAngle	1	ObjActParam
validPlayerAngle	1	ObjActParam
value	4	CharMakeMenuListItemParam,MenuValueTableParam,ShopLineupParam,ShopLineupParam_Recipe
value_Add	2	ShopLineupParam,ShopLineupParam_Recipe
value_Magnification	3	ShopLineupParam,ShopLineupParam_Recipe,SpEffectParam
variationId	2	BehaviorParam,BehaviorParam_PC
vfxId	1	SpEffectParam
vfxId1	1	SpEffectParam
vfxId2	1	SpEffectParam
vfxId3	1	SpEffectParam
vfxId4	1	SpEffectParam
vfxId5	1	SpEffectParam
vfxId6	1	SpEffectParam
vfxId7	1	SpEffectParam
viewCondition	1	CharMakeMenuTopParam
viewKeyboardMouse	1	KeyAssignMenuItemParam
viewPad	1	KeyAssignMenuItemParam
visitpad00	1	NetworkParam
vitalSpotChangeRate	1	SpEffectParam
voiceChatGroup	1	RoleParam
voiceId	1	TalkParam
voiceId_female	1	TalkParam
voiceType	1	CharaInitParam
vowType	2	CharaInitParam,NpcParam
vowType0	2	Magic,SpEffectParam
vowType1	2	Magic,SpEffectParam
vowType10	2	Magic,SpEffectParam
vowType11	2	Magic,SpEffectParam
vowType12	2	Magic,SpEffectParam
vowType13	2	Magic,SpEffectParam
vowType14	2	Magic,SpEffectParam
vowType15	2	Magic,SpEffectParam
vowType2	2	Magic,SpEffectParam
vowType3	2	Magic,SpEffectParam
vowType4	2	Magic,SpEffectParam
vowType5	2	Magic,SpEffectParam
vowType6	2	Magic,SpEffectParam
vowType7	2	Magic,SpEffectParam
vowType8	2	Magic,SpEffectParam
vowType9	2	Magic,SpEffectParam
vram_all	1	BudgetParam
vram_chr	1	BudgetParam
vram_chr_and_parts	1	BudgetParam
vram_chr_mdl	1	BudgetParam
vram_chr_tex	1	BudgetParam
vram_decal	1	BudgetParam
vram_decal_rt	1	BudgetParam
vram_detail_all	1	BudgetParam
vram_gi	1	BudgetParam
vram_map	1	BudgetParam
vram_mapobj_mdl	1	BudgetParam
vram_mapobj_tex	1	BudgetParam
vram_menu_tex	1	BudgetParam
vram_other	1	BudgetParam
vram_other_mdl	1	BudgetParam
vram_other_tex	1	BudgetParam
vram_parts	1	BudgetParam
vram_parts_mdl	1	BudgetParam
vram_parts_tex	1	BudgetParam
vram_sfx	1	BudgetParam
vram_sfx_mdl	1	BudgetParam
vram_sfx_tex	1	BudgetParam
vsPlayerDmgCorrectRate_Blood	1	EquipParamWeapon
vsPlayerDmgCorrectRate_Curse	1	EquipParamWeapon
vsPlayerDmgCorrectRate_Dark	1	EquipParamWeapon
vsPlayerDmgCorrectRate_Disease	1	EquipParamWeapon
vsPlayerDmgCorrectRate_Fire	1	EquipParamWeapon
vsPlayerDmgCorrectRate_Freeze	1	EquipParamWeapon
vsPlayerDmgCorrectRate_Madness	1	EquipParamWeapon
vsPlayerDmgCorrectRate_Magic	1	EquipParamWeapon
vsPlayerDmgCorrectRate_Physics	1	EquipParamWeapon
vsPlayerDmgCorrectRate_Poison	1	EquipParamWeapon
vsPlayerDmgCorrectRate_Sleep	1	EquipParamWeapon
vsPlayerDmgCorrectRate_Thunder	1	EquipParamWeapon
walkB	1	MoveParam
walkF	1	MoveParam
walkL	1	MoveParam
walkR	1	MoveParam
wanderGhostIntervalLifeTime	1	NetworkParam
wanderingEquipId	2	EquipParamProtector,EquipParamWeapon
warnRegionEntityId	1	BuddyStoneParam
warpItemProhibitionEventFlagId_1	1	PlayRegionParam
warpItemProhibitionEventFlagId_2	1	PlayRegionParam
warpItemProhibitionEventFlagId_3	1	PlayRegionParam
warpItemProhibitionEventFlagId_4	1	PlayRegionParam
warpItemProhibitionEventFlagId_5	1	PlayRegionParam
warpItemUsePermitBonfireId_1	1	PlayRegionParam
warpItemUsePermitBonfireId_2	1	PlayRegionParam
warpItemUsePermitBonfireId_3	1	PlayRegionParam
warpItemUsePermitBonfireId_4	1	PlayRegionParam
warpItemUsePermitBonfireId_5	1	PlayRegionParam
weakA_DamageRate	1	EquipParamWeapon
weakB_DamageRate	1	EquipParamWeapon
weakC_DamageRate	1	EquipParamWeapon
weakD_DamageRate	1	EquipParamWeapon
weakDmgRateA	1	SpEffectParam
weakDmgRateB	1	SpEffectParam
weakDmgRateC	1	SpEffectParam
weakDmgRateD	1	SpEffectParam
weakDmgRateE	1	SpEffectParam
weakDmgRateF	1	SpEffectParam
weakE_DamageRate	1	EquipParamWeapon
weakF_DamageRate	1	EquipParamWeapon
weakPartsDamageRate	1	NpcParam
weaponCategory	1	EquipParamWeapon
weaponOffAnimId	1	NpcThinkParam
weaponOffSpecialEffectId	1	NpcThinkParam
weaponOnAnimId	1	NpcThinkParam
weaponOnSpecialEffectId	1	NpcThinkParam
weaponWeightRate	1	EquipParamWeapon
weatherClearSky	1	ChrActivateConditionParam
weatherCloudy	1	ChrActivateConditionParam
weatherFog	1	ChrActivateConditionParam
weatherHeavyFog	1	ChrActivateConditionParam
weatherHeavyFogRain	1	ChrActivateConditionParam
weatherHeavyRain	1	ChrActivateConditionParam
weatherHeavySnow	1	ChrActivateConditionParam
weatherLogId	2	WeatherLotTexParam,WeatherLotTexParam_m61
weatherLotConditionStart_DayBreak_Hour	1	GameSystemCommonParam
weatherLotConditionStart_DayBreak_Minute	1	GameSystemCommonParam
weatherLotConditionStart_Day_Hour	1	GameSystemCommonParam
weatherLotConditionStart_Day_Minute	1	GameSystemCommonParam
weatherLotConditionStart_Evening_Hour	1	GameSystemCommonParam
weatherLotConditionStart_Evening_Minute	1	GameSystemCommonParam
weatherLotConditionStart_Morning_Hour	1	GameSystemCommonParam
weatherLotConditionStart_Morning_Minute	1	GameSystemCommonParam
weatherLotConditionStart_Night_Hour	1	GameSystemCommonParam
weatherLotConditionStart_Night_Minute	1	GameSystemCommonParam
weatherLotCondition_reserved	1	GameSystemCommonParam
weatherOverrideGparamId	1	CutsceneWeatherOverrideGparamConvertParam
weatherRain	1	ChrActivateConditionParam
weatherSandStorm	1	ChrActivateConditionParam
weatherSnow	1	ChrActivateConditionParam
weatherStorm	1	ChrActivateConditionParam
weatherStormForBattle	1	ChrActivateConditionParam
weatherSunny	1	ChrActivateConditionParam
weatherType0	1	WeatherLotParam
weatherType1	1	WeatherLotParam
weatherType10	1	WeatherLotParam
weatherType11	1	WeatherLotParam
weatherType12	1	WeatherLotParam
weatherType13	1	WeatherLotParam
weatherType14	1	WeatherLotParam
weatherType15	1	WeatherLotParam
weatherType2	1	WeatherLotParam
weatherType3	1	WeatherLotParam
weatherType4	1	WeatherLotParam
weatherType5	1	WeatherLotParam
weatherType6	1	WeatherLotParam
weatherType7	1	WeatherLotParam
weatherType8	1	WeatherLotParam
weatherType9	1	WeatherLotParam
weatherWeakCloudy	1	ChrActivateConditionParam
weight	5	EquipParamAccessory,EquipParamGoods,EquipParamProtector,EquipParamWeapon,NpcParam
wepCollidableType0	1	EquipParamWeapon
wepCollidableType1	1	EquipParamWeapon
wepInvisibleType_0	1	WepAbsorpPosParam
wepInvisibleType_1	1	WepAbsorpPosParam
wepInvisibleType_2	1	WepAbsorpPosParam
wepInvisibleType_3	1	WepAbsorpPosParam
wepParamChange	1	SpEffectParam
wepParamType_Left1	1	CharaInitParam
wepParamType_Left2	1	CharaInitParam
wepParamType_Left3	1	CharaInitParam
wepParamType_Right1	1	CharaInitParam
wepParamType_Right2	1	CharaInitParam
wepParamType_Right3	1	CharaInitParam
wepRegainHp	1	EquipParamWeapon
wepRegainHpScale	2	AtkParam_Npc,AtkParam_Pc
wepSeIdOffset	1	EquipParamWeapon
wepType	1	EquipParamWeapon
wepmotionBothHandId	1	EquipParamWeapon
wepmotionCategory	1	EquipParamWeapon
wepmotionOneHandId	1	EquipParamWeapon
wetAspectType	1	SpEffectVfxParam
wetConditionDepth	1	SpEffectParam
wheelRotRadius	1	NpcParam
wheelRotType	1	NpcParam
whiteKeywordLimitTimeScale	1	NetworkParam
whiteSignLimitEventFlagId_1	1	PlayRegionParam
whiteSignLimitEventFlagId_1_targetFlagState	1	PlayRegionParam
whiteSignLimitEventFlagId_2	1	PlayRegionParam
whiteSignLimitEventFlagId_2_targetFlagState	1	PlayRegionParam
whiteSignLimitEventFlagId_3	1	PlayRegionParam
whiteSignLimitEventFlagId_3_targetFlagState	1	PlayRegionParam
width	1	ActionButtonParam
windAmplitude	3	GrassTypeParam,GrassTypeParam_Lv1,GrassTypeParam_Lv2
windCycle	3	GrassTypeParam,GrassTypeParam_Lv1,GrassTypeParam_Lv2
windEffectRate_0	1	AssetEnvironmentGeometryParam
windEffectRate_1	1	AssetEnvironmentGeometryParam
windEffectType_0	1	AssetEnvironmentGeometryParam
windEffectType_1	1	AssetEnvironmentGeometryParam
worldMapCursorFirstDelay	1	MenuCommonParam
worldMapCursorFirstDistance	1	MenuCommonParam
worldMapCursorSelectRadius	1	MenuCommonParam
worldMapCursorSnapRadius	1	MenuCommonParam
worldMapCursorSnapTime	1	MenuCommonParam
worldMapCursorSpeed	1	MenuCommonParam
worldMapCursorWaitTime	1	MenuCommonParam
worldMapIconScaleMin	1	MenuCommonParam
worldMapPieceId	1	WorldMapPlaceNameParam
worldMapPointDiscoveryExpandRange	1	GameSystemCommonParam
worldMapPointReentryExpandRange	1	GameSystemCommonParam
worldMapZoomAnimationTime	1	MenuCommonParam
worldMap_DlcLayerEventFlagId	1	MenuCommonParam
worldMap_IsChangeableLayerEventFlagId	1	MenuCommonParam
worldMap_SearchRadius	1	MenuCommonParam
worldMap_TravelMargin	1	MenuCommonParam
worldMap_TravelMargin_Point	1	MenuCommonParam
x_offset	1	BuddyParam
y_angle	1	BuddyParam
yawAngle	1	DecalParam
yesNoDialogMessageId	2	EquipParamGoods,Magic
zSortOffsetForNoFarClipDraw	1	PartsDrawParam
z_offset	1	BuddyParam
