param	ordinal	column	type
ActionButtonParam	0	ID	UNKNOWN
ActionButtonParam	1	Name	UNKNOWN
ActionButtonParam	2	regionType	UNKNOWN
ActionButtonParam	3	category	UNKNOWN
ActionButtonParam	4	padding1	UNKNOWN
ActionButtonParam	5	dummyPoly1	UNKNOWN
ActionButtonParam	6	dummyPoly2	UNKNOWN
ActionButtonParam	7	radius	UNKNOWN
ActionButtonParam	8	angle	UNKNOWN
ActionButtonParam	9	depth	UNKNOWN
ActionButtonParam	10	width	UNKNOWN
ActionButtonParam	11	height	UNKNOWN
ActionButtonParam	12	baseHeightOffset	UNKNOWN
ActionButtonParam	13	angleCheckType	UNKNOWN
ActionButtonParam	14	padding2	UNKNOWN
ActionButtonParam	15	allowAngle	UNKNOWN
ActionButtonParam	16	spotDummyPoly	UNKNOWN
ActionButtonParam	17	textBoxType	UNKNOWN
ActionButtonParam	18	padding3	UNKNOWN
ActionButtonParam	19	padding5	UNKNOWN
ActionButtonParam	20	isInvalidForRide	UNKNOWN
ActionButtonParam	21	isGrayoutForRide	UNKNOWN
ActionButtonParam	22	isInvalidForCrouching	UNKNOWN
ActionButtonParam	23	isGrayoutForCrouching	UNKNOWN
ActionButtonParam	24	padding4	UNKNOWN
ActionButtonParam	25	textId	UNKNOWN
ActionButtonParam	26	invalidFlag	UNKNOWN
ActionButtonParam	27	grayoutFlag	UNKNOWN
ActionButtonParam	28	overrideActionButtonIdForRide	UNKNOWN
ActionButtonParam	29	execInvalidTime	UNKNOWN
ActionButtonParam	30	padding6	UNKNOWN
ActionButtonParam	31		UNKNOWN
AiSoundParam	0	ID	UNKNOWN
AiSoundParam	1	Name	UNKNOWN
AiSoundParam	2	radius	UNKNOWN
AiSoundParam	3	lifeFrame	UNKNOWN
AiSoundParam	4	bSpEffectEnable	UNKNOWN
AiSoundParam	5	type	UNKNOWN
AiSoundParam	6	opposeTarget	UNKNOWN
AiSoundParam	7	friendlyTarget	UNKNOWN
AiSoundParam	8	selfTarget	UNKNOWN
AiSoundParam	9	disableOnTargetPCompany	UNKNOWN
AiSoundParam	10	rank	UNKNOWN
AiSoundParam	11	forgetTime	UNKNOWN
AiSoundParam	12	priority	UNKNOWN
AiSoundParam	13	soundBehaviorId	UNKNOWN
AiSoundParam	14	aiSoundLevel	UNKNOWN
AiSoundParam	15	replaningState	UNKNOWN
AiSoundParam	16	pad1	UNKNOWN
AiSoundParam	17		UNKNOWN
AssetEnvironmentGeometryParam	0	ID	UNKNOWN
AssetEnvironmentGeometryParam	1	Name	UNKNOWN
AssetEnvironmentGeometryParam	2	soundBankId	UNKNOWN
AssetEnvironmentGeometryParam	3	soundBreakSEId	UNKNOWN
AssetEnvironmentGeometryParam	4	refDrawParamId	UNKNOWN
AssetEnvironmentGeometryParam	5	hitCreateType	UNKNOWN
AssetEnvironmentGeometryParam	6	behaviorType	UNKNOWN
AssetEnvironmentGeometryParam	7	collisionType	UNKNOWN
AssetEnvironmentGeometryParam	8	rainBlockingType	UNKNOWN
AssetEnvironmentGeometryParam	9	hp	UNKNOWN
AssetEnvironmentGeometryParam	10	defense	UNKNOWN
AssetEnvironmentGeometryParam	11	breakStopTime	UNKNOWN
AssetEnvironmentGeometryParam	12	breakSfxId	UNKNOWN
AssetEnvironmentGeometryParam	13	breakSfxCpId	UNKNOWN
AssetEnvironmentGeometryParam	14	breakLandingSfxId	UNKNOWN
AssetEnvironmentGeometryParam	15	breakBulletBehaviorId	UNKNOWN
AssetEnvironmentGeometryParam	16	breakBulletCpId	UNKNOWN
AssetEnvironmentGeometryParam	17	FragmentInvisibleWaitTime	UNKNOWN
AssetEnvironmentGeometryParam	18	FragmentInvisibleTime	UNKNOWN
AssetEnvironmentGeometryParam	19	BreakAiSoundID	UNKNOWN
AssetEnvironmentGeometryParam	20	breakItemLotType	UNKNOWN
AssetEnvironmentGeometryParam	21	animBreakIdMax	UNKNOWN
AssetEnvironmentGeometryParam	22	breakBulletAttributeDamageType	UNKNOWN
AssetEnvironmentGeometryParam	23	isBreakByPlayerCollide	UNKNOWN
AssetEnvironmentGeometryParam	24	isBreakByEnemyCollide	UNKNOWN
AssetEnvironmentGeometryParam	25	isBreak_ByChrRide	UNKNOWN
AssetEnvironmentGeometryParam	26	isDisableBreakForFirstAppear	UNKNOWN
AssetEnvironmentGeometryParam	27	isAnimBreak	UNKNOWN
AssetEnvironmentGeometryParam	28	isDamageCover	UNKNOWN
AssetEnvironmentGeometryParam	29	isAttackBacklash	UNKNOWN
AssetEnvironmentGeometryParam	30	unknown_0x3b_7	UNKNOWN
AssetEnvironmentGeometryParam	31	isLadder	UNKNOWN
AssetEnvironmentGeometryParam	32	isMoveObj	UNKNOWN
AssetEnvironmentGeometryParam	33	isSkydomeFlag	UNKNOWN
AssetEnvironmentGeometryParam	34	isAnimPauseOnRemoPlay	UNKNOWN
AssetEnvironmentGeometryParam	35	isBurn	UNKNOWN
AssetEnvironmentGeometryParam	36	isEnableRepick	UNKNOWN
AssetEnvironmentGeometryParam	37	isBreakOnPickUp	UNKNOWN
AssetEnvironmentGeometryParam	38	isBreakByHugeenemyCollide	UNKNOWN
AssetEnvironmentGeometryParam	39	navimeshFlag	UNKNOWN
AssetEnvironmentGeometryParam	40	burnBulletInterval	UNKNOWN
AssetEnvironmentGeometryParam	41	clothUpdateDist	UNKNOWN
AssetEnvironmentGeometryParam	42	lifeTime_forRuntimeCreate	UNKNOWN
AssetEnvironmentGeometryParam	43	contactSeId	UNKNOWN
AssetEnvironmentGeometryParam	44	repickAnimIdOffset	UNKNOWN
AssetEnvironmentGeometryParam	45	windEffectRate_0	UNKNOWN
AssetEnvironmentGeometryParam	46	windEffectRate_1	UNKNOWN
AssetEnvironmentGeometryParam	47	windEffectType_0	UNKNOWN
AssetEnvironmentGeometryParam	48	windEffectType_1	UNKNOWN
AssetEnvironmentGeometryParam	49	overrideMaterialId	UNKNOWN
AssetEnvironmentGeometryParam	50	autoCreateOffsetHeight	UNKNOWN
AssetEnvironmentGeometryParam	51	burnTime	UNKNOWN
AssetEnvironmentGeometryParam	52	burnBraekRate	UNKNOWN
AssetEnvironmentGeometryParam	53	burnSfxId	UNKNOWN
AssetEnvironmentGeometryParam	54	burnSfxId_1	UNKNOWN
AssetEnvironmentGeometryParam	55	burnSfxId_2	UNKNOWN
AssetEnvironmentGeometryParam	56	burnSfxId_3	UNKNOWN
AssetEnvironmentGeometryParam	57	burnSfxDelayTimeMin	UNKNOWN
AssetEnvironmentGeometryParam	58	burnSfxDelayTimeMin_1	UNKNOWN
AssetEnvironmentGeometryParam	59	burnSfxDelayTimeMin_2	UNKNOWN
AssetEnvironmentGeometryParam	60	burnSfxDelayTimeMin_3	UNKNOWN
AssetEnvironmentGeometryParam	61	burnSfxDelayTimeMax	UNKNOWN
AssetEnvironmentGeometryParam	62	burnSfxDelayTimeMax_1	UNKNOWN
AssetEnvironmentGeometryParam	63	burnSfxDelayTimeMax_2	UNKNOWN
AssetEnvironmentGeometryParam	64	burnSfxDelayTimeMax_3	UNKNOWN
AssetEnvironmentGeometryParam	65	burnBulletBehaviorId	UNKNOWN
AssetEnvironmentGeometryParam	66	burnBulletBehaviorId_1	UNKNOWN
AssetEnvironmentGeometryParam	67	burnBulletBehaviorId_2	UNKNOWN
AssetEnvironmentGeometryParam	68	burnBulletBehaviorId_3	UNKNOWN
AssetEnvironmentGeometryParam	69	burnBulletDelayTime	UNKNOWN
AssetEnvironmentGeometryParam	70	paintDecalTargetTextureSize	UNKNOWN
AssetEnvironmentGeometryParam	71	navimeshFlag_after	UNKNOWN
AssetEnvironmentGeometryParam	72	camNearBehaviorType	UNKNOWN
AssetEnvironmentGeometryParam	73	breakItemLotParamId	UNKNOWN
AssetEnvironmentGeometryParam	74	pickUpActionButtonParamId	UNKNOWN
AssetEnvironmentGeometryParam	75	pickUpItemLotParamId	UNKNOWN
AssetEnvironmentGeometryParam	76	autoDrawGroupBackFaceCheck	UNKNOWN
AssetEnvironmentGeometryParam	77	autoDrawGroupDepthWrite	UNKNOWN
AssetEnvironmentGeometryParam	78	autoDrawGroupShadowTest	UNKNOWN
AssetEnvironmentGeometryParam	79	debug_isHeightCheckEnable	UNKNOWN
AssetEnvironmentGeometryParam	80	hitCarverCancelAreaFlag	UNKNOWN
AssetEnvironmentGeometryParam	81	assetNavimeshNoCombine	UNKNOWN
AssetEnvironmentGeometryParam	82	navimeshFlagApply	UNKNOWN
AssetEnvironmentGeometryParam	83	navimeshFlagApply_after	UNKNOWN
AssetEnvironmentGeometryParam	84	autoDrawGroupPassPixelNum	UNKNOWN
AssetEnvironmentGeometryParam	85	pickUpReplacementEventFlag	UNKNOWN
AssetEnvironmentGeometryParam	86	pickUpReplacementAnimIdOffset	UNKNOWN
AssetEnvironmentGeometryParam	87	pickUpReplacementActionButtonParamId	UNKNOWN
AssetEnvironmentGeometryParam	88	pickUpReplacementItemLotParamId	UNKNOWN
AssetEnvironmentGeometryParam	89	slidingBulletHitType	UNKNOWN
AssetEnvironmentGeometryParam	90	isBushesForDamage	UNKNOWN
AssetEnvironmentGeometryParam	91	penetrationBulletType	UNKNOWN
AssetEnvironmentGeometryParam	92	unkR3	UNKNOWN
AssetEnvironmentGeometryParam	93	unkR4	UNKNOWN
AssetEnvironmentGeometryParam	94	soundBreakSECpId	UNKNOWN
AssetEnvironmentGeometryParam	95	debug_HeightCheckCapacityMin	UNKNOWN
AssetEnvironmentGeometryParam	96	debug_HeightCheckCapacityMax	UNKNOWN
AssetEnvironmentGeometryParam	97	repickActionButtonParamId	UNKNOWN
AssetEnvironmentGeometryParam	98	repickItemLotParamId	UNKNOWN
AssetEnvironmentGeometryParam	99	repickReplacementAnimIdOffset	UNKNOWN
AssetEnvironmentGeometryParam	100	repickReplacementActionButtonParamId	UNKNOWN
AssetEnvironmentGeometryParam	101	repickReplacementItemLotParamId	UNKNOWN
AssetEnvironmentGeometryParam	102	noGenerateCarver	UNKNOWN
AssetEnvironmentGeometryParam	103	noHitHugeAfterBreak	UNKNOWN
AssetEnvironmentGeometryParam	104	isEnabledBreakSync	UNKNOWN
AssetEnvironmentGeometryParam	105	isHiddenOnRepick	UNKNOWN
AssetEnvironmentGeometryParam	106	isCreateMultiPlayOnly	UNKNOWN
AssetEnvironmentGeometryParam	107	isDisableBulletHitSfx	UNKNOWN
AssetEnvironmentGeometryParam	108	isEnableSignPreBreak	UNKNOWN
AssetEnvironmentGeometryParam	109	isEnableSignPostBreak	UNKNOWN
AssetEnvironmentGeometryParam	110	unkR1	UNKNOWN
AssetEnvironmentGeometryParam	111	generateMultiForbiddenRegion	UNKNOWN
AssetEnvironmentGeometryParam	112	residentSeId0	UNKNOWN
AssetEnvironmentGeometryParam	113	residentSeId1	UNKNOWN
AssetEnvironmentGeometryParam	114	residentSeId2	UNKNOWN
AssetEnvironmentGeometryParam	115	residentSeId3	UNKNOWN
AssetEnvironmentGeometryParam	116	residentSeDmypolyId0	UNKNOWN
AssetEnvironmentGeometryParam	117	residentSeDmypolyId1	UNKNOWN
AssetEnvironmentGeometryParam	118	residentSeDmypolyId2	UNKNOWN
AssetEnvironmentGeometryParam	119	residentSeDmypolyId3	UNKNOWN
AssetEnvironmentGeometryParam	120	excludeActivateRatio_Xboxone_Grid	UNKNOWN
AssetEnvironmentGeometryParam	121	excludeActivateRatio_Xboxone_Legacy	UNKNOWN
AssetEnvironmentGeometryParam	122	excludeActivateRatio_PS4_Grid	UNKNOWN
AssetEnvironmentGeometryParam	123	excludeActivateRatio_PS4_Legacy	UNKNOWN
AssetEnvironmentGeometryParam	124	unknown_0x120	UNKNOWN
AssetEnvironmentGeometryParam	125	unknown_0x121	UNKNOWN
AssetEnvironmentGeometryParam	126	unknown_0x122	UNKNOWN
AssetEnvironmentGeometryParam	127	unknown_0x123	UNKNOWN
AssetEnvironmentGeometryParam	128	unknown_0x124	UNKNOWN
AssetEnvironmentGeometryParam	129	unknown_0x125	UNKNOWN
AssetEnvironmentGeometryParam	130	Reserve_0	UNKNOWN
AssetEnvironmentGeometryParam	131		UNKNOWN
AssetMaterialSfxParam	0	ID	UNKNOWN
AssetMaterialSfxParam	1	Name	UNKNOWN
AssetMaterialSfxParam	2	sfxId_00	UNKNOWN
AssetMaterialSfxParam	3	sfxId_01	UNKNOWN
AssetMaterialSfxParam	4	sfxId_02	UNKNOWN
AssetMaterialSfxParam	5	sfxId_03	UNKNOWN
AssetMaterialSfxParam	6	sfxId_04	UNKNOWN
AssetMaterialSfxParam	7	sfxId_05	UNKNOWN
AssetMaterialSfxParam	8	sfxId_06	UNKNOWN
AssetMaterialSfxParam	9	sfxId_07	UNKNOWN
AssetMaterialSfxParam	10	sfxId_08	UNKNOWN
AssetMaterialSfxParam	11	sfxId_09	UNKNOWN
AssetMaterialSfxParam	12	sfxId_10	UNKNOWN
AssetMaterialSfxParam	13	sfxId_11	UNKNOWN
AssetMaterialSfxParam	14	sfxId_12	UNKNOWN
AssetMaterialSfxParam	15	sfxId_13	UNKNOWN
AssetMaterialSfxParam	16	sfxId_14	UNKNOWN
AssetMaterialSfxParam	17	sfxId_15	UNKNOWN
AssetMaterialSfxParam	18	sfxId_16	UNKNOWN
AssetMaterialSfxParam	19	sfxId_17	UNKNOWN
AssetMaterialSfxParam	20	sfxId_18	UNKNOWN
AssetMaterialSfxParam	21	sfxId_19	UNKNOWN
AssetMaterialSfxParam	22	sfxId_20	UNKNOWN
AssetMaterialSfxParam	23	sfxId_21	UNKNOWN
AssetMaterialSfxParam	24	sfxId_22	UNKNOWN
AssetMaterialSfxParam	25	sfxId_23	UNKNOWN
AssetMaterialSfxParam	26	sfxId_24	UNKNOWN
AssetMaterialSfxParam	27	sfxId_25	UNKNOWN
AssetMaterialSfxParam	28	sfxId_26	UNKNOWN
AssetMaterialSfxParam	29	sfxId_27	UNKNOWN
AssetMaterialSfxParam	30	sfxId_28	UNKNOWN
AssetMaterialSfxParam	31	sfxId_29	UNKNOWN
AssetMaterialSfxParam	32	sfxId_30	UNKNOWN
AssetMaterialSfxParam	33	sfxId_31	UNKNOWN
AssetMaterialSfxParam	34		UNKNOWN
AssetModelSfxParam	0	ID	UNKNOWN
AssetModelSfxParam	1	Name	UNKNOWN
AssetModelSfxParam	2	sfxId_0	UNKNOWN
AssetModelSfxParam	3	dmypolyId_0	UNKNOWN
AssetModelSfxParam	4	reserve_0	UNKNOWN
AssetModelSfxParam	5	sfxId_1	UNKNOWN
AssetModelSfxParam	6	dmypolyId_1	UNKNOWN
AssetModelSfxParam	7	reserve_1	UNKNOWN
AssetModelSfxParam	8	sfxId_2	UNKNOWN
AssetModelSfxParam	9	dmypolyId_2	UNKNOWN
AssetModelSfxParam	10	reserve_2	UNKNOWN
AssetModelSfxParam	11	sfxId_3	UNKNOWN
AssetModelSfxParam	12	dmypolyId_3	UNKNOWN
AssetModelSfxParam	13	reserve_3	UNKNOWN
AssetModelSfxParam	14	sfxId_4	UNKNOWN
AssetModelSfxParam	15	dmypolyId_4	UNKNOWN
AssetModelSfxParam	16	reserve_4	UNKNOWN
AssetModelSfxParam	17	sfxId_5	UNKNOWN
AssetModelSfxParam	18	dmypolyId_5	UNKNOWN
AssetModelSfxParam	19	reserve_5	UNKNOWN
AssetModelSfxParam	20	sfxId_6	UNKNOWN
AssetModelSfxParam	21	dmypolyId_6	UNKNOWN
AssetModelSfxParam	22	reserve_6	UNKNOWN
AssetModelSfxParam	23	sfxId_7	UNKNOWN
AssetModelSfxParam	24	dmypolyId_7	UNKNOWN
AssetModelSfxParam	25	isDisableIV	UNKNOWN
AssetModelSfxParam	26	reserve_7	UNKNOWN
AssetModelSfxParam	27		UNKNOWN
AtkParam_Npc	0	ID	UNKNOWN
AtkParam_Npc	1	Name	UNKNOWN
AtkParam_Npc	2	hit0_Radius	UNKNOWN
AtkParam_Npc	3	hit1_Radius	UNKNOWN
AtkParam_Npc	4	hit2_Radius	UNKNOWN
AtkParam_Npc	5	hit3_Radius	UNKNOWN
AtkParam_Npc	6	knockbackDist	UNKNOWN
AtkParam_Npc	7	hitStopTime	UNKNOWN
AtkParam_Npc	8	spEffectId0	UNKNOWN
AtkParam_Npc	9	spEffectId1	UNKNOWN
AtkParam_Npc	10	spEffectId2	UNKNOWN
AtkParam_Npc	11	spEffectId3	UNKNOWN
AtkParam_Npc	12	spEffectId4	UNKNOWN
AtkParam_Npc	13	hit0_DmyPoly1	UNKNOWN
AtkParam_Npc	14	hit1_DmyPoly1	UNKNOWN
AtkParam_Npc	15	hit2_DmyPoly1	UNKNOWN
AtkParam_Npc	16	hit3_DmyPoly1	UNKNOWN
AtkParam_Npc	17	hit0_DmyPoly2	UNKNOWN
AtkParam_Npc	18	hit1_DmyPoly2	UNKNOWN
AtkParam_Npc	19	hit2_DmyPoly2	UNKNOWN
AtkParam_Npc	20	hit3_DmyPoly2	UNKNOWN
AtkParam_Npc	21	blowingCorrection	UNKNOWN
AtkParam_Npc	22	atkPhysCorrection	UNKNOWN
AtkParam_Npc	23	atkMagCorrection	UNKNOWN
AtkParam_Npc	24	atkFireCorrection	UNKNOWN
AtkParam_Npc	25	atkThunCorrection	UNKNOWN
AtkParam_Npc	26	atkStamCorrection	UNKNOWN
AtkParam_Npc	27	guardAtkRateCorrection	UNKNOWN
AtkParam_Npc	28	guardBreakCorrection	UNKNOWN
AtkParam_Npc	29	atkThrowEscapeCorrection	UNKNOWN
AtkParam_Npc	30	subCategory1	UNKNOWN
AtkParam_Npc	31	subCategory2	UNKNOWN
AtkParam_Npc	32	atkPhys	UNKNOWN
AtkParam_Npc	33	atkMag	UNKNOWN
AtkParam_Npc	34	atkFire	UNKNOWN
AtkParam_Npc	35	atkThun	UNKNOWN
AtkParam_Npc	36	atkStam	UNKNOWN
AtkParam_Npc	37	guardAtkRate	UNKNOWN
AtkParam_Npc	38	guardBreakRate	UNKNOWN
AtkParam_Npc	39	pad6	UNKNOWN
AtkParam_Npc	40	isEnableCalcDamageForBushesObj	UNKNOWN
AtkParam_Npc	41	atkThrowEscape	UNKNOWN
AtkParam_Npc	42	atkObj	UNKNOWN
AtkParam_Npc	43	guardStaminaCutRate	UNKNOWN
AtkParam_Npc	44	guardRate	UNKNOWN
AtkParam_Npc	45	throwTypeId	UNKNOWN
AtkParam_Npc	46	hit0_hitType	UNKNOWN
AtkParam_Npc	47	hit1_hitType	UNKNOWN
AtkParam_Npc	48	hit2_hitType	UNKNOWN
AtkParam_Npc	49	hit3_hitType	UNKNOWN
AtkParam_Npc	50	hti0_Priority	UNKNOWN
AtkParam_Npc	51	hti1_Priority	UNKNOWN
AtkParam_Npc	52	hti2_Priority	UNKNOWN
AtkParam_Npc	53	hti3_Priority	UNKNOWN
AtkParam_Npc	54	dmgLevel	UNKNOWN
AtkParam_Npc	55	mapHitType	UNKNOWN
AtkParam_Npc	56	guardCutCancelRate	UNKNOWN
AtkParam_Npc	57	atkAttribute	UNKNOWN
AtkParam_Npc	58	spAttribute	UNKNOWN
AtkParam_Npc	59	atkType	UNKNOWN
AtkParam_Npc	60	atkMaterial	UNKNOWN
AtkParam_Npc	61	guardRangeType	UNKNOWN
AtkParam_Npc	62	defSeMaterial1	UNKNOWN
AtkParam_Npc	63	hitSourceType	UNKNOWN
AtkParam_Npc	64	throwFlag	UNKNOWN
AtkParam_Npc	65	disableGuard	UNKNOWN
AtkParam_Npc	66	disableStaminaAttack	UNKNOWN
AtkParam_Npc	67	disableHitSpEffect	UNKNOWN
AtkParam_Npc	68	IgnoreNotifyMissSwingForAI	UNKNOWN
AtkParam_Npc	69	repeatHitSfx	UNKNOWN
AtkParam_Npc	70	isArrowAtk	UNKNOWN
AtkParam_Npc	71	isGhostAtk	UNKNOWN
AtkParam_Npc	72	isDisableNoDamage	UNKNOWN
AtkParam_Npc	73	atkPow_forSfx	UNKNOWN
AtkParam_Npc	74	atkDir_forSfx	UNKNOWN
AtkParam_Npc	75	opposeTarget	UNKNOWN
AtkParam_Npc	76	friendlyTarget	UNKNOWN
AtkParam_Npc	77	selfTarget	UNKNOWN
AtkParam_Npc	78	isCheckDoorPenetration	UNKNOWN
AtkParam_Npc	79	isVsRideAtk	UNKNOWN
AtkParam_Npc	80	isAddBaseAtk	UNKNOWN
AtkParam_Npc	81	excludeThreatLvNotify	UNKNOWN
AtkParam_Npc	82	pad1	UNKNOWN
AtkParam_Npc	83	atkBehaviorId	UNKNOWN
AtkParam_Npc	84	atkPow_forSe	UNKNOWN
AtkParam_Npc	85	atkSuperArmor	UNKNOWN
AtkParam_Npc	86	decalId1	UNKNOWN
AtkParam_Npc	87	decalId2	UNKNOWN
AtkParam_Npc	88	AppearAiSoundId	UNKNOWN
AtkParam_Npc	89	HitAiSoundId	UNKNOWN
AtkParam_Npc	90	HitRumbleId	UNKNOWN
AtkParam_Npc	91	HitRumbleIdByNormal	UNKNOWN
AtkParam_Npc	92	HitRumbleIdByMiddle	UNKNOWN
AtkParam_Npc	93	HitRumbleIdByRoot	UNKNOWN
AtkParam_Npc	94	traceSfxId0	UNKNOWN
AtkParam_Npc	95	traceDmyIdHead0	UNKNOWN
AtkParam_Npc	96	traceDmyIdTail0	UNKNOWN
AtkParam_Npc	97	traceSfxId1	UNKNOWN
AtkParam_Npc	98	traceDmyIdHead1	UNKNOWN
AtkParam_Npc	99	traceDmyIdTail1	UNKNOWN
AtkParam_Npc	100	traceSfxId2	UNKNOWN
AtkParam_Npc	101	traceDmyIdHead2	UNKNOWN
AtkParam_Npc	102	traceDmyIdTail2	UNKNOWN
AtkParam_Npc	103	traceSfxId3	UNKNOWN
AtkParam_Npc	104	traceDmyIdHead3	UNKNOWN
AtkParam_Npc	105	traceDmyIdTail3	UNKNOWN
AtkParam_Npc	106	traceSfxId4	UNKNOWN
AtkParam_Npc	107	traceDmyIdHead4	UNKNOWN
AtkParam_Npc	108	traceDmyIdTail4	UNKNOWN
AtkParam_Npc	109	traceSfxId5	UNKNOWN
AtkParam_Npc	110	traceDmyIdHead5	UNKNOWN
AtkParam_Npc	111	traceDmyIdTail5	UNKNOWN
AtkParam_Npc	112	traceSfxId6	UNKNOWN
AtkParam_Npc	113	traceDmyIdHead6	UNKNOWN
AtkParam_Npc	114	traceDmyIdTail6	UNKNOWN
AtkParam_Npc	115	traceSfxId7	UNKNOWN
AtkParam_Npc	116	traceDmyIdHead7	UNKNOWN
AtkParam_Npc	117	traceDmyIdTail7	UNKNOWN
AtkParam_Npc	118	hit4_Radius	UNKNOWN
AtkParam_Npc	119	hit5_Radius	UNKNOWN
AtkParam_Npc	120	hit6_Radius	UNKNOWN
AtkParam_Npc	121	hit7_Radius	UNKNOWN
AtkParam_Npc	122	hit8_Radius	UNKNOWN
AtkParam_Npc	123	hit9_Radius	UNKNOWN
AtkParam_Npc	124	hit10_Radius	UNKNOWN
AtkParam_Npc	125	hit11_Radius	UNKNOWN
AtkParam_Npc	126	hit12_Radius	UNKNOWN
AtkParam_Npc	127	hit13_Radius	UNKNOWN
AtkParam_Npc	128	hit14_Radius	UNKNOWN
AtkParam_Npc	129	hit15_Radius	UNKNOWN
AtkParam_Npc	130	hit4_DmyPoly1	UNKNOWN
AtkParam_Npc	131	hit5_DmyPoly1	UNKNOWN
AtkParam_Npc	132	hit6_DmyPoly1	UNKNOWN
AtkParam_Npc	133	hit7_DmyPoly1	UNKNOWN
AtkParam_Npc	134	hit8_DmyPoly1	UNKNOWN
AtkParam_Npc	135	hit9_DmyPoly1	UNKNOWN
AtkParam_Npc	136	hit10_DmyPoly1	UNKNOWN
AtkParam_Npc	137	hit11_DmyPoly1	UNKNOWN
AtkParam_Npc	138	hit12_DmyPoly1	UNKNOWN
AtkParam_Npc	139	hit13_DmyPoly1	UNKNOWN
AtkParam_Npc	140	hit14_DmyPoly1	UNKNOWN
AtkParam_Npc	141	hit15_DmyPoly1	UNKNOWN
AtkParam_Npc	142	hit4_DmyPoly2	UNKNOWN
AtkParam_Npc	143	hit5_DmyPoly2	UNKNOWN
AtkParam_Npc	144	hit6_DmyPoly2	UNKNOWN
AtkParam_Npc	145	hit7_DmyPoly2	UNKNOWN
AtkParam_Npc	146	hit8_DmyPoly2	UNKNOWN
AtkParam_Npc	147	hit9_DmyPoly2	UNKNOWN
AtkParam_Npc	148	hit10_DmyPoly2	UNKNOWN
AtkParam_Npc	149	hit11_DmyPoly2	UNKNOWN
AtkParam_Npc	150	hit12_DmyPoly2	UNKNOWN
AtkParam_Npc	151	hit13_DmyPoly2	UNKNOWN
AtkParam_Npc	152	hit14_DmyPoly2	UNKNOWN
AtkParam_Npc	153	hit15_DmyPoly2	UNKNOWN
AtkParam_Npc	154	hit4_hitType	UNKNOWN
AtkParam_Npc	155	hit5_hitType	UNKNOWN
AtkParam_Npc	156	hit6_hitType	UNKNOWN
AtkParam_Npc	157	hit7_hitType	UNKNOWN
AtkParam_Npc	158	hit8_hitType	UNKNOWN
AtkParam_Npc	159	hit9_hitType	UNKNOWN
AtkParam_Npc	160	hit10_hitType	UNKNOWN
AtkParam_Npc	161	hit11_hitType	UNKNOWN
AtkParam_Npc	162	hit12_hitType	UNKNOWN
AtkParam_Npc	163	hit13_hitType	UNKNOWN
AtkParam_Npc	164	hit14_hitType	UNKNOWN
AtkParam_Npc	165	hit15_hitType	UNKNOWN
AtkParam_Npc	166	hti4_Priority	UNKNOWN
AtkParam_Npc	167	hti5_Priority	UNKNOWN
AtkParam_Npc	168	hti6_Priority	UNKNOWN
AtkParam_Npc	169	hti7_Priority	UNKNOWN
AtkParam_Npc	170	hti8_Priority	UNKNOWN
AtkParam_Npc	171	hti9_Priority	UNKNOWN
AtkParam_Npc	172	hti10_Priority	UNKNOWN
AtkParam_Npc	173	hti11_Priority	UNKNOWN
AtkParam_Npc	174	hti12_Priority	UNKNOWN
AtkParam_Npc	175	hti13_Priority	UNKNOWN
AtkParam_Npc	176	hti14_Priority	UNKNOWN
AtkParam_Npc	177	hti15_Priority	UNKNOWN
AtkParam_Npc	178	defSfxMaterial1	UNKNOWN
AtkParam_Npc	179	defSeMaterial2	UNKNOWN
AtkParam_Npc	180	defSfxMaterial2	UNKNOWN
AtkParam_Npc	181	atkDarkCorrection	UNKNOWN
AtkParam_Npc	182	atkDark	UNKNOWN
AtkParam_Npc	183	pad5	UNKNOWN
AtkParam_Npc	184	isDisableParry	UNKNOWN
AtkParam_Npc	185	isDisableBothHandsAtkBonus	UNKNOWN
AtkParam_Npc	186	isInvalidatedByNoDamageInAir	UNKNOWN
AtkParam_Npc	187	pad2	UNKNOWN
AtkParam_Npc	188	dmgLevel_vsPlayer	UNKNOWN
AtkParam_Npc	189	statusAilmentAtkPowerCorrectRate	UNKNOWN
AtkParam_Npc	190	spEffectAtkPowerCorrectRate_byPoint	UNKNOWN
AtkParam_Npc	191	spEffectAtkPowerCorrectRate_byRate	UNKNOWN
AtkParam_Npc	192	spEffectAtkPowerCorrectRate_byDmg	UNKNOWN
AtkParam_Npc	193	atkBehaviorId_2	UNKNOWN
AtkParam_Npc	194	throwDamageAttribute	UNKNOWN
AtkParam_Npc	195	statusAilmentAtkPowerCorrectRate_byPoint	UNKNOWN
AtkParam_Npc	196	overwriteAttackElementCorrectId	UNKNOWN
AtkParam_Npc	197	decalBaseId1	UNKNOWN
AtkParam_Npc	198	decalBaseId2	UNKNOWN
AtkParam_Npc	199	wepRegainHpScale	UNKNOWN
AtkParam_Npc	200	atkRegainHp	UNKNOWN
AtkParam_Npc	201	regainableTimeScale	UNKNOWN
AtkParam_Npc	202	regainableHpRateScale	UNKNOWN
AtkParam_Npc	203	regainableSlotId	UNKNOWN
AtkParam_Npc	204	spAttributeVariationValue	UNKNOWN
AtkParam_Npc	205	parryForwardOffset	UNKNOWN
AtkParam_Npc	206	atkSuperArmorCorrection	UNKNOWN
AtkParam_Npc	207	defSfxMaterialVariationValue	UNKNOWN
AtkParam_Npc	208	pad4	UNKNOWN
AtkParam_Npc	209	finalDamageRateId	UNKNOWN
AtkParam_Npc	210	subCategory3	UNKNOWN
AtkParam_Npc	211	subCategory4	UNKNOWN
AtkParam_Npc	212	pad7	UNKNOWN
AtkParam_Npc	213		UNKNOWN
AtkParam_Pc	0	ID	UNKNOWN
AtkParam_Pc	1	Name	UNKNOWN
AtkParam_Pc	2	hit0_Radius	UNKNOWN
AtkParam_Pc	3	hit1_Radius	UNKNOWN
AtkParam_Pc	4	hit2_Radius	UNKNOWN
AtkParam_Pc	5	hit3_Radius	UNKNOWN
AtkParam_Pc	6	knockbackDist	UNKNOWN
AtkParam_Pc	7	hitStopTime	UNKNOWN
AtkParam_Pc	8	spEffectId0	UNKNOWN
AtkParam_Pc	9	spEffectId1	UNKNOWN
AtkParam_Pc	10	spEffectId2	UNKNOWN
AtkParam_Pc	11	spEffectId3	UNKNOWN
AtkParam_Pc	12	spEffectId4	UNKNOWN
AtkParam_Pc	13	hit0_DmyPoly1	UNKNOWN
AtkParam_Pc	14	hit1_DmyPoly1	UNKNOWN
AtkParam_Pc	15	hit2_DmyPoly1	UNKNOWN
AtkParam_Pc	16	hit3_DmyPoly1	UNKNOWN
AtkParam_Pc	17	hit0_DmyPoly2	UNKNOWN
AtkParam_Pc	18	hit1_DmyPoly2	UNKNOWN
AtkParam_Pc	19	hit2_DmyPoly2	UNKNOWN
AtkParam_Pc	20	hit3_DmyPoly2	UNKNOWN
AtkParam_Pc	21	blowingCorrection	UNKNOWN
AtkParam_Pc	22	atkPhysCorrection	UNKNOWN
AtkParam_Pc	23	atkMagCorrection	UNKNOWN
AtkParam_Pc	24	atkFireCorrection	UNKNOWN
AtkParam_Pc	25	atkThunCorrection	UNKNOWN
AtkParam_Pc	26	atkStamCorrection	UNKNOWN
AtkParam_Pc	27	guardAtkRateCorrection	UNKNOWN
AtkParam_Pc	28	guardBreakCorrection	UNKNOWN
AtkParam_Pc	29	atkThrowEscapeCorrection	UNKNOWN
AtkParam_Pc	30	subCategory1	UNKNOWN
AtkParam_Pc	31	subCategory2	UNKNOWN
AtkParam_Pc	32	atkPhys	UNKNOWN
AtkParam_Pc	33	atkMag	UNKNOWN
AtkParam_Pc	34	atkFire	UNKNOWN
AtkParam_Pc	35	atkThun	UNKNOWN
AtkParam_Pc	36	atkStam	UNKNOWN
AtkParam_Pc	37	guardAtkRate	UNKNOWN
AtkParam_Pc	38	guardBreakRate	UNKNOWN
AtkParam_Pc	39	pad6	UNKNOWN
AtkParam_Pc	40	isEnableCalcDamageForBushesObj	UNKNOWN
AtkParam_Pc	41	atkThrowEscape	UNKNOWN
AtkParam_Pc	42	atkObj	UNKNOWN
AtkParam_Pc	43	guardStaminaCutRate	UNKNOWN
AtkParam_Pc	44	guardRate	UNKNOWN
AtkParam_Pc	45	throwTypeId	UNKNOWN
AtkParam_Pc	46	hit0_hitType	UNKNOWN
AtkParam_Pc	47	hit1_hitType	UNKNOWN
AtkParam_Pc	48	hit2_hitType	UNKNOWN
AtkParam_Pc	49	hit3_hitType	UNKNOWN
AtkParam_Pc	50	hti0_Priority	UNKNOWN
AtkParam_Pc	51	hti1_Priority	UNKNOWN
AtkParam_Pc	52	hti2_Priority	UNKNOWN
AtkParam_Pc	53	hti3_Priority	UNKNOWN
AtkParam_Pc	54	dmgLevel	UNKNOWN
AtkParam_Pc	55	mapHitType	UNKNOWN
AtkParam_Pc	56	guardCutCancelRate	UNKNOWN
AtkParam_Pc	57	atkAttribute	UNKNOWN
AtkParam_Pc	58	spAttribute	UNKNOWN
AtkParam_Pc	59	atkType	UNKNOWN
AtkParam_Pc	60	atkMaterial	UNKNOWN
AtkParam_Pc	61	guardRangeType	UNKNOWN
AtkParam_Pc	62	defSeMaterial1	UNKNOWN
AtkParam_Pc	63	hitSourceType	UNKNOWN
AtkParam_Pc	64	throwFlag	UNKNOWN
AtkParam_Pc	65	disableGuard	UNKNOWN
AtkParam_Pc	66	disableStaminaAttack	UNKNOWN
AtkParam_Pc	67	disableHitSpEffect	UNKNOWN
AtkParam_Pc	68	IgnoreNotifyMissSwingForAI	UNKNOWN
AtkParam_Pc	69	repeatHitSfx	UNKNOWN
AtkParam_Pc	70	isArrowAtk	UNKNOWN
AtkParam_Pc	71	isGhostAtk	UNKNOWN
AtkParam_Pc	72	isDisableNoDamage	UNKNOWN
AtkParam_Pc	73	atkPow_forSfx	UNKNOWN
AtkParam_Pc	74	atkDir_forSfx	UNKNOWN
AtkParam_Pc	75	opposeTarget	UNKNOWN
AtkParam_Pc	76	friendlyTarget	UNKNOWN
AtkParam_Pc	77	selfTarget	UNKNOWN
AtkParam_Pc	78	isCheckDoorPenetration	UNKNOWN
AtkParam_Pc	79	isVsRideAtk	UNKNOWN
AtkParam_Pc	80	isAddBaseAtk	UNKNOWN
AtkParam_Pc	81	excludeThreatLvNotify	UNKNOWN
AtkParam_Pc	82	pad1	UNKNOWN
AtkParam_Pc	83	atkBehaviorId	UNKNOWN
AtkParam_Pc	84	atkPow_forSe	UNKNOWN
AtkParam_Pc	85	atkSuperArmor	UNKNOWN
AtkParam_Pc	86	decalId1	UNKNOWN
AtkParam_Pc	87	decalId2	UNKNOWN
AtkParam_Pc	88	AppearAiSoundId	UNKNOWN
AtkParam_Pc	89	HitAiSoundId	UNKNOWN
AtkParam_Pc	90	HitRumbleId	UNKNOWN
AtkParam_Pc	91	HitRumbleIdByNormal	UNKNOWN
AtkParam_Pc	92	HitRumbleIdByMiddle	UNKNOWN
AtkParam_Pc	93	HitRumbleIdByRoot	UNKNOWN
AtkParam_Pc	94	traceSfxId0	UNKNOWN
AtkParam_Pc	95	traceDmyIdHead0	UNKNOWN
AtkParam_Pc	96	traceDmyIdTail0	UNKNOWN
AtkParam_Pc	97	traceSfxId1	UNKNOWN
AtkParam_Pc	98	traceDmyIdHead1	UNKNOWN
AtkParam_Pc	99	traceDmyIdTail1	UNKNOWN
AtkParam_Pc	100	traceSfxId2	UNKNOWN
AtkParam_Pc	101	traceDmyIdHead2	UNKNOWN
AtkParam_Pc	102	traceDmyIdTail2	UNKNOWN
AtkParam_Pc	103	traceSfxId3	UNKNOWN
AtkParam_Pc	104	traceDmyIdHead3	UNKNOWN
AtkParam_Pc	105	traceDmyIdTail3	UNKNOWN
AtkParam_Pc	106	traceSfxId4	UNKNOWN
AtkParam_Pc	107	traceDmyIdHead4	UNKNOWN
AtkParam_Pc	108	traceDmyIdTail4	UNKNOWN
AtkParam_Pc	109	traceSfxId5	UNKNOWN
AtkParam_Pc	110	traceDmyIdHead5	UNKNOWN
AtkParam_Pc	111	traceDmyIdTail5	UNKNOWN
AtkParam_Pc	112	traceSfxId6	UNKNOWN
AtkParam_Pc	113	traceDmyIdHead6	UNKNOWN
AtkParam_Pc	114	traceDmyIdTail6	UNKNOWN
AtkParam_Pc	115	traceSfxId7	UNKNOWN
AtkParam_Pc	116	traceDmyIdHead7	UNKNOWN
AtkParam_Pc	117	traceDmyIdTail7	UNKNOWN
AtkParam_Pc	118	hit4_Radius	UNKNOWN
AtkParam_Pc	119	hit5_Radius	UNKNOWN
AtkParam_Pc	120	hit6_Radius	UNKNOWN
AtkParam_Pc	121	hit7_Radius	UNKNOWN
AtkParam_Pc	122	hit8_Radius	UNKNOWN
AtkParam_Pc	123	hit9_Radius	UNKNOWN
AtkParam_Pc	124	hit10_Radius	UNKNOWN
AtkParam_Pc	125	hit11_Radius	UNKNOWN
AtkParam_Pc	126	hit12_Radius	UNKNOWN
AtkParam_Pc	127	hit13_Radius	UNKNOWN
AtkParam_Pc	128	hit14_Radius	UNKNOWN
AtkParam_Pc	129	hit15_Radius	UNKNOWN
AtkParam_Pc	130	hit4_DmyPoly1	UNKNOWN
AtkParam_Pc	131	hit5_DmyPoly1	UNKNOWN
AtkParam_Pc	132	hit6_DmyPoly1	UNKNOWN
AtkParam_Pc	133	hit7_DmyPoly1	UNKNOWN
AtkParam_Pc	134	hit8_DmyPoly1	UNKNOWN
AtkParam_Pc	135	hit9_DmyPoly1	UNKNOWN
AtkParam_Pc	136	hit10_DmyPoly1	UNKNOWN
AtkParam_Pc	137	hit11_DmyPoly1	UNKNOWN
AtkParam_Pc	138	hit12_DmyPoly1	UNKNOWN
AtkParam_Pc	139	hit13_DmyPoly1	UNKNOWN
AtkParam_Pc	140	hit14_DmyPoly1	UNKNOWN
AtkParam_Pc	141	hit15_DmyPoly1	UNKNOWN
AtkParam_Pc	142	hit4_DmyPoly2	UNKNOWN
AtkParam_Pc	143	hit5_DmyPoly2	UNKNOWN
AtkParam_Pc	144	hit6_DmyPoly2	UNKNOWN
AtkParam_Pc	145	hit7_DmyPoly2	UNKNOWN
AtkParam_Pc	146	hit8_DmyPoly2	UNKNOWN
AtkParam_Pc	147	hit9_DmyPoly2	UNKNOWN
AtkParam_Pc	148	hit10_DmyPoly2	UNKNOWN
AtkParam_Pc	149	hit11_DmyPoly2	UNKNOWN
AtkParam_Pc	150	hit12_DmyPoly2	UNKNOWN
AtkParam_Pc	151	hit13_DmyPoly2	UNKNOWN
AtkParam_Pc	152	hit14_DmyPoly2	UNKNOWN
AtkParam_Pc	153	hit15_DmyPoly2	UNKNOWN
AtkParam_Pc	154	hit4_hitType	UNKNOWN
AtkParam_Pc	155	hit5_hitType	UNKNOWN
AtkParam_Pc	156	hit6_hitType	UNKNOWN
AtkParam_Pc	157	hit7_hitType	UNKNOWN
AtkParam_Pc	158	hit8_hitType	UNKNOWN
AtkParam_Pc	159	hit9_hitType	UNKNOWN
AtkParam_Pc	160	hit10_hitType	UNKNOWN
AtkParam_Pc	161	hit11_hitType	UNKNOWN
AtkParam_Pc	162	hit12_hitType	UNKNOWN
AtkParam_Pc	163	hit13_hitType	UNKNOWN
AtkParam_Pc	164	hit14_hitType	UNKNOWN
AtkParam_Pc	165	hit15_hitType	UNKNOWN
AtkParam_Pc	166	hti4_Priority	UNKNOWN
AtkParam_Pc	167	hti5_Priority	UNKNOWN
AtkParam_Pc	168	hti6_Priority	UNKNOWN
AtkParam_Pc	169	hti7_Priority	UNKNOWN
AtkParam_Pc	170	hti8_Priority	UNKNOWN
AtkParam_Pc	171	hti9_Priority	UNKNOWN
AtkParam_Pc	172	hti10_Priority	UNKNOWN
AtkParam_Pc	173	hti11_Priority	UNKNOWN
AtkParam_Pc	174	hti12_Priority	UNKNOWN
AtkParam_Pc	175	hti13_Priority	UNKNOWN
AtkParam_Pc	176	hti14_Priority	UNKNOWN
AtkParam_Pc	177	hti15_Priority	UNKNOWN
AtkParam_Pc	178	defSfxMaterial1	UNKNOWN
AtkParam_Pc	179	defSeMaterial2	UNKNOWN
AtkParam_Pc	180	defSfxMaterial2	UNKNOWN
AtkParam_Pc	181	atkDarkCorrection	UNKNOWN
AtkParam_Pc	182	atkDark	UNKNOWN
AtkParam_Pc	183	pad5	UNKNOWN
AtkParam_Pc	184	isDisableParry	UNKNOWN
AtkParam_Pc	185	isDisableBothHandsAtkBonus	UNKNOWN
AtkParam_Pc	186	isInvalidatedByNoDamageInAir	UNKNOWN
AtkParam_Pc	187	pad2	UNKNOWN
AtkParam_Pc	188	dmgLevel_vsPlayer	UNKNOWN
AtkParam_Pc	189	statusAilmentAtkPowerCorrectRate	UNKNOWN
AtkParam_Pc	190	spEffectAtkPowerCorrectRate_byPoint	UNKNOWN
AtkParam_Pc	191	spEffectAtkPowerCorrectRate_byRate	UNKNOWN
AtkParam_Pc	192	spEffectAtkPowerCorrectRate_byDmg	UNKNOWN
AtkParam_Pc	193	atkBehaviorId_2	UNKNOWN
AtkParam_Pc	194	throwDamageAttribute	UNKNOWN
AtkParam_Pc	195	statusAilmentAtkPowerCorrectRate_byPoint	UNKNOWN
AtkParam_Pc	196	overwriteAttackElementCorrectId	UNKNOWN
AtkParam_Pc	197	decalBaseId1	UNKNOWN
AtkParam_Pc	198	decalBaseId2	UNKNOWN
AtkParam_Pc	199	wepRegainHpScale	UNKNOWN
AtkParam_Pc	200	atkRegainHp	UNKNOWN
AtkParam_Pc	201	regainableTimeScale	UNKNOWN
AtkParam_Pc	202	regainableHpRateScale	UNKNOWN
AtkParam_Pc	203	regainableSlotId	UNKNOWN
AtkParam_Pc	204	spAttributeVariationValue	UNKNOWN
AtkParam_Pc	205	parryForwardOffset	UNKNOWN
AtkParam_Pc	206	atkSuperArmorCorrection	UNKNOWN
AtkParam_Pc	207	defSfxMaterialVariationValue	UNKNOWN
AtkParam_Pc	208	pad4	UNKNOWN
AtkParam_Pc	209	finalDamageRateId	UNKNOWN
AtkParam_Pc	210	subCategory3	UNKNOWN
AtkParam_Pc	211	subCategory4	UNKNOWN
AtkParam_Pc	212	pad7	UNKNOWN
AtkParam_Pc	213		UNKNOWN
AttackElementCorrectParam	0	ID	UNKNOWN
AttackElementCorrectParam	1	Name	UNKNOWN
AttackElementCorrectParam	2	isStrengthCorrect_byPhysics	UNKNOWN
AttackElementCorrectParam	3	isDexterityCorrect_byPhysics	UNKNOWN
AttackElementCorrectParam	4	isMagicCorrect_byPhysics	UNKNOWN
AttackElementCorrectParam	5	isFaithCorrect_byPhysics	UNKNOWN
AttackElementCorrectParam	6	isLuckCorrect_byPhysics	UNKNOWN
AttackElementCorrectParam	7	isStrengthCorrect_byMagic	UNKNOWN
AttackElementCorrectParam	8	isDexterityCorrect_byMagic	UNKNOWN
AttackElementCorrectParam	9	isMagicCorrect_byMagic	UNKNOWN
AttackElementCorrectParam	10	isFaithCorrect_byMagic	UNKNOWN
AttackElementCorrectParam	11	isLuckCorrect_byMagic	UNKNOWN
AttackElementCorrectParam	12	isStrengthCorrect_byFire	UNKNOWN
AttackElementCorrectParam	13	isDexterityCorrect_byFire	UNKNOWN
AttackElementCorrectParam	14	isMagicCorrect_byFire	UNKNOWN
AttackElementCorrectParam	15	isFaithCorrect_byFire	UNKNOWN
AttackElementCorrectParam	16	isLuckCorrect_byFire	UNKNOWN
AttackElementCorrectParam	17	isStrengthCorrect_byThunder	UNKNOWN
AttackElementCorrectParam	18	isDexterityCorrect_byThunder	UNKNOWN
AttackElementCorrectParam	19	isMagicCorrect_byThunder	UNKNOWN
AttackElementCorrectParam	20	isFaithCorrect_byThunder	UNKNOWN
AttackElementCorrectParam	21	isLuckCorrect_byThunder	UNKNOWN
AttackElementCorrectParam	22	isStrengthCorrect_byDark	UNKNOWN
AttackElementCorrectParam	23	isDexterityCorrect_byDark	UNKNOWN
AttackElementCorrectParam	24	isMagicCorrect_byDark	UNKNOWN
AttackElementCorrectParam	25	isFaithCorrect_byDark	UNKNOWN
AttackElementCorrectParam	26	isLuckCorrect_byDark	UNKNOWN
AttackElementCorrectParam	27	pad1	UNKNOWN
AttackElementCorrectParam	28	overwriteStrengthCorrectRate_byPhysics	UNKNOWN
AttackElementCorrectParam	29	overwriteDexterityCorrectRate_byPhysics	UNKNOWN
AttackElementCorrectParam	30	overwriteMagicCorrectRate_byPhysics	UNKNOWN
AttackElementCorrectParam	31	overwriteFaithCorrectRate_byPhysics	UNKNOWN
AttackElementCorrectParam	32	overwriteLuckCorrectRate_byPhysics	UNKNOWN
AttackElementCorrectParam	33	overwriteStrengthCorrectRate_byMagic	UNKNOWN
AttackElementCorrectParam	34	overwriteDexterityCorrectRate_byMagic	UNKNOWN
AttackElementCorrectParam	35	overwriteMagicCorrectRate_byMagic	UNKNOWN
AttackElementCorrectParam	36	overwriteFaithCorrectRate_byMagic	UNKNOWN
AttackElementCorrectParam	37	overwriteLuckCorrectRate_byMagic	UNKNOWN
AttackElementCorrectParam	38	overwriteStrengthCorrectRate_byFire	UNKNOWN
AttackElementCorrectParam	39	overwriteDexterityCorrectRate_byFire	UNKNOWN
AttackElementCorrectParam	40	overwriteMagicCorrectRate_byFire	UNKNOWN
AttackElementCorrectParam	41	overwriteFaithCorrectRate_byFire	UNKNOWN
AttackElementCorrectParam	42	overwriteLuckCorrectRate_byFire	UNKNOWN
AttackElementCorrectParam	43	overwriteStrengthCorrectRate_byThunder	UNKNOWN
AttackElementCorrectParam	44	overwriteDexterityCorrectRate_byThunder	UNKNOWN
AttackElementCorrectParam	45	overwriteMagicCorrectRate_byThunder	UNKNOWN
AttackElementCorrectParam	46	overwriteFaithCorrectRate_byThunder	UNKNOWN
AttackElementCorrectParam	47	overwriteLuckCorrectRate_byThunder	UNKNOWN
AttackElementCorrectParam	48	overwriteStrengthCorrectRate_byDark	UNKNOWN
AttackElementCorrectParam	49	overwriteDexterityCorrectRate_byDark	UNKNOWN
AttackElementCorrectParam	50	overwriteMagicCorrectRate_byDark	UNKNOWN
AttackElementCorrectParam	51	overwriteFaithCorrectRate_byDark	UNKNOWN
AttackElementCorrectParam	52	overwriteLuckCorrectRate_byDark	UNKNOWN
AttackElementCorrectParam	53	InfluenceStrengthCorrectRate_byPhysics	UNKNOWN
AttackElementCorrectParam	54	InfluenceDexterityCorrectRate_byPhysics	UNKNOWN
AttackElementCorrectParam	55	InfluenceMagicCorrectRate_byPhysics	UNKNOWN
AttackElementCorrectParam	56	InfluenceFaithCorrectRate_byPhysics	UNKNOWN
AttackElementCorrectParam	57	InfluenceLuckCorrectRate_byPhysics	UNKNOWN
AttackElementCorrectParam	58	InfluenceStrengthCorrectRate_byMagic	UNKNOWN
AttackElementCorrectParam	59	InfluenceDexterityCorrectRate_byMagic	UNKNOWN
AttackElementCorrectParam	60	InfluenceMagicCorrectRate_byMagic	UNKNOWN
AttackElementCorrectParam	61	InfluenceFaithCorrectRate_byMagic	UNKNOWN
AttackElementCorrectParam	62	InfluenceLuckCorrectRate_byMagic	UNKNOWN
AttackElementCorrectParam	63	InfluenceStrengthCorrectRate_byFire	UNKNOWN
AttackElementCorrectParam	64	InfluenceDexterityCorrectRate_byFire	UNKNOWN
AttackElementCorrectParam	65	InfluenceMagicCorrectRate_byFire	UNKNOWN
AttackElementCorrectParam	66	InfluenceFaithCorrectRate_byFire	UNKNOWN
AttackElementCorrectParam	67	InfluenceLuckCorrectRate_byFire	UNKNOWN
AttackElementCorrectParam	68	InfluenceStrengthCorrectRate_byThunder	UNKNOWN
AttackElementCorrectParam	69	InfluenceDexterityCorrectRate_byThunder	UNKNOWN
AttackElementCorrectParam	70	InfluenceMagicCorrectRate_byThunder	UNKNOWN
AttackElementCorrectParam	71	InfluenceFaithCorrectRate_byThunder	UNKNOWN
AttackElementCorrectParam	72	InfluenceLuckCorrectRate_byThunder	UNKNOWN
AttackElementCorrectParam	73	InfluenceStrengthCorrectRate_byDark	UNKNOWN
AttackElementCorrectParam	74	InfluenceDexterityCorrectRate_byDark	UNKNOWN
AttackElementCorrectParam	75	InfluenceMagicCorrectRate_byDark	UNKNOWN
AttackElementCorrectParam	76	InfluenceFaithCorrectRate_byDark	UNKNOWN
AttackElementCorrectParam	77	InfluenceLuckCorrectRate_byDark	UNKNOWN
AttackElementCorrectParam	78	pad2	UNKNOWN
AttackElementCorrectParam	79		UNKNOWN
AutoCreateEnvSoundParam	0	ID	UNKNOWN
AutoCreateEnvSoundParam	1	Name	UNKNOWN
AutoCreateEnvSoundParam	2	RangeMin	UNKNOWN
AutoCreateEnvSoundParam	3	RangeMax	UNKNOWN
AutoCreateEnvSoundParam	4	LifeTimeMin	UNKNOWN
AutoCreateEnvSoundParam	5	LifeTimeMax	UNKNOWN
AutoCreateEnvSoundParam	6	DeleteDist	UNKNOWN
AutoCreateEnvSoundParam	7	NearDist	UNKNOWN
AutoCreateEnvSoundParam	8	LimiteRotateMin	UNKNOWN
AutoCreateEnvSoundParam	9	LimiteRotateMax	UNKNOWN
AutoCreateEnvSoundParam	10		UNKNOWN
BaseChrSelectMenuParam	0	ID	UNKNOWN
BaseChrSelectMenuParam	1	Name	UNKNOWN
BaseChrSelectMenuParam	2	disableParam_NT	UNKNOWN
BaseChrSelectMenuParam	3	disableParamReserve1	UNKNOWN
BaseChrSelectMenuParam	4	disableParamReserve2	UNKNOWN
BaseChrSelectMenuParam	5	chrInitParam	UNKNOWN
BaseChrSelectMenuParam	6	originChrInitParam	UNKNOWN
BaseChrSelectMenuParam	7	imageId	UNKNOWN
BaseChrSelectMenuParam	8	textId	UNKNOWN
BaseChrSelectMenuParam	9	reserve	UNKNOWN
BaseChrSelectMenuParam	10		UNKNOWN
BehaviorParam	0	ID	UNKNOWN
BehaviorParam	1	Name	UNKNOWN
BehaviorParam	2	variationId	UNKNOWN
BehaviorParam	3	behaviorJudgeId	UNKNOWN
BehaviorParam	4	ezStateBehaviorType_old	UNKNOWN
BehaviorParam	5	refType	UNKNOWN
BehaviorParam	6	pad2	UNKNOWN
BehaviorParam	7	refId	UNKNOWN
BehaviorParam	8	consumeSA	UNKNOWN
BehaviorParam	9	stamina	UNKNOWN
BehaviorParam	10	consumeDurability	UNKNOWN
BehaviorParam	11	category	UNKNOWN
BehaviorParam	12	heroPoint	UNKNOWN
BehaviorParam	13	pad1	UNKNOWN
BehaviorParam	14		UNKNOWN
BehaviorParam_PC	0	ID	UNKNOWN
BehaviorParam_PC	1	Name	UNKNOWN
BehaviorParam_PC	2	variationId	UNKNOWN
BehaviorParam_PC	3	behaviorJudgeId	UNKNOWN
BehaviorParam_PC	4	ezStateBehaviorType_old	UNKNOWN
BehaviorParam_PC	5	refType	UNKNOWN
BehaviorParam_PC	6	pad2	UNKNOWN
BehaviorParam_PC	7	refId	UNKNOWN
BehaviorParam_PC	8	consumeSA	UNKNOWN
BehaviorParam_PC	9	stamina	UNKNOWN
BehaviorParam_PC	10	consumeDurability	UNKNOWN
BehaviorParam_PC	11	category	UNKNOWN
BehaviorParam_PC	12	heroPoint	UNKNOWN
BehaviorParam_PC	13	pad1	UNKNOWN
BehaviorParam_PC	14		UNKNOWN
BonfireWarpParam	0	ID	UNKNOWN
BonfireWarpParam	1	Name	UNKNOWN
BonfireWarpParam	2	disableParam_NT	UNKNOWN
BonfireWarpParam	3	disableParamReserve1	UNKNOWN
BonfireWarpParam	4	disableParamReserve2	UNKNOWN
BonfireWarpParam	5	eventflagId	UNKNOWN
BonfireWarpParam	6	bonfireEntityId	UNKNOWN
BonfireWarpParam	7	pad4	UNKNOWN
BonfireWarpParam	8	bonfireSubCategorySortId	UNKNOWN
BonfireWarpParam	9	forbiddenIconId	UNKNOWN
BonfireWarpParam	10	dispMinZoomStep	UNKNOWN
BonfireWarpParam	11	selectMinZoomStep	UNKNOWN
BonfireWarpParam	12	bonfireSubCategoryId	UNKNOWN
BonfireWarpParam	13	clearedEventFlagId	UNKNOWN
BonfireWarpParam	14	iconId	UNKNOWN
BonfireWarpParam	15	dispMask00	UNKNOWN
BonfireWarpParam	16	dispMask01	UNKNOWN
BonfireWarpParam	17	dispMask02	UNKNOWN
BonfireWarpParam	18	pad1	UNKNOWN
BonfireWarpParam	19	pad2	UNKNOWN
BonfireWarpParam	20	areaNo	UNKNOWN
BonfireWarpParam	21	gridXNo	UNKNOWN
BonfireWarpParam	22	gridZNo	UNKNOWN
BonfireWarpParam	23	pad3	UNKNOWN
BonfireWarpParam	24	posX	UNKNOWN
BonfireWarpParam	25	posY	UNKNOWN
BonfireWarpParam	26	posZ	UNKNOWN
BonfireWarpParam	27	textId1	UNKNOWN
BonfireWarpParam	28	textEnableFlagId1	UNKNOWN
BonfireWarpParam	29	textDisableFlagId1	UNKNOWN
BonfireWarpParam	30	textId2	UNKNOWN
BonfireWarpParam	31	textEnableFlagId2	UNKNOWN
BonfireWarpParam	32	textDisableFlagId2	UNKNOWN
BonfireWarpParam	33	textId3	UNKNOWN
BonfireWarpParam	34	textEnableFlagId3	UNKNOWN
BonfireWarpParam	35	textDisableFlagId3	UNKNOWN
BonfireWarpParam	36	textId4	UNKNOWN
BonfireWarpParam	37	textEnableFlagId4	UNKNOWN
BonfireWarpParam	38	textDisableFlagId4	UNKNOWN
BonfireWarpParam	39	textId5	UNKNOWN
BonfireWarpParam	40	textEnableFlagId5	UNKNOWN
BonfireWarpParam	41	textDisableFlagId5	UNKNOWN
BonfireWarpParam	42	textId6	UNKNOWN
BonfireWarpParam	43	textEnableFlagId6	UNKNOWN
BonfireWarpParam	44	textDisableFlagId6	UNKNOWN
BonfireWarpParam	45	textId7	UNKNOWN
BonfireWarpParam	46	textEnableFlagId7	UNKNOWN
BonfireWarpParam	47	textDisableFlagId7	UNKNOWN
BonfireWarpParam	48	textId8	UNKNOWN
BonfireWarpParam	49	textEnableFlagId8	UNKNOWN
BonfireWarpParam	50	textDisableFlagId8	UNKNOWN
BonfireWarpParam	51	textType1	UNKNOWN
BonfireWarpParam	52	textType2	UNKNOWN
BonfireWarpParam	53	textType3	UNKNOWN
BonfireWarpParam	54	textType4	UNKNOWN
BonfireWarpParam	55	textType5	UNKNOWN
BonfireWarpParam	56	textType6	UNKNOWN
BonfireWarpParam	57	textType7	UNKNOWN
BonfireWarpParam	58	textType8	UNKNOWN
BonfireWarpParam	59	noIgnitionSfxDmypolyId_0	UNKNOWN
BonfireWarpParam	60	noIgnitionSfxId_0	UNKNOWN
BonfireWarpParam	61	noIgnitionSfxDmypolyId_1	UNKNOWN
BonfireWarpParam	62	noIgnitionSfxId_1	UNKNOWN
BonfireWarpParam	63	textEnableFlag2Id1	UNKNOWN
BonfireWarpParam	64	textEnableFlag2Id2	UNKNOWN
BonfireWarpParam	65	textEnableFlag2Id3	UNKNOWN
BonfireWarpParam	66	textEnableFlag2Id4	UNKNOWN
BonfireWarpParam	67	textEnableFlag2Id5	UNKNOWN
BonfireWarpParam	68	textEnableFlag2Id6	UNKNOWN
BonfireWarpParam	69	textEnableFlag2Id7	UNKNOWN
BonfireWarpParam	70	textEnableFlag2Id8	UNKNOWN
BonfireWarpParam	71	textDisableFlag2Id1	UNKNOWN
BonfireWarpParam	72	textDisableFlag2Id2	UNKNOWN
BonfireWarpParam	73	textDisableFlag2Id3	UNKNOWN
BonfireWarpParam	74	textDisableFlag2Id4	UNKNOWN
BonfireWarpParam	75	textDisableFlag2Id5	UNKNOWN
BonfireWarpParam	76	textDisableFlag2Id6	UNKNOWN
BonfireWarpParam	77	textDisableFlag2Id7	UNKNOWN
BonfireWarpParam	78	textDisableFlag2Id8	UNKNOWN
BonfireWarpParam	79	altIconId	UNKNOWN
BonfireWarpParam	80	altForbiddenIconId	UNKNOWN
BonfireWarpParam	81		UNKNOWN
BonfireWarpSubCategoryParam	0	ID	UNKNOWN
BonfireWarpSubCategoryParam	1	Name	UNKNOWN
BonfireWarpSubCategoryParam	2	disableParam_NT	UNKNOWN
BonfireWarpSubCategoryParam	3	disableParamReserve1	UNKNOWN
BonfireWarpSubCategoryParam	4	disableParamReserve2	UNKNOWN
BonfireWarpSubCategoryParam	5	textId	UNKNOWN
BonfireWarpSubCategoryParam	6	tabId	UNKNOWN
BonfireWarpSubCategoryParam	7	sortId	UNKNOWN
BonfireWarpSubCategoryParam	8	pad	UNKNOWN
BonfireWarpSubCategoryParam	9		UNKNOWN
BonfireWarpTabParam	0	ID	UNKNOWN
BonfireWarpTabParam	1	Name	UNKNOWN
BonfireWarpTabParam	2	disableParam_NT	UNKNOWN
BonfireWarpTabParam	3	disableParamReserve1	UNKNOWN
BonfireWarpTabParam	4	disableParamReserve2	UNKNOWN
BonfireWarpTabParam	5	textId	UNKNOWN
BonfireWarpTabParam	6	sortId	UNKNOWN
BonfireWarpTabParam	7	iconId	UNKNOWN
BonfireWarpTabParam	8	pad	UNKNOWN
BonfireWarpTabParam	9		UNKNOWN
BuddyParam	0	ID	UNKNOWN
BuddyParam	1	Name	UNKNOWN
BuddyParam	2	disableParam_NT	UNKNOWN
BuddyParam	3	disableParamReserve1	UNKNOWN
BuddyParam	4	disableParamReserve2	UNKNOWN
BuddyParam	5	triggerSpEffectId	UNKNOWN
BuddyParam	6	npcParamId	UNKNOWN
BuddyParam	7	npcThinkParamId	UNKNOWN
BuddyParam	8	npcParamId_ridden	UNKNOWN
BuddyParam	9	npcThinkParamId_ridden	UNKNOWN
BuddyParam	10	x_offset	UNKNOWN
BuddyParam	11	z_offset	UNKNOWN
BuddyParam	12	y_angle	UNKNOWN
BuddyParam	13	appearOnAroundSekihi	UNKNOWN
BuddyParam	14	disablePCTargetShare	UNKNOWN
BuddyParam	15	pcFollowType	UNKNOWN
BuddyParam	16	Reserve	UNKNOWN
BuddyParam	17	dopingSpEffect_lv0	UNKNOWN
BuddyParam	18	dopingSpEffect_lv1	UNKNOWN
BuddyParam	19	dopingSpEffect_lv2	UNKNOWN
BuddyParam	20	dopingSpEffect_lv3	UNKNOWN
BuddyParam	21	dopingSpEffect_lv4	UNKNOWN
BuddyParam	22	dopingSpEffect_lv5	UNKNOWN
BuddyParam	23	dopingSpEffect_lv6	UNKNOWN
BuddyParam	24	dopingSpEffect_lv7	UNKNOWN
BuddyParam	25	dopingSpEffect_lv8	UNKNOWN
BuddyParam	26	dopingSpEffect_lv9	UNKNOWN
BuddyParam	27	dopingSpEffect_lv10	UNKNOWN
BuddyParam	28	npcPlayerInitParamId	UNKNOWN
BuddyParam	29	generateAnimId	UNKNOWN
BuddyParam	30	arenaDopingSpEffect_1	UNKNOWN
BuddyParam	31	arenaDopingSpEffect_2	UNKNOWN
BuddyParam	32	arenaDopingSpEffect_3	UNKNOWN
BuddyParam	33	arenaDopingSpEffect_4	UNKNOWN
BuddyParam	34	arenaDopingSpEffect_5	UNKNOWN
BuddyParam	35	arenaFriendlySpEffect_1	UNKNOWN
BuddyParam	36	arenaFriendlySpEffect_2	UNKNOWN
BuddyParam	37	arenaFriendlySpEffect_3	UNKNOWN
BuddyParam	38	arenaFriendlySpEffect_4	UNKNOWN
BuddyParam	39	arenaFriendlySpEffect_5	UNKNOWN
BuddyParam	40	arenaHostileSpEffect_1	UNKNOWN
BuddyParam	41	arenaHostileSpEffect_2	UNKNOWN
BuddyParam	42	arenaHostileSpEffect_3	UNKNOWN
BuddyParam	43	arenaHostileSpEffect_4	UNKNOWN
BuddyParam	44	arenaHostileSpEffect_5	UNKNOWN
BuddyParam	45	unknown_0x98	UNKNOWN
BuddyParam	46	unknown_0x9c	UNKNOWN
BuddyParam	47		UNKNOWN
BuddyStoneParam	0	ID	UNKNOWN
BuddyStoneParam	1	Name	UNKNOWN
BuddyStoneParam	2	disableParam_NT	UNKNOWN
BuddyStoneParam	3	disableParamReserve1	UNKNOWN
BuddyStoneParam	4	disableParamReserve2	UNKNOWN
BuddyStoneParam	5	talkChrEntityId	UNKNOWN
BuddyStoneParam	6	eliminateTargetEntityId	UNKNOWN
BuddyStoneParam	7	summonedEventFlagId	UNKNOWN
BuddyStoneParam	8	isSpecial	UNKNOWN
BuddyStoneParam	9	pad1	UNKNOWN
BuddyStoneParam	10	pad2	UNKNOWN
BuddyStoneParam	11	buddyId	UNKNOWN
BuddyStoneParam	12	dopingSpEffectId	UNKNOWN
BuddyStoneParam	13	activateRange	UNKNOWN
BuddyStoneParam	14	overwriteReturnRange	UNKNOWN
BuddyStoneParam	15	overwriteActivateRegionEntityId	UNKNOWN
BuddyStoneParam	16	warnRegionEntityId	UNKNOWN
BuddyStoneParam	17	pad3	UNKNOWN
BuddyStoneParam	18		UNKNOWN
BudgetParam	0	ID	UNKNOWN
BudgetParam	1	Name	UNKNOWN
BudgetParam	2	vram_all	UNKNOWN
BudgetParam	3	vram_mapobj_tex	UNKNOWN
BudgetParam	4	vram_mapobj_mdl	UNKNOWN
BudgetParam	5	vram_map	UNKNOWN
BudgetParam	6	vram_chr	UNKNOWN
BudgetParam	7	vram_parts	UNKNOWN
BudgetParam	8	vram_sfx	UNKNOWN
BudgetParam	9	vram_chr_tex	UNKNOWN
BudgetParam	10	vram_chr_mdl	UNKNOWN
BudgetParam	11	vram_parts_tex	UNKNOWN
BudgetParam	12	vram_parts_mdl	UNKNOWN
BudgetParam	13	vram_sfx_tex	UNKNOWN
BudgetParam	14	vram_sfx_mdl	UNKNOWN
BudgetParam	15	vram_gi	UNKNOWN
BudgetParam	16	vram_menu_tex	UNKNOWN
BudgetParam	17	vram_decal_rt	UNKNOWN
BudgetParam	18	vram_decal	UNKNOWN
BudgetParam	19	reserve_0	UNKNOWN
BudgetParam	20	vram_other_tex	UNKNOWN
BudgetParam	21	vram_other_mdl	UNKNOWN
BudgetParam	22	havok_anim	UNKNOWN
BudgetParam	23	havok_ins	UNKNOWN
BudgetParam	24	havok_hit	UNKNOWN
BudgetParam	25	vram_other	UNKNOWN
BudgetParam	26	vram_detail_all	UNKNOWN
BudgetParam	27	vram_chr_and_parts	UNKNOWN
BudgetParam	28	havok_navimesh	UNKNOWN
BudgetParam	29	reserve_1	UNKNOWN
BudgetParam	30		UNKNOWN
Bullet	0	ID	UNKNOWN
Bullet	1	Name	UNKNOWN
Bullet	2	atkId_Bullet	UNKNOWN
Bullet	3	sfxId_Bullet	UNKNOWN
Bullet	4	sfxId_Hit	UNKNOWN
Bullet	5	sfxId_Flick	UNKNOWN
Bullet	6	life	UNKNOWN
Bullet	7	dist	UNKNOWN
Bullet	8	shootInterval	UNKNOWN
Bullet	9	gravityInRange	UNKNOWN
Bullet	10	gravityOutRange	UNKNOWN
Bullet	11	hormingStopRange	UNKNOWN
Bullet	12	initVellocity	UNKNOWN
Bullet	13	accelInRange	UNKNOWN
Bullet	14	accelOutRange	UNKNOWN
Bullet	15	maxVellocity	UNKNOWN
Bullet	16	minVellocity	UNKNOWN
Bullet	17	accelTime	UNKNOWN
Bullet	18	homingBeginDist	UNKNOWN
Bullet	19	hitRadius	UNKNOWN
Bullet	20	hitRadiusMax	UNKNOWN
Bullet	21	spreadTime	UNKNOWN
Bullet	22	expDelay	UNKNOWN
Bullet	23	hormingOffsetRange	UNKNOWN
Bullet	24	dmgHitRecordLifeTime	UNKNOWN
Bullet	25	externalForce	UNKNOWN
Bullet	26	spEffectIDForShooter	UNKNOWN
Bullet	27	autoSearchNPCThinkID	UNKNOWN
Bullet	28	HitBulletID	UNKNOWN
Bullet	29	spEffectId0	UNKNOWN
Bullet	30	spEffectId1	UNKNOWN
Bullet	31	spEffectId2	UNKNOWN
Bullet	32	spEffectId3	UNKNOWN
Bullet	33	spEffectId4	UNKNOWN
Bullet	34	numShoot	UNKNOWN
Bullet	35	homingAngle	UNKNOWN
Bullet	36	shootAngle	UNKNOWN
Bullet	37	shootAngleInterval	UNKNOWN
Bullet	38	shootAngleXInterval	UNKNOWN
Bullet	39	damageDamp	UNKNOWN
Bullet	40	spelDamageDamp	UNKNOWN
Bullet	41	fireDamageDamp	UNKNOWN
Bullet	42	thunderDamageDamp	UNKNOWN
Bullet	43	staminaDamp	UNKNOWN
Bullet	44	knockbackDamp	UNKNOWN
Bullet	45	shootAngleXZ	UNKNOWN
Bullet	46	lockShootLimitAng	UNKNOWN
Bullet	47	pad2	UNKNOWN
Bullet	48	prevVelocityDirRate	UNKNOWN
Bullet	49	atkAttribute	UNKNOWN
Bullet	50	spAttribute	UNKNOWN
Bullet	51	Material_AttackType	UNKNOWN
Bullet	52	Material_AttackMaterial	UNKNOWN
Bullet	53	isPenetrateChr	UNKNOWN
Bullet	54	isPenetrateObj	UNKNOWN
Bullet	55	mayRemoteDetonate	UNKNOWN
Bullet	56	pad	UNKNOWN
Bullet	57	launchConditionType	UNKNOWN
Bullet	58	FollowType	UNKNOWN
Bullet	59	EmittePosType	UNKNOWN
Bullet	60	isAttackSFX	UNKNOWN
Bullet	61	isEndlessHit	UNKNOWN
Bullet	62	isPenetrateMap	UNKNOWN
Bullet	63	isHitBothTeam	UNKNOWN
Bullet	64	isUseSharedHitList	UNKNOWN
Bullet	65	isUseMultiDmyPolyIfPlace	UNKNOWN
Bullet	66	isHitOtherBulletForceEraseA	UNKNOWN
Bullet	67	isHitOtherBulletForceEraseB	UNKNOWN
Bullet	68	isHitForceMagic	UNKNOWN
Bullet	69	isIgnoreSfxIfHitWater	UNKNOWN
Bullet	70	isIgnoreMoveStateIfHitWater	UNKNOWN
Bullet	71	isHitDarkForceMagic	UNKNOWN
Bullet	72	dmgCalcSide	UNKNOWN
Bullet	73	isEnableAutoHoming	UNKNOWN
Bullet	74	isSyncBulletCulcDumypolyPos	UNKNOWN
Bullet	75	isOwnerOverrideInitAngle	UNKNOWN
Bullet	76	isInheritSfxToChild	UNKNOWN
Bullet	77	darkDamageDamp	UNKNOWN
Bullet	78	bulletSfxDeleteType_byHit	UNKNOWN
Bullet	79	bulletSfxDeleteType_byLifeDead	UNKNOWN
Bullet	80	targetYOffsetRange	UNKNOWN
Bullet	81	shootAngleYMaxRandom	UNKNOWN
Bullet	82	shootAngleXMaxRandom	UNKNOWN
Bullet	83	intervalCreateBulletId	UNKNOWN
Bullet	84	intervalCreateTimeMin	UNKNOWN
Bullet	85	intervalCreateTimeMax	UNKNOWN
Bullet	86	predictionShootObserveTime	UNKNOWN
Bullet	87	intervalCreateWaitTime	UNKNOWN
Bullet	88	sfxPostureType	UNKNOWN
Bullet	89	createLimitGroupId	UNKNOWN
Bullet	90	pad5	UNKNOWN
Bullet	91	isInheritSpeedToChild	UNKNOWN
Bullet	92	isDisableHitSfx_byChrAndObj	UNKNOWN
Bullet	93	isCheckWall_byCenterRay	UNKNOWN
Bullet	94	isHitFlare	UNKNOWN
Bullet	95	isUseBulletWallFilter	UNKNOWN
Bullet	96	isDisableAiProjectileDodge	UNKNOWN
Bullet	97	isNonDependenceMagicForFunnleNum	UNKNOWN
Bullet	98	isAiInterruptShootNoDamageBullet	UNKNOWN
Bullet	99	randomCreateRadius	UNKNOWN
Bullet	100	followOffset_BaseHeight	UNKNOWN
Bullet	101	assetNo_Hit	UNKNOWN
Bullet	102	lifeRandomRange	UNKNOWN
Bullet	103	homingAngleX	UNKNOWN
Bullet	104	ballisticCalcType	UNKNOWN
Bullet	105	attachEffectType	UNKNOWN
Bullet	106	seId_Bullet1	UNKNOWN
Bullet	107	seId_Bullet2	UNKNOWN
Bullet	108	seId_Hit	UNKNOWN
Bullet	109	seId_Flick	UNKNOWN
Bullet	110	howitzerShootAngleXMin	UNKNOWN
Bullet	111	howitzerShootAngleXMax	UNKNOWN
Bullet	112	howitzerInitMinVelocity	UNKNOWN
Bullet	113	howitzerInitMaxVelocity	UNKNOWN
Bullet	114	sfxId_ForceErase	UNKNOWN
Bullet	115	bulletSfxDeleteType_byForceErase	UNKNOWN
Bullet	116	pad3	UNKNOWN
Bullet	117	followDmypoly_forSfxPose	UNKNOWN
Bullet	118	followOffset_Radius	UNKNOWN
Bullet	119	spBulletDistUpRate	UNKNOWN
Bullet	120	nolockTargetDist	UNKNOWN
Bullet	121	pad4	UNKNOWN
Bullet	122		UNKNOWN
BulletCreateLimitParam	0	ID	UNKNOWN
BulletCreateLimitParam	1	Name	UNKNOWN
BulletCreateLimitParam	2	limitNum_byGroup	UNKNOWN
BulletCreateLimitParam	3	isLimitEachOwner	UNKNOWN
BulletCreateLimitParam	4	pad2	UNKNOWN
BulletCreateLimitParam	5	pad	UNKNOWN
BulletCreateLimitParam	6		UNKNOWN
CalcCorrectGraph	0	ID	UNKNOWN
CalcCorrectGraph	1	Name	UNKNOWN
CalcCorrectGraph	2	stageMaxVal0	UNKNOWN
CalcCorrectGraph	3	stageMaxVal1	UNKNOWN
CalcCorrectGraph	4	stageMaxVal2	UNKNOWN
CalcCorrectGraph	5	stageMaxVal3	UNKNOWN
CalcCorrectGraph	6	stageMaxVal4	UNKNOWN
CalcCorrectGraph	7	stageMaxGrowVal0	UNKNOWN
CalcCorrectGraph	8	stageMaxGrowVal1	UNKNOWN
CalcCorrectGraph	9	stageMaxGrowVal2	UNKNOWN
CalcCorrectGraph	10	stageMaxGrowVal3	UNKNOWN
CalcCorrectGraph	11	stageMaxGrowVal4	UNKNOWN
CalcCorrectGraph	12	adjPt_maxGrowVal0	UNKNOWN
CalcCorrectGraph	13	adjPt_maxGrowVal1	UNKNOWN
CalcCorrectGraph	14	adjPt_maxGrowVal2	UNKNOWN
CalcCorrectGraph	15	adjPt_maxGrowVal3	UNKNOWN
CalcCorrectGraph	16	adjPt_maxGrowVal4	UNKNOWN
CalcCorrectGraph	17	init_inclination_soul	UNKNOWN
CalcCorrectGraph	18	adjustment_value	UNKNOWN
CalcCorrectGraph	19	boundry_inclination_soul	UNKNOWN
CalcCorrectGraph	20	boundry_value	UNKNOWN
CalcCorrectGraph	21	pad	UNKNOWN
CalcCorrectGraph	22		UNKNOWN
CameraFadeParam	0	ID	UNKNOWN
CameraFadeParam	1	Name	UNKNOWN
CameraFadeParam	2	NearMinDist	UNKNOWN
CameraFadeParam	3	NearMaxDist	UNKNOWN
CameraFadeParam	4	FarMinDist	UNKNOWN
CameraFadeParam	5	FarMaxDist	UNKNOWN
CameraFadeParam	6	MiddleAlpha	UNKNOWN
CameraFadeParam	7	dummy	UNKNOWN
CameraFadeParam	8		UNKNOWN
Ceremony	0	ID	UNKNOWN
Ceremony	1	Name	UNKNOWN
Ceremony	2	eventLayerId	UNKNOWN
Ceremony	3	mapStudioLayerId	UNKNOWN
Ceremony	4	multiPlayAreaOffset	UNKNOWN
Ceremony	5	overrideMapPlaceNameId	UNKNOWN
Ceremony	6	overrideSaveMapNameId	UNKNOWN
Ceremony	7	pad2	UNKNOWN
Ceremony	8		UNKNOWN
CharaInitParam	0	ID	UNKNOWN
CharaInitParam	1	Name	UNKNOWN
CharaInitParam	2	baseRec_mp	UNKNOWN
CharaInitParam	3	baseRec_sp	UNKNOWN
CharaInitParam	4	red_Falldam	UNKNOWN
CharaInitParam	5	soul	UNKNOWN
CharaInitParam	6	equip_Wep_Right	UNKNOWN
CharaInitParam	7	equip_Subwep_Right	UNKNOWN
CharaInitParam	8	equip_Wep_Left	UNKNOWN
CharaInitParam	9	equip_Subwep_Left	UNKNOWN
CharaInitParam	10	equip_Helm	UNKNOWN
CharaInitParam	11	equip_Armer	UNKNOWN
CharaInitParam	12	equip_Gaunt	UNKNOWN
CharaInitParam	13	equip_Leg	UNKNOWN
CharaInitParam	14	equip_Arrow	UNKNOWN
CharaInitParam	15	equip_Bolt	UNKNOWN
CharaInitParam	16	equip_SubArrow	UNKNOWN
CharaInitParam	17	equip_SubBolt	UNKNOWN
CharaInitParam	18	equip_Accessory01	UNKNOWN
CharaInitParam	19	equip_Accessory02	UNKNOWN
CharaInitParam	20	equip_Accessory03	UNKNOWN
CharaInitParam	21	equip_Accessory04	UNKNOWN
CharaInitParam	22	scadutreeBlessing	UNKNOWN
CharaInitParam	23	reveredSpiritAshBlessing	UNKNOWN
CharaInitParam	24	pad8	UNKNOWN
CharaInitParam	25	elixir_material00	UNKNOWN
CharaInitParam	26	elixir_material01	UNKNOWN
CharaInitParam	27	elixir_material02	UNKNOWN
CharaInitParam	28	equip_Spell_01	UNKNOWN
CharaInitParam	29	equip_Spell_02	UNKNOWN
CharaInitParam	30	equip_Spell_03	UNKNOWN
CharaInitParam	31	equip_Spell_04	UNKNOWN
CharaInitParam	32	equip_Spell_05	UNKNOWN
CharaInitParam	33	equip_Spell_06	UNKNOWN
CharaInitParam	34	equip_Spell_07	UNKNOWN
CharaInitParam	35	item_01	UNKNOWN
CharaInitParam	36	item_02	UNKNOWN
CharaInitParam	37	item_03	UNKNOWN
CharaInitParam	38	item_04	UNKNOWN
CharaInitParam	39	item_05	UNKNOWN
CharaInitParam	40	item_06	UNKNOWN
CharaInitParam	41	item_07	UNKNOWN
CharaInitParam	42	item_08	UNKNOWN
CharaInitParam	43	item_09	UNKNOWN
CharaInitParam	44	item_10	UNKNOWN
CharaInitParam	45	npcPlayerFaceGenId	UNKNOWN
CharaInitParam	46	npcPlayerThinkId	UNKNOWN
CharaInitParam	47	baseHp	UNKNOWN
CharaInitParam	48	baseMp	UNKNOWN
CharaInitParam	49	baseSp	UNKNOWN
CharaInitParam	50	arrowNum	UNKNOWN
CharaInitParam	51	boltNum	UNKNOWN
CharaInitParam	52	subArrowNum	UNKNOWN
CharaInitParam	53	subBoltNum	UNKNOWN
CharaInitParam	54	pad4	UNKNOWN
CharaInitParam	55	soulLv	UNKNOWN
CharaInitParam	56	baseVit	UNKNOWN
CharaInitParam	57	baseWil	UNKNOWN
CharaInitParam	58	baseEnd	UNKNOWN
CharaInitParam	59	baseStr	UNKNOWN
CharaInitParam	60	baseDex	UNKNOWN
CharaInitParam	61	baseMag	UNKNOWN
CharaInitParam	62	baseFai	UNKNOWN
CharaInitParam	63	baseLuc	UNKNOWN
CharaInitParam	64	baseHeroPoint	UNKNOWN
CharaInitParam	65	baseDurability	UNKNOWN
CharaInitParam	66	itemNum_01	UNKNOWN
CharaInitParam	67	itemNum_02	UNKNOWN
CharaInitParam	68	itemNum_03	UNKNOWN
CharaInitParam	69	itemNum_04	UNKNOWN
CharaInitParam	70	itemNum_05	UNKNOWN
CharaInitParam	71	itemNum_06	UNKNOWN
CharaInitParam	72	itemNum_07	UNKNOWN
CharaInitParam	73	itemNum_08	UNKNOWN
CharaInitParam	74	itemNum_09	UNKNOWN
CharaInitParam	75	itemNum_10	UNKNOWN
CharaInitParam	76	pad5	UNKNOWN
CharaInitParam	77	gestureId0	UNKNOWN
CharaInitParam	78	gestureId1	UNKNOWN
CharaInitParam	79	gestureId2	UNKNOWN
CharaInitParam	80	gestureId3	UNKNOWN
CharaInitParam	81	gestureId4	UNKNOWN
CharaInitParam	82	gestureId5	UNKNOWN
CharaInitParam	83	gestureId6	UNKNOWN
CharaInitParam	84	npcPlayerType	UNKNOWN
CharaInitParam	85	npcPlayerDrawType	UNKNOWN
CharaInitParam	86	npcPlayerSex	UNKNOWN
CharaInitParam	87	vowType	UNKNOWN
CharaInitParam	88	isSyncTarget	UNKNOWN
CharaInitParam	89	pad	UNKNOWN
CharaInitParam	90	pad6	UNKNOWN
CharaInitParam	91	wepParamType_Right1	UNKNOWN
CharaInitParam	92	wepParamType_Right2	UNKNOWN
CharaInitParam	93	wepParamType_Right3	UNKNOWN
CharaInitParam	94	wepParamType_Left1	UNKNOWN
CharaInitParam	95	wepParamType_Left2	UNKNOWN
CharaInitParam	96	wepParamType_Left3	UNKNOWN
CharaInitParam	97	pad2	UNKNOWN
CharaInitParam	98	equip_Subwep_Right3	UNKNOWN
CharaInitParam	99	equip_Subwep_Left3	UNKNOWN
CharaInitParam	100	pad3	UNKNOWN
CharaInitParam	101	secondaryItem_01	UNKNOWN
CharaInitParam	102	secondaryItem_02	UNKNOWN
CharaInitParam	103	secondaryItem_03	UNKNOWN
CharaInitParam	104	secondaryItem_04	UNKNOWN
CharaInitParam	105	secondaryItem_05	UNKNOWN
CharaInitParam	106	secondaryItem_06	UNKNOWN
CharaInitParam	107	secondaryItemNum_01	UNKNOWN
CharaInitParam	108	secondaryItemNum_02	UNKNOWN
CharaInitParam	109	secondaryItemNum_03	UNKNOWN
CharaInitParam	110	secondaryItemNum_04	UNKNOWN
CharaInitParam	111	secondaryItemNum_05	UNKNOWN
CharaInitParam	112	secondaryItemNum_06	UNKNOWN
CharaInitParam	113	HpEstMax	UNKNOWN
CharaInitParam	114	MpEstMax	UNKNOWN
CharaInitParam	115	pad7	UNKNOWN
CharaInitParam	116	voiceType	UNKNOWN
CharaInitParam	117	reserve	UNKNOWN
CharaInitParam	118		UNKNOWN
CharMakeMenuListItemParam	0	ID	UNKNOWN
CharMakeMenuListItemParam	1	Name	UNKNOWN
CharMakeMenuListItemParam	2	value	UNKNOWN
CharMakeMenuListItemParam	3	captionId	UNKNOWN
CharMakeMenuListItemParam	4	iconId	UNKNOWN
CharMakeMenuListItemParam	5	reserved	UNKNOWN
CharMakeMenuListItemParam	6		UNKNOWN
CharMakeMenuTopParam	0	ID	UNKNOWN
CharMakeMenuTopParam	1	Name	UNKNOWN
CharMakeMenuTopParam	2	commandType	UNKNOWN
CharMakeMenuTopParam	3	captionId	UNKNOWN
CharMakeMenuTopParam	4	faceParamId	UNKNOWN
CharMakeMenuTopParam	5	tableId	UNKNOWN
CharMakeMenuTopParam	6	viewCondition	UNKNOWN
CharMakeMenuTopParam	7	previewMode	UNKNOWN
CharMakeMenuTopParam	8	reserved2	UNKNOWN
CharMakeMenuTopParam	9	tableId2	UNKNOWN
CharMakeMenuTopParam	10	refFaceParamId	UNKNOWN
CharMakeMenuTopParam	11	refTextId	UNKNOWN
CharMakeMenuTopParam	12	helpTextId	UNKNOWN
CharMakeMenuTopParam	13	unlockEventFlagId	UNKNOWN
CharMakeMenuTopParam	14	reserved	UNKNOWN
CharMakeMenuTopParam	15		UNKNOWN
ChrActivateConditionParam	0	ID	UNKNOWN
ChrActivateConditionParam	1	Name	UNKNOWN
ChrActivateConditionParam	2	weatherSunny	UNKNOWN
ChrActivateConditionParam	3	weatherClearSky	UNKNOWN
ChrActivateConditionParam	4	weatherWeakCloudy	UNKNOWN
ChrActivateConditionParam	5	weatherCloudy	UNKNOWN
ChrActivateConditionParam	6	weatherRain	UNKNOWN
ChrActivateConditionParam	7	weatherHeavyRain	UNKNOWN
ChrActivateConditionParam	8	weatherStorm	UNKNOWN
ChrActivateConditionParam	9	weatherStormForBattle	UNKNOWN
ChrActivateConditionParam	10	weatherSnow	UNKNOWN
ChrActivateConditionParam	11	weatherHeavySnow	UNKNOWN
ChrActivateConditionParam	12	weatherFog	UNKNOWN
ChrActivateConditionParam	13	weatherHeavyFog	UNKNOWN
ChrActivateConditionParam	14	weatherHeavyFogRain	UNKNOWN
ChrActivateConditionParam	15	weatherSandStorm	UNKNOWN
ChrActivateConditionParam	16	pad1	UNKNOWN
ChrActivateConditionParam	17	timeStartHour	UNKNOWN
ChrActivateConditionParam	18	timeStartMin	UNKNOWN
ChrActivateConditionParam	19	timeEndHour	UNKNOWN
ChrActivateConditionParam	20	timeEndMin	UNKNOWN
ChrActivateConditionParam	21	pad2	UNKNOWN
ChrActivateConditionParam	22		UNKNOWN
ChrEquipModelParam	0	ID	UNKNOWN
ChrEquipModelParam	1	Name	UNKNOWN
ChrEquipModelParam	2	equipModelCategory	UNKNOWN
ChrEquipModelParam	3	equipModelGender	UNKNOWN
ChrEquipModelParam	4	unknown0x2	UNKNOWN
ChrEquipModelParam	5	unknown0x3	UNKNOWN
ChrEquipModelParam	6	unknown0x4	UNKNOWN
ChrEquipModelParam	7	unknown0x5	UNKNOWN
ChrEquipModelParam	8	unknown0x6	UNKNOWN
ChrEquipModelParam	9	unknown0x7	UNKNOWN
ChrEquipModelParam	10	equipModelId	UNKNOWN
ChrEquipModelParam	11	unknown0xa	UNKNOWN
ChrEquipModelParam	12		UNKNOWN
ChrModelParam	0	ID	UNKNOWN
ChrModelParam	1	Name	UNKNOWN
ChrModelParam	2	disableParam_NT	UNKNOWN
ChrModelParam	3	disableParamReserve1	UNKNOWN
ChrModelParam	4	disableParamReserve2	UNKNOWN
ChrModelParam	5	modelMemoryType	UNKNOWN
ChrModelParam	6	texMemoryType	UNKNOWN
ChrModelParam	7	cameraDitherFadeId	UNKNOWN
ChrModelParam	8	reportAnimMemSizeMb	UNKNOWN
ChrModelParam	9	unk	UNKNOWN
ChrModelParam	10		UNKNOWN
ClearCountCorrectParam	0	ID	UNKNOWN
ClearCountCorrectParam	1	Name	UNKNOWN
ClearCountCorrectParam	2	MaxHpRate	UNKNOWN
ClearCountCorrectParam	3	MaxMpRate	UNKNOWN
ClearCountCorrectParam	4	MaxStaminaRate	UNKNOWN
ClearCountCorrectParam	5	PhysicsAttackRate	UNKNOWN
ClearCountCorrectParam	6	SlashAttackRate	UNKNOWN
ClearCountCorrectParam	7	BlowAttackRate	UNKNOWN
ClearCountCorrectParam	8	ThrustAttackRate	UNKNOWN
ClearCountCorrectParam	9	NeturalAttackRate	UNKNOWN
ClearCountCorrectParam	10	MagicAttackRate	UNKNOWN
ClearCountCorrectParam	11	FireAttackRate	UNKNOWN
ClearCountCorrectParam	12	ThunderAttackRate	UNKNOWN
ClearCountCorrectParam	13	DarkAttackRate	UNKNOWN
ClearCountCorrectParam	14	PhysicsDefenseRate	UNKNOWN
ClearCountCorrectParam	15	MagicDefenseRate	UNKNOWN
ClearCountCorrectParam	16	FireDefenseRate	UNKNOWN
ClearCountCorrectParam	17	ThunderDefenseRate	UNKNOWN
ClearCountCorrectParam	18	DarkDefenseRate	UNKNOWN
ClearCountCorrectParam	19	StaminaAttackRate	UNKNOWN
ClearCountCorrectParam	20	SoulRate	UNKNOWN
ClearCountCorrectParam	21	PoisionResistRate	UNKNOWN
ClearCountCorrectParam	22	DiseaseResistRate	UNKNOWN
ClearCountCorrectParam	23	BloodResistRate	UNKNOWN
ClearCountCorrectParam	24	CurseResistRate	UNKNOWN
ClearCountCorrectParam	25	FreezeResistRate	UNKNOWN
ClearCountCorrectParam	26	BloodDamageRate	UNKNOWN
ClearCountCorrectParam	27	SuperArmorDamageRate	UNKNOWN
ClearCountCorrectParam	28	FreezeDamageRate	UNKNOWN
ClearCountCorrectParam	29	SleepResistRate	UNKNOWN
ClearCountCorrectParam	30	MadnessResistRate	UNKNOWN
ClearCountCorrectParam	31	SleepDamageRate	UNKNOWN
ClearCountCorrectParam	32	MadnessDamageRate	UNKNOWN
ClearCountCorrectParam	33	pad1	UNKNOWN
ClearCountCorrectParam	34		UNKNOWN
CommonSystemParam	0	ID	UNKNOWN
CommonSystemParam	1	Name	UNKNOWN
CommonSystemParam	2	mapSaveMapNameIdOnGameStart	UNKNOWN
CommonSystemParam	3	reserve0	UNKNOWN
CommonSystemParam	4		UNKNOWN
CoolTimeParam	0	ID	UNKNOWN
CoolTimeParam	1	Name	UNKNOWN
CoolTimeParam	2	limitationTime_0	UNKNOWN
CoolTimeParam	3	observeTime_0	UNKNOWN
CoolTimeParam	4	limitationTime_1	UNKNOWN
CoolTimeParam	5	observeTime_1	UNKNOWN
CoolTimeParam	6	limitationTime_2	UNKNOWN
CoolTimeParam	7	observeTime_2	UNKNOWN
CoolTimeParam	8	limitationTime_3	UNKNOWN
CoolTimeParam	9	observeTime_3	UNKNOWN
CoolTimeParam	10		UNKNOWN
CutsceneGparamTimeParam	0	ID	UNKNOWN
CutsceneGparamTimeParam	1	Name	UNKNOWN
CutsceneGparamTimeParam	2	disableParam_NT	UNKNOWN
CutsceneGparamTimeParam	3	disableParam_Debug	UNKNOWN
CutsceneGparamTimeParam	4	disableParamReserve1	UNKNOWN
CutsceneGparamTimeParam	5	disableParamReserve2	UNKNOWN
CutsceneGparamTimeParam	6	DstTimezone_Morning	UNKNOWN
CutsceneGparamTimeParam	7	DstTimezone_Noon	UNKNOWN
CutsceneGparamTimeParam	8	DstTimezone_AfterNoon	UNKNOWN
CutsceneGparamTimeParam	9	DstTimezone_Evening	UNKNOWN
CutsceneGparamTimeParam	10	DstTimezone_Night	UNKNOWN
CutsceneGparamTimeParam	11	DstTimezone_DeepNightA	UNKNOWN
CutsceneGparamTimeParam	12	DstTimezone_DeepNightB	UNKNOWN
CutsceneGparamTimeParam	13	reserved	UNKNOWN
CutsceneGparamTimeParam	14	PostPlayIngameTime	UNKNOWN
CutsceneGparamTimeParam	15		UNKNOWN
CutsceneGparamWeatherParam	0	ID	UNKNOWN
CutsceneGparamWeatherParam	1	Name	UNKNOWN
CutsceneGparamWeatherParam	2	disableParam_NT	UNKNOWN
CutsceneGparamWeatherParam	3	disableParam_Debug	UNKNOWN
CutsceneGparamWeatherParam	4	disableParamReserve1	UNKNOWN
CutsceneGparamWeatherParam	5	disableParamReserve2	UNKNOWN
CutsceneGparamWeatherParam	6	DstWeather_Sunny	UNKNOWN
CutsceneGparamWeatherParam	7	DstWeather_ClearSky	UNKNOWN
CutsceneGparamWeatherParam	8	DstWeather_WeakCloudy	UNKNOWN
CutsceneGparamWeatherParam	9	DstWeather_Cloud	UNKNOWN
CutsceneGparamWeatherParam	10	DstWeather_Rain	UNKNOWN
CutsceneGparamWeatherParam	11	DstWeather_HeavyRain	UNKNOWN
CutsceneGparamWeatherParam	12	DstWeather_Storm	UNKNOWN
CutsceneGparamWeatherParam	13	DstWeather_StormForBattle	UNKNOWN
CutsceneGparamWeatherParam	14	DstWeather_Snow	UNKNOWN
CutsceneGparamWeatherParam	15	DstWeather_HeavySnow	UNKNOWN
CutsceneGparamWeatherParam	16	DstWeather_Fog	UNKNOWN
CutsceneGparamWeatherParam	17	DstWeather_HeavyFog	UNKNOWN
CutsceneGparamWeatherParam	18	DstWeather_SandStorm	UNKNOWN
CutsceneGparamWeatherParam	19	DstWeather_HeavyFogRain	UNKNOWN
CutsceneGparamWeatherParam	20	PostPlayIngameWeather	UNKNOWN
CutsceneGparamWeatherParam	21	IndoorOutdoorType	UNKNOWN
CutsceneGparamWeatherParam	22	TakeOverDstWeather_Sunny	UNKNOWN
CutsceneGparamWeatherParam	23	TakeOverDstWeather_ClearSky	UNKNOWN
CutsceneGparamWeatherParam	24	TakeOverDstWeather_WeakCloudy	UNKNOWN
CutsceneGparamWeatherParam	25	TakeOverDstWeather_Cloud	UNKNOWN
CutsceneGparamWeatherParam	26	TakeOverDstWeather_Rain	UNKNOWN
CutsceneGparamWeatherParam	27	TakeOverDstWeather_HeavyRain	UNKNOWN
CutsceneGparamWeatherParam	28	TakeOverDstWeather_Storm	UNKNOWN
CutsceneGparamWeatherParam	29	TakeOverDstWeather_StormForBattle	UNKNOWN
CutsceneGparamWeatherParam	30	TakeOverDstWeather_Snow	UNKNOWN
CutsceneGparamWeatherParam	31	TakeOverDstWeather_HeavySnow	UNKNOWN
CutsceneGparamWeatherParam	32	TakeOverDstWeather_Fog	UNKNOWN
CutsceneGparamWeatherParam	33	TakeOverDstWeather_HeavyFog	UNKNOWN
CutsceneGparamWeatherParam	34	TakeOverDstWeather_SandStorm	UNKNOWN
CutsceneGparamWeatherParam	35	TakeOverDstWeather_HeavyFogRain	UNKNOWN
CutsceneGparamWeatherParam	36	reserved	UNKNOWN
CutsceneGparamWeatherParam	37	DstWeather_Snowstorm	UNKNOWN
CutsceneGparamWeatherParam	38	DstWeather_LightningStorm	UNKNOWN
CutsceneGparamWeatherParam	39	DstWeather_Reserved3	UNKNOWN
CutsceneGparamWeatherParam	40	DstWeather_Reserved4	UNKNOWN
CutsceneGparamWeatherParam	41	DstWeather_Reserved5	UNKNOWN
CutsceneGparamWeatherParam	42	DstWeather_Reserved6	UNKNOWN
CutsceneGparamWeatherParam	43	DstWeather_Reserved7	UNKNOWN
CutsceneGparamWeatherParam	44	DstWeather_Reserved8	UNKNOWN
CutsceneGparamWeatherParam	45	TakeOverDstWeather_Snowstorm	UNKNOWN
CutsceneGparamWeatherParam	46	TakeOverDstWeather_LightningStorm	UNKNOWN
CutsceneGparamWeatherParam	47	TakeOverDstWeather_Reserved3	UNKNOWN
CutsceneGparamWeatherParam	48	TakeOverDstWeather_Reserved4	UNKNOWN
CutsceneGparamWeatherParam	49	TakeOverDstWeather_Reserved5	UNKNOWN
CutsceneGparamWeatherParam	50	TakeOverDstWeather_Reserved6	UNKNOWN
CutsceneGparamWeatherParam	51	TakeOverDstWeather_Reserved7	UNKNOWN
CutsceneGparamWeatherParam	52	TakeOverDstWeather_Reserved8	UNKNOWN
CutsceneGparamWeatherParam	53	IsEnableApplyMapGdRegionIdForGparam	UNKNOWN
CutsceneGparamWeatherParam	54	reserved2	UNKNOWN
CutsceneGparamWeatherParam	55	OverrideMapGdRegionId	UNKNOWN
CutsceneGparamWeatherParam	56	reserved1	UNKNOWN
CutsceneGparamWeatherParam	57		UNKNOWN
CutsceneMapIdParam	0	ID	UNKNOWN
CutsceneMapIdParam	1	Name	UNKNOWN
CutsceneMapIdParam	2	disableParam_NT	UNKNOWN
CutsceneMapIdParam	3	disableParam_Debug	UNKNOWN
CutsceneMapIdParam	4	disableParamReserve1	UNKNOWN
CutsceneMapIdParam	5	disableParamReserve2	UNKNOWN
CutsceneMapIdParam	6	PlayMapId	UNKNOWN
CutsceneMapIdParam	7	RequireMapId0	UNKNOWN
CutsceneMapIdParam	8	RequireMapId1	UNKNOWN
CutsceneMapIdParam	9	RequireMapId2	UNKNOWN
CutsceneMapIdParam	10	RefCamPosHitPartsID	UNKNOWN
CutsceneMapIdParam	11	unknown_0x18	UNKNOWN
CutsceneMapIdParam	12	reserved_2	UNKNOWN
CutsceneMapIdParam	13	ClientDisableViewTimeForProgress	UNKNOWN
CutsceneMapIdParam	14	reserved	UNKNOWN
CutsceneMapIdParam	15	HitParts_0	UNKNOWN
CutsceneMapIdParam	16	HitParts_1	UNKNOWN
CutsceneMapIdParam	17		UNKNOWN
CutSceneTextureLoadParam	0	ID	UNKNOWN
CutSceneTextureLoadParam	1	Name	UNKNOWN
CutSceneTextureLoadParam	2	disableParam_NT	UNKNOWN
CutSceneTextureLoadParam	3	disableParam_Debug	UNKNOWN
CutSceneTextureLoadParam	4	disableParamReserve1	UNKNOWN
CutSceneTextureLoadParam	5	disableParamReserve2	UNKNOWN
CutSceneTextureLoadParam	6	texName_00	UNKNOWN
CutSceneTextureLoadParam	7	texName_01	UNKNOWN
CutSceneTextureLoadParam	8	texName_02	UNKNOWN
CutSceneTextureLoadParam	9	texName_03	UNKNOWN
CutSceneTextureLoadParam	10	texName_04	UNKNOWN
CutSceneTextureLoadParam	11	texName_05	UNKNOWN
CutSceneTextureLoadParam	12	texName_06	UNKNOWN
CutSceneTextureLoadParam	13	texName_07	UNKNOWN
CutSceneTextureLoadParam	14	texName_08	UNKNOWN
CutSceneTextureLoadParam	15	texName_09	UNKNOWN
CutSceneTextureLoadParam	16	texName_10	UNKNOWN
CutSceneTextureLoadParam	17	texName_11	UNKNOWN
CutSceneTextureLoadParam	18	texName_12	UNKNOWN
CutSceneTextureLoadParam	19	texName_13	UNKNOWN
CutSceneTextureLoadParam	20	texName_14	UNKNOWN
CutSceneTextureLoadParam	21	texName_15	UNKNOWN
CutSceneTextureLoadParam	22		UNKNOWN
CutsceneTimezoneConvertParam	0	ID	UNKNOWN
CutsceneTimezoneConvertParam	1	Name	UNKNOWN
CutsceneTimezoneConvertParam	2	SrcTimezoneStart	UNKNOWN
CutsceneTimezoneConvertParam	3	DstCutscenTime	UNKNOWN
CutsceneTimezoneConvertParam	4		UNKNOWN
CutsceneWeatherOverrideGparamConvertParam	0	ID	UNKNOWN
CutsceneWeatherOverrideGparamConvertParam	1	Name	UNKNOWN
CutsceneWeatherOverrideGparamConvertParam	2	weatherOverrideGparamId	UNKNOWN
CutsceneWeatherOverrideGparamConvertParam	3		UNKNOWN
DecalParam	0	ID	UNKNOWN
DecalParam	1	Name	UNKNOWN
DecalParam	2	textureId	UNKNOWN
DecalParam	3	dmypolyId	UNKNOWN
DecalParam	4	pitchAngle	UNKNOWN
DecalParam	5	yawAngle	UNKNOWN
DecalParam	6	nearDistance	UNKNOWN
DecalParam	7	farDistance	UNKNOWN
DecalParam	8	nearSize	UNKNOWN
DecalParam	9	farSize	UNKNOWN
DecalParam	10	maskSpeffectId	UNKNOWN
DecalParam	11	pad_10	UNKNOWN
DecalParam	12	replaceTextureId_byMaterial	UNKNOWN
DecalParam	13	dmypolyCategory	UNKNOWN
DecalParam	14	pad_05	UNKNOWN
DecalParam	15	useDeferredDecal	UNKNOWN
DecalParam	16	usePaintDecal	UNKNOWN
DecalParam	17	bloodTypeEnable	UNKNOWN
DecalParam	18	bUseNormal	UNKNOWN
DecalParam	19	pad_08	UNKNOWN
DecalParam	20	pad_09	UNKNOWN
DecalParam	21	usePom	UNKNOWN
DecalParam	22	useEmissive	UNKNOWN
DecalParam	23	putVertical	UNKNOWN
DecalParam	24	randomSizeMin	UNKNOWN
DecalParam	25	randomSizeMax	UNKNOWN
DecalParam	26	randomRollMin	UNKNOWN
DecalParam	27	randomRollMax	UNKNOWN
DecalParam	28	randomPitchMin	UNKNOWN
DecalParam	29	randomPitchMax	UNKNOWN
DecalParam	30	randomYawMin	UNKNOWN
DecalParam	31	randomYawMax	UNKNOWN
DecalParam	32	pomHightScale	UNKNOWN
DecalParam	33	pomSampleMin	UNKNOWN
DecalParam	34	pomSampleMax	UNKNOWN
DecalParam	35	blendMode	UNKNOWN
DecalParam	36	appearDirType	UNKNOWN
DecalParam	37	emissiveValueBegin	UNKNOWN
DecalParam	38	emissiveValueEnd	UNKNOWN
DecalParam	39	emissiveTime	UNKNOWN
DecalParam	40	bIntpEnable	UNKNOWN
DecalParam	41	pad_01	UNKNOWN
DecalParam	42	intpIntervalDist	UNKNOWN
DecalParam	43	beginIntpTextureId	UNKNOWN
DecalParam	44	endIntpTextureId	UNKNOWN
DecalParam	45	appearSfxId	UNKNOWN
DecalParam	46	appearSfxOffsetPos	UNKNOWN
DecalParam	47	maskTextureId	UNKNOWN
DecalParam	48	diffuseTextureId	UNKNOWN
DecalParam	49	reflecTextureId	UNKNOWN
DecalParam	50	maskScale	UNKNOWN
DecalParam	51	normalTextureId	UNKNOWN
DecalParam	52	heightTextureId	UNKNOWN
DecalParam	53	emissiveTextureId	UNKNOWN
DecalParam	54	diffuseColorR	UNKNOWN
DecalParam	55	diffuseColorG	UNKNOWN
DecalParam	56	diffuseColorB	UNKNOWN
DecalParam	57	pad_03	UNKNOWN
DecalParam	58	reflecColorR	UNKNOWN
DecalParam	59	reflecColorG	UNKNOWN
DecalParam	60	reflecColorB	UNKNOWN
DecalParam	61	bLifeEnable	UNKNOWN
DecalParam	62	siniScale	UNKNOWN
DecalParam	63	lifeTimeSec	UNKNOWN
DecalParam	64	fadeOutTimeSec	UNKNOWN
DecalParam	65	priority	UNKNOWN
DecalParam	66	bDistThinOutEnable	UNKNOWN
DecalParam	67	bAlignedTexRandomVariationEnable	UNKNOWN
DecalParam	68	distThinOutCheckDist	UNKNOWN
DecalParam	69	distThinOutCheckAngleDeg	UNKNOWN
DecalParam	70	distThinOutMaxNum	UNKNOWN
DecalParam	71	distThinOutCheckNum	UNKNOWN
DecalParam	72	delayAppearFrame	UNKNOWN
DecalParam	73	randVaria_Diffuse	UNKNOWN
DecalParam	74	randVaria_Mask	UNKNOWN
DecalParam	75	randVaria_Reflec	UNKNOWN
DecalParam	76	pad_12	UNKNOWN
DecalParam	77	randVaria_Normal	UNKNOWN
DecalParam	78	randVaria_Height	UNKNOWN
DecalParam	79	randVaria_Emissive	UNKNOWN
DecalParam	80	pad_11	UNKNOWN
DecalParam	81	fadeInTimeSec	UNKNOWN
DecalParam	82	thinOutOverlapMultiRadius	UNKNOWN
DecalParam	83	thinOutNeighborAddRadius	UNKNOWN
DecalParam	84	thinOutOverlapLimitNum	UNKNOWN
DecalParam	85	thinOutNeighborLimitNum	UNKNOWN
DecalParam	86	thinOutMode	UNKNOWN
DecalParam	87	emissiveColorR	UNKNOWN
DecalParam	88	emissiveColorG	UNKNOWN
DecalParam	89	emissiveColorB	UNKNOWN
DecalParam	90	maxDecalSfxCreatableSlopeAngleDeg	UNKNOWN
DecalParam	91	pad_02	UNKNOWN
DecalParam	92		UNKNOWN
DefaultKeyAssign	0	ID	UNKNOWN
DefaultKeyAssign	1	Name	UNKNOWN
DefaultKeyAssign	2	priority0	UNKNOWN
DefaultKeyAssign	3	priority1	UNKNOWN
DefaultKeyAssign	4	priority2	UNKNOWN
DefaultKeyAssign	5	priority3	UNKNOWN
DefaultKeyAssign	6	priority4	UNKNOWN
DefaultKeyAssign	7	priority5	UNKNOWN
DefaultKeyAssign	8	priority6	UNKNOWN
DefaultKeyAssign	9	priority7	UNKNOWN
DefaultKeyAssign	10	priority8	UNKNOWN
DefaultKeyAssign	11	priority9	UNKNOWN
DefaultKeyAssign	12	priority10	UNKNOWN
DefaultKeyAssign	13	priority11	UNKNOWN
DefaultKeyAssign	14	priority12	UNKNOWN
DefaultKeyAssign	15	priority13	UNKNOWN
DefaultKeyAssign	16	priority14	UNKNOWN
DefaultKeyAssign	17	priority15	UNKNOWN
DefaultKeyAssign	18	priority16	UNKNOWN
DefaultKeyAssign	19	priority17	UNKNOWN
DefaultKeyAssign	20	priority18	UNKNOWN
DefaultKeyAssign	21	priority19	UNKNOWN
DefaultKeyAssign	22	priority20	UNKNOWN
DefaultKeyAssign	23	priority21	UNKNOWN
DefaultKeyAssign	24	priority22	UNKNOWN
DefaultKeyAssign	25	priority23	UNKNOWN
DefaultKeyAssign	26	priority24	UNKNOWN
DefaultKeyAssign	27	priority25	UNKNOWN
DefaultKeyAssign	28	priority26	UNKNOWN
DefaultKeyAssign	29	priority27	UNKNOWN
DefaultKeyAssign	30	priority28	UNKNOWN
DefaultKeyAssign	31	priority29	UNKNOWN
DefaultKeyAssign	32	priority30	UNKNOWN
DefaultKeyAssign	33	priority31	UNKNOWN
DefaultKeyAssign	34	dummy	UNKNOWN
DefaultKeyAssign	35	phyisicalKey_0	UNKNOWN
DefaultKeyAssign	36	traitsType_0	UNKNOWN
DefaultKeyAssign	37	a2dOperator_0	UNKNOWN
DefaultKeyAssign	38	applyTarget_0	UNKNOWN
DefaultKeyAssign	39	isAnalog_0	UNKNOWN
DefaultKeyAssign	40	enableWin64_0	UNKNOWN
DefaultKeyAssign	41	enablePS4_0	UNKNOWN
DefaultKeyAssign	42	enableXboxOne_0	UNKNOWN
DefaultKeyAssign	43	time1_0	UNKNOWN
DefaultKeyAssign	44	time2_0	UNKNOWN
DefaultKeyAssign	45	a2dThreshold_0	UNKNOWN
DefaultKeyAssign	46	phyisicalKey_1	UNKNOWN
DefaultKeyAssign	47	traitsType_1	UNKNOWN
DefaultKeyAssign	48	a2dOperator_1	UNKNOWN
DefaultKeyAssign	49	applyTarget_1	UNKNOWN
DefaultKeyAssign	50	isAnalog_1	UNKNOWN
DefaultKeyAssign	51	enableWin64_1	UNKNOWN
DefaultKeyAssign	52	enablePS4_1	UNKNOWN
DefaultKeyAssign	53	enableXboxOne_1	UNKNOWN
DefaultKeyAssign	54	time1_1	UNKNOWN
DefaultKeyAssign	55	time2_1	UNKNOWN
DefaultKeyAssign	56	a2dThreshold_1	UNKNOWN
DefaultKeyAssign	57	phyisicalKey_2	UNKNOWN
DefaultKeyAssign	58	traitsType_2	UNKNOWN
DefaultKeyAssign	59	a2dOperator_2	UNKNOWN
DefaultKeyAssign	60	applyTarget_2	UNKNOWN
DefaultKeyAssign	61	isAnalog_2	UNKNOWN
DefaultKeyAssign	62	enableWin64_2	UNKNOWN
DefaultKeyAssign	63	enablePS4_2	UNKNOWN
DefaultKeyAssign	64	enableXboxOne_2	UNKNOWN
DefaultKeyAssign	65	time1_2	UNKNOWN
DefaultKeyAssign	66	time2_2	UNKNOWN
DefaultKeyAssign	67	a2dThreshold_2	UNKNOWN
DefaultKeyAssign	68	phyisicalKey_3	UNKNOWN
DefaultKeyAssign	69	traitsType_3	UNKNOWN
DefaultKeyAssign	70	a2dOperator_3	UNKNOWN
DefaultKeyAssign	71	applyTarget_3	UNKNOWN
DefaultKeyAssign	72	isAnalog_3	UNKNOWN
DefaultKeyAssign	73	enableWin64_3	UNKNOWN
DefaultKeyAssign	74	enablePS4_3	UNKNOWN
DefaultKeyAssign	75	enableXboxOne_3	UNKNOWN
DefaultKeyAssign	76	time1_3	UNKNOWN
DefaultKeyAssign	77	time2_3	UNKNOWN
DefaultKeyAssign	78	a2dThreshold_3	UNKNOWN
DefaultKeyAssign	79	phyisicalKey_4	UNKNOWN
DefaultKeyAssign	80	traitsType_4	UNKNOWN
DefaultKeyAssign	81	a2dOperator_4	UNKNOWN
DefaultKeyAssign	82	applyTarget_4	UNKNOWN
DefaultKeyAssign	83	isAnalog_4	UNKNOWN
DefaultKeyAssign	84	enableWin64_4	UNKNOWN
DefaultKeyAssign	85	enablePS4_4	UNKNOWN
DefaultKeyAssign	86	enableXboxOne_4	UNKNOWN
DefaultKeyAssign	87	time1_4	UNKNOWN
DefaultKeyAssign	88	time2_4	UNKNOWN
DefaultKeyAssign	89	a2dThreshold_4	UNKNOWN
DefaultKeyAssign	90	phyisicalKey_5	UNKNOWN
DefaultKeyAssign	91	traitsType_5	UNKNOWN
DefaultKeyAssign	92	a2dOperator_5	UNKNOWN
DefaultKeyAssign	93	applyTarget_5	UNKNOWN
DefaultKeyAssign	94	isAnalog_5	UNKNOWN
DefaultKeyAssign	95	enableWin64_5	UNKNOWN
DefaultKeyAssign	96	enablePS4_5	UNKNOWN
DefaultKeyAssign	97	enableXboxOne_5	UNKNOWN
DefaultKeyAssign	98	time1_5	UNKNOWN
DefaultKeyAssign	99	time2_5	UNKNOWN
DefaultKeyAssign	100	a2dThreshold_5	UNKNOWN
DefaultKeyAssign	101	phyisicalKey_6	UNKNOWN
DefaultKeyAssign	102	traitsType_6	UNKNOWN
DefaultKeyAssign	103	a2dOperator_6	UNKNOWN
DefaultKeyAssign	104	applyTarget_6	UNKNOWN
DefaultKeyAssign	105	isAnalog_6	UNKNOWN
DefaultKeyAssign	106	enableWin64_6	UNKNOWN
DefaultKeyAssign	107	enablePS4_6	UNKNOWN
DefaultKeyAssign	108	enableXboxOne_6	UNKNOWN
DefaultKeyAssign	109	time1_6	UNKNOWN
DefaultKeyAssign	110	time2_6	UNKNOWN
DefaultKeyAssign	111	a2dThreshold_6	UNKNOWN
DefaultKeyAssign	112	phyisicalKey_7	UNKNOWN
DefaultKeyAssign	113	traitsType_7	UNKNOWN
DefaultKeyAssign	114	a2dOperator_7	UNKNOWN
DefaultKeyAssign	115	applyTarget_7	UNKNOWN
DefaultKeyAssign	116	isAnalog_7	UNKNOWN
DefaultKeyAssign	117	enableWin64_7	UNKNOWN
DefaultKeyAssign	118	enablePS4_7	UNKNOWN
DefaultKeyAssign	119	enableXboxOne_7	UNKNOWN
DefaultKeyAssign	120	time1_7	UNKNOWN
DefaultKeyAssign	121	time2_7	UNKNOWN
DefaultKeyAssign	122	a2dThreshold_7	UNKNOWN
DefaultKeyAssign	123		UNKNOWN
DirectionCameraParam	0	ID	UNKNOWN
DirectionCameraParam	1	Name	UNKNOWN
DirectionCameraParam	2	isUseOption	UNKNOWN
DirectionCameraParam	3	pad2	UNKNOWN
DirectionCameraParam	4	pad1	UNKNOWN
DirectionCameraParam	5		UNKNOWN
EnemyCommonParam	0	ID	UNKNOWN
EnemyCommonParam	1	Name	UNKNOWN
EnemyCommonParam	2	reserved0	UNKNOWN
EnemyCommonParam	3	soundTargetTryApproachTime	UNKNOWN
EnemyCommonParam	4	searchTargetTryApproachTime	UNKNOWN
EnemyCommonParam	5	memoryTargetTryApproachTime	UNKNOWN
EnemyCommonParam	6	reserved5	UNKNOWN
EnemyCommonParam	7	activateChrByTime_PhantomId	UNKNOWN
EnemyCommonParam	8	findUnfavorableFailedPointDist	UNKNOWN
EnemyCommonParam	9	findUnfavorableFailedPointHeight	UNKNOWN
EnemyCommonParam	10	reserved18	UNKNOWN
EnemyCommonParam	11		UNKNOWN
EnvObjLotParam	0	ID	UNKNOWN
EnvObjLotParam	1	Name	UNKNOWN
EnvObjLotParam	2	AssetId_0	UNKNOWN
EnvObjLotParam	3	AssetId_1	UNKNOWN
EnvObjLotParam	4	AssetId_2	UNKNOWN
EnvObjLotParam	5	AssetId_3	UNKNOWN
EnvObjLotParam	6	AssetId_4	UNKNOWN
EnvObjLotParam	7	AssetId_5	UNKNOWN
EnvObjLotParam	8	AssetId_6	UNKNOWN
EnvObjLotParam	9	AssetId_7	UNKNOWN
EnvObjLotParam	10	CreateWeight_0	UNKNOWN
EnvObjLotParam	11	CreateWeight_1	UNKNOWN
EnvObjLotParam	12	CreateWeight_2	UNKNOWN
EnvObjLotParam	13	CreateWeight_3	UNKNOWN
EnvObjLotParam	14	CreateWeight_4	UNKNOWN
EnvObjLotParam	15	CreateWeight_5	UNKNOWN
EnvObjLotParam	16	CreateWeight_6	UNKNOWN
EnvObjLotParam	17	CreateWeight_7	UNKNOWN
EnvObjLotParam	18	Reserve_0	UNKNOWN
EnvObjLotParam	19		UNKNOWN
EquipMtrlSetParam	0	ID	UNKNOWN
EquipMtrlSetParam	1	Name	UNKNOWN
EquipMtrlSetParam	2	materialId01	UNKNOWN
EquipMtrlSetParam	3	materialId02	UNKNOWN
EquipMtrlSetParam	4	materialId03	UNKNOWN
EquipMtrlSetParam	5	materialId04	UNKNOWN
EquipMtrlSetParam	6	materialId05	UNKNOWN
EquipMtrlSetParam	7	materialId06	UNKNOWN
EquipMtrlSetParam	8	pad_id	UNKNOWN
EquipMtrlSetParam	9	itemNum01	UNKNOWN
EquipMtrlSetParam	10	itemNum02	UNKNOWN
EquipMtrlSetParam	11	itemNum03	UNKNOWN
EquipMtrlSetParam	12	itemNum04	UNKNOWN
EquipMtrlSetParam	13	itemNum05	UNKNOWN
EquipMtrlSetParam	14	itemNum06	UNKNOWN
EquipMtrlSetParam	15	pad_num	UNKNOWN
EquipMtrlSetParam	16	materialCate01	UNKNOWN
EquipMtrlSetParam	17	materialCate02	UNKNOWN
EquipMtrlSetParam	18	materialCate03	UNKNOWN
EquipMtrlSetParam	19	materialCate04	UNKNOWN
EquipMtrlSetParam	20	materialCate05	UNKNOWN
EquipMtrlSetParam	21	materialCate06	UNKNOWN
EquipMtrlSetParam	22	pad_cate	UNKNOWN
EquipMtrlSetParam	23	isDisableDispNum01	UNKNOWN
EquipMtrlSetParam	24	isDisableDispNum02	UNKNOWN
EquipMtrlSetParam	25	isDisableDispNum03	UNKNOWN
EquipMtrlSetParam	26	isDisableDispNum04	UNKNOWN
EquipMtrlSetParam	27	isDisableDispNum05	UNKNOWN
EquipMtrlSetParam	28	isDisableDispNum06	UNKNOWN
EquipMtrlSetParam	29	pad	UNKNOWN
EquipMtrlSetParam	30		UNKNOWN
EquipParamAccessory	0	ID	UNKNOWN
EquipParamAccessory	1	Name	UNKNOWN
EquipParamAccessory	2	disableParam_NT	UNKNOWN
EquipParamAccessory	3	disableParamReserve1	UNKNOWN
EquipParamAccessory	4	disableParamReserve2	UNKNOWN
EquipParamAccessory	5	refId	UNKNOWN
EquipParamAccessory	6	sfxVariationId	UNKNOWN
EquipParamAccessory	7	weight	UNKNOWN
EquipParamAccessory	8	behaviorId	UNKNOWN
EquipParamAccessory	9	basicPrice	UNKNOWN
EquipParamAccessory	10	sellValue	UNKNOWN
EquipParamAccessory	11	sortId	UNKNOWN
EquipParamAccessory	12	qwcId	UNKNOWN
EquipParamAccessory	13	equipModelId	UNKNOWN
EquipParamAccessory	14	iconId	UNKNOWN
EquipParamAccessory	15	shopLv	UNKNOWN
EquipParamAccessory	16	trophySGradeId	UNKNOWN
EquipParamAccessory	17	trophySeqId	UNKNOWN
EquipParamAccessory	18	equipModelCategory	UNKNOWN
EquipParamAccessory	19	equipModelGender	UNKNOWN
EquipParamAccessory	20	accessoryCategory	UNKNOWN
EquipParamAccessory	21	refCategory	UNKNOWN
EquipParamAccessory	22	spEffectCategory	UNKNOWN
EquipParamAccessory	23	sortGroupId	UNKNOWN
EquipParamAccessory	24	vagrantItemLotId	UNKNOWN
EquipParamAccessory	25	vagrantBonusEneDropItemLotId	UNKNOWN
EquipParamAccessory	26	vagrantItemEneDropItemLotId	UNKNOWN
EquipParamAccessory	27	isDeposit	UNKNOWN
EquipParamAccessory	28	isEquipOutBrake	UNKNOWN
EquipParamAccessory	29	disableMultiDropShare	UNKNOWN
EquipParamAccessory	30	isDiscard	UNKNOWN
EquipParamAccessory	31	isDrop	UNKNOWN
EquipParamAccessory	32	showLogCondType	UNKNOWN
EquipParamAccessory	33	showDialogCondType	UNKNOWN
EquipParamAccessory	34	rarity	UNKNOWN
EquipParamAccessory	35	pad2	UNKNOWN
EquipParamAccessory	36	saleValue	UNKNOWN
EquipParamAccessory	37	accessoryGroup	UNKNOWN
EquipParamAccessory	38	pad3	UNKNOWN
EquipParamAccessory	39	compTrophySedId	UNKNOWN
EquipParamAccessory	40	residentSpEffectId1	UNKNOWN
EquipParamAccessory	41	residentSpEffectId2	UNKNOWN
EquipParamAccessory	42	residentSpEffectId3	UNKNOWN
EquipParamAccessory	43	residentSpEffectId4	UNKNOWN
EquipParamAccessory	44	pad1	UNKNOWN
EquipParamAccessory	45		UNKNOWN
EquipParamCustomWeapon	0	ID	UNKNOWN
EquipParamCustomWeapon	1	Name	UNKNOWN
EquipParamCustomWeapon	2	baseWepId	UNKNOWN
EquipParamCustomWeapon	3	gemId	UNKNOWN
EquipParamCustomWeapon	4	reinforceLv	UNKNOWN
EquipParamCustomWeapon	5	pad	UNKNOWN
EquipParamCustomWeapon	6		UNKNOWN
EquipParamGem	0	ID	UNKNOWN
EquipParamGem	1	Name	UNKNOWN
EquipParamGem	2	disableParam_NT	UNKNOWN
EquipParamGem	3	disableParamReserve1	UNKNOWN
EquipParamGem	4	disableParamReserve2	UNKNOWN
EquipParamGem	5	iconId	UNKNOWN
EquipParamGem	6	rank	UNKNOWN
EquipParamGem	7	sortGroupId	UNKNOWN
EquipParamGem	8	spEffectId0	UNKNOWN
EquipParamGem	9	spEffectId1	UNKNOWN
EquipParamGem	10	spEffectId2	UNKNOWN
EquipParamGem	11	itemGetTutorialFlagId	UNKNOWN
EquipParamGem	12	swordArtsParamId	UNKNOWN
EquipParamGem	13	mountValue	UNKNOWN
EquipParamGem	14	sellValue	UNKNOWN
EquipParamGem	15	saleValue	UNKNOWN
EquipParamGem	16	sortId	UNKNOWN
EquipParamGem	17	compTrophySedId	UNKNOWN
EquipParamGem	18	trophySeqId	UNKNOWN
EquipParamGem	19	configurableWepAttr00	UNKNOWN
EquipParamGem	20	configurableWepAttr01	UNKNOWN
EquipParamGem	21	configurableWepAttr02	UNKNOWN
EquipParamGem	22	configurableWepAttr03	UNKNOWN
EquipParamGem	23	configurableWepAttr04	UNKNOWN
EquipParamGem	24	configurableWepAttr05	UNKNOWN
EquipParamGem	25	configurableWepAttr06	UNKNOWN
EquipParamGem	26	configurableWepAttr07	UNKNOWN
EquipParamGem	27	configurableWepAttr08	UNKNOWN
EquipParamGem	28	configurableWepAttr09	UNKNOWN
EquipParamGem	29	configurableWepAttr10	UNKNOWN
EquipParamGem	30	configurableWepAttr11	UNKNOWN
EquipParamGem	31	configurableWepAttr12	UNKNOWN
EquipParamGem	32	configurableWepAttr13	UNKNOWN
EquipParamGem	33	configurableWepAttr14	UNKNOWN
EquipParamGem	34	configurableWepAttr15	UNKNOWN
EquipParamGem	35	rarity	UNKNOWN
EquipParamGem	36	configurableWepAttr16	UNKNOWN
EquipParamGem	37	configurableWepAttr17	UNKNOWN
EquipParamGem	38	configurableWepAttr18	UNKNOWN
EquipParamGem	39	configurableWepAttr19	UNKNOWN
EquipParamGem	40	configurableWepAttr20	UNKNOWN
EquipParamGem	41	configurableWepAttr21	UNKNOWN
EquipParamGem	42	configurableWepAttr22	UNKNOWN
EquipParamGem	43	configurableWepAttr23	UNKNOWN
EquipParamGem	44	isDiscard	UNKNOWN
EquipParamGem	45	isDrop	UNKNOWN
EquipParamGem	46	isDeposit	UNKNOWN
EquipParamGem	47	disableMultiDropShare	UNKNOWN
EquipParamGem	48	showDialogCondType	UNKNOWN
EquipParamGem	49	showLogCondType	UNKNOWN
EquipParamGem	50	pad	UNKNOWN
EquipParamGem	51	defaultWepAttr	UNKNOWN
EquipParamGem	52	isSpecialSwordArt	UNKNOWN
EquipParamGem	53	pad2	UNKNOWN
EquipParamGem	54	canMountWep_Dagger	UNKNOWN
EquipParamGem	55	canMountWep_SwordNormal	UNKNOWN
EquipParamGem	56	canMountWep_SwordLarge	UNKNOWN
EquipParamGem	57	canMountWep_SwordGigantic	UNKNOWN
EquipParamGem	58	canMountWep_SaberNormal	UNKNOWN
EquipParamGem	59	canMountWep_SaberLarge	UNKNOWN
EquipParamGem	60	canMountWep_katana	UNKNOWN
EquipParamGem	61	canMountWep_SwordDoubleEdge	UNKNOWN
EquipParamGem	62	canMountWep_SwordPierce	UNKNOWN
EquipParamGem	63	canMountWep_RapierHeavy	UNKNOWN
EquipParamGem	64	canMountWep_AxeNormal	UNKNOWN
EquipParamGem	65	canMountWep_AxeLarge	UNKNOWN
EquipParamGem	66	canMountWep_HammerNormal	UNKNOWN
EquipParamGem	67	canMountWep_HammerLarge	UNKNOWN
EquipParamGem	68	canMountWep_Flail	UNKNOWN
EquipParamGem	69	canMountWep_SpearNormal	UNKNOWN
EquipParamGem	70	canMountWep_SpearLarge	UNKNOWN
EquipParamGem	71	canMountWep_SpearHeavy	UNKNOWN
EquipParamGem	72	canMountWep_SpearAxe	UNKNOWN
EquipParamGem	73	canMountWep_Sickle	UNKNOWN
EquipParamGem	74	canMountWep_Knuckle	UNKNOWN
EquipParamGem	75	canMountWep_Claw	UNKNOWN
EquipParamGem	76	canMountWep_Whip	UNKNOWN
EquipParamGem	77	canMountWep_AxhammerLarge	UNKNOWN
EquipParamGem	78	canMountWep_BowSmall	UNKNOWN
EquipParamGem	79	canMountWep_BowNormal	UNKNOWN
EquipParamGem	80	canMountWep_BowLarge	UNKNOWN
EquipParamGem	81	canMountWep_ClossBow	UNKNOWN
EquipParamGem	82	canMountWep_Ballista	UNKNOWN
EquipParamGem	83	canMountWep_Staff	UNKNOWN
EquipParamGem	84	canMountWep_Sorcery	UNKNOWN
EquipParamGem	85	canMountWep_Talisman	UNKNOWN
EquipParamGem	86	canMountWep_ShieldSmall	UNKNOWN
EquipParamGem	87	canMountWep_ShieldNormal	UNKNOWN
EquipParamGem	88	canMountWep_ShieldLarge	UNKNOWN
EquipParamGem	89	canMountWep_Torch	UNKNOWN
EquipParamGem	90	canMountWep_HandToHand	UNKNOWN
EquipParamGem	91	canMountWep_PerfumeBottle	UNKNOWN
EquipParamGem	92	canMountWep_ThrustingShield	UNKNOWN
EquipParamGem	93	canMountWep_ThrowingWeapon	UNKNOWN
EquipParamGem	94	canMountWep_ReverseHandSword	UNKNOWN
EquipParamGem	95	canMountWep_LightGreatsword	UNKNOWN
EquipParamGem	96	canMountWep_GreatKatana	UNKNOWN
EquipParamGem	97	canMountWep_BeastClaw	UNKNOWN
EquipParamGem	98	reserved_canMountWep_0x3d_4	UNKNOWN
EquipParamGem	99	reserved2_canMountWep	UNKNOWN
EquipParamGem	100	spEffectMsgId0	UNKNOWN
EquipParamGem	101	spEffectMsgId1	UNKNOWN
EquipParamGem	102	spEffectId_forAtk0	UNKNOWN
EquipParamGem	103	spEffectId_forAtk1	UNKNOWN
EquipParamGem	104	spEffectId_forAtk2	UNKNOWN
EquipParamGem	105	mountWepTextId	UNKNOWN
EquipParamGem	106	pad6	UNKNOWN
EquipParamGem	107		UNKNOWN
EquipParamGoods	0	ID	UNKNOWN
EquipParamGoods	1	Name	UNKNOWN
EquipParamGoods	2	disableParam_NT	UNKNOWN
EquipParamGoods	3	disableParamReserve1	UNKNOWN
EquipParamGoods	4	disableParamReserve2	UNKNOWN
EquipParamGoods	5	refId_default	UNKNOWN
EquipParamGoods	6	sfxVariationId	UNKNOWN
EquipParamGoods	7	weight	UNKNOWN
EquipParamGoods	8	basicPrice	UNKNOWN
EquipParamGoods	9	sellValue	UNKNOWN
EquipParamGoods	10	behaviorId	UNKNOWN
EquipParamGoods	11	replaceItemId	UNKNOWN
EquipParamGoods	12	sortId	UNKNOWN
EquipParamGoods	13	appearanceReplaceItemId	UNKNOWN
EquipParamGoods	14	yesNoDialogMessageId	UNKNOWN
EquipParamGoods	15	useEnableSpEffectType	UNKNOWN
EquipParamGoods	16	potGroupId	UNKNOWN
EquipParamGoods	17	pad	UNKNOWN
EquipParamGoods	18	iconId	UNKNOWN
EquipParamGoods	19	modelId	UNKNOWN
EquipParamGoods	20	shopLv	UNKNOWN
EquipParamGoods	21	compTrophySedId	UNKNOWN
EquipParamGoods	22	trophySeqId	UNKNOWN
EquipParamGoods	23	maxNum	UNKNOWN
EquipParamGoods	24	consumeHeroPoint	UNKNOWN
EquipParamGoods	25	overDexterity	UNKNOWN
EquipParamGoods	26	goodsType	UNKNOWN
EquipParamGoods	27	refCategory	UNKNOWN
EquipParamGoods	28	spEffectCategory	UNKNOWN
EquipParamGoods	29	quickMatchUseRestriction	UNKNOWN
EquipParamGoods	30	goodsUseAnim	UNKNOWN
EquipParamGoods	31	opmeMenuType	UNKNOWN
EquipParamGoods	32	useLimitCategory	UNKNOWN
EquipParamGoods	33	replaceCategory	UNKNOWN
EquipParamGoods	34	reserve4	UNKNOWN
EquipParamGoods	35	enable_live	UNKNOWN
EquipParamGoods	36	enable_gray	UNKNOWN
EquipParamGoods	37	enable_friendly	UNKNOWN
EquipParamGoods	38	enable_hostile	UNKNOWN
EquipParamGoods	39	enable_multi	UNKNOWN
EquipParamGoods	40	disable_offline	UNKNOWN
EquipParamGoods	41	isEquip	UNKNOWN
EquipParamGoods	42	isConsume	UNKNOWN
EquipParamGoods	43	isAutoEquip	UNKNOWN
EquipParamGoods	44	isEstablishment	UNKNOWN
EquipParamGoods	45	isOnlyOne	UNKNOWN
EquipParamGoods	46	isDiscard	UNKNOWN
EquipParamGoods	47	isDeposit	UNKNOWN
EquipParamGoods	48	isDisableHand	UNKNOWN
EquipParamGoods	49	isRemoveItem_forGameClear	UNKNOWN
EquipParamGoods	50	isSuppleItem	UNKNOWN
EquipParamGoods	51	isFullSuppleItem	UNKNOWN
EquipParamGoods	52	isEnhance	UNKNOWN
EquipParamGoods	53	isFixItem	UNKNOWN
EquipParamGoods	54	disableMultiDropShare	UNKNOWN
EquipParamGoods	55	disableUseAtColiseum	UNKNOWN
EquipParamGoods	56	disableUseAtOutOfColiseum	UNKNOWN
EquipParamGoods	57	isEnableFastUseItem	UNKNOWN
EquipParamGoods	58	isApplySpecialEffect	UNKNOWN
EquipParamGoods	59	syncNumVaryId	UNKNOWN
EquipParamGoods	60	refId_1	UNKNOWN
EquipParamGoods	61	refVirtualWepId	UNKNOWN
EquipParamGoods	62	vagrantItemLotId	UNKNOWN
EquipParamGoods	63	vagrantBonusEneDropItemLotId	UNKNOWN
EquipParamGoods	64	vagrantItemEneDropItemLotId	UNKNOWN
EquipParamGoods	65	castSfxId	UNKNOWN
EquipParamGoods	66	fireSfxId	UNKNOWN
EquipParamGoods	67	effectSfxId	UNKNOWN
EquipParamGoods	68	enable_ActiveBigRune	UNKNOWN
EquipParamGoods	69	isBonfireWarpItem	UNKNOWN
EquipParamGoods	70	enable_Ladder	UNKNOWN
EquipParamGoods	71	isUseMultiPlayPreparation	UNKNOWN
EquipParamGoods	72	canMultiUse	UNKNOWN
EquipParamGoods	73	isShieldEnchant	UNKNOWN
EquipParamGoods	74	isWarpProhibited	UNKNOWN
EquipParamGoods	75	isUseMultiPenaltyOnly	UNKNOWN
EquipParamGoods	76	suppleType	UNKNOWN
EquipParamGoods	77	autoReplenishType	UNKNOWN
EquipParamGoods	78	isDrop	UNKNOWN
EquipParamGoods	79	showLogCondType	UNKNOWN
EquipParamGoods	80	isSummonHorse	UNKNOWN
EquipParamGoods	81	showDialogCondType	UNKNOWN
EquipParamGoods	82	isSleepCollectionItem	UNKNOWN
EquipParamGoods	83	enableRiding	UNKNOWN
EquipParamGoods	84	disableRiding	UNKNOWN
EquipParamGoods	85	maxRepositoryNum	UNKNOWN
EquipParamGoods	86	sortGroupId	UNKNOWN
EquipParamGoods	87	isUseNoAttackRegion	UNKNOWN
EquipParamGoods	88	unknown_0x73_1	UNKNOWN
EquipParamGoods	89	quickMatchReplenish	UNKNOWN
EquipParamGoods	90	pad1	UNKNOWN
EquipParamGoods	91	saleValue	UNKNOWN
EquipParamGoods	92	rarity	UNKNOWN
EquipParamGoods	93	useLimitSummonBuddy	UNKNOWN
EquipParamGoods	94	useLimitSpEffectType	UNKNOWN
EquipParamGoods	95	aiUseJudgeId	UNKNOWN
EquipParamGoods	96	consumeMP	UNKNOWN
EquipParamGoods	97	consumeHP	UNKNOWN
EquipParamGoods	98	reinforceGoodsId	UNKNOWN
EquipParamGoods	99	reinforceMaterialId	UNKNOWN
EquipParamGoods	100	reinforcePrice	UNKNOWN
EquipParamGoods	101	useLevel_vowType0	UNKNOWN
EquipParamGoods	102	useLevel_vowType1	UNKNOWN
EquipParamGoods	103	useLevel_vowType2	UNKNOWN
EquipParamGoods	104	useLevel_vowType3	UNKNOWN
EquipParamGoods	105	useLevel_vowType4	UNKNOWN
EquipParamGoods	106	useLevel_vowType5	UNKNOWN
EquipParamGoods	107	useLevel_vowType6	UNKNOWN
EquipParamGoods	108	useLevel_vowType7	UNKNOWN
EquipParamGoods	109	useLevel_vowType8	UNKNOWN
EquipParamGoods	110	useLevel_vowType9	UNKNOWN
EquipParamGoods	111	useLevel_vowType10	UNKNOWN
EquipParamGoods	112	useLevel_vowType11	UNKNOWN
EquipParamGoods	113	useLevel_vowType12	UNKNOWN
EquipParamGoods	114	useLevel_vowType13	UNKNOWN
EquipParamGoods	115	useLevel_vowType14	UNKNOWN
EquipParamGoods	116	useLevel_vowType15	UNKNOWN
EquipParamGoods	117	useLevel	UNKNOWN
EquipParamGoods	118	reserve5	UNKNOWN
EquipParamGoods	119	itemGetTutorialFlagId	UNKNOWN
EquipParamGoods	120	reserve3	UNKNOWN
EquipParamGoods	121		UNKNOWN
EquipParamProtector	0	ID	UNKNOWN
EquipParamProtector	1	Name	UNKNOWN
EquipParamProtector	2	disableParam_NT	UNKNOWN
EquipParamProtector	3	disableParamReserve1	UNKNOWN
EquipParamProtector	4	disableParamReserve2	UNKNOWN
EquipParamProtector	5	sortId	UNKNOWN
EquipParamProtector	6	wanderingEquipId	UNKNOWN
EquipParamProtector	7	resistSleep	UNKNOWN
EquipParamProtector	8	resistMadness	UNKNOWN
EquipParamProtector	9	saDurability	UNKNOWN
EquipParamProtector	10	toughnessCorrectRate	UNKNOWN
EquipParamProtector	11	fixPrice	UNKNOWN
EquipParamProtector	12	basicPrice	UNKNOWN
EquipParamProtector	13	sellValue	UNKNOWN
EquipParamProtector	14	weight	UNKNOWN
EquipParamProtector	15	residentSpEffectId	UNKNOWN
EquipParamProtector	16	residentSpEffectId2	UNKNOWN
EquipParamProtector	17	residentSpEffectId3	UNKNOWN
EquipParamProtector	18	materialSetId	UNKNOWN
EquipParamProtector	19	partsDamageRate	UNKNOWN
EquipParamProtector	20	corectSARecover	UNKNOWN
EquipParamProtector	21	originEquipPro	UNKNOWN
EquipParamProtector	22	originEquipPro1	UNKNOWN
EquipParamProtector	23	originEquipPro2	UNKNOWN
EquipParamProtector	24	originEquipPro3	UNKNOWN
EquipParamProtector	25	originEquipPro4	UNKNOWN
EquipParamProtector	26	originEquipPro5	UNKNOWN
EquipParamProtector	27	originEquipPro6	UNKNOWN
EquipParamProtector	28	originEquipPro7	UNKNOWN
EquipParamProtector	29	originEquipPro8	UNKNOWN
EquipParamProtector	30	originEquipPro9	UNKNOWN
EquipParamProtector	31	originEquipPro10	UNKNOWN
EquipParamProtector	32	originEquipPro11	UNKNOWN
EquipParamProtector	33	originEquipPro12	UNKNOWN
EquipParamProtector	34	originEquipPro13	UNKNOWN
EquipParamProtector	35	originEquipPro14	UNKNOWN
EquipParamProtector	36	originEquipPro15	UNKNOWN
EquipParamProtector	37	faceScaleM_ScaleX	UNKNOWN
EquipParamProtector	38	faceScaleM_ScaleZ	UNKNOWN
EquipParamProtector	39	faceScaleM_MaxX	UNKNOWN
EquipParamProtector	40	faceScaleM_MaxZ	UNKNOWN
EquipParamProtector	41	faceScaleF_ScaleX	UNKNOWN
EquipParamProtector	42	faceScaleF_ScaleZ	UNKNOWN
EquipParamProtector	43	faceScaleF_MaxX	UNKNOWN
EquipParamProtector	44	faceScaleF_MaxZ	UNKNOWN
EquipParamProtector	45	qwcId	UNKNOWN
EquipParamProtector	46	equipModelId	UNKNOWN
EquipParamProtector	47	iconIdM	UNKNOWN
EquipParamProtector	48	iconIdF	UNKNOWN
EquipParamProtector	49	knockBack	UNKNOWN
EquipParamProtector	50	knockbackBounceRate	UNKNOWN
EquipParamProtector	51	durability	UNKNOWN
EquipParamProtector	52	durabilityMax	UNKNOWN
EquipParamProtector	53	pad03	UNKNOWN
EquipParamProtector	54	defFlickPower	UNKNOWN
EquipParamProtector	55	defensePhysics	UNKNOWN
EquipParamProtector	56	defenseMagic	UNKNOWN
EquipParamProtector	57	defenseFire	UNKNOWN
EquipParamProtector	58	defenseThunder	UNKNOWN
EquipParamProtector	59	defenseSlash	UNKNOWN
EquipParamProtector	60	defenseBlow	UNKNOWN
EquipParamProtector	61	defenseThrust	UNKNOWN
EquipParamProtector	62	resistPoison	UNKNOWN
EquipParamProtector	63	resistDisease	UNKNOWN
EquipParamProtector	64	resistBlood	UNKNOWN
EquipParamProtector	65	resistCurse	UNKNOWN
EquipParamProtector	66	reinforceTypeId	UNKNOWN
EquipParamProtector	67	trophySGradeId	UNKNOWN
EquipParamProtector	68	shopLv	UNKNOWN
EquipParamProtector	69	knockbackParamId	UNKNOWN
EquipParamProtector	70	flickDamageCutRate	UNKNOWN
EquipParamProtector	71	equipModelCategory	UNKNOWN
EquipParamProtector	72	equipModelGender	UNKNOWN
EquipParamProtector	73	protectorCategory	UNKNOWN
EquipParamProtector	74	rarity	UNKNOWN
EquipParamProtector	75	sortGroupId	UNKNOWN
EquipParamProtector	76	partsDmgType	UNKNOWN
EquipParamProtector	77	pad04	UNKNOWN
EquipParamProtector	78	isDeposit	UNKNOWN
EquipParamProtector	79	headEquip	UNKNOWN
EquipParamProtector	80	bodyEquip	UNKNOWN
EquipParamProtector	81	armEquip	UNKNOWN
EquipParamProtector	82	legEquip	UNKNOWN
EquipParamProtector	83	useFaceScale	UNKNOWN
EquipParamProtector	84	isSkipWeakDamageAnim	UNKNOWN
EquipParamProtector	85	pad06	UNKNOWN
EquipParamProtector	86	defenseMaterialVariationValue_Weak	UNKNOWN
EquipParamProtector	87	autoFootEffectDecalBaseId2	UNKNOWN
EquipParamProtector	88	autoFootEffectDecalBaseId3	UNKNOWN
EquipParamProtector	89	defenseMaterialVariationValue	UNKNOWN
EquipParamProtector	90	isDiscard	UNKNOWN
EquipParamProtector	91	isDrop	UNKNOWN
EquipParamProtector	92	disableMultiDropShare	UNKNOWN
EquipParamProtector	93	simpleModelForDlc	UNKNOWN
EquipParamProtector	94	showLogCondType	UNKNOWN
EquipParamProtector	95	showDialogCondType	UNKNOWN
EquipParamProtector	96	pad	UNKNOWN
EquipParamProtector	97	neutralDamageCutRate	UNKNOWN
EquipParamProtector	98	slashDamageCutRate	UNKNOWN
EquipParamProtector	99	blowDamageCutRate	UNKNOWN
EquipParamProtector	100	thrustDamageCutRate	UNKNOWN
EquipParamProtector	101	magicDamageCutRate	UNKNOWN
EquipParamProtector	102	fireDamageCutRate	UNKNOWN
EquipParamProtector	103	thunderDamageCutRate	UNKNOWN
EquipParamProtector	104	defenseMaterialSfx1	UNKNOWN
EquipParamProtector	105	defenseMaterialSfx_Weak1	UNKNOWN
EquipParamProtector	106	defenseMaterial1	UNKNOWN
EquipParamProtector	107	defenseMaterial_Weak1	UNKNOWN
EquipParamProtector	108	defenseMaterialSfx2	UNKNOWN
EquipParamProtector	109	defenseMaterialSfx_Weak2	UNKNOWN
EquipParamProtector	110	footMaterialSe	UNKNOWN
EquipParamProtector	111	defenseMaterial_Weak2	UNKNOWN
EquipParamProtector	112	autoFootEffectDecalBaseId1	UNKNOWN
EquipParamProtector	113	toughnessDamageCutRate	UNKNOWN
EquipParamProtector	114	toughnessRecoverCorrection	UNKNOWN
EquipParamProtector	115	darkDamageCutRate	UNKNOWN
EquipParamProtector	116	defenseDark	UNKNOWN
EquipParamProtector	117	invisibleFlag48	UNKNOWN
EquipParamProtector	118	invisibleFlag49	UNKNOWN
EquipParamProtector	119	invisibleFlag50	UNKNOWN
EquipParamProtector	120	invisibleFlag51	UNKNOWN
EquipParamProtector	121	invisibleFlag52	UNKNOWN
EquipParamProtector	122	invisibleFlag53	UNKNOWN
EquipParamProtector	123	invisibleFlag54	UNKNOWN
EquipParamProtector	124	invisibleFlag55	UNKNOWN
EquipParamProtector	125	invisibleFlag56	UNKNOWN
EquipParamProtector	126	invisibleFlag57	UNKNOWN
EquipParamProtector	127	invisibleFlag58	UNKNOWN
EquipParamProtector	128	invisibleFlag59	UNKNOWN
EquipParamProtector	129	invisibleFlag60	UNKNOWN
EquipParamProtector	130	invisibleFlag61	UNKNOWN
EquipParamProtector	131	invisibleFlag62	UNKNOWN
EquipParamProtector	132	invisibleFlag63	UNKNOWN
EquipParamProtector	133	invisibleFlag64	UNKNOWN
EquipParamProtector	134	invisibleFlag65	UNKNOWN
EquipParamProtector	135	invisibleFlag66	UNKNOWN
EquipParamProtector	136	invisibleFlag67	UNKNOWN
EquipParamProtector	137	invisibleFlag68	UNKNOWN
EquipParamProtector	138	invisibleFlag69	UNKNOWN
EquipParamProtector	139	invisibleFlag70	UNKNOWN
EquipParamProtector	140	invisibleFlag71	UNKNOWN
EquipParamProtector	141	invisibleFlag72	UNKNOWN
EquipParamProtector	142	invisibleFlag73	UNKNOWN
EquipParamProtector	143	invisibleFlag74	UNKNOWN
EquipParamProtector	144	invisibleFlag75	UNKNOWN
EquipParamProtector	145	invisibleFlag76	UNKNOWN
EquipParamProtector	146	invisibleFlag77	UNKNOWN
EquipParamProtector	147	invisibleFlag78	UNKNOWN
EquipParamProtector	148	invisibleFlag79	UNKNOWN
EquipParamProtector	149	invisibleFlag80	UNKNOWN
EquipParamProtector	150	padbit	UNKNOWN
EquipParamProtector	151	postureControlId	UNKNOWN
EquipParamProtector	152	pad2	UNKNOWN
EquipParamProtector	153	saleValue	UNKNOWN
EquipParamProtector	154	resistFreeze	UNKNOWN
EquipParamProtector	155	invisibleFlag_SexVer00	UNKNOWN
EquipParamProtector	156	invisibleFlag_SexVer01	UNKNOWN
EquipParamProtector	157	invisibleFlag_SexVer02	UNKNOWN
EquipParamProtector	158	invisibleFlag_SexVer03	UNKNOWN
EquipParamProtector	159	invisibleFlag_SexVer04	UNKNOWN
EquipParamProtector	160	invisibleFlag_SexVer05	UNKNOWN
EquipParamProtector	161	invisibleFlag_SexVer06	UNKNOWN
EquipParamProtector	162	invisibleFlag_SexVer07	UNKNOWN
EquipParamProtector	163	invisibleFlag_SexVer08	UNKNOWN
EquipParamProtector	164	invisibleFlag_SexVer09	UNKNOWN
EquipParamProtector	165	invisibleFlag_SexVer10	UNKNOWN
EquipParamProtector	166	invisibleFlag_SexVer11	UNKNOWN
EquipParamProtector	167	invisibleFlag_SexVer12	UNKNOWN
EquipParamProtector	168	invisibleFlag_SexVer13	UNKNOWN
EquipParamProtector	169	invisibleFlag_SexVer14	UNKNOWN
EquipParamProtector	170	invisibleFlag_SexVer15	UNKNOWN
EquipParamProtector	171	invisibleFlag_SexVer16	UNKNOWN
EquipParamProtector	172	invisibleFlag_SexVer17	UNKNOWN
EquipParamProtector	173	invisibleFlag_SexVer18	UNKNOWN
EquipParamProtector	174	invisibleFlag_SexVer19	UNKNOWN
EquipParamProtector	175	invisibleFlag_SexVer20	UNKNOWN
EquipParamProtector	176	invisibleFlag_SexVer21	UNKNOWN
EquipParamProtector	177	invisibleFlag_SexVer22	UNKNOWN
EquipParamProtector	178	invisibleFlag_SexVer23	UNKNOWN
EquipParamProtector	179	invisibleFlag_SexVer24	UNKNOWN
EquipParamProtector	180	invisibleFlag_SexVer25	UNKNOWN
EquipParamProtector	181	invisibleFlag_SexVer26	UNKNOWN
EquipParamProtector	182	invisibleFlag_SexVer27	UNKNOWN
EquipParamProtector	183	invisibleFlag_SexVer28	UNKNOWN
EquipParamProtector	184	invisibleFlag_SexVer29	UNKNOWN
EquipParamProtector	185	invisibleFlag_SexVer30	UNKNOWN
EquipParamProtector	186	invisibleFlag_SexVer31	UNKNOWN
EquipParamProtector	187	invisibleFlag_SexVer32	UNKNOWN
EquipParamProtector	188	invisibleFlag_SexVer33	UNKNOWN
EquipParamProtector	189	invisibleFlag_SexVer34	UNKNOWN
EquipParamProtector	190	invisibleFlag_SexVer35	UNKNOWN
EquipParamProtector	191	invisibleFlag_SexVer36	UNKNOWN
EquipParamProtector	192	invisibleFlag_SexVer37	UNKNOWN
EquipParamProtector	193	invisibleFlag_SexVer38	UNKNOWN
EquipParamProtector	194	invisibleFlag_SexVer39	UNKNOWN
EquipParamProtector	195	invisibleFlag_SexVer40	UNKNOWN
EquipParamProtector	196	invisibleFlag_SexVer41	UNKNOWN
EquipParamProtector	197	invisibleFlag_SexVer42	UNKNOWN
EquipParamProtector	198	invisibleFlag_SexVer43	UNKNOWN
EquipParamProtector	199	invisibleFlag_SexVer44	UNKNOWN
EquipParamProtector	200	invisibleFlag_SexVer45	UNKNOWN
EquipParamProtector	201	invisibleFlag_SexVer46	UNKNOWN
EquipParamProtector	202	invisibleFlag_SexVer47	UNKNOWN
EquipParamProtector	203	invisibleFlag_SexVer48	UNKNOWN
EquipParamProtector	204	invisibleFlag_SexVer49	UNKNOWN
EquipParamProtector	205	invisibleFlag_SexVer50	UNKNOWN
EquipParamProtector	206	invisibleFlag_SexVer51	UNKNOWN
EquipParamProtector	207	invisibleFlag_SexVer52	UNKNOWN
EquipParamProtector	208	invisibleFlag_SexVer53	UNKNOWN
EquipParamProtector	209	invisibleFlag_SexVer54	UNKNOWN
EquipParamProtector	210	invisibleFlag_SexVer55	UNKNOWN
EquipParamProtector	211	invisibleFlag_SexVer56	UNKNOWN
EquipParamProtector	212	invisibleFlag_SexVer57	UNKNOWN
EquipParamProtector	213	invisibleFlag_SexVer58	UNKNOWN
EquipParamProtector	214	invisibleFlag_SexVer59	UNKNOWN
EquipParamProtector	215	invisibleFlag_SexVer60	UNKNOWN
EquipParamProtector	216	invisibleFlag_SexVer61	UNKNOWN
EquipParamProtector	217	invisibleFlag_SexVer62	UNKNOWN
EquipParamProtector	218	invisibleFlag_SexVer63	UNKNOWN
EquipParamProtector	219	invisibleFlag_SexVer64	UNKNOWN
EquipParamProtector	220	invisibleFlag_SexVer65	UNKNOWN
EquipParamProtector	221	invisibleFlag_SexVer66	UNKNOWN
EquipParamProtector	222	invisibleFlag_SexVer67	UNKNOWN
EquipParamProtector	223	invisibleFlag_SexVer68	UNKNOWN
EquipParamProtector	224	invisibleFlag_SexVer69	UNKNOWN
EquipParamProtector	225	invisibleFlag_SexVer70	UNKNOWN
EquipParamProtector	226	invisibleFlag_SexVer71	UNKNOWN
EquipParamProtector	227	invisibleFlag_SexVer72	UNKNOWN
EquipParamProtector	228	invisibleFlag_SexVer73	UNKNOWN
EquipParamProtector	229	invisibleFlag_SexVer74	UNKNOWN
EquipParamProtector	230	invisibleFlag_SexVer75	UNKNOWN
EquipParamProtector	231	invisibleFlag_SexVer76	UNKNOWN
EquipParamProtector	232	invisibleFlag_SexVer77	UNKNOWN
EquipParamProtector	233	invisibleFlag_SexVer78	UNKNOWN
EquipParamProtector	234	invisibleFlag_SexVer79	UNKNOWN
EquipParamProtector	235	invisibleFlag_SexVer80	UNKNOWN
EquipParamProtector	236	invisibleFlag_SexVer81	UNKNOWN
EquipParamProtector	237	invisibleFlag_SexVer82	UNKNOWN
EquipParamProtector	238	invisibleFlag_SexVer83	UNKNOWN
EquipParamProtector	239	invisibleFlag_SexVer84	UNKNOWN
EquipParamProtector	240	invisibleFlag_SexVer85	UNKNOWN
EquipParamProtector	241	invisibleFlag_SexVer86	UNKNOWN
EquipParamProtector	242	invisibleFlag_SexVer87	UNKNOWN
EquipParamProtector	243	invisibleFlag_SexVer88	UNKNOWN
EquipParamProtector	244	invisibleFlag_SexVer89	UNKNOWN
EquipParamProtector	245	invisibleFlag_SexVer90	UNKNOWN
EquipParamProtector	246	invisibleFlag_SexVer91	UNKNOWN
EquipParamProtector	247	invisibleFlag_SexVer92	UNKNOWN
EquipParamProtector	248	invisibleFlag_SexVer93	UNKNOWN
EquipParamProtector	249	invisibleFlag_SexVer94	UNKNOWN
EquipParamProtector	250	invisibleFlag_SexVer95	UNKNOWN
EquipParamProtector	251	pad404	UNKNOWN
EquipParamProtector	252		UNKNOWN
EquipParamWeapon	0	ID	UNKNOWN
EquipParamWeapon	1	Name	UNKNOWN
EquipParamWeapon	2	disableParam_NT	UNKNOWN
EquipParamWeapon	3	disableParamReserve1	UNKNOWN
EquipParamWeapon	4	disableParamReserve2	UNKNOWN
EquipParamWeapon	5	behaviorVariationId	UNKNOWN
EquipParamWeapon	6	sortId	UNKNOWN
EquipParamWeapon	7	wanderingEquipId	UNKNOWN
EquipParamWeapon	8	weight	UNKNOWN
EquipParamWeapon	9	weaponWeightRate	UNKNOWN
EquipParamWeapon	10	fixPrice	UNKNOWN
EquipParamWeapon	11	reinforcePrice	UNKNOWN
EquipParamWeapon	12	sellValue	UNKNOWN
EquipParamWeapon	13	correctStrength	UNKNOWN
EquipParamWeapon	14	correctAgility	UNKNOWN
EquipParamWeapon	15	correctMagic	UNKNOWN
EquipParamWeapon	16	correctFaith	UNKNOWN
EquipParamWeapon	17	physGuardCutRate	UNKNOWN
EquipParamWeapon	18	magGuardCutRate	UNKNOWN
EquipParamWeapon	19	fireGuardCutRate	UNKNOWN
EquipParamWeapon	20	thunGuardCutRate	UNKNOWN
EquipParamWeapon	21	spEffectBehaviorId0	UNKNOWN
EquipParamWeapon	22	spEffectBehaviorId1	UNKNOWN
EquipParamWeapon	23	spEffectBehaviorId2	UNKNOWN
EquipParamWeapon	24	residentSpEffectId	UNKNOWN
EquipParamWeapon	25	residentSpEffectId1	UNKNOWN
EquipParamWeapon	26	residentSpEffectId2	UNKNOWN
EquipParamWeapon	27	materialSetId	UNKNOWN
EquipParamWeapon	28	originEquipWep	UNKNOWN
EquipParamWeapon	29	originEquipWep1	UNKNOWN
EquipParamWeapon	30	originEquipWep2	UNKNOWN
EquipParamWeapon	31	originEquipWep3	UNKNOWN
EquipParamWeapon	32	originEquipWep4	UNKNOWN
EquipParamWeapon	33	originEquipWep5	UNKNOWN
EquipParamWeapon	34	originEquipWep6	UNKNOWN
EquipParamWeapon	35	originEquipWep7	UNKNOWN
EquipParamWeapon	36	originEquipWep8	UNKNOWN
EquipParamWeapon	37	originEquipWep9	UNKNOWN
EquipParamWeapon	38	originEquipWep10	UNKNOWN
EquipParamWeapon	39	originEquipWep11	UNKNOWN
EquipParamWeapon	40	originEquipWep12	UNKNOWN
EquipParamWeapon	41	originEquipWep13	UNKNOWN
EquipParamWeapon	42	originEquipWep14	UNKNOWN
EquipParamWeapon	43	originEquipWep15	UNKNOWN
EquipParamWeapon	44	weakA_DamageRate	UNKNOWN
EquipParamWeapon	45	weakB_DamageRate	UNKNOWN
EquipParamWeapon	46	weakC_DamageRate	UNKNOWN
EquipParamWeapon	47	weakD_DamageRate	UNKNOWN
EquipParamWeapon	48	sleepGuardResist_MaxCorrect	UNKNOWN
EquipParamWeapon	49	madnessGuardResist_MaxCorrect	UNKNOWN
EquipParamWeapon	50	saWeaponDamage	UNKNOWN
EquipParamWeapon	51	equipModelId	UNKNOWN
EquipParamWeapon	52	iconId	UNKNOWN
EquipParamWeapon	53	durability	UNKNOWN
EquipParamWeapon	54	durabilityMax	UNKNOWN
EquipParamWeapon	55	attackThrowEscape	UNKNOWN
EquipParamWeapon	56	parryDamageLife	UNKNOWN
EquipParamWeapon	57	attackBasePhysics	UNKNOWN
EquipParamWeapon	58	attackBaseMagic	UNKNOWN
EquipParamWeapon	59	attackBaseFire	UNKNOWN
EquipParamWeapon	60	attackBaseThunder	UNKNOWN
EquipParamWeapon	61	attackBaseStamina	UNKNOWN
EquipParamWeapon	62	guardAngle	UNKNOWN
EquipParamWeapon	63	saDurability	UNKNOWN
EquipParamWeapon	64	staminaGuardDef	UNKNOWN
EquipParamWeapon	65	reinforceTypeId	UNKNOWN
EquipParamWeapon	66	trophySGradeId	UNKNOWN
EquipParamWeapon	67	trophySeqId	UNKNOWN
EquipParamWeapon	68	throwAtkRate	UNKNOWN
EquipParamWeapon	69	bowDistRate	UNKNOWN
EquipParamWeapon	70	equipModelCategory	UNKNOWN
EquipParamWeapon	71	equipModelGender	UNKNOWN
EquipParamWeapon	72	weaponCategory	UNKNOWN
EquipParamWeapon	73	wepmotionCategory	UNKNOWN
EquipParamWeapon	74	guardmotionCategory	UNKNOWN
EquipParamWeapon	75	atkMaterial	UNKNOWN
EquipParamWeapon	76	defSeMaterial1	UNKNOWN
EquipParamWeapon	77	correctType_Physics	UNKNOWN
EquipParamWeapon	78	spAttribute	UNKNOWN
EquipParamWeapon	79	spAtkcategory	UNKNOWN
EquipParamWeapon	80	wepmotionOneHandId	UNKNOWN
EquipParamWeapon	81	wepmotionBothHandId	UNKNOWN
EquipParamWeapon	82	properStrength	UNKNOWN
EquipParamWeapon	83	properAgility	UNKNOWN
EquipParamWeapon	84	properMagic	UNKNOWN
EquipParamWeapon	85	properFaith	UNKNOWN
EquipParamWeapon	86	overStrength	UNKNOWN
EquipParamWeapon	87	attackBaseParry	UNKNOWN
EquipParamWeapon	88	defenseBaseParry	UNKNOWN
EquipParamWeapon	89	guardBaseRepel	UNKNOWN
EquipParamWeapon	90	attackBaseRepel	UNKNOWN
EquipParamWeapon	91	guardCutCancelRate	UNKNOWN
EquipParamWeapon	92	guardLevel	UNKNOWN
EquipParamWeapon	93	slashGuardCutRate	UNKNOWN
EquipParamWeapon	94	blowGuardCutRate	UNKNOWN
EquipParamWeapon	95	thrustGuardCutRate	UNKNOWN
EquipParamWeapon	96	poisonGuardResist	UNKNOWN
EquipParamWeapon	97	diseaseGuardResist	UNKNOWN
EquipParamWeapon	98	bloodGuardResist	UNKNOWN
EquipParamWeapon	99	curseGuardResist	UNKNOWN
EquipParamWeapon	100	atkAttribute	UNKNOWN
EquipParamWeapon	101	rightHandEquipable	UNKNOWN
EquipParamWeapon	102	leftHandEquipable	UNKNOWN
EquipParamWeapon	103	bothHandEquipable	UNKNOWN
EquipParamWeapon	104	arrowSlotEquipable	UNKNOWN
EquipParamWeapon	105	boltSlotEquipable	UNKNOWN
EquipParamWeapon	106	enableGuard	UNKNOWN
EquipParamWeapon	107	enableParry	UNKNOWN
EquipParamWeapon	108	enableMagic	UNKNOWN
EquipParamWeapon	109	enableSorcery	UNKNOWN
EquipParamWeapon	110	enableMiracle	UNKNOWN
EquipParamWeapon	111	enableVowMagic	UNKNOWN
EquipParamWeapon	112	isNormalAttackType	UNKNOWN
EquipParamWeapon	113	isBlowAttackType	UNKNOWN
EquipParamWeapon	114	isSlashAttackType	UNKNOWN
EquipParamWeapon	115	isThrustAttackType	UNKNOWN
EquipParamWeapon	116	isEnhance	UNKNOWN
EquipParamWeapon	117	isHeroPointCorrect	UNKNOWN
EquipParamWeapon	118	isCustom	UNKNOWN
EquipParamWeapon	119	disableBaseChangeReset	UNKNOWN
EquipParamWeapon	120	disableRepair	UNKNOWN
EquipParamWeapon	121	isDarkHand	UNKNOWN
EquipParamWeapon	122	simpleModelForDlc	UNKNOWN
EquipParamWeapon	123	lanternWep	UNKNOWN
EquipParamWeapon	124	isVersusGhostWep	UNKNOWN
EquipParamWeapon	125	baseChangeCategory	UNKNOWN
EquipParamWeapon	126	isDragonSlayer	UNKNOWN
EquipParamWeapon	127	isDeposit	UNKNOWN
EquipParamWeapon	128	disableMultiDropShare	UNKNOWN
EquipParamWeapon	129	isDiscard	UNKNOWN
EquipParamWeapon	130	isDrop	UNKNOWN
EquipParamWeapon	131	showLogCondType	UNKNOWN
EquipParamWeapon	132	enableThrow	UNKNOWN
EquipParamWeapon	133	showDialogCondType	UNKNOWN
EquipParamWeapon	134	disableGemAttr	UNKNOWN
EquipParamWeapon	135	defSfxMaterial1	UNKNOWN
EquipParamWeapon	136	wepCollidableType0	UNKNOWN
EquipParamWeapon	137	wepCollidableType1	UNKNOWN
EquipParamWeapon	138	postureControlId_Right	UNKNOWN
EquipParamWeapon	139	postureControlId_Left	UNKNOWN
EquipParamWeapon	140	traceSfxId0	UNKNOWN
EquipParamWeapon	141	traceDmyIdHead0	UNKNOWN
EquipParamWeapon	142	traceDmyIdTail0	UNKNOWN
EquipParamWeapon	143	traceSfxId1	UNKNOWN
EquipParamWeapon	144	traceDmyIdHead1	UNKNOWN
EquipParamWeapon	145	traceDmyIdTail1	UNKNOWN
EquipParamWeapon	146	traceSfxId2	UNKNOWN
EquipParamWeapon	147	traceDmyIdHead2	UNKNOWN
EquipParamWeapon	148	traceDmyIdTail2	UNKNOWN
EquipParamWeapon	149	traceSfxId3	UNKNOWN
EquipParamWeapon	150	traceDmyIdHead3	UNKNOWN
EquipParamWeapon	151	traceDmyIdTail3	UNKNOWN
EquipParamWeapon	152	traceSfxId4	UNKNOWN
EquipParamWeapon	153	traceDmyIdHead4	UNKNOWN
EquipParamWeapon	154	traceDmyIdTail4	UNKNOWN
EquipParamWeapon	155	traceSfxId5	UNKNOWN
EquipParamWeapon	156	traceDmyIdHead5	UNKNOWN
EquipParamWeapon	157	traceDmyIdTail5	UNKNOWN
EquipParamWeapon	158	traceSfxId6	UNKNOWN
EquipParamWeapon	159	traceDmyIdHead6	UNKNOWN
EquipParamWeapon	160	traceDmyIdTail6	UNKNOWN
EquipParamWeapon	161	traceSfxId7	UNKNOWN
EquipParamWeapon	162	traceDmyIdHead7	UNKNOWN
EquipParamWeapon	163	traceDmyIdTail7	UNKNOWN
EquipParamWeapon	164	defSfxMaterial2	UNKNOWN
EquipParamWeapon	165	defSeMaterial2	UNKNOWN
EquipParamWeapon	166	absorpParamId	UNKNOWN
EquipParamWeapon	167	toughnessCorrectRate	UNKNOWN
EquipParamWeapon	168	isValidTough_ProtSADmg	UNKNOWN
EquipParamWeapon	169	isDualBlade	UNKNOWN
EquipParamWeapon	170	isAutoEquip	UNKNOWN
EquipParamWeapon	171	isEnableEmergencyStep	UNKNOWN
EquipParamWeapon	172	invisibleOnRemo	UNKNOWN
EquipParamWeapon	173	unknown_0x17c_5	UNKNOWN
EquipParamWeapon	174	quickMatchReplenish	UNKNOWN
EquipParamWeapon	175	isWeaponCatalyst	UNKNOWN
EquipParamWeapon	176	correctType_Magic	UNKNOWN
EquipParamWeapon	177	correctType_Fire	UNKNOWN
EquipParamWeapon	178	correctType_Thunder	UNKNOWN
EquipParamWeapon	179	weakE_DamageRate	UNKNOWN
EquipParamWeapon	180	weakF_DamageRate	UNKNOWN
EquipParamWeapon	181	darkGuardCutRate	UNKNOWN
EquipParamWeapon	182	attackBaseDark	UNKNOWN
EquipParamWeapon	183	correctType_Dark	UNKNOWN
EquipParamWeapon	184	correctType_Poison	UNKNOWN
EquipParamWeapon	185	sortGroupId	UNKNOWN
EquipParamWeapon	186	atkAttribute2	UNKNOWN
EquipParamWeapon	187	sleepGuardResist	UNKNOWN
EquipParamWeapon	188	madnessGuardResist	UNKNOWN
EquipParamWeapon	189	correctType_Blood	UNKNOWN
EquipParamWeapon	190	properLuck	UNKNOWN
EquipParamWeapon	191	freezeGuardResist	UNKNOWN
EquipParamWeapon	192	autoReplenishType	UNKNOWN
EquipParamWeapon	193	swordArtsParamId	UNKNOWN
EquipParamWeapon	194	correctLuck	UNKNOWN
EquipParamWeapon	195	arrowBoltEquipId	UNKNOWN
EquipParamWeapon	196	DerivationLevelType	UNKNOWN
EquipParamWeapon	197	enchantSfxSize	UNKNOWN
EquipParamWeapon	198	wepType	UNKNOWN
EquipParamWeapon	199	physGuardCutRate_MaxCorrect	UNKNOWN
EquipParamWeapon	200	magGuardCutRate_MaxCorrect	UNKNOWN
EquipParamWeapon	201	fireGuardCutRate_MaxCorrect	UNKNOWN
EquipParamWeapon	202	thunGuardCutRate_MaxCorrect	UNKNOWN
EquipParamWeapon	203	darkGuardCutRate_MaxCorrect	UNKNOWN
EquipParamWeapon	204	poisonGuardResist_MaxCorrect	UNKNOWN
EquipParamWeapon	205	diseaseGuardResist_MaxCorrect	UNKNOWN
EquipParamWeapon	206	bloodGuardResist_MaxCorrect	UNKNOWN
EquipParamWeapon	207	curseGuardResist_MaxCorrect	UNKNOWN
EquipParamWeapon	208	freezeGuardResist_MaxCorrect	UNKNOWN
EquipParamWeapon	209	staminaGuardDef_MaxCorrect	UNKNOWN
EquipParamWeapon	210	residentSfxId_1	UNKNOWN
EquipParamWeapon	211	residentSfxId_2	UNKNOWN
EquipParamWeapon	212	residentSfxId_3	UNKNOWN
EquipParamWeapon	213	residentSfxId_4	UNKNOWN
EquipParamWeapon	214	residentSfx_DmyId_1	UNKNOWN
EquipParamWeapon	215	residentSfx_DmyId_2	UNKNOWN
EquipParamWeapon	216	residentSfx_DmyId_3	UNKNOWN
EquipParamWeapon	217	residentSfx_DmyId_4	UNKNOWN
EquipParamWeapon	218	staminaConsumptionRate	UNKNOWN
EquipParamWeapon	219	vsPlayerDmgCorrectRate_Physics	UNKNOWN
EquipParamWeapon	220	vsPlayerDmgCorrectRate_Magic	UNKNOWN
EquipParamWeapon	221	vsPlayerDmgCorrectRate_Fire	UNKNOWN
EquipParamWeapon	222	vsPlayerDmgCorrectRate_Thunder	UNKNOWN
EquipParamWeapon	223	vsPlayerDmgCorrectRate_Dark	UNKNOWN
EquipParamWeapon	224	vsPlayerDmgCorrectRate_Poison	UNKNOWN
EquipParamWeapon	225	vsPlayerDmgCorrectRate_Blood	UNKNOWN
EquipParamWeapon	226	vsPlayerDmgCorrectRate_Freeze	UNKNOWN
EquipParamWeapon	227	attainmentWepStatusStr	UNKNOWN
EquipParamWeapon	228	attainmentWepStatusDex	UNKNOWN
EquipParamWeapon	229	attainmentWepStatusMag	UNKNOWN
EquipParamWeapon	230	attainmentWepStatusFai	UNKNOWN
EquipParamWeapon	231	attainmentWepStatusLuc	UNKNOWN
EquipParamWeapon	232	attackElementCorrectId	UNKNOWN
EquipParamWeapon	233	saleValue	UNKNOWN
EquipParamWeapon	234	reinforceShopCategory	UNKNOWN
EquipParamWeapon	235	maxArrowQuantity	UNKNOWN
EquipParamWeapon	236	residentSfx_1_IsVisibleForHang	UNKNOWN
EquipParamWeapon	237	residentSfx_2_IsVisibleForHang	UNKNOWN
EquipParamWeapon	238	residentSfx_3_IsVisibleForHang	UNKNOWN
EquipParamWeapon	239	residentSfx_4_IsVisibleForHang	UNKNOWN
EquipParamWeapon	240	isSoulParamIdChange_model0	UNKNOWN
EquipParamWeapon	241	isSoulParamIdChange_model1	UNKNOWN
EquipParamWeapon	242	isSoulParamIdChange_model2	UNKNOWN
EquipParamWeapon	243	isSoulParamIdChange_model3	UNKNOWN
EquipParamWeapon	244	wepSeIdOffset	UNKNOWN
EquipParamWeapon	245	baseChangePrice	UNKNOWN
EquipParamWeapon	246	levelSyncCorrectId	UNKNOWN
EquipParamWeapon	247	correctType_Sleep	UNKNOWN
EquipParamWeapon	248	correctType_Madness	UNKNOWN
EquipParamWeapon	249	rarity	UNKNOWN
EquipParamWeapon	250	gemMountType	UNKNOWN
EquipParamWeapon	251	wepRegainHp	UNKNOWN
EquipParamWeapon	252	spEffectMsgId0	UNKNOWN
EquipParamWeapon	253	spEffectMsgId1	UNKNOWN
EquipParamWeapon	254	spEffectMsgId2	UNKNOWN
EquipParamWeapon	255	originEquipWep16	UNKNOWN
EquipParamWeapon	256	originEquipWep17	UNKNOWN
EquipParamWeapon	257	originEquipWep18	UNKNOWN
EquipParamWeapon	258	originEquipWep19	UNKNOWN
EquipParamWeapon	259	originEquipWep20	UNKNOWN
EquipParamWeapon	260	originEquipWep21	UNKNOWN
EquipParamWeapon	261	originEquipWep22	UNKNOWN
EquipParamWeapon	262	originEquipWep23	UNKNOWN
EquipParamWeapon	263	originEquipWep24	UNKNOWN
EquipParamWeapon	264	originEquipWep25	UNKNOWN
EquipParamWeapon	265	vsPlayerDmgCorrectRate_Sleep	UNKNOWN
EquipParamWeapon	266	vsPlayerDmgCorrectRate_Madness	UNKNOWN
EquipParamWeapon	267	saGuardCutRate	UNKNOWN
EquipParamWeapon	268	defMaterialVariationValue	UNKNOWN
EquipParamWeapon	269	spAttributeVariationValue	UNKNOWN
EquipParamWeapon	270	stealthAtkRate	UNKNOWN
EquipParamWeapon	271	vsPlayerDmgCorrectRate_Disease	UNKNOWN
EquipParamWeapon	272	vsPlayerDmgCorrectRate_Curse	UNKNOWN
EquipParamWeapon	273	restrictSpecialSwordArt	UNKNOWN
EquipParamWeapon	274	pad	UNKNOWN
EquipParamWeapon	275		UNKNOWN
FaceParam	0	ID	UNKNOWN
FaceParam	1	Name	UNKNOWN
FaceParam	2	face_partsId	UNKNOWN
FaceParam	3	skin_color_R	UNKNOWN
FaceParam	4	skin_color_G	UNKNOWN
FaceParam	5	skin_color_B	UNKNOWN
FaceParam	6	skin_gloss	UNKNOWN
FaceParam	7	skin_pores	UNKNOWN
FaceParam	8	face_beard	UNKNOWN
FaceParam	9	face_aroundEye	UNKNOWN
FaceParam	10	face_aroundEyeColor_R	UNKNOWN
FaceParam	11	face_aroundEyeColor_G	UNKNOWN
FaceParam	12	face_aroundEyeColor_B	UNKNOWN
FaceParam	13	face_cheek	UNKNOWN
FaceParam	14	face_cheekColor_R	UNKNOWN
FaceParam	15	face_cheekColor_G	UNKNOWN
FaceParam	16	face_cheekColor_B	UNKNOWN
FaceParam	17	face_eyeLine	UNKNOWN
FaceParam	18	face_eyeLineColor_R	UNKNOWN
FaceParam	19	face_eyeLineColor_G	UNKNOWN
FaceParam	20	face_eyeLineColor_B	UNKNOWN
FaceParam	21	face_eyeShadowDown	UNKNOWN
FaceParam	22	face_eyeShadowDownColor_R	UNKNOWN
FaceParam	23	face_eyeShadowDownColor_G	UNKNOWN
FaceParam	24	face_eyeShadowDownColor_B	UNKNOWN
FaceParam	25	face_eyeShadowUp	UNKNOWN
FaceParam	26	face_eyeShadowUpColor_R	UNKNOWN
FaceParam	27	face_eyeShadowUpColor_G	UNKNOWN
FaceParam	28	face_eyeShadowUpColor_B	UNKNOWN
FaceParam	29	face_lip	UNKNOWN
FaceParam	30	face_lipColor_R	UNKNOWN
FaceParam	31	face_lipColor_G	UNKNOWN
FaceParam	32	face_lipColor_B	UNKNOWN
FaceParam	33	body_hair	UNKNOWN
FaceParam	34	body_hairColor_R	UNKNOWN
FaceParam	35	body_hairColor_G	UNKNOWN
FaceParam	36	body_hairColor_B	UNKNOWN
FaceParam	37	eye_partsId	UNKNOWN
FaceParam	38	eyeR_irisColor_R	UNKNOWN
FaceParam	39	eyeR_irisColor_G	UNKNOWN
FaceParam	40	eyeR_irisColor_B	UNKNOWN
FaceParam	41	eyeR_irisScale	UNKNOWN
FaceParam	42	eyeR_cataract	UNKNOWN
FaceParam	43	eyeR_cataractColor_R	UNKNOWN
FaceParam	44	eyeR_cataractColor_G	UNKNOWN
FaceParam	45	eyeR_cataractColor_B	UNKNOWN
FaceParam	46	eyeR_scleraColor_R	UNKNOWN
FaceParam	47	eyeR_scleraColor_G	UNKNOWN
FaceParam	48	eyeR_scleraColor_B	UNKNOWN
FaceParam	49	eyeR_irisDistance	UNKNOWN
FaceParam	50	eyeL_irisColor_R	UNKNOWN
FaceParam	51	eyeL_irisColor_G	UNKNOWN
FaceParam	52	eyeL_irisColor_B	UNKNOWN
FaceParam	53	eyeL_irisScale	UNKNOWN
FaceParam	54	eyeL_cataract	UNKNOWN
FaceParam	55	eyeL_cataractColor_R	UNKNOWN
FaceParam	56	eyeL_cataractColor_G	UNKNOWN
FaceParam	57	eyeL_cataractColor_B	UNKNOWN
FaceParam	58	eyeL_scleraColor_R	UNKNOWN
FaceParam	59	eyeL_scleraColor_G	UNKNOWN
FaceParam	60	eyeL_scleraColor_B	UNKNOWN
FaceParam	61	eyeL_irisDistance	UNKNOWN
FaceParam	62	hair_partsId	UNKNOWN
FaceParam	63	hair_color_R	UNKNOWN
FaceParam	64	hair_color_G	UNKNOWN
FaceParam	65	hair_color_B	UNKNOWN
FaceParam	66	hair_shininess	UNKNOWN
FaceParam	67	hair_rootBlack	UNKNOWN
FaceParam	68	hair_whiteDensity	UNKNOWN
FaceParam	69	beard_partsId	UNKNOWN
FaceParam	70	beard_color_R	UNKNOWN
FaceParam	71	beard_color_G	UNKNOWN
FaceParam	72	beard_color_B	UNKNOWN
FaceParam	73	beard_shininess	UNKNOWN
FaceParam	74	beard_rootBlack	UNKNOWN
FaceParam	75	beard_whiteDensity	UNKNOWN
FaceParam	76	eyebrow_partsId	UNKNOWN
FaceParam	77	eyebrow_color_R	UNKNOWN
FaceParam	78	eyebrow_color_G	UNKNOWN
FaceParam	79	eyebrow_color_B	UNKNOWN
FaceParam	80	eyebrow_shininess	UNKNOWN
FaceParam	81	eyebrow_rootBlack	UNKNOWN
FaceParam	82	eyebrow_whiteDensity	UNKNOWN
FaceParam	83	eyelash_partsId	UNKNOWN
FaceParam	84	eyelash_color_R	UNKNOWN
FaceParam	85	eyelash_color_G	UNKNOWN
FaceParam	86	eyelash_color_B	UNKNOWN
FaceParam	87	accessories_partsId	UNKNOWN
FaceParam	88	accessories_color_R	UNKNOWN
FaceParam	89	accessories_color_G	UNKNOWN
FaceParam	90	accessories_color_B	UNKNOWN
FaceParam	91	decal_partsId	UNKNOWN
FaceParam	92	decal_posX	UNKNOWN
FaceParam	93	decal_posY	UNKNOWN
FaceParam	94	decal_angle	UNKNOWN
FaceParam	95	decal_scale	UNKNOWN
FaceParam	96	decal_color_R	UNKNOWN
FaceParam	97	decal_color_G	UNKNOWN
FaceParam	98	decal_color_B	UNKNOWN
FaceParam	99	decal_gloss	UNKNOWN
FaceParam	100	decal_mirror	UNKNOWN
FaceParam	101	chrBodyScaleHead	UNKNOWN
FaceParam	102	chrBodyScaleBreast	UNKNOWN
FaceParam	103	chrBodyScaleAbdomen	UNKNOWN
FaceParam	104	chrBodyScaleRArm	UNKNOWN
FaceParam	105	chrBodyScaleRLeg	UNKNOWN
FaceParam	106	chrBodyScaleLArm	UNKNOWN
FaceParam	107	chrBodyScaleLLeg	UNKNOWN
FaceParam	108	burn_scar	UNKNOWN
FaceParam	109	override_eye_partsId	UNKNOWN
FaceParam	110	override_eye_irisColor	UNKNOWN
FaceParam	111	override_eye_cataract	UNKNOWN
FaceParam	112	override_eye_cataractColor	UNKNOWN
FaceParam	113	override_eye_scleraColor	UNKNOWN
FaceParam	114	override_burn_scar	UNKNOWN
FaceParam	115	pad2	UNKNOWN
FaceParam	116	pad	UNKNOWN
FaceParam	117	age	UNKNOWN
FaceParam	118	gender	UNKNOWN
FaceParam	119	caricatureGeometry	UNKNOWN
FaceParam	120	caricatureTexture	UNKNOWN
FaceParam	121	faceGeoData00	UNKNOWN
FaceParam	122	faceGeoData01	UNKNOWN
FaceParam	123	faceGeoData02	UNKNOWN
FaceParam	124	faceGeoData03	UNKNOWN
FaceParam	125	faceGeoData04	UNKNOWN
FaceParam	126	faceGeoData05	UNKNOWN
FaceParam	127	faceGeoData06	UNKNOWN
FaceParam	128	faceGeoData07	UNKNOWN
FaceParam	129	faceGeoData08	UNKNOWN
FaceParam	130	faceGeoData09	UNKNOWN
FaceParam	131	faceGeoData10	UNKNOWN
FaceParam	132	faceGeoData11	UNKNOWN
FaceParam	133	faceGeoData12	UNKNOWN
FaceParam	134	faceGeoData13	UNKNOWN
FaceParam	135	faceGeoData14	UNKNOWN
FaceParam	136	faceGeoData15	UNKNOWN
FaceParam	137	faceGeoData16	UNKNOWN
FaceParam	138	faceGeoData17	UNKNOWN
FaceParam	139	faceGeoData18	UNKNOWN
FaceParam	140	faceGeoData19	UNKNOWN
FaceParam	141	faceGeoData20	UNKNOWN
FaceParam	142	faceGeoData21	UNKNOWN
FaceParam	143	faceGeoData22	UNKNOWN
FaceParam	144	faceGeoData23	UNKNOWN
FaceParam	145	faceGeoData24	UNKNOWN
FaceParam	146	faceGeoData25	UNKNOWN
FaceParam	147	faceGeoData26	UNKNOWN
FaceParam	148	faceGeoData27	UNKNOWN
FaceParam	149	faceGeoData28	UNKNOWN
FaceParam	150	faceGeoData29	UNKNOWN
FaceParam	151	faceGeoData30	UNKNOWN
FaceParam	152	faceGeoData31	UNKNOWN
FaceParam	153	faceGeoData32	UNKNOWN
FaceParam	154	faceGeoData33	UNKNOWN
FaceParam	155	faceGeoData34	UNKNOWN
FaceParam	156	faceGeoData35	UNKNOWN
FaceParam	157	faceGeoData36	UNKNOWN
FaceParam	158	faceGeoData37	UNKNOWN
FaceParam	159	faceGeoData38	UNKNOWN
FaceParam	160	faceGeoData39	UNKNOWN
FaceParam	161	faceGeoData40	UNKNOWN
FaceParam	162	faceGeoData41	UNKNOWN
FaceParam	163	faceGeoData42	UNKNOWN
FaceParam	164	faceGeoData43	UNKNOWN
FaceParam	165	faceGeoData44	UNKNOWN
FaceParam	166	faceGeoData45	UNKNOWN
FaceParam	167	faceGeoData46	UNKNOWN
FaceParam	168	faceGeoData47	UNKNOWN
FaceParam	169	faceGeoData48	UNKNOWN
FaceParam	170	faceGeoData49	UNKNOWN
FaceParam	171	faceGeoData50	UNKNOWN
FaceParam	172	faceGeoData51	UNKNOWN
FaceParam	173	faceGeoData52	UNKNOWN
FaceParam	174	faceGeoData53	UNKNOWN
FaceParam	175	faceGeoData54	UNKNOWN
FaceParam	176	faceGeoData55	UNKNOWN
FaceParam	177	faceGeoData56	UNKNOWN
FaceParam	178	faceGeoData57	UNKNOWN
FaceParam	179	faceGeoData58	UNKNOWN
FaceParam	180	faceGeoData59	UNKNOWN
FaceParam	181	faceGeoData60	UNKNOWN
FaceParam	182	faceTexData00	UNKNOWN
FaceParam	183	faceTexData01	UNKNOWN
FaceParam	184	faceTexData02	UNKNOWN
FaceParam	185	faceTexData03	UNKNOWN
FaceParam	186	faceTexData04	UNKNOWN
FaceParam	187	faceTexData05	UNKNOWN
FaceParam	188	faceTexData06	UNKNOWN
FaceParam	189	faceTexData07	UNKNOWN
FaceParam	190	faceTexData08	UNKNOWN
FaceParam	191	faceTexData09	UNKNOWN
FaceParam	192	faceTexData10	UNKNOWN
FaceParam	193	faceTexData11	UNKNOWN
FaceParam	194	faceTexData12	UNKNOWN
FaceParam	195	faceTexData13	UNKNOWN
FaceParam	196	faceTexData14	UNKNOWN
FaceParam	197	faceTexData15	UNKNOWN
FaceParam	198	faceTexData16	UNKNOWN
FaceParam	199	faceTexData17	UNKNOWN
FaceParam	200	faceTexData18	UNKNOWN
FaceParam	201	faceTexData19	UNKNOWN
FaceParam	202	faceTexData20	UNKNOWN
FaceParam	203	faceTexData21	UNKNOWN
FaceParam	204	faceTexData22	UNKNOWN
FaceParam	205	faceTexData23	UNKNOWN
FaceParam	206	faceTexData24	UNKNOWN
FaceParam	207	faceTexData25	UNKNOWN
FaceParam	208	faceTexData26	UNKNOWN
FaceParam	209	faceTexData27	UNKNOWN
FaceParam	210	faceTexData28	UNKNOWN
FaceParam	211	faceTexData29	UNKNOWN
FaceParam	212	faceTexData30	UNKNOWN
FaceParam	213	faceTexData31	UNKNOWN
FaceParam	214	faceTexData32	UNKNOWN
FaceParam	215	faceTexData33	UNKNOWN
FaceParam	216	faceTexData34	UNKNOWN
FaceParam	217	faceTexData35	UNKNOWN
FaceParam	218	faceGeoAsymData00	UNKNOWN
FaceParam	219	faceGeoAsymData01	UNKNOWN
FaceParam	220	faceGeoAsymData02	UNKNOWN
FaceParam	221	faceGeoAsymData03	UNKNOWN
FaceParam	222	faceGeoAsymData04	UNKNOWN
FaceParam	223	faceGeoAsymData05	UNKNOWN
FaceParam	224	faceGeoAsymData06	UNKNOWN
FaceParam	225	faceGeoAsymData07	UNKNOWN
FaceParam	226	faceGeoAsymData08	UNKNOWN
FaceParam	227	faceGeoAsymData09	UNKNOWN
FaceParam	228	faceGeoAsymData10	UNKNOWN
FaceParam	229	faceGeoAsymData11	UNKNOWN
FaceParam	230	faceGeoAsymData12	UNKNOWN
FaceParam	231	faceGeoAsymData13	UNKNOWN
FaceParam	232	faceGeoAsymData14	UNKNOWN
FaceParam	233	faceGeoAsymData15	UNKNOWN
FaceParam	234	faceGeoAsymData16	UNKNOWN
FaceParam	235	faceGeoAsymData17	UNKNOWN
FaceParam	236	faceGeoAsymData18	UNKNOWN
FaceParam	237	faceGeoAsymData19	UNKNOWN
FaceParam	238	faceGeoAsymData20	UNKNOWN
FaceParam	239	faceGeoAsymData21	UNKNOWN
FaceParam	240	faceGeoAsymData22	UNKNOWN
FaceParam	241	faceGeoAsymData23	UNKNOWN
FaceParam	242	faceGeoAsymData24	UNKNOWN
FaceParam	243	faceGeoAsymData25	UNKNOWN
FaceParam	244		UNKNOWN
FaceRangeParam	0	ID	UNKNOWN
FaceRangeParam	1	Name	UNKNOWN
FaceRangeParam	2	face_partsId	UNKNOWN
FaceRangeParam	3	skin_color_R	UNKNOWN
FaceRangeParam	4	skin_color_G	UNKNOWN
FaceRangeParam	5	skin_color_B	UNKNOWN
FaceRangeParam	6	skin_gloss	UNKNOWN
FaceRangeParam	7	skin_pores	UNKNOWN
FaceRangeParam	8	face_beard	UNKNOWN
FaceRangeParam	9	face_aroundEye	UNKNOWN
FaceRangeParam	10	face_aroundEyeColor_R	UNKNOWN
FaceRangeParam	11	face_aroundEyeColor_G	UNKNOWN
FaceRangeParam	12	face_aroundEyeColor_B	UNKNOWN
FaceRangeParam	13	face_cheek	UNKNOWN
FaceRangeParam	14	face_cheekColor_R	UNKNOWN
FaceRangeParam	15	face_cheekColor_G	UNKNOWN
FaceRangeParam	16	face_cheekColor_B	UNKNOWN
FaceRangeParam	17	face_eyeLine	UNKNOWN
FaceRangeParam	18	face_eyeLineColor_R	UNKNOWN
FaceRangeParam	19	face_eyeLineColor_G	UNKNOWN
FaceRangeParam	20	face_eyeLineColor_B	UNKNOWN
FaceRangeParam	21	face_eyeShadowDown	UNKNOWN
FaceRangeParam	22	face_eyeShadowDownColor_R	UNKNOWN
FaceRangeParam	23	face_eyeShadowDownColor_G	UNKNOWN
FaceRangeParam	24	face_eyeShadowDownColor_B	UNKNOWN
FaceRangeParam	25	face_eyeShadowUp	UNKNOWN
FaceRangeParam	26	face_eyeShadowUpColor_R	UNKNOWN
FaceRangeParam	27	face_eyeShadowUpColor_G	UNKNOWN
FaceRangeParam	28	face_eyeShadowUpColor_B	UNKNOWN
FaceRangeParam	29	face_lip	UNKNOWN
FaceRangeParam	30	face_lipColor_R	UNKNOWN
FaceRangeParam	31	face_lipColor_G	UNKNOWN
FaceRangeParam	32	face_lipColor_B	UNKNOWN
FaceRangeParam	33	body_hair	UNKNOWN
FaceRangeParam	34	body_hairColor_R	UNKNOWN
FaceRangeParam	35	body_hairColor_G	UNKNOWN
FaceRangeParam	36	body_hairColor_B	UNKNOWN
FaceRangeParam	37	eye_partsId	UNKNOWN
FaceRangeParam	38	eyeR_irisColor_R	UNKNOWN
FaceRangeParam	39	eyeR_irisColor_G	UNKNOWN
FaceRangeParam	40	eyeR_irisColor_B	UNKNOWN
FaceRangeParam	41	eyeR_irisScale	UNKNOWN
FaceRangeParam	42	eyeR_cataract	UNKNOWN
FaceRangeParam	43	eyeR_cataractColor_R	UNKNOWN
FaceRangeParam	44	eyeR_cataractColor_G	UNKNOWN
FaceRangeParam	45	eyeR_cataractColor_B	UNKNOWN
FaceRangeParam	46	eyeR_scleraColor_R	UNKNOWN
FaceRangeParam	47	eyeR_scleraColor_G	UNKNOWN
FaceRangeParam	48	eyeR_scleraColor_B	UNKNOWN
FaceRangeParam	49	eyeR_irisDistance	UNKNOWN
FaceRangeParam	50	eyeL_irisColor_R	UNKNOWN
FaceRangeParam	51	eyeL_irisColor_G	UNKNOWN
FaceRangeParam	52	eyeL_irisColor_B	UNKNOWN
FaceRangeParam	53	eyeL_irisScale	UNKNOWN
FaceRangeParam	54	eyeL_cataract	UNKNOWN
FaceRangeParam	55	eyeL_cataractColor_R	UNKNOWN
FaceRangeParam	56	eyeL_cataractColor_G	UNKNOWN
FaceRangeParam	57	eyeL_cataractColor_B	UNKNOWN
FaceRangeParam	58	eyeL_scleraColor_R	UNKNOWN
FaceRangeParam	59	eyeL_scleraColor_G	UNKNOWN
FaceRangeParam	60	eyeL_scleraColor_B	UNKNOWN
FaceRangeParam	61	eyeL_irisDistance	UNKNOWN
FaceRangeParam	62	hair_partsId	UNKNOWN
FaceRangeParam	63	hair_color_R	UNKNOWN
FaceRangeParam	64	hair_color_G	UNKNOWN
FaceRangeParam	65	hair_color_B	UNKNOWN
FaceRangeParam	66	hair_shininess	UNKNOWN
FaceRangeParam	67	hair_rootBlack	UNKNOWN
FaceRangeParam	68	hair_whiteDensity	UNKNOWN
FaceRangeParam	69	beard_partsId	UNKNOWN
FaceRangeParam	70	beard_color_R	UNKNOWN
FaceRangeParam	71	beard_color_G	UNKNOWN
FaceRangeParam	72	beard_color_B	UNKNOWN
FaceRangeParam	73	beard_shininess	UNKNOWN
FaceRangeParam	74	beard_rootBlack	UNKNOWN
FaceRangeParam	75	beard_whiteDensity	UNKNOWN
FaceRangeParam	76	eyebrow_partsId	UNKNOWN
FaceRangeParam	77	eyebrow_color_R	UNKNOWN
FaceRangeParam	78	eyebrow_color_G	UNKNOWN
FaceRangeParam	79	eyebrow_color_B	UNKNOWN
FaceRangeParam	80	eyebrow_shininess	UNKNOWN
FaceRangeParam	81	eyebrow_rootBlack	UNKNOWN
FaceRangeParam	82	eyebrow_whiteDensity	UNKNOWN
FaceRangeParam	83	eyelash_partsId	UNKNOWN
FaceRangeParam	84	eyelash_color_R	UNKNOWN
FaceRangeParam	85	eyelash_color_G	UNKNOWN
FaceRangeParam	86	eyelash_color_B	UNKNOWN
FaceRangeParam	87	accessories_partsId	UNKNOWN
FaceRangeParam	88	accessories_color_R	UNKNOWN
FaceRangeParam	89	accessories_color_G	UNKNOWN
FaceRangeParam	90	accessories_color_B	UNKNOWN
FaceRangeParam	91	decal_partsId	UNKNOWN
FaceRangeParam	92	decal_posX	UNKNOWN
FaceRangeParam	93	decal_posY	UNKNOWN
FaceRangeParam	94	decal_angle	UNKNOWN
FaceRangeParam	95	decal_scale	UNKNOWN
FaceRangeParam	96	decal_color_R	UNKNOWN
FaceRangeParam	97	decal_color_G	UNKNOWN
FaceRangeParam	98	decal_color_B	UNKNOWN
FaceRangeParam	99	decal_gloss	UNKNOWN
FaceRangeParam	100	decal_mirror	UNKNOWN
FaceRangeParam	101	chrBodyScaleHead	UNKNOWN
FaceRangeParam	102	chrBodyScaleBreast	UNKNOWN
FaceRangeParam	103	chrBodyScaleAbdomen	UNKNOWN
FaceRangeParam	104	chrBodyScaleArm	UNKNOWN
FaceRangeParam	105	chrBodyScaleLeg	UNKNOWN
FaceRangeParam	106	age	UNKNOWN
FaceRangeParam	107	gender	UNKNOWN
FaceRangeParam	108	caricatureGeometry	UNKNOWN
FaceRangeParam	109	caricatureTexture	UNKNOWN
FaceRangeParam	110	faceGeoData00	UNKNOWN
FaceRangeParam	111	faceGeoData01	UNKNOWN
FaceRangeParam	112	faceGeoData02	UNKNOWN
FaceRangeParam	113	faceGeoData03	UNKNOWN
FaceRangeParam	114	faceGeoData04	UNKNOWN
FaceRangeParam	115	faceGeoData05	UNKNOWN
FaceRangeParam	116	faceGeoData06	UNKNOWN
FaceRangeParam	117	faceGeoData07	UNKNOWN
FaceRangeParam	118	faceGeoData08	UNKNOWN
FaceRangeParam	119	faceGeoData09	UNKNOWN
FaceRangeParam	120	faceGeoData10	UNKNOWN
FaceRangeParam	121	faceGeoData11	UNKNOWN
FaceRangeParam	122	faceGeoData12	UNKNOWN
FaceRangeParam	123	faceGeoData13	UNKNOWN
FaceRangeParam	124	faceGeoData14	UNKNOWN
FaceRangeParam	125	faceGeoData15	UNKNOWN
FaceRangeParam	126	faceGeoData16	UNKNOWN
FaceRangeParam	127	faceGeoData17	UNKNOWN
FaceRangeParam	128	faceGeoData18	UNKNOWN
FaceRangeParam	129	faceGeoData19	UNKNOWN
FaceRangeParam	130	faceGeoData20	UNKNOWN
FaceRangeParam	131	faceGeoData21	UNKNOWN
FaceRangeParam	132	faceGeoData22	UNKNOWN
FaceRangeParam	133	faceGeoData23	UNKNOWN
FaceRangeParam	134	faceGeoData24	UNKNOWN
FaceRangeParam	135	faceGeoData25	UNKNOWN
FaceRangeParam	136	faceGeoData26	UNKNOWN
FaceRangeParam	137	faceGeoData27	UNKNOWN
FaceRangeParam	138	faceGeoData28	UNKNOWN
FaceRangeParam	139	faceGeoData29	UNKNOWN
FaceRangeParam	140	faceGeoData30	UNKNOWN
FaceRangeParam	141	faceGeoData31	UNKNOWN
FaceRangeParam	142	faceGeoData32	UNKNOWN
FaceRangeParam	143	faceGeoData33	UNKNOWN
FaceRangeParam	144	faceGeoData34	UNKNOWN
FaceRangeParam	145	faceGeoData35	UNKNOWN
FaceRangeParam	146	faceGeoData36	UNKNOWN
FaceRangeParam	147	faceGeoData37	UNKNOWN
FaceRangeParam	148	faceGeoData38	UNKNOWN
FaceRangeParam	149	faceGeoData39	UNKNOWN
FaceRangeParam	150	faceGeoData40	UNKNOWN
FaceRangeParam	151	faceGeoData41	UNKNOWN
FaceRangeParam	152	faceGeoData42	UNKNOWN
FaceRangeParam	153	faceGeoData43	UNKNOWN
FaceRangeParam	154	faceGeoData44	UNKNOWN
FaceRangeParam	155	faceGeoData45	UNKNOWN
FaceRangeParam	156	faceGeoData46	UNKNOWN
FaceRangeParam	157	faceGeoData47	UNKNOWN
FaceRangeParam	158	faceGeoData48	UNKNOWN
FaceRangeParam	159	faceGeoData49	UNKNOWN
FaceRangeParam	160	faceGeoData50	UNKNOWN
FaceRangeParam	161	faceGeoData51	UNKNOWN
FaceRangeParam	162	faceGeoData52	UNKNOWN
FaceRangeParam	163	faceGeoData53	UNKNOWN
FaceRangeParam	164	faceGeoData54	UNKNOWN
FaceRangeParam	165	faceGeoData55	UNKNOWN
FaceRangeParam	166	faceGeoData56	UNKNOWN
FaceRangeParam	167	faceGeoData57	UNKNOWN
FaceRangeParam	168	faceGeoData58	UNKNOWN
FaceRangeParam	169	faceGeoData59	UNKNOWN
FaceRangeParam	170	faceGeoData60	UNKNOWN
FaceRangeParam	171	faceTexData00	UNKNOWN
FaceRangeParam	172	faceTexData01	UNKNOWN
FaceRangeParam	173	faceTexData02	UNKNOWN
FaceRangeParam	174	faceTexData03	UNKNOWN
FaceRangeParam	175	faceTexData04	UNKNOWN
FaceRangeParam	176	faceTexData05	UNKNOWN
FaceRangeParam	177	faceTexData06	UNKNOWN
FaceRangeParam	178	faceTexData07	UNKNOWN
FaceRangeParam	179	faceTexData08	UNKNOWN
FaceRangeParam	180	faceTexData09	UNKNOWN
FaceRangeParam	181	faceTexData10	UNKNOWN
FaceRangeParam	182	faceTexData11	UNKNOWN
FaceRangeParam	183	faceTexData12	UNKNOWN
FaceRangeParam	184	faceTexData13	UNKNOWN
FaceRangeParam	185	faceTexData14	UNKNOWN
FaceRangeParam	186	faceTexData15	UNKNOWN
FaceRangeParam	187	faceTexData16	UNKNOWN
FaceRangeParam	188	faceTexData17	UNKNOWN
FaceRangeParam	189	faceTexData18	UNKNOWN
FaceRangeParam	190	faceTexData19	UNKNOWN
FaceRangeParam	191	faceTexData20	UNKNOWN
FaceRangeParam	192	faceTexData21	UNKNOWN
FaceRangeParam	193	faceTexData22	UNKNOWN
FaceRangeParam	194	faceTexData23	UNKNOWN
FaceRangeParam	195	faceTexData24	UNKNOWN
FaceRangeParam	196	faceTexData25	UNKNOWN
FaceRangeParam	197	faceTexData26	UNKNOWN
FaceRangeParam	198	faceTexData27	UNKNOWN
FaceRangeParam	199	faceTexData28	UNKNOWN
FaceRangeParam	200	faceTexData29	UNKNOWN
FaceRangeParam	201	faceTexData30	UNKNOWN
FaceRangeParam	202	faceTexData31	UNKNOWN
FaceRangeParam	203	faceTexData32	UNKNOWN
FaceRangeParam	204	faceTexData33	UNKNOWN
FaceRangeParam	205	faceTexData34	UNKNOWN
FaceRangeParam	206	faceTexData35	UNKNOWN
FaceRangeParam	207	burn_scar	UNKNOWN
FaceRangeParam	208		UNKNOWN
FeTextEffectParam	0	ID	UNKNOWN
FeTextEffectParam	1	Name	UNKNOWN
FeTextEffectParam	2	resId	UNKNOWN
FeTextEffectParam	3	pad1	UNKNOWN
FeTextEffectParam	4	textId	UNKNOWN
FeTextEffectParam	5	seId	UNKNOWN
FeTextEffectParam	6	canMixMapName	UNKNOWN
FeTextEffectParam	7	pad3	UNKNOWN
FeTextEffectParam	8	pad2	UNKNOWN
FeTextEffectParam	9		UNKNOWN
FinalDamageRateParam	0	ID	UNKNOWN
FinalDamageRateParam	1	Name	UNKNOWN
FinalDamageRateParam	2	physRate	UNKNOWN
FinalDamageRateParam	3	magRate	UNKNOWN
FinalDamageRateParam	4	fireRate	UNKNOWN
FinalDamageRateParam	5	thunRate	UNKNOWN
FinalDamageRateParam	6	darkRate	UNKNOWN
FinalDamageRateParam	7	staminaRate	UNKNOWN
FinalDamageRateParam	8	saRate	UNKNOWN
FinalDamageRateParam	9		UNKNOWN
FootSfxParam	0	ID	UNKNOWN
FootSfxParam	1	Name	UNKNOWN
FootSfxParam	2	sfxId_00	UNKNOWN
FootSfxParam	3	sfxId_01	UNKNOWN
FootSfxParam	4	sfxId_02	UNKNOWN
FootSfxParam	5	sfxId_03	UNKNOWN
FootSfxParam	6	sfxId_04	UNKNOWN
FootSfxParam	7	sfxId_05	UNKNOWN
FootSfxParam	8	sfxId_06	UNKNOWN
FootSfxParam	9	sfxId_07	UNKNOWN
FootSfxParam	10	sfxId_08	UNKNOWN
FootSfxParam	11	sfxId_09	UNKNOWN
FootSfxParam	12	sfxId_10	UNKNOWN
FootSfxParam	13	sfxId_11	UNKNOWN
FootSfxParam	14	sfxId_12	UNKNOWN
FootSfxParam	15	sfxId_13	UNKNOWN
FootSfxParam	16	sfxId_14	UNKNOWN
FootSfxParam	17	sfxId_15	UNKNOWN
FootSfxParam	18	sfxId_16	UNKNOWN
FootSfxParam	19	sfxId_17	UNKNOWN
FootSfxParam	20	sfxId_18	UNKNOWN
FootSfxParam	21	sfxId_19	UNKNOWN
FootSfxParam	22	sfxId_20	UNKNOWN
FootSfxParam	23	sfxId_21	UNKNOWN
FootSfxParam	24	sfxId_22	UNKNOWN
FootSfxParam	25	sfxId_23	UNKNOWN
FootSfxParam	26	sfxId_24	UNKNOWN
FootSfxParam	27	sfxId_25	UNKNOWN
FootSfxParam	28	sfxId_26	UNKNOWN
FootSfxParam	29	sfxId_27	UNKNOWN
FootSfxParam	30	sfxId_28	UNKNOWN
FootSfxParam	31	sfxId_29	UNKNOWN
FootSfxParam	32	sfxId_30	UNKNOWN
FootSfxParam	33	sfxId_31	UNKNOWN
FootSfxParam	34	sfxId_32	UNKNOWN
FootSfxParam	35	sfxId_33	UNKNOWN
FootSfxParam	36	sfxId_34	UNKNOWN
FootSfxParam	37	sfxId_35	UNKNOWN
FootSfxParam	38	sfxId_36	UNKNOWN
FootSfxParam	39	sfxId_37	UNKNOWN
FootSfxParam	40	sfxId_38	UNKNOWN
FootSfxParam	41	sfxId_39	UNKNOWN
FootSfxParam	42	sfxId_40	UNKNOWN
FootSfxParam	43	sfxId_41	UNKNOWN
FootSfxParam	44	sfxId_42	UNKNOWN
FootSfxParam	45	sfxId_43	UNKNOWN
FootSfxParam	46	sfxId_44	UNKNOWN
FootSfxParam	47	sfxId_45	UNKNOWN
FootSfxParam	48	sfxId_46	UNKNOWN
FootSfxParam	49	sfxId_47	UNKNOWN
FootSfxParam	50	sfxId_48	UNKNOWN
FootSfxParam	51	sfxId_49	UNKNOWN
FootSfxParam	52	sfxId_50	UNKNOWN
FootSfxParam	53	sfxId_51	UNKNOWN
FootSfxParam	54	sfxId_52	UNKNOWN
FootSfxParam	55	sfxId_53	UNKNOWN
FootSfxParam	56	sfxId_54	UNKNOWN
FootSfxParam	57	sfxId_55	UNKNOWN
FootSfxParam	58	sfxId_56	UNKNOWN
FootSfxParam	59	sfxId_57	UNKNOWN
FootSfxParam	60	sfxId_58	UNKNOWN
FootSfxParam	61	sfxId_59	UNKNOWN
FootSfxParam	62	sfxId_60	UNKNOWN
FootSfxParam	63	sfxId_61	UNKNOWN
FootSfxParam	64	sfxId_62	UNKNOWN
FootSfxParam	65	sfxId_63	UNKNOWN
FootSfxParam	66	sfxId_64	UNKNOWN
FootSfxParam	67	sfxId_65	UNKNOWN
FootSfxParam	68	sfxId_66	UNKNOWN
FootSfxParam	69	sfxId_67	UNKNOWN
FootSfxParam	70	sfxId_68	UNKNOWN
FootSfxParam	71	sfxId_69	UNKNOWN
FootSfxParam	72	sfxId_70	UNKNOWN
FootSfxParam	73	sfxId_71	UNKNOWN
FootSfxParam	74	sfxId_72	UNKNOWN
FootSfxParam	75	sfxId_73	UNKNOWN
FootSfxParam	76	sfxId_74	UNKNOWN
FootSfxParam	77	sfxId_75	UNKNOWN
FootSfxParam	78	sfxId_76	UNKNOWN
FootSfxParam	79	sfxId_77	UNKNOWN
FootSfxParam	80	sfxId_78	UNKNOWN
FootSfxParam	81	sfxId_79	UNKNOWN
FootSfxParam	82	sfxId_80	UNKNOWN
FootSfxParam	83	sfxId_81	UNKNOWN
FootSfxParam	84	sfxId_82	UNKNOWN
FootSfxParam	85	sfxId_83	UNKNOWN
FootSfxParam	86	sfxId_84	UNKNOWN
FootSfxParam	87	sfxId_85	UNKNOWN
FootSfxParam	88	sfxId_86	UNKNOWN
FootSfxParam	89	sfxId_87	UNKNOWN
FootSfxParam	90	sfxId_88	UNKNOWN
FootSfxParam	91	sfxId_89	UNKNOWN
FootSfxParam	92	sfxId_90	UNKNOWN
FootSfxParam	93	sfxId_91	UNKNOWN
FootSfxParam	94	sfxId_92	UNKNOWN
FootSfxParam	95	sfxId_93	UNKNOWN
FootSfxParam	96	sfxId_94	UNKNOWN
FootSfxParam	97	sfxId_95	UNKNOWN
FootSfxParam	98	sfxId_96	UNKNOWN
FootSfxParam	99	sfxId_97	UNKNOWN
FootSfxParam	100	sfxId_98	UNKNOWN
FootSfxParam	101	sfxId_99	UNKNOWN
FootSfxParam	102	sfxId_100	UNKNOWN
FootSfxParam	103	sfxId_101	UNKNOWN
FootSfxParam	104	sfxId_102	UNKNOWN
FootSfxParam	105	sfxId_103	UNKNOWN
FootSfxParam	106	sfxId_104	UNKNOWN
FootSfxParam	107	sfxId_105	UNKNOWN
FootSfxParam	108	sfxId_106	UNKNOWN
FootSfxParam	109	sfxId_107	UNKNOWN
FootSfxParam	110	sfxId_108	UNKNOWN
FootSfxParam	111	sfxId_109	UNKNOWN
FootSfxParam	112	sfxId_110	UNKNOWN
FootSfxParam	113	sfxId_111	UNKNOWN
FootSfxParam	114	sfxId_112	UNKNOWN
FootSfxParam	115	sfxId_113	UNKNOWN
FootSfxParam	116	sfxId_114	UNKNOWN
FootSfxParam	117	sfxId_115	UNKNOWN
FootSfxParam	118	sfxId_116	UNKNOWN
FootSfxParam	119	sfxId_117	UNKNOWN
FootSfxParam	120	sfxId_118	UNKNOWN
FootSfxParam	121	sfxId_119	UNKNOWN
FootSfxParam	122	sfxId_120	UNKNOWN
FootSfxParam	123	sfxId_121	UNKNOWN
FootSfxParam	124	sfxId_122	UNKNOWN
FootSfxParam	125	sfxId_123	UNKNOWN
FootSfxParam	126	sfxId_124	UNKNOWN
FootSfxParam	127	sfxId_125	UNKNOWN
FootSfxParam	128	sfxId_126	UNKNOWN
FootSfxParam	129	sfxId_127	UNKNOWN
FootSfxParam	130	sfxId_128	UNKNOWN
FootSfxParam	131	sfxId_129	UNKNOWN
FootSfxParam	132	sfxId_130	UNKNOWN
FootSfxParam	133	sfxId_131	UNKNOWN
FootSfxParam	134	sfxId_132	UNKNOWN
FootSfxParam	135	sfxId_133	UNKNOWN
FootSfxParam	136	sfxId_134	UNKNOWN
FootSfxParam	137	sfxId_135	UNKNOWN
FootSfxParam	138	sfxId_136	UNKNOWN
FootSfxParam	139	sfxId_137	UNKNOWN
FootSfxParam	140	sfxId_138	UNKNOWN
FootSfxParam	141	sfxId_139	UNKNOWN
FootSfxParam	142	sfxId_140	UNKNOWN
FootSfxParam	143	sfxId_141	UNKNOWN
FootSfxParam	144	sfxId_142	UNKNOWN
FootSfxParam	145	sfxId_143	UNKNOWN
FootSfxParam	146	sfxId_144	UNKNOWN
FootSfxParam	147	sfxId_145	UNKNOWN
FootSfxParam	148	sfxId_146	UNKNOWN
FootSfxParam	149	sfxId_147	UNKNOWN
FootSfxParam	150	sfxId_148	UNKNOWN
FootSfxParam	151	sfxId_149	UNKNOWN
FootSfxParam	152	sfxId_150	UNKNOWN
FootSfxParam	153	sfxId_151	UNKNOWN
FootSfxParam	154	sfxId_152	UNKNOWN
FootSfxParam	155	sfxId_153	UNKNOWN
FootSfxParam	156	sfxId_154	UNKNOWN
FootSfxParam	157	sfxId_155	UNKNOWN
FootSfxParam	158	sfxId_156	UNKNOWN
FootSfxParam	159	sfxId_157	UNKNOWN
FootSfxParam	160	sfxId_158	UNKNOWN
FootSfxParam	161	sfxId_159	UNKNOWN
FootSfxParam	162	sfxId_160	UNKNOWN
FootSfxParam	163	sfxId_161	UNKNOWN
FootSfxParam	164	sfxId_162	UNKNOWN
FootSfxParam	165	sfxId_163	UNKNOWN
FootSfxParam	166	sfxId_164	UNKNOWN
FootSfxParam	167	sfxId_165	UNKNOWN
FootSfxParam	168	sfxId_166	UNKNOWN
FootSfxParam	169	sfxId_167	UNKNOWN
FootSfxParam	170	sfxId_168	UNKNOWN
FootSfxParam	171	sfxId_169	UNKNOWN
FootSfxParam	172	sfxId_170	UNKNOWN
FootSfxParam	173	sfxId_171	UNKNOWN
FootSfxParam	174	sfxId_172	UNKNOWN
FootSfxParam	175	sfxId_173	UNKNOWN
FootSfxParam	176	sfxId_174	UNKNOWN
FootSfxParam	177	sfxId_175	UNKNOWN
FootSfxParam	178	sfxId_176	UNKNOWN
FootSfxParam	179	sfxId_177	UNKNOWN
FootSfxParam	180	sfxId_178	UNKNOWN
FootSfxParam	181	sfxId_179	UNKNOWN
FootSfxParam	182	sfxId_180	UNKNOWN
FootSfxParam	183	sfxId_181	UNKNOWN
FootSfxParam	184	sfxId_182	UNKNOWN
FootSfxParam	185	sfxId_183	UNKNOWN
FootSfxParam	186	sfxId_184	UNKNOWN
FootSfxParam	187	sfxId_185	UNKNOWN
FootSfxParam	188	sfxId_186	UNKNOWN
FootSfxParam	189	sfxId_187	UNKNOWN
FootSfxParam	190	sfxId_188	UNKNOWN
FootSfxParam	191	sfxId_189	UNKNOWN
FootSfxParam	192	sfxId_190	UNKNOWN
FootSfxParam	193	sfxId_191	UNKNOWN
FootSfxParam	194	sfxId_192	UNKNOWN
FootSfxParam	195	sfxId_193	UNKNOWN
FootSfxParam	196	sfxId_194	UNKNOWN
FootSfxParam	197	sfxId_195	UNKNOWN
FootSfxParam	198	sfxId_196	UNKNOWN
FootSfxParam	199	sfxId_197	UNKNOWN
FootSfxParam	200	sfxId_198	UNKNOWN
FootSfxParam	201	sfxId_199	UNKNOWN
FootSfxParam	202		UNKNOWN
GameAreaParam	0	ID	UNKNOWN
GameAreaParam	1	Name	UNKNOWN
GameAreaParam	2	disableParam_NT	UNKNOWN
GameAreaParam	3	disableParamReserve1	UNKNOWN
GameAreaParam	4	disableParamReserve2	UNKNOWN
GameAreaParam	5	bonusSoul_single	UNKNOWN
GameAreaParam	6	bonusSoul_multi	UNKNOWN
GameAreaParam	7	humanityPointCountFlagIdTop	UNKNOWN
GameAreaParam	8	humanityDropPoint1	UNKNOWN
GameAreaParam	9	humanityDropPoint2	UNKNOWN
GameAreaParam	10	humanityDropPoint3	UNKNOWN
GameAreaParam	11	humanityDropPoint4	UNKNOWN
GameAreaParam	12	humanityDropPoint5	UNKNOWN
GameAreaParam	13	humanityDropPoint6	UNKNOWN
GameAreaParam	14	humanityDropPoint7	UNKNOWN
GameAreaParam	15	humanityDropPoint8	UNKNOWN
GameAreaParam	16	humanityDropPoint9	UNKNOWN
GameAreaParam	17	humanityDropPoint10	UNKNOWN
GameAreaParam	18	soloBreakInPoint_Min	UNKNOWN
GameAreaParam	19	soloBreakInPoint_Max	UNKNOWN
GameAreaParam	20	defeatBossFlagId_forSignAimList	UNKNOWN
GameAreaParam	21	displayAimFlagId	UNKNOWN
GameAreaParam	22	foundBossFlagId	UNKNOWN
GameAreaParam	23	foundBossTextId	UNKNOWN
GameAreaParam	24	notFindBossTextId	UNKNOWN
GameAreaParam	25	bossChallengeFlagId	UNKNOWN
GameAreaParam	26	defeatBossFlagId	UNKNOWN
GameAreaParam	27	bossPosX	UNKNOWN
GameAreaParam	28	bossPosY	UNKNOWN
GameAreaParam	29	bossPosZ	UNKNOWN
GameAreaParam	30	bossMapAreaNo	UNKNOWN
GameAreaParam	31	bossMapBlockNo	UNKNOWN
GameAreaParam	32	bossMapMapNo	UNKNOWN
GameAreaParam	33	reserve	UNKNOWN
GameAreaParam	34		UNKNOWN
GameSystemCommonParam	0	ID	UNKNOWN
GameSystemCommonParam	1	Name	UNKNOWN
GameSystemCommonParam	2	baseToughnessRecoverTime	UNKNOWN
GameSystemCommonParam	3	chrEventTrun_byLeft90	UNKNOWN
GameSystemCommonParam	4	chrEventTrun_byRight90	UNKNOWN
GameSystemCommonParam	5	chrEventTrun_byLeft180	UNKNOWN
GameSystemCommonParam	6	chrEventTrun_byRight180	UNKNOWN
GameSystemCommonParam	7	chrEventTrun_90TurnStartAngle	UNKNOWN
GameSystemCommonParam	8	chrEventTrun_180TurnStartAngle	UNKNOWN
GameSystemCommonParam	9	stealthAtkDamageRate	UNKNOWN
GameSystemCommonParam	10	flickDamageCutRateSuccessGurad	UNKNOWN
GameSystemCommonParam	11	npcTalkAnimBeginDiffAngle	UNKNOWN
GameSystemCommonParam	12	npcTalkAnimEndDiffAngle	UNKNOWN
GameSystemCommonParam	13	sleepCollectorItemActionButtonParamId	UNKNOWN
GameSystemCommonParam	14	allowUseBuddyItem_sfxInterval	UNKNOWN
GameSystemCommonParam	15	allowUseBuddyItem_sfxDmyPolyId	UNKNOWN
GameSystemCommonParam	16	allowUseBuddyItem_sfxDmyPolyId_horse	UNKNOWN
GameSystemCommonParam	17	allowUseBuddyItem_sfxId	UNKNOWN
GameSystemCommonParam	18	onBuddySummon_inActivateRange_sfxInterval	UNKNOWN
GameSystemCommonParam	19	onBuddySummon_inActivateRange_sfxDmyPolyId	UNKNOWN
GameSystemCommonParam	20	onBuddySummon_inActivateRange_sfxDmyPolyId_horse	UNKNOWN
GameSystemCommonParam	21	onBuddySummon_inActivateRange_sfxId	UNKNOWN
GameSystemCommonParam	22	onBuddySummon_inActivateRange_spEffectId_pc	UNKNOWN
GameSystemCommonParam	23	onBuddySummon_inWarnRange_spEffectId_pc	UNKNOWN
GameSystemCommonParam	24	onBuddySummon_atBuddyUnsummon_spEffectId_pc	UNKNOWN
GameSystemCommonParam	25	onBuddySummon_inWarnRange_spEffectId_buddy	UNKNOWN
GameSystemCommonParam	26	morningIngameHour	UNKNOWN
GameSystemCommonParam	27	morningIngameMinute	UNKNOWN
GameSystemCommonParam	28	morningIngameSecond	UNKNOWN
GameSystemCommonParam	29	noonIngameHour	UNKNOWN
GameSystemCommonParam	30	noonIngameMinute	UNKNOWN
GameSystemCommonParam	31	noonIngameSecond	UNKNOWN
GameSystemCommonParam	32	nightIngameHour	UNKNOWN
GameSystemCommonParam	33	nightIngameMinute	UNKNOWN
GameSystemCommonParam	34	nightIngameSecond	UNKNOWN
GameSystemCommonParam	35	aiSightRateStart_Morning_Hour	UNKNOWN
GameSystemCommonParam	36	aiSightRateStart_Morning_Minute	UNKNOWN
GameSystemCommonParam	37	aiSightRateStart_Noon_Hour	UNKNOWN
GameSystemCommonParam	38	aiSightRateStart_Noon_Minute	UNKNOWN
GameSystemCommonParam	39	aiSightRateStart_Evening_Hour	UNKNOWN
GameSystemCommonParam	40	aiSightRateStart_Evening_Minute	UNKNOWN
GameSystemCommonParam	41	aiSightRateStart_Night_Hour	UNKNOWN
GameSystemCommonParam	42	aiSightRateStart_Night_Minute	UNKNOWN
GameSystemCommonParam	43	aiSightRateStart_Midnight_Hour	UNKNOWN
GameSystemCommonParam	44	aiSightRateStart_Midnight_Minute	UNKNOWN
GameSystemCommonParam	45	saLargeDamageHitSfx_Threshold	UNKNOWN
GameSystemCommonParam	46	saLargeDamageHitSfx_SfxId	UNKNOWN
GameSystemCommonParam	47	signCreatableDistFromSafePos	UNKNOWN
GameSystemCommonParam	48	guestResummonDist	UNKNOWN
GameSystemCommonParam	49	guestLeavingMessageDistMax	UNKNOWN
GameSystemCommonParam	50	guestLeavingMessageDistMin	UNKNOWN
GameSystemCommonParam	51	guestLeaveSessionDist	UNKNOWN
GameSystemCommonParam	52	retryPointAreaRadius	UNKNOWN
GameSystemCommonParam	53	sleepCollectorSpEffectId	UNKNOWN
GameSystemCommonParam	54	recoverBelowMaxHpCompletionNoticeSpEffectId	UNKNOWN
GameSystemCommonParam	55	estusFlaskRecovery_AbsorptionProductionSfxId_byHp	UNKNOWN
GameSystemCommonParam	56	estusFlaskRecovery_AbsorptionProductionSfxId_byMp	UNKNOWN
GameSystemCommonParam	57	respawnSpecialEffectActiveCheckerSpEffectId	UNKNOWN
GameSystemCommonParam	58	onBuddySummon_inActivateRange_spEffectId_buddy	UNKNOWN
GameSystemCommonParam	59	estusFlaskRecovery_AddEstusTime	UNKNOWN
GameSystemCommonParam	60	defeatMultiModeEnemyOfSoulCorrectRate_byHost	UNKNOWN
GameSystemCommonParam	61	defeatMultiModeEnemyOfSoulCorrectRate_byTeamGhost	UNKNOWN
GameSystemCommonParam	62	defeatMultiModeBossOfSoulCorrectRate_byHost	UNKNOWN
GameSystemCommonParam	63	defeatMultiModeBossOfSoulCorrectRate_byTeamGhost	UNKNOWN
GameSystemCommonParam	64	enemyHpGaugeScreenOffset_byUp	UNKNOWN
GameSystemCommonParam	65	playRegionCollectDist	UNKNOWN
GameSystemCommonParam	66	enemyDetectionSpEffect_ShootBulletDummypolyId	UNKNOWN
GameSystemCommonParam	67	bigRuneGreaterDemonBreakInGoodsNum	UNKNOWN
GameSystemCommonParam	68	bigRuneGreaterDemonBreakInGoodsId	UNKNOWN
GameSystemCommonParam	69	rideJumpRegionDefaultSfxId	UNKNOWN
GameSystemCommonParam	70	saAttackRate_forVsRideAtk	UNKNOWN
GameSystemCommonParam	71	enemySpEffectIdAfterSleepCollectorItemLot	UNKNOWN
GameSystemCommonParam	72	afterEndingMapUid	UNKNOWN
GameSystemCommonParam	73	afterEndingReturnPointEntityId	UNKNOWN
GameSystemCommonParam	74	enemyDetectionSpEffect_BulletId_byCoopRing_RedHunter	UNKNOWN
GameSystemCommonParam	75	enemyDetectionSpEffect_BulletId_byInvadeOrb_None	UNKNOWN
GameSystemCommonParam	76	tutorialFlagOnAccessDistView	UNKNOWN
GameSystemCommonParam	77	tutorialFlagOnAccessRetryPoint	UNKNOWN
GameSystemCommonParam	78	tutorialFlagOnGetGroupReward	UNKNOWN
GameSystemCommonParam	79	tutorialFlagOnEnterRideJumpRegion	UNKNOWN
GameSystemCommonParam	80	tutorialCheckRideJumpRegionExpandRange	UNKNOWN
GameSystemCommonParam	81	retryPointActivatedPcAnimId	UNKNOWN
GameSystemCommonParam	82	retryPointActivatedDialogDelayTime	UNKNOWN
GameSystemCommonParam	83	retryPointActivatedDialogTextId	UNKNOWN
GameSystemCommonParam	84	signPuddleOpenPcAnimId	UNKNOWN
GameSystemCommonParam	85	signPuddleOpenDialogDelayTime	UNKNOWN
GameSystemCommonParam	86	activityOfDeadSpEffect_BulletId	UNKNOWN
GameSystemCommonParam	87	activityOfDeadSpEffect_ShootBulletDummypolyId	UNKNOWN
GameSystemCommonParam	88	activityOfDeadSpEffect_DeadFadeOutTime	UNKNOWN
GameSystemCommonParam	89	ignorNetStateSyncTime_ForThrow	UNKNOWN
GameSystemCommonParam	90	netPenaltyPointLanDisconnect	UNKNOWN
GameSystemCommonParam	91	netPenaltyPointProfileSignout	UNKNOWN
GameSystemCommonParam	92	netPenaltyPointReboot	UNKNOWN
GameSystemCommonParam	93	netPnaltyPointSuspend	UNKNOWN
GameSystemCommonParam	94	netPenaltyForgiveItemLimitTime	UNKNOWN
GameSystemCommonParam	95	netPenaltyPointThreshold	UNKNOWN
GameSystemCommonParam	96	uncontrolledMoveThresholdTime	UNKNOWN
GameSystemCommonParam	97	enemyDetectionSpEffect_BulletId_byNpcEnemy	UNKNOWN
GameSystemCommonParam	98	activityOfDeadTargetSearchSpEffect_OnHitSpEffect	UNKNOWN
GameSystemCommonParam	99	activityOfDeadTargetSearchSpEffect_MaxLength	UNKNOWN
GameSystemCommonParam	100	sightRangeLowerPromiseRate	UNKNOWN
GameSystemCommonParam	101	saLargeDamageHitSfx_MinDamage	UNKNOWN
GameSystemCommonParam	102	saLargeDamageHitSfx_ForceDamage	UNKNOWN
GameSystemCommonParam	103	soloBreakInMaxPoint	UNKNOWN
GameSystemCommonParam	104	npcTalkTimeOutThreshold	UNKNOWN
GameSystemCommonParam	105	sendPlayLogIntervalTime	UNKNOWN
GameSystemCommonParam	106	item370_MaxSfxNum	UNKNOWN
GameSystemCommonParam	107	chrActivateDist_forLeavePC	UNKNOWN
GameSystemCommonParam	108	summonDataCoopMatchingLevelUpperAbs	UNKNOWN
GameSystemCommonParam	109	summonDataCoopMatchingLevelUpperRel	UNKNOWN
GameSystemCommonParam	110	summonDataCoopMatchingWepLevelMul	UNKNOWN
GameSystemCommonParam	111	pickUpBerserkerSignSpEffectBulletId	UNKNOWN
GameSystemCommonParam	112	succeedBerserkerSelfKillingEffectId	UNKNOWN
GameSystemCommonParam	113	machingLevelWhiteSignUpperRel	UNKNOWN
GameSystemCommonParam	114	machingLevelWhiteSignUpperAbs	UNKNOWN
GameSystemCommonParam	115	machingLevelRedSignUpperRel	UNKNOWN
GameSystemCommonParam	116	machingLevelRedSignUpperAbs	UNKNOWN
GameSystemCommonParam	117	machingWeaponLevelUpperWhiteSign_0	UNKNOWN
GameSystemCommonParam	118	machingWeaponLevelUpperWhiteSign_1	UNKNOWN
GameSystemCommonParam	119	machingWeaponLevelUpperWhiteSign_2	UNKNOWN
GameSystemCommonParam	120	machingWeaponLevelUpperWhiteSign_3	UNKNOWN
GameSystemCommonParam	121	machingWeaponLevelUpperWhiteSign_4	UNKNOWN
GameSystemCommonParam	122	machingWeaponLevelUpperWhiteSign_5	UNKNOWN
GameSystemCommonParam	123	machingWeaponLevelUpperWhiteSign_6	UNKNOWN
GameSystemCommonParam	124	machingWeaponLevelUpperWhiteSign_7	UNKNOWN
GameSystemCommonParam	125	machingWeaponLevelUpperWhiteSign_8	UNKNOWN
GameSystemCommonParam	126	machingWeaponLevelUpperWhiteSign_9	UNKNOWN
GameSystemCommonParam	127	machingWeaponLevelUpperWhiteSign_10	UNKNOWN
GameSystemCommonParam	128	machingWeaponLevelUpperRedSign_0	UNKNOWN
GameSystemCommonParam	129	machingWeaponLevelUpperRedSign_1	UNKNOWN
GameSystemCommonParam	130	machingWeaponLevelUpperRedSign_2	UNKNOWN
GameSystemCommonParam	131	machingWeaponLevelUpperRedSign_3	UNKNOWN
GameSystemCommonParam	132	machingWeaponLevelUpperRedSign_4	UNKNOWN
GameSystemCommonParam	133	machingWeaponLevelUpperRedSign_5	UNKNOWN
GameSystemCommonParam	134	machingWeaponLevelUpperRedSign_6	UNKNOWN
GameSystemCommonParam	135	machingWeaponLevelUpperRedSign_7	UNKNOWN
GameSystemCommonParam	136	machingWeaponLevelUpperRedSign_8	UNKNOWN
GameSystemCommonParam	137	machingWeaponLevelUpperRedSign_9	UNKNOWN
GameSystemCommonParam	138	machingWeaponLevelUpperRedSign_10	UNKNOWN
GameSystemCommonParam	139	autoInvadePoint_generateDist	UNKNOWN
GameSystemCommonParam	140	autoInvadePoint_cancelDist	UNKNOWN
GameSystemCommonParam	141	sendGlobalEventLogIntervalTime	UNKNOWN
GameSystemCommonParam	142	addSoloBreakInPoint_White	UNKNOWN
GameSystemCommonParam	143	addSoloBreakInPoint_Black	UNKNOWN
GameSystemCommonParam	144	addSoloBreakInPoint_ForceJoin	UNKNOWN
GameSystemCommonParam	145	addSoloBreakInPoint_VisitorGuardian	UNKNOWN
GameSystemCommonParam	146	addSoloBreakInPoint_VisitorRedHunter	UNKNOWN
GameSystemCommonParam	147	invincibleTimer_forNetPC_initSync	UNKNOWN
GameSystemCommonParam	148	invincibleTimer_forNetPC	UNKNOWN
GameSystemCommonParam	149	redHunter_HostBossAreaGetSoulRate	UNKNOWN
GameSystemCommonParam	150	ghostFootprintDecalParamId	UNKNOWN
GameSystemCommonParam	151	leaveAroundHostWarningTime	UNKNOWN
GameSystemCommonParam	152	hostModeCostItemId	UNKNOWN
GameSystemCommonParam	153	aIJump_DecelerateParam	UNKNOWN
GameSystemCommonParam	154	buddyDisappearDelaySec	UNKNOWN
GameSystemCommonParam	155	aIJump_AnimYMoveCorrectRate_onJumpOff	UNKNOWN
GameSystemCommonParam	156	stealthSystemSightRate_NotInStealthRigid_NotSightHide_StealthMode	UNKNOWN
GameSystemCommonParam	157	stealthSystemSightRate_NotInStealthRigid_SightHide_NotStealthMode	UNKNOWN
GameSystemCommonParam	158	stealthSystemSightRate_NotInStealthRigid_SightHide_StealthMode	UNKNOWN
GameSystemCommonParam	159	stealthSystemSightRate_InStealthRigid_NotSightHide_NotStealthMode	UNKNOWN
GameSystemCommonParam	160	stealthSystemSightRate_InStealthRigid_NotSightHide_StealthMode	UNKNOWN
GameSystemCommonParam	161	stealthSystemSightRate_InStealthRigid_SightHide_NotStealthMode	UNKNOWN
GameSystemCommonParam	162	stealthSystemSightRate_InStealthRigid_SightHide_StealthMode	UNKNOWN
GameSystemCommonParam	163	msbEventGeomTreasureInfo_actionButtonParamId_corpse	UNKNOWN
GameSystemCommonParam	164	msbEventGeomTreasureInfo_itemGetAnimId_corpse	UNKNOWN
GameSystemCommonParam	165	msbEventGeomTreasureInfo_actionButtonParamId_box	UNKNOWN
GameSystemCommonParam	166	msbEventGeomTreasureInfo_itemGetAnimId_box	UNKNOWN
GameSystemCommonParam	167	msbEventGeomTreasureInfo_actionButtonParamId_shine	UNKNOWN
GameSystemCommonParam	168	msbEventGeomTreasureInfo_itemGetAnimId_shine	UNKNOWN
GameSystemCommonParam	169	signPuddleAssetId	UNKNOWN
GameSystemCommonParam	170	signPuddleAppearDmypolyId0	UNKNOWN
GameSystemCommonParam	171	signPuddleAppearDmypolyId1	UNKNOWN
GameSystemCommonParam	172	signPuddleAppearDmypolyId2	UNKNOWN
GameSystemCommonParam	173	signPuddleAppearDmypolyId3	UNKNOWN
GameSystemCommonParam	174	fallDamageRate_forRidePC	UNKNOWN
GameSystemCommonParam	175	fallDamageRate_forRideNPC	UNKNOWN
GameSystemCommonParam	176	OldMonkOfYellow_CreateSignSpEffectId	UNKNOWN
GameSystemCommonParam	177	StragglerActivateDist	UNKNOWN
GameSystemCommonParam	178	SpEffectId_EnableUseItem_StragglerActivate	UNKNOWN
GameSystemCommonParam	179	SpEffectId_StragglerWakeUp	UNKNOWN
GameSystemCommonParam	180	SpEffectId_StragglerTarget	UNKNOWN
GameSystemCommonParam	181	SpEffectId_StragglerOppose	UNKNOWN
GameSystemCommonParam	182	buddyWarp_TriggerTimeRayBlocked	UNKNOWN
GameSystemCommonParam	183	buddyWarp_TriggerDistToPlayer	UNKNOWN
GameSystemCommonParam	184	buddyWarp_ThresholdTimePathStacked	UNKNOWN
GameSystemCommonParam	185	buddyWarp_ThresholdRangePathStacked	UNKNOWN
GameSystemCommonParam	186	aiSightRate_morning	UNKNOWN
GameSystemCommonParam	187	aiSightRate_noonA	UNKNOWN
GameSystemCommonParam	188	buddyPassThroughTriggerTime	UNKNOWN
GameSystemCommonParam	189	aiSightRate_evening	UNKNOWN
GameSystemCommonParam	190	aiSightRate_night	UNKNOWN
GameSystemCommonParam	191	aiSightRate_midnightA	UNKNOWN
GameSystemCommonParam	192	unknown_0x230	UNKNOWN
GameSystemCommonParam	193	aiSightRate_sunloss_light	UNKNOWN
GameSystemCommonParam	194	aiSightRate_sunloss_dark	UNKNOWN
GameSystemCommonParam	195	aiSightRate_sunloss_veryDark	UNKNOWN
GameSystemCommonParam	196	stealthSystemSightAngleReduceRate_NotInStealthRigid_NotSightHide_StealthMode	UNKNOWN
GameSystemCommonParam	197	stealthSystemSightAngleReduceRate_NotInStealthRigid_SightHide_NotStealthMode	UNKNOWN
GameSystemCommonParam	198	stealthSystemSightAngleReduceRate_NotInStealthRigid_SightHide_StealthMode	UNKNOWN
GameSystemCommonParam	199	stealthSystemSightAngleReduceRate_InStealthRigid_NotSightHide_NotStealthMode	UNKNOWN
GameSystemCommonParam	200	stealthSystemSightAngleReduceRate_InStealthRigid_NotSightHide_StealthMode	UNKNOWN
GameSystemCommonParam	201	stealthSystemSightAngleReduceRate_InStealthRigid_SightHide_NotStealthMode	UNKNOWN
GameSystemCommonParam	202	stealthSystemSightAngleReduceRate_InStealthRigid_SightHide_StealthMode	UNKNOWN
GameSystemCommonParam	203	weatherLotConditionStart_Morning_Hour	UNKNOWN
GameSystemCommonParam	204	weatherLotConditionStart_Morning_Minute	UNKNOWN
GameSystemCommonParam	205	weatherLotConditionStart_Day_Hour	UNKNOWN
GameSystemCommonParam	206	weatherLotConditionStart_Day_Minute	UNKNOWN
GameSystemCommonParam	207	weatherLotConditionStart_Evening_Hour	UNKNOWN
GameSystemCommonParam	208	weatherLotConditionStart_Evening_Minute	UNKNOWN
GameSystemCommonParam	209	weatherLotConditionStart_Night_Hour	UNKNOWN
GameSystemCommonParam	210	weatherLotConditionStart_Night_Minute	UNKNOWN
GameSystemCommonParam	211	weatherLotConditionStart_DayBreak_Hour	UNKNOWN
GameSystemCommonParam	212	weatherLotConditionStart_DayBreak_Minute	UNKNOWN
GameSystemCommonParam	213	weatherLotCondition_reserved	UNKNOWN
GameSystemCommonParam	214	pclightScaleChangeStart_Hour	UNKNOWN
GameSystemCommonParam	215	pclightScaleChangeStart_Minute	UNKNOWN
GameSystemCommonParam	216	pclightScaleChangeEnd_Hour	UNKNOWN
GameSystemCommonParam	217	pclightScaleChangeEnd_Minute	UNKNOWN
GameSystemCommonParam	218	pclightScaleByTimezone	UNKNOWN
GameSystemCommonParam	219	bigRuneGreaterDemon_SummonBuddySpecialEffectId_Buddy	UNKNOWN
GameSystemCommonParam	220	bigRuneGreaterDemon_SummonBuddySpecialEffectId_Pc	UNKNOWN
GameSystemCommonParam	221	homeBonfireParamId	UNKNOWN
GameSystemCommonParam	222	machingWeaponLevelUpperWhiteSign_11	UNKNOWN
GameSystemCommonParam	223	machingWeaponLevelUpperWhiteSign_12	UNKNOWN
GameSystemCommonParam	224	machingWeaponLevelUpperWhiteSign_13	UNKNOWN
GameSystemCommonParam	225	machingWeaponLevelUpperWhiteSign_14	UNKNOWN
GameSystemCommonParam	226	machingWeaponLevelUpperWhiteSign_15	UNKNOWN
GameSystemCommonParam	227	machingWeaponLevelUpperWhiteSign_16	UNKNOWN
GameSystemCommonParam	228	machingWeaponLevelUpperWhiteSign_17	UNKNOWN
GameSystemCommonParam	229	machingWeaponLevelUpperWhiteSign_18	UNKNOWN
GameSystemCommonParam	230	machingWeaponLevelUpperWhiteSign_19	UNKNOWN
GameSystemCommonParam	231	machingWeaponLevelUpperWhiteSign_20	UNKNOWN
GameSystemCommonParam	232	machingWeaponLevelUpperWhiteSign_21	UNKNOWN
GameSystemCommonParam	233	machingWeaponLevelUpperWhiteSign_22	UNKNOWN
GameSystemCommonParam	234	machingWeaponLevelUpperWhiteSign_23	UNKNOWN
GameSystemCommonParam	235	machingWeaponLevelUpperWhiteSign_24	UNKNOWN
GameSystemCommonParam	236	machingWeaponLevelUpperWhiteSign_25	UNKNOWN
GameSystemCommonParam	237	machingWeaponLevelUpperRedSign_11	UNKNOWN
GameSystemCommonParam	238	machingWeaponLevelUpperRedSign_12	UNKNOWN
GameSystemCommonParam	239	machingWeaponLevelUpperRedSign_13	UNKNOWN
GameSystemCommonParam	240	machingWeaponLevelUpperRedSign_14	UNKNOWN
GameSystemCommonParam	241	machingWeaponLevelUpperRedSign_15	UNKNOWN
GameSystemCommonParam	242	machingWeaponLevelUpperRedSign_16	UNKNOWN
GameSystemCommonParam	243	machingWeaponLevelUpperRedSign_17	UNKNOWN
GameSystemCommonParam	244	machingWeaponLevelUpperRedSign_18	UNKNOWN
GameSystemCommonParam	245	machingWeaponLevelUpperRedSign_19	UNKNOWN
GameSystemCommonParam	246	machingWeaponLevelUpperRedSign_20	UNKNOWN
GameSystemCommonParam	247	machingWeaponLevelUpperRedSign_21	UNKNOWN
GameSystemCommonParam	248	machingWeaponLevelUpperRedSign_22	UNKNOWN
GameSystemCommonParam	249	machingWeaponLevelUpperRedSign_23	UNKNOWN
GameSystemCommonParam	250	machingWeaponLevelUpperRedSign_24	UNKNOWN
GameSystemCommonParam	251	machingWeaponLevelUpperRedSign_25	UNKNOWN
GameSystemCommonParam	252	menuTimezoneStart_Morning_Hour	UNKNOWN
GameSystemCommonParam	253	menuTimezoneStart_Morning_Minute	UNKNOWN
GameSystemCommonParam	254	menuTimezoneStart_Day1_Hour	UNKNOWN
GameSystemCommonParam	255	menuTimezoneStart_Day1_Minute	UNKNOWN
GameSystemCommonParam	256	menuTimezoneStart_Day2_Hour	UNKNOWN
GameSystemCommonParam	257	menuTimezoneStart_Day2_Minute	UNKNOWN
GameSystemCommonParam	258	menuTimezoneStart_Evening_Hour	UNKNOWN
GameSystemCommonParam	259	menuTimezoneStart_Evening_Minute	UNKNOWN
GameSystemCommonParam	260	menuTimezoneStart_Night_Hour	UNKNOWN
GameSystemCommonParam	261	menuTimezoneStart_Night_Minute	UNKNOWN
GameSystemCommonParam	262	menuTimezoneStart_Midnight_Hour	UNKNOWN
GameSystemCommonParam	263	menuTimezoneStart_Midnight_Minute	UNKNOWN
GameSystemCommonParam	264	remotePlayerThreatLvNotify_ThreatLv	UNKNOWN
GameSystemCommonParam	265	remotePlayerThreatLvNotify_NotifyDist	UNKNOWN
GameSystemCommonParam	266	remotePlayerThreatLvNotify_EndNotifyDist	UNKNOWN
GameSystemCommonParam	267	worldMapPointDiscoveryExpandRange	UNKNOWN
GameSystemCommonParam	268	worldMapPointReentryExpandRange	UNKNOWN
GameSystemCommonParam	269	remotePlayerThreatLvNotify_NotifyTime	UNKNOWN
GameSystemCommonParam	270	breakIn_A_rebreakInGoodsNum	UNKNOWN
GameSystemCommonParam	271	breakIn_A_rebreakInGoodsId	UNKNOWN
GameSystemCommonParam	272	rideJumpoff_SfxId	UNKNOWN
GameSystemCommonParam	273	rideJumpoff_SfxHeightOffset	UNKNOWN
GameSystemCommonParam	274	rideJumpoff_SpEffectId	UNKNOWN
GameSystemCommonParam	275	rideJumpoff_SpEffectIdPc	UNKNOWN
GameSystemCommonParam	276	unlockExchangeMenuEventFlagId	UNKNOWN
GameSystemCommonParam	277	unlockMessageMenuEventFlagId	UNKNOWN
GameSystemCommonParam	278	breakInOnce_A_rebreakInGoodsNum	UNKNOWN
GameSystemCommonParam	279	breakIn_B_rebreakInGoodsNum	UNKNOWN
GameSystemCommonParam	280	breakInOnce_A_rebreakInGoodsId	UNKNOWN
GameSystemCommonParam	281	breakIn_B_rebreakInGoodsId	UNKNOWN
GameSystemCommonParam	282	actionButtonInputCancelTime	UNKNOWN
GameSystemCommonParam	283	blockClearBonusDelayTime	UNKNOWN
GameSystemCommonParam	284	bonfireCheckEnemyRange	UNKNOWN
GameSystemCommonParam	285	unknown_0x2f0	UNKNOWN
GameSystemCommonParam	286	matchingLevelArenaUpperRel	UNKNOWN
GameSystemCommonParam	287	matchingLevelArenaUpperAbs	UNKNOWN
GameSystemCommonParam	288	matchingWeaponLevelUpperArena_0	UNKNOWN
GameSystemCommonParam	289	matchingWeaponLevelUpperArena_1	UNKNOWN
GameSystemCommonParam	290	matchingWeaponLevelUpperArena_2	UNKNOWN
GameSystemCommonParam	291	matchingWeaponLevelUpperArena_3	UNKNOWN
GameSystemCommonParam	292	matchingWeaponLevelUpperArena_4	UNKNOWN
GameSystemCommonParam	293	matchingWeaponLevelUpperArena_5	UNKNOWN
GameSystemCommonParam	294	matchingWeaponLevelUpperArena_6	UNKNOWN
GameSystemCommonParam	295	matchingWeaponLevelUpperArena_7	UNKNOWN
GameSystemCommonParam	296	matchingWeaponLevelUpperArena_8	UNKNOWN
GameSystemCommonParam	297	matchingWeaponLevelUpperArena_9	UNKNOWN
GameSystemCommonParam	298	matchingWeaponLevelUpperArena_10	UNKNOWN
GameSystemCommonParam	299	matchingWeaponLevelUpperArena_11	UNKNOWN
GameSystemCommonParam	300	matchingWeaponLevelUpperArena_12	UNKNOWN
GameSystemCommonParam	301	matchingWeaponLevelUpperArena_13	UNKNOWN
GameSystemCommonParam	302	matchingWeaponLevelUpperArena_14	UNKNOWN
GameSystemCommonParam	303	matchingWeaponLevelUpperArena_15	UNKNOWN
GameSystemCommonParam	304	matchingWeaponLevelUpperArena_16	UNKNOWN
GameSystemCommonParam	305	matchingWeaponLevelUpperArena_17	UNKNOWN
GameSystemCommonParam	306	matchingWeaponLevelUpperArena_18	UNKNOWN
GameSystemCommonParam	307	matchingWeaponLevelUpperArena_19	UNKNOWN
GameSystemCommonParam	308	matchingWeaponLevelUpperArena_20	UNKNOWN
GameSystemCommonParam	309	matchingWeaponLevelUpperArena_21	UNKNOWN
GameSystemCommonParam	310	matchingWeaponLevelUpperArena_22	UNKNOWN
GameSystemCommonParam	311	matchingWeaponLevelUpperArena_23	UNKNOWN
GameSystemCommonParam	312	matchingWeaponLevelUpperArena_24	UNKNOWN
GameSystemCommonParam	313	matchingWeaponLevelUpperArena_25	UNKNOWN
GameSystemCommonParam	314	matchDuel_FirstHalfTime	UNKNOWN
GameSystemCommonParam	315	matchDuel_SecondHalfTime	UNKNOWN
GameSystemCommonParam	316	matchDM2_FirstHalfTime	UNKNOWN
GameSystemCommonParam	317	matchDM2_SecondHalfTime	UNKNOWN
GameSystemCommonParam	318	matchDM4_FirstHalfTime	UNKNOWN
GameSystemCommonParam	319	matchDM4_SecondHalfTime	UNKNOWN
GameSystemCommonParam	320	matchDM6_FirstHalfTime	UNKNOWN
GameSystemCommonParam	321	matchDM6_SecondHalfTime	UNKNOWN
GameSystemCommonParam	322	matchTM2vs2_FirstHalfTime	UNKNOWN
GameSystemCommonParam	323	matchTM2vs2_SecondHalfTime	UNKNOWN
GameSystemCommonParam	324	matchTM3vs3_FirstHalfTime	UNKNOWN
GameSystemCommonParam	325	matchTM3vs3_SecondHalfTime	UNKNOWN
GameSystemCommonParam	326	matchTM1vs1_FirstHalfTime	UNKNOWN
GameSystemCommonParam	327	matchTM1vs1_SecondHalfTime	UNKNOWN
GameSystemCommonParam	328	summonDataCoopMatchingSpiritAshLevelMul	UNKNOWN
GameSystemCommonParam	329	matchingSpiritAshLevelUpper_0	UNKNOWN
GameSystemCommonParam	330	matchingSpiritAshLevelUpper_1	UNKNOWN
GameSystemCommonParam	331	matchingSpiritAshLevelUpper_2	UNKNOWN
GameSystemCommonParam	332	matchingSpiritAshLevelUpper_3	UNKNOWN
GameSystemCommonParam	333	matchingSpiritAshLevelUpper_4	UNKNOWN
GameSystemCommonParam	334	matchingSpiritAshLevelUpper_5	UNKNOWN
GameSystemCommonParam	335	matchingSpiritAshLevelUpper_6	UNKNOWN
GameSystemCommonParam	336	matchingSpiritAshLevelUpper_7	UNKNOWN
GameSystemCommonParam	337	matchingSpiritAshLevelUpper_8	UNKNOWN
GameSystemCommonParam	338	matchingSpiritAshLevelUpper_9	UNKNOWN
GameSystemCommonParam	339	matchingSpiritAshLevelUpper_10	UNKNOWN
GameSystemCommonParam	340	pad_0x34c	UNKNOWN
GameSystemCommonParam	341	unknown_0x358	UNKNOWN
GameSystemCommonParam	342	baseScaduBlessingSpEffectId	UNKNOWN
GameSystemCommonParam	343	baseReveredSpiritAshBlessingSpEffectId	UNKNOWN
GameSystemCommonParam	344	unknown_0x368	UNKNOWN
GameSystemCommonParam	345	unknown_0x36c	UNKNOWN
GameSystemCommonParam	346	unknown_0x370	UNKNOWN
GameSystemCommonParam	347	ridingSAReceivedRatePlayer	UNKNOWN
GameSystemCommonParam	348	ridingSAReceivedRateNotPlayer	UNKNOWN
GameSystemCommonParam	349	glovewortCrystalSpiritBuffSpEffectId	UNKNOWN
GameSystemCommonParam	350	unknown_0x380	UNKNOWN
GameSystemCommonParam	351	unknown_0x384	UNKNOWN
GameSystemCommonParam	352	unknownSpEffectId_0x388	UNKNOWN
GameSystemCommonParam	353	unknownSpEffectId_0x38c	UNKNOWN
GameSystemCommonParam	354	unknownSpEffectId_0x390	UNKNOWN
GameSystemCommonParam	355	baseReveredSpiritTorrentBlessingSpEffectId	UNKNOWN
GameSystemCommonParam	356	endPad	UNKNOWN
GameSystemCommonParam	357		UNKNOWN
Gconfig_AAQuality	0	ID	UNKNOWN
Gconfig_AAQuality	1	Name	UNKNOWN
Gconfig_AAQuality	2	enabled	UNKNOWN
Gconfig_AAQuality	3	forceFXAA2	UNKNOWN
Gconfig_AAQuality	4	dmy	UNKNOWN
Gconfig_AAQuality	5		UNKNOWN
Gconfig_AAQuality_ps4	0	ID	UNKNOWN
Gconfig_AAQuality_ps4	1	Name	UNKNOWN
Gconfig_AAQuality_ps4	2	enabled	UNKNOWN
Gconfig_AAQuality_ps4	3	forceFXAA2	UNKNOWN
Gconfig_AAQuality_ps4	4	dmy	UNKNOWN
Gconfig_AAQuality_ps4	5		UNKNOWN
Gconfig_AAQuality_xboxone	0	ID	UNKNOWN
Gconfig_AAQuality_xboxone	1	Name	UNKNOWN
Gconfig_AAQuality_xboxone	2	enabled	UNKNOWN
Gconfig_AAQuality_xboxone	3	forceFXAA2	UNKNOWN
Gconfig_AAQuality_xboxone	4	dmy	UNKNOWN
Gconfig_AAQuality_xboxone	5		UNKNOWN
Gconfig_DecalQuality	0	ID	UNKNOWN
Gconfig_DecalQuality	1	Name	UNKNOWN
Gconfig_DecalQuality	2	enabled	UNKNOWN
Gconfig_DecalQuality	3	dmy	UNKNOWN
Gconfig_DecalQuality	4		UNKNOWN
Gconfig_DOFQuality	0	ID	UNKNOWN
Gconfig_DOFQuality	1	Name	UNKNOWN
Gconfig_DOFQuality	2	enabled	UNKNOWN
Gconfig_DOFQuality	3	dmy	UNKNOWN
Gconfig_DOFQuality	4	forceHiResoBlur	UNKNOWN
Gconfig_DOFQuality	5	maxBlurLevel	UNKNOWN
Gconfig_DOFQuality	6		UNKNOWN
Gconfig_DOFQuality_ps4	0	ID	UNKNOWN
Gconfig_DOFQuality_ps4	1	Name	UNKNOWN
Gconfig_DOFQuality_ps4	2	enabled	UNKNOWN
Gconfig_DOFQuality_ps4	3	dmy	UNKNOWN
Gconfig_DOFQuality_ps4	4	forceHiResoBlur	UNKNOWN
Gconfig_DOFQuality_ps4	5	maxBlurLevel	UNKNOWN
Gconfig_DOFQuality_ps4	6		UNKNOWN
Gconfig_DOFQuality_xboxone	0	ID	UNKNOWN
Gconfig_DOFQuality_xboxone	1	Name	UNKNOWN
Gconfig_DOFQuality_xboxone	2	enabled	UNKNOWN
Gconfig_DOFQuality_xboxone	3	dmy	UNKNOWN
Gconfig_DOFQuality_xboxone	4	forceHiResoBlur	UNKNOWN
Gconfig_DOFQuality_xboxone	5	maxBlurLevel	UNKNOWN
Gconfig_DOFQuality_xboxone	6		UNKNOWN
Gconfig_EffectQuality	0	ID	UNKNOWN
Gconfig_EffectQuality	1	Name	UNKNOWN
Gconfig_EffectQuality	2	softParticleEnabled	UNKNOWN
Gconfig_EffectQuality	3	glowEnabled	UNKNOWN
Gconfig_EffectQuality	4	distortionEnable	UNKNOWN
Gconfig_EffectQuality	5	cs_upScaleEnabledType	UNKNOWN
Gconfig_EffectQuality	6	fNumOnceEmitsScale	UNKNOWN
Gconfig_EffectQuality	7	fEmitSpanScale	UNKNOWN
Gconfig_EffectQuality	8	fLodDistance1Scale	UNKNOWN
Gconfig_EffectQuality	9	fLodDistance2Scale	UNKNOWN
Gconfig_EffectQuality	10	fLodDistance3Scale	UNKNOWN
Gconfig_EffectQuality	11	fLodDistance4Scale	UNKNOWN
Gconfig_EffectQuality	12	fScaleRenderDistanceScale	UNKNOWN
Gconfig_EffectQuality	13	dmy	UNKNOWN
Gconfig_EffectQuality	14		UNKNOWN
Gconfig_EffectQuality_ps4	0	ID	UNKNOWN
Gconfig_EffectQuality_ps4	1	Name	UNKNOWN
Gconfig_EffectQuality_ps4	2	softParticleEnabled	UNKNOWN
Gconfig_EffectQuality_ps4	3	glowEnabled	UNKNOWN
Gconfig_EffectQuality_ps4	4	distortionEnable	UNKNOWN
Gconfig_EffectQuality_ps4	5	cs_upScaleEnabledType	UNKNOWN
Gconfig_EffectQuality_ps4	6	fNumOnceEmitsScale	UNKNOWN
Gconfig_EffectQuality_ps4	7	fEmitSpanScale	UNKNOWN
Gconfig_EffectQuality_ps4	8	fLodDistance1Scale	UNKNOWN
Gconfig_EffectQuality_ps4	9	fLodDistance2Scale	UNKNOWN
Gconfig_EffectQuality_ps4	10	fLodDistance3Scale	UNKNOWN
Gconfig_EffectQuality_ps4	11	fLodDistance4Scale	UNKNOWN
Gconfig_EffectQuality_ps4	12	fScaleRenderDistanceScale	UNKNOWN
Gconfig_EffectQuality_ps4	13	dmy	UNKNOWN
Gconfig_EffectQuality_ps4	14		UNKNOWN
Gconfig_EffectQuality_xboxone	0	ID	UNKNOWN
Gconfig_EffectQuality_xboxone	1	Name	UNKNOWN
Gconfig_EffectQuality_xboxone	2	softParticleEnabled	UNKNOWN
Gconfig_EffectQuality_xboxone	3	glowEnabled	UNKNOWN
Gconfig_EffectQuality_xboxone	4	distortionEnable	UNKNOWN
Gconfig_EffectQuality_xboxone	5	cs_upScaleEnabledType	UNKNOWN
Gconfig_EffectQuality_xboxone	6	fNumOnceEmitsScale	UNKNOWN
Gconfig_EffectQuality_xboxone	7	fEmitSpanScale	UNKNOWN
Gconfig_EffectQuality_xboxone	8	fLodDistance1Scale	UNKNOWN
Gconfig_EffectQuality_xboxone	9	fLodDistance2Scale	UNKNOWN
Gconfig_EffectQuality_xboxone	10	fLodDistance3Scale	UNKNOWN
Gconfig_EffectQuality_xboxone	11	fLodDistance4Scale	UNKNOWN
Gconfig_EffectQuality_xboxone	12	fScaleRenderDistanceScale	UNKNOWN
Gconfig_EffectQuality_xboxone	13	dmy	UNKNOWN
Gconfig_EffectQuality_xboxone	14		UNKNOWN
Gconfig_LightingQuality	0	ID	UNKNOWN
Gconfig_LightingQuality	1	Name	UNKNOWN
Gconfig_LightingQuality	2	localLightDistFactor	UNKNOWN
Gconfig_LightingQuality	3	localLightShadowEnabled	UNKNOWN
Gconfig_LightingQuality	4	forwardPassLightingEnabled	UNKNOWN
Gconfig_LightingQuality	5	localLightShadowSpecLevelMax	UNKNOWN
Gconfig_LightingQuality	6	dmy	UNKNOWN
Gconfig_LightingQuality	7		UNKNOWN
Gconfig_LightingQuality_ps4	0	ID	UNKNOWN
Gconfig_LightingQuality_ps4	1	Name	UNKNOWN
Gconfig_LightingQuality_ps4	2	localLightDistFactor	UNKNOWN
Gconfig_LightingQuality_ps4	3	localLightShadowEnabled	UNKNOWN
Gconfig_LightingQuality_ps4	4	forwardPassLightingEnabled	UNKNOWN
Gconfig_LightingQuality_ps4	5	localLightShadowSpecLevelMax	UNKNOWN
Gconfig_LightingQuality_ps4	6	dmy	UNKNOWN
Gconfig_LightingQuality_ps4	7		UNKNOWN
Gconfig_LightingQuality_ps5	0	ID	UNKNOWN
Gconfig_LightingQuality_ps5	1	Name	UNKNOWN
Gconfig_LightingQuality_ps5	2	localLightDistFactor	UNKNOWN
Gconfig_LightingQuality_ps5	3	localLightShadowEnabled	UNKNOWN
Gconfig_LightingQuality_ps5	4	forwardPassLightingEnabled	UNKNOWN
Gconfig_LightingQuality_ps5	5	localLightShadowSpecLevelMax	UNKNOWN
Gconfig_LightingQuality_ps5	6	dmy	UNKNOWN
Gconfig_LightingQuality_ps5	7		UNKNOWN
Gconfig_LightingQuality_scarlett	0	ID	UNKNOWN
Gconfig_LightingQuality_scarlett	1	Name	UNKNOWN
Gconfig_LightingQuality_scarlett	2	localLightDistFactor	UNKNOWN
Gconfig_LightingQuality_scarlett	3	localLightShadowEnabled	UNKNOWN
Gconfig_LightingQuality_scarlett	4	forwardPassLightingEnabled	UNKNOWN
Gconfig_LightingQuality_scarlett	5	localLightShadowSpecLevelMax	UNKNOWN
Gconfig_LightingQuality_scarlett	6	dmy	UNKNOWN
Gconfig_LightingQuality_scarlett	7		UNKNOWN
Gconfig_LightingQuality_xboxone	0	ID	UNKNOWN
Gconfig_LightingQuality_xboxone	1	Name	UNKNOWN
Gconfig_LightingQuality_xboxone	2	localLightDistFactor	UNKNOWN
Gconfig_LightingQuality_xboxone	3	localLightShadowEnabled	UNKNOWN
Gconfig_LightingQuality_xboxone	4	forwardPassLightingEnabled	UNKNOWN
Gconfig_LightingQuality_xboxone	5	localLightShadowSpecLevelMax	UNKNOWN
Gconfig_LightingQuality_xboxone	6	dmy	UNKNOWN
Gconfig_LightingQuality_xboxone	7		UNKNOWN
Gconfig_MotionBlurQuality	0	ID	UNKNOWN
Gconfig_MotionBlurQuality	1	Name	UNKNOWN
Gconfig_MotionBlurQuality	2	enabled	UNKNOWN
Gconfig_MotionBlurQuality	3	ombEnabled	UNKNOWN
Gconfig_MotionBlurQuality	4	forceScaleVelocityBuffer	UNKNOWN
Gconfig_MotionBlurQuality	5	cheapFilterMode	UNKNOWN
Gconfig_MotionBlurQuality	6	sampleCountBias	UNKNOWN
Gconfig_MotionBlurQuality	7	recurrenceCountBias	UNKNOWN
Gconfig_MotionBlurQuality	8	blurMaxLengthScale	UNKNOWN
Gconfig_MotionBlurQuality	9		UNKNOWN
Gconfig_MotionBlurQuality_ps4	0	ID	UNKNOWN
Gconfig_MotionBlurQuality_ps4	1	Name	UNKNOWN
Gconfig_MotionBlurQuality_ps4	2	enabled	UNKNOWN
Gconfig_MotionBlurQuality_ps4	3	ombEnabled	UNKNOWN
Gconfig_MotionBlurQuality_ps4	4	forceScaleVelocityBuffer	UNKNOWN
Gconfig_MotionBlurQuality_ps4	5	cheapFilterMode	UNKNOWN
Gconfig_MotionBlurQuality_ps4	6	sampleCountBias	UNKNOWN
Gconfig_MotionBlurQuality_ps4	7	recurrenceCountBias	UNKNOWN
Gconfig_MotionBlurQuality_ps4	8	blurMaxLengthScale	UNKNOWN
Gconfig_MotionBlurQuality_ps4	9		UNKNOWN
Gconfig_MotionBlurQuality_xboxone	0	ID	UNKNOWN
Gconfig_MotionBlurQuality_xboxone	1	Name	UNKNOWN
Gconfig_MotionBlurQuality_xboxone	2	enabled	UNKNOWN
Gconfig_MotionBlurQuality_xboxone	3	ombEnabled	UNKNOWN
Gconfig_MotionBlurQuality_xboxone	4	forceScaleVelocityBuffer	UNKNOWN
Gconfig_MotionBlurQuality_xboxone	5	cheapFilterMode	UNKNOWN
Gconfig_MotionBlurQuality_xboxone	6	sampleCountBias	UNKNOWN
Gconfig_MotionBlurQuality_xboxone	7	recurrenceCountBias	UNKNOWN
Gconfig_MotionBlurQuality_xboxone	8	blurMaxLengthScale	UNKNOWN
Gconfig_MotionBlurQuality_xboxone	9		UNKNOWN
Gconfig_RaytracingQuality	0	ID	UNKNOWN
Gconfig_RaytracingQuality	1	Name	UNKNOWN
Gconfig_RaytracingQuality	2	enableRaytraceAO	UNKNOWN
Gconfig_RaytracingQuality	3	enableRaytraceShadows	UNKNOWN
Gconfig_RaytracingQuality	4	Unk0x02	UNKNOWN
Gconfig_RaytracingQuality	5	Unk0x03	UNKNOWN
Gconfig_RaytracingQuality	6	UnkFloat0x04	UNKNOWN
Gconfig_RaytracingQuality	7	Unk0x08	UNKNOWN
Gconfig_RaytracingQuality	8	UnkFloat0x0C	UNKNOWN
Gconfig_RaytracingQuality	9	Unk0x10	UNKNOWN
Gconfig_RaytracingQuality	10	penumbraSize	UNKNOWN
Gconfig_RaytracingQuality	11	renderDistance	UNKNOWN
Gconfig_RaytracingQuality	12		UNKNOWN
Gconfig_RaytracingQuality_ps5	0	ID	UNKNOWN
Gconfig_RaytracingQuality_ps5	1	Name	UNKNOWN
Gconfig_RaytracingQuality_ps5	2	enableRaytraceAO	UNKNOWN
Gconfig_RaytracingQuality_ps5	3	enableRaytraceShadows	UNKNOWN
Gconfig_RaytracingQuality_ps5	4	Unk0x02	UNKNOWN
Gconfig_RaytracingQuality_ps5	5	Unk0x03	UNKNOWN
Gconfig_RaytracingQuality_ps5	6	UnkFloat0x04	UNKNOWN
Gconfig_RaytracingQuality_ps5	7	Unk0x08	UNKNOWN
Gconfig_RaytracingQuality_ps5	8	UnkFloat0x0C	UNKNOWN
Gconfig_RaytracingQuality_ps5	9	Unk0x10	UNKNOWN
Gconfig_RaytracingQuality_ps5	10	penumbraSize	UNKNOWN
Gconfig_RaytracingQuality_ps5	11	renderDistance	UNKNOWN
Gconfig_RaytracingQuality_ps5	12		UNKNOWN
Gconfig_RaytracingQuality_scarlett	0	ID	UNKNOWN
Gconfig_RaytracingQuality_scarlett	1	Name	UNKNOWN
Gconfig_RaytracingQuality_scarlett	2	enableRaytraceAO	UNKNOWN
Gconfig_RaytracingQuality_scarlett	3	enableRaytraceShadows	UNKNOWN
Gconfig_RaytracingQuality_scarlett	4	Unk0x02	UNKNOWN
Gconfig_RaytracingQuality_scarlett	5	Unk0x03	UNKNOWN
Gconfig_RaytracingQuality_scarlett	6	UnkFloat0x04	UNKNOWN
Gconfig_RaytracingQuality_scarlett	7	Unk0x08	UNKNOWN
Gconfig_RaytracingQuality_scarlett	8	UnkFloat0x0C	UNKNOWN
Gconfig_RaytracingQuality_scarlett	9	Unk0x10	UNKNOWN
Gconfig_RaytracingQuality_scarlett	10	penumbraSize	UNKNOWN
Gconfig_RaytracingQuality_scarlett	11	renderDistance	UNKNOWN
Gconfig_RaytracingQuality_scarlett	12		UNKNOWN
Gconfig_ReflectionQuality	0	ID	UNKNOWN
Gconfig_ReflectionQuality	1	Name	UNKNOWN
Gconfig_ReflectionQuality	2	enabled	UNKNOWN
Gconfig_ReflectionQuality	3	localLightEnabled	UNKNOWN
Gconfig_ReflectionQuality	4	localLightForceEnabled	UNKNOWN
Gconfig_ReflectionQuality	5	dmy	UNKNOWN
Gconfig_ReflectionQuality	6	resolutionDivider	UNKNOWN
Gconfig_ReflectionQuality	7	ssrEnabled	UNKNOWN
Gconfig_ReflectionQuality	8	ssrGaussianBlurEnabled	UNKNOWN
Gconfig_ReflectionQuality	9	dmy2	UNKNOWN
Gconfig_ReflectionQuality	10	ssrDepthRejectThresholdScale	UNKNOWN
Gconfig_ReflectionQuality	11	ssrRayTraceStepScale	UNKNOWN
Gconfig_ReflectionQuality	12	ssrFadeToViewerBias	UNKNOWN
Gconfig_ReflectionQuality	13	ssrFresnelRejectBias	UNKNOWN
Gconfig_ReflectionQuality	14		UNKNOWN
Gconfig_ReflectionQuality_ps4	0	ID	UNKNOWN
Gconfig_ReflectionQuality_ps4	1	Name	UNKNOWN
Gconfig_ReflectionQuality_ps4	2	enabled	UNKNOWN
Gconfig_ReflectionQuality_ps4	3	localLightEnabled	UNKNOWN
Gconfig_ReflectionQuality_ps4	4	localLightForceEnabled	UNKNOWN
Gconfig_ReflectionQuality_ps4	5	dmy	UNKNOWN
Gconfig_ReflectionQuality_ps4	6	resolutionDivider	UNKNOWN
Gconfig_ReflectionQuality_ps4	7	ssrEnabled	UNKNOWN
Gconfig_ReflectionQuality_ps4	8	ssrGaussianBlurEnabled	UNKNOWN
Gconfig_ReflectionQuality_ps4	9	dmy2	UNKNOWN
Gconfig_ReflectionQuality_ps4	10	ssrDepthRejectThresholdScale	UNKNOWN
Gconfig_ReflectionQuality_ps4	11	ssrRayTraceStepScale	UNKNOWN
Gconfig_ReflectionQuality_ps4	12	ssrFadeToViewerBias	UNKNOWN
Gconfig_ReflectionQuality_ps4	13	ssrFresnelRejectBias	UNKNOWN
Gconfig_ReflectionQuality_ps4	14		UNKNOWN
Gconfig_ReflectionQuality_xboxone	0	ID	UNKNOWN
Gconfig_ReflectionQuality_xboxone	1	Name	UNKNOWN
Gconfig_ReflectionQuality_xboxone	2	enabled	UNKNOWN
Gconfig_ReflectionQuality_xboxone	3	localLightEnabled	UNKNOWN
Gconfig_ReflectionQuality_xboxone	4	localLightForceEnabled	UNKNOWN
Gconfig_ReflectionQuality_xboxone	5	dmy	UNKNOWN
Gconfig_ReflectionQuality_xboxone	6	resolutionDivider	UNKNOWN
Gconfig_ReflectionQuality_xboxone	7	ssrEnabled	UNKNOWN
Gconfig_ReflectionQuality_xboxone	8	ssrGaussianBlurEnabled	UNKNOWN
Gconfig_ReflectionQuality_xboxone	9	dmy2	UNKNOWN
Gconfig_ReflectionQuality_xboxone	10	ssrDepthRejectThresholdScale	UNKNOWN
Gconfig_ReflectionQuality_xboxone	11	ssrRayTraceStepScale	UNKNOWN
Gconfig_ReflectionQuality_xboxone	12	ssrFadeToViewerBias	UNKNOWN
Gconfig_ReflectionQuality_xboxone	13	ssrFresnelRejectBias	UNKNOWN
Gconfig_ReflectionQuality_xboxone	14		UNKNOWN
Gconfig_ShaderQuality	0	ID	UNKNOWN
Gconfig_ShaderQuality	1	Name	UNKNOWN
Gconfig_ShaderQuality	2	sssEnabled	UNKNOWN
Gconfig_ShaderQuality	3	tessellationEnabled	UNKNOWN
Gconfig_ShaderQuality	4	highPrecisionNormalEnabled	UNKNOWN
Gconfig_ShaderQuality	5	dmy	UNKNOWN
Gconfig_ShaderQuality	6		UNKNOWN
Gconfig_ShaderQuality_ps4	0	ID	UNKNOWN
Gconfig_ShaderQuality_ps4	1	Name	UNKNOWN
Gconfig_ShaderQuality_ps4	2	sssEnabled	UNKNOWN
Gconfig_ShaderQuality_ps4	3	tessellationEnabled	UNKNOWN
Gconfig_ShaderQuality_ps4	4	highPrecisionNormalEnabled	UNKNOWN
Gconfig_ShaderQuality_ps4	5	dmy	UNKNOWN
Gconfig_ShaderQuality_ps4	6		UNKNOWN
Gconfig_ShaderQuality_xboxone	0	ID	UNKNOWN
Gconfig_ShaderQuality_xboxone	1	Name	UNKNOWN
Gconfig_ShaderQuality_xboxone	2	sssEnabled	UNKNOWN
Gconfig_ShaderQuality_xboxone	3	tessellationEnabled	UNKNOWN
Gconfig_ShaderQuality_xboxone	4	highPrecisionNormalEnabled	UNKNOWN
Gconfig_ShaderQuality_xboxone	5	dmy	UNKNOWN
Gconfig_ShaderQuality_xboxone	6		UNKNOWN
Gconfig_ShadowQuality	0	ID	UNKNOWN
Gconfig_ShadowQuality	1	Name	UNKNOWN
Gconfig_ShadowQuality	2	enabled	UNKNOWN
Gconfig_ShadowQuality	3	maxFilterLevel	UNKNOWN
Gconfig_ShadowQuality	4	dmy	UNKNOWN
Gconfig_ShadowQuality	5	textureSizeScaler	UNKNOWN
Gconfig_ShadowQuality	6	textureSizeDivider	UNKNOWN
Gconfig_ShadowQuality	7	textureMinSize	UNKNOWN
Gconfig_ShadowQuality	8	textureMaxSize	UNKNOWN
Gconfig_ShadowQuality	9	blurCountBias	UNKNOWN
Gconfig_ShadowQuality	10		UNKNOWN
Gconfig_ShadowQuality_ps4	0	ID	UNKNOWN
Gconfig_ShadowQuality_ps4	1	Name	UNKNOWN
Gconfig_ShadowQuality_ps4	2	enabled	UNKNOWN
Gconfig_ShadowQuality_ps4	3	maxFilterLevel	UNKNOWN
Gconfig_ShadowQuality_ps4	4	dmy	UNKNOWN
Gconfig_ShadowQuality_ps4	5	textureSizeScaler	UNKNOWN
Gconfig_ShadowQuality_ps4	6	textureSizeDivider	UNKNOWN
Gconfig_ShadowQuality_ps4	7	textureMinSize	UNKNOWN
Gconfig_ShadowQuality_ps4	8	textureMaxSize	UNKNOWN
Gconfig_ShadowQuality_ps4	9	blurCountBias	UNKNOWN
Gconfig_ShadowQuality_ps4	10		UNKNOWN
Gconfig_ShadowQuality_xboxone	0	ID	UNKNOWN
Gconfig_ShadowQuality_xboxone	1	Name	UNKNOWN
Gconfig_ShadowQuality_xboxone	2	enabled	UNKNOWN
Gconfig_ShadowQuality_xboxone	3	maxFilterLevel	UNKNOWN
Gconfig_ShadowQuality_xboxone	4	dmy	UNKNOWN
Gconfig_ShadowQuality_xboxone	5	textureSizeScaler	UNKNOWN
Gconfig_ShadowQuality_xboxone	6	textureSizeDivider	UNKNOWN
Gconfig_ShadowQuality_xboxone	7	textureMinSize	UNKNOWN
Gconfig_ShadowQuality_xboxone	8	textureMaxSize	UNKNOWN
Gconfig_ShadowQuality_xboxone	9	blurCountBias	UNKNOWN
Gconfig_ShadowQuality_xboxone	10		UNKNOWN
Gconfig_SSAOQuality	0	ID	UNKNOWN
Gconfig_SSAOQuality	1	Name	UNKNOWN
Gconfig_SSAOQuality	2	enabled	UNKNOWN
Gconfig_SSAOQuality	3	cs_reprojEnabledType	UNKNOWN
Gconfig_SSAOQuality	4	cs_upScaleEnabledType	UNKNOWN
Gconfig_SSAOQuality	5	cs_useNormalEnabledType	UNKNOWN
Gconfig_SSAOQuality	6	dmy	UNKNOWN
Gconfig_SSAOQuality	7		UNKNOWN
Gconfig_SSAOQuality_ps4	0	ID	UNKNOWN
Gconfig_SSAOQuality_ps4	1	Name	UNKNOWN
Gconfig_SSAOQuality_ps4	2	enabled	UNKNOWN
Gconfig_SSAOQuality_ps4	3	cs_reprojEnabledType	UNKNOWN
Gconfig_SSAOQuality_ps4	4	cs_upScaleEnabledType	UNKNOWN
Gconfig_SSAOQuality_ps4	5	cs_useNormalEnabledType	UNKNOWN
Gconfig_SSAOQuality_ps4	6	dmy	UNKNOWN
Gconfig_SSAOQuality_ps4	7		UNKNOWN
Gconfig_SSAOQuality_xboxone	0	ID	UNKNOWN
Gconfig_SSAOQuality_xboxone	1	Name	UNKNOWN
Gconfig_SSAOQuality_xboxone	2	enabled	UNKNOWN
Gconfig_SSAOQuality_xboxone	3	cs_reprojEnabledType	UNKNOWN
Gconfig_SSAOQuality_xboxone	4	cs_upScaleEnabledType	UNKNOWN
Gconfig_SSAOQuality_xboxone	5	cs_useNormalEnabledType	UNKNOWN
Gconfig_SSAOQuality_xboxone	6	dmy	UNKNOWN
Gconfig_SSAOQuality_xboxone	7		UNKNOWN
Gconfig_TextureFilterQuality	0	ID	UNKNOWN
Gconfig_TextureFilterQuality	1	Name	UNKNOWN
Gconfig_TextureFilterQuality	2	filter	UNKNOWN
Gconfig_TextureFilterQuality	3	dmy	UNKNOWN
Gconfig_TextureFilterQuality	4	maxAnisoLevel	UNKNOWN
Gconfig_TextureFilterQuality	5		UNKNOWN
Gconfig_TextureFilterQuality_ps4	0	ID	UNKNOWN
Gconfig_TextureFilterQuality_ps4	1	Name	UNKNOWN
Gconfig_TextureFilterQuality_ps4	2	filter	UNKNOWN
Gconfig_TextureFilterQuality_ps4	3	dmy	UNKNOWN
Gconfig_TextureFilterQuality_ps4	4	maxAnisoLevel	UNKNOWN
Gconfig_TextureFilterQuality_ps4	5		UNKNOWN
Gconfig_TextureFilterQuality_xboxone	0	ID	UNKNOWN
Gconfig_TextureFilterQuality_xboxone	1	Name	UNKNOWN
Gconfig_TextureFilterQuality_xboxone	2	filter	UNKNOWN
Gconfig_TextureFilterQuality_xboxone	3	dmy	UNKNOWN
Gconfig_TextureFilterQuality_xboxone	4	maxAnisoLevel	UNKNOWN
Gconfig_TextureFilterQuality_xboxone	5		UNKNOWN
Gconfig_VolumetricEffectQuality	0	ID	UNKNOWN
Gconfig_VolumetricEffectQuality	1	Name	UNKNOWN
Gconfig_VolumetricEffectQuality	2	fogEnabled	UNKNOWN
Gconfig_VolumetricEffectQuality	3	fogShadowEnabled	UNKNOWN
Gconfig_VolumetricEffectQuality	4	dmy	UNKNOWN
Gconfig_VolumetricEffectQuality	5	fogShadowSampleCountBias	UNKNOWN
Gconfig_VolumetricEffectQuality	6	fogLocalLightDistScale	UNKNOWN
Gconfig_VolumetricEffectQuality	7	fogVolueSizeScaler	UNKNOWN
Gconfig_VolumetricEffectQuality	8	fogVolueSizeDivider	UNKNOWN
Gconfig_VolumetricEffectQuality	9	fogVolumeDepthScaler	UNKNOWN
Gconfig_VolumetricEffectQuality	10	fogVolumeDepthDivider	UNKNOWN
Gconfig_VolumetricEffectQuality	11	fogVolumeEnabled	UNKNOWN
Gconfig_VolumetricEffectQuality	12	fogVolumeUpScaleType	UNKNOWN
Gconfig_VolumetricEffectQuality	13	fogVolumeEdgeCorrectionLevel	UNKNOWN
Gconfig_VolumetricEffectQuality	14	fogVolumeRayMarcingSampleCountOffset	UNKNOWN
Gconfig_VolumetricEffectQuality	15	fogVolumeShadowEnabled	UNKNOWN
Gconfig_VolumetricEffectQuality	16	fogVolumeForceShadowing	UNKNOWN
Gconfig_VolumetricEffectQuality	17	fogVolumeResolution	UNKNOWN
Gconfig_VolumetricEffectQuality	18	pad2	UNKNOWN
Gconfig_VolumetricEffectQuality	19		UNKNOWN
Gconfig_VolumetricEffectQuality_ps4	0	ID	UNKNOWN
Gconfig_VolumetricEffectQuality_ps4	1	Name	UNKNOWN
Gconfig_VolumetricEffectQuality_ps4	2	fogEnabled	UNKNOWN
Gconfig_VolumetricEffectQuality_ps4	3	fogShadowEnabled	UNKNOWN
Gconfig_VolumetricEffectQuality_ps4	4	dmy	UNKNOWN
Gconfig_VolumetricEffectQuality_ps4	5	fogShadowSampleCountBias	UNKNOWN
Gconfig_VolumetricEffectQuality_ps4	6	fogLocalLightDistScale	UNKNOWN
Gconfig_VolumetricEffectQuality_ps4	7	fogVolueSizeScaler	UNKNOWN
Gconfig_VolumetricEffectQuality_ps4	8	fogVolueSizeDivider	UNKNOWN
Gconfig_VolumetricEffectQuality_ps4	9	fogVolumeDepthScaler	UNKNOWN
Gconfig_VolumetricEffectQuality_ps4	10	fogVolumeDepthDivider	UNKNOWN
Gconfig_VolumetricEffectQuality_ps4	11	fogVolumeEnabled	UNKNOWN
Gconfig_VolumetricEffectQuality_ps4	12	fogVolumeUpScaleType	UNKNOWN
Gconfig_VolumetricEffectQuality_ps4	13	fogVolumeEdgeCorrectionLevel	UNKNOWN
Gconfig_VolumetricEffectQuality_ps4	14	fogVolumeRayMarcingSampleCountOffset	UNKNOWN
Gconfig_VolumetricEffectQuality_ps4	15	fogVolumeShadowEnabled	UNKNOWN
Gconfig_VolumetricEffectQuality_ps4	16	fogVolumeForceShadowing	UNKNOWN
Gconfig_VolumetricEffectQuality_ps4	17	fogVolumeResolution	UNKNOWN
Gconfig_VolumetricEffectQuality_ps4	18	pad2	UNKNOWN
Gconfig_VolumetricEffectQuality_ps4	19		UNKNOWN
Gconfig_VolumetricEffectQuality_xboxone	0	ID	UNKNOWN
Gconfig_VolumetricEffectQuality_xboxone	1	Name	UNKNOWN
Gconfig_VolumetricEffectQuality_xboxone	2	fogEnabled	UNKNOWN
Gconfig_VolumetricEffectQuality_xboxone	3	fogShadowEnabled	UNKNOWN
Gconfig_VolumetricEffectQuality_xboxone	4	dmy	UNKNOWN
Gconfig_VolumetricEffectQuality_xboxone	5	fogShadowSampleCountBias	UNKNOWN
Gconfig_VolumetricEffectQuality_xboxone	6	fogLocalLightDistScale	UNKNOWN
Gconfig_VolumetricEffectQuality_xboxone	7	fogVolueSizeScaler	UNKNOWN
Gconfig_VolumetricEffectQuality_xboxone	8	fogVolueSizeDivider	UNKNOWN
Gconfig_VolumetricEffectQuality_xboxone	9	fogVolumeDepthScaler	UNKNOWN
Gconfig_VolumetricEffectQuality_xboxone	10	fogVolumeDepthDivider	UNKNOWN
Gconfig_VolumetricEffectQuality_xboxone	11	fogVolumeEnabled	UNKNOWN
Gconfig_VolumetricEffectQuality_xboxone	12	fogVolumeUpScaleType	UNKNOWN
Gconfig_VolumetricEffectQuality_xboxone	13	fogVolumeEdgeCorrectionLevel	UNKNOWN
Gconfig_VolumetricEffectQuality_xboxone	14	fogVolumeRayMarcingSampleCountOffset	UNKNOWN
Gconfig_VolumetricEffectQuality_xboxone	15	fogVolumeShadowEnabled	UNKNOWN
Gconfig_VolumetricEffectQuality_xboxone	16	fogVolumeForceShadowing	UNKNOWN
Gconfig_VolumetricEffectQuality_xboxone	17	fogVolumeResolution	UNKNOWN
Gconfig_VolumetricEffectQuality_xboxone	18	pad2	UNKNOWN
Gconfig_VolumetricEffectQuality_xboxone	19		UNKNOWN
Gconfig_WaterQuality	0	ID	UNKNOWN
Gconfig_WaterQuality	1	Name	UNKNOWN
Gconfig_WaterQuality	2	interactionEnabled	UNKNOWN
Gconfig_WaterQuality	3	dmy	UNKNOWN
Gconfig_WaterQuality	4		UNKNOWN
GestureParam	0	ID	UNKNOWN
GestureParam	1	Name	UNKNOWN
GestureParam	2	disableParam_NT	UNKNOWN
GestureParam	3	disableParamReserve1	UNKNOWN
GestureParam	4	disableParamReserve2	UNKNOWN
GestureParam	5	itemId	UNKNOWN
GestureParam	6	msgAnimId	UNKNOWN
GestureParam	7	cannotUseRiding	UNKNOWN
GestureParam	8	pad2	UNKNOWN
GestureParam	9	pad1	UNKNOWN
GestureParam	10		UNKNOWN
GparamRefSettings	0	ID	UNKNOWN
GparamRefSettings	1	Name	UNKNOWN
GparamRefSettings	2	disableParam_NT	UNKNOWN
GparamRefSettings	3	disableParamReserve1	UNKNOWN
GparamRefSettings	4	disableParamReserve2	UNKNOWN
GparamRefSettings	5	RefTargetMapId	UNKNOWN
GparamRefSettings	6	Reserve	UNKNOWN
GparamRefSettings	7		UNKNOWN
GraphicsCommonParam	0	ID	UNKNOWN
GraphicsCommonParam	1	Name	UNKNOWN
GraphicsCommonParam	2	hitBulletDecalOffset_HitIns	UNKNOWN
GraphicsCommonParam	3	reserved02	UNKNOWN
GraphicsCommonParam	4	charaWetDecalFadeRange	UNKNOWN
GraphicsCommonParam	5	reserved04	UNKNOWN
GraphicsCommonParam	6		UNKNOWN
GraphicsConfig	0	ID	UNKNOWN
GraphicsConfig	1	Name	UNKNOWN
GraphicsConfig	2	m_textureFilterQuality	UNKNOWN
GraphicsConfig	3	m_aaQuality	UNKNOWN
GraphicsConfig	4	m_ssaoQuality	UNKNOWN
GraphicsConfig	5	m_dofQuality	UNKNOWN
GraphicsConfig	6	m_motionBlurQuality	UNKNOWN
GraphicsConfig	7	m_shadowQuality	UNKNOWN
GraphicsConfig	8	m_lightingQuality	UNKNOWN
GraphicsConfig	9	m_effectQuality	UNKNOWN
GraphicsConfig	10	m_decalQuality	UNKNOWN
GraphicsConfig	11	m_reflectionQuality	UNKNOWN
GraphicsConfig	12	m_waterQuality	UNKNOWN
GraphicsConfig	13	m_shaderQuality	UNKNOWN
GraphicsConfig	14	m_volumetricEffectQuality	UNKNOWN
GraphicsConfig	15	m_RayTracingQuality	UNKNOWN
GraphicsConfig	16	m_dummy	UNKNOWN
GraphicsConfig	17		UNKNOWN
GrassLodRangeParam	0	ID	UNKNOWN
GrassLodRangeParam	1	Name	UNKNOWN
GrassLodRangeParam	2	LOD0_range	UNKNOWN
GrassLodRangeParam	3	LOD0_play	UNKNOWN
GrassLodRangeParam	4	LOD1_range	UNKNOWN
GrassLodRangeParam	5	LOD1_play	UNKNOWN
GrassLodRangeParam	6	LOD2_range	UNKNOWN
GrassLodRangeParam	7	LOD2_play	UNKNOWN
GrassLodRangeParam	8		UNKNOWN
GrassTypeParam	0	ID	UNKNOWN
GrassTypeParam	1	Name	UNKNOWN
GrassTypeParam	2	lodRange	UNKNOWN
GrassTypeParam	3	lod0ClusterType	UNKNOWN
GrassTypeParam	4	lod1ClusterType	UNKNOWN
GrassTypeParam	5	lod2ClusterType	UNKNOWN
GrassTypeParam	6	pad0	UNKNOWN
GrassTypeParam	7	distributionType	UNKNOWN
GrassTypeParam	8	baseDensity	UNKNOWN
GrassTypeParam	9	model0Name	UNKNOWN
GrassTypeParam	10	flatTextureName	UNKNOWN
GrassTypeParam	11	billboardTextureName	UNKNOWN
GrassTypeParam	12	normalInfluence	UNKNOWN
GrassTypeParam	13	inclinationMax	UNKNOWN
GrassTypeParam	14	inclinationJitter	UNKNOWN
GrassTypeParam	15	scaleBaseMin	UNKNOWN
GrassTypeParam	16	scaleBaseMax	UNKNOWN
GrassTypeParam	17	scaleHeightMin	UNKNOWN
GrassTypeParam	18	scaleHeightMax	UNKNOWN
GrassTypeParam	19	colorShade1_r	UNKNOWN
GrassTypeParam	20	colorShade1_g	UNKNOWN
GrassTypeParam	21	colorShade1_b	UNKNOWN
GrassTypeParam	22	colorShade2_r	UNKNOWN
GrassTypeParam	23	colorShade2_g	UNKNOWN
GrassTypeParam	24	colorShade2_b	UNKNOWN
GrassTypeParam	25	flatSplitType	UNKNOWN
GrassTypeParam	26	flatBladeCount	UNKNOWN
GrassTypeParam	27	flatSlant	UNKNOWN
GrassTypeParam	28	flatRadius	UNKNOWN
GrassTypeParam	29	castShadow	UNKNOWN
GrassTypeParam	30	windAmplitude	UNKNOWN
GrassTypeParam	31	pad1	UNKNOWN
GrassTypeParam	32	windCycle	UNKNOWN
GrassTypeParam	33	orientationAngle	UNKNOWN
GrassTypeParam	34	orientationRange	UNKNOWN
GrassTypeParam	35	spacing	UNKNOWN
GrassTypeParam	36	dithering	UNKNOWN
GrassTypeParam	37	pad	UNKNOWN
GrassTypeParam	38	simpleModelName	UNKNOWN
GrassTypeParam	39	model1Name	UNKNOWN
GrassTypeParam	40		UNKNOWN
GrassTypeParam_Lv1	0	ID	UNKNOWN
GrassTypeParam_Lv1	1	Name	UNKNOWN
GrassTypeParam_Lv1	2	lodRange	UNKNOWN
GrassTypeParam_Lv1	3	lod0ClusterType	UNKNOWN
GrassTypeParam_Lv1	4	lod1ClusterType	UNKNOWN
GrassTypeParam_Lv1	5	lod2ClusterType	UNKNOWN
GrassTypeParam_Lv1	6	pad0	UNKNOWN
GrassTypeParam_Lv1	7	distributionType	UNKNOWN
GrassTypeParam_Lv1	8	baseDensity	UNKNOWN
GrassTypeParam_Lv1	9	model0Name	UNKNOWN
GrassTypeParam_Lv1	10	flatTextureName	UNKNOWN
GrassTypeParam_Lv1	11	billboardTextureName	UNKNOWN
GrassTypeParam_Lv1	12	normalInfluence	UNKNOWN
GrassTypeParam_Lv1	13	inclinationMax	UNKNOWN
GrassTypeParam_Lv1	14	inclinationJitter	UNKNOWN
GrassTypeParam_Lv1	15	scaleBaseMin	UNKNOWN
GrassTypeParam_Lv1	16	scaleBaseMax	UNKNOWN
GrassTypeParam_Lv1	17	scaleHeightMin	UNKNOWN
GrassTypeParam_Lv1	18	scaleHeightMax	UNKNOWN
GrassTypeParam_Lv1	19	colorShade1_r	UNKNOWN
GrassTypeParam_Lv1	20	colorShade1_g	UNKNOWN
GrassTypeParam_Lv1	21	colorShade1_b	UNKNOWN
GrassTypeParam_Lv1	22	colorShade2_r	UNKNOWN
GrassTypeParam_Lv1	23	colorShade2_g	UNKNOWN
GrassTypeParam_Lv1	24	colorShade2_b	UNKNOWN
GrassTypeParam_Lv1	25	flatSplitType	UNKNOWN
GrassTypeParam_Lv1	26	flatBladeCount	UNKNOWN
GrassTypeParam_Lv1	27	flatSlant	UNKNOWN
GrassTypeParam_Lv1	28	flatRadius	UNKNOWN
GrassTypeParam_Lv1	29	castShadow	UNKNOWN
GrassTypeParam_Lv1	30	windAmplitude	UNKNOWN
GrassTypeParam_Lv1	31	pad1	UNKNOWN
GrassTypeParam_Lv1	32	windCycle	UNKNOWN
GrassTypeParam_Lv1	33	orientationAngle	UNKNOWN
GrassTypeParam_Lv1	34	orientationRange	UNKNOWN
GrassTypeParam_Lv1	35	spacing	UNKNOWN
GrassTypeParam_Lv1	36	dithering	UNKNOWN
GrassTypeParam_Lv1	37	pad	UNKNOWN
GrassTypeParam_Lv1	38	simpleModelName	UNKNOWN
GrassTypeParam_Lv1	39	model1Name	UNKNOWN
GrassTypeParam_Lv1	40		UNKNOWN
GrassTypeParam_Lv2	0	ID	UNKNOWN
GrassTypeParam_Lv2	1	Name	UNKNOWN
GrassTypeParam_Lv2	2	lodRange	UNKNOWN
GrassTypeParam_Lv2	3	lod0ClusterType	UNKNOWN
GrassTypeParam_Lv2	4	lod1ClusterType	UNKNOWN
GrassTypeParam_Lv2	5	lod2ClusterType	UNKNOWN
GrassTypeParam_Lv2	6	pad0	UNKNOWN
GrassTypeParam_Lv2	7	distributionType	UNKNOWN
GrassTypeParam_Lv2	8	baseDensity	UNKNOWN
GrassTypeParam_Lv2	9	model0Name	UNKNOWN
GrassTypeParam_Lv2	10	flatTextureName	UNKNOWN
GrassTypeParam_Lv2	11	billboardTextureName	UNKNOWN
GrassTypeParam_Lv2	12	normalInfluence	UNKNOWN
GrassTypeParam_Lv2	13	inclinationMax	UNKNOWN
GrassTypeParam_Lv2	14	inclinationJitter	UNKNOWN
GrassTypeParam_Lv2	15	scaleBaseMin	UNKNOWN
GrassTypeParam_Lv2	16	scaleBaseMax	UNKNOWN
GrassTypeParam_Lv2	17	scaleHeightMin	UNKNOWN
GrassTypeParam_Lv2	18	scaleHeightMax	UNKNOWN
GrassTypeParam_Lv2	19	colorShade1_r	UNKNOWN
GrassTypeParam_Lv2	20	colorShade1_g	UNKNOWN
GrassTypeParam_Lv2	21	colorShade1_b	UNKNOWN
GrassTypeParam_Lv2	22	colorShade2_r	UNKNOWN
GrassTypeParam_Lv2	23	colorShade2_g	UNKNOWN
GrassTypeParam_Lv2	24	colorShade2_b	UNKNOWN
GrassTypeParam_Lv2	25	flatSplitType	UNKNOWN
GrassTypeParam_Lv2	26	flatBladeCount	UNKNOWN
GrassTypeParam_Lv2	27	flatSlant	UNKNOWN
GrassTypeParam_Lv2	28	flatRadius	UNKNOWN
GrassTypeParam_Lv2	29	castShadow	UNKNOWN
GrassTypeParam_Lv2	30	windAmplitude	UNKNOWN
GrassTypeParam_Lv2	31	pad1	UNKNOWN
GrassTypeParam_Lv2	32	windCycle	UNKNOWN
GrassTypeParam_Lv2	33	orientationAngle	UNKNOWN
GrassTypeParam_Lv2	34	orientationRange	UNKNOWN
GrassTypeParam_Lv2	35	spacing	UNKNOWN
GrassTypeParam_Lv2	36	dithering	UNKNOWN
GrassTypeParam_Lv2	37	pad	UNKNOWN
GrassTypeParam_Lv2	38	simpleModelName	UNKNOWN
GrassTypeParam_Lv2	39	model1Name	UNKNOWN
GrassTypeParam_Lv2	40		UNKNOWN
HitEffectSeParam	0	ID	UNKNOWN
HitEffectSeParam	1	Name	UNKNOWN
HitEffectSeParam	2	Iron_Slash_S	UNKNOWN
HitEffectSeParam	3	Iron_Slash_L	UNKNOWN
HitEffectSeParam	4	Iron_Slash_LL	UNKNOWN
HitEffectSeParam	5	Iron_Thrust_S	UNKNOWN
HitEffectSeParam	6	Iron_Thrust_L	UNKNOWN
HitEffectSeParam	7	Iron_Thrust_LL	UNKNOWN
HitEffectSeParam	8	Iron_Blow_S	UNKNOWN
HitEffectSeParam	9	Iron_Blow_L	UNKNOWN
HitEffectSeParam	10	Iron_Blow_LL	UNKNOWN
HitEffectSeParam	11	Fire_Slash_S	UNKNOWN
HitEffectSeParam	12	Fire_Slash_L	UNKNOWN
HitEffectSeParam	13	Fire_Slash_LL	UNKNOWN
HitEffectSeParam	14	Fire_Thrust_S	UNKNOWN
HitEffectSeParam	15	Fire_Thrust_L	UNKNOWN
HitEffectSeParam	16	Fire_Thrust_LL	UNKNOWN
HitEffectSeParam	17	Fire_Blow_S	UNKNOWN
HitEffectSeParam	18	Fire_Blow_L	UNKNOWN
HitEffectSeParam	19	Fire_Blow_LL	UNKNOWN
HitEffectSeParam	20	Wood_Slash_S	UNKNOWN
HitEffectSeParam	21	Wood_Slash_L	UNKNOWN
HitEffectSeParam	22	Wood_Slash_LL	UNKNOWN
HitEffectSeParam	23	Wood_Thrust_S	UNKNOWN
HitEffectSeParam	24	Wood_Thrust_L	UNKNOWN
HitEffectSeParam	25	Wood_Thrust_LL	UNKNOWN
HitEffectSeParam	26	Wood_Blow_S	UNKNOWN
HitEffectSeParam	27	Wood_Blow_L	UNKNOWN
HitEffectSeParam	28	Wood_Blow_LL	UNKNOWN
HitEffectSeParam	29	Body_Slash_S	UNKNOWN
HitEffectSeParam	30	Body_Slash_L	UNKNOWN
HitEffectSeParam	31	Body_Slash_LL	UNKNOWN
HitEffectSeParam	32	Body_Thrust_S	UNKNOWN
HitEffectSeParam	33	Body_Thrust_L	UNKNOWN
HitEffectSeParam	34	Body_Thrust_LL	UNKNOWN
HitEffectSeParam	35	Body_Blow_S	UNKNOWN
HitEffectSeParam	36	Body_Blow_L	UNKNOWN
HitEffectSeParam	37	Body_Blow_LL	UNKNOWN
HitEffectSeParam	38	Eclipse_Slash_S	UNKNOWN
HitEffectSeParam	39	Eclipse_Slash_L	UNKNOWN
HitEffectSeParam	40	Eclipse_Slash_LL	UNKNOWN
HitEffectSeParam	41	Eclipse_Thrust_S	UNKNOWN
HitEffectSeParam	42	Eclipse_Thrust_L	UNKNOWN
HitEffectSeParam	43	Eclipse_Thrust_LL	UNKNOWN
HitEffectSeParam	44	Eclipse_Blow_S	UNKNOWN
HitEffectSeParam	45	Eclipse_Blow_L	UNKNOWN
HitEffectSeParam	46	Eclipse_Blow_LL	UNKNOWN
HitEffectSeParam	47	Energy_Slash_S	UNKNOWN
HitEffectSeParam	48	Energy_Slash_L	UNKNOWN
HitEffectSeParam	49	Energy_Slash_LL	UNKNOWN
HitEffectSeParam	50	Energy_Thrust_S	UNKNOWN
HitEffectSeParam	51	Energy_Thrust_L	UNKNOWN
HitEffectSeParam	52	Energy_Thrust_LL	UNKNOWN
HitEffectSeParam	53	Energy_Blow_S	UNKNOWN
HitEffectSeParam	54	Energy_Blow_L	UNKNOWN
HitEffectSeParam	55	Energy_Blow_LL	UNKNOWN
HitEffectSeParam	56	None_Slash_S	UNKNOWN
HitEffectSeParam	57	None_Slash_L	UNKNOWN
HitEffectSeParam	58	None_Slash_LL	UNKNOWN
HitEffectSeParam	59	None_Thrust_S	UNKNOWN
HitEffectSeParam	60	None_Thrust_L	UNKNOWN
HitEffectSeParam	61	None_Thrust_LL	UNKNOWN
HitEffectSeParam	62	None_Blow_S	UNKNOWN
HitEffectSeParam	63	None_Blow_L	UNKNOWN
HitEffectSeParam	64	None_Blow_LL	UNKNOWN
HitEffectSeParam	65	Dmy1_Slash_S	UNKNOWN
HitEffectSeParam	66	Dmy1_Slash_L	UNKNOWN
HitEffectSeParam	67	Dmy1_Slash_LL	UNKNOWN
HitEffectSeParam	68	Dmy1_Thrust_S	UNKNOWN
HitEffectSeParam	69	Dmy1_Thrust_L	UNKNOWN
HitEffectSeParam	70	Dmy1_Thrust_LL	UNKNOWN
HitEffectSeParam	71	Dmy1_Blow_S	UNKNOWN
HitEffectSeParam	72	Dmy1_Blow_L	UNKNOWN
HitEffectSeParam	73	Dmy1_Blow_LL	UNKNOWN
HitEffectSeParam	74	Dmy2_Slash_S	UNKNOWN
HitEffectSeParam	75	Dmy2_Slash_L	UNKNOWN
HitEffectSeParam	76	Dmy2_Slash_LL	UNKNOWN
HitEffectSeParam	77	Dmy2_Thrust_S	UNKNOWN
HitEffectSeParam	78	Dmy2_Thrust_L	UNKNOWN
HitEffectSeParam	79	Dmy2_Thrust_LL	UNKNOWN
HitEffectSeParam	80	Dmy2_Blow_S	UNKNOWN
HitEffectSeParam	81	Dmy2_Blow_L	UNKNOWN
HitEffectSeParam	82	Dmy2_Blow_LL	UNKNOWN
HitEffectSeParam	83	Dmy3_Slash_S	UNKNOWN
HitEffectSeParam	84	Dmy3_Slash_L	UNKNOWN
HitEffectSeParam	85	Dmy3_Slash_LL	UNKNOWN
HitEffectSeParam	86	Dmy3_Thrust_S	UNKNOWN
HitEffectSeParam	87	Dmy3_Thrust_L	UNKNOWN
HitEffectSeParam	88	Dmy3_Thrust_LL	UNKNOWN
HitEffectSeParam	89	Dmy3_Blow_S	UNKNOWN
HitEffectSeParam	90	Dmy3_Blow_L	UNKNOWN
HitEffectSeParam	91	Dmy3_Blow_LL	UNKNOWN
HitEffectSeParam	92	Maggot_Slash_S	UNKNOWN
HitEffectSeParam	93	Maggot_Slash_L	UNKNOWN
HitEffectSeParam	94	Maggot_Slash_LL	UNKNOWN
HitEffectSeParam	95	Maggot_Thrust_S	UNKNOWN
HitEffectSeParam	96	Maggot_Thrust_L	UNKNOWN
HitEffectSeParam	97	Maggot_Thrust_LL	UNKNOWN
HitEffectSeParam	98	Maggot_Blow_S	UNKNOWN
HitEffectSeParam	99	Maggot_Blow_L	UNKNOWN
HitEffectSeParam	100	Maggot_Blow_LL	UNKNOWN
HitEffectSeParam	101	Wax_Slash_S	UNKNOWN
HitEffectSeParam	102	Wax_Slash_L	UNKNOWN
HitEffectSeParam	103	Wax_Slash_LL	UNKNOWN
HitEffectSeParam	104	Wax_Thrust_S	UNKNOWN
HitEffectSeParam	105	Wax_Thrust_L	UNKNOWN
HitEffectSeParam	106	Wax_Thrust_LL	UNKNOWN
HitEffectSeParam	107	Wax_Blow_S	UNKNOWN
HitEffectSeParam	108	Wax_Blow_L	UNKNOWN
HitEffectSeParam	109	Wax_Blow_LL	UNKNOWN
HitEffectSeParam	110	FireFlame_Slash_S	UNKNOWN
HitEffectSeParam	111	FireFlame_Slash_L	UNKNOWN
HitEffectSeParam	112	FireFlame_Slash_LL	UNKNOWN
HitEffectSeParam	113	FireFlame_Thrust_S	UNKNOWN
HitEffectSeParam	114	FireFlame_Thrust_L	UNKNOWN
HitEffectSeParam	115	FireFlame_Thrust_LL	UNKNOWN
HitEffectSeParam	116	FireFlame_Blow_S	UNKNOWN
HitEffectSeParam	117	FireFlame_Blow_L	UNKNOWN
HitEffectSeParam	118	FireFlame_Blow_LL	UNKNOWN
HitEffectSeParam	119	EclipseGas_Slash_S	UNKNOWN
HitEffectSeParam	120	EclipseGas_Slash_L	UNKNOWN
HitEffectSeParam	121	EclipseGas_Slash_LL	UNKNOWN
HitEffectSeParam	122	EclipseGas_Thrust_S	UNKNOWN
HitEffectSeParam	123	EclipseGas_Thrust_L	UNKNOWN
HitEffectSeParam	124	EclipseGas_Thrust_LL	UNKNOWN
HitEffectSeParam	125	EclipseGas_Blow_S	UNKNOWN
HitEffectSeParam	126	EclipseGas_Blow_L	UNKNOWN
HitEffectSeParam	127	EclipseGas_Blow_LL	UNKNOWN
HitEffectSeParam	128	EnergyStrong_Slash_S	UNKNOWN
HitEffectSeParam	129	EnergyStrong_Slash_L	UNKNOWN
HitEffectSeParam	130	EnergyStrong_Slash_LL	UNKNOWN
HitEffectSeParam	131	EnergyStrong_Thrust_S	UNKNOWN
HitEffectSeParam	132	EnergyStrong_Thrust_L	UNKNOWN
HitEffectSeParam	133	EnergyStrong_Thrust_LL	UNKNOWN
HitEffectSeParam	134	EnergyStrong_Blow_S	UNKNOWN
HitEffectSeParam	135	EnergyStrong_Blow_L	UNKNOWN
HitEffectSeParam	136	EnergyStrong_Blow_LL	UNKNOWN
HitEffectSeParam	137	reserve	UNKNOWN
HitEffectSeParam	138		UNKNOWN
HitEffectSfxConceptParam	0	ID	UNKNOWN
HitEffectSfxConceptParam	1	Name	UNKNOWN
HitEffectSfxConceptParam	2	atkIron_1	UNKNOWN
HitEffectSfxConceptParam	3	atkIron_2	UNKNOWN
HitEffectSfxConceptParam	4	atkLeather_1	UNKNOWN
HitEffectSfxConceptParam	5	atkLeather_2	UNKNOWN
HitEffectSfxConceptParam	6	atkWood_1	UNKNOWN
HitEffectSfxConceptParam	7	atkWood_2	UNKNOWN
HitEffectSfxConceptParam	8	atkBody_1	UNKNOWN
HitEffectSfxConceptParam	9	atkBody_2	UNKNOWN
HitEffectSfxConceptParam	10	atkStone_1	UNKNOWN
HitEffectSfxConceptParam	11	atkStone_2	UNKNOWN
HitEffectSfxConceptParam	12	pad	UNKNOWN
HitEffectSfxConceptParam	13	atkNone_1	UNKNOWN
HitEffectSfxConceptParam	14	atkNone_2	UNKNOWN
HitEffectSfxConceptParam	15	reserve	UNKNOWN
HitEffectSfxConceptParam	16		UNKNOWN
HitEffectSfxParam	0	ID	UNKNOWN
HitEffectSfxParam	1	Name	UNKNOWN
HitEffectSfxParam	2	Slash_Normal	UNKNOWN
HitEffectSfxParam	3	Slash_S	UNKNOWN
HitEffectSfxParam	4	Slash_L	UNKNOWN
HitEffectSfxParam	5	Slash_Specific1	UNKNOWN
HitEffectSfxParam	6	Slash_Specific2	UNKNOWN
HitEffectSfxParam	7	Blow_Normal	UNKNOWN
HitEffectSfxParam	8	Blow_S	UNKNOWN
HitEffectSfxParam	9	Blow_L	UNKNOWN
HitEffectSfxParam	10	Blow_Specific1	UNKNOWN
HitEffectSfxParam	11	Blow_Specific2	UNKNOWN
HitEffectSfxParam	12	Thrust_Normal	UNKNOWN
HitEffectSfxParam	13	Thrust_S	UNKNOWN
HitEffectSfxParam	14	Thrust_L	UNKNOWN
HitEffectSfxParam	15	Thrust_Specific1	UNKNOWN
HitEffectSfxParam	16	Thrust_Specific2	UNKNOWN
HitEffectSfxParam	17	Neutral_Normal	UNKNOWN
HitEffectSfxParam	18	Neutral_S	UNKNOWN
HitEffectSfxParam	19	Neutral_L	UNKNOWN
HitEffectSfxParam	20	Neutral_Specific1	UNKNOWN
HitEffectSfxParam	21	Neutral_Specific2	UNKNOWN
HitEffectSfxParam	22		UNKNOWN
HitMtrlParam	0	ID	UNKNOWN
HitMtrlParam	1	Name	UNKNOWN
HitMtrlParam	2	aiVolumeRate	UNKNOWN
HitMtrlParam	3	spEffectIdOnHit0	UNKNOWN
HitMtrlParam	4	spEffectIdOnHit1	UNKNOWN
HitMtrlParam	5	footEffectHeightType	UNKNOWN
HitMtrlParam	6	footEffectDirType	UNKNOWN
HitMtrlParam	7	floorHeightType	UNKNOWN
HitMtrlParam	8	disableFallDamage	UNKNOWN
HitMtrlParam	9	isHardnessForSoundReverb	UNKNOWN
HitMtrlParam	10	hardnessType	UNKNOWN
HitMtrlParam	11	pad2	UNKNOWN
HitMtrlParam	12	spEffectIdOnHit0_ClearCount_2	UNKNOWN
HitMtrlParam	13	spEffectIdOnHit0_ClearCount_3	UNKNOWN
HitMtrlParam	14	spEffectIdOnHit0_ClearCount_4	UNKNOWN
HitMtrlParam	15	spEffectIdOnHit0_ClearCount_5	UNKNOWN
HitMtrlParam	16	spEffectIdOnHit0_ClearCount_6	UNKNOWN
HitMtrlParam	17	spEffectIdOnHit0_ClearCount_7	UNKNOWN
HitMtrlParam	18	spEffectIdOnHit0_ClearCount_8	UNKNOWN
HitMtrlParam	19	spEffectIdOnHit1_ClearCount_2	UNKNOWN
HitMtrlParam	20	spEffectIdOnHit1_ClearCount_3	UNKNOWN
HitMtrlParam	21	spEffectIdOnHit1_ClearCount_4	UNKNOWN
HitMtrlParam	22	spEffectIdOnHit1_ClearCount_5	UNKNOWN
HitMtrlParam	23	spEffectIdOnHit1_ClearCount_6	UNKNOWN
HitMtrlParam	24	spEffectIdOnHit1_ClearCount_7	UNKNOWN
HitMtrlParam	25	spEffectIdOnHit1_ClearCount_8	UNKNOWN
HitMtrlParam	26	replaceMateiralId_Rain	UNKNOWN
HitMtrlParam	27	pad4	UNKNOWN
HitMtrlParam	28	spEffectId_forWet00	UNKNOWN
HitMtrlParam	29	spEffectId_forWet01	UNKNOWN
HitMtrlParam	30	spEffectId_forWet02	UNKNOWN
HitMtrlParam	31	spEffectId_forWet03	UNKNOWN
HitMtrlParam	32	spEffectId_forWet04	UNKNOWN
HitMtrlParam	33		UNKNOWN
HPEstusFlaskRecoveryParam	0	ID	UNKNOWN
HPEstusFlaskRecoveryParam	1	Name	UNKNOWN
HPEstusFlaskRecoveryParam	2	host	UNKNOWN
HPEstusFlaskRecoveryParam	3	invadeOrb_None	UNKNOWN
HPEstusFlaskRecoveryParam	4	invadeOrb_Umbasa	UNKNOWN
HPEstusFlaskRecoveryParam	5	invadeOrb_Berserker	UNKNOWN
HPEstusFlaskRecoveryParam	6	invadeOrb_Sinners	UNKNOWN
HPEstusFlaskRecoveryParam	7	invadeSign_None	UNKNOWN
HPEstusFlaskRecoveryParam	8	invadeSign_Umbasa	UNKNOWN
HPEstusFlaskRecoveryParam	9	invadeSign_Berserker	UNKNOWN
HPEstusFlaskRecoveryParam	10	invadeSign_Sinners	UNKNOWN
HPEstusFlaskRecoveryParam	11	invadeRing_Sinners	UNKNOWN
HPEstusFlaskRecoveryParam	12	invadeRing_Rosalia	UNKNOWN
HPEstusFlaskRecoveryParam	13	invadeRing_Forest	UNKNOWN
HPEstusFlaskRecoveryParam	14	coopSign_None	UNKNOWN
HPEstusFlaskRecoveryParam	15	coopSign_Umbasa	UNKNOWN
HPEstusFlaskRecoveryParam	16	coopSign_Berserker	UNKNOWN
HPEstusFlaskRecoveryParam	17	coopSign_Sinners	UNKNOWN
HPEstusFlaskRecoveryParam	18	coopRing_RedHunter	UNKNOWN
HPEstusFlaskRecoveryParam	19	invadeRing_Anor	UNKNOWN
HPEstusFlaskRecoveryParam	20	paramReplaceRate	UNKNOWN
HPEstusFlaskRecoveryParam	21	paramReplaceId	UNKNOWN
HPEstusFlaskRecoveryParam	22	pad	UNKNOWN
HPEstusFlaskRecoveryParam	23		UNKNOWN
ItemLotParam_enemy	0	ID	UNKNOWN
ItemLotParam_enemy	1	Name	UNKNOWN
ItemLotParam_enemy	2	lotItemId01	UNKNOWN
ItemLotParam_enemy	3	lotItemId02	UNKNOWN
ItemLotParam_enemy	4	lotItemId03	UNKNOWN
ItemLotParam_enemy	5	lotItemId04	UNKNOWN
ItemLotParam_enemy	6	lotItemId05	UNKNOWN
ItemLotParam_enemy	7	lotItemId06	UNKNOWN
ItemLotParam_enemy	8	lotItemId07	UNKNOWN
ItemLotParam_enemy	9	lotItemId08	UNKNOWN
ItemLotParam_enemy	10	lotItemCategory01	UNKNOWN
ItemLotParam_enemy	11	lotItemCategory02	UNKNOWN
ItemLotParam_enemy	12	lotItemCategory03	UNKNOWN
ItemLotParam_enemy	13	lotItemCategory04	UNKNOWN
ItemLotParam_enemy	14	lotItemCategory05	UNKNOWN
ItemLotParam_enemy	15	lotItemCategory06	UNKNOWN
ItemLotParam_enemy	16	lotItemCategory07	UNKNOWN
ItemLotParam_enemy	17	lotItemCategory08	UNKNOWN
ItemLotParam_enemy	18	lotItemBasePoint01	UNKNOWN
ItemLotParam_enemy	19	lotItemBasePoint02	UNKNOWN
ItemLotParam_enemy	20	lotItemBasePoint03	UNKNOWN
ItemLotParam_enemy	21	lotItemBasePoint04	UNKNOWN
ItemLotParam_enemy	22	lotItemBasePoint05	UNKNOWN
ItemLotParam_enemy	23	lotItemBasePoint06	UNKNOWN
ItemLotParam_enemy	24	lotItemBasePoint07	UNKNOWN
ItemLotParam_enemy	25	lotItemBasePoint08	UNKNOWN
ItemLotParam_enemy	26	cumulateLotPoint01	UNKNOWN
ItemLotParam_enemy	27	cumulateLotPoint02	UNKNOWN
ItemLotParam_enemy	28	cumulateLotPoint03	UNKNOWN
ItemLotParam_enemy	29	cumulateLotPoint04	UNKNOWN
ItemLotParam_enemy	30	cumulateLotPoint05	UNKNOWN
ItemLotParam_enemy	31	cumulateLotPoint06	UNKNOWN
ItemLotParam_enemy	32	cumulateLotPoint07	UNKNOWN
ItemLotParam_enemy	33	cumulateLotPoint08	UNKNOWN
ItemLotParam_enemy	34	getItemFlagId01	UNKNOWN
ItemLotParam_enemy	35	getItemFlagId02	UNKNOWN
ItemLotParam_enemy	36	getItemFlagId03	UNKNOWN
ItemLotParam_enemy	37	getItemFlagId04	UNKNOWN
ItemLotParam_enemy	38	getItemFlagId05	UNKNOWN
ItemLotParam_enemy	39	getItemFlagId06	UNKNOWN
ItemLotParam_enemy	40	getItemFlagId07	UNKNOWN
ItemLotParam_enemy	41	getItemFlagId08	UNKNOWN
ItemLotParam_enemy	42	getItemFlagId	UNKNOWN
ItemLotParam_enemy	43	cumulateNumFlagId	UNKNOWN
ItemLotParam_enemy	44	cumulateNumMax	UNKNOWN
ItemLotParam_enemy	45	lotItem_Rarity	UNKNOWN
ItemLotParam_enemy	46	lotItemNum01	UNKNOWN
ItemLotParam_enemy	47	lotItemNum02	UNKNOWN
ItemLotParam_enemy	48	lotItemNum03	UNKNOWN
ItemLotParam_enemy	49	lotItemNum04	UNKNOWN
ItemLotParam_enemy	50	lotItemNum05	UNKNOWN
ItemLotParam_enemy	51	lotItemNum06	UNKNOWN
ItemLotParam_enemy	52	lotItemNum07	UNKNOWN
ItemLotParam_enemy	53	lotItemNum08	UNKNOWN
ItemLotParam_enemy	54	enableLuck01	UNKNOWN
ItemLotParam_enemy	55	enableLuck02	UNKNOWN
ItemLotParam_enemy	56	enableLuck03	UNKNOWN
ItemLotParam_enemy	57	enableLuck04	UNKNOWN
ItemLotParam_enemy	58	enableLuck05	UNKNOWN
ItemLotParam_enemy	59	enableLuck06	UNKNOWN
ItemLotParam_enemy	60	enableLuck07	UNKNOWN
ItemLotParam_enemy	61	enableLuck08	UNKNOWN
ItemLotParam_enemy	62	cumulateReset01	UNKNOWN
ItemLotParam_enemy	63	cumulateReset02	UNKNOWN
ItemLotParam_enemy	64	cumulateReset03	UNKNOWN
ItemLotParam_enemy	65	cumulateReset04	UNKNOWN
ItemLotParam_enemy	66	cumulateReset05	UNKNOWN
ItemLotParam_enemy	67	cumulateReset06	UNKNOWN
ItemLotParam_enemy	68	cumulateReset07	UNKNOWN
ItemLotParam_enemy	69	cumulateReset08	UNKNOWN
ItemLotParam_enemy	70	GameClearOffset	UNKNOWN
ItemLotParam_enemy	71	canExecByFriendlyGhost	UNKNOWN
ItemLotParam_enemy	72	canExecByHostileGhost	UNKNOWN
ItemLotParam_enemy	73	PAD1	UNKNOWN
ItemLotParam_enemy	74	PAD2	UNKNOWN
ItemLotParam_enemy	75		UNKNOWN
ItemLotParam_map	0	ID	UNKNOWN
ItemLotParam_map	1	Name	UNKNOWN
ItemLotParam_map	2	lotItemId01	UNKNOWN
ItemLotParam_map	3	lotItemId02	UNKNOWN
ItemLotParam_map	4	lotItemId03	UNKNOWN
ItemLotParam_map	5	lotItemId04	UNKNOWN
ItemLotParam_map	6	lotItemId05	UNKNOWN
ItemLotParam_map	7	lotItemId06	UNKNOWN
ItemLotParam_map	8	lotItemId07	UNKNOWN
ItemLotParam_map	9	lotItemId08	UNKNOWN
ItemLotParam_map	10	lotItemCategory01	UNKNOWN
ItemLotParam_map	11	lotItemCategory02	UNKNOWN
ItemLotParam_map	12	lotItemCategory03	UNKNOWN
ItemLotParam_map	13	lotItemCategory04	UNKNOWN
ItemLotParam_map	14	lotItemCategory05	UNKNOWN
ItemLotParam_map	15	lotItemCategory06	UNKNOWN
ItemLotParam_map	16	lotItemCategory07	UNKNOWN
ItemLotParam_map	17	lotItemCategory08	UNKNOWN
ItemLotParam_map	18	lotItemBasePoint01	UNKNOWN
ItemLotParam_map	19	lotItemBasePoint02	UNKNOWN
ItemLotParam_map	20	lotItemBasePoint03	UNKNOWN
ItemLotParam_map	21	lotItemBasePoint04	UNKNOWN
ItemLotParam_map	22	lotItemBasePoint05	UNKNOWN
ItemLotParam_map	23	lotItemBasePoint06	UNKNOWN
ItemLotParam_map	24	lotItemBasePoint07	UNKNOWN
ItemLotParam_map	25	lotItemBasePoint08	UNKNOWN
ItemLotParam_map	26	cumulateLotPoint01	UNKNOWN
ItemLotParam_map	27	cumulateLotPoint02	UNKNOWN
ItemLotParam_map	28	cumulateLotPoint03	UNKNOWN
ItemLotParam_map	29	cumulateLotPoint04	UNKNOWN
ItemLotParam_map	30	cumulateLotPoint05	UNKNOWN
ItemLotParam_map	31	cumulateLotPoint06	UNKNOWN
ItemLotParam_map	32	cumulateLotPoint07	UNKNOWN
ItemLotParam_map	33	cumulateLotPoint08	UNKNOWN
ItemLotParam_map	34	getItemFlagId01	UNKNOWN
ItemLotParam_map	35	getItemFlagId02	UNKNOWN
ItemLotParam_map	36	getItemFlagId03	UNKNOWN
ItemLotParam_map	37	getItemFlagId04	UNKNOWN
ItemLotParam_map	38	getItemFlagId05	UNKNOWN
ItemLotParam_map	39	getItemFlagId06	UNKNOWN
ItemLotParam_map	40	getItemFlagId07	UNKNOWN
ItemLotParam_map	41	getItemFlagId08	UNKNOWN
ItemLotParam_map	42	getItemFlagId	UNKNOWN
ItemLotParam_map	43	cumulateNumFlagId	UNKNOWN
ItemLotParam_map	44	cumulateNumMax	UNKNOWN
ItemLotParam_map	45	lotItem_Rarity	UNKNOWN
ItemLotParam_map	46	lotItemNum01	UNKNOWN
ItemLotParam_map	47	lotItemNum02	UNKNOWN
ItemLotParam_map	48	lotItemNum03	UNKNOWN
ItemLotParam_map	49	lotItemNum04	UNKNOWN
ItemLotParam_map	50	lotItemNum05	UNKNOWN
ItemLotParam_map	51	lotItemNum06	UNKNOWN
ItemLotParam_map	52	lotItemNum07	UNKNOWN
ItemLotParam_map	53	lotItemNum08	UNKNOWN
ItemLotParam_map	54	enableLuck01	UNKNOWN
ItemLotParam_map	55	enableLuck02	UNKNOWN
ItemLotParam_map	56	enableLuck03	UNKNOWN
ItemLotParam_map	57	enableLuck04	UNKNOWN
ItemLotParam_map	58	enableLuck05	UNKNOWN
ItemLotParam_map	59	enableLuck06	UNKNOWN
ItemLotParam_map	60	enableLuck07	UNKNOWN
ItemLotParam_map	61	enableLuck08	UNKNOWN
ItemLotParam_map	62	cumulateReset01	UNKNOWN
ItemLotParam_map	63	cumulateReset02	UNKNOWN
ItemLotParam_map	64	cumulateReset03	UNKNOWN
ItemLotParam_map	65	cumulateReset04	UNKNOWN
ItemLotParam_map	66	cumulateReset05	UNKNOWN
ItemLotParam_map	67	cumulateReset06	UNKNOWN
ItemLotParam_map	68	cumulateReset07	UNKNOWN
ItemLotParam_map	69	cumulateReset08	UNKNOWN
ItemLotParam_map	70	GameClearOffset	UNKNOWN
ItemLotParam_map	71	canExecByFriendlyGhost	UNKNOWN
ItemLotParam_map	72	canExecByHostileGhost	UNKNOWN
ItemLotParam_map	73	PAD1	UNKNOWN
ItemLotParam_map	74	PAD2	UNKNOWN
ItemLotParam_map	75		UNKNOWN
KeyAssignMenuItemParam	0	ID	UNKNOWN
KeyAssignMenuItemParam	1	Name	UNKNOWN
KeyAssignMenuItemParam	2	textID	UNKNOWN
KeyAssignMenuItemParam	3	key	UNKNOWN
KeyAssignMenuItemParam	4	enableUnassign	UNKNOWN
KeyAssignMenuItemParam	5	enablePadConfig	UNKNOWN
KeyAssignMenuItemParam	6	enableMouseConfig	UNKNOWN
KeyAssignMenuItemParam	7	group	UNKNOWN
KeyAssignMenuItemParam	8	mappingTextID	UNKNOWN
KeyAssignMenuItemParam	9	viewPad	UNKNOWN
KeyAssignMenuItemParam	10	viewKeyboardMouse	UNKNOWN
KeyAssignMenuItemParam	11	padding	UNKNOWN
KeyAssignMenuItemParam	12		UNKNOWN
KeyAssignParam_TypeA	0	ID	UNKNOWN
KeyAssignParam_TypeA	1	Name	UNKNOWN
KeyAssignParam_TypeA	2	padKeyId	UNKNOWN
KeyAssignParam_TypeA	3	keyboardModifyKey	UNKNOWN
KeyAssignParam_TypeA	4	keyboardKeyId	UNKNOWN
KeyAssignParam_TypeA	5	mouseModifyKey	UNKNOWN
KeyAssignParam_TypeA	6	mouseKeyId	UNKNOWN
KeyAssignParam_TypeA	7	reserved	UNKNOWN
KeyAssignParam_TypeA	8		UNKNOWN
KeyAssignParam_TypeB	0	ID	UNKNOWN
KeyAssignParam_TypeB	1	Name	UNKNOWN
KeyAssignParam_TypeB	2	padKeyId	UNKNOWN
KeyAssignParam_TypeB	3	keyboardModifyKey	UNKNOWN
KeyAssignParam_TypeB	4	keyboardKeyId	UNKNOWN
KeyAssignParam_TypeB	5	mouseModifyKey	UNKNOWN
KeyAssignParam_TypeB	6	mouseKeyId	UNKNOWN
KeyAssignParam_TypeB	7	reserved	UNKNOWN
KeyAssignParam_TypeB	8		UNKNOWN
KeyAssignParam_TypeC	0	ID	UNKNOWN
KeyAssignParam_TypeC	1	Name	UNKNOWN
KeyAssignParam_TypeC	2	padKeyId	UNKNOWN
KeyAssignParam_TypeC	3	keyboardModifyKey	UNKNOWN
KeyAssignParam_TypeC	4	keyboardKeyId	UNKNOWN
KeyAssignParam_TypeC	5	mouseModifyKey	UNKNOWN
KeyAssignParam_TypeC	6	mouseKeyId	UNKNOWN
KeyAssignParam_TypeC	7	reserved	UNKNOWN
KeyAssignParam_TypeC	8		UNKNOWN
KnockBackParam	0	ID	UNKNOWN
KnockBackParam	1	Name	UNKNOWN
KnockBackParam	2	damage_Min_ContTime	UNKNOWN
KnockBackParam	3	damage_S_ContTime	UNKNOWN
KnockBackParam	4	damage_M_ContTime	UNKNOWN
KnockBackParam	5	damage_L_ContTime	UNKNOWN
KnockBackParam	6	damage_BlowS_ContTime	UNKNOWN
KnockBackParam	7	damage_BlowM_ContTime	UNKNOWN
KnockBackParam	8	damage_Strike_ContTime	UNKNOWN
KnockBackParam	9	damage_Uppercut_ContTime	UNKNOWN
KnockBackParam	10	damage_Push_ContTime	UNKNOWN
KnockBackParam	11	damage_Breath_ContTime	UNKNOWN
KnockBackParam	12	damage_HeadShot_ContTime	UNKNOWN
KnockBackParam	13	guard_S_ContTime	UNKNOWN
KnockBackParam	14	guard_L_ContTime	UNKNOWN
KnockBackParam	15	guard_LL_ContTime	UNKNOWN
KnockBackParam	16	guardBrake_ContTime	UNKNOWN
KnockBackParam	17	damage_Min_DecTime	UNKNOWN
KnockBackParam	18	damage_S_DecTime	UNKNOWN
KnockBackParam	19	damage_M_DecTime	UNKNOWN
KnockBackParam	20	damage_L_DecTime	UNKNOWN
KnockBackParam	21	damage_BlowS_DecTime	UNKNOWN
KnockBackParam	22	damage_BlowM_DecTime	UNKNOWN
KnockBackParam	23	damage_Strike_DecTime	UNKNOWN
KnockBackParam	24	damage_Uppercut_DecTime	UNKNOWN
KnockBackParam	25	damage_Push_DecTime	UNKNOWN
KnockBackParam	26	damage_Breath_DecTime	UNKNOWN
KnockBackParam	27	damage_HeadShot_DecTime	UNKNOWN
KnockBackParam	28	guard_S_DecTime	UNKNOWN
KnockBackParam	29	guard_L_DecTime	UNKNOWN
KnockBackParam	30	guard_LL_DecTime	UNKNOWN
KnockBackParam	31	guardBrake_DecTime	UNKNOWN
KnockBackParam	32	pad	UNKNOWN
KnockBackParam	33		UNKNOWN
KnowledgeLoadScreenItemParam	0	ID	UNKNOWN
KnowledgeLoadScreenItemParam	1	Name	UNKNOWN
KnowledgeLoadScreenItemParam	2	disableParam_NT	UNKNOWN
KnowledgeLoadScreenItemParam	3	disableParamReserve1	UNKNOWN
KnowledgeLoadScreenItemParam	4	disableParamReserve2	UNKNOWN
KnowledgeLoadScreenItemParam	5	unlockFlagId	UNKNOWN
KnowledgeLoadScreenItemParam	6	invalidFlagId	UNKNOWN
KnowledgeLoadScreenItemParam	7	msgId	UNKNOWN
KnowledgeLoadScreenItemParam	8		UNKNOWN
LegacyDistantViewPartsReplaceParam	0	ID	UNKNOWN
LegacyDistantViewPartsReplaceParam	1	Name	UNKNOWN
LegacyDistantViewPartsReplaceParam	2	TargetMapId	UNKNOWN
LegacyDistantViewPartsReplaceParam	3	TargetEventId	UNKNOWN
LegacyDistantViewPartsReplaceParam	4	SrcAssetId	UNKNOWN
LegacyDistantViewPartsReplaceParam	5	SrcAssetPartsNo	UNKNOWN
LegacyDistantViewPartsReplaceParam	6	DstAssetId	UNKNOWN
LegacyDistantViewPartsReplaceParam	7	DstAssetPartsNo	UNKNOWN
LegacyDistantViewPartsReplaceParam	8	SrcAssetIdRangeMin	UNKNOWN
LegacyDistantViewPartsReplaceParam	9	SrcAssetIdRangeMax	UNKNOWN
LegacyDistantViewPartsReplaceParam	10	DstAssetIdRangeMin	UNKNOWN
LegacyDistantViewPartsReplaceParam	11	DstAssetIdRangeMax	UNKNOWN
LegacyDistantViewPartsReplaceParam	12	LimitedMapRegionId0	UNKNOWN
LegacyDistantViewPartsReplaceParam	13	LimitedMapRegionId1	UNKNOWN
LegacyDistantViewPartsReplaceParam	14	LimitedMapRegionId2	UNKNOWN
LegacyDistantViewPartsReplaceParam	15	LimitedMapRegionId3	UNKNOWN
LegacyDistantViewPartsReplaceParam	16	reserve	UNKNOWN
LegacyDistantViewPartsReplaceParam	17	LimitedMapRegionAssetId	UNKNOWN
LegacyDistantViewPartsReplaceParam	18	LimitedMapRegioAssetPartsNo	UNKNOWN
LegacyDistantViewPartsReplaceParam	19	LimitedMapRegioAssetIdRangeMin	UNKNOWN
LegacyDistantViewPartsReplaceParam	20	LimitedMapRegioAssetIdRangeMax	UNKNOWN
LegacyDistantViewPartsReplaceParam	21		UNKNOWN
LoadBalancerDrawDistScaleParam	0	ID	UNKNOWN
LoadBalancerDrawDistScaleParam	1	Name	UNKNOWN
LoadBalancerDrawDistScaleParam	2	Lv00	UNKNOWN
LoadBalancerDrawDistScaleParam	3	Lv01	UNKNOWN
LoadBalancerDrawDistScaleParam	4	Lv02	UNKNOWN
LoadBalancerDrawDistScaleParam	5	Lv03	UNKNOWN
LoadBalancerDrawDistScaleParam	6	Lv04	UNKNOWN
LoadBalancerDrawDistScaleParam	7	Lv05	UNKNOWN
LoadBalancerDrawDistScaleParam	8	Lv06	UNKNOWN
LoadBalancerDrawDistScaleParam	9	Lv07	UNKNOWN
LoadBalancerDrawDistScaleParam	10	Lv08	UNKNOWN
LoadBalancerDrawDistScaleParam	11	Lv09	UNKNOWN
LoadBalancerDrawDistScaleParam	12	Lv10	UNKNOWN
LoadBalancerDrawDistScaleParam	13	Lv11	UNKNOWN
LoadBalancerDrawDistScaleParam	14	Lv12	UNKNOWN
LoadBalancerDrawDistScaleParam	15	Lv13	UNKNOWN
LoadBalancerDrawDistScaleParam	16	Lv14	UNKNOWN
LoadBalancerDrawDistScaleParam	17	Lv15	UNKNOWN
LoadBalancerDrawDistScaleParam	18	Lv16	UNKNOWN
LoadBalancerDrawDistScaleParam	19	Lv17	UNKNOWN
LoadBalancerDrawDistScaleParam	20	Lv18	UNKNOWN
LoadBalancerDrawDistScaleParam	21	Lv19	UNKNOWN
LoadBalancerDrawDistScaleParam	22	Lv20	UNKNOWN
LoadBalancerDrawDistScaleParam	23	reserve	UNKNOWN
LoadBalancerDrawDistScaleParam	24		UNKNOWN
LoadBalancerDrawDistScaleParam_ps4	0	ID	UNKNOWN
LoadBalancerDrawDistScaleParam_ps4	1	Name	UNKNOWN
LoadBalancerDrawDistScaleParam_ps4	2	Lv00	UNKNOWN
LoadBalancerDrawDistScaleParam_ps4	3	Lv01	UNKNOWN
LoadBalancerDrawDistScaleParam_ps4	4	Lv02	UNKNOWN
LoadBalancerDrawDistScaleParam_ps4	5	Lv03	UNKNOWN
LoadBalancerDrawDistScaleParam_ps4	6	Lv04	UNKNOWN
LoadBalancerDrawDistScaleParam_ps4	7	Lv05	UNKNOWN
LoadBalancerDrawDistScaleParam_ps4	8	Lv06	UNKNOWN
LoadBalancerDrawDistScaleParam_ps4	9	Lv07	UNKNOWN
LoadBalancerDrawDistScaleParam_ps4	10	Lv08	UNKNOWN
LoadBalancerDrawDistScaleParam_ps4	11	Lv09	UNKNOWN
LoadBalancerDrawDistScaleParam_ps4	12	Lv10	UNKNOWN
LoadBalancerDrawDistScaleParam_ps4	13	Lv11	UNKNOWN
LoadBalancerDrawDistScaleParam_ps4	14	Lv12	UNKNOWN
LoadBalancerDrawDistScaleParam_ps4	15	Lv13	UNKNOWN
LoadBalancerDrawDistScaleParam_ps4	16	Lv14	UNKNOWN
LoadBalancerDrawDistScaleParam_ps4	17	Lv15	UNKNOWN
LoadBalancerDrawDistScaleParam_ps4	18	Lv16	UNKNOWN
LoadBalancerDrawDistScaleParam_ps4	19	Lv17	UNKNOWN
LoadBalancerDrawDistScaleParam_ps4	20	Lv18	UNKNOWN
LoadBalancerDrawDistScaleParam_ps4	21	Lv19	UNKNOWN
LoadBalancerDrawDistScaleParam_ps4	22	Lv20	UNKNOWN
LoadBalancerDrawDistScaleParam_ps4	23	reserve	UNKNOWN
LoadBalancerDrawDistScaleParam_ps4	24		UNKNOWN
LoadBalancerDrawDistScaleParam_ps5	0	ID	UNKNOWN
LoadBalancerDrawDistScaleParam_ps5	1	Name	UNKNOWN
LoadBalancerDrawDistScaleParam_ps5	2	Lv00	UNKNOWN
LoadBalancerDrawDistScaleParam_ps5	3	Lv01	UNKNOWN
LoadBalancerDrawDistScaleParam_ps5	4	Lv02	UNKNOWN
LoadBalancerDrawDistScaleParam_ps5	5	Lv03	UNKNOWN
LoadBalancerDrawDistScaleParam_ps5	6	Lv04	UNKNOWN
LoadBalancerDrawDistScaleParam_ps5	7	Lv05	UNKNOWN
LoadBalancerDrawDistScaleParam_ps5	8	Lv06	UNKNOWN
LoadBalancerDrawDistScaleParam_ps5	9	Lv07	UNKNOWN
LoadBalancerDrawDistScaleParam_ps5	10	Lv08	UNKNOWN
LoadBalancerDrawDistScaleParam_ps5	11	Lv09	UNKNOWN
LoadBalancerDrawDistScaleParam_ps5	12	Lv10	UNKNOWN
LoadBalancerDrawDistScaleParam_ps5	13	Lv11	UNKNOWN
LoadBalancerDrawDistScaleParam_ps5	14	Lv12	UNKNOWN
LoadBalancerDrawDistScaleParam_ps5	15	Lv13	UNKNOWN
LoadBalancerDrawDistScaleParam_ps5	16	Lv14	UNKNOWN
LoadBalancerDrawDistScaleParam_ps5	17	Lv15	UNKNOWN
LoadBalancerDrawDistScaleParam_ps5	18	Lv16	UNKNOWN
LoadBalancerDrawDistScaleParam_ps5	19	Lv17	UNKNOWN
LoadBalancerDrawDistScaleParam_ps5	20	Lv18	UNKNOWN
LoadBalancerDrawDistScaleParam_ps5	21	Lv19	UNKNOWN
LoadBalancerDrawDistScaleParam_ps5	22	Lv20	UNKNOWN
LoadBalancerDrawDistScaleParam_ps5	23	reserve	UNKNOWN
LoadBalancerDrawDistScaleParam_ps5	24		UNKNOWN
LoadBalancerDrawDistScaleParam_xb1	0	ID	UNKNOWN
LoadBalancerDrawDistScaleParam_xb1	1	Name	UNKNOWN
LoadBalancerDrawDistScaleParam_xb1	2	Lv00	UNKNOWN
LoadBalancerDrawDistScaleParam_xb1	3	Lv01	UNKNOWN
LoadBalancerDrawDistScaleParam_xb1	4	Lv02	UNKNOWN
LoadBalancerDrawDistScaleParam_xb1	5	Lv03	UNKNOWN
LoadBalancerDrawDistScaleParam_xb1	6	Lv04	UNKNOWN
LoadBalancerDrawDistScaleParam_xb1	7	Lv05	UNKNOWN
LoadBalancerDrawDistScaleParam_xb1	8	Lv06	UNKNOWN
LoadBalancerDrawDistScaleParam_xb1	9	Lv07	UNKNOWN
LoadBalancerDrawDistScaleParam_xb1	10	Lv08	UNKNOWN
LoadBalancerDrawDistScaleParam_xb1	11	Lv09	UNKNOWN
LoadBalancerDrawDistScaleParam_xb1	12	Lv10	UNKNOWN
LoadBalancerDrawDistScaleParam_xb1	13	Lv11	UNKNOWN
LoadBalancerDrawDistScaleParam_xb1	14	Lv12	UNKNOWN
LoadBalancerDrawDistScaleParam_xb1	15	Lv13	UNKNOWN
LoadBalancerDrawDistScaleParam_xb1	16	Lv14	UNKNOWN
LoadBalancerDrawDistScaleParam_xb1	17	Lv15	UNKNOWN
LoadBalancerDrawDistScaleParam_xb1	18	Lv16	UNKNOWN
LoadBalancerDrawDistScaleParam_xb1	19	Lv17	UNKNOWN
LoadBalancerDrawDistScaleParam_xb1	20	Lv18	UNKNOWN
LoadBalancerDrawDistScaleParam_xb1	21	Lv19	UNKNOWN
LoadBalancerDrawDistScaleParam_xb1	22	Lv20	UNKNOWN
LoadBalancerDrawDistScaleParam_xb1	23	reserve	UNKNOWN
LoadBalancerDrawDistScaleParam_xb1	24		UNKNOWN
LoadBalancerDrawDistScaleParam_xb1x	0	ID	UNKNOWN
LoadBalancerDrawDistScaleParam_xb1x	1	Name	UNKNOWN
LoadBalancerDrawDistScaleParam_xb1x	2	Lv00	UNKNOWN
LoadBalancerDrawDistScaleParam_xb1x	3	Lv01	UNKNOWN
LoadBalancerDrawDistScaleParam_xb1x	4	Lv02	UNKNOWN
LoadBalancerDrawDistScaleParam_xb1x	5	Lv03	UNKNOWN
LoadBalancerDrawDistScaleParam_xb1x	6	Lv04	UNKNOWN
LoadBalancerDrawDistScaleParam_xb1x	7	Lv05	UNKNOWN
LoadBalancerDrawDistScaleParam_xb1x	8	Lv06	UNKNOWN
LoadBalancerDrawDistScaleParam_xb1x	9	Lv07	UNKNOWN
LoadBalancerDrawDistScaleParam_xb1x	10	Lv08	UNKNOWN
LoadBalancerDrawDistScaleParam_xb1x	11	Lv09	UNKNOWN
LoadBalancerDrawDistScaleParam_xb1x	12	Lv10	UNKNOWN
LoadBalancerDrawDistScaleParam_xb1x	13	Lv11	UNKNOWN
LoadBalancerDrawDistScaleParam_xb1x	14	Lv12	UNKNOWN
LoadBalancerDrawDistScaleParam_xb1x	15	Lv13	UNKNOWN
LoadBalancerDrawDistScaleParam_xb1x	16	Lv14	UNKNOWN
LoadBalancerDrawDistScaleParam_xb1x	17	Lv15	UNKNOWN
LoadBalancerDrawDistScaleParam_xb1x	18	Lv16	UNKNOWN
LoadBalancerDrawDistScaleParam_xb1x	19	Lv17	UNKNOWN
LoadBalancerDrawDistScaleParam_xb1x	20	Lv18	UNKNOWN
LoadBalancerDrawDistScaleParam_xb1x	21	Lv19	UNKNOWN
LoadBalancerDrawDistScaleParam_xb1x	22	Lv20	UNKNOWN
LoadBalancerDrawDistScaleParam_xb1x	23	reserve	UNKNOWN
LoadBalancerDrawDistScaleParam_xb1x	24		UNKNOWN
LoadBalancerDrawDistScaleParam_xss	0	ID	UNKNOWN
LoadBalancerDrawDistScaleParam_xss	1	Name	UNKNOWN
LoadBalancerDrawDistScaleParam_xss	2	Lv00	UNKNOWN
LoadBalancerDrawDistScaleParam_xss	3	Lv01	UNKNOWN
LoadBalancerDrawDistScaleParam_xss	4	Lv02	UNKNOWN
LoadBalancerDrawDistScaleParam_xss	5	Lv03	UNKNOWN
LoadBalancerDrawDistScaleParam_xss	6	Lv04	UNKNOWN
LoadBalancerDrawDistScaleParam_xss	7	Lv05	UNKNOWN
LoadBalancerDrawDistScaleParam_xss	8	Lv06	UNKNOWN
LoadBalancerDrawDistScaleParam_xss	9	Lv07	UNKNOWN
LoadBalancerDrawDistScaleParam_xss	10	Lv08	UNKNOWN
LoadBalancerDrawDistScaleParam_xss	11	Lv09	UNKNOWN
LoadBalancerDrawDistScaleParam_xss	12	Lv10	UNKNOWN
LoadBalancerDrawDistScaleParam_xss	13	Lv11	UNKNOWN
LoadBalancerDrawDistScaleParam_xss	14	Lv12	UNKNOWN
LoadBalancerDrawDistScaleParam_xss	15	Lv13	UNKNOWN
LoadBalancerDrawDistScaleParam_xss	16	Lv14	UNKNOWN
LoadBalancerDrawDistScaleParam_xss	17	Lv15	UNKNOWN
LoadBalancerDrawDistScaleParam_xss	18	Lv16	UNKNOWN
LoadBalancerDrawDistScaleParam_xss	19	Lv17	UNKNOWN
LoadBalancerDrawDistScaleParam_xss	20	Lv18	UNKNOWN
LoadBalancerDrawDistScaleParam_xss	21	Lv19	UNKNOWN
LoadBalancerDrawDistScaleParam_xss	22	Lv20	UNKNOWN
LoadBalancerDrawDistScaleParam_xss	23	reserve	UNKNOWN
LoadBalancerDrawDistScaleParam_xss	24		UNKNOWN
LoadBalancerDrawDistScaleParam_xsx	0	ID	UNKNOWN
LoadBalancerDrawDistScaleParam_xsx	1	Name	UNKNOWN
LoadBalancerDrawDistScaleParam_xsx	2	Lv00	UNKNOWN
LoadBalancerDrawDistScaleParam_xsx	3	Lv01	UNKNOWN
LoadBalancerDrawDistScaleParam_xsx	4	Lv02	UNKNOWN
LoadBalancerDrawDistScaleParam_xsx	5	Lv03	UNKNOWN
LoadBalancerDrawDistScaleParam_xsx	6	Lv04	UNKNOWN
LoadBalancerDrawDistScaleParam_xsx	7	Lv05	UNKNOWN
LoadBalancerDrawDistScaleParam_xsx	8	Lv06	UNKNOWN
LoadBalancerDrawDistScaleParam_xsx	9	Lv07	UNKNOWN
LoadBalancerDrawDistScaleParam_xsx	10	Lv08	UNKNOWN
LoadBalancerDrawDistScaleParam_xsx	11	Lv09	UNKNOWN
LoadBalancerDrawDistScaleParam_xsx	12	Lv10	UNKNOWN
LoadBalancerDrawDistScaleParam_xsx	13	Lv11	UNKNOWN
LoadBalancerDrawDistScaleParam_xsx	14	Lv12	UNKNOWN
LoadBalancerDrawDistScaleParam_xsx	15	Lv13	UNKNOWN
LoadBalancerDrawDistScaleParam_xsx	16	Lv14	UNKNOWN
LoadBalancerDrawDistScaleParam_xsx	17	Lv15	UNKNOWN
LoadBalancerDrawDistScaleParam_xsx	18	Lv16	UNKNOWN
LoadBalancerDrawDistScaleParam_xsx	19	Lv17	UNKNOWN
LoadBalancerDrawDistScaleParam_xsx	20	Lv18	UNKNOWN
LoadBalancerDrawDistScaleParam_xsx	21	Lv19	UNKNOWN
LoadBalancerDrawDistScaleParam_xsx	22	Lv20	UNKNOWN
LoadBalancerDrawDistScaleParam_xsx	23	reserve	UNKNOWN
LoadBalancerDrawDistScaleParam_xsx	24		UNKNOWN
LoadBalancerNewDrawDistScaleParam_ps4	0	ID	UNKNOWN
LoadBalancerNewDrawDistScaleParam_ps4	1	Name	UNKNOWN
LoadBalancerNewDrawDistScaleParam_ps4	2	DrawDist_LvBegin	UNKNOWN
LoadBalancerNewDrawDistScaleParam_ps4	3	DrawDist_LvEnd	UNKNOWN
LoadBalancerNewDrawDistScaleParam_ps4	4	reserve0	UNKNOWN
LoadBalancerNewDrawDistScaleParam_ps4	5	DrawDist_ScaleBegin	UNKNOWN
LoadBalancerNewDrawDistScaleParam_ps4	6	DrawDist_ScaleEnd	UNKNOWN
LoadBalancerNewDrawDistScaleParam_ps4	7	ShadwDrawDist_LvBegin	UNKNOWN
LoadBalancerNewDrawDistScaleParam_ps4	8	ShadwDrawDist_LvEnd	UNKNOWN
LoadBalancerNewDrawDistScaleParam_ps4	9	reserve1	UNKNOWN
LoadBalancerNewDrawDistScaleParam_ps4	10	ShadwDrawDist_ScaleBegin	UNKNOWN
LoadBalancerNewDrawDistScaleParam_ps4	11	ShadwDrawDist_ScaleEnd	UNKNOWN
LoadBalancerNewDrawDistScaleParam_ps4	12	reserve2	UNKNOWN
LoadBalancerNewDrawDistScaleParam_ps4	13		UNKNOWN
LoadBalancerNewDrawDistScaleParam_ps5	0	ID	UNKNOWN
LoadBalancerNewDrawDistScaleParam_ps5	1	Name	UNKNOWN
LoadBalancerNewDrawDistScaleParam_ps5	2	DrawDist_LvBegin	UNKNOWN
LoadBalancerNewDrawDistScaleParam_ps5	3	DrawDist_LvEnd	UNKNOWN
LoadBalancerNewDrawDistScaleParam_ps5	4	reserve0	UNKNOWN
LoadBalancerNewDrawDistScaleParam_ps5	5	DrawDist_ScaleBegin	UNKNOWN
LoadBalancerNewDrawDistScaleParam_ps5	6	DrawDist_ScaleEnd	UNKNOWN
LoadBalancerNewDrawDistScaleParam_ps5	7	ShadwDrawDist_LvBegin	UNKNOWN
LoadBalancerNewDrawDistScaleParam_ps5	8	ShadwDrawDist_LvEnd	UNKNOWN
LoadBalancerNewDrawDistScaleParam_ps5	9	reserve1	UNKNOWN
LoadBalancerNewDrawDistScaleParam_ps5	10	ShadwDrawDist_ScaleBegin	UNKNOWN
LoadBalancerNewDrawDistScaleParam_ps5	11	ShadwDrawDist_ScaleEnd	UNKNOWN
LoadBalancerNewDrawDistScaleParam_ps5	12	reserve2	UNKNOWN
LoadBalancerNewDrawDistScaleParam_ps5	13		UNKNOWN
LoadBalancerNewDrawDistScaleParam_win64	0	ID	UNKNOWN
LoadBalancerNewDrawDistScaleParam_win64	1	Name	UNKNOWN
LoadBalancerNewDrawDistScaleParam_win64	2	DrawDist_LvBegin	UNKNOWN
LoadBalancerNewDrawDistScaleParam_win64	3	DrawDist_LvEnd	UNKNOWN
LoadBalancerNewDrawDistScaleParam_win64	4	reserve0	UNKNOWN
LoadBalancerNewDrawDistScaleParam_win64	5	DrawDist_ScaleBegin	UNKNOWN
LoadBalancerNewDrawDistScaleParam_win64	6	DrawDist_ScaleEnd	UNKNOWN
LoadBalancerNewDrawDistScaleParam_win64	7	ShadwDrawDist_LvBegin	UNKNOWN
LoadBalancerNewDrawDistScaleParam_win64	8	ShadwDrawDist_LvEnd	UNKNOWN
LoadBalancerNewDrawDistScaleParam_win64	9	reserve1	UNKNOWN
LoadBalancerNewDrawDistScaleParam_win64	10	ShadwDrawDist_ScaleBegin	UNKNOWN
LoadBalancerNewDrawDistScaleParam_win64	11	ShadwDrawDist_ScaleEnd	UNKNOWN
LoadBalancerNewDrawDistScaleParam_win64	12	reserve2	UNKNOWN
LoadBalancerNewDrawDistScaleParam_win64	13		UNKNOWN
LoadBalancerNewDrawDistScaleParam_xb1	0	ID	UNKNOWN
LoadBalancerNewDrawDistScaleParam_xb1	1	Name	UNKNOWN
LoadBalancerNewDrawDistScaleParam_xb1	2	DrawDist_LvBegin	UNKNOWN
LoadBalancerNewDrawDistScaleParam_xb1	3	DrawDist_LvEnd	UNKNOWN
LoadBalancerNewDrawDistScaleParam_xb1	4	reserve0	UNKNOWN
LoadBalancerNewDrawDistScaleParam_xb1	5	DrawDist_ScaleBegin	UNKNOWN
LoadBalancerNewDrawDistScaleParam_xb1	6	DrawDist_ScaleEnd	UNKNOWN
LoadBalancerNewDrawDistScaleParam_xb1	7	ShadwDrawDist_LvBegin	UNKNOWN
LoadBalancerNewDrawDistScaleParam_xb1	8	ShadwDrawDist_LvEnd	UNKNOWN
LoadBalancerNewDrawDistScaleParam_xb1	9	reserve1	UNKNOWN
LoadBalancerNewDrawDistScaleParam_xb1	10	ShadwDrawDist_ScaleBegin	UNKNOWN
LoadBalancerNewDrawDistScaleParam_xb1	11	ShadwDrawDist_ScaleEnd	UNKNOWN
LoadBalancerNewDrawDistScaleParam_xb1	12	reserve2	UNKNOWN
LoadBalancerNewDrawDistScaleParam_xb1	13		UNKNOWN
LoadBalancerNewDrawDistScaleParam_xb1x	0	ID	UNKNOWN
LoadBalancerNewDrawDistScaleParam_xb1x	1	Name	UNKNOWN
LoadBalancerNewDrawDistScaleParam_xb1x	2	DrawDist_LvBegin	UNKNOWN
LoadBalancerNewDrawDistScaleParam_xb1x	3	DrawDist_LvEnd	UNKNOWN
LoadBalancerNewDrawDistScaleParam_xb1x	4	reserve0	UNKNOWN
LoadBalancerNewDrawDistScaleParam_xb1x	5	DrawDist_ScaleBegin	UNKNOWN
LoadBalancerNewDrawDistScaleParam_xb1x	6	DrawDist_ScaleEnd	UNKNOWN
LoadBalancerNewDrawDistScaleParam_xb1x	7	ShadwDrawDist_LvBegin	UNKNOWN
LoadBalancerNewDrawDistScaleParam_xb1x	8	ShadwDrawDist_LvEnd	UNKNOWN
LoadBalancerNewDrawDistScaleParam_xb1x	9	reserve1	UNKNOWN
LoadBalancerNewDrawDistScaleParam_xb1x	10	ShadwDrawDist_ScaleBegin	UNKNOWN
LoadBalancerNewDrawDistScaleParam_xb1x	11	ShadwDrawDist_ScaleEnd	UNKNOWN
LoadBalancerNewDrawDistScaleParam_xb1x	12	reserve2	UNKNOWN
LoadBalancerNewDrawDistScaleParam_xb1x	13		UNKNOWN
LoadBalancerNewDrawDistScaleParam_xss	0	ID	UNKNOWN
LoadBalancerNewDrawDistScaleParam_xss	1	Name	UNKNOWN
LoadBalancerNewDrawDistScaleParam_xss	2	DrawDist_LvBegin	UNKNOWN
LoadBalancerNewDrawDistScaleParam_xss	3	DrawDist_LvEnd	UNKNOWN
LoadBalancerNewDrawDistScaleParam_xss	4	reserve0	UNKNOWN
LoadBalancerNewDrawDistScaleParam_xss	5	DrawDist_ScaleBegin	UNKNOWN
LoadBalancerNewDrawDistScaleParam_xss	6	DrawDist_ScaleEnd	UNKNOWN
LoadBalancerNewDrawDistScaleParam_xss	7	ShadwDrawDist_LvBegin	UNKNOWN
LoadBalancerNewDrawDistScaleParam_xss	8	ShadwDrawDist_LvEnd	UNKNOWN
LoadBalancerNewDrawDistScaleParam_xss	9	reserve1	UNKNOWN
LoadBalancerNewDrawDistScaleParam_xss	10	ShadwDrawDist_ScaleBegin	UNKNOWN
LoadBalancerNewDrawDistScaleParam_xss	11	ShadwDrawDist_ScaleEnd	UNKNOWN
LoadBalancerNewDrawDistScaleParam_xss	12	reserve2	UNKNOWN
LoadBalancerNewDrawDistScaleParam_xss	13		UNKNOWN
LoadBalancerNewDrawDistScaleParam_xsx	0	ID	UNKNOWN
LoadBalancerNewDrawDistScaleParam_xsx	1	Name	UNKNOWN
LoadBalancerNewDrawDistScaleParam_xsx	2	DrawDist_LvBegin	UNKNOWN
LoadBalancerNewDrawDistScaleParam_xsx	3	DrawDist_LvEnd	UNKNOWN
LoadBalancerNewDrawDistScaleParam_xsx	4	reserve0	UNKNOWN
LoadBalancerNewDrawDistScaleParam_xsx	5	DrawDist_ScaleBegin	UNKNOWN
LoadBalancerNewDrawDistScaleParam_xsx	6	DrawDist_ScaleEnd	UNKNOWN
LoadBalancerNewDrawDistScaleParam_xsx	7	ShadwDrawDist_LvBegin	UNKNOWN
LoadBalancerNewDrawDistScaleParam_xsx	8	ShadwDrawDist_LvEnd	UNKNOWN
LoadBalancerNewDrawDistScaleParam_xsx	9	reserve1	UNKNOWN
LoadBalancerNewDrawDistScaleParam_xsx	10	ShadwDrawDist_ScaleBegin	UNKNOWN
LoadBalancerNewDrawDistScaleParam_xsx	11	ShadwDrawDist_ScaleEnd	UNKNOWN
LoadBalancerNewDrawDistScaleParam_xsx	12	reserve2	UNKNOWN
LoadBalancerNewDrawDistScaleParam_xsx	13		UNKNOWN
LoadBalancerParam	0	ID	UNKNOWN
LoadBalancerParam	1	Name	UNKNOWN
LoadBalancerParam	2	lowerFpsThreshold	UNKNOWN
LoadBalancerParam	3	upperFpsThreshold	UNKNOWN
LoadBalancerParam	4	lowerFpsContinousCount	UNKNOWN
LoadBalancerParam	5	upperFpsContinousCount	UNKNOWN
LoadBalancerParam	6	downAfterChangeSleep	UNKNOWN
LoadBalancerParam	7	upAfterChangeSleep	UNKNOWN
LoadBalancerParam	8	postProcessLightShaft	UNKNOWN
LoadBalancerParam	9	postProcessBloom	UNKNOWN
LoadBalancerParam	10	postProcessGlow	UNKNOWN
LoadBalancerParam	11	postProcessAA	UNKNOWN
LoadBalancerParam	12	postProcessSSAO	UNKNOWN
LoadBalancerParam	13	postProcessDOF	UNKNOWN
LoadBalancerParam	14	postProcessMotionBlur	UNKNOWN
LoadBalancerParam	15	postProcessMotionBlurIteration	UNKNOWN
LoadBalancerParam	16	reserve0	UNKNOWN
LoadBalancerParam	17	shadowBlur	UNKNOWN
LoadBalancerParam	18	sfxParticleHalf	UNKNOWN
LoadBalancerParam	19	sfxReflection	UNKNOWN
LoadBalancerParam	20	sfxWaterInteraction	UNKNOWN
LoadBalancerParam	21	sfxGlow	UNKNOWN
LoadBalancerParam	22	sfxDistortion	UNKNOWN
LoadBalancerParam	23	sftSoftSprite	UNKNOWN
LoadBalancerParam	24	sfxLightShaft	UNKNOWN
LoadBalancerParam	25	sfxScaleRenderDistanceScale	UNKNOWN
LoadBalancerParam	26	dynamicResolution	UNKNOWN
LoadBalancerParam	27	shadowCascade0ResolutionHalf	UNKNOWN
LoadBalancerParam	28	shadowCascade1ResolutionHalf	UNKNOWN
LoadBalancerParam	29	chrWetDisablePlayer	UNKNOWN
LoadBalancerParam	30	chrWetDisableRemotePlayer	UNKNOWN
LoadBalancerParam	31	chrWetDisableEnemy	UNKNOWN
LoadBalancerParam	32	dynamicResolutionPercentageMin	UNKNOWN
LoadBalancerParam	33	dynamicResolutionPercentageMax	UNKNOWN
LoadBalancerParam	34	reserve1	UNKNOWN
LoadBalancerParam	35		UNKNOWN
LockCamParam	0	ID	UNKNOWN
LockCamParam	1	Name	UNKNOWN
LockCamParam	2	camDistTarget	UNKNOWN
LockCamParam	3	rotRangeMinX	UNKNOWN
LockCamParam	4	lockRotXShiftRatio	UNKNOWN
LockCamParam	5	chrOrgOffset_Y	UNKNOWN
LockCamParam	6	chrLockRangeMaxRadius	UNKNOWN
LockCamParam	7	camFovY	UNKNOWN
LockCamParam	8	chrLockRangeMaxRadius_forD	UNKNOWN
LockCamParam	9	chrLockRangeMaxRadius_forPD	UNKNOWN
LockCamParam	10	closeMaxHeight	UNKNOWN
LockCamParam	11	closeMinHeight	UNKNOWN
LockCamParam	12	closeAngRange	UNKNOWN
LockCamParam	13	closeMaxRadius	UNKNOWN
LockCamParam	14	closeMaxRadius_forD	UNKNOWN
LockCamParam	15	closeMaxRadius_forPD	UNKNOWN
LockCamParam	16	bulletMaxRadius	UNKNOWN
LockCamParam	17	bulletMaxRadius_forD	UNKNOWN
LockCamParam	18	bulletMaxRadius_forPD	UNKNOWN
LockCamParam	19	bulletAngRange	UNKNOWN
LockCamParam	20	lockTgtKeepTime	UNKNOWN
LockCamParam	21	chrTransChaseRateForNormal	UNKNOWN
LockCamParam	22	pad	UNKNOWN
LockCamParam	23		UNKNOWN
Magic	0	ID	UNKNOWN
Magic	1	Name	UNKNOWN
Magic	2	disableParam_NT	UNKNOWN
Magic	3	disableParamReserve1	UNKNOWN
Magic	4	disableParamReserve2	UNKNOWN
Magic	5	yesNoDialogMessageId	UNKNOWN
Magic	6	limitCancelSpEffectId	UNKNOWN
Magic	7	sortId	UNKNOWN
Magic	8	requirementLuck	UNKNOWN
Magic	9	aiNotifyType	UNKNOWN
Magic	10	mp	UNKNOWN
Magic	11	stamina	UNKNOWN
Magic	12	iconId	UNKNOWN
Magic	13	behaviorId	UNKNOWN
Magic	14	mtrlItemId	UNKNOWN
Magic	15	replaceMagicId	UNKNOWN
Magic	16	maxQuantity	UNKNOWN
Magic	17	refCategory1	UNKNOWN
Magic	18	overDexterity	UNKNOWN
Magic	19	refCategory2	UNKNOWN
Magic	20	slotLength	UNKNOWN
Magic	21	requirementIntellect	UNKNOWN
Magic	22	requirementFaith	UNKNOWN
Magic	23	analogDexterityMin	UNKNOWN
Magic	24	analogDexterityMax	UNKNOWN
Magic	25	ezStateBehaviorType	UNKNOWN
Magic	26	refCategory3	UNKNOWN
Magic	27	spEffectCategory	UNKNOWN
Magic	28	refType	UNKNOWN
Magic	29	opmeMenuType	UNKNOWN
Magic	30	refCategory4	UNKNOWN
Magic	31	hasSpEffectType	UNKNOWN
Magic	32	replaceCategory	UNKNOWN
Magic	33	useLimitCategory	UNKNOWN
Magic	34	vowType0	UNKNOWN
Magic	35	vowType1	UNKNOWN
Magic	36	vowType2	UNKNOWN
Magic	37	vowType3	UNKNOWN
Magic	38	vowType4	UNKNOWN
Magic	39	vowType5	UNKNOWN
Magic	40	vowType6	UNKNOWN
Magic	41	vowType7	UNKNOWN
Magic	42	enable_multi	UNKNOWN
Magic	43	enable_multi_only	UNKNOWN
Magic	44	isEnchant	UNKNOWN
Magic	45	isShieldEnchant	UNKNOWN
Magic	46	enable_live	UNKNOWN
Magic	47	enable_gray	UNKNOWN
Magic	48	enable_friendly	UNKNOWN
Magic	49	enable_hostile	UNKNOWN
Magic	50	disableOffline	UNKNOWN
Magic	51	castResonanceMagic	UNKNOWN
Magic	52	isValidTough_ProtSADmg	UNKNOWN
Magic	53	isWarpMagic	UNKNOWN
Magic	54	enableRiding	UNKNOWN
Magic	55	disableRiding	UNKNOWN
Magic	56	isUseNoAttackRegion	UNKNOWN
Magic	57	pad_1	UNKNOWN
Magic	58	vowType8	UNKNOWN
Magic	59	vowType9	UNKNOWN
Magic	60	vowType10	UNKNOWN
Magic	61	vowType11	UNKNOWN
Magic	62	vowType12	UNKNOWN
Magic	63	vowType13	UNKNOWN
Magic	64	vowType14	UNKNOWN
Magic	65	vowType15	UNKNOWN
Magic	66	castSfxId	UNKNOWN
Magic	67	fireSfxId	UNKNOWN
Magic	68	effectSfxId	UNKNOWN
Magic	69	toughnessCorrectRate	UNKNOWN
Magic	70	ReplacementStatusType	UNKNOWN
Magic	71	ReplacementStatus1	UNKNOWN
Magic	72	ReplacementStatus2	UNKNOWN
Magic	73	ReplacementStatus3	UNKNOWN
Magic	74	ReplacementStatus4	UNKNOWN
Magic	75	refCategory5	UNKNOWN
Magic	76	consumeSA	UNKNOWN
Magic	77	ReplacementMagic1	UNKNOWN
Magic	78	ReplacementMagic2	UNKNOWN
Magic	79	ReplacementMagic3	UNKNOWN
Magic	80	ReplacementMagic4	UNKNOWN
Magic	81	mp_charge	UNKNOWN
Magic	82	stamina_charge	UNKNOWN
Magic	83	createLimitGroupId	UNKNOWN
Magic	84	refCategory6	UNKNOWN
Magic	85	subCategory1	UNKNOWN
Magic	86	subCategory2	UNKNOWN
Magic	87	refCategory7	UNKNOWN
Magic	88	refCategory8	UNKNOWN
Magic	89	refCategory9	UNKNOWN
Magic	90	refCategory10	UNKNOWN
Magic	91	refId1	UNKNOWN
Magic	92	refId2	UNKNOWN
Magic	93	refId3	UNKNOWN
Magic	94	aiUseJudgeId	UNKNOWN
Magic	95	refId4	UNKNOWN
Magic	96	refId5	UNKNOWN
Magic	97	refId6	UNKNOWN
Magic	98	refId7	UNKNOWN
Magic	99	refId8	UNKNOWN
Magic	100	refId9	UNKNOWN
Magic	101	refId10	UNKNOWN
Magic	102	consumeType1	UNKNOWN
Magic	103	consumeType2	UNKNOWN
Magic	104	consumeType3	UNKNOWN
Magic	105	consumeType4	UNKNOWN
Magic	106	consumeType5	UNKNOWN
Magic	107	consumeType6	UNKNOWN
Magic	108	consumeType7	UNKNOWN
Magic	109	consumeType8	UNKNOWN
Magic	110	consumeType9	UNKNOWN
Magic	111	consumeType10	UNKNOWN
Magic	112	consumeLoopMP_forMenu	UNKNOWN
Magic	113	pad	UNKNOWN
Magic	114		UNKNOWN
MapDefaultInfoParam	0	ID	UNKNOWN
MapDefaultInfoParam	1	Name	UNKNOWN
MapDefaultInfoParam	2	disableParam_NT	UNKNOWN
MapDefaultInfoParam	3	disableParamReserve1	UNKNOWN
MapDefaultInfoParam	4	disableParamReserve2	UNKNOWN
MapDefaultInfoParam	5	EnableFastTravelEventFlagId	UNKNOWN
MapDefaultInfoParam	6	WeatherLotTimeOffsetIngameSeconds	UNKNOWN
MapDefaultInfoParam	7	WeatherCreateAssetLimitId	UNKNOWN
MapDefaultInfoParam	8	MapAiSightType	UNKNOWN
MapDefaultInfoParam	9	SoundIndoorType	UNKNOWN
MapDefaultInfoParam	10	ReverbDefaultType	UNKNOWN
MapDefaultInfoParam	11	BgmPlaceInfo	UNKNOWN
MapDefaultInfoParam	12	EnvPlaceInfo	UNKNOWN
MapDefaultInfoParam	13	MapAdditionalSoundBankId	UNKNOWN
MapDefaultInfoParam	14	MapHeightForSound	UNKNOWN
MapDefaultInfoParam	15	IsEnableBlendTimezoneEnvmap	UNKNOWN
MapDefaultInfoParam	16	OverrideGIResolution_XSS	UNKNOWN
MapDefaultInfoParam	17	MapLoHiChangeBorderDist_XZ	UNKNOWN
MapDefaultInfoParam	18	MapLoHiChangeBorderDist_Y	UNKNOWN
MapDefaultInfoParam	19	MapLoHiChangePlayDist	UNKNOWN
MapDefaultInfoParam	20	MapAutoDrawGroupBackFacePixelNum	UNKNOWN
MapDefaultInfoParam	21	PlayerLigntScale	UNKNOWN
MapDefaultInfoParam	22	IsEnableTimezonnePlayerLigntScale	UNKNOWN
MapDefaultInfoParam	23	isDisableAutoCliffWind	UNKNOWN
MapDefaultInfoParam	24	OpenChrActivateThreshold	UNKNOWN
MapDefaultInfoParam	25	MapMimicryEstablishmentParamId	UNKNOWN
MapDefaultInfoParam	26	OverrideGIResolution_XSX	UNKNOWN
MapDefaultInfoParam	27	Reserve	UNKNOWN
MapDefaultInfoParam	28		UNKNOWN
MapGdRegionDrawParam	0	ID	UNKNOWN
MapGdRegionDrawParam	1	Name	UNKNOWN
MapGdRegionDrawParam	2	disableParam_NT	UNKNOWN
MapGdRegionDrawParam	3	disableParamReserve1	UNKNOWN
MapGdRegionDrawParam	4	disableParamReserve2	UNKNOWN
MapGdRegionDrawParam	5	overrideIVLocalLightScale	UNKNOWN
MapGdRegionDrawParam	6		UNKNOWN
MapGdRegionInfoParam	0	ID	UNKNOWN
MapGdRegionInfoParam	1	Name	UNKNOWN
MapGdRegionInfoParam	2	disableParam_NT	UNKNOWN
MapGdRegionInfoParam	3	disableParamReserve1	UNKNOWN
MapGdRegionInfoParam	4	disableParamReserve2	UNKNOWN
MapGdRegionInfoParam	5	mapRegionId	UNKNOWN
MapGdRegionInfoParam	6	Reserve	UNKNOWN
MapGdRegionInfoParam	7		UNKNOWN
MapGridCreateHeightDetailLimitInfo	0	ID	UNKNOWN
MapGridCreateHeightDetailLimitInfo	1	Name	UNKNOWN
MapGridCreateHeightDetailLimitInfo	2	mapId	UNKNOWN
MapGridCreateHeightDetailLimitInfo	3	unknown_0x4	UNKNOWN
MapGridCreateHeightDetailLimitInfo	4	unknown_0x8	UNKNOWN
MapGridCreateHeightDetailLimitInfo	5	unknown_0xc	UNKNOWN
MapGridCreateHeightDetailLimitInfo	6	unknown_0x10	UNKNOWN
MapGridCreateHeightDetailLimitInfo	7	unknown_0x14	UNKNOWN
MapGridCreateHeightDetailLimitInfo	8	unknown_0x18	UNKNOWN
MapGridCreateHeightDetailLimitInfo	9	unknown_0x1c	UNKNOWN
MapGridCreateHeightDetailLimitInfo	10	unknown_0x20	UNKNOWN
MapGridCreateHeightDetailLimitInfo	11	unknown_0x24	UNKNOWN
MapGridCreateHeightDetailLimitInfo	12	unknown_0x28	UNKNOWN
MapGridCreateHeightDetailLimitInfo	13	unknown_0x2c	UNKNOWN
MapGridCreateHeightDetailLimitInfo	14	unknown_0x2d	UNKNOWN
MapGridCreateHeightDetailLimitInfo	15	unknown_0x2e	UNKNOWN
MapGridCreateHeightDetailLimitInfo	16	unknown_0x2f	UNKNOWN
MapGridCreateHeightDetailLimitInfo	17	unknown_0x30	UNKNOWN
MapGridCreateHeightDetailLimitInfo	18	unknown_0x31	UNKNOWN
MapGridCreateHeightDetailLimitInfo	19	unknown_0x32	UNKNOWN
MapGridCreateHeightDetailLimitInfo	20	unknown_0x34	UNKNOWN
MapGridCreateHeightDetailLimitInfo	21	unknown_0x38	UNKNOWN
MapGridCreateHeightDetailLimitInfo	22	unknown_0x3c	UNKNOWN
MapGridCreateHeightDetailLimitInfo	23		UNKNOWN
MapGridCreateHeightLimitInfoParam	0	ID	UNKNOWN
MapGridCreateHeightLimitInfoParam	1	Name	UNKNOWN
MapGridCreateHeightLimitInfoParam	2	GridEnableCreateHeightMin	UNKNOWN
MapGridCreateHeightLimitInfoParam	3	GridEnableCreateHeightMax	UNKNOWN
MapGridCreateHeightLimitInfoParam	4	Reserve	UNKNOWN
MapGridCreateHeightLimitInfoParam	5		UNKNOWN
MapMimicryEstablishmentParam	0	ID	UNKNOWN
MapMimicryEstablishmentParam	1	Name	UNKNOWN
MapMimicryEstablishmentParam	2	mimicryEstablishment0	UNKNOWN
MapMimicryEstablishmentParam	3	mimicryEstablishment1	UNKNOWN
MapMimicryEstablishmentParam	4	mimicryEstablishment2	UNKNOWN
MapMimicryEstablishmentParam	5	mimicryBeginSfxId0	UNKNOWN
MapMimicryEstablishmentParam	6	mimicrySfxId0	UNKNOWN
MapMimicryEstablishmentParam	7	mimicryEndSfxId0	UNKNOWN
MapMimicryEstablishmentParam	8	mimicryBeginSfxId1	UNKNOWN
MapMimicryEstablishmentParam	9	mimicrySfxId1	UNKNOWN
MapMimicryEstablishmentParam	10	mimicryEndSfxId1	UNKNOWN
MapMimicryEstablishmentParam	11	mimicryBeginSfxId2	UNKNOWN
MapMimicryEstablishmentParam	12	mimicrySfxId2	UNKNOWN
MapMimicryEstablishmentParam	13	mimicryEndSfxId2	UNKNOWN
MapMimicryEstablishmentParam	14	pad1	UNKNOWN
MapMimicryEstablishmentParam	15		UNKNOWN
MapNameTexParam	0	ID	UNKNOWN
MapNameTexParam	1	Name	UNKNOWN
MapNameTexParam	2	disableParam_NT	UNKNOWN
MapNameTexParam	3	disableParamReserve1	UNKNOWN
MapNameTexParam	4	disableParamReserve2	UNKNOWN
MapNameTexParam	5	srcR	UNKNOWN
MapNameTexParam	6	srcG	UNKNOWN
MapNameTexParam	7	srcB	UNKNOWN
MapNameTexParam	8	pad1	UNKNOWN
MapNameTexParam	9	mapNameId	UNKNOWN
MapNameTexParam	10	pad2	UNKNOWN
MapNameTexParam	11		UNKNOWN
MapNameTexParam_m61	0	ID	UNKNOWN
MapNameTexParam_m61	1	Name	UNKNOWN
MapNameTexParam_m61	2	disableParam_NT	UNKNOWN
MapNameTexParam_m61	3	disableParamReserve1	UNKNOWN
MapNameTexParam_m61	4	disableParamReserve2	UNKNOWN
MapNameTexParam_m61	5	srcR	UNKNOWN
MapNameTexParam_m61	6	srcG	UNKNOWN
MapNameTexParam_m61	7	srcB	UNKNOWN
MapNameTexParam_m61	8	pad1	UNKNOWN
MapNameTexParam_m61	9	mapNameId	UNKNOWN
MapNameTexParam_m61	10	unknown_0xc	UNKNOWN
MapNameTexParam_m61	11	unknown_0x10	UNKNOWN
MapNameTexParam_m61	12	unknown_0x11	UNKNOWN
MapNameTexParam_m61	13	unknown_0x12	UNKNOWN
MapNameTexParam_m61	14	unknown_0x13	UNKNOWN
MapNameTexParam_m61	15	unknown_0x14	UNKNOWN
MapNameTexParam_m61	16	unknownTextID_1	UNKNOWN
MapNameTexParam_m61	17	unknownTextID_2	UNKNOWN
MapNameTexParam_m61	18	unknown_0x20	UNKNOWN
MapNameTexParam_m61	19	unknown_0x24	UNKNOWN
MapNameTexParam_m61	20		UNKNOWN
MapPieceTexParam	0	ID	UNKNOWN
MapPieceTexParam	1	Name	UNKNOWN
MapPieceTexParam	2	disableParam_NT	UNKNOWN
MapPieceTexParam	3	disableParamReserve1	UNKNOWN
MapPieceTexParam	4	disableParamReserve2	UNKNOWN
MapPieceTexParam	5	srcR	UNKNOWN
MapPieceTexParam	6	srcG	UNKNOWN
MapPieceTexParam	7	srcB	UNKNOWN
MapPieceTexParam	8	pad1	UNKNOWN
MapPieceTexParam	9	saveMapNameId	UNKNOWN
MapPieceTexParam	10	multiPlayAreaId	UNKNOWN
MapPieceTexParam	11		UNKNOWN
MapPieceTexParam_m61	0	ID	UNKNOWN
MapPieceTexParam_m61	1	Name	UNKNOWN
MapPieceTexParam_m61	2	disableParam_NT	UNKNOWN
MapPieceTexParam_m61	3	disableParamReserve1	UNKNOWN
MapPieceTexParam_m61	4	disableParamReserve2	UNKNOWN
MapPieceTexParam_m61	5	srcR	UNKNOWN
MapPieceTexParam_m61	6	srcG	UNKNOWN
MapPieceTexParam_m61	7	srcB	UNKNOWN
MapPieceTexParam_m61	8	pad1	UNKNOWN
MapPieceTexParam_m61	9	saveMapNameId	UNKNOWN
MapPieceTexParam_m61	10	multiPlayAreaId	UNKNOWN
MapPieceTexParam_m61	11	unknown_0x10	UNKNOWN
MapPieceTexParam_m61	12	unknown_0x14	UNKNOWN
MapPieceTexParam_m61	13	unknown_0x18	UNKNOWN
MapPieceTexParam_m61	14	unknown_0x1c	UNKNOWN
MapPieceTexParam_m61	15	unknownPlayRegion_1	UNKNOWN
MapPieceTexParam_m61	16	unknownPlayRegion_2	UNKNOWN
MapPieceTexParam_m61	17		UNKNOWN
MaterialExParam	0	ID	UNKNOWN
MaterialExParam	1	Name	UNKNOWN
MaterialExParam	2	paramName	UNKNOWN
MaterialExParam	3	materialId	UNKNOWN
MaterialExParam	4	materialParamValue0	UNKNOWN
MaterialExParam	5	materialParamValue1	UNKNOWN
MaterialExParam	6	materialParamValue2	UNKNOWN
MaterialExParam	7	materialParamValue3	UNKNOWN
MaterialExParam	8	materialParamValue4	UNKNOWN
MaterialExParam	9	pad	UNKNOWN
MaterialExParam	10		UNKNOWN
MenuColorTableParam	0	ID	UNKNOWN
MenuColorTableParam	1	Name	UNKNOWN
MenuColorTableParam	2	lerpMode	UNKNOWN
MenuColorTableParam	3	pad1	UNKNOWN
MenuColorTableParam	4	h	UNKNOWN
MenuColorTableParam	5	pad2	UNKNOWN
MenuColorTableParam	6	s1	UNKNOWN
MenuColorTableParam	7	v1	UNKNOWN
MenuColorTableParam	8	s2	UNKNOWN
MenuColorTableParam	9	v2	UNKNOWN
MenuColorTableParam	10	s3	UNKNOWN
MenuColorTableParam	11	v3	UNKNOWN
MenuColorTableParam	12		UNKNOWN
MenuCommonParam	0	ID	UNKNOWN
MenuCommonParam	1	Name	UNKNOWN
MenuCommonParam	2	soloPlayDeath_ToFadeOutTime	UNKNOWN
MenuCommonParam	3	partyGhostDeath_ToFadeOutTime	UNKNOWN
MenuCommonParam	4	playerMaxHpLimit	UNKNOWN
MenuCommonParam	5	playerMaxMpLimit	UNKNOWN
MenuCommonParam	6	playerMaxSpLimit	UNKNOWN
MenuCommonParam	7	actionPanelChangeThreshold_Vel	UNKNOWN
MenuCommonParam	8	actionPanelChangeThreshold_PassTime	UNKNOWN
MenuCommonParam	9	kgIconVspace	UNKNOWN
MenuCommonParam	10	worldMapCursorSelectRadius	UNKNOWN
MenuCommonParam	11	reserved8	UNKNOWN
MenuCommonParam	12	decalPosOffsetX	UNKNOWN
MenuCommonParam	13	decalPosOffsetY	UNKNOWN
MenuCommonParam	14	targetStateSearchDurationTime	UNKNOWN
MenuCommonParam	15	targetStateBattleDurationTime	UNKNOWN
MenuCommonParam	16	worldMapCursorSpeed	UNKNOWN
MenuCommonParam	17	worldMapCursorFirstDistance	UNKNOWN
MenuCommonParam	18	worldMapCursorFirstDelay	UNKNOWN
MenuCommonParam	19	worldMapCursorWaitTime	UNKNOWN
MenuCommonParam	20	worldMapCursorSnapRadius	UNKNOWN
MenuCommonParam	21	worldMapCursorSnapTime	UNKNOWN
MenuCommonParam	22	itemGetLogAliveTime	UNKNOWN
MenuCommonParam	23	playerMaxSaLimit	UNKNOWN
MenuCommonParam	24	worldMap_IsChangeableLayerEventFlagId	UNKNOWN
MenuCommonParam	25	worldMap_TravelMargin	UNKNOWN
MenuCommonParam	26	systemAnnounceScrollBufferTime	UNKNOWN
MenuCommonParam	27	systemAnnounceScrollSpeed	UNKNOWN
MenuCommonParam	28	systemAnnounceNoScrollWaitTime	UNKNOWN
MenuCommonParam	29	systemAnnounceScrollCount	UNKNOWN
MenuCommonParam	30	reserved17	UNKNOWN
MenuCommonParam	31	compassMemoDispDistance	UNKNOWN
MenuCommonParam	32	compassBonfireDispDistance	UNKNOWN
MenuCommonParam	33	markerGoalThreshold	UNKNOWN
MenuCommonParam	34	svSliderStep	UNKNOWN
MenuCommonParam	35	preOpeningMovie_WaitSec	UNKNOWN
MenuCommonParam	36	kgIconScale	UNKNOWN
MenuCommonParam	37	kgIconScale_forTable	UNKNOWN
MenuCommonParam	38	kgIconVspace_forTable	UNKNOWN
MenuCommonParam	39	kgIconScale_forConfig	UNKNOWN
MenuCommonParam	40	kgIconVspace_forConfig	UNKNOWN
MenuCommonParam	41	worldMap_SearchRadius	UNKNOWN
MenuCommonParam	42	tutorialDisplayTime	UNKNOWN
MenuCommonParam	43	compassFriendHostInnerDistance	UNKNOWN
MenuCommonParam	44	compassEnemyHostInnerDistance	UNKNOWN
MenuCommonParam	45	compassFriendGuestInnerDistance	UNKNOWN
MenuCommonParam	46	cutsceneKeyGuideAliveTime	UNKNOWN
MenuCommonParam	47	autoHideHpThresholdRatio	UNKNOWN
MenuCommonParam	48	autoHideHpThresholdValue	UNKNOWN
MenuCommonParam	49	autoHideMpThresholdRatio	UNKNOWN
MenuCommonParam	50	autoHideMpThresholdValue	UNKNOWN
MenuCommonParam	51	autoHideSpThresholdRatio	UNKNOWN
MenuCommonParam	52	autoHideSpThresholdValue	UNKNOWN
MenuCommonParam	53	worldMapZoomAnimationTime	UNKNOWN
MenuCommonParam	54	worldMapIconScaleMin	UNKNOWN
MenuCommonParam	55	worldMap_TravelMargin_Point	UNKNOWN
MenuCommonParam	56	enemyTagSafeLeft	UNKNOWN
MenuCommonParam	57	enemyTagSafeRight	UNKNOWN
MenuCommonParam	58	enemyTagSafeTop	UNKNOWN
MenuCommonParam	59	enemyTagSafeBottom	UNKNOWN
MenuCommonParam	60	pcHorseHpRecoverDispThreshold	UNKNOWN
MenuCommonParam	61	worldMap_DlcLayerEventFlagId	UNKNOWN
MenuCommonParam	62	unknown_0xe4	UNKNOWN
MenuCommonParam	63	unknown_0xe5	UNKNOWN
MenuCommonParam	64	unknown_0xe6	UNKNOWN
MenuCommonParam	65	unknown_0xe7	UNKNOWN
MenuCommonParam	66	unknown_0xe8	UNKNOWN
MenuCommonParam	67	unknown_0xe9	UNKNOWN
MenuCommonParam	68	unknown_0xea	UNKNOWN
MenuCommonParam	69	unknown_0xeb	UNKNOWN
MenuCommonParam	70	unknown_0xec	UNKNOWN
MenuCommonParam	71	unknown_0xed	UNKNOWN
MenuCommonParam	72	unknown_0xee	UNKNOWN
MenuCommonParam	73	reserved33	UNKNOWN
MenuCommonParam	74		UNKNOWN
MenuOffscrRendParam	0	ID	UNKNOWN
MenuOffscrRendParam	1	Name	UNKNOWN
MenuOffscrRendParam	2	camAtPosX	UNKNOWN
MenuOffscrRendParam	3	camAtPosY	UNKNOWN
MenuOffscrRendParam	4	camAtPosZ	UNKNOWN
MenuOffscrRendParam	5	camDist	UNKNOWN
MenuOffscrRendParam	6	camRotX	UNKNOWN
MenuOffscrRendParam	7	camRotY	UNKNOWN
MenuOffscrRendParam	8	camFov	UNKNOWN
MenuOffscrRendParam	9	camDistMin	UNKNOWN
MenuOffscrRendParam	10	camDistMax	UNKNOWN
MenuOffscrRendParam	11	camRotXMin	UNKNOWN
MenuOffscrRendParam	12	camRotXMax	UNKNOWN
MenuOffscrRendParam	13	GparamID	UNKNOWN
MenuOffscrRendParam	14	envTexId	UNKNOWN
MenuOffscrRendParam	15	Grapm_ID_forPS4	UNKNOWN
MenuOffscrRendParam	16	Grapm_ID_forXB1	UNKNOWN
MenuOffscrRendParam	17	pad	UNKNOWN
MenuOffscrRendParam	18		UNKNOWN
MenuPropertyLayoutParam	0	ID	UNKNOWN
MenuPropertyLayoutParam	1	Name	UNKNOWN
MenuPropertyLayoutParam	2	LayoutPath	UNKNOWN
MenuPropertyLayoutParam	3	PropertyID	UNKNOWN
MenuPropertyLayoutParam	4	CaptionTextID	UNKNOWN
MenuPropertyLayoutParam	5	HelpTextID	UNKNOWN
MenuPropertyLayoutParam	6	reserved	UNKNOWN
MenuPropertyLayoutParam	7		UNKNOWN
MenuPropertySpecParam	0	ID	UNKNOWN
MenuPropertySpecParam	1	Name	UNKNOWN
MenuPropertySpecParam	2	CaptionTextID	UNKNOWN
MenuPropertySpecParam	3	IconID	UNKNOWN
MenuPropertySpecParam	4	RequiredPropertyID	UNKNOWN
MenuPropertySpecParam	5	CompareType	UNKNOWN
MenuPropertySpecParam	6	pad2	UNKNOWN
MenuPropertySpecParam	7	FormatType	UNKNOWN
MenuPropertySpecParam	8	pad	UNKNOWN
MenuPropertySpecParam	9		UNKNOWN
MenuValueTableParam	0	ID	UNKNOWN
MenuValueTableParam	1	Name	UNKNOWN
MenuValueTableParam	2	value	UNKNOWN
MenuValueTableParam	3	textId	UNKNOWN
MenuValueTableParam	4	compareType	UNKNOWN
MenuValueTableParam	5	padding	UNKNOWN
MenuValueTableParam	6		UNKNOWN
MimicryEstablishmentTexParam	0	ID	UNKNOWN
MimicryEstablishmentTexParam	1	Name	UNKNOWN
MimicryEstablishmentTexParam	2	disableParam_NT	UNKNOWN
MimicryEstablishmentTexParam	3	disableParamReserve1	UNKNOWN
MimicryEstablishmentTexParam	4	disableParamReserve2	UNKNOWN
MimicryEstablishmentTexParam	5	srcR	UNKNOWN
MimicryEstablishmentTexParam	6	srcG	UNKNOWN
MimicryEstablishmentTexParam	7	srcB	UNKNOWN
MimicryEstablishmentTexParam	8	pad1	UNKNOWN
MimicryEstablishmentTexParam	9	mimicryEstablishmentParamId	UNKNOWN
MimicryEstablishmentTexParam	10	pad2	UNKNOWN
MimicryEstablishmentTexParam	11		UNKNOWN
MimicryEstablishmentTexParam_m61	0	ID	UNKNOWN
MimicryEstablishmentTexParam_m61	1	Name	UNKNOWN
MimicryEstablishmentTexParam_m61	2	disableParam_NT	UNKNOWN
MimicryEstablishmentTexParam_m61	3	disableParamReserve1	UNKNOWN
MimicryEstablishmentTexParam_m61	4	disableParamReserve2	UNKNOWN
MimicryEstablishmentTexParam_m61	5	srcR	UNKNOWN
MimicryEstablishmentTexParam_m61	6	srcG	UNKNOWN
MimicryEstablishmentTexParam_m61	7	srcB	UNKNOWN
MimicryEstablishmentTexParam_m61	8	pad1	UNKNOWN
MimicryEstablishmentTexParam_m61	9	mimicryEstablishmentParamId	UNKNOWN
MimicryEstablishmentTexParam_m61	10	unknown_0xc	UNKNOWN
MimicryEstablishmentTexParam_m61	11	unknown_0x10	UNKNOWN
MimicryEstablishmentTexParam_m61	12	unknown_0x14	UNKNOWN
MimicryEstablishmentTexParam_m61	13	unknown_0x18	UNKNOWN
MimicryEstablishmentTexParam_m61	14	unknown_0x1c	UNKNOWN
MimicryEstablishmentTexParam_m61	15		UNKNOWN
MoveParam	0	ID	UNKNOWN
MoveParam	1	Name	UNKNOWN
MoveParam	2	stayId	UNKNOWN
MoveParam	3	walkF	UNKNOWN
MoveParam	4	walkB	UNKNOWN
MoveParam	5	walkL	UNKNOWN
MoveParam	6	walkR	UNKNOWN
MoveParam	7	dashF	UNKNOWN
MoveParam	8	dashB	UNKNOWN
MoveParam	9	dashL	UNKNOWN
MoveParam	10	dashR	UNKNOWN
MoveParam	11	superDash	UNKNOWN
MoveParam	12	escapeF	UNKNOWN
MoveParam	13	escapeB	UNKNOWN
MoveParam	14	escapeL	UNKNOWN
MoveParam	15	escapeR	UNKNOWN
MoveParam	16	turnL	UNKNOWN
MoveParam	17	trunR	UNKNOWN
MoveParam	18	largeTurnL	UNKNOWN
MoveParam	19	largeTurnR	UNKNOWN
MoveParam	20	stepMove	UNKNOWN
MoveParam	21	flyStay	UNKNOWN
MoveParam	22	flyWalkF	UNKNOWN
MoveParam	23	flyWalkFL	UNKNOWN
MoveParam	24	flyWalkFR	UNKNOWN
MoveParam	25	flyWalkFL2	UNKNOWN
MoveParam	26	flyWalkFR2	UNKNOWN
MoveParam	27	flyDashF	UNKNOWN
MoveParam	28	flyDashFL	UNKNOWN
MoveParam	29	flyDashFR	UNKNOWN
MoveParam	30	flyDashFL2	UNKNOWN
MoveParam	31	flyDashFR2	UNKNOWN
MoveParam	32	dashEscapeF	UNKNOWN
MoveParam	33	dashEscapeB	UNKNOWN
MoveParam	34	dashEscapeL	UNKNOWN
MoveParam	35	dashEscapeR	UNKNOWN
MoveParam	36	analogMoveParamId	UNKNOWN
MoveParam	37	turnNoAnimAngle	UNKNOWN
MoveParam	38	turn45Angle	UNKNOWN
MoveParam	39	turn90Angle	UNKNOWN
MoveParam	40	turnWaitNoAnimAngle	UNKNOWN
MoveParam	41		UNKNOWN
MPEstusFlaskRecoveryParam	0	ID	UNKNOWN
MPEstusFlaskRecoveryParam	1	Name	UNKNOWN
MPEstusFlaskRecoveryParam	2	host	UNKNOWN
MPEstusFlaskRecoveryParam	3	invadeOrb_None	UNKNOWN
MPEstusFlaskRecoveryParam	4	invadeOrb_Umbasa	UNKNOWN
MPEstusFlaskRecoveryParam	5	invadeOrb_Berserker	UNKNOWN
MPEstusFlaskRecoveryParam	6	invadeOrb_Sinners	UNKNOWN
MPEstusFlaskRecoveryParam	7	invadeSign_None	UNKNOWN
MPEstusFlaskRecoveryParam	8	invadeSign_Umbasa	UNKNOWN
MPEstusFlaskRecoveryParam	9	invadeSign_Berserker	UNKNOWN
MPEstusFlaskRecoveryParam	10	invadeSign_Sinners	UNKNOWN
MPEstusFlaskRecoveryParam	11	invadeRing_Sinners	UNKNOWN
MPEstusFlaskRecoveryParam	12	invadeRing_Rosalia	UNKNOWN
MPEstusFlaskRecoveryParam	13	invadeRing_Forest	UNKNOWN
MPEstusFlaskRecoveryParam	14	coopSign_None	UNKNOWN
MPEstusFlaskRecoveryParam	15	coopSign_Umbasa	UNKNOWN
MPEstusFlaskRecoveryParam	16	coopSign_Berserker	UNKNOWN
MPEstusFlaskRecoveryParam	17	coopSign_Sinners	UNKNOWN
MPEstusFlaskRecoveryParam	18	coopRing_RedHunter	UNKNOWN
MPEstusFlaskRecoveryParam	19	invadeRing_Anor	UNKNOWN
MPEstusFlaskRecoveryParam	20	paramReplaceRate	UNKNOWN
MPEstusFlaskRecoveryParam	21	paramReplaceId	UNKNOWN
MPEstusFlaskRecoveryParam	22	pad	UNKNOWN
MPEstusFlaskRecoveryParam	23		UNKNOWN
MultiHPEstusFlaskBonusParam	0	ID	UNKNOWN
MultiHPEstusFlaskBonusParam	1	Name	UNKNOWN
MultiHPEstusFlaskBonusParam	2	host	UNKNOWN
MultiHPEstusFlaskBonusParam	3	WhiteGhost_None	UNKNOWN
MultiHPEstusFlaskBonusParam	4	WhiteGhost_Umbasa	UNKNOWN
MultiHPEstusFlaskBonusParam	5	WhiteGhost_Berserker	UNKNOWN
MultiHPEstusFlaskBonusParam	6	BlackGhost_None_Sign	UNKNOWN
MultiHPEstusFlaskBonusParam	7	BlackGhost_Umbasa_Sign	UNKNOWN
MultiHPEstusFlaskBonusParam	8	BlackGhost_Berserker_Sign	UNKNOWN
MultiHPEstusFlaskBonusParam	9	BlackGhost_None_Invade	UNKNOWN
MultiHPEstusFlaskBonusParam	10	BlackGhost_Umbasa_Invade	UNKNOWN
MultiHPEstusFlaskBonusParam	11	BlackGhost_Berserker_Invade	UNKNOWN
MultiHPEstusFlaskBonusParam	12	RedHunter1	UNKNOWN
MultiHPEstusFlaskBonusParam	13	RedHunter2	UNKNOWN
MultiHPEstusFlaskBonusParam	14	GuardianOfForest	UNKNOWN
MultiHPEstusFlaskBonusParam	15	GuardianOfAnor	UNKNOWN
MultiHPEstusFlaskBonusParam	16	BattleRoyal	UNKNOWN
MultiHPEstusFlaskBonusParam	17	YellowMonk	UNKNOWN
MultiHPEstusFlaskBonusParam	18	pad1	UNKNOWN
MultiHPEstusFlaskBonusParam	19		UNKNOWN
MultiMPEstusFlaskBonusParam	0	ID	UNKNOWN
MultiMPEstusFlaskBonusParam	1	Name	UNKNOWN
MultiMPEstusFlaskBonusParam	2	host	UNKNOWN
MultiMPEstusFlaskBonusParam	3	WhiteGhost_None	UNKNOWN
MultiMPEstusFlaskBonusParam	4	WhiteGhost_Umbasa	UNKNOWN
MultiMPEstusFlaskBonusParam	5	WhiteGhost_Berserker	UNKNOWN
MultiMPEstusFlaskBonusParam	6	BlackGhost_None_Sign	UNKNOWN
MultiMPEstusFlaskBonusParam	7	BlackGhost_Umbasa_Sign	UNKNOWN
MultiMPEstusFlaskBonusParam	8	BlackGhost_Berserker_Sign	UNKNOWN
MultiMPEstusFlaskBonusParam	9	BlackGhost_None_Invade	UNKNOWN
MultiMPEstusFlaskBonusParam	10	BlackGhost_Umbasa_Invade	UNKNOWN
MultiMPEstusFlaskBonusParam	11	BlackGhost_Berserker_Invade	UNKNOWN
MultiMPEstusFlaskBonusParam	12	RedHunter1	UNKNOWN
MultiMPEstusFlaskBonusParam	13	RedHunter2	UNKNOWN
MultiMPEstusFlaskBonusParam	14	GuardianOfForest	UNKNOWN
MultiMPEstusFlaskBonusParam	15	GuardianOfAnor	UNKNOWN
MultiMPEstusFlaskBonusParam	16	BattleRoyal	UNKNOWN
MultiMPEstusFlaskBonusParam	17	YellowMonk	UNKNOWN
MultiMPEstusFlaskBonusParam	18	pad1	UNKNOWN
MultiMPEstusFlaskBonusParam	19		UNKNOWN
MultiPlayCorrectionParam	0	ID	UNKNOWN
MultiPlayCorrectionParam	1	Name	UNKNOWN
MultiPlayCorrectionParam	2	disableParam_NT	UNKNOWN
MultiPlayCorrectionParam	3	disableParamReserve1	UNKNOWN
MultiPlayCorrectionParam	4	disableParamReserve2	UNKNOWN
MultiPlayCorrectionParam	5	client1SpEffectId	UNKNOWN
MultiPlayCorrectionParam	6	client2SpEffectId	UNKNOWN
MultiPlayCorrectionParam	7	client3SpEffectId	UNKNOWN
MultiPlayCorrectionParam	8	bOverrideSpEffect	UNKNOWN
MultiPlayCorrectionParam	9	pad3	UNKNOWN
MultiPlayCorrectionParam	10		UNKNOWN
MultiSoulBonusRateParam	0	ID	UNKNOWN
MultiSoulBonusRateParam	1	Name	UNKNOWN
MultiSoulBonusRateParam	2	host	UNKNOWN
MultiSoulBonusRateParam	3	WhiteGhost_None	UNKNOWN
MultiSoulBonusRateParam	4	WhiteGhost_Umbasa	UNKNOWN
MultiSoulBonusRateParam	5	WhiteGhost_Berserker	UNKNOWN
MultiSoulBonusRateParam	6	BlackGhost_None_Sign	UNKNOWN
MultiSoulBonusRateParam	7	BlackGhost_Umbasa_Sign	UNKNOWN
MultiSoulBonusRateParam	8	BlackGhost_Berserker_Sign	UNKNOWN
MultiSoulBonusRateParam	9	BlackGhost_None_Invade	UNKNOWN
MultiSoulBonusRateParam	10	BlackGhost_Umbasa_Invade	UNKNOWN
MultiSoulBonusRateParam	11	BlackGhost_Berserker_Invade	UNKNOWN
MultiSoulBonusRateParam	12	RedHunter1	UNKNOWN
MultiSoulBonusRateParam	13	RedHunter2	UNKNOWN
MultiSoulBonusRateParam	14	GuardianOfForest	UNKNOWN
MultiSoulBonusRateParam	15	GuardianOfAnor	UNKNOWN
MultiSoulBonusRateParam	16	BattleRoyal	UNKNOWN
MultiSoulBonusRateParam	17	YellowMonk	UNKNOWN
MultiSoulBonusRateParam	18	pad1	UNKNOWN
MultiSoulBonusRateParam	19		UNKNOWN
NetworkAreaParam	0	ID	UNKNOWN
NetworkAreaParam	1	Name	UNKNOWN
NetworkAreaParam	2	cellSizeX	UNKNOWN
NetworkAreaParam	3	cellSizeY	UNKNOWN
NetworkAreaParam	4	cellSizeZ	UNKNOWN
NetworkAreaParam	5	cellOffsetX	UNKNOWN
NetworkAreaParam	6	cellOffsetY	UNKNOWN
NetworkAreaParam	7	cellOffsetZ	UNKNOWN
NetworkAreaParam	8	enableBloodstain	UNKNOWN
NetworkAreaParam	9	enableBloodMessage	UNKNOWN
NetworkAreaParam	10	enableGhost	UNKNOWN
NetworkAreaParam	11	enableMultiPlay	UNKNOWN
NetworkAreaParam	12	enableRingSearch	UNKNOWN
NetworkAreaParam	13	enableBreakInSearch	UNKNOWN
NetworkAreaParam	14	dummy	UNKNOWN
NetworkAreaParam	15		UNKNOWN
NetworkMsgParam	0	ID	UNKNOWN
NetworkMsgParam	1	Name	UNKNOWN
NetworkMsgParam	2	priority	UNKNOWN
NetworkMsgParam	3	forcePlay	UNKNOWN
NetworkMsgParam	4	pad1	UNKNOWN
NetworkMsgParam	5	normalWhite	UNKNOWN
NetworkMsgParam	6	umbasaWhite	UNKNOWN
NetworkMsgParam	7	berserkerWhite	UNKNOWN
NetworkMsgParam	8	sinnerHeroWhite	UNKNOWN
NetworkMsgParam	9	normalBlack	UNKNOWN
NetworkMsgParam	10	umbasaBlack	UNKNOWN
NetworkMsgParam	11	berserkerBlack	UNKNOWN
NetworkMsgParam	12	forceJoinBlack	UNKNOWN
NetworkMsgParam	13	forceJoinUmbasaBlack	UNKNOWN
NetworkMsgParam	14	forceJoinBerserkerBlack	UNKNOWN
NetworkMsgParam	15	sinnerHunterVisitor	UNKNOWN
NetworkMsgParam	16	redHunterVisitor	UNKNOWN
NetworkMsgParam	17	guardianOfBossVisitor	UNKNOWN
NetworkMsgParam	18	guardianOfForestMapVisitor	UNKNOWN
NetworkMsgParam	19	guardianOfAnolisVisitor	UNKNOWN
NetworkMsgParam	20	rosaliaBlack	UNKNOWN
NetworkMsgParam	21	forceJoinRosaliaBlack	UNKNOWN
NetworkMsgParam	22	redHunterVisitor2	UNKNOWN
NetworkMsgParam	23	npc1	UNKNOWN
NetworkMsgParam	24	npc2	UNKNOWN
NetworkMsgParam	25	npc3	UNKNOWN
NetworkMsgParam	26	npc4	UNKNOWN
NetworkMsgParam	27	battleRoyal	UNKNOWN
NetworkMsgParam	28	npc5	UNKNOWN
NetworkMsgParam	29	npc6	UNKNOWN
NetworkMsgParam	30	npc7	UNKNOWN
NetworkMsgParam	31	npc8	UNKNOWN
NetworkMsgParam	32	npc9	UNKNOWN
NetworkMsgParam	33	npc10	UNKNOWN
NetworkMsgParam	34	npc11	UNKNOWN
NetworkMsgParam	35	npc12	UNKNOWN
NetworkMsgParam	36	npc13	UNKNOWN
NetworkMsgParam	37	npc14	UNKNOWN
NetworkMsgParam	38	npc15	UNKNOWN
NetworkMsgParam	39	npc16	UNKNOWN
NetworkMsgParam	40	forceJoinBlack_B	UNKNOWN
NetworkMsgParam	41	normalWhite_Npc	UNKNOWN
NetworkMsgParam	42	forceJoinBlack_Npc	UNKNOWN
NetworkMsgParam	43	forceJoinBlack_B_Npc	UNKNOWN
NetworkMsgParam	44	forceJoinBlack_C_Npc	UNKNOWN
NetworkMsgParam	45	npc17	UNKNOWN
NetworkMsgParam	46	npc18	UNKNOWN
NetworkMsgParam	47	npc19	UNKNOWN
NetworkMsgParam	48	npc20	UNKNOWN
NetworkMsgParam	49	npc21	UNKNOWN
NetworkMsgParam	50	pad2_new	UNKNOWN
NetworkMsgParam	51		UNKNOWN
NetworkParam	0	ID	UNKNOWN
NetworkParam	1	Name	UNKNOWN
NetworkParam	2	signVerticalOffset	UNKNOWN
NetworkParam	3	maxSignPosCorrectionRange	UNKNOWN
NetworkParam	4	summonTimeoutTime	UNKNOWN
NetworkParam	5	pad_0	UNKNOWN
NetworkParam	6	signPuddleActiveMessageIntervalSec	UNKNOWN
NetworkParam	7	signPuddleSendInterval	UNKNOWN
NetworkParam	8	signPuddleMatchAreasNum	UNKNOWN
NetworkParam	9	signPuddleUpdateSignInterval	UNKNOWN
NetworkParam	10	reloadSignTotalCount_0	UNKNOWN
NetworkParam	11	reloadSignCellCount_0	UNKNOWN
NetworkParam	12	updateSignIntervalTime	UNKNOWN
NetworkParam	13	basicExclusiveRange_0	UNKNOWN
NetworkParam	14	basicExclusiveHeight_0	UNKNOWN
NetworkParam	15	previewChrWaitingTime	UNKNOWN
NetworkParam	16	signVisibleRange_0	UNKNOWN
NetworkParam	17	cellGroupHorizontalRange_0	UNKNOWN
NetworkParam	18	cellGroupTopRange_0	UNKNOWN
NetworkParam	19	cellGroupBottomRange_0	UNKNOWN
NetworkParam	20	minWhitePhantomLimitTimeScale	UNKNOWN
NetworkParam	21	minSmallPhantomLimitTimeScale	UNKNOWN
NetworkParam	22	whiteKeywordLimitTimeScale	UNKNOWN
NetworkParam	23	smallKeywordLimitTimeScale	UNKNOWN
NetworkParam	24	blackKeywordLimitTimeScale	UNKNOWN
NetworkParam	25	dragonKeywordLimitTimeScale	UNKNOWN
NetworkParam	26	singGetMax	UNKNOWN
NetworkParam	27	signDownloadSpan	UNKNOWN
NetworkParam	28	signUpdateSpan	UNKNOWN
NetworkParam	29	signPad	UNKNOWN
NetworkParam	30	maxBreakInTargetListCount	UNKNOWN
NetworkParam	31	breakInRequestIntervalTimeSec	UNKNOWN
NetworkParam	32	breakInRequestTimeOutSec	UNKNOWN
NetworkParam	33	breakInRequestAreaCount	UNKNOWN
NetworkParam	34	pad_1	UNKNOWN
NetworkParam	35	keyGuideRange	UNKNOWN
NetworkParam	36	keyGuideHeight_1	UNKNOWN
NetworkParam	37	reloadSignTotalCount_1	UNKNOWN
NetworkParam	38	reloadNewSignCellCount	UNKNOWN
NetworkParam	39	reloadRandomSignCellCount	UNKNOWN
NetworkParam	40	maxSignTotalCount_0	UNKNOWN
NetworkParam	41	maxSignCellCount_0	UNKNOWN
NetworkParam	42	basicExclusiveRange_1	UNKNOWN
NetworkParam	43	basicExclusiveHeight_1	UNKNOWN
NetworkParam	44	signVisibleRange_1	UNKNOWN
NetworkParam	45	maxWriteSignCount	UNKNOWN
NetworkParam	46	maxReadSignCount	UNKNOWN
NetworkParam	47	bloodMessageDownloadTime	UNKNOWN
NetworkParam	48	cellGroupHorizontalRange_1	UNKNOWN
NetworkParam	49	cellGroupTopRange_1	UNKNOWN
NetworkParam	50	cellGroupBottomRange_1	UNKNOWN
NetworkParam	51	lifeTime_0	UNKNOWN
NetworkParam	52	downloadSpan_0	UNKNOWN
NetworkParam	53	downloadEvaluationSpan	UNKNOWN
NetworkParam	54	pad_2	UNKNOWN
NetworkParam	55	deadingGhostStartPosThreshold	UNKNOWN
NetworkParam	56	keyGuideHeight_2	UNKNOWN
NetworkParam	57	keyGuideRangePlayer	UNKNOWN
NetworkParam	58	keyGuideHeightPlayer	UNKNOWN
NetworkParam	59	reloadSignTotalCount_2	UNKNOWN
NetworkParam	60	reloadSignCellCount_1	UNKNOWN
NetworkParam	61	maxSignTotalCount_1	UNKNOWN
NetworkParam	62	maxSignCellCount_1	UNKNOWN
NetworkParam	63	bloodStainDownloadTime	UNKNOWN
NetworkParam	64	signVisibleRange_2	UNKNOWN
NetworkParam	65	basicExclusiveRange_2	UNKNOWN
NetworkParam	66	basicExclusiveHeight_2	UNKNOWN
NetworkParam	67	cellGroupHorizontalRange_2	UNKNOWN
NetworkParam	68	cellGroupTopRange_2	UNKNOWN
NetworkParam	69	cellGroupBottomRange_2	UNKNOWN
NetworkParam	70	lifeTime_1	UNKNOWN
NetworkParam	71	recordDeadingGhostTotalTime	UNKNOWN
NetworkParam	72	recordDeadingGhostMinTime	UNKNOWN
NetworkParam	73	downloadSpan_1	UNKNOWN
NetworkParam	74	statueCreatableDistance	UNKNOWN
NetworkParam	75	reloadGhostTotalCount	UNKNOWN
NetworkParam	76	reloadGhostCellCount	UNKNOWN
NetworkParam	77	maxGhostTotalCount	UNKNOWN
NetworkParam	78	distanceOfBeginRecordVersus	UNKNOWN
NetworkParam	79	distanceOfEndRecordVersus	UNKNOWN
NetworkParam	80	updateWanderGhostIntervalTime	UNKNOWN
NetworkParam	81	updateVersusGhostIntervalTime	UNKNOWN
NetworkParam	82	recordWanderingGhostTime	UNKNOWN
NetworkParam	83	recordWanderingGhostMinTime	UNKNOWN
NetworkParam	84	updateBonfireGhostIntervalTime	UNKNOWN
NetworkParam	85	replayGhostRangeOnView	UNKNOWN
NetworkParam	86	replayGhostRangeOutView	UNKNOWN
NetworkParam	87	replayBonfireGhostTime	UNKNOWN
NetworkParam	88	minBonfireGhostValidRange	UNKNOWN
NetworkParam	89	maxBonfireGhostValidRange	UNKNOWN
NetworkParam	90	minReplayIntervalTime	UNKNOWN
NetworkParam	91	maxReplayIntervalTime	UNKNOWN
NetworkParam	92	reloadGhostIntervalTime	UNKNOWN
NetworkParam	93	cellGroupHorizontalRange_3	UNKNOWN
NetworkParam	94	cellGroupTopRange_3	UNKNOWN
NetworkParam	95	replayBonfirePhantomParamIdForCodename	UNKNOWN
NetworkParam	96	replayBonfireModeRange	UNKNOWN
NetworkParam	97	replayBonfirePhantomParamId	UNKNOWN
NetworkParam	98	ghostpad	UNKNOWN
NetworkParam	99	reloadVisitListCoolTime	UNKNOWN
NetworkParam	100	maxCoopBlueSummonCount	UNKNOWN
NetworkParam	101	maxBellGuardSummonCount	UNKNOWN
NetworkParam	102	maxVisitListCount	UNKNOWN
NetworkParam	103	reloadSearch_CoopBlue_Min	UNKNOWN
NetworkParam	104	reloadSearch_CoopBlue_Max	UNKNOWN
NetworkParam	105	reloadSearch_BellGuard_Min	UNKNOWN
NetworkParam	106	reloadSearch_BellGuard_Max	UNKNOWN
NetworkParam	107	reloadSearch_RatKing_Min	UNKNOWN
NetworkParam	108	reloadSearch_RatKing_Max	UNKNOWN
NetworkParam	109	visitpad00	UNKNOWN
NetworkParam	110	srttMaxLimit	UNKNOWN
NetworkParam	111	srttMeanLimit	UNKNOWN
NetworkParam	112	srttMeanDeviationLimit	UNKNOWN
NetworkParam	113	darkPhantomLimitBoostTime	UNKNOWN
NetworkParam	114	darkPhantomLimitBoostScale	UNKNOWN
NetworkParam	115	multiplayDisableLifeTime	UNKNOWN
NetworkParam	116	abyssMultiplayLimit	UNKNOWN
NetworkParam	117	phantomWarpMinimumTime	UNKNOWN
NetworkParam	118	phantomReturnDelayTime	UNKNOWN
NetworkParam	119	terminateTimeoutTime	UNKNOWN
NetworkParam	120	penaltyPointLanDisconnect	UNKNOWN
NetworkParam	121	penaltyPointSignout	UNKNOWN
NetworkParam	122	penaltyPointReboot	UNKNOWN
NetworkParam	123	penaltyPointBeginPenalize	UNKNOWN
NetworkParam	124	penaltyForgiveItemLimitTime	UNKNOWN
NetworkParam	125	allAreaSearchRate_CoopBlue	UNKNOWN
NetworkParam	126	allAreaSearchRate_VsBlue	UNKNOWN
NetworkParam	127	allAreaSearchRate_BellGuard	UNKNOWN
NetworkParam	128	bloodMessageEvalHealRate	UNKNOWN
NetworkParam	129	smallGoldSuccessHostRewardId	UNKNOWN
NetworkParam	130	doorInvalidPlayAreaExtents	UNKNOWN
NetworkParam	131	signDisplayMax	UNKNOWN
NetworkParam	132	bloodStainDisplayMax	UNKNOWN
NetworkParam	133	bloodMessageDisplayMax	UNKNOWN
NetworkParam	134	pad00	UNKNOWN
NetworkParam	135	pad10	UNKNOWN
NetworkParam	136	summonMessageInterval	UNKNOWN
NetworkParam	137	hostRegisterUpdateTime	UNKNOWN
NetworkParam	138	hostTimeOutTime	UNKNOWN
NetworkParam	139	guestUpdateTime	UNKNOWN
NetworkParam	140	guestPlayerNoTimeOutTime	UNKNOWN
NetworkParam	141	hostPlayerNoTimeOutTime	UNKNOWN
NetworkParam	142	requestSearchQuickMatchLimit	UNKNOWN
NetworkParam	143	quickMatchSearchTimeout	UNKNOWN
NetworkParam	144	BattleRoyalMatchSearchMin	UNKNOWN
NetworkParam	145	BattleRoyalMatchSearchMax	UNKNOWN
NetworkParam	146	pad11	UNKNOWN
NetworkParam	147	VisitorListMax	UNKNOWN
NetworkParam	148	VisitorTimeOutTime	UNKNOWN
NetworkParam	149	VisitorDownloadSpan	UNKNOWN
NetworkParam	150	VisitorGuestRequestMessageIntervalSec	UNKNOWN
NetworkParam	151	wanderGhostIntervalLifeTime	UNKNOWN
NetworkParam	152	pad13	UNKNOWN
NetworkParam	153	YellowMonkTimeOutTime	UNKNOWN
NetworkParam	154	YellowMonkDownloadSpan	UNKNOWN
NetworkParam	155	YellowMonkOverallFlowTimeOutTime	UNKNOWN
NetworkParam	156	pad14_0	UNKNOWN
NetworkParam	157	pad14_1	UNKNOWN
NetworkParam	158		UNKNOWN
NpcAiActionParam	0	ID	UNKNOWN
NpcAiActionParam	1	Name	UNKNOWN
NpcAiActionParam	2	moveDir	UNKNOWN
NpcAiActionParam	3	key1	UNKNOWN
NpcAiActionParam	4	key2	UNKNOWN
NpcAiActionParam	5	key3	UNKNOWN
NpcAiActionParam	6	bMoveDirHold	UNKNOWN
NpcAiActionParam	7	bKeyHold1	UNKNOWN
NpcAiActionParam	8	bKeyHold2	UNKNOWN
NpcAiActionParam	9	bKeyHold3	UNKNOWN
NpcAiActionParam	10	gestureId	UNKNOWN
NpcAiActionParam	11	bLifeEndSuccess	UNKNOWN
NpcAiActionParam	12	pad1	UNKNOWN
NpcAiActionParam	13		UNKNOWN
NpcAiBehaviorProbability	0	ID	UNKNOWN
NpcAiBehaviorProbability	1	Name	UNKNOWN
NpcAiBehaviorProbability	2	param000	UNKNOWN
NpcAiBehaviorProbability	3	param001	UNKNOWN
NpcAiBehaviorProbability	4	param002	UNKNOWN
NpcAiBehaviorProbability	5	param003	UNKNOWN
NpcAiBehaviorProbability	6	param004	UNKNOWN
NpcAiBehaviorProbability	7	param005	UNKNOWN
NpcAiBehaviorProbability	8	param006	UNKNOWN
NpcAiBehaviorProbability	9	param007	UNKNOWN
NpcAiBehaviorProbability	10	param008	UNKNOWN
NpcAiBehaviorProbability	11	param009	UNKNOWN
NpcAiBehaviorProbability	12	param010	UNKNOWN
NpcAiBehaviorProbability	13	param011	UNKNOWN
NpcAiBehaviorProbability	14	param012	UNKNOWN
NpcAiBehaviorProbability	15	param013	UNKNOWN
NpcAiBehaviorProbability	16	param014	UNKNOWN
NpcAiBehaviorProbability	17	param015	UNKNOWN
NpcAiBehaviorProbability	18	param016	UNKNOWN
NpcAiBehaviorProbability	19	param017	UNKNOWN
NpcAiBehaviorProbability	20	param018	UNKNOWN
NpcAiBehaviorProbability	21	param019	UNKNOWN
NpcAiBehaviorProbability	22	param020	UNKNOWN
NpcAiBehaviorProbability	23	param021	UNKNOWN
NpcAiBehaviorProbability	24	param022	UNKNOWN
NpcAiBehaviorProbability	25	param023	UNKNOWN
NpcAiBehaviorProbability	26	param024	UNKNOWN
NpcAiBehaviorProbability	27	param025	UNKNOWN
NpcAiBehaviorProbability	28	param026	UNKNOWN
NpcAiBehaviorProbability	29	param027	UNKNOWN
NpcAiBehaviorProbability	30	param028	UNKNOWN
NpcAiBehaviorProbability	31	param029	UNKNOWN
NpcAiBehaviorProbability	32	param030	UNKNOWN
NpcAiBehaviorProbability	33	param031	UNKNOWN
NpcAiBehaviorProbability	34	param032	UNKNOWN
NpcAiBehaviorProbability	35	param033	UNKNOWN
NpcAiBehaviorProbability	36	param034	UNKNOWN
NpcAiBehaviorProbability	37	param035	UNKNOWN
NpcAiBehaviorProbability	38	param036	UNKNOWN
NpcAiBehaviorProbability	39	param037	UNKNOWN
NpcAiBehaviorProbability	40	param038	UNKNOWN
NpcAiBehaviorProbability	41	param039	UNKNOWN
NpcAiBehaviorProbability	42	param040	UNKNOWN
NpcAiBehaviorProbability	43	param041	UNKNOWN
NpcAiBehaviorProbability	44	param042	UNKNOWN
NpcAiBehaviorProbability	45	param043	UNKNOWN
NpcAiBehaviorProbability	46	param044	UNKNOWN
NpcAiBehaviorProbability	47	param045	UNKNOWN
NpcAiBehaviorProbability	48	param046	UNKNOWN
NpcAiBehaviorProbability	49	param047	UNKNOWN
NpcAiBehaviorProbability	50	param048	UNKNOWN
NpcAiBehaviorProbability	51	param049	UNKNOWN
NpcAiBehaviorProbability	52	param050	UNKNOWN
NpcAiBehaviorProbability	53	param051	UNKNOWN
NpcAiBehaviorProbability	54	param052	UNKNOWN
NpcAiBehaviorProbability	55	param053	UNKNOWN
NpcAiBehaviorProbability	56	param054	UNKNOWN
NpcAiBehaviorProbability	57	param055	UNKNOWN
NpcAiBehaviorProbability	58	param056	UNKNOWN
NpcAiBehaviorProbability	59	param057	UNKNOWN
NpcAiBehaviorProbability	60	param058	UNKNOWN
NpcAiBehaviorProbability	61	param059	UNKNOWN
NpcAiBehaviorProbability	62	param060	UNKNOWN
NpcAiBehaviorProbability	63	param061	UNKNOWN
NpcAiBehaviorProbability	64	param062	UNKNOWN
NpcAiBehaviorProbability	65	param063	UNKNOWN
NpcAiBehaviorProbability	66	param064	UNKNOWN
NpcAiBehaviorProbability	67	param065	UNKNOWN
NpcAiBehaviorProbability	68	param066	UNKNOWN
NpcAiBehaviorProbability	69	param067	UNKNOWN
NpcAiBehaviorProbability	70	param068	UNKNOWN
NpcAiBehaviorProbability	71	param069	UNKNOWN
NpcAiBehaviorProbability	72	param070	UNKNOWN
NpcAiBehaviorProbability	73	param071	UNKNOWN
NpcAiBehaviorProbability	74	param072	UNKNOWN
NpcAiBehaviorProbability	75	param073	UNKNOWN
NpcAiBehaviorProbability	76	param074	UNKNOWN
NpcAiBehaviorProbability	77	param075	UNKNOWN
NpcAiBehaviorProbability	78	param076	UNKNOWN
NpcAiBehaviorProbability	79	param077	UNKNOWN
NpcAiBehaviorProbability	80	param078	UNKNOWN
NpcAiBehaviorProbability	81	param079	UNKNOWN
NpcAiBehaviorProbability	82	param080	UNKNOWN
NpcAiBehaviorProbability	83	param081	UNKNOWN
NpcAiBehaviorProbability	84	param082	UNKNOWN
NpcAiBehaviorProbability	85	param083	UNKNOWN
NpcAiBehaviorProbability	86	param084	UNKNOWN
NpcAiBehaviorProbability	87	param085	UNKNOWN
NpcAiBehaviorProbability	88	param086	UNKNOWN
NpcAiBehaviorProbability	89	param087	UNKNOWN
NpcAiBehaviorProbability	90	param088	UNKNOWN
NpcAiBehaviorProbability	91	param089	UNKNOWN
NpcAiBehaviorProbability	92	param090	UNKNOWN
NpcAiBehaviorProbability	93	param091	UNKNOWN
NpcAiBehaviorProbability	94	param092	UNKNOWN
NpcAiBehaviorProbability	95	param093	UNKNOWN
NpcAiBehaviorProbability	96	param094	UNKNOWN
NpcAiBehaviorProbability	97	param095	UNKNOWN
NpcAiBehaviorProbability	98	param096	UNKNOWN
NpcAiBehaviorProbability	99	param097	UNKNOWN
NpcAiBehaviorProbability	100	param098	UNKNOWN
NpcAiBehaviorProbability	101	param099	UNKNOWN
NpcAiBehaviorProbability	102	param100	UNKNOWN
NpcAiBehaviorProbability	103	param101	UNKNOWN
NpcAiBehaviorProbability	104	param102	UNKNOWN
NpcAiBehaviorProbability	105	param103	UNKNOWN
NpcAiBehaviorProbability	106	param104	UNKNOWN
NpcAiBehaviorProbability	107	param105	UNKNOWN
NpcAiBehaviorProbability	108	param106	UNKNOWN
NpcAiBehaviorProbability	109	param107	UNKNOWN
NpcAiBehaviorProbability	110	param108	UNKNOWN
NpcAiBehaviorProbability	111	param109	UNKNOWN
NpcAiBehaviorProbability	112	param110	UNKNOWN
NpcAiBehaviorProbability	113	param111	UNKNOWN
NpcAiBehaviorProbability	114	param112	UNKNOWN
NpcAiBehaviorProbability	115	param113	UNKNOWN
NpcAiBehaviorProbability	116	param114	UNKNOWN
NpcAiBehaviorProbability	117	param115	UNKNOWN
NpcAiBehaviorProbability	118	param116	UNKNOWN
NpcAiBehaviorProbability	119	param117	UNKNOWN
NpcAiBehaviorProbability	120	param118	UNKNOWN
NpcAiBehaviorProbability	121	param119	UNKNOWN
NpcAiBehaviorProbability	122	param120	UNKNOWN
NpcAiBehaviorProbability	123	param121	UNKNOWN
NpcAiBehaviorProbability	124	param122	UNKNOWN
NpcAiBehaviorProbability	125	param123	UNKNOWN
NpcAiBehaviorProbability	126	param124	UNKNOWN
NpcAiBehaviorProbability	127	param125	UNKNOWN
NpcAiBehaviorProbability	128	param126	UNKNOWN
NpcAiBehaviorProbability	129	param127	UNKNOWN
NpcAiBehaviorProbability	130	param128	UNKNOWN
NpcAiBehaviorProbability	131	param129	UNKNOWN
NpcAiBehaviorProbability	132	param130	UNKNOWN
NpcAiBehaviorProbability	133	param131	UNKNOWN
NpcAiBehaviorProbability	134	param132	UNKNOWN
NpcAiBehaviorProbability	135	param133	UNKNOWN
NpcAiBehaviorProbability	136	param134	UNKNOWN
NpcAiBehaviorProbability	137	param135	UNKNOWN
NpcAiBehaviorProbability	138	param136	UNKNOWN
NpcAiBehaviorProbability	139	param137	UNKNOWN
NpcAiBehaviorProbability	140	param138	UNKNOWN
NpcAiBehaviorProbability	141	param139	UNKNOWN
NpcAiBehaviorProbability	142	param140	UNKNOWN
NpcAiBehaviorProbability	143	param141	UNKNOWN
NpcAiBehaviorProbability	144	param142	UNKNOWN
NpcAiBehaviorProbability	145	param143	UNKNOWN
NpcAiBehaviorProbability	146	param144	UNKNOWN
NpcAiBehaviorProbability	147	param145	UNKNOWN
NpcAiBehaviorProbability	148	param146	UNKNOWN
NpcAiBehaviorProbability	149	param147	UNKNOWN
NpcAiBehaviorProbability	150	param148	UNKNOWN
NpcAiBehaviorProbability	151	param149	UNKNOWN
NpcAiBehaviorProbability	152	param150	UNKNOWN
NpcAiBehaviorProbability	153	param151	UNKNOWN
NpcAiBehaviorProbability	154	param152	UNKNOWN
NpcAiBehaviorProbability	155	param153	UNKNOWN
NpcAiBehaviorProbability	156	param154	UNKNOWN
NpcAiBehaviorProbability	157	param155	UNKNOWN
NpcAiBehaviorProbability	158	param156	UNKNOWN
NpcAiBehaviorProbability	159	param157	UNKNOWN
NpcAiBehaviorProbability	160	param158	UNKNOWN
NpcAiBehaviorProbability	161	param159	UNKNOWN
NpcAiBehaviorProbability	162	param160	UNKNOWN
NpcAiBehaviorProbability	163	param161	UNKNOWN
NpcAiBehaviorProbability	164	param162	UNKNOWN
NpcAiBehaviorProbability	165	param163	UNKNOWN
NpcAiBehaviorProbability	166	param164	UNKNOWN
NpcAiBehaviorProbability	167	param165	UNKNOWN
NpcAiBehaviorProbability	168	param166	UNKNOWN
NpcAiBehaviorProbability	169	param167	UNKNOWN
NpcAiBehaviorProbability	170	param168	UNKNOWN
NpcAiBehaviorProbability	171	param169	UNKNOWN
NpcAiBehaviorProbability	172	param170	UNKNOWN
NpcAiBehaviorProbability	173	param171	UNKNOWN
NpcAiBehaviorProbability	174	param172	UNKNOWN
NpcAiBehaviorProbability	175	param173	UNKNOWN
NpcAiBehaviorProbability	176	param174	UNKNOWN
NpcAiBehaviorProbability	177	param175	UNKNOWN
NpcAiBehaviorProbability	178	param176	UNKNOWN
NpcAiBehaviorProbability	179	param177	UNKNOWN
NpcAiBehaviorProbability	180	param178	UNKNOWN
NpcAiBehaviorProbability	181	param179	UNKNOWN
NpcAiBehaviorProbability	182	param180	UNKNOWN
NpcAiBehaviorProbability	183	param181	UNKNOWN
NpcAiBehaviorProbability	184	param182	UNKNOWN
NpcAiBehaviorProbability	185	param183	UNKNOWN
NpcAiBehaviorProbability	186	param184	UNKNOWN
NpcAiBehaviorProbability	187	param185	UNKNOWN
NpcAiBehaviorProbability	188	param186	UNKNOWN
NpcAiBehaviorProbability	189	param187	UNKNOWN
NpcAiBehaviorProbability	190	param188	UNKNOWN
NpcAiBehaviorProbability	191	param189	UNKNOWN
NpcAiBehaviorProbability	192	param190	UNKNOWN
NpcAiBehaviorProbability	193	param191	UNKNOWN
NpcAiBehaviorProbability	194	param192	UNKNOWN
NpcAiBehaviorProbability	195	param193	UNKNOWN
NpcAiBehaviorProbability	196	param194	UNKNOWN
NpcAiBehaviorProbability	197	param195	UNKNOWN
NpcAiBehaviorProbability	198	param196	UNKNOWN
NpcAiBehaviorProbability	199	param197	UNKNOWN
NpcAiBehaviorProbability	200	param198	UNKNOWN
NpcAiBehaviorProbability	201	param199	UNKNOWN
NpcAiBehaviorProbability	202		UNKNOWN
NpcParam	0	ID	UNKNOWN
NpcParam	1	Name	UNKNOWN
NpcParam	2	disableParam_NT	UNKNOWN
NpcParam	3	disableParamReserve1	UNKNOWN
NpcParam	4	disableParamReserve2	UNKNOWN
NpcParam	5	behaviorVariationId	UNKNOWN
NpcParam	6	resistCorrectId_poison	UNKNOWN
NpcParam	7	nameId	UNKNOWN
NpcParam	8	turnVellocity	UNKNOWN
NpcParam	9	hitHeight	UNKNOWN
NpcParam	10	hitRadius	UNKNOWN
NpcParam	11	weight	UNKNOWN
NpcParam	12	hitYOffset	UNKNOWN
NpcParam	13	hp	UNKNOWN
NpcParam	14	mp	UNKNOWN
NpcParam	15	getSoul	UNKNOWN
NpcParam	16	itemLotId_enemy	UNKNOWN
NpcParam	17	itemLotId_map	UNKNOWN
NpcParam	18	maxAnkleRollAngle	UNKNOWN
NpcParam	19	chrHitGroupAndNavimesh	UNKNOWN
NpcParam	20	faceIconId	UNKNOWN
NpcParam	21	deactivateDist	UNKNOWN
NpcParam	22	chrActivateConditionParamId	UNKNOWN
NpcParam	23	footIkErrorHeightLimit	UNKNOWN
NpcParam	24	humanityLotId	UNKNOWN
NpcParam	25	spEffectID0	UNKNOWN
NpcParam	26	spEffectID1	UNKNOWN
NpcParam	27	spEffectID2	UNKNOWN
NpcParam	28	spEffectID3	UNKNOWN
NpcParam	29	spEffectID4	UNKNOWN
NpcParam	30	spEffectID5	UNKNOWN
NpcParam	31	spEffectID6	UNKNOWN
NpcParam	32	spEffectID7	UNKNOWN
NpcParam	33	GameClearSpEffectID	UNKNOWN
NpcParam	34	physGuardCutRate	UNKNOWN
NpcParam	35	magGuardCutRate	UNKNOWN
NpcParam	36	fireGuardCutRate	UNKNOWN
NpcParam	37	thunGuardCutRate	UNKNOWN
NpcParam	38	animIdOffset	UNKNOWN
NpcParam	39	lockGazePoint0	UNKNOWN
NpcParam	40	lockGazePoint1	UNKNOWN
NpcParam	41	lockGazePoint2	UNKNOWN
NpcParam	42	lockGazePoint3	UNKNOWN
NpcParam	43	lockGazePoint4	UNKNOWN
NpcParam	44	lockGazePoint5	UNKNOWN
NpcParam	45	networkWarpDist	UNKNOWN
NpcParam	46	dbgBehaviorR1	UNKNOWN
NpcParam	47	dbgBehaviorL1	UNKNOWN
NpcParam	48	dbgBehaviorR2	UNKNOWN
NpcParam	49	dbgBehaviorL2	UNKNOWN
NpcParam	50	dbgBehaviorRL	UNKNOWN
NpcParam	51	dbgBehaviorRR	UNKNOWN
NpcParam	52	dbgBehaviorRD	UNKNOWN
NpcParam	53	dbgBehaviorRU	UNKNOWN
NpcParam	54	dbgBehaviorLL	UNKNOWN
NpcParam	55	dbgBehaviorLR	UNKNOWN
NpcParam	56	dbgBehaviorLD	UNKNOWN
NpcParam	57	dbgBehaviorLU	UNKNOWN
NpcParam	58	animIdOffset2	UNKNOWN
NpcParam	59	partsDamageRate1	UNKNOWN
NpcParam	60	partsDamageRate2	UNKNOWN
NpcParam	61	partsDamageRate3	UNKNOWN
NpcParam	62	partsDamageRate4	UNKNOWN
NpcParam	63	partsDamageRate5	UNKNOWN
NpcParam	64	partsDamageRate6	UNKNOWN
NpcParam	65	partsDamageRate7	UNKNOWN
NpcParam	66	partsDamageRate8	UNKNOWN
NpcParam	67	weakPartsDamageRate	UNKNOWN
NpcParam	68	superArmorRecoverCorrection	UNKNOWN
NpcParam	69	superArmorBrakeKnockbackDist	UNKNOWN
NpcParam	70	stamina	UNKNOWN
NpcParam	71	staminaRecoverBaseVel	UNKNOWN
NpcParam	72	def_phys	UNKNOWN
NpcParam	73	def_slash	UNKNOWN
NpcParam	74	def_blow	UNKNOWN
NpcParam	75	def_thrust	UNKNOWN
NpcParam	76	def_mag	UNKNOWN
NpcParam	77	def_fire	UNKNOWN
NpcParam	78	def_thunder	UNKNOWN
NpcParam	79	defFlickPower	UNKNOWN
NpcParam	80	resist_poison	UNKNOWN
NpcParam	81	resist_desease	UNKNOWN
NpcParam	82	resist_blood	UNKNOWN
NpcParam	83	resist_curse	UNKNOWN
NpcParam	84	ghostModelId	UNKNOWN
NpcParam	85	normalChangeResouceId	UNKNOWN
NpcParam	86	guardAngle	UNKNOWN
NpcParam	87	slashGuardCutRate	UNKNOWN
NpcParam	88	blowGuardCutRate	UNKNOWN
NpcParam	89	thrustGuardCutRate	UNKNOWN
NpcParam	90	lockGazePoint6	UNKNOWN
NpcParam	91	normalChangeTexChrId	UNKNOWN
NpcParam	92	dropType	UNKNOWN
NpcParam	93	knockbackRate	UNKNOWN
NpcParam	94	knockbackParamId	UNKNOWN
NpcParam	95	fallDamageDump	UNKNOWN
NpcParam	96	staminaGuardDef	UNKNOWN
NpcParam	97	resist_sleep	UNKNOWN
NpcParam	98	resist_madness	UNKNOWN
NpcParam	99	sleepGuardResist	UNKNOWN
NpcParam	100	madnessGuardResist	UNKNOWN
NpcParam	101	lockGazePoint7	UNKNOWN
NpcParam	102	mpRecoverBaseVel	UNKNOWN
NpcParam	103	flickDamageCutRate	UNKNOWN
NpcParam	104	defaultLodParamId	UNKNOWN
NpcParam	105	drawType	UNKNOWN
NpcParam	106	npcType	UNKNOWN
NpcParam	107	teamType	UNKNOWN
NpcParam	108	moveType	UNKNOWN
NpcParam	109	lockDist	UNKNOWN
NpcParam	110	materialSe_Weak1	UNKNOWN
NpcParam	111	materialSfx_Weak1	UNKNOWN
NpcParam	112	partsDamageType	UNKNOWN
NpcParam	113	vowType	UNKNOWN
NpcParam	114	guardLevel	UNKNOWN
NpcParam	115	burnSfxType	UNKNOWN
NpcParam	116	poisonGuardResist	UNKNOWN
NpcParam	117	diseaseGuardResist	UNKNOWN
NpcParam	118	bloodGuardResist	UNKNOWN
NpcParam	119	curseGuardResist	UNKNOWN
NpcParam	120	parryAttack	UNKNOWN
NpcParam	121	parryDefence	UNKNOWN
NpcParam	122	sfxSize	UNKNOWN
NpcParam	123	pushOutCamRegionRadius	UNKNOWN
NpcParam	124	hitStopType	UNKNOWN
NpcParam	125	ladderEndChkOffsetTop	UNKNOWN
NpcParam	126	ladderEndChkOffsetLow	UNKNOWN
NpcParam	127	useRagdollCamHit	UNKNOWN
NpcParam	128	disableClothRigidHit	UNKNOWN
NpcParam	129	useUndulationAddAnimFB	UNKNOWN
NpcParam	130	isWeakA	UNKNOWN
NpcParam	131	isGhost	UNKNOWN
NpcParam	132	isNoDamageMotion	UNKNOWN
NpcParam	133	isUnduration	UNKNOWN
NpcParam	134	isChangeWanderGhost	UNKNOWN
NpcParam	135	modelDispMask0	UNKNOWN
NpcParam	136	modelDispMask1	UNKNOWN
NpcParam	137	modelDispMask2	UNKNOWN
NpcParam	138	modelDispMask3	UNKNOWN
NpcParam	139	modelDispMask4	UNKNOWN
NpcParam	140	modelDispMask5	UNKNOWN
NpcParam	141	modelDispMask6	UNKNOWN
NpcParam	142	modelDispMask7	UNKNOWN
NpcParam	143	modelDispMask8	UNKNOWN
NpcParam	144	modelDispMask9	UNKNOWN
NpcParam	145	modelDispMask10	UNKNOWN
NpcParam	146	modelDispMask11	UNKNOWN
NpcParam	147	modelDispMask12	UNKNOWN
NpcParam	148	modelDispMask13	UNKNOWN
NpcParam	149	modelDispMask14	UNKNOWN
NpcParam	150	modelDispMask15	UNKNOWN
NpcParam	151	isEnableNeckTurn	UNKNOWN
NpcParam	152	disableRespawn	UNKNOWN
NpcParam	153	isMoveAnimWait	UNKNOWN
NpcParam	154	isCrowd	UNKNOWN
NpcParam	155	isWeakB	UNKNOWN
NpcParam	156	isWeakC	UNKNOWN
NpcParam	157	isWeakD	UNKNOWN
NpcParam	158	doesAlwaysUseSpecialTurn	UNKNOWN
NpcParam	159	isRideAtkTarget	UNKNOWN
NpcParam	160	isEnableStepDispInterpolate	UNKNOWN
NpcParam	161	isStealthTarget	UNKNOWN
NpcParam	162	disableInitializeDead	UNKNOWN
NpcParam	163	isHitRumble	UNKNOWN
NpcParam	164	isSmoothTurn	UNKNOWN
NpcParam	165	isWeakE	UNKNOWN
NpcParam	166	isWeakF	UNKNOWN
NpcParam	167	modelDispMask16	UNKNOWN
NpcParam	168	modelDispMask17	UNKNOWN
NpcParam	169	modelDispMask18	UNKNOWN
NpcParam	170	modelDispMask19	UNKNOWN
NpcParam	171	modelDispMask20	UNKNOWN
NpcParam	172	modelDispMask21	UNKNOWN
NpcParam	173	modelDispMask22	UNKNOWN
NpcParam	174	modelDispMask23	UNKNOWN
NpcParam	175	modelDispMask24	UNKNOWN
NpcParam	176	modelDispMask25	UNKNOWN
NpcParam	177	modelDispMask26	UNKNOWN
NpcParam	178	modelDispMask27	UNKNOWN
NpcParam	179	modelDispMask28	UNKNOWN
NpcParam	180	modelDispMask29	UNKNOWN
NpcParam	181	modelDispMask30	UNKNOWN
NpcParam	182	modelDispMask31	UNKNOWN
NpcParam	183	itemSearchRadius	UNKNOWN
NpcParam	184	chrHitHeight	UNKNOWN
NpcParam	185	chrHitRadius	UNKNOWN
NpcParam	186	specialTurnType	UNKNOWN
NpcParam	187	isSoulGetByBoss	UNKNOWN
NpcParam	188	isBulletOwner_byObject	UNKNOWN
NpcParam	189	isUseLowHitFootIk	UNKNOWN
NpcParam	190	isCalculatePvPDamage	UNKNOWN
NpcParam	191	isHostSyncChr	UNKNOWN
NpcParam	192	isSkipWeakDamageAnim	UNKNOWN
NpcParam	193	isKeepHitOnRide	UNKNOWN
NpcParam	194	isSpCollide	UNKNOWN
NpcParam	195	def_dark	UNKNOWN
NpcParam	196	threatLv	UNKNOWN
NpcParam	197	specialTurnDistanceThreshold	UNKNOWN
NpcParam	198	autoFootEffectSfxId	UNKNOWN
NpcParam	199	materialSe1	UNKNOWN
NpcParam	200	materialSfx1	UNKNOWN
NpcParam	201	materialSe_Weak2	UNKNOWN
NpcParam	202	materialSfx_Weak2	UNKNOWN
NpcParam	203	materialSe2	UNKNOWN
NpcParam	204	materialSfx2	UNKNOWN
NpcParam	205	spEffectID8	UNKNOWN
NpcParam	206	spEffectID9	UNKNOWN
NpcParam	207	spEffectID10	UNKNOWN
NpcParam	208	spEffectID11	UNKNOWN
NpcParam	209	spEffectID12	UNKNOWN
NpcParam	210	spEffectID13	UNKNOWN
NpcParam	211	spEffectID14	UNKNOWN
NpcParam	212	spEffectID15	UNKNOWN
NpcParam	213	autoFootEffectDecalBaseId1	UNKNOWN
NpcParam	214	toughness	UNKNOWN
NpcParam	215	toughnessRecoverCorrection	UNKNOWN
NpcParam	216	neutralDamageCutRate	UNKNOWN
NpcParam	217	slashDamageCutRate	UNKNOWN
NpcParam	218	blowDamageCutRate	UNKNOWN
NpcParam	219	thrustDamageCutRate	UNKNOWN
NpcParam	220	magicDamageCutRate	UNKNOWN
NpcParam	221	fireDamageCutRate	UNKNOWN
NpcParam	222	thunderDamageCutRate	UNKNOWN
NpcParam	223	darkDamageCutRate	UNKNOWN
NpcParam	224	darkGuardCutRate	UNKNOWN
NpcParam	225	clothUpdateOffset	UNKNOWN
NpcParam	226	npcPlayerWeightType	UNKNOWN
NpcParam	227	normalChangeModelId	UNKNOWN
NpcParam	228	normalChangeAnimChrId	UNKNOWN
NpcParam	229	paintRenderTargetSize	UNKNOWN
NpcParam	230	resistCorrectId_disease	UNKNOWN
NpcParam	231	phantomShaderId	UNKNOWN
NpcParam	232	multiPlayCorrectionParamId	UNKNOWN
NpcParam	233	maxAnklePitchAngle	UNKNOWN
NpcParam	234	resist_freeze	UNKNOWN
NpcParam	235	freezeGuardResist	UNKNOWN
NpcParam	236	hpBurnDamageRate	UNKNOWN
NpcParam	237	lockCameraParamId	UNKNOWN
NpcParam	238	spEffectID16	UNKNOWN
NpcParam	239	spEffectID17	UNKNOWN
NpcParam	240	spEffectID18	UNKNOWN
NpcParam	241	spEffectID19	UNKNOWN
NpcParam	242	spEffectID20	UNKNOWN
NpcParam	243	spEffectID21	UNKNOWN
NpcParam	244	spEffectID22	UNKNOWN
NpcParam	245	spEffectID23	UNKNOWN
NpcParam	246	spEffectID24	UNKNOWN
NpcParam	247	spEffectID25	UNKNOWN
NpcParam	248	spEffectID26	UNKNOWN
NpcParam	249	spEffectID27	UNKNOWN
NpcParam	250	spEffectID28	UNKNOWN
NpcParam	251	spEffectID29	UNKNOWN
NpcParam	252	spEffectID30	UNKNOWN
NpcParam	253	spEffectID31	UNKNOWN
NpcParam	254	disableLockOnAng	UNKNOWN
NpcParam	255	clothOffLodLevel	UNKNOWN
NpcParam	256	isUseFootIKNormalByUnduration	UNKNOWN
NpcParam	257	attachHitInitializeDead	UNKNOWN
NpcParam	258	excludeGroupRewardCheck	UNKNOWN
NpcParam	259	enableAILockDmyPoly_212	UNKNOWN
NpcParam	260	enableAILockDmyPoly_213	UNKNOWN
NpcParam	261	enableAILockDmyPoly_214	UNKNOWN
NpcParam	262	disableActivateOpen_xb1	UNKNOWN
NpcParam	263	disableActivateLegacy_xb1	UNKNOWN
NpcParam	264	estusFlaskRecoveryParamId	UNKNOWN
NpcParam	265	roleNameId	UNKNOWN
NpcParam	266	estusFlaskLotPoint	UNKNOWN
NpcParam	267	hpEstusFlaskLotPoint	UNKNOWN
NpcParam	268	mpEstusFlaskLotPoint	UNKNOWN
NpcParam	269	estusFlaskRecovery_failedLotPointAdd	UNKNOWN
NpcParam	270	hpEstusFlaskRecovery_failedLotPointAdd	UNKNOWN
NpcParam	271	mpEstusFlaskRecovery_failedLotPointAdd	UNKNOWN
NpcParam	272	WanderGhostPhantomId	UNKNOWN
NpcParam	273	hearingHeadSize	UNKNOWN
NpcParam	274	SoundBankId	UNKNOWN
NpcParam	275	forwardUndulationLimit	UNKNOWN
NpcParam	276	sideUndulationLimit	UNKNOWN
NpcParam	277	deactiveMoveSpeed	UNKNOWN
NpcParam	278	deactiveMoveDist	UNKNOWN
NpcParam	279	enableSoundObjDist	UNKNOWN
NpcParam	280	undulationCorrectGain	UNKNOWN
NpcParam	281	autoFootEffectDecalBaseId2	UNKNOWN
NpcParam	282	autoFootEffectDecalBaseId3	UNKNOWN
NpcParam	283	RetargetReferenceChrId	UNKNOWN
NpcParam	284	SfxResBankId	UNKNOWN
NpcParam	285	updateActivatePriolity	UNKNOWN
NpcParam	286	chrNavimeshFlag_Alive	UNKNOWN
NpcParam	287	chrNavimeshFlag_Dead	UNKNOWN
NpcParam	288	isConsideredUndead	UNKNOWN
NpcParam	289	wheelRotType	UNKNOWN
NpcParam	290	wheelRotRadius	UNKNOWN
NpcParam	291	retargetMoveRate	UNKNOWN
NpcParam	292	ladderWarpOffset	UNKNOWN
NpcParam	293	loadAssetId	UNKNOWN
NpcParam	294	overlapCameraDmypolyId	UNKNOWN
NpcParam	295	residentMaterialExParamId00	UNKNOWN
NpcParam	296	residentMaterialExParamId01	UNKNOWN
NpcParam	297	residentMaterialExParamId02	UNKNOWN
NpcParam	298	residentMaterialExParamId03	UNKNOWN
NpcParam	299	residentMaterialExParamId04	UNKNOWN
NpcParam	300	sleepCollectorItemLotId_enemy	UNKNOWN
NpcParam	301	sleepCollectorItemLotId_map	UNKNOWN
NpcParam	302	footIkErrorOnGain	UNKNOWN
NpcParam	303	footIkErrorOffGain	UNKNOWN
NpcParam	304	SoundAddBankId	UNKNOWN
NpcParam	305	materialVariationValue	UNKNOWN
NpcParam	306	materialVariationValue_Weak	UNKNOWN
NpcParam	307	superArmorDurability	UNKNOWN
NpcParam	308	saRecoveryRate	UNKNOWN
NpcParam	309	saGuardCutRate	UNKNOWN
NpcParam	310	resistCorrectId_blood	UNKNOWN
NpcParam	311	resistCorrectId_curse	UNKNOWN
NpcParam	312	resistCorrectId_freeze	UNKNOWN
NpcParam	313	resistCorrectId_sleep	UNKNOWN
NpcParam	314	resistCorrectId_madness	UNKNOWN
NpcParam	315	chrDeadTutorialFlagId	UNKNOWN
NpcParam	316	stepDispInterpolateTime	UNKNOWN
NpcParam	317	stepDispInterpolateTriggerValue	UNKNOWN
NpcParam	318	lockScoreOffset	UNKNOWN
NpcParam	319	dlcGameClearSpEffectID	UNKNOWN
NpcParam	320	pad12	UNKNOWN
NpcParam	321		UNKNOWN
NpcThinkParam	0	ID	UNKNOWN
NpcThinkParam	1	Name	UNKNOWN
NpcThinkParam	2	disableParam_NT	UNKNOWN
NpcThinkParam	3	disableParamReserve1	UNKNOWN
NpcThinkParam	4	disableParamReserve2	UNKNOWN
NpcThinkParam	5	logicId	UNKNOWN
NpcThinkParam	6	battleGoalID	UNKNOWN
NpcThinkParam	7	searchEye_dist	UNKNOWN
NpcThinkParam	8	searchEye_angY	UNKNOWN
NpcThinkParam	9	isNoAvoidHugeEnemy	UNKNOWN
NpcThinkParam	10	enableWeaponOnOff	UNKNOWN
NpcThinkParam	11	targetAILockDmyPoly	UNKNOWN
NpcThinkParam	12	pad8	UNKNOWN
NpcThinkParam	13	spEffectId_RangedAttack	UNKNOWN
NpcThinkParam	14	searchTargetLv1ForgetTime	UNKNOWN
NpcThinkParam	15	searchTargetLv2ForgetTime	UNKNOWN
NpcThinkParam	16	BackHomeLife_OnHitEneWal	UNKNOWN
NpcThinkParam	17	SightTargetForgetTime	UNKNOWN
NpcThinkParam	18	idAttackCannotMove	UNKNOWN
NpcThinkParam	19	ear_dist	UNKNOWN
NpcThinkParam	20	callHelp_ActionAnimId	UNKNOWN
NpcThinkParam	21	callHelp_CallActionId	UNKNOWN
NpcThinkParam	22	eye_dist	UNKNOWN
NpcThinkParam	23	isGuard_Act	UNKNOWN
NpcThinkParam	24	pad6	UNKNOWN
NpcThinkParam	25	ear_soundcut_dist	UNKNOWN
NpcThinkParam	26	nose_dist	UNKNOWN
NpcThinkParam	27	maxBackhomeDist	UNKNOWN
NpcThinkParam	28	backhomeDist	UNKNOWN
NpcThinkParam	29	backhomeBattleDist	UNKNOWN
NpcThinkParam	30	nonBattleActLife	UNKNOWN
NpcThinkParam	31	BackHome_LookTargetTime	UNKNOWN
NpcThinkParam	32	BackHome_LookTargetDist	UNKNOWN
NpcThinkParam	33	SoundTargetForgetTime	UNKNOWN
NpcThinkParam	34	BattleStartDist	UNKNOWN
NpcThinkParam	35	callHelp_MyPeerId	UNKNOWN
NpcThinkParam	36	callHelp_CallPeerId	UNKNOWN
NpcThinkParam	37	targetSys_DmgEffectRate	UNKNOWN
NpcThinkParam	38	TeamAttackEffectivity	UNKNOWN
NpcThinkParam	39	eye_angX	UNKNOWN
NpcThinkParam	40	eye_angY	UNKNOWN
NpcThinkParam	41	disableDark	UNKNOWN
NpcThinkParam	42	caravanRole	UNKNOWN
NpcThinkParam	43	callHelp_CallValidMinDistTarget	UNKNOWN
NpcThinkParam	44	callHelp_CallValidRange	UNKNOWN
NpcThinkParam	45	callHelp_ForgetTimeByArrival	UNKNOWN
NpcThinkParam	46	callHelp_MinWaitTime	UNKNOWN
NpcThinkParam	47	callHelp_MaxWaitTime	UNKNOWN
NpcThinkParam	48	goalAction_ToCaution	UNKNOWN
NpcThinkParam	49	ear_listenLevel	UNKNOWN
NpcThinkParam	50	callHelp_ReplyBehaviorType	UNKNOWN
NpcThinkParam	51	disablePathMove	UNKNOWN
NpcThinkParam	52	skipArrivalVisibleCheck	UNKNOWN
NpcThinkParam	53	thinkAttr_doAdmirer	UNKNOWN
NpcThinkParam	54	enableNaviFlg_Edge	UNKNOWN
NpcThinkParam	55	enableNaviFlg_LargeSpace	UNKNOWN
NpcThinkParam	56	enableNaviFlg_Ladder	UNKNOWN
NpcThinkParam	57	enableNaviFlg_Hole	UNKNOWN
NpcThinkParam	58	enableNaviFlg_Door	UNKNOWN
NpcThinkParam	59	enableNaviFlg_InSideWall	UNKNOWN
NpcThinkParam	60	enableNaviFlg_Lava	UNKNOWN
NpcThinkParam	61	enableNaviFlg_Edge_Ordinary	UNKNOWN
NpcThinkParam	62	enableNaviFlg_reserve1	UNKNOWN
NpcThinkParam	63	searchThreshold_Lv0toLv1	UNKNOWN
NpcThinkParam	64	searchThreshold_Lv1toLv2	UNKNOWN
NpcThinkParam	65	platoonReplyTime	UNKNOWN
NpcThinkParam	66	platoonReplyAddRandomTime	UNKNOWN
NpcThinkParam	67	searchEye_angX	UNKNOWN
NpcThinkParam	68	isUpdateBattleSight	UNKNOWN
NpcThinkParam	69	battleEye_updateDist	UNKNOWN
NpcThinkParam	70	battleEye_updateAngX	UNKNOWN
NpcThinkParam	71	battleEye_updateAngY	UNKNOWN
NpcThinkParam	72	pad4	UNKNOWN
NpcThinkParam	73	eye_BackOffsetDist	UNKNOWN
NpcThinkParam	74	eye_BeginDist	UNKNOWN
NpcThinkParam	75	actTypeOnFailedPath	UNKNOWN
NpcThinkParam	76	goalAction_ToCautionImportant	UNKNOWN
NpcThinkParam	77	shiftAnimeId_RangedAttack	UNKNOWN
NpcThinkParam	78	actTypeOnNonBtlFailedPath	UNKNOWN
NpcThinkParam	79	isBuddyAI	UNKNOWN
NpcThinkParam	80	goalAction_ToSearchLv1	UNKNOWN
NpcThinkParam	81	goalAction_ToSearchLv2	UNKNOWN
NpcThinkParam	82	enableJumpMove	UNKNOWN
NpcThinkParam	83	disableLocalSteering	UNKNOWN
NpcThinkParam	84	goalAction_ToDisappear	UNKNOWN
NpcThinkParam	85	changeStateAction_ToNormal	UNKNOWN
NpcThinkParam	86	MemoryTargetForgetTime	UNKNOWN
NpcThinkParam	87	rangedAttackId	UNKNOWN
NpcThinkParam	88	useFall_onNormalCaution	UNKNOWN
NpcThinkParam	89	useFall_onSearchBattle	UNKNOWN
NpcThinkParam	90	enableJumpMove_onBattle	UNKNOWN
NpcThinkParam	91	backToHomeStuckAct	UNKNOWN
NpcThinkParam	92	pad3	UNKNOWN
NpcThinkParam	93	soundBehaviorId01	UNKNOWN
NpcThinkParam	94	soundBehaviorId02	UNKNOWN
NpcThinkParam	95	soundBehaviorId03	UNKNOWN
NpcThinkParam	96	soundBehaviorId04	UNKNOWN
NpcThinkParam	97	soundBehaviorId05	UNKNOWN
NpcThinkParam	98	soundBehaviorId06	UNKNOWN
NpcThinkParam	99	soundBehaviorId07	UNKNOWN
NpcThinkParam	100	soundBehaviorId08	UNKNOWN
NpcThinkParam	101	weaponOffSpecialEffectId	UNKNOWN
NpcThinkParam	102	weaponOnSpecialEffectId	UNKNOWN
NpcThinkParam	103	weaponOffAnimId	UNKNOWN
NpcThinkParam	104	weaponOnAnimId	UNKNOWN
NpcThinkParam	105	surpriseAnimId	UNKNOWN
NpcThinkParam	106		UNKNOWN
ObjActParam	0	ID	UNKNOWN
ObjActParam	1	Name	UNKNOWN
ObjActParam	2	actionEnableMsgId	UNKNOWN
ObjActParam	3	actionFailedMsgId	UNKNOWN
ObjActParam	4	spQualifiedPassEventFlag	UNKNOWN
ObjActParam	5	playerAnimId	UNKNOWN
ObjActParam	6	chrAnimId	UNKNOWN
ObjActParam	7	validDist	UNKNOWN
ObjActParam	8	spQualifiedId_old	UNKNOWN
ObjActParam	9	spQualifiedId2_old	UNKNOWN
ObjActParam	10	objDummyId	UNKNOWN
ObjActParam	11	isEventKickSync	UNKNOWN
ObjActParam	12	objAnimId	UNKNOWN
ObjActParam	13	validPlayerAngle	UNKNOWN
ObjActParam	14	spQualifiedType	UNKNOWN
ObjActParam	15	spQualifiedType2	UNKNOWN
ObjActParam	16	validObjAngle	UNKNOWN
ObjActParam	17	chrSorbType	UNKNOWN
ObjActParam	18	eventKickTiming	UNKNOWN
ObjActParam	19	pad1	UNKNOWN
ObjActParam	20	actionButtonParamId	UNKNOWN
ObjActParam	21	enableTreasureDelaySec	UNKNOWN
ObjActParam	22	preActionSfxDmypolyId	UNKNOWN
ObjActParam	23	preActionSfxId	UNKNOWN
ObjActParam	24	spQualifiedId_new	UNKNOWN
ObjActParam	25	spQualifiedId2_new	UNKNOWN
ObjActParam	26	pad2	UNKNOWN
ObjActParam	27		UNKNOWN
PartsDrawParam	0	ID	UNKNOWN
PartsDrawParam	1	Name	UNKNOWN
PartsDrawParam	2	lv01_BorderDist	UNKNOWN
PartsDrawParam	3	lv01_PlayDist	UNKNOWN
PartsDrawParam	4	lv12_BorderDist	UNKNOWN
PartsDrawParam	5	lv12_PlayDist	UNKNOWN
PartsDrawParam	6	lv23_BorderDist	UNKNOWN
PartsDrawParam	7	lv23_PlayDist	UNKNOWN
PartsDrawParam	8	lv34_BorderDist	UNKNOWN
PartsDrawParam	9	lv34_PlayDist	UNKNOWN
PartsDrawParam	10	lv45_BorderDist	UNKNOWN
PartsDrawParam	11	lv45_PlayDist	UNKNOWN
PartsDrawParam	12	tex_lv01_BorderDist	UNKNOWN
PartsDrawParam	13	tex_lv01_PlayDist	UNKNOWN
PartsDrawParam	14	enableCrossFade	UNKNOWN
PartsDrawParam	15	drawDist	UNKNOWN
PartsDrawParam	16	drawFadeRange	UNKNOWN
PartsDrawParam	17	shadowDrawDist	UNKNOWN
PartsDrawParam	18	shadowFadeRange	UNKNOWN
PartsDrawParam	19	motionBlur_BorderDist	UNKNOWN
PartsDrawParam	20	isPointLightShadowSrc	UNKNOWN
PartsDrawParam	21	isDirLightShadowSrc	UNKNOWN
PartsDrawParam	22	isShadowDst	UNKNOWN
PartsDrawParam	23	isShadowOnly	UNKNOWN
PartsDrawParam	24	drawByReflectCam	UNKNOWN
PartsDrawParam	25	drawOnlyReflectCam	UNKNOWN
PartsDrawParam	26	IncludeLodMapLv	UNKNOWN
PartsDrawParam	27	isNoFarClipDraw	UNKNOWN
PartsDrawParam	28	lodType	UNKNOWN
PartsDrawParam	29	shadowDrawLodOffset	UNKNOWN
PartsDrawParam	30	isTraceCameraXZ	UNKNOWN
PartsDrawParam	31	isSkydomeDrawPhase	UNKNOWN
PartsDrawParam	32	DistantViewModel_BorderDist	UNKNOWN
PartsDrawParam	33	DistantViewModel_PlayDist	UNKNOWN
PartsDrawParam	34	LimtedActivate_BorderDist_forGrid	UNKNOWN
PartsDrawParam	35	LimtedActivate_PlayDist_forGrid	UNKNOWN
PartsDrawParam	36	zSortOffsetForNoFarClipDraw	UNKNOWN
PartsDrawParam	37	shadowDrawAlphaTestDist	UNKNOWN
PartsDrawParam	38	fowardDrawEnvmapBlendType	UNKNOWN
PartsDrawParam	39	LBDrawDistScaleParamID	UNKNOWN
PartsDrawParam	40	resereve	UNKNOWN
PartsDrawParam	41		UNKNOWN
PhantomParam	0	ID	UNKNOWN
PhantomParam	1	Name	UNKNOWN
PhantomParam	2	edgeColorA	UNKNOWN
PhantomParam	3	frontColorA	UNKNOWN
PhantomParam	4	diffMulColorA	UNKNOWN
PhantomParam	5	specMulColorA	UNKNOWN
PhantomParam	6	lightColorA	UNKNOWN
PhantomParam	7	edgeColorR	UNKNOWN
PhantomParam	8	edgeColorG	UNKNOWN
PhantomParam	9	edgeColorB	UNKNOWN
PhantomParam	10	frontColorR	UNKNOWN
PhantomParam	11	frontColorG	UNKNOWN
PhantomParam	12	frontColorB	UNKNOWN
PhantomParam	13	diffMulColorR	UNKNOWN
PhantomParam	14	diffMulColorG	UNKNOWN
PhantomParam	15	diffMulColorB	UNKNOWN
PhantomParam	16	specMulColorR	UNKNOWN
PhantomParam	17	specMulColorG	UNKNOWN
PhantomParam	18	specMulColorB	UNKNOWN
PhantomParam	19	lightColorR	UNKNOWN
PhantomParam	20	lightColorG	UNKNOWN
PhantomParam	21	lightColorB	UNKNOWN
PhantomParam	22	reserve	UNKNOWN
PhantomParam	23	alpha	UNKNOWN
PhantomParam	24	blendRate	UNKNOWN
PhantomParam	25	blendType	UNKNOWN
PhantomParam	26	isEdgeSubtract	UNKNOWN
PhantomParam	27	isFrontSubtract	UNKNOWN
PhantomParam	28	isNo2Pass	UNKNOWN
PhantomParam	29	edgePower	UNKNOWN
PhantomParam	30	glowScale	UNKNOWN
PhantomParam	31		UNKNOWN
PlayerCommonParam	0	ID	UNKNOWN
PlayerCommonParam	1	Name	UNKNOWN
PlayerCommonParam	2	playerFootEffect_bySFX	UNKNOWN
PlayerCommonParam	3	snipeModeDrawAlpha_FadeTime	UNKNOWN
PlayerCommonParam	4	toughnessRecoverCorrection	UNKNOWN
PlayerCommonParam	5	baseMagicSlotSize	UNKNOWN
PlayerCommonParam	6	baseAccSlotNum	UNKNOWN
PlayerCommonParam	7	reserved02	UNKNOWN
PlayerCommonParam	8	animeID_DropItemPick	UNKNOWN
PlayerCommonParam	9	resistRecoverPoint_Sleep_Player	UNKNOWN
PlayerCommonParam	10	flareOverrideHomingAngle	UNKNOWN
PlayerCommonParam	11	flareOverrideHomingStopRange	UNKNOWN
PlayerCommonParam	12	animeID_SleepCollectorItemPick	UNKNOWN
PlayerCommonParam	13	unlockEventFlagBaseId_forWepAttr	UNKNOWN
PlayerCommonParam	14	systemEnchant_BigRune	UNKNOWN
PlayerCommonParam	15	lowStatus_AtkPowDown	UNKNOWN
PlayerCommonParam	16	lowStatus_ConsumeStaminaRate	UNKNOWN
PlayerCommonParam	17	lowStatus_AtkGuardBreak	UNKNOWN
PlayerCommonParam	18	guardStatusCorrect_MaxStatusVal	UNKNOWN
PlayerCommonParam	19	unlockEventFlagStepNum_forWepAttr	UNKNOWN
PlayerCommonParam	20	retributionMagic_damageCountNum	UNKNOWN
PlayerCommonParam	21	retributionMagic_damageCountRemainTime	UNKNOWN
PlayerCommonParam	22	retributionMagic_burstDmypolyId	UNKNOWN
PlayerCommonParam	23	retributionMagic_burstMagicParamId	UNKNOWN
PlayerCommonParam	24	chrAimCam_rideOffsetHeight	UNKNOWN
PlayerCommonParam	25	reserved23	UNKNOWN
PlayerCommonParam	26	arrowCaseWepBindDmypolyId	UNKNOWN
PlayerCommonParam	27	boltPouchWepBindDmypolyId	UNKNOWN
PlayerCommonParam	28	estusFlaskAllocateRate	UNKNOWN
PlayerCommonParam	29	reserved38	UNKNOWN
PlayerCommonParam	30	kickAcceptanceDeg	UNKNOWN
PlayerCommonParam	31	npcPlayerAnalogWeightRate_Light	UNKNOWN
PlayerCommonParam	32	npcPlayerAnalogWeightRate_Normal	UNKNOWN
PlayerCommonParam	33	npcPlayerAnalogWeightRate_Heavy	UNKNOWN
PlayerCommonParam	34	npcPlayerAnalogWeightRate_WeightOver	UNKNOWN
PlayerCommonParam	35	npcPlayerAnalogWeightRate_SuperLight	UNKNOWN
PlayerCommonParam	36	reserved45	UNKNOWN
PlayerCommonParam	37	clearCountCorrectBaseSpEffectId	UNKNOWN
PlayerCommonParam	38	arrowBoltModelIdOffset	UNKNOWN
PlayerCommonParam	39	arrowBoltRemainingNumModelMaskThreshold1	UNKNOWN
PlayerCommonParam	40	arrowBoltRemainingNumModelMaskThreshold2	UNKNOWN
PlayerCommonParam	41	reserved27	UNKNOWN
PlayerCommonParam	42	resistRecoverPoint_Poision_Player	UNKNOWN
PlayerCommonParam	43	resistRecoverPoint_Desease_Player	UNKNOWN
PlayerCommonParam	44	resistRecoverPoint_Blood_Player	UNKNOWN
PlayerCommonParam	45	resistRecoverPoint_Curse_Player	UNKNOWN
PlayerCommonParam	46	resistRecoverPoint_Freeze_Player	UNKNOWN
PlayerCommonParam	47	resistRecoverPoint_Poision_Enemy	UNKNOWN
PlayerCommonParam	48	resistRecoverPoint_Desease_Enemy	UNKNOWN
PlayerCommonParam	49	resistRecoverPoint_Blood_Enemy	UNKNOWN
PlayerCommonParam	50	resistRecoverPoint_Curse_Enemy	UNKNOWN
PlayerCommonParam	51	resistRecoverPoint_Freeze_Enemy	UNKNOWN
PlayerCommonParam	52	requestTimeLeftBothHand	UNKNOWN
PlayerCommonParam	53	resistRecoverPoint_Madness_Player	UNKNOWN
PlayerCommonParam	54	animeID_MaterialItemPick	UNKNOWN
PlayerCommonParam	55	hpEstusFlaskAllocateRateForYellowMonk	UNKNOWN
PlayerCommonParam	56	hpEstusFlaskAllocateOffsetForYellowMonk	UNKNOWN
PlayerCommonParam	57	mpEstusFlaskAllocateRateForYellowMonk	UNKNOWN
PlayerCommonParam	58	mpEstusFlaskAllocateOffsetForYellowMonk	UNKNOWN
PlayerCommonParam	59	resistRecoverPoint_Sleep_Enemy	UNKNOWN
PlayerCommonParam	60	resistRecoverPoint_Madness_Enemy	UNKNOWN
PlayerCommonParam	61	resistCurseItemId	UNKNOWN
PlayerCommonParam	62	resistCurseItemMaxNum	UNKNOWN
PlayerCommonParam	63	reserved_123	UNKNOWN
PlayerCommonParam	64	resistCurseItemSpEffectBaseId	UNKNOWN
PlayerCommonParam	65	resistCurseItemLotParamId_map	UNKNOWN
PlayerCommonParam	66	unknown_0xcc	UNKNOWN
PlayerCommonParam	67	unknown_0xd0	UNKNOWN
PlayerCommonParam	68	unknown_0xd4	UNKNOWN
PlayerCommonParam	69	unknown_0xd8	UNKNOWN
PlayerCommonParam	70	unknown_0xdc	UNKNOWN
PlayerCommonParam	71	unknown_0xe0	UNKNOWN
PlayerCommonParam	72	reserved41	UNKNOWN
PlayerCommonParam	73		UNKNOWN
PlayRegionParam	0	ID	UNKNOWN
PlayRegionParam	1	Name	UNKNOWN
PlayRegionParam	2	disableParam_NT	UNKNOWN
PlayRegionParam	3	disableParamReserve1	UNKNOWN
PlayRegionParam	4	disableParamReserve2	UNKNOWN
PlayRegionParam	5	matchAreaId	UNKNOWN
PlayRegionParam	6	multiPlayStartLimitEventFlagId	UNKNOWN
PlayRegionParam	7	otherDisableDistance	UNKNOWN
PlayRegionParam	8	pcPositionSaveLimitEventFlagId	UNKNOWN
PlayRegionParam	9	bossAreaId	UNKNOWN
PlayRegionParam	10	cultNpcWhiteGhostEntityId_byFree	UNKNOWN
PlayRegionParam	11	bMapGuradianRegion	UNKNOWN
PlayRegionParam	12	bYellowCostumeRegion	UNKNOWN
PlayRegionParam	13	multiPlayStartLimitEventFlagId_targetFlagState	UNKNOWN
PlayRegionParam	14	breakInLimitEventFlagId_1_targetFlagState	UNKNOWN
PlayRegionParam	15	whiteSignLimitEventFlagId_1_targetFlagState	UNKNOWN
PlayRegionParam	16	redSignLimitEventFlagId_1_targetFlagState	UNKNOWN
PlayRegionParam	17	breakInLimitEventFlagId_2_targetFlagState	UNKNOWN
PlayRegionParam	18	breakInLimitEventFlagId_3_targetFlagState	UNKNOWN
PlayRegionParam	19	whiteSignLimitEventFlagId_2_targetFlagState	UNKNOWN
PlayRegionParam	20	warpItemUsePermitBonfireId_1	UNKNOWN
PlayRegionParam	21	warpItemUsePermitBonfireId_2	UNKNOWN
PlayRegionParam	22	warpItemUsePermitBonfireId_3	UNKNOWN
PlayRegionParam	23	warpItemUsePermitBonfireId_4	UNKNOWN
PlayRegionParam	24	warpItemUsePermitBonfireId_5	UNKNOWN
PlayRegionParam	25	warpItemProhibitionEventFlagId_1	UNKNOWN
PlayRegionParam	26	warpItemProhibitionEventFlagId_2	UNKNOWN
PlayRegionParam	27	warpItemProhibitionEventFlagId_3	UNKNOWN
PlayRegionParam	28	warpItemProhibitionEventFlagId_4	UNKNOWN
PlayRegionParam	29	warpItemProhibitionEventFlagId_5	UNKNOWN
PlayRegionParam	30	enableBloodstain	UNKNOWN
PlayRegionParam	31	enableBloodMessage	UNKNOWN
PlayRegionParam	32	enableGhost	UNKNOWN
PlayRegionParam	33	dispMask00	UNKNOWN
PlayRegionParam	34	dispMask01	UNKNOWN
PlayRegionParam	35	whiteSignLimitEventFlagId_3_targetFlagState	UNKNOWN
PlayRegionParam	36	redSignLimitEventFlagId_2_targetFlagState	UNKNOWN
PlayRegionParam	37	redSignLimitEventFlagId_3_targetFlagState	UNKNOWN
PlayRegionParam	38	isAutoIntrudePoint	UNKNOWN
PlayRegionParam	39	unknown_0x45_1	UNKNOWN
PlayRegionParam	40	pad1	UNKNOWN
PlayRegionParam	41	pad2	UNKNOWN
PlayRegionParam	42	multiPlayHASHostLimitEventFlagId	UNKNOWN
PlayRegionParam	43	otherMaxDistance	UNKNOWN
PlayRegionParam	44	signPuddleOpenEventFlagId	UNKNOWN
PlayRegionParam	45	areaNo	UNKNOWN
PlayRegionParam	46	gridXNo	UNKNOWN
PlayRegionParam	47	gridZNo	UNKNOWN
PlayRegionParam	48	pad4	UNKNOWN
PlayRegionParam	49	posX	UNKNOWN
PlayRegionParam	50	posY	UNKNOWN
PlayRegionParam	51	posZ	UNKNOWN
PlayRegionParam	52	breakInLimitEventFlagId_1	UNKNOWN
PlayRegionParam	53	whiteSignLimitEventFlagId_1	UNKNOWN
PlayRegionParam	54	matchAreaSignCreateLimitEventFlagId	UNKNOWN
PlayRegionParam	55	signAimId_1	UNKNOWN
PlayRegionParam	56	signAimId_2	UNKNOWN
PlayRegionParam	57	signAimId_3	UNKNOWN
PlayRegionParam	58	signAimId_4	UNKNOWN
PlayRegionParam	59	signAimId_5	UNKNOWN
PlayRegionParam	60	signAimId_6	UNKNOWN
PlayRegionParam	61	signAimId_7	UNKNOWN
PlayRegionParam	62	signAimId_8	UNKNOWN
PlayRegionParam	63	redSignLimitEventFlagId_1	UNKNOWN
PlayRegionParam	64	breakInLimitEventFlagId_2	UNKNOWN
PlayRegionParam	65	breakInLimitEventFlagId_3	UNKNOWN
PlayRegionParam	66	whiteSignLimitEventFlagId_2	UNKNOWN
PlayRegionParam	67	whiteSignLimitEventFlagId_3	UNKNOWN
PlayRegionParam	68	redSignLimitEventFlagId_2	UNKNOWN
PlayRegionParam	69	redSignLimitEventFlagId_3	UNKNOWN
PlayRegionParam	70	bossId_1	UNKNOWN
PlayRegionParam	71	bossId_2	UNKNOWN
PlayRegionParam	72	bossId_3	UNKNOWN
PlayRegionParam	73	bossId_4	UNKNOWN
PlayRegionParam	74	bossId_5	UNKNOWN
PlayRegionParam	75	bossId_6	UNKNOWN
PlayRegionParam	76	bossId_7	UNKNOWN
PlayRegionParam	77	bossId_8	UNKNOWN
PlayRegionParam	78	bossId_9	UNKNOWN
PlayRegionParam	79	bossId_10	UNKNOWN
PlayRegionParam	80	bossId_11	UNKNOWN
PlayRegionParam	81	bossId_12	UNKNOWN
PlayRegionParam	82	bossId_13	UNKNOWN
PlayRegionParam	83	bossId_14	UNKNOWN
PlayRegionParam	84	bossId_15	UNKNOWN
PlayRegionParam	85	bossId_16	UNKNOWN
PlayRegionParam	86	mapMenuUnlockEventId	UNKNOWN
PlayRegionParam	87	pad5	UNKNOWN
PlayRegionParam	88		UNKNOWN
PostureControlParam_Gender	0	ID	UNKNOWN
PostureControlParam_Gender	1	Name	UNKNOWN
PostureControlParam_Gender	2	a000_rightElbowIO	UNKNOWN
PostureControlParam_Gender	3	a000_leftElbowIO	UNKNOWN
PostureControlParam_Gender	4	a000_bothLegsIO	UNKNOWN
PostureControlParam_Gender	5	a002_rightElbowIO	UNKNOWN
PostureControlParam_Gender	6	a002_leftElbowIO	UNKNOWN
PostureControlParam_Gender	7	a002_bothLegsIO	UNKNOWN
PostureControlParam_Gender	8	a003_rightElbowIO	UNKNOWN
PostureControlParam_Gender	9	a003_leftElbowIO	UNKNOWN
PostureControlParam_Gender	10	a003_bothLegsIO	UNKNOWN
PostureControlParam_Gender	11	a010_rightElbowIO	UNKNOWN
PostureControlParam_Gender	12	a010_leftElbowIO	UNKNOWN
PostureControlParam_Gender	13	a010_bothLegsIO	UNKNOWN
PostureControlParam_Gender	14	a012_rightElbowIO	UNKNOWN
PostureControlParam_Gender	15	a012_leftElbowIO	UNKNOWN
PostureControlParam_Gender	16	a012_bothLegsIO	UNKNOWN
PostureControlParam_Gender	17	a013_rightElbowIO	UNKNOWN
PostureControlParam_Gender	18	a013_leftElbowIO	UNKNOWN
PostureControlParam_Gender	19	a013_bothLegsIO	UNKNOWN
PostureControlParam_Gender	20	a014_rightElbowIO	UNKNOWN
PostureControlParam_Gender	21	a014_leftElbowIO	UNKNOWN
PostureControlParam_Gender	22	a014_bothLegsIO	UNKNOWN
PostureControlParam_Gender	23	a015_rightElbowIO	UNKNOWN
PostureControlParam_Gender	24	a015_leftElbowIO	UNKNOWN
PostureControlParam_Gender	25	a015_bothLegsIO	UNKNOWN
PostureControlParam_Gender	26	a016_rightElbowIO	UNKNOWN
PostureControlParam_Gender	27	a016_leftElbowIO	UNKNOWN
PostureControlParam_Gender	28	a016_bothLegsIO	UNKNOWN
PostureControlParam_Gender	29	pad	UNKNOWN
PostureControlParam_Gender	30		UNKNOWN
PostureControlParam_Pro	0	ID	UNKNOWN
PostureControlParam_Pro	1	Name	UNKNOWN
PostureControlParam_Pro	2	a000_rightArmIO	UNKNOWN
PostureControlParam_Pro	3	a000_rightArmFB	UNKNOWN
PostureControlParam_Pro	4	a000_leftArmIO	UNKNOWN
PostureControlParam_Pro	5	a000_leftArmFB	UNKNOWN
PostureControlParam_Pro	6	a002_rightArmIO	UNKNOWN
PostureControlParam_Pro	7	a002_rightArmFB	UNKNOWN
PostureControlParam_Pro	8	a002_leftArmIO	UNKNOWN
PostureControlParam_Pro	9	a002_leftArmFB	UNKNOWN
PostureControlParam_Pro	10	a003_rightArmIO	UNKNOWN
PostureControlParam_Pro	11	a003_rightArmFB	UNKNOWN
PostureControlParam_Pro	12	a003_leftArmIO	UNKNOWN
PostureControlParam_Pro	13	a003_leftArmFB	UNKNOWN
PostureControlParam_Pro	14	a010_rightArmIO	UNKNOWN
PostureControlParam_Pro	15	a010_rightArmFB	UNKNOWN
PostureControlParam_Pro	16	a010_leftArmIO	UNKNOWN
PostureControlParam_Pro	17	a010_leftArmFB	UNKNOWN
PostureControlParam_Pro	18	a012_rightArmIO	UNKNOWN
PostureControlParam_Pro	19	a012_rightArmFB	UNKNOWN
PostureControlParam_Pro	20	a012_leftArmIO	UNKNOWN
PostureControlParam_Pro	21	a012_leftArmFB	UNKNOWN
PostureControlParam_Pro	22	a013_rightArmIO	UNKNOWN
PostureControlParam_Pro	23	a013_rightArmFB	UNKNOWN
PostureControlParam_Pro	24	a013_leftArmIO	UNKNOWN
PostureControlParam_Pro	25	a013_leftArmFB	UNKNOWN
PostureControlParam_Pro	26	a014_rightArmIO	UNKNOWN
PostureControlParam_Pro	27	a014_rightArmFB	UNKNOWN
PostureControlParam_Pro	28	a014_leftArmIO	UNKNOWN
PostureControlParam_Pro	29	a014_leftArmFB	UNKNOWN
PostureControlParam_Pro	30	a015_rightArmIO	UNKNOWN
PostureControlParam_Pro	31	a015_rightArmFB	UNKNOWN
PostureControlParam_Pro	32	a015_leftArmIO	UNKNOWN
PostureControlParam_Pro	33	a015_leftArmFB	UNKNOWN
PostureControlParam_Pro	34	a016_rightArmIO	UNKNOWN
PostureControlParam_Pro	35	a016_rightArmFB	UNKNOWN
PostureControlParam_Pro	36	a016_leftArmIO	UNKNOWN
PostureControlParam_Pro	37	a016_leftArmFB	UNKNOWN
PostureControlParam_Pro	38	pad	UNKNOWN
PostureControlParam_Pro	39		UNKNOWN
PostureControlParam_WepLeft	0	ID	UNKNOWN
PostureControlParam_WepLeft	1	Name	UNKNOWN
PostureControlParam_WepLeft	2	a000_leftArmFB	UNKNOWN
PostureControlParam_WepLeft	3	a000_leftWristFB	UNKNOWN
PostureControlParam_WepLeft	4	a000_leftWristIO	UNKNOWN
PostureControlParam_WepLeft	5	a000_leftWeaponRotation	UNKNOWN
PostureControlParam_WepLeft	6	a002_leftArmFB	UNKNOWN
PostureControlParam_WepLeft	7	a002_leftWristFB	UNKNOWN
PostureControlParam_WepLeft	8	a002_leftWristIO	UNKNOWN
PostureControlParam_WepLeft	9	a002_leftWeaponRotation	UNKNOWN
PostureControlParam_WepLeft	10	a003_leftArmFB	UNKNOWN
PostureControlParam_WepLeft	11	a003_leftWristFB	UNKNOWN
PostureControlParam_WepLeft	12	a003_leftWristIO	UNKNOWN
PostureControlParam_WepLeft	13	a003_leftWeaponRotation	UNKNOWN
PostureControlParam_WepLeft	14	pad	UNKNOWN
PostureControlParam_WepLeft	15		UNKNOWN
PostureControlParam_WepRight	0	ID	UNKNOWN
PostureControlParam_WepRight	1	Name	UNKNOWN
PostureControlParam_WepRight	2	a000_rightArmFB	UNKNOWN
PostureControlParam_WepRight	3	a000_rightWristFB	UNKNOWN
PostureControlParam_WepRight	4	a000_rightWristIO	UNKNOWN
PostureControlParam_WepRight	5	a000_rightWeaponRotation	UNKNOWN
PostureControlParam_WepRight	6	a000_leftArmFB	UNKNOWN
PostureControlParam_WepRight	7	a000_leftWristFB	UNKNOWN
PostureControlParam_WepRight	8	a000_leftWristIO	UNKNOWN
PostureControlParam_WepRight	9	a000_lefttWeaponRotation	UNKNOWN
PostureControlParam_WepRight	10	a002_rightArmFB	UNKNOWN
PostureControlParam_WepRight	11	a002_rightWristFB	UNKNOWN
PostureControlParam_WepRight	12	a002_rightWristIO	UNKNOWN
PostureControlParam_WepRight	13	a002_rightWeaponRotation	UNKNOWN
PostureControlParam_WepRight	14	a002_leftArmFB	UNKNOWN
PostureControlParam_WepRight	15	a002_leftWristFB	UNKNOWN
PostureControlParam_WepRight	16	a002_leftWristIO	UNKNOWN
PostureControlParam_WepRight	17	a002_lefttWeaponRotation	UNKNOWN
PostureControlParam_WepRight	18	a003_rightArmFB	UNKNOWN
PostureControlParam_WepRight	19	a003_rightWristFB	UNKNOWN
PostureControlParam_WepRight	20	a003_rightWristIO	UNKNOWN
PostureControlParam_WepRight	21	a003_rightWeaponRotation	UNKNOWN
PostureControlParam_WepRight	22	a003_leftArmFB	UNKNOWN
PostureControlParam_WepRight	23	a003_leftWristFB	UNKNOWN
PostureControlParam_WepRight	24	a003_leftWristIO	UNKNOWN
PostureControlParam_WepRight	25	a003_lefttWeaponRotation	UNKNOWN
PostureControlParam_WepRight	26	a010_rightArmFB	UNKNOWN
PostureControlParam_WepRight	27	a010_rightWristFB	UNKNOWN
PostureControlParam_WepRight	28	a010_rightWristIO	UNKNOWN
PostureControlParam_WepRight	29	a010_rightWeaponRotation	UNKNOWN
PostureControlParam_WepRight	30	a010_leftArmFB	UNKNOWN
PostureControlParam_WepRight	31	a010_leftWristFB	UNKNOWN
PostureControlParam_WepRight	32	a010_leftWristIO	UNKNOWN
PostureControlParam_WepRight	33	a010_lefttWeaponRotation	UNKNOWN
PostureControlParam_WepRight	34	a012_rightArmFB	UNKNOWN
PostureControlParam_WepRight	35	a012_rightWristFB	UNKNOWN
PostureControlParam_WepRight	36	a012_rightWristIO	UNKNOWN
PostureControlParam_WepRight	37	a012_rightWeaponRotation	UNKNOWN
PostureControlParam_WepRight	38	a012_leftArmFB	UNKNOWN
PostureControlParam_WepRight	39	a012_leftWristFB	UNKNOWN
PostureControlParam_WepRight	40	a012_leftWristIO	UNKNOWN
PostureControlParam_WepRight	41	a012_lefttWeaponRotation	UNKNOWN
PostureControlParam_WepRight	42	a013_rightArmFB	UNKNOWN
PostureControlParam_WepRight	43	a013_rightWristFB	UNKNOWN
PostureControlParam_WepRight	44	a013_rightWristIO	UNKNOWN
PostureControlParam_WepRight	45	a013_rightWeaponRotation	UNKNOWN
PostureControlParam_WepRight	46	a013_leftArmFB	UNKNOWN
PostureControlParam_WepRight	47	a013_leftWristFB	UNKNOWN
PostureControlParam_WepRight	48	a013_leftWristIO	UNKNOWN
PostureControlParam_WepRight	49	a013_lefttWeaponRotation	UNKNOWN
PostureControlParam_WepRight	50	a014_rightArmFB	UNKNOWN
PostureControlParam_WepRight	51	a014_rightWristFB	UNKNOWN
PostureControlParam_WepRight	52	a014_rightWristIO	UNKNOWN
PostureControlParam_WepRight	53	a014_rightWeaponRotation	UNKNOWN
PostureControlParam_WepRight	54	a014_leftArmFB	UNKNOWN
PostureControlParam_WepRight	55	a014_leftWristFB	UNKNOWN
PostureControlParam_WepRight	56	a014_leftWristIO	UNKNOWN
PostureControlParam_WepRight	57	a014_lefttWeaponRotation	UNKNOWN
PostureControlParam_WepRight	58	a015_rightArmFB	UNKNOWN
PostureControlParam_WepRight	59	a015_rightWristFB	UNKNOWN
PostureControlParam_WepRight	60	a015_rightWristIO	UNKNOWN
PostureControlParam_WepRight	61	a015_rightWeaponRotation	UNKNOWN
PostureControlParam_WepRight	62	a015_leftArmFB	UNKNOWN
PostureControlParam_WepRight	63	a015_leftWristFB	UNKNOWN
PostureControlParam_WepRight	64	a015_leftWristIO	UNKNOWN
PostureControlParam_WepRight	65	a015_lefttWeaponRotation	UNKNOWN
PostureControlParam_WepRight	66	a016_rightArmFB	UNKNOWN
PostureControlParam_WepRight	67	a016_rightWristFB	UNKNOWN
PostureControlParam_WepRight	68	a016_rightWristIO	UNKNOWN
PostureControlParam_WepRight	69	a016_rightWeaponRotation	UNKNOWN
PostureControlParam_WepRight	70	a016_leftArmFB	UNKNOWN
PostureControlParam_WepRight	71	a016_leftWristFB	UNKNOWN
PostureControlParam_WepRight	72	a016_leftWristIO	UNKNOWN
PostureControlParam_WepRight	73	a016_lefttWeaponRotation	UNKNOWN
PostureControlParam_WepRight	74		UNKNOWN
RandomAppearParam	0	ID	UNKNOWN
RandomAppearParam	1	Name	UNKNOWN
RandomAppearParam	2	slot0	UNKNOWN
RandomAppearParam	3	slot1	UNKNOWN
RandomAppearParam	4	slot2	UNKNOWN
RandomAppearParam	5	slot3	UNKNOWN
RandomAppearParam	6	slot4	UNKNOWN
RandomAppearParam	7	slot5	UNKNOWN
RandomAppearParam	8	slot6	UNKNOWN
RandomAppearParam	9	slot7	UNKNOWN
RandomAppearParam	10	slot8	UNKNOWN
RandomAppearParam	11	slot9	UNKNOWN
RandomAppearParam	12	slot10	UNKNOWN
RandomAppearParam	13	slot11	UNKNOWN
RandomAppearParam	14	slot12	UNKNOWN
RandomAppearParam	15	slot13	UNKNOWN
RandomAppearParam	16	slot14	UNKNOWN
RandomAppearParam	17	slot15	UNKNOWN
RandomAppearParam	18	slot16	UNKNOWN
RandomAppearParam	19	slot17	UNKNOWN
RandomAppearParam	20	slot18	UNKNOWN
RandomAppearParam	21	slot19	UNKNOWN
RandomAppearParam	22	slot20	UNKNOWN
RandomAppearParam	23	slot21	UNKNOWN
RandomAppearParam	24	slot22	UNKNOWN
RandomAppearParam	25	slot23	UNKNOWN
RandomAppearParam	26	slot24	UNKNOWN
RandomAppearParam	27	slot25	UNKNOWN
RandomAppearParam	28	slot26	UNKNOWN
RandomAppearParam	29	slot27	UNKNOWN
RandomAppearParam	30	slot28	UNKNOWN
RandomAppearParam	31	slot29	UNKNOWN
RandomAppearParam	32	slot30	UNKNOWN
RandomAppearParam	33	slot31	UNKNOWN
RandomAppearParam	34	slot32	UNKNOWN
RandomAppearParam	35	slot33	UNKNOWN
RandomAppearParam	36	slot34	UNKNOWN
RandomAppearParam	37	slot35	UNKNOWN
RandomAppearParam	38	slot36	UNKNOWN
RandomAppearParam	39	slot37	UNKNOWN
RandomAppearParam	40	slot38	UNKNOWN
RandomAppearParam	41	slot39	UNKNOWN
RandomAppearParam	42	slot40	UNKNOWN
RandomAppearParam	43	slot41	UNKNOWN
RandomAppearParam	44	slot42	UNKNOWN
RandomAppearParam	45	slot43	UNKNOWN
RandomAppearParam	46	slot44	UNKNOWN
RandomAppearParam	47	slot45	UNKNOWN
RandomAppearParam	48	slot46	UNKNOWN
RandomAppearParam	49	slot47	UNKNOWN
RandomAppearParam	50	slot48	UNKNOWN
RandomAppearParam	51	slot49	UNKNOWN
RandomAppearParam	52	slot50	UNKNOWN
RandomAppearParam	53	slot51	UNKNOWN
RandomAppearParam	54	slot52	UNKNOWN
RandomAppearParam	55	slot53	UNKNOWN
RandomAppearParam	56	slot54	UNKNOWN
RandomAppearParam	57	slot55	UNKNOWN
RandomAppearParam	58	slot56	UNKNOWN
RandomAppearParam	59	slot57	UNKNOWN
RandomAppearParam	60	slot58	UNKNOWN
RandomAppearParam	61	slot59	UNKNOWN
RandomAppearParam	62	slot60	UNKNOWN
RandomAppearParam	63	slot61	UNKNOWN
RandomAppearParam	64	slot62	UNKNOWN
RandomAppearParam	65	slot63	UNKNOWN
RandomAppearParam	66	slot64	UNKNOWN
RandomAppearParam	67	slot65	UNKNOWN
RandomAppearParam	68	slot66	UNKNOWN
RandomAppearParam	69	slot67	UNKNOWN
RandomAppearParam	70	slot68	UNKNOWN
RandomAppearParam	71	slot69	UNKNOWN
RandomAppearParam	72	slot70	UNKNOWN
RandomAppearParam	73	slot71	UNKNOWN
RandomAppearParam	74	slot72	UNKNOWN
RandomAppearParam	75	slot73	UNKNOWN
RandomAppearParam	76	slot74	UNKNOWN
RandomAppearParam	77	slot75	UNKNOWN
RandomAppearParam	78	slot76	UNKNOWN
RandomAppearParam	79	slot77	UNKNOWN
RandomAppearParam	80	slot78	UNKNOWN
RandomAppearParam	81	slot79	UNKNOWN
RandomAppearParam	82	slot80	UNKNOWN
RandomAppearParam	83	slot81	UNKNOWN
RandomAppearParam	84	slot82	UNKNOWN
RandomAppearParam	85	slot83	UNKNOWN
RandomAppearParam	86	slot84	UNKNOWN
RandomAppearParam	87	slot85	UNKNOWN
RandomAppearParam	88	slot86	UNKNOWN
RandomAppearParam	89	slot87	UNKNOWN
RandomAppearParam	90	slot88	UNKNOWN
RandomAppearParam	91	slot89	UNKNOWN
RandomAppearParam	92	slot90	UNKNOWN
RandomAppearParam	93	slot91	UNKNOWN
RandomAppearParam	94	slot92	UNKNOWN
RandomAppearParam	95	slot93	UNKNOWN
RandomAppearParam	96	slot94	UNKNOWN
RandomAppearParam	97	slot95	UNKNOWN
RandomAppearParam	98	slot96	UNKNOWN
RandomAppearParam	99	slot97	UNKNOWN
RandomAppearParam	100	slot98	UNKNOWN
RandomAppearParam	101	slot99	UNKNOWN
RandomAppearParam	102	pad	UNKNOWN
RandomAppearParam	103		UNKNOWN
ReinforceParamProtector	0	ID	UNKNOWN
ReinforceParamProtector	1	Name	UNKNOWN
ReinforceParamProtector	2	physicsDefRate	UNKNOWN
ReinforceParamProtector	3	magicDefRate	UNKNOWN
ReinforceParamProtector	4	fireDefRate	UNKNOWN
ReinforceParamProtector	5	thunderDefRate	UNKNOWN
ReinforceParamProtector	6	slashDefRate	UNKNOWN
ReinforceParamProtector	7	blowDefRate	UNKNOWN
ReinforceParamProtector	8	thrustDefRate	UNKNOWN
ReinforceParamProtector	9	resistPoisonRate	UNKNOWN
ReinforceParamProtector	10	resistDiseaseRate	UNKNOWN
ReinforceParamProtector	11	resistBloodRate	UNKNOWN
ReinforceParamProtector	12	resistCurseRate	UNKNOWN
ReinforceParamProtector	13	residentSpEffectId1	UNKNOWN
ReinforceParamProtector	14	residentSpEffectId2	UNKNOWN
ReinforceParamProtector	15	residentSpEffectId3	UNKNOWN
ReinforceParamProtector	16	materialSetId	UNKNOWN
ReinforceParamProtector	17	darkDefRate	UNKNOWN
ReinforceParamProtector	18	resistFreezeRate	UNKNOWN
ReinforceParamProtector	19	resistSleepRate	UNKNOWN
ReinforceParamProtector	20	resistMadnessRate	UNKNOWN
ReinforceParamProtector	21		UNKNOWN
ReinforceParamWeapon	0	ID	UNKNOWN
ReinforceParamWeapon	1	Name	UNKNOWN
ReinforceParamWeapon	2	physicsAtkRate	UNKNOWN
ReinforceParamWeapon	3	magicAtkRate	UNKNOWN
ReinforceParamWeapon	4	fireAtkRate	UNKNOWN
ReinforceParamWeapon	5	thunderAtkRate	UNKNOWN
ReinforceParamWeapon	6	staminaAtkRate	UNKNOWN
ReinforceParamWeapon	7	saWeaponAtkRate	UNKNOWN
ReinforceParamWeapon	8	saDurabilityRate	UNKNOWN
ReinforceParamWeapon	9	correctStrengthRate	UNKNOWN
ReinforceParamWeapon	10	correctAgilityRate	UNKNOWN
ReinforceParamWeapon	11	correctMagicRate	UNKNOWN
ReinforceParamWeapon	12	correctFaithRate	UNKNOWN
ReinforceParamWeapon	13	physicsGuardCutRate	UNKNOWN
ReinforceParamWeapon	14	magicGuardCutRate	UNKNOWN
ReinforceParamWeapon	15	fireGuardCutRate	UNKNOWN
ReinforceParamWeapon	16	thunderGuardCutRate	UNKNOWN
ReinforceParamWeapon	17	poisonGuardResistRate	UNKNOWN
ReinforceParamWeapon	18	diseaseGuardResistRate	UNKNOWN
ReinforceParamWeapon	19	bloodGuardResistRate	UNKNOWN
ReinforceParamWeapon	20	curseGuardResistRate	UNKNOWN
ReinforceParamWeapon	21	staminaGuardDefRate	UNKNOWN
ReinforceParamWeapon	22	spEffectId1	UNKNOWN
ReinforceParamWeapon	23	spEffectId2	UNKNOWN
ReinforceParamWeapon	24	spEffectId3	UNKNOWN
ReinforceParamWeapon	25	residentSpEffectId1	UNKNOWN
ReinforceParamWeapon	26	residentSpEffectId2	UNKNOWN
ReinforceParamWeapon	27	residentSpEffectId3	UNKNOWN
ReinforceParamWeapon	28	materialSetId	UNKNOWN
ReinforceParamWeapon	29	maxReinforceLevel	UNKNOWN
ReinforceParamWeapon	30	darkAtkRate	UNKNOWN
ReinforceParamWeapon	31	darkGuardCutRate	UNKNOWN
ReinforceParamWeapon	32	correctLuckRate	UNKNOWN
ReinforceParamWeapon	33	freezeGuardDefRate	UNKNOWN
ReinforceParamWeapon	34	reinforcePriceRate	UNKNOWN
ReinforceParamWeapon	35	baseChangePriceRate	UNKNOWN
ReinforceParamWeapon	36	enableGemRank	UNKNOWN
ReinforceParamWeapon	37	pad2	UNKNOWN
ReinforceParamWeapon	38	sleepGuardDefRate	UNKNOWN
ReinforceParamWeapon	39	madnessGuardDefRate	UNKNOWN
ReinforceParamWeapon	40	baseAtkRate	UNKNOWN
ReinforceParamWeapon	41		UNKNOWN
ResistCorrectParam	0	ID	UNKNOWN
ResistCorrectParam	1	Name	UNKNOWN
ResistCorrectParam	2	addPoint1	UNKNOWN
ResistCorrectParam	3	addPoint2	UNKNOWN
ResistCorrectParam	4	addPoint3	UNKNOWN
ResistCorrectParam	5	addPoint4	UNKNOWN
ResistCorrectParam	6	addPoint5	UNKNOWN
ResistCorrectParam	7	addRate1	UNKNOWN
ResistCorrectParam	8	addRate2	UNKNOWN
ResistCorrectParam	9	addRate3	UNKNOWN
ResistCorrectParam	10	addRate4	UNKNOWN
ResistCorrectParam	11	addRate5	UNKNOWN
ResistCorrectParam	12		UNKNOWN
ReverbAuxSendBusParam	0	ID	UNKNOWN
ReverbAuxSendBusParam	1	Name	UNKNOWN
ReverbAuxSendBusParam	2	ReverbAuxSendBusName	UNKNOWN
ReverbAuxSendBusParam	3		UNKNOWN
RideParam	0	ID	UNKNOWN
RideParam	1	Name	UNKNOWN
RideParam	2	atkChrId	UNKNOWN
RideParam	3	defChrId	UNKNOWN
RideParam	4	rideCamParamId	UNKNOWN
RideParam	5	atkChrAnimId	UNKNOWN
RideParam	6	defChrAnimId	UNKNOWN
RideParam	7	defAdjustDmyId	UNKNOWN
RideParam	8	defCheckDmyId	UNKNOWN
RideParam	9	diffAngMyToDef	UNKNOWN
RideParam	10	dist	UNKNOWN
RideParam	11	upperYRange	UNKNOWN
RideParam	12	lowerYRange	UNKNOWN
RideParam	13	diffAngMin	UNKNOWN
RideParam	14	diffAngMax	UNKNOWN
RideParam	15	pad	UNKNOWN
RideParam	16		UNKNOWN
RoleParam	0	ID	UNKNOWN
RoleParam	1	Name	UNKNOWN
RoleParam	2	teamType	UNKNOWN
RoleParam	3	pad10	UNKNOWN
RoleParam	4	phantomParamId	UNKNOWN
RoleParam	5	spEffectID0	UNKNOWN
RoleParam	6	spEffectID1	UNKNOWN
RoleParam	7	spEffectID2	UNKNOWN
RoleParam	8	spEffectID3	UNKNOWN
RoleParam	9	spEffectID4	UNKNOWN
RoleParam	10	spEffectID5	UNKNOWN
RoleParam	11	spEffectID6	UNKNOWN
RoleParam	12	spEffectID7	UNKNOWN
RoleParam	13	spEffectID8	UNKNOWN
RoleParam	14	spEffectID9	UNKNOWN
RoleParam	15	sosSignSfxId	UNKNOWN
RoleParam	16	mySosSignSfxId	UNKNOWN
RoleParam	17	summonStartAnimId	UNKNOWN
RoleParam	18	itemlotParamId	UNKNOWN
RoleParam	19	voiceChatGroup	UNKNOWN
RoleParam	20	roleNameColor	UNKNOWN
RoleParam	21	pad1	UNKNOWN
RoleParam	22	roleNameId	UNKNOWN
RoleParam	23	threatLv	UNKNOWN
RoleParam	24	phantomParamId_vowRank1	UNKNOWN
RoleParam	25	phantomParamId_vowRank2	UNKNOWN
RoleParam	26	phantomParamId_vowRank3	UNKNOWN
RoleParam	27	spEffectID_vowRank0	UNKNOWN
RoleParam	28	spEffectID_vowRank1	UNKNOWN
RoleParam	29	spEffectID_vowRank2	UNKNOWN
RoleParam	30	spEffectID_vowRank3	UNKNOWN
RoleParam	31	signPhantomId	UNKNOWN
RoleParam	32	nonPlayerSummonStartAnimId	UNKNOWN
RoleParam	33	pad2	UNKNOWN
RoleParam	34		UNKNOWN
RollingObjLotParam	0	ID	UNKNOWN
RollingObjLotParam	1	Name	UNKNOWN
RollingObjLotParam	2	disableParam_NT	UNKNOWN
RollingObjLotParam	3	disableParamReserve1	UNKNOWN
RollingObjLotParam	4	disableParamReserve2	UNKNOWN
RollingObjLotParam	5	AssetId_0	UNKNOWN
RollingObjLotParam	6	AssetId_1	UNKNOWN
RollingObjLotParam	7	AssetId_2	UNKNOWN
RollingObjLotParam	8	AssetId_3	UNKNOWN
RollingObjLotParam	9	AssetId_4	UNKNOWN
RollingObjLotParam	10	AssetId_5	UNKNOWN
RollingObjLotParam	11	AssetId_6	UNKNOWN
RollingObjLotParam	12	AssetId_7	UNKNOWN
RollingObjLotParam	13	CreateWeight_0	UNKNOWN
RollingObjLotParam	14	CreateWeight_1	UNKNOWN
RollingObjLotParam	15	CreateWeight_2	UNKNOWN
RollingObjLotParam	16	CreateWeight_3	UNKNOWN
RollingObjLotParam	17	CreateWeight_4	UNKNOWN
RollingObjLotParam	18	CreateWeight_5	UNKNOWN
RollingObjLotParam	19	CreateWeight_6	UNKNOWN
RollingObjLotParam	20	CreateWeight_7	UNKNOWN
RollingObjLotParam	21	Reserve_0	UNKNOWN
RollingObjLotParam	22		UNKNOWN
RuntimeBoneControlParam	0	ID	UNKNOWN
RuntimeBoneControlParam	1	Name	UNKNOWN
RuntimeBoneControlParam	2	chrId	UNKNOWN
RuntimeBoneControlParam	3	ctrlType	UNKNOWN
RuntimeBoneControlParam	4	pad	UNKNOWN
RuntimeBoneControlParam	5	applyBone	UNKNOWN
RuntimeBoneControlParam	6	targetBone1	UNKNOWN
RuntimeBoneControlParam	7	targetBone2	UNKNOWN
RuntimeBoneControlParam	8		UNKNOWN
SeActivationRangeParam	0	ID	UNKNOWN
SeActivationRangeParam	1	Name	UNKNOWN
SeActivationRangeParam	2	activateRange	UNKNOWN
SeActivationRangeParam	3		UNKNOWN
SeMaterialConvertParam	0	ID	UNKNOWN
SeMaterialConvertParam	1	Name	UNKNOWN
SeMaterialConvertParam	2	seMaterialId	UNKNOWN
SeMaterialConvertParam	3	pad	UNKNOWN
SeMaterialConvertParam	4		UNKNOWN
SfxBlockResShareParam	0	ID	UNKNOWN
SfxBlockResShareParam	1	Name	UNKNOWN
SfxBlockResShareParam	2	shareBlockRsMapUidVal	UNKNOWN
SfxBlockResShareParam	3		UNKNOWN
ShopLineupParam	0	ID	UNKNOWN
ShopLineupParam	1	Name	UNKNOWN
ShopLineupParam	2	equipId	UNKNOWN
ShopLineupParam	3	value	UNKNOWN
ShopLineupParam	4	mtrlId	UNKNOWN
ShopLineupParam	5	eventFlag_forStock	UNKNOWN
ShopLineupParam	6	eventFlag_forRelease	UNKNOWN
ShopLineupParam	7	sellQuantity	UNKNOWN
ShopLineupParam	8	pad3	UNKNOWN
ShopLineupParam	9	equipType	UNKNOWN
ShopLineupParam	10	costType	UNKNOWN
ShopLineupParam	11	pad1	UNKNOWN
ShopLineupParam	12	setNum	UNKNOWN
ShopLineupParam	13	value_Add	UNKNOWN
ShopLineupParam	14	value_Magnification	UNKNOWN
ShopLineupParam	15	iconId	UNKNOWN
ShopLineupParam	16	nameMsgId	UNKNOWN
ShopLineupParam	17	menuTitleMsgId	UNKNOWN
ShopLineupParam	18	menuIconId	UNKNOWN
ShopLineupParam	19	pad2	UNKNOWN
ShopLineupParam	20		UNKNOWN
ShopLineupParam_Recipe	0	ID	UNKNOWN
ShopLineupParam_Recipe	1	Name	UNKNOWN
ShopLineupParam_Recipe	2	equipId	UNKNOWN
ShopLineupParam_Recipe	3	value	UNKNOWN
ShopLineupParam_Recipe	4	mtrlId	UNKNOWN
ShopLineupParam_Recipe	5	eventFlag_forStock	UNKNOWN
ShopLineupParam_Recipe	6	eventFlag_forRelease	UNKNOWN
ShopLineupParam_Recipe	7	sellQuantity	UNKNOWN
ShopLineupParam_Recipe	8	pad3	UNKNOWN
ShopLineupParam_Recipe	9	equipType	UNKNOWN
ShopLineupParam_Recipe	10	costType	UNKNOWN
ShopLineupParam_Recipe	11	pad1	UNKNOWN
ShopLineupParam_Recipe	12	setNum	UNKNOWN
ShopLineupParam_Recipe	13	value_Add	UNKNOWN
ShopLineupParam_Recipe	14	value_Magnification	UNKNOWN
ShopLineupParam_Recipe	15	iconId	UNKNOWN
ShopLineupParam_Recipe	16	nameMsgId	UNKNOWN
ShopLineupParam_Recipe	17	menuTitleMsgId	UNKNOWN
ShopLineupParam_Recipe	18	menuIconId	UNKNOWN
ShopLineupParam_Recipe	19	pad2	UNKNOWN
ShopLineupParam_Recipe	20		UNKNOWN
SignPuddleParam	0	ID	UNKNOWN
SignPuddleParam	1	Name	UNKNOWN
SignPuddleParam	2	disableParam_NT	UNKNOWN
SignPuddleParam	3	disableParamReserve1	UNKNOWN
SignPuddleParam	4	disableParamReserve2	UNKNOWN
SignPuddleParam	5	matchAreaId	UNKNOWN
SignPuddleParam	6	unknown_0x20	UNKNOWN
SignPuddleParam	7	unknown_0x24	UNKNOWN
SignPuddleParam	8	areaNo	UNKNOWN
SignPuddleParam	9	gridXNo	UNKNOWN
SignPuddleParam	10	gridZNo	UNKNOWN
SignPuddleParam	11	pad3	UNKNOWN
SignPuddleParam	12	posX	UNKNOWN
SignPuddleParam	13	posY	UNKNOWN
SignPuddleParam	14	posZ	UNKNOWN
SignPuddleParam	15	signSubCategoryId	UNKNOWN
SignPuddleParam	16	locationTextId	UNKNOWN
SignPuddleParam	17	sortId	UNKNOWN
SignPuddleParam	18	endPad	UNKNOWN
SignPuddleParam	19		UNKNOWN
SignPuddleSubCategoryParam	0	ID	UNKNOWN
SignPuddleSubCategoryParam	1	Name	UNKNOWN
SignPuddleSubCategoryParam	2	startPad	UNKNOWN
SignPuddleSubCategoryParam	3	signPuddleCategoryText	UNKNOWN
SignPuddleSubCategoryParam	4	signPuddleTabId	UNKNOWN
SignPuddleSubCategoryParam	5	unknown_0xa	UNKNOWN
SignPuddleSubCategoryParam	6	endPad	UNKNOWN
SignPuddleSubCategoryParam	7		UNKNOWN
SignPuddleTabParam	0	ID	UNKNOWN
SignPuddleTabParam	1	Name	UNKNOWN
SignPuddleTabParam	2	isDlcTab	UNKNOWN
SignPuddleTabParam	3	tabTextId	UNKNOWN
SignPuddleTabParam	4	unknown_0x8	UNKNOWN
SignPuddleTabParam	5	unknown_0xc	UNKNOWN
SignPuddleTabParam	6		UNKNOWN
SoundAssetSoundObjEnableDistParam	0	ID	UNKNOWN
SoundAssetSoundObjEnableDistParam	1	Name	UNKNOWN
SoundAssetSoundObjEnableDistParam	2	SoundObjEnableDist	UNKNOWN
SoundAssetSoundObjEnableDistParam	3		UNKNOWN
SoundAutoEnvSoundGroupParam	0	ID	UNKNOWN
SoundAutoEnvSoundGroupParam	1	Name	UNKNOWN
SoundAutoEnvSoundGroupParam	2	SoundNo	UNKNOWN
SoundAutoEnvSoundGroupParam	3	ExpandRange	UNKNOWN
SoundAutoEnvSoundGroupParam	4	FollowSpeed	UNKNOWN
SoundAutoEnvSoundGroupParam	5	FollowRate	UNKNOWN
SoundAutoEnvSoundGroupParam	6		UNKNOWN
SoundAutoReverbEvaluationDistParam	0	ID	UNKNOWN
SoundAutoReverbEvaluationDistParam	1	Name	UNKNOWN
SoundAutoReverbEvaluationDistParam	2	NoHitDist	UNKNOWN
SoundAutoReverbEvaluationDistParam	3	isCollectNoHitPoint	UNKNOWN
SoundAutoReverbEvaluationDistParam	4	isCollectOutdoorPoint	UNKNOWN
SoundAutoReverbEvaluationDistParam	5	isCollectFloorPoint	UNKNOWN
SoundAutoReverbEvaluationDistParam	6	distValCalcType	UNKNOWN
SoundAutoReverbEvaluationDistParam	7	enableLifeTime	UNKNOWN
SoundAutoReverbEvaluationDistParam	8	maxDistRecordNum	UNKNOWN
SoundAutoReverbEvaluationDistParam	9	ignoreDistNumForMax	UNKNOWN
SoundAutoReverbEvaluationDistParam	10		UNKNOWN
SoundAutoReverbSelectParam	0	ID	UNKNOWN
SoundAutoReverbSelectParam	1	Name	UNKNOWN
SoundAutoReverbSelectParam	2	reverbType	UNKNOWN
SoundAutoReverbSelectParam	3	AreaNo	UNKNOWN
SoundAutoReverbSelectParam	4	IndoorOutdoor	UNKNOWN
SoundAutoReverbSelectParam	5	useDistNoA	UNKNOWN
SoundAutoReverbSelectParam	6	useDistNoB	UNKNOWN
SoundAutoReverbSelectParam	7	pad0	UNKNOWN
SoundAutoReverbSelectParam	8	DistMinA	UNKNOWN
SoundAutoReverbSelectParam	9	DistMaxA	UNKNOWN
SoundAutoReverbSelectParam	10	DistMinB	UNKNOWN
SoundAutoReverbSelectParam	11	DistMaxB	UNKNOWN
SoundAutoReverbSelectParam	12	NoHitNumMin	UNKNOWN
SoundAutoReverbSelectParam	13		UNKNOWN
SoundChrPhysicsSeParam	0	ID	UNKNOWN
SoundChrPhysicsSeParam	1	Name	UNKNOWN
SoundChrPhysicsSeParam	2	disableParam_NT	UNKNOWN
SoundChrPhysicsSeParam	3	disableParamReserve1	UNKNOWN
SoundChrPhysicsSeParam	4	disableParamReserve2	UNKNOWN
SoundChrPhysicsSeParam	5	ContactLandSeId	UNKNOWN
SoundChrPhysicsSeParam	6	ContactLandAddSeId	UNKNOWN
SoundChrPhysicsSeParam	7	ContactLandPlayNum	UNKNOWN
SoundChrPhysicsSeParam	8	IsEnablePlayCountPerRigid	UNKNOWN
SoundChrPhysicsSeParam	9	pad	UNKNOWN
SoundChrPhysicsSeParam	10	ContactLandMinImpuse	UNKNOWN
SoundChrPhysicsSeParam	11	ContactLandMinSpeed	UNKNOWN
SoundChrPhysicsSeParam	12	ContactPlayerSeId	UNKNOWN
SoundChrPhysicsSeParam	13	ContactPlayerMinImpuse	UNKNOWN
SoundChrPhysicsSeParam	14	ContactPlayerMinSpeed	UNKNOWN
SoundChrPhysicsSeParam	15	ContactCheckRigidIdx0	UNKNOWN
SoundChrPhysicsSeParam	16	ContactCheckRigidIdx1	UNKNOWN
SoundChrPhysicsSeParam	17	ContactCheckRigidIdx2	UNKNOWN
SoundChrPhysicsSeParam	18	ContactCheckRigidIdx3	UNKNOWN
SoundChrPhysicsSeParam	19	ContactCheckRigidIdx4	UNKNOWN
SoundChrPhysicsSeParam	20	ContactCheckRigidIdx5	UNKNOWN
SoundChrPhysicsSeParam	21	ContactCheckRigidIdx6	UNKNOWN
SoundChrPhysicsSeParam	22	ContactCheckRigidIdx7	UNKNOWN
SoundChrPhysicsSeParam	23	ContactCheckRigidIdx8	UNKNOWN
SoundChrPhysicsSeParam	24	ContactCheckRigidIdx9	UNKNOWN
SoundChrPhysicsSeParam	25	ContactCheckRigidIdx10	UNKNOWN
SoundChrPhysicsSeParam	26	ContactCheckRigidIdx11	UNKNOWN
SoundChrPhysicsSeParam	27	ContactCheckRigidIdx12	UNKNOWN
SoundChrPhysicsSeParam	28	ContactCheckRigidIdx13	UNKNOWN
SoundChrPhysicsSeParam	29	ContactCheckRigidIdx14	UNKNOWN
SoundChrPhysicsSeParam	30	ContactCheckRigidIdx15	UNKNOWN
SoundChrPhysicsSeParam	31		UNKNOWN
SoundCommonIngameParam	0	ID	UNKNOWN
SoundCommonIngameParam	1	Name	UNKNOWN
SoundCommonIngameParam	2	ParamKeyStr	UNKNOWN
SoundCommonIngameParam	3	ParamValueStr	UNKNOWN
SoundCommonIngameParam	4		UNKNOWN
SoundCommonSystemParam	0	ID	UNKNOWN
SoundCommonSystemParam	1	Name	UNKNOWN
SoundCommonSystemParam	2	ParamKeyStr	UNKNOWN
SoundCommonSystemParam	3	ParamValueStr	UNKNOWN
SoundCommonSystemParam	4		UNKNOWN
SoundCutsceneParam	0	ID	UNKNOWN
SoundCutsceneParam	1	Name	UNKNOWN
SoundCutsceneParam	2	disableParam_NT	UNKNOWN
SoundCutsceneParam	3	disableParamReserve1	UNKNOWN
SoundCutsceneParam	4	disableParamReserve2	UNKNOWN
SoundCutsceneParam	5	ReverbType	UNKNOWN
SoundCutsceneParam	6	pad0	UNKNOWN
SoundCutsceneParam	7	BgmBehaviorTypeOnStart	UNKNOWN
SoundCutsceneParam	8	OneShotBgmBehaviorOnStart	UNKNOWN
SoundCutsceneParam	9	PostPlaySeId	UNKNOWN
SoundCutsceneParam	10	PostPlaySeIdForSkip	UNKNOWN
SoundCutsceneParam	11	EnterMapMuteStopTimeOnDrawCutscene	UNKNOWN
SoundCutsceneParam	12	unknown_0x18	UNKNOWN
SoundCutsceneParam	13	unknown_0x19	UNKNOWN
SoundCutsceneParam	14	unknown_0x1a	UNKNOWN
SoundCutsceneParam	15	unknown_0x1b	UNKNOWN
SoundCutsceneParam	16	reserved	UNKNOWN
SoundCutsceneParam	17	reserved2	UNKNOWN
SoundCutsceneParam	18		UNKNOWN
SpeedtreeParam	0	ID	UNKNOWN
SpeedtreeParam	1	Name	UNKNOWN
SpeedtreeParam	2	MinFadeLeaf	UNKNOWN
SpeedtreeParam	3	MinFadeFrond	UNKNOWN
SpeedtreeParam	4	MinFadeBranch	UNKNOWN
SpeedtreeParam	5	MinTranslucencyLeaf	UNKNOWN
SpeedtreeParam	6	MaxTranslucencyLeaf	UNKNOWN
SpeedtreeParam	7	MinTranslucencyFrond	UNKNOWN
SpeedtreeParam	8	MaxTranslucencyFrond	UNKNOWN
SpeedtreeParam	9	MinTranslucencyBranch	UNKNOWN
SpeedtreeParam	10	MaxTranslucencyBranch	UNKNOWN
SpeedtreeParam	11	BillboardBackSpecularWeakenParam	UNKNOWN
SpeedtreeParam	12		UNKNOWN
SpEffectParam	0	ID	UNKNOWN
SpEffectParam	1	Name	UNKNOWN
SpEffectParam	2	iconId	UNKNOWN
SpEffectParam	3	conditionHp	UNKNOWN
SpEffectParam	4	effectEndurance	UNKNOWN
SpEffectParam	5	motionInterval	UNKNOWN
SpEffectParam	6	maxHpRate	UNKNOWN
SpEffectParam	7	maxMpRate	UNKNOWN
SpEffectParam	8	maxStaminaRate	UNKNOWN
SpEffectParam	9	slashDamageCutRate	UNKNOWN
SpEffectParam	10	blowDamageCutRate	UNKNOWN
SpEffectParam	11	thrustDamageCutRate	UNKNOWN
SpEffectParam	12	neutralDamageCutRate	UNKNOWN
SpEffectParam	13	magicDamageCutRate	UNKNOWN
SpEffectParam	14	fireDamageCutRate	UNKNOWN
SpEffectParam	15	thunderDamageCutRate	UNKNOWN
SpEffectParam	16	physicsAttackRate	UNKNOWN
SpEffectParam	17	magicAttackRate	UNKNOWN
SpEffectParam	18	fireAttackRate	UNKNOWN
SpEffectParam	19	thunderAttackRate	UNKNOWN
SpEffectParam	20	physicsAttackPowerRate	UNKNOWN
SpEffectParam	21	magicAttackPowerRate	UNKNOWN
SpEffectParam	22	fireAttackPowerRate	UNKNOWN
SpEffectParam	23	thunderAttackPowerRate	UNKNOWN
SpEffectParam	24	physicsAttackPower	UNKNOWN
SpEffectParam	25	magicAttackPower	UNKNOWN
SpEffectParam	26	fireAttackPower	UNKNOWN
SpEffectParam	27	thunderAttackPower	UNKNOWN
SpEffectParam	28	physicsDiffenceRate	UNKNOWN
SpEffectParam	29	magicDiffenceRate	UNKNOWN
SpEffectParam	30	fireDiffenceRate	UNKNOWN
SpEffectParam	31	thunderDiffenceRate	UNKNOWN
SpEffectParam	32	physicsDiffence	UNKNOWN
SpEffectParam	33	magicDiffence	UNKNOWN
SpEffectParam	34	fireDiffence	UNKNOWN
SpEffectParam	35	thunderDiffence	UNKNOWN
SpEffectParam	36	NoGuardDamageRate	UNKNOWN
SpEffectParam	37	vitalSpotChangeRate	UNKNOWN
SpEffectParam	38	normalSpotChangeRate	UNKNOWN
SpEffectParam	39	lookAtTargetPosOffset	UNKNOWN
SpEffectParam	40	behaviorId	UNKNOWN
SpEffectParam	41	changeHpRate	UNKNOWN
SpEffectParam	42	changeHpPoint	UNKNOWN
SpEffectParam	43	changeMpRate	UNKNOWN
SpEffectParam	44	changeMpPoint	UNKNOWN
SpEffectParam	45	mpRecoverChangeSpeed	UNKNOWN
SpEffectParam	46	changeStaminaRate	UNKNOWN
SpEffectParam	47	changeStaminaPoint	UNKNOWN
SpEffectParam	48	staminaRecoverChangeSpeed	UNKNOWN
SpEffectParam	49	magicEffectTimeChange	UNKNOWN
SpEffectParam	50	insideDurability	UNKNOWN
SpEffectParam	51	maxDurability	UNKNOWN
SpEffectParam	52	staminaAttackRate	UNKNOWN
SpEffectParam	53	poizonAttackPower	UNKNOWN
SpEffectParam	54	diseaseAttackPower	UNKNOWN
SpEffectParam	55	bloodAttackPower	UNKNOWN
SpEffectParam	56	curseAttackPower	UNKNOWN
SpEffectParam	57	fallDamageRate	UNKNOWN
SpEffectParam	58	soulRate	UNKNOWN
SpEffectParam	59	equipWeightChangeRate	UNKNOWN
SpEffectParam	60	allItemWeightChangeRate	UNKNOWN
SpEffectParam	61	soul	UNKNOWN
SpEffectParam	62	animIdOffset	UNKNOWN
SpEffectParam	63	haveSoulRate	UNKNOWN
SpEffectParam	64	targetPriority	UNKNOWN
SpEffectParam	65	sightSearchEnemyRate	UNKNOWN
SpEffectParam	66	hearingSearchEnemyRate	UNKNOWN
SpEffectParam	67	grabityRate	UNKNOWN
SpEffectParam	68	registPoizonChangeRate	UNKNOWN
SpEffectParam	69	registDiseaseChangeRate	UNKNOWN
SpEffectParam	70	registBloodChangeRate	UNKNOWN
SpEffectParam	71	registCurseChangeRate	UNKNOWN
SpEffectParam	72	soulStealRate	UNKNOWN
SpEffectParam	73	lifeReductionRate	UNKNOWN
SpEffectParam	74	hpRecoverRate	UNKNOWN
SpEffectParam	75	replaceSpEffectId	UNKNOWN
SpEffectParam	76	cycleOccurrenceSpEffectId	UNKNOWN
SpEffectParam	77	atkOccurrenceSpEffectId	UNKNOWN
SpEffectParam	78	guardDefFlickPowerRate	UNKNOWN
SpEffectParam	79	guardStaminaCutRate	UNKNOWN
SpEffectParam	80	rayCastPassedTime	UNKNOWN
SpEffectParam	81	magicSubCategoryChange1	UNKNOWN
SpEffectParam	82	magicSubCategoryChange2	UNKNOWN
SpEffectParam	83	bowDistRate	UNKNOWN
SpEffectParam	84	spCategory	UNKNOWN
SpEffectParam	85	categoryPriority	UNKNOWN
SpEffectParam	86	saveCategory	UNKNOWN
SpEffectParam	87	changeMagicSlot	UNKNOWN
SpEffectParam	88	changeMiracleSlot	UNKNOWN
SpEffectParam	89	heroPointDamage	UNKNOWN
SpEffectParam	90	defFlickPower	UNKNOWN
SpEffectParam	91	flickDamageCutRate	UNKNOWN
SpEffectParam	92	bloodDamageRate	UNKNOWN
SpEffectParam	93	dmgLv_None	UNKNOWN
SpEffectParam	94	dmgLv_S	UNKNOWN
SpEffectParam	95	dmgLv_M	UNKNOWN
SpEffectParam	96	dmgLv_L	UNKNOWN
SpEffectParam	97	dmgLv_BlowM	UNKNOWN
SpEffectParam	98	dmgLv_Push	UNKNOWN
SpEffectParam	99	dmgLv_Strike	UNKNOWN
SpEffectParam	100	dmgLv_BlowS	UNKNOWN
SpEffectParam	101	dmgLv_Min	UNKNOWN
SpEffectParam	102	dmgLv_Uppercut	UNKNOWN
SpEffectParam	103	dmgLv_BlowLL	UNKNOWN
SpEffectParam	104	dmgLv_Breath	UNKNOWN
SpEffectParam	105	atkAttribute	UNKNOWN
SpEffectParam	106	spAttribute	UNKNOWN
SpEffectParam	107	stateInfo	UNKNOWN
SpEffectParam	108	wepParamChange	UNKNOWN
SpEffectParam	109	moveType	UNKNOWN
SpEffectParam	110	lifeReductionType	UNKNOWN
SpEffectParam	111	throwCondition	UNKNOWN
SpEffectParam	112	addBehaviorJudgeId_condition	UNKNOWN
SpEffectParam	113	freezeDamageRate	UNKNOWN
SpEffectParam	114	effectTargetSelf	UNKNOWN
SpEffectParam	115	effectTargetFriend	UNKNOWN
SpEffectParam	116	effectTargetEnemy	UNKNOWN
SpEffectParam	117	effectTargetPlayer	UNKNOWN
SpEffectParam	118	effectTargetAI	UNKNOWN
SpEffectParam	119	effectTargetLive	UNKNOWN
SpEffectParam	120	effectTargetGhost	UNKNOWN
SpEffectParam	121	disableSleep	UNKNOWN
SpEffectParam	122	disableMadness	UNKNOWN
SpEffectParam	123	effectTargetAttacker	UNKNOWN
SpEffectParam	124	dispIconNonactive	UNKNOWN
SpEffectParam	125	regainGaugeDamage	UNKNOWN
SpEffectParam	126	bAdjustMagicAblity	UNKNOWN
SpEffectParam	127	bAdjustFaithAblity	UNKNOWN
SpEffectParam	128	bGameClearBonus	UNKNOWN
SpEffectParam	129	magParamChange	UNKNOWN
SpEffectParam	130	miracleParamChange	UNKNOWN
SpEffectParam	131	clearSoul	UNKNOWN
SpEffectParam	132	requestSOS	UNKNOWN
SpEffectParam	133	requestBlackSOS	UNKNOWN
SpEffectParam	134	requestForceJoinBlackSOS	UNKNOWN
SpEffectParam	135	requestKickSession	UNKNOWN
SpEffectParam	136	requestLeaveSession	UNKNOWN
SpEffectParam	137	requestNpcInveda	UNKNOWN
SpEffectParam	138	noDead	UNKNOWN
SpEffectParam	139	bCurrHPIndependeMaxHP	UNKNOWN
SpEffectParam	140	corrosionIgnore	UNKNOWN
SpEffectParam	141	sightSearchCutIgnore	UNKNOWN
SpEffectParam	142	hearingSearchCutIgnore	UNKNOWN
SpEffectParam	143	antiMagicIgnore	UNKNOWN
SpEffectParam	144	fakeTargetIgnore	UNKNOWN
SpEffectParam	145	fakeTargetIgnoreUndead	UNKNOWN
SpEffectParam	146	fakeTargetIgnoreAnimal	UNKNOWN
SpEffectParam	147	grabityIgnore	UNKNOWN
SpEffectParam	148	disablePoison	UNKNOWN
SpEffectParam	149	disableDisease	UNKNOWN
SpEffectParam	150	disableBlood	UNKNOWN
SpEffectParam	151	disableCurse	UNKNOWN
SpEffectParam	152	enableCharm	UNKNOWN
SpEffectParam	153	enableLifeTime	UNKNOWN
SpEffectParam	154	bAdjustStrengthAblity	UNKNOWN
SpEffectParam	155	bAdjustAgilityAblity	UNKNOWN
SpEffectParam	156	eraseOnBonfireRecover	UNKNOWN
SpEffectParam	157	throwAttackParamChange	UNKNOWN
SpEffectParam	158	requestLeaveColiseumSession	UNKNOWN
SpEffectParam	159	isExtendSpEffectLife	UNKNOWN
SpEffectParam	160	hasTarget	UNKNOWN
SpEffectParam	161	replanningOnFire	UNKNOWN
SpEffectParam	162	vowType0	UNKNOWN
SpEffectParam	163	vowType1	UNKNOWN
SpEffectParam	164	vowType2	UNKNOWN
SpEffectParam	165	vowType3	UNKNOWN
SpEffectParam	166	vowType4	UNKNOWN
SpEffectParam	167	vowType5	UNKNOWN
SpEffectParam	168	vowType6	UNKNOWN
SpEffectParam	169	vowType7	UNKNOWN
SpEffectParam	170	vowType8	UNKNOWN
SpEffectParam	171	vowType9	UNKNOWN
SpEffectParam	172	vowType10	UNKNOWN
SpEffectParam	173	vowType11	UNKNOWN
SpEffectParam	174	vowType12	UNKNOWN
SpEffectParam	175	vowType13	UNKNOWN
SpEffectParam	176	vowType14	UNKNOWN
SpEffectParam	177	vowType15	UNKNOWN
SpEffectParam	178	repAtkDmgLv	UNKNOWN
SpEffectParam	179	sightSearchRate	UNKNOWN
SpEffectParam	180	effectTargetOpposeTarget	UNKNOWN
SpEffectParam	181	effectTargetFriendlyTarget	UNKNOWN
SpEffectParam	182	effectTargetSelfTarget	UNKNOWN
SpEffectParam	183	effectTargetPcHorse	UNKNOWN
SpEffectParam	184	effectTargetPcDeceased	UNKNOWN
SpEffectParam	185	isContractSpEffectLife	UNKNOWN
SpEffectParam	186	isWaitModeDelete	UNKNOWN
SpEffectParam	187	isIgnoreNoDamage	UNKNOWN
SpEffectParam	188	changeTeamType	UNKNOWN
SpEffectParam	189	dmypolyId	UNKNOWN
SpEffectParam	190	vfxId	UNKNOWN
SpEffectParam	191	accumuOverFireId	UNKNOWN
SpEffectParam	192	accumuOverVal	UNKNOWN
SpEffectParam	193	accumuUnderFireId	UNKNOWN
SpEffectParam	194	accumuUnderVal	UNKNOWN
SpEffectParam	195	accumuVal	UNKNOWN
SpEffectParam	196	eye_angX	UNKNOWN
SpEffectParam	197	eye_angY	UNKNOWN
SpEffectParam	198	addDeceasedLv	UNKNOWN
SpEffectParam	199	vfxId1	UNKNOWN
SpEffectParam	200	vfxId2	UNKNOWN
SpEffectParam	201	vfxId3	UNKNOWN
SpEffectParam	202	vfxId4	UNKNOWN
SpEffectParam	203	vfxId5	UNKNOWN
SpEffectParam	204	vfxId6	UNKNOWN
SpEffectParam	205	vfxId7	UNKNOWN
SpEffectParam	206	freezeAttackPower	UNKNOWN
SpEffectParam	207	AppearAiSoundId	UNKNOWN
SpEffectParam	208	addFootEffectSfxId	UNKNOWN
SpEffectParam	209	dexterityCancelSystemOnlyAddDexterity	UNKNOWN
SpEffectParam	210	teamOffenseEffectivity	UNKNOWN
SpEffectParam	211	toughnessDamageCutRate	UNKNOWN
SpEffectParam	212	weakDmgRateA	UNKNOWN
SpEffectParam	213	weakDmgRateB	UNKNOWN
SpEffectParam	214	weakDmgRateC	UNKNOWN
SpEffectParam	215	weakDmgRateD	UNKNOWN
SpEffectParam	216	weakDmgRateE	UNKNOWN
SpEffectParam	217	weakDmgRateF	UNKNOWN
SpEffectParam	218	darkDamageCutRate	UNKNOWN
SpEffectParam	219	darkDiffenceRate	UNKNOWN
SpEffectParam	220	darkDiffence	UNKNOWN
SpEffectParam	221	darkAttackRate	UNKNOWN
SpEffectParam	222	darkAttackPowerRate	UNKNOWN
SpEffectParam	223	darkAttackPower	UNKNOWN
SpEffectParam	224	antiDarkSightRadius	UNKNOWN
SpEffectParam	225	antiDarkSightDmypolyId	UNKNOWN
SpEffectParam	226	conditionHpRate	UNKNOWN
SpEffectParam	227	consumeStaminaRate	UNKNOWN
SpEffectParam	228	itemDropRate	UNKNOWN
SpEffectParam	229	changePoisonResistPoint	UNKNOWN
SpEffectParam	230	changeDiseaseResistPoint	UNKNOWN
SpEffectParam	231	changeBloodResistPoint	UNKNOWN
SpEffectParam	232	changeCurseResistPoint	UNKNOWN
SpEffectParam	233	changeFreezeResistPoint	UNKNOWN
SpEffectParam	234	slashAttackRate	UNKNOWN
SpEffectParam	235	blowAttackRate	UNKNOWN
SpEffectParam	236	thrustAttackRate	UNKNOWN
SpEffectParam	237	neutralAttackRate	UNKNOWN
SpEffectParam	238	slashAttackPowerRate	UNKNOWN
SpEffectParam	239	blowAttackPowerRate	UNKNOWN
SpEffectParam	240	thrustAttackPowerRate	UNKNOWN
SpEffectParam	241	neutralAttackPowerRate	UNKNOWN
SpEffectParam	242	slashAttackPower	UNKNOWN
SpEffectParam	243	blowAttackPower	UNKNOWN
SpEffectParam	244	thrustAttackPower	UNKNOWN
SpEffectParam	245	neutralAttackPower	UNKNOWN
SpEffectParam	246	changeStrengthPoint	UNKNOWN
SpEffectParam	247	changeAgilityPoint	UNKNOWN
SpEffectParam	248	changeMagicPoint	UNKNOWN
SpEffectParam	249	changeFaithPoint	UNKNOWN
SpEffectParam	250	changeLuckPoint	UNKNOWN
SpEffectParam	251	recoverArtsPoint_Str	UNKNOWN
SpEffectParam	252	recoverArtsPoint_Dex	UNKNOWN
SpEffectParam	253	recoverArtsPoint_Magic	UNKNOWN
SpEffectParam	254	recoverArtsPoint_Miracle	UNKNOWN
SpEffectParam	255	madnessDamageRate	UNKNOWN
SpEffectParam	256	isUseStatusAilmentAtkPowerCorrect	UNKNOWN
SpEffectParam	257	isUseAtkParamAtkPowerCorrect	UNKNOWN
SpEffectParam	258	dontDeleteOnDead	UNKNOWN
SpEffectParam	259	disableFreeze	UNKNOWN
SpEffectParam	260	isDisableNetSync	UNKNOWN
SpEffectParam	261	shamanParamChange	UNKNOWN
SpEffectParam	262	isStopSearchedNotify	UNKNOWN
SpEffectParam	263	isCheckAboveShadowTest	UNKNOWN
SpEffectParam	264	addBehaviorJudgeId_add	UNKNOWN
SpEffectParam	265	saReceiveDamageRate	UNKNOWN
SpEffectParam	266	defPlayerDmgCorrectRate_Physics	UNKNOWN
SpEffectParam	267	defPlayerDmgCorrectRate_Magic	UNKNOWN
SpEffectParam	268	defPlayerDmgCorrectRate_Fire	UNKNOWN
SpEffectParam	269	defPlayerDmgCorrectRate_Thunder	UNKNOWN
SpEffectParam	270	defPlayerDmgCorrectRate_Dark	UNKNOWN
SpEffectParam	271	defEnemyDmgCorrectRate_Physics	UNKNOWN
SpEffectParam	272	defEnemyDmgCorrectRate_Magic	UNKNOWN
SpEffectParam	273	defEnemyDmgCorrectRate_Fire	UNKNOWN
SpEffectParam	274	defEnemyDmgCorrectRate_Thunder	UNKNOWN
SpEffectParam	275	defEnemyDmgCorrectRate_Dark	UNKNOWN
SpEffectParam	276	defObjDmgCorrectRate	UNKNOWN
SpEffectParam	277	atkPlayerDmgCorrectRate_Physics	UNKNOWN
SpEffectParam	278	atkPlayerDmgCorrectRate_Magic	UNKNOWN
SpEffectParam	279	atkPlayerDmgCorrectRate_Fire	UNKNOWN
SpEffectParam	280	atkPlayerDmgCorrectRate_Thunder	UNKNOWN
SpEffectParam	281	atkPlayerDmgCorrectRate_Dark	UNKNOWN
SpEffectParam	282	atkEnemyDmgCorrectRate_Physics	UNKNOWN
SpEffectParam	283	atkEnemyDmgCorrectRate_Magic	UNKNOWN
SpEffectParam	284	atkEnemyDmgCorrectRate_Fire	UNKNOWN
SpEffectParam	285	atkEnemyDmgCorrectRate_Thunder	UNKNOWN
SpEffectParam	286	atkEnemyDmgCorrectRate_Dark	UNKNOWN
SpEffectParam	287	registFreezeChangeRate	UNKNOWN
SpEffectParam	288	invocationConditionsStateChange1	UNKNOWN
SpEffectParam	289	invocationConditionsStateChange2	UNKNOWN
SpEffectParam	290	invocationConditionsStateChange3	UNKNOWN
SpEffectParam	291	hearingAiSoundLevel	UNKNOWN
SpEffectParam	292	chrProxyHeightRate	UNKNOWN
SpEffectParam	293	addAwarePointCorrectValue_forMe	UNKNOWN
SpEffectParam	294	addAwarePointCorrectValue_forTarget	UNKNOWN
SpEffectParam	295	sightSearchEnemyAdd	UNKNOWN
SpEffectParam	296	sightSearchAdd	UNKNOWN
SpEffectParam	297	hearingSearchAdd	UNKNOWN
SpEffectParam	298	hearingSearchRate	UNKNOWN
SpEffectParam	299	hearingSearchEnemyAdd	UNKNOWN
SpEffectParam	300	value_Magnification	UNKNOWN
SpEffectParam	301	artsConsumptionRate	UNKNOWN
SpEffectParam	302	magicConsumptionRate	UNKNOWN
SpEffectParam	303	shamanConsumptionRate	UNKNOWN
SpEffectParam	304	miracleConsumptionRate	UNKNOWN
SpEffectParam	305	changeHpEstusFlaskRate	UNKNOWN
SpEffectParam	306	changeHpEstusFlaskPoint	UNKNOWN
SpEffectParam	307	changeMpEstusFlaskRate	UNKNOWN
SpEffectParam	308	changeMpEstusFlaskPoint	UNKNOWN
SpEffectParam	309	changeHpEstusFlaskCorrectRate	UNKNOWN
SpEffectParam	310	changeMpEstusFlaskCorrectRate	UNKNOWN
SpEffectParam	311	applyIdOnGetSoul	UNKNOWN
SpEffectParam	312	extendLifeRate	UNKNOWN
SpEffectParam	313	contractLifeRate	UNKNOWN
SpEffectParam	314	defObjectAttackPowerRate	UNKNOWN
SpEffectParam	315	effectEndDeleteDecalGroupId	UNKNOWN
SpEffectParam	316	addLifeForceStatus	UNKNOWN
SpEffectParam	317	addWillpowerStatus	UNKNOWN
SpEffectParam	318	addEndureStatus	UNKNOWN
SpEffectParam	319	addVitalityStatus	UNKNOWN
SpEffectParam	320	addStrengthStatus	UNKNOWN
SpEffectParam	321	addDexterityStatus	UNKNOWN
SpEffectParam	322	addMagicStatus	UNKNOWN
SpEffectParam	323	addFaithStatus	UNKNOWN
SpEffectParam	324	addLuckStatus	UNKNOWN
SpEffectParam	325	deleteCriteriaDamage	UNKNOWN
SpEffectParam	326	magicSubCategoryChange3	UNKNOWN
SpEffectParam	327	spAttributeVariationValue	UNKNOWN
SpEffectParam	328	atkFlickPower	UNKNOWN
SpEffectParam	329	wetConditionDepth	UNKNOWN
SpEffectParam	330	changeSaRecoveryVelocity	UNKNOWN
SpEffectParam	331	regainRate	UNKNOWN
SpEffectParam	332	saAttackPowerRate	UNKNOWN
SpEffectParam	333	sleepAttackPower	UNKNOWN
SpEffectParam	334	madnessAttackPower	UNKNOWN
SpEffectParam	335	registSleepChangeRate	UNKNOWN
SpEffectParam	336	registMadnessChangeRate	UNKNOWN
SpEffectParam	337	changeSleepResistPoint	UNKNOWN
SpEffectParam	338	changeMadnessResistPoint	UNKNOWN
SpEffectParam	339	sleepDamageRate	UNKNOWN
SpEffectParam	340	applyPartsGroup	UNKNOWN
SpEffectParam	341	clearTarget	UNKNOWN
SpEffectParam	342	fakeTargetIgnoreAjin	UNKNOWN
SpEffectParam	343	fakeTargetIgnoreMirageArts	UNKNOWN
SpEffectParam	344	requestForceJoinBlackSOS_B	UNKNOWN
SpEffectParam	345	isDestinedDeathHpMult	UNKNOWN
SpEffectParam	346	isHpBurnEffect	UNKNOWN
SpEffectParam	347	unknown_0x352_6	UNKNOWN
SpEffectParam	348	unknown_0x352_7	UNKNOWN
SpEffectParam	349	unknown_0x353_0	UNKNOWN
SpEffectParam	350	unknown_0x353_1	UNKNOWN
SpEffectParam	351	unknown_0x353_2	UNKNOWN
SpEffectParam	352	unknown_0x353_3	UNKNOWN
SpEffectParam	353	unknown_0x353_4	UNKNOWN
SpEffectParam	354	unknown_0x353_5	UNKNOWN
SpEffectParam	355	changeSuperArmorPoint	UNKNOWN
SpEffectParam	356	changeSaPoint	UNKNOWN
SpEffectParam	357	hugeEnemyPickupHeightOverwrite	UNKNOWN
SpEffectParam	358	poisonDefDamageRate	UNKNOWN
SpEffectParam	359	diseaseDefDamageRate	UNKNOWN
SpEffectParam	360	bloodDefDamageRate	UNKNOWN
SpEffectParam	361	curseDefDamageRate	UNKNOWN
SpEffectParam	362	freezeDefDamageRate	UNKNOWN
SpEffectParam	363	sleepDefDamageRate	UNKNOWN
SpEffectParam	364	madnessDefDamageRate	UNKNOWN
SpEffectParam	365	overwrite_maxBackhomeDist	UNKNOWN
SpEffectParam	366	overwrite_backhomeDist	UNKNOWN
SpEffectParam	367	overwrite_backhomeBattleDist	UNKNOWN
SpEffectParam	368	overwrite_BackHome_LookTargetDist	UNKNOWN
SpEffectParam	369	goodsConsumptionRate	UNKNOWN
SpEffectParam	370	guardStaminaMult	UNKNOWN
SpEffectParam	371	spiritDeathSpEffectId	UNKNOWN
SpEffectParam	372		UNKNOWN
SpEffectSetParam	0	ID	UNKNOWN
SpEffectSetParam	1	Name	UNKNOWN
SpEffectSetParam	2	spEffectId1	UNKNOWN
SpEffectSetParam	3	spEffectId2	UNKNOWN
SpEffectSetParam	4	spEffectId3	UNKNOWN
SpEffectSetParam	5	spEffectId4	UNKNOWN
SpEffectSetParam	6		UNKNOWN
SpEffectVfxParam	0	ID	UNKNOWN
SpEffectVfxParam	1	Name	UNKNOWN
SpEffectVfxParam	2	midstSfxId	UNKNOWN
SpEffectVfxParam	3	midstSeId	UNKNOWN
SpEffectVfxParam	4	initSfxId	UNKNOWN
SpEffectVfxParam	5	initSeId	UNKNOWN
SpEffectVfxParam	6	finishSfxId	UNKNOWN
SpEffectVfxParam	7	finishSeId	UNKNOWN
SpEffectVfxParam	8	camouflageBeginDist	UNKNOWN
SpEffectVfxParam	9	camouflageEndDist	UNKNOWN
SpEffectVfxParam	10	transformProtectorId	UNKNOWN
SpEffectVfxParam	11	midstDmyId	UNKNOWN
SpEffectVfxParam	12	initDmyId	UNKNOWN
SpEffectVfxParam	13	finishDmyId	UNKNOWN
SpEffectVfxParam	14	effectType	UNKNOWN
SpEffectVfxParam	15	soulParamIdForWepEnchant	UNKNOWN
SpEffectVfxParam	16	playCategory	UNKNOWN
SpEffectVfxParam	17	playPriority	UNKNOWN
SpEffectVfxParam	18	existEffectForLarge	UNKNOWN
SpEffectVfxParam	19	existEffectForSoul	UNKNOWN
SpEffectVfxParam	20	effectInvisibleAtCamouflage	UNKNOWN
SpEffectVfxParam	21	useCamouflage	UNKNOWN
SpEffectVfxParam	22	invisibleAtFriendCamouflage	UNKNOWN
SpEffectVfxParam	23	isHideFootEffect_forCamouflage	UNKNOWN
SpEffectVfxParam	24	halfCamouflage	UNKNOWN
SpEffectVfxParam	25	isFullBodyTransformProtectorId	UNKNOWN
SpEffectVfxParam	26	isInvisibleWeapon	UNKNOWN
SpEffectVfxParam	27	isSilence	UNKNOWN
SpEffectVfxParam	28	isMidstFullbody	UNKNOWN
SpEffectVfxParam	29	isInitFullbody	UNKNOWN
SpEffectVfxParam	30	isFinishFullbody	UNKNOWN
SpEffectVfxParam	31	isVisibleDeadChr	UNKNOWN
SpEffectVfxParam	32	isUseOffsetEnchantSfxSize	UNKNOWN
SpEffectVfxParam	33	unknown_0x2f_7	UNKNOWN
SpEffectVfxParam	34	decalId1	UNKNOWN
SpEffectVfxParam	35	decalId2	UNKNOWN
SpEffectVfxParam	36	footEffectPriority	UNKNOWN
SpEffectVfxParam	37	footEffectOffset	UNKNOWN
SpEffectVfxParam	38	traceSfxIdOffsetType	UNKNOWN
SpEffectVfxParam	39	forceDeceasedType	UNKNOWN
SpEffectVfxParam	40	enchantStartDmyId_0	UNKNOWN
SpEffectVfxParam	41	enchantEndDmyId_0	UNKNOWN
SpEffectVfxParam	42	enchantStartDmyId_1	UNKNOWN
SpEffectVfxParam	43	enchantEndDmyId_1	UNKNOWN
SpEffectVfxParam	44	enchantStartDmyId_2	UNKNOWN
SpEffectVfxParam	45	enchantEndDmyId_2	UNKNOWN
SpEffectVfxParam	46	enchantStartDmyId_3	UNKNOWN
SpEffectVfxParam	47	enchantEndDmyId_3	UNKNOWN
SpEffectVfxParam	48	enchantStartDmyId_4	UNKNOWN
SpEffectVfxParam	49	enchantEndDmyId_4	UNKNOWN
SpEffectVfxParam	50	enchantStartDmyId_5	UNKNOWN
SpEffectVfxParam	51	enchantEndDmyId_5	UNKNOWN
SpEffectVfxParam	52	enchantStartDmyId_6	UNKNOWN
SpEffectVfxParam	53	enchantEndDmyId_6	UNKNOWN
SpEffectVfxParam	54	enchantStartDmyId_7	UNKNOWN
SpEffectVfxParam	55	enchantEndDmyId_7	UNKNOWN
SpEffectVfxParam	56	SfxIdOffsetType	UNKNOWN
SpEffectVfxParam	57	phantomParamOverwriteType	UNKNOWN
SpEffectVfxParam	58	camouflageMinAlpha	UNKNOWN
SpEffectVfxParam	59	wetAspectType	UNKNOWN
SpEffectVfxParam	60	phantomParamOverwriteId	UNKNOWN
SpEffectVfxParam	61	materialParamId	UNKNOWN
SpEffectVfxParam	62	materialParamInitValue	UNKNOWN
SpEffectVfxParam	63	materialParamTargetValue	UNKNOWN
SpEffectVfxParam	64	materialParamFadeTime	UNKNOWN
SpEffectVfxParam	65	footDecalMaterialOffsetOverwriteId	UNKNOWN
SpEffectVfxParam	66	unknown_0x96	UNKNOWN
SpEffectVfxParam	67	unknown_0x97	UNKNOWN
SpEffectVfxParam	68	unknown_0x98	UNKNOWN
SpEffectVfxParam	69	unknown_0x99	UNKNOWN
SpEffectVfxParam	70	unknown_0x9a	UNKNOWN
SpEffectVfxParam	71	pad	UNKNOWN
SpEffectVfxParam	72		UNKNOWN
SwordArtsParam	0	ID	UNKNOWN
SwordArtsParam	1	Name	UNKNOWN
SwordArtsParam	2	disableParam_NT	UNKNOWN
SwordArtsParam	3	disableParamReserve1	UNKNOWN
SwordArtsParam	4	disableParamReserve2	UNKNOWN
SwordArtsParam	5	swordArtsType	UNKNOWN
SwordArtsParam	6	artsSpeedType	UNKNOWN
SwordArtsParam	7	refStatus	UNKNOWN
SwordArtsParam	8	isRefRightArts	UNKNOWN
SwordArtsParam	9	isGrayoutLeftHand	UNKNOWN
SwordArtsParam	10	isGrayoutRightHand	UNKNOWN
SwordArtsParam	11	isGrayoutBothHand	UNKNOWN
SwordArtsParam	12	reserve2	UNKNOWN
SwordArtsParam	13	usePoint_L1	UNKNOWN
SwordArtsParam	14	usePoint_L2	UNKNOWN
SwordArtsParam	15	usePoint_R1	UNKNOWN
SwordArtsParam	16	usePoint_R2	UNKNOWN
SwordArtsParam	17	textId	UNKNOWN
SwordArtsParam	18	useMagicPoint_L1	UNKNOWN
SwordArtsParam	19	useMagicPoint_L2	UNKNOWN
SwordArtsParam	20	useMagicPoint_R1	UNKNOWN
SwordArtsParam	21	useMagicPoint_R2	UNKNOWN
SwordArtsParam	22	swordArtsTypeNew	UNKNOWN
SwordArtsParam	23	iconId	UNKNOWN
SwordArtsParam	24	aiUsageId	UNKNOWN
SwordArtsParam	25		UNKNOWN
TalkParam	0	ID	UNKNOWN
TalkParam	1	Name	UNKNOWN
TalkParam	2	disableParam_NT	UNKNOWN
TalkParam	3	disableParamReserve1	UNKNOWN
TalkParam	4	disableParamReserve2	UNKNOWN
TalkParam	5	msgId	UNKNOWN
TalkParam	6	voiceId	UNKNOWN
TalkParam	7	spEffectId0	UNKNOWN
TalkParam	8	motionId0	UNKNOWN
TalkParam	9	spEffectId1	UNKNOWN
TalkParam	10	motionId1	UNKNOWN
TalkParam	11	returnPos	UNKNOWN
TalkParam	12	reactionId	UNKNOWN
TalkParam	13	eventId	UNKNOWN
TalkParam	14	msgId_female	UNKNOWN
TalkParam	15	voiceId_female	UNKNOWN
TalkParam	16	lipSyncStart	UNKNOWN
TalkParam	17	lipSyncTime	UNKNOWN
TalkParam	18	pad2	UNKNOWN
TalkParam	19	timeout	UNKNOWN
TalkParam	20	talkAnimationId	UNKNOWN
TalkParam	21	isForceDisp	UNKNOWN
TalkParam	22	pad3	UNKNOWN
TalkParam	23	pad1	UNKNOWN
TalkParam	24		UNKNOWN
ThrowDirectionSfxParam	0	ID	UNKNOWN
ThrowDirectionSfxParam	1	Name	UNKNOWN
ThrowDirectionSfxParam	2	sfxId_00	UNKNOWN
ThrowDirectionSfxParam	3	sfxId_01	UNKNOWN
ThrowDirectionSfxParam	4	sfxId_02	UNKNOWN
ThrowDirectionSfxParam	5	sfxId_03	UNKNOWN
ThrowDirectionSfxParam	6	sfxId_04	UNKNOWN
ThrowDirectionSfxParam	7	sfxId_05	UNKNOWN
ThrowDirectionSfxParam	8	sfxId_06	UNKNOWN
ThrowDirectionSfxParam	9	sfxId_07	UNKNOWN
ThrowDirectionSfxParam	10	sfxId_08	UNKNOWN
ThrowDirectionSfxParam	11	sfxId_09	UNKNOWN
ThrowDirectionSfxParam	12	sfxId_10	UNKNOWN
ThrowDirectionSfxParam	13	sfxId_11	UNKNOWN
ThrowDirectionSfxParam	14	sfxId_12	UNKNOWN
ThrowDirectionSfxParam	15	sfxId_13	UNKNOWN
ThrowDirectionSfxParam	16	sfxId_14	UNKNOWN
ThrowDirectionSfxParam	17	sfxId_15	UNKNOWN
ThrowDirectionSfxParam	18	sfxId_16	UNKNOWN
ThrowDirectionSfxParam	19	sfxId_17	UNKNOWN
ThrowDirectionSfxParam	20	sfxId_18	UNKNOWN
ThrowDirectionSfxParam	21	sfxId_19	UNKNOWN
ThrowDirectionSfxParam	22	sfxId_20	UNKNOWN
ThrowDirectionSfxParam	23	sfxId_21	UNKNOWN
ThrowDirectionSfxParam	24	sfxId_22	UNKNOWN
ThrowDirectionSfxParam	25	sfxId_23	UNKNOWN
ThrowDirectionSfxParam	26	sfxId_24	UNKNOWN
ThrowDirectionSfxParam	27	sfxId_25	UNKNOWN
ThrowDirectionSfxParam	28	sfxId_26	UNKNOWN
ThrowDirectionSfxParam	29	sfxId_27	UNKNOWN
ThrowDirectionSfxParam	30	sfxId_28	UNKNOWN
ThrowDirectionSfxParam	31	sfxId_29	UNKNOWN
ThrowDirectionSfxParam	32	sfxId_30	UNKNOWN
ThrowDirectionSfxParam	33	pad1	UNKNOWN
ThrowDirectionSfxParam	34		UNKNOWN
ThrowParam	0	ID	UNKNOWN
ThrowParam	1	Name	UNKNOWN
ThrowParam	2	AtkChrId	UNKNOWN
ThrowParam	3	DefChrId	UNKNOWN
ThrowParam	4	Dist	UNKNOWN
ThrowParam	5	DiffAngMin	UNKNOWN
ThrowParam	6	DiffAngMax	UNKNOWN
ThrowParam	7	upperYRange	UNKNOWN
ThrowParam	8	lowerYRange	UNKNOWN
ThrowParam	9	diffAngMyToDef	UNKNOWN
ThrowParam	10	throwTypeId	UNKNOWN
ThrowParam	11	atkAnimId	UNKNOWN
ThrowParam	12	defAnimId	UNKNOWN
ThrowParam	13	escHp	UNKNOWN
ThrowParam	14	selfEscCycleTime	UNKNOWN
ThrowParam	15	sphereCastRadiusRateTop	UNKNOWN
ThrowParam	16	sphereCastRadiusRateLow	UNKNOWN
ThrowParam	17	PadType	UNKNOWN
ThrowParam	18	AtkEnableState	UNKNOWN
ThrowParam	19	throwFollowingType	UNKNOWN
ThrowParam	20	pad2	UNKNOWN
ThrowParam	21	throwType	UNKNOWN
ThrowParam	22	selfEscCycleCnt	UNKNOWN
ThrowParam	23	dmyHasChrDirType	UNKNOWN
ThrowParam	24	isTurnAtker	UNKNOWN
ThrowParam	25	isSkipWepCate	UNKNOWN
ThrowParam	26	isSkipSphereCast	UNKNOWN
ThrowParam	27	isEnableCorrectPos_forThrowAdjust	UNKNOWN
ThrowParam	28	isEnableThrowFollowingFallAssist	UNKNOWN
ThrowParam	29	isEnableThrowFollowingFeedback	UNKNOWN
ThrowParam	30	pad0	UNKNOWN
ThrowParam	31	atkSorbDmyId	UNKNOWN
ThrowParam	32	defSorbDmyId	UNKNOWN
ThrowParam	33	Dist_start	UNKNOWN
ThrowParam	34	DiffAngMin_start	UNKNOWN
ThrowParam	35	DiffAngMax_start	UNKNOWN
ThrowParam	36	upperYRange_start	UNKNOWN
ThrowParam	37	lowerYRange_start	UNKNOWN
ThrowParam	38	diffAngMyToDef_start	UNKNOWN
ThrowParam	39	judgeRangeBasePosDmyId1	UNKNOWN
ThrowParam	40	judgeRangeBasePosDmyId2	UNKNOWN
ThrowParam	41	adsrobModelPosInterpolationTime	UNKNOWN
ThrowParam	42	throwFollowingEndEasingTime	UNKNOWN
ThrowParam	43	pad1	UNKNOWN
ThrowParam	44		UNKNOWN
ToughnessParam	0	ID	UNKNOWN
ToughnessParam	1	Name	UNKNOWN
ToughnessParam	2	correctionRate	UNKNOWN
ToughnessParam	3	minToughness	UNKNOWN
ToughnessParam	4	isNonEffectiveCorrectionForMin	UNKNOWN
ToughnessParam	5	pad2	UNKNOWN
ToughnessParam	6	spEffectId	UNKNOWN
ToughnessParam	7	proCorrectionRate	UNKNOWN
ToughnessParam	8	unk1	UNKNOWN
ToughnessParam	9	unk2	UNKNOWN
ToughnessParam	10	pad1	UNKNOWN
ToughnessParam	11		UNKNOWN
TutorialParam	0	ID	UNKNOWN
TutorialParam	1	Name	UNKNOWN
TutorialParam	2	disableParam_NT	UNKNOWN
TutorialParam	3	disableParamReserve1	UNKNOWN
TutorialParam	4	disableParamReserve2	UNKNOWN
TutorialParam	5	menuType	UNKNOWN
TutorialParam	6	triggerType	UNKNOWN
TutorialParam	7	repeatType	UNKNOWN
TutorialParam	8	pad1	UNKNOWN
TutorialParam	9	imageId	UNKNOWN
TutorialParam	10	pad2	UNKNOWN
TutorialParam	11	unlockEventFlagId	UNKNOWN
TutorialParam	12	textId	UNKNOWN
TutorialParam	13	displayMinTime	UNKNOWN
TutorialParam	14	displayTime	UNKNOWN
TutorialParam	15	pad3	UNKNOWN
TutorialParam	16		UNKNOWN
WaypointParam	0	ID	UNKNOWN
WaypointParam	1	Name	UNKNOWN
WaypointParam	2	attribute1	UNKNOWN
WaypointParam	3	attribute2	UNKNOWN
WaypointParam	4	attribute3	UNKNOWN
WaypointParam	5	attribute4	UNKNOWN
WaypointParam	6	padding4	UNKNOWN
WaypointParam	7		UNKNOWN
WeatherAssetCreateParam	0	ID	UNKNOWN
WeatherAssetCreateParam	1	Name	UNKNOWN
WeatherAssetCreateParam	2	AssetId	UNKNOWN
WeatherAssetCreateParam	3	SlotNo	UNKNOWN
WeatherAssetCreateParam	4	CreateConditionType	UNKNOWN
WeatherAssetCreateParam	5	padding0	UNKNOWN
WeatherAssetCreateParam	6	TransitionSrcWeather	UNKNOWN
WeatherAssetCreateParam	7	TransitionDstWeather	UNKNOWN
WeatherAssetCreateParam	8	ElapsedTimeCheckweather	UNKNOWN
WeatherAssetCreateParam	9	padding1	UNKNOWN
WeatherAssetCreateParam	10	ElapsedTime	UNKNOWN
WeatherAssetCreateParam	11	CreateDelayTime	UNKNOWN
WeatherAssetCreateParam	12	CreateProbability	UNKNOWN
WeatherAssetCreateParam	13	LifeTime	UNKNOWN
WeatherAssetCreateParam	14	FadeTime	UNKNOWN
WeatherAssetCreateParam	15	EnableCreateTimeMin	UNKNOWN
WeatherAssetCreateParam	16	EnableCreateTimeMax	UNKNOWN
WeatherAssetCreateParam	17	CreatePoint0	UNKNOWN
WeatherAssetCreateParam	18	CreatePoint1	UNKNOWN
WeatherAssetCreateParam	19	CreatePoint2	UNKNOWN
WeatherAssetCreateParam	20	CreatePoint3	UNKNOWN
WeatherAssetCreateParam	21	CreateAssetLimitId0	UNKNOWN
WeatherAssetCreateParam	22	CreateAssetLimitId1	UNKNOWN
WeatherAssetCreateParam	23	CreateAssetLimitId2	UNKNOWN
WeatherAssetCreateParam	24	CreateAssetLimitId3	UNKNOWN
WeatherAssetCreateParam	25	Reserved2	UNKNOWN
WeatherAssetCreateParam	26		UNKNOWN
WeatherAssetReplaceParam	0	ID	UNKNOWN
WeatherAssetReplaceParam	1	Name	UNKNOWN
WeatherAssetReplaceParam	2	mapId	UNKNOWN
WeatherAssetReplaceParam	3	TransitionSrcWeather	UNKNOWN
WeatherAssetReplaceParam	4	padding0	UNKNOWN
WeatherAssetReplaceParam	5	isFireAsh	UNKNOWN
WeatherAssetReplaceParam	6	padding1	UNKNOWN
WeatherAssetReplaceParam	7	reserved2	UNKNOWN
WeatherAssetReplaceParam	8	AssetId0	UNKNOWN
WeatherAssetReplaceParam	9	AssetId1	UNKNOWN
WeatherAssetReplaceParam	10	AssetId2	UNKNOWN
WeatherAssetReplaceParam	11	AssetId3	UNKNOWN
WeatherAssetReplaceParam	12	AssetId4	UNKNOWN
WeatherAssetReplaceParam	13	AssetId5	UNKNOWN
WeatherAssetReplaceParam	14	AssetId6	UNKNOWN
WeatherAssetReplaceParam	15	AssetId7	UNKNOWN
WeatherAssetReplaceParam	16	reserved0	UNKNOWN
WeatherAssetReplaceParam	17	CreateAssetLimitId0	UNKNOWN
WeatherAssetReplaceParam	18	CreateAssetLimitId1	UNKNOWN
WeatherAssetReplaceParam	19	CreateAssetLimitId2	UNKNOWN
WeatherAssetReplaceParam	20	CreateAssetLimitId3	UNKNOWN
WeatherAssetReplaceParam	21	reserved1	UNKNOWN
WeatherAssetReplaceParam	22		UNKNOWN
WeatherLotParam	0	ID	UNKNOWN
WeatherLotParam	1	Name	UNKNOWN
WeatherLotParam	2	disableParam_NT	UNKNOWN
WeatherLotParam	3	disableParamReserve1	UNKNOWN
WeatherLotParam	4	disableParamReserve2	UNKNOWN
WeatherLotParam	5	weatherType0	UNKNOWN
WeatherLotParam	6	weatherType1	UNKNOWN
WeatherLotParam	7	weatherType2	UNKNOWN
WeatherLotParam	8	weatherType3	UNKNOWN
WeatherLotParam	9	weatherType4	UNKNOWN
WeatherLotParam	10	weatherType5	UNKNOWN
WeatherLotParam	11	weatherType6	UNKNOWN
WeatherLotParam	12	weatherType7	UNKNOWN
WeatherLotParam	13	weatherType8	UNKNOWN
WeatherLotParam	14	weatherType9	UNKNOWN
WeatherLotParam	15	weatherType10	UNKNOWN
WeatherLotParam	16	weatherType11	UNKNOWN
WeatherLotParam	17	weatherType12	UNKNOWN
WeatherLotParam	18	weatherType13	UNKNOWN
WeatherLotParam	19	weatherType14	UNKNOWN
WeatherLotParam	20	weatherType15	UNKNOWN
WeatherLotParam	21	lotteryWeight0	UNKNOWN
WeatherLotParam	22	lotteryWeight1	UNKNOWN
WeatherLotParam	23	lotteryWeight2	UNKNOWN
WeatherLotParam	24	lotteryWeight3	UNKNOWN
WeatherLotParam	25	lotteryWeight4	UNKNOWN
WeatherLotParam	26	lotteryWeight5	UNKNOWN
WeatherLotParam	27	lotteryWeight6	UNKNOWN
WeatherLotParam	28	lotteryWeight7	UNKNOWN
WeatherLotParam	29	lotteryWeight8	UNKNOWN
WeatherLotParam	30	lotteryWeight9	UNKNOWN
WeatherLotParam	31	lotteryWeight10	UNKNOWN
WeatherLotParam	32	lotteryWeight11	UNKNOWN
WeatherLotParam	33	lotteryWeight12	UNKNOWN
WeatherLotParam	34	lotteryWeight13	UNKNOWN
WeatherLotParam	35	lotteryWeight14	UNKNOWN
WeatherLotParam	36	lotteryWeight15	UNKNOWN
WeatherLotParam	37	timezoneLimit	UNKNOWN
WeatherLotParam	38	timezoneStartHour	UNKNOWN
WeatherLotParam	39	timezoneStartMinute	UNKNOWN
WeatherLotParam	40	timezoneEndHour	UNKNOWN
WeatherLotParam	41	timezoneEndMinute	UNKNOWN
WeatherLotParam	42	reserve	UNKNOWN
WeatherLotParam	43		UNKNOWN
WeatherLotTexParam	0	ID	UNKNOWN
WeatherLotTexParam	1	Name	UNKNOWN
WeatherLotTexParam	2	disableParam_NT	UNKNOWN
WeatherLotTexParam	3	disableParamReserve1	UNKNOWN
WeatherLotTexParam	4	disableParamReserve2	UNKNOWN
WeatherLotTexParam	5	srcR	UNKNOWN
WeatherLotTexParam	6	srcG	UNKNOWN
WeatherLotTexParam	7	srcB	UNKNOWN
WeatherLotTexParam	8	pad1	UNKNOWN
WeatherLotTexParam	9	weatherLogId	UNKNOWN
WeatherLotTexParam	10	pad2	UNKNOWN
WeatherLotTexParam	11		UNKNOWN
WeatherLotTexParam_m61	0	ID	UNKNOWN
WeatherLotTexParam_m61	1	Name	UNKNOWN
WeatherLotTexParam_m61	2	disableParam_NT	UNKNOWN
WeatherLotTexParam_m61	3	disableParamReserve1	UNKNOWN
WeatherLotTexParam_m61	4	disableParamReserve2	UNKNOWN
WeatherLotTexParam_m61	5	srcR	UNKNOWN
WeatherLotTexParam_m61	6	srcG	UNKNOWN
WeatherLotTexParam_m61	7	srcB	UNKNOWN
WeatherLotTexParam_m61	8	pad1	UNKNOWN
WeatherLotTexParam_m61	9	weatherLogId	UNKNOWN
WeatherLotTexParam_m61	10	unknown_0xc	UNKNOWN
WeatherLotTexParam_m61	11	unknown_0x10	UNKNOWN
WeatherLotTexParam_m61	12	unknown_0x14	UNKNOWN
WeatherLotTexParam_m61	13	unknown_0x18	UNKNOWN
WeatherLotTexParam_m61	14		UNKNOWN
WeatherParam	0	ID	UNKNOWN
WeatherParam	1	Name	UNKNOWN
WeatherParam	2	SfxId	UNKNOWN
WeatherParam	3	WindSfxId	UNKNOWN
WeatherParam	4	GroundHitSfxId	UNKNOWN
WeatherParam	5	SoundId	UNKNOWN
WeatherParam	6	WetTime	UNKNOWN
WeatherParam	7	GparamId	UNKNOWN
WeatherParam	8	NextLotIngameSecondsMin	UNKNOWN
WeatherParam	9	NextLotIngameSecondsMax	UNKNOWN
WeatherParam	10	WetSpEffectId00	UNKNOWN
WeatherParam	11	WetSpEffectId01	UNKNOWN
WeatherParam	12	WetSpEffectId02	UNKNOWN
WeatherParam	13	WetSpEffectId03	UNKNOWN
WeatherParam	14	WetSpEffectId04	UNKNOWN
WeatherParam	15	SfxIdInoor	UNKNOWN
WeatherParam	16	SfxIdOutdoor	UNKNOWN
WeatherParam	17	aiSightRate	UNKNOWN
WeatherParam	18	DistViewWeatherGparamOverrideWeight	UNKNOWN
WeatherParam	19		UNKNOWN
WepAbsorpPosParam	0	ID	UNKNOWN
WepAbsorpPosParam	1	Name	UNKNOWN
WepAbsorpPosParam	2	disableParam_NT	UNKNOWN
WepAbsorpPosParam	3	disableParamReserve1	UNKNOWN
WepAbsorpPosParam	4	disableParamReserve2	UNKNOWN
WepAbsorpPosParam	5	hangPosType	UNKNOWN
WepAbsorpPosParam	6	isSkeletonBind	UNKNOWN
WepAbsorpPosParam	7	pad0	UNKNOWN
WepAbsorpPosParam	8	right_0	UNKNOWN
WepAbsorpPosParam	9	left_0	UNKNOWN
WepAbsorpPosParam	10	both_0	UNKNOWN
WepAbsorpPosParam	11	leftHang_0	UNKNOWN
WepAbsorpPosParam	12	rightHang_0	UNKNOWN
WepAbsorpPosParam	13	right_1	UNKNOWN
WepAbsorpPosParam	14	left_1	UNKNOWN
WepAbsorpPosParam	15	both_1	UNKNOWN
WepAbsorpPosParam	16	leftHang_1	UNKNOWN
WepAbsorpPosParam	17	rightHang_1	UNKNOWN
WepAbsorpPosParam	18	right_2	UNKNOWN
WepAbsorpPosParam	19	left_2	UNKNOWN
WepAbsorpPosParam	20	both_2	UNKNOWN
WepAbsorpPosParam	21	leftHang_2	UNKNOWN
WepAbsorpPosParam	22	rightHang_2	UNKNOWN
WepAbsorpPosParam	23	right_3	UNKNOWN
WepAbsorpPosParam	24	left_3	UNKNOWN
WepAbsorpPosParam	25	both_3	UNKNOWN
WepAbsorpPosParam	26	leftHang_3	UNKNOWN
WepAbsorpPosParam	27	rightHang_3	UNKNOWN
WepAbsorpPosParam	28	wepInvisibleType_0	UNKNOWN
WepAbsorpPosParam	29	wepInvisibleType_1	UNKNOWN
WepAbsorpPosParam	30	wepInvisibleType_2	UNKNOWN
WepAbsorpPosParam	31	wepInvisibleType_3	UNKNOWN
WepAbsorpPosParam	32	leftBoth_0	UNKNOWN
WepAbsorpPosParam	33	leftBoth_1	UNKNOWN
WepAbsorpPosParam	34	leftBoth_2	UNKNOWN
WepAbsorpPosParam	35	leftBoth_3	UNKNOWN
WepAbsorpPosParam	36	dispPosType_right_0	UNKNOWN
WepAbsorpPosParam	37	dispPosType_left_0	UNKNOWN
WepAbsorpPosParam	38	dispPosType_rightBoth_0	UNKNOWN
WepAbsorpPosParam	39	dispPosType_leftBoth_0	UNKNOWN
WepAbsorpPosParam	40	dispPosType_rightHang_0	UNKNOWN
WepAbsorpPosParam	41	dispPosType_leftHang_0	UNKNOWN
WepAbsorpPosParam	42	dispPosType_right_1	UNKNOWN
WepAbsorpPosParam	43	dispPosType_left_1	UNKNOWN
WepAbsorpPosParam	44	dispPosType_rightBoth_1	UNKNOWN
WepAbsorpPosParam	45	dispPosType_leftBoth_1	UNKNOWN
WepAbsorpPosParam	46	dispPosType_rightHang_1	UNKNOWN
WepAbsorpPosParam	47	dispPosType_leftHang_1	UNKNOWN
WepAbsorpPosParam	48	dispPosType_right_2	UNKNOWN
WepAbsorpPosParam	49	dispPosType_left_2	UNKNOWN
WepAbsorpPosParam	50	dispPosType_rightBoth_2	UNKNOWN
WepAbsorpPosParam	51	dispPosType_leftBoth_2	UNKNOWN
WepAbsorpPosParam	52	dispPosType_rightHang_2	UNKNOWN
WepAbsorpPosParam	53	dispPosType_leftHang_2	UNKNOWN
WepAbsorpPosParam	54	dispPosType_right_3	UNKNOWN
WepAbsorpPosParam	55	dispPosType_left_3	UNKNOWN
WepAbsorpPosParam	56	dispPosType_rightBoth_3	UNKNOWN
WepAbsorpPosParam	57	dispPosType_leftBoth_3	UNKNOWN
WepAbsorpPosParam	58	dispPosType_rightHang_3	UNKNOWN
WepAbsorpPosParam	59	dispPosType_leftHang_3	UNKNOWN
WepAbsorpPosParam	60	unknown_0x54	UNKNOWN
WepAbsorpPosParam	61	unknown_0x55	UNKNOWN
WepAbsorpPosParam	62	unknown_0x56	UNKNOWN
WepAbsorpPosParam	63	unknown_0x57	UNKNOWN
WepAbsorpPosParam	64	reserve	UNKNOWN
WepAbsorpPosParam	65		UNKNOWN
WetAspectParam	0	ID	UNKNOWN
WetAspectParam	1	Name	UNKNOWN
WetAspectParam	2	baseColorR	UNKNOWN
WetAspectParam	3	baseColorG	UNKNOWN
WetAspectParam	4	baseColorB	UNKNOWN
WetAspectParam	5	reserve_0	UNKNOWN
WetAspectParam	6	baseColorA	UNKNOWN
WetAspectParam	7	metallic	UNKNOWN
WetAspectParam	8	reserve_1	UNKNOWN
WetAspectParam	9	reserve_2	UNKNOWN
WetAspectParam	10	reserve_3	UNKNOWN
WetAspectParam	11	metallicRate	UNKNOWN
WetAspectParam	12	shininessRate	UNKNOWN
WetAspectParam	13	shininess	UNKNOWN
WetAspectParam	14	reserve_4	UNKNOWN
WetAspectParam	15		UNKNOWN
WhiteSignCoolTimeParam	0	ID	UNKNOWN
WhiteSignCoolTimeParam	1	Name	UNKNOWN
WhiteSignCoolTimeParam	2	limitationTime_Normal	UNKNOWN
WhiteSignCoolTimeParam	3	limitationTime_NormalDriedFinger	UNKNOWN
WhiteSignCoolTimeParam	4	limitationTime_Guardian	UNKNOWN
WhiteSignCoolTimeParam	5	limitationTime_GuardianDriedFinger	UNKNOWN
WhiteSignCoolTimeParam	6		UNKNOWN
WorldMapLegacyConvParam	0	ID	UNKNOWN
WorldMapLegacyConvParam	1	Name	UNKNOWN
WorldMapLegacyConvParam	2	disableParam_NT	UNKNOWN
WorldMapLegacyConvParam	3	disableParamReserve1	UNKNOWN
WorldMapLegacyConvParam	4	disableParamReserve2	UNKNOWN
WorldMapLegacyConvParam	5	srcAreaNo	UNKNOWN
WorldMapLegacyConvParam	6	srcGridXNo	UNKNOWN
WorldMapLegacyConvParam	7	srcGridZNo	UNKNOWN
WorldMapLegacyConvParam	8	pad1	UNKNOWN
WorldMapLegacyConvParam	9	srcPosX	UNKNOWN
WorldMapLegacyConvParam	10	srcPosY	UNKNOWN
WorldMapLegacyConvParam	11	srcPosZ	UNKNOWN
WorldMapLegacyConvParam	12	dstAreaNo	UNKNOWN
WorldMapLegacyConvParam	13	dstGridXNo	UNKNOWN
WorldMapLegacyConvParam	14	dstGridZNo	UNKNOWN
WorldMapLegacyConvParam	15	pad2	UNKNOWN
WorldMapLegacyConvParam	16	dstPosX	UNKNOWN
WorldMapLegacyConvParam	17	dstPosY	UNKNOWN
WorldMapLegacyConvParam	18	dstPosZ	UNKNOWN
WorldMapLegacyConvParam	19	isBasePoint	UNKNOWN
WorldMapLegacyConvParam	20	pad3	UNKNOWN
WorldMapLegacyConvParam	21	pad4	UNKNOWN
WorldMapLegacyConvParam	22		UNKNOWN
WorldMapPieceParam	0	ID	UNKNOWN
WorldMapPieceParam	1	Name	UNKNOWN
WorldMapPieceParam	2	disableParam_NT	UNKNOWN
WorldMapPieceParam	3	disableParamReserve1	UNKNOWN
WorldMapPieceParam	4	disableParamReserve2	UNKNOWN
WorldMapPieceParam	5	openEventFlagId	UNKNOWN
WorldMapPieceParam	6	openTravelAreaLeft	UNKNOWN
WorldMapPieceParam	7	openTravelAreaRight	UNKNOWN
WorldMapPieceParam	8	openTravelAreaTop	UNKNOWN
WorldMapPieceParam	9	openTravelAreaBottom	UNKNOWN
WorldMapPieceParam	10	acquisitionEventFlagId	UNKNOWN
WorldMapPieceParam	11	acquisitionEventScale	UNKNOWN
WorldMapPieceParam	12	acquisitionEventCenterX	UNKNOWN
WorldMapPieceParam	13	acquisitionEventCenterY	UNKNOWN
WorldMapPieceParam	14	acquisitionEventResScale	UNKNOWN
WorldMapPieceParam	15	acquisitionEventResOffsetX	UNKNOWN
WorldMapPieceParam	16	acquisitionEventResOffsetY	UNKNOWN
WorldMapPieceParam	17	pad	UNKNOWN
WorldMapPieceParam	18		UNKNOWN
WorldMapPlaceNameParam	0	ID	UNKNOWN
WorldMapPlaceNameParam	1	Name	UNKNOWN
WorldMapPlaceNameParam	2	disableParam_NT	UNKNOWN
WorldMapPlaceNameParam	3	disableParamReserve1	UNKNOWN
WorldMapPlaceNameParam	4	disableParamReserve2	UNKNOWN
WorldMapPlaceNameParam	5	worldMapPieceId	UNKNOWN
WorldMapPlaceNameParam	6	textId	UNKNOWN
WorldMapPlaceNameParam	7	pad1	UNKNOWN
WorldMapPlaceNameParam	8	areaNo	UNKNOWN
WorldMapPlaceNameParam	9	gridXNo	UNKNOWN
WorldMapPlaceNameParam	10	gridZNo	UNKNOWN
WorldMapPlaceNameParam	11	pad2	UNKNOWN
WorldMapPlaceNameParam	12	posX	UNKNOWN
WorldMapPlaceNameParam	13	posY	UNKNOWN
WorldMapPlaceNameParam	14	posZ	UNKNOWN
WorldMapPlaceNameParam	15		UNKNOWN
WorldMapPointParam	0	ID	UNKNOWN
WorldMapPointParam	1	Name	UNKNOWN
WorldMapPointParam	2	disableParam_NT	UNKNOWN
WorldMapPointParam	3	disableParamReserve1	UNKNOWN
WorldMapPointParam	4	disableParamReserve2	UNKNOWN
WorldMapPointParam	5	eventFlagId	UNKNOWN
WorldMapPointParam	6	distViewEventFlagId	UNKNOWN
WorldMapPointParam	7	iconId	UNKNOWN
WorldMapPointParam	8	bgmPlaceType	UNKNOWN
WorldMapPointParam	9	isAreaIcon	UNKNOWN
WorldMapPointParam	10	isOverrideDistViewMarkPos	UNKNOWN
WorldMapPointParam	11	isEnableNoText	UNKNOWN
WorldMapPointParam	12	pad3	UNKNOWN
WorldMapPointParam	13	areaNo_forDistViewMark	UNKNOWN
WorldMapPointParam	14	gridXNo_forDistViewMark	UNKNOWN
WorldMapPointParam	15	gridZNo_forDistViewMark	UNKNOWN
WorldMapPointParam	16	clearedEventFlagId	UNKNOWN
WorldMapPointParam	17	dispMask00	UNKNOWN
WorldMapPointParam	18	dispMask01	UNKNOWN
WorldMapPointParam	19	dispMask02	UNKNOWN
WorldMapPointParam	20	pad2_0	UNKNOWN
WorldMapPointParam	21	pad2	UNKNOWN
WorldMapPointParam	22	distViewIconId	UNKNOWN
WorldMapPointParam	23	angle	UNKNOWN
WorldMapPointParam	24	areaNo	UNKNOWN
WorldMapPointParam	25	gridXNo	UNKNOWN
WorldMapPointParam	26	gridZNo	UNKNOWN
WorldMapPointParam	27	pad	UNKNOWN
WorldMapPointParam	28	posX	UNKNOWN
WorldMapPointParam	29	posY	UNKNOWN
WorldMapPointParam	30	posZ	UNKNOWN
WorldMapPointParam	31	textId1	UNKNOWN
WorldMapPointParam	32	textEnableFlagId1	UNKNOWN
WorldMapPointParam	33	textDisableFlagId1	UNKNOWN
WorldMapPointParam	34	textId2	UNKNOWN
WorldMapPointParam	35	textEnableFlagId2	UNKNOWN
WorldMapPointParam	36	textDisableFlagId2	UNKNOWN
WorldMapPointParam	37	textId3	UNKNOWN
WorldMapPointParam	38	textEnableFlagId3	UNKNOWN
WorldMapPointParam	39	textDisableFlagId3	UNKNOWN
WorldMapPointParam	40	textId4	UNKNOWN
WorldMapPointParam	41	textEnableFlagId4	UNKNOWN
WorldMapPointParam	42	textDisableFlagId4	UNKNOWN
WorldMapPointParam	43	textId5	UNKNOWN
WorldMapPointParam	44	textEnableFlagId5	UNKNOWN
WorldMapPointParam	45	textDisableFlagId5	UNKNOWN
WorldMapPointParam	46	textId6	UNKNOWN
WorldMapPointParam	47	textEnableFlagId6	UNKNOWN
WorldMapPointParam	48	textDisableFlagId6	UNKNOWN
WorldMapPointParam	49	textId7	UNKNOWN
WorldMapPointParam	50	textEnableFlagId7	UNKNOWN
WorldMapPointParam	51	textDisableFlagId7	UNKNOWN
WorldMapPointParam	52	textId8	UNKNOWN
WorldMapPointParam	53	textEnableFlagId8	UNKNOWN
WorldMapPointParam	54	textDisableFlagId8	UNKNOWN
WorldMapPointParam	55	textType1	UNKNOWN
WorldMapPointParam	56	textType2	UNKNOWN
WorldMapPointParam	57	textType3	UNKNOWN
WorldMapPointParam	58	textType4	UNKNOWN
WorldMapPointParam	59	textType5	UNKNOWN
WorldMapPointParam	60	textType6	UNKNOWN
WorldMapPointParam	61	textType7	UNKNOWN
WorldMapPointParam	62	textType8	UNKNOWN
WorldMapPointParam	63	distViewId	UNKNOWN
WorldMapPointParam	64	posX_forDistViewMark	UNKNOWN
WorldMapPointParam	65	posY_forDistViewMark	UNKNOWN
WorldMapPointParam	66	posZ_forDistViewMark	UNKNOWN
WorldMapPointParam	67	distViewId1	UNKNOWN
WorldMapPointParam	68	distViewId2	UNKNOWN
WorldMapPointParam	69	distViewId3	UNKNOWN
WorldMapPointParam	70	dispMinZoomStep	UNKNOWN
WorldMapPointParam	71	selectMinZoomStep	UNKNOWN
WorldMapPointParam	72	entryFEType	UNKNOWN
WorldMapPointParam	73	unknown_0xb7	UNKNOWN
WorldMapPointParam	74	altIconId	UNKNOWN
WorldMapPointParam	75	pad4	UNKNOWN
WorldMapPointParam	76	textEnableFlag2Id1	UNKNOWN
WorldMapPointParam	77	textEnableFlag2Id2	UNKNOWN
WorldMapPointParam	78	textEnableFlag2Id3	UNKNOWN
WorldMapPointParam	79	textEnableFlag2Id4	UNKNOWN
WorldMapPointParam	80	textEnableFlag2Id5	UNKNOWN
WorldMapPointParam	81	textEnableFlag2Id6	UNKNOWN
WorldMapPointParam	82	textEnableFlag2Id7	UNKNOWN
WorldMapPointParam	83	textEnableFlag2Id8	UNKNOWN
WorldMapPointParam	84	textDisableFlag2Id1	UNKNOWN
WorldMapPointParam	85	textDisableFlag2Id2	UNKNOWN
WorldMapPointParam	86	textDisableFlag2Id3	UNKNOWN
WorldMapPointParam	87	textDisableFlag2Id4	UNKNOWN
WorldMapPointParam	88	textDisableFlag2Id5	UNKNOWN
WorldMapPointParam	89	textDisableFlag2Id6	UNKNOWN
WorldMapPointParam	90	textDisableFlag2Id7	UNKNOWN
WorldMapPointParam	91	textDisableFlag2Id8	UNKNOWN
WorldMapPointParam	92		UNKNOWN
WwiseValueToStrParam_BgmBossChrIdConv	0	ID	UNKNOWN
WwiseValueToStrParam_BgmBossChrIdConv	1	Name	UNKNOWN
WwiseValueToStrParam_BgmBossChrIdConv	2	disableParam_NT	UNKNOWN
WwiseValueToStrParam_BgmBossChrIdConv	3	disableParamReserve1	UNKNOWN
WwiseValueToStrParam_BgmBossChrIdConv	4	disableParamReserve2	UNKNOWN
WwiseValueToStrParam_BgmBossChrIdConv	5	ParamStr	UNKNOWN
WwiseValueToStrParam_BgmBossChrIdConv	6		UNKNOWN
WwiseValueToStrParam_EnvPlaceType	0	ID	UNKNOWN
WwiseValueToStrParam_EnvPlaceType	1	Name	UNKNOWN
WwiseValueToStrParam_EnvPlaceType	2	disableParam_NT	UNKNOWN
WwiseValueToStrParam_EnvPlaceType	3	disableParamReserve1	UNKNOWN
WwiseValueToStrParam_EnvPlaceType	4	disableParamReserve2	UNKNOWN
WwiseValueToStrParam_EnvPlaceType	5	ParamStr	UNKNOWN
WwiseValueToStrParam_EnvPlaceType	6		UNKNOWN
WwiseValueToStrParam_Switch_AttackStrength	0	ID	UNKNOWN
WwiseValueToStrParam_Switch_AttackStrength	1	Name	UNKNOWN
WwiseValueToStrParam_Switch_AttackStrength	2	disableParam_NT	UNKNOWN
WwiseValueToStrParam_Switch_AttackStrength	3	disableParamReserve1	UNKNOWN
WwiseValueToStrParam_Switch_AttackStrength	4	disableParamReserve2	UNKNOWN
WwiseValueToStrParam_Switch_AttackStrength	5	ParamStr	UNKNOWN
WwiseValueToStrParam_Switch_AttackStrength	6		UNKNOWN
WwiseValueToStrParam_Switch_AttackType	0	ID	UNKNOWN
WwiseValueToStrParam_Switch_AttackType	1	Name	UNKNOWN
WwiseValueToStrParam_Switch_AttackType	2	disableParam_NT	UNKNOWN
WwiseValueToStrParam_Switch_AttackType	3	disableParamReserve1	UNKNOWN
WwiseValueToStrParam_Switch_AttackType	4	disableParamReserve2	UNKNOWN
WwiseValueToStrParam_Switch_AttackType	5	ParamStr	UNKNOWN
WwiseValueToStrParam_Switch_AttackType	6		UNKNOWN
WwiseValueToStrParam_Switch_DamageAmount	0	ID	UNKNOWN
WwiseValueToStrParam_Switch_DamageAmount	1	Name	UNKNOWN
WwiseValueToStrParam_Switch_DamageAmount	2	disableParam_NT	UNKNOWN
WwiseValueToStrParam_Switch_DamageAmount	3	disableParamReserve1	UNKNOWN
WwiseValueToStrParam_Switch_DamageAmount	4	disableParamReserve2	UNKNOWN
WwiseValueToStrParam_Switch_DamageAmount	5	ParamStr	UNKNOWN
WwiseValueToStrParam_Switch_DamageAmount	6		UNKNOWN
WwiseValueToStrParam_Switch_DeffensiveMaterial	0	ID	UNKNOWN
WwiseValueToStrParam_Switch_DeffensiveMaterial	1	Name	UNKNOWN
WwiseValueToStrParam_Switch_DeffensiveMaterial	2	disableParam_NT	UNKNOWN
WwiseValueToStrParam_Switch_DeffensiveMaterial	3	disableParamReserve1	UNKNOWN
WwiseValueToStrParam_Switch_DeffensiveMaterial	4	disableParamReserve2	UNKNOWN
WwiseValueToStrParam_Switch_DeffensiveMaterial	5	ParamStr	UNKNOWN
WwiseValueToStrParam_Switch_DeffensiveMaterial	6		UNKNOWN
WwiseValueToStrParam_Switch_GrassHitType	0	ID	UNKNOWN
WwiseValueToStrParam_Switch_GrassHitType	1	Name	UNKNOWN
WwiseValueToStrParam_Switch_GrassHitType	2	disableParam_NT	UNKNOWN
WwiseValueToStrParam_Switch_GrassHitType	3	disableParamReserve1	UNKNOWN
WwiseValueToStrParam_Switch_GrassHitType	4	disableParamReserve2	UNKNOWN
WwiseValueToStrParam_Switch_GrassHitType	5	ParamStr	UNKNOWN
WwiseValueToStrParam_Switch_GrassHitType	6		UNKNOWN
WwiseValueToStrParam_Switch_HitStop	0	ID	UNKNOWN
WwiseValueToStrParam_Switch_HitStop	1	Name	UNKNOWN
WwiseValueToStrParam_Switch_HitStop	2	disableParam_NT	UNKNOWN
WwiseValueToStrParam_Switch_HitStop	3	disableParamReserve1	UNKNOWN
WwiseValueToStrParam_Switch_HitStop	4	disableParamReserve2	UNKNOWN
WwiseValueToStrParam_Switch_HitStop	5	ParamStr	UNKNOWN
WwiseValueToStrParam_Switch_HitStop	6		UNKNOWN
WwiseValueToStrParam_Switch_OffensiveMaterial	0	ID	UNKNOWN
WwiseValueToStrParam_Switch_OffensiveMaterial	1	Name	UNKNOWN
WwiseValueToStrParam_Switch_OffensiveMaterial	2	disableParam_NT	UNKNOWN
WwiseValueToStrParam_Switch_OffensiveMaterial	3	disableParamReserve1	UNKNOWN
WwiseValueToStrParam_Switch_OffensiveMaterial	4	disableParamReserve2	UNKNOWN
WwiseValueToStrParam_Switch_OffensiveMaterial	5	ParamStr	UNKNOWN
WwiseValueToStrParam_Switch_OffensiveMaterial	6		UNKNOWN
WwiseValueToStrParam_Switch_PlayerEquipmentBottoms	0	ID	UNKNOWN
WwiseValueToStrParam_Switch_PlayerEquipmentBottoms	1	Name	UNKNOWN
WwiseValueToStrParam_Switch_PlayerEquipmentBottoms	2	disableParam_NT	UNKNOWN
WwiseValueToStrParam_Switch_PlayerEquipmentBottoms	3	disableParamReserve1	UNKNOWN
WwiseValueToStrParam_Switch_PlayerEquipmentBottoms	4	disableParamReserve2	UNKNOWN
WwiseValueToStrParam_Switch_PlayerEquipmentBottoms	5	ParamStr	UNKNOWN
WwiseValueToStrParam_Switch_PlayerEquipmentBottoms	6		UNKNOWN
WwiseValueToStrParam_Switch_PlayerEquipmentTops	0	ID	UNKNOWN
WwiseValueToStrParam_Switch_PlayerEquipmentTops	1	Name	UNKNOWN
WwiseValueToStrParam_Switch_PlayerEquipmentTops	2	disableParam_NT	UNKNOWN
WwiseValueToStrParam_Switch_PlayerEquipmentTops	3	disableParamReserve1	UNKNOWN
WwiseValueToStrParam_Switch_PlayerEquipmentTops	4	disableParamReserve2	UNKNOWN
WwiseValueToStrParam_Switch_PlayerEquipmentTops	5	ParamStr	UNKNOWN
WwiseValueToStrParam_Switch_PlayerEquipmentTops	6		UNKNOWN
WwiseValueToStrParam_Switch_PlayerShoes	0	ID	UNKNOWN
WwiseValueToStrParam_Switch_PlayerShoes	1	Name	UNKNOWN
WwiseValueToStrParam_Switch_PlayerShoes	2	disableParam_NT	UNKNOWN
WwiseValueToStrParam_Switch_PlayerShoes	3	disableParamReserve1	UNKNOWN
WwiseValueToStrParam_Switch_PlayerShoes	4	disableParamReserve2	UNKNOWN
WwiseValueToStrParam_Switch_PlayerShoes	5	ParamStr	UNKNOWN
WwiseValueToStrParam_Switch_PlayerShoes	6		UNKNOWN
WwiseValueToStrParam_Switch_PlayerVoiceType	0	ID	UNKNOWN
WwiseValueToStrParam_Switch_PlayerVoiceType	1	Name	UNKNOWN
WwiseValueToStrParam_Switch_PlayerVoiceType	2	disableParam_NT	UNKNOWN
WwiseValueToStrParam_Switch_PlayerVoiceType	3	disableParamReserve1	UNKNOWN
WwiseValueToStrParam_Switch_PlayerVoiceType	4	disableParamReserve2	UNKNOWN
WwiseValueToStrParam_Switch_PlayerVoiceType	5	ParamStr	UNKNOWN
WwiseValueToStrParam_Switch_PlayerVoiceType	6		UNKNOWN
