check_id	access_claim_id	disposition	risk	option_set	reason	review_issue	owner	review_by	implementation_path	implementation_symbol
7770000		unresolved	critical	all
7770001		unresolved	critical	all
7770002	check:7770002/access	region_sufficient	critical	all	Caelid access suffices because StartGrace.slot_data unconditionally sends festival flag 9410; test_radahn_festival_flag_force_set guards the bypass.	#1271			greenfield/eldenring/tests/test_gf_features_smoke.py	test_radahn_festival_flag_force_set
7770003		unresolved	critical	all
7770004		unresolved	critical	all
7770005		unresolved	critical	all
7770006		unresolved	critical	all
7770007		unresolved	critical	all
7770008	check:7770008/access	unresolved	critical	all
7770009	check:7770009/access	unresolved	critical	all
7770010		unresolved	critical	all
7770011		unresolved	critical	all
7770012		unresolved	critical	all
7770013		unresolved	critical	all
7770014		unresolved	critical	all
7770015		unresolved	critical	all
7770016		unresolved	critical	all
7770017	check:7770017/access	unresolved	critical	all
7770018		unresolved	critical	all
7770019		unresolved	critical	all
7770020		unresolved	critical	all
7770021		unresolved	critical	all
7770022		unresolved	critical	all
7770023		unresolved	critical	all
7770024		unresolved	critical	all
7770025		unresolved	critical	all
7770026		unresolved	critical	all
7770027		unresolved	critical	all
7770028		unresolved	critical	all
7770029		unresolved	critical	all
7770030		unresolved	critical	all
7770031		unresolved	critical	all
7770032		unresolved	critical	all
7770033		unresolved	critical	all
7770034		unresolved	critical	all
7770035		unresolved	critical	all
7770036		unresolved	critical	all
7770037		unresolved	critical	all
7770038		unresolved	critical	all
7770039	check:7770039/access	unresolved	critical	all
7770040		unresolved	critical	all
7770041		unresolved	critical	all
7770042		unresolved	critical	all
7770043		unresolved	critical	all
7770044		unresolved	critical	all
7770045		unresolved	critical	all
7770046		unresolved	critical	all
7770047		unresolved	critical	all
7770048		unresolved	critical	all
7770049		unresolved	critical	all
7770050		unresolved	critical	all
7770051		unresolved	critical	all
7770052		unresolved	critical	all
7770053		unresolved	critical	all
7770054		unresolved	critical	all
7770055		unresolved	critical	all
7770056		unresolved	critical	all
7770057		unresolved	critical	all
7770058		unresolved	critical	all
7770059		unresolved	critical	all
7770060		unresolved	critical	all
7770061		unresolved	critical	all
7770062		unresolved	critical	all
7770063		unresolved	critical	all
7770064		unresolved	critical	all
7770065		unresolved	critical	all
7770066		unresolved	critical	all
7770067		unresolved	critical	all
7770068		unresolved	critical	all
7770069		unresolved	critical	all
7770070		unresolved	critical	all
7770071		unresolved	critical	all
7770072		unresolved	critical	all
7770073		unresolved	critical	all
7770074		unresolved	critical	all
7770075		unresolved	critical	all
7770076		unresolved	critical	all
7770077		unresolved	critical	all
7770078		unresolved	critical	all
7770079		unresolved	critical	all
7770080		unresolved	critical	all
7770081		unresolved	critical	all
7770082		unresolved	critical	all
7770083		unresolved	critical	all
7770084		unresolved	critical	all
7770085		unresolved	critical	all
7770086		unresolved	critical	all
7770087		unresolved	critical	all
7770088		unresolved	critical	all
7770089		unresolved	critical	all
7770090		unresolved	critical	all
7770091		unresolved	critical	all
7770092		unresolved	critical	all
7770093		unresolved	critical	all
7770094		unresolved	critical	all
7770095		unresolved	critical	all
7770096		unresolved	critical	all
7770097		unresolved	critical	all
7770098		unresolved	critical	all
7770099		unresolved	critical	all
7770100		unresolved	critical	all
7770101		unresolved	critical	all
7770102		unresolved	critical	all
7770103		unresolved	critical	all
7770104		unresolved	critical	all
7770105		unresolved	critical	all
7770106		unresolved	critical	all
7770107		unresolved	critical	all
7770108		unresolved	critical	all
7770109		unresolved	critical	all
7770110		unresolved	critical	all
7770111		unresolved	critical	all
7770112		unresolved	critical	all
7770113		unresolved	critical	all
7770114		unresolved	critical	all
7770115		unresolved	critical	all
7770116		unresolved	critical	all
7770117		unresolved	critical	all
7770118		unresolved	critical	all
7770119		unresolved	critical	all
7770120		unresolved	critical	all
7770121		unresolved	critical	all
7770122		unresolved	critical	all
7770123		unresolved	critical	all
7770124		unresolved	critical	all
7770125		unresolved	critical	all
7770126		unresolved	critical	all
7770127		unresolved	critical	all
7770128		unresolved	critical	all
7770129		unresolved	critical	all
7770130		unresolved	critical	all
7770131		unresolved	critical	all
7770132		unresolved	critical	all
7770133		unresolved	critical	all
7770134		unresolved	critical	all
7770135		unresolved	critical	all
7770136		unresolved	critical	all
7770137		unresolved	critical	all
7770138		unresolved	critical	all
7770139		unresolved	critical	all
7770140		unresolved	critical	all
7770141		unresolved	critical	all
7770142		unresolved	critical	all
7770143		unresolved	critical	all
7770144		unresolved	critical	all
7770145		unresolved	critical	all
7770146		unresolved	critical	all
7770147		unresolved	critical	all
7770148		unresolved	critical	all
7770149		unresolved	critical	all
7770150		unresolved	critical	all
7770151		unresolved	critical	all
7770152		unresolved	critical	all
7770153		unresolved	critical	all
7770154		unresolved	critical	all
7770155		unresolved	critical	all
7770156		unresolved	critical	all
7770157		unresolved	critical	all
7770158		unresolved	critical	all
7770159		unresolved	critical	all
7770160		unresolved	critical	all
7770161		unresolved	critical	all
7770162		unresolved	critical	all
7770163		unresolved	critical	all
7770164		unresolved	critical	all
7770165		unresolved	critical	all
7770166		unresolved	critical	all
7770167		unresolved	critical	all
7770168		unresolved	critical	all
7770169		unresolved	critical	all
7770170		unresolved	critical	all
7770171		unresolved	critical	all
7770172		unresolved	critical	all
7770173		unresolved	critical	all
7770174		unresolved	critical	all
7770175		unresolved	critical	all
7770176		unresolved	critical	all
7770177		unresolved	critical	all
7770178		unresolved	critical	all
7770179		unresolved	critical	all
7770180		unresolved	critical	all
7770181		unresolved	critical	all
7770182		unresolved	critical	all
7770183		unresolved	critical	all
7770184		unresolved	critical	all
7770185		unresolved	critical	all
7770186		unresolved	critical	all
7770187		unresolved	critical	all
7770188		unresolved	critical	all
7770189		unresolved	critical	all
7770190		unresolved	critical	all
7770191		unresolved	critical	all
7770192		unresolved	critical	all
7770193		unresolved	critical	all
7770194		unresolved	critical	all
7770195		unresolved	critical	all
7770196		unresolved	critical	all
7770197		unresolved	critical	all
7770198		unresolved	critical	all
7770199		unresolved	critical	all
7770200		unresolved	critical	all
7770201		unresolved	critical	all
7770202		unresolved	critical	all
7770203		unresolved	critical	all
7770204		unresolved	critical	all
7770205		unresolved	critical	all
7770206		unresolved	critical	all
7770207		unresolved	critical	all
7770208		unresolved	critical	all
7770209		unresolved	critical	all
7770210		unresolved	critical	all
7770211		unresolved	critical	all
7770212		unresolved	critical	all
7770213		unresolved	critical	all
7770214		unresolved	critical	all
7770215		unresolved	critical	all
7770216		unresolved	critical	all
7770217		unresolved	critical	all
7770218		unresolved	critical	all
7770219		unresolved	critical	all
7770220		unresolved	critical	all
7770221		unresolved	critical	all
7770222		unresolved	critical	all
7770223		unresolved	critical	all
7770224		unresolved	critical	all
7770225		unresolved	critical	all
7770226		unresolved	critical	all
7770227		unresolved	critical	all
7770228		unresolved	critical	all
7770229		unresolved	critical	all
7770230		unresolved	critical	all
7770231		unresolved	critical	all
7770232		unresolved	critical	all
7770233		unresolved	critical	all
7770234		unresolved	critical	all
7770235		unresolved	critical	all
7770236		unresolved	critical	all
7770237		unresolved	critical	all
7770238		unresolved	critical	all
7770239		unresolved	critical	all
7770240		unresolved	critical	all
7770241		unresolved	critical	all
7770242		unresolved	critical	all
7770243		unresolved	critical	all
7770244		unresolved	critical	all
7770245		unresolved	critical	all
7770246		unresolved	critical	all
7770247		unresolved	critical	all
7770248		unresolved	critical	all
7770249		unresolved	critical	all
7770250		unresolved	critical	all
7770251		unresolved	critical	all
7770252		unresolved	critical	all
7770253		unresolved	critical	all
7770254		unresolved	critical	all
7770255		unresolved	critical	all
7770256		unresolved	critical	all
7770257		unresolved	critical	all
7770258		unresolved	critical	all
7770259		unresolved	critical	all
7770260		unresolved	critical	all
7770261		unresolved	critical	all
7770262		unresolved	critical	all
7770263		unresolved	critical	all
7770264		unresolved	critical	all
7770265		unresolved	critical	all
7770266		unresolved	critical	all
7770267		unresolved	critical	all
7770268		unresolved	critical	all
7770269		unresolved	critical	all
7770270		unresolved	critical	all
7770271		unresolved	critical	all
7770272		unresolved	critical	all
7770273		unresolved	critical	all
7770274		unresolved	critical	all
7770275		unresolved	critical	all
7770276		unresolved	critical	all
7770277		unresolved	critical	all
7770278		unresolved	critical	all
7770279		unresolved	critical	all
7770280		unresolved	critical	all
7770281		unresolved	critical	all
7770282		unresolved	critical	all
7770283		unresolved	critical	all
7770284		unresolved	critical	all
7770285		unresolved	critical	all
7770286		unresolved	critical	all
7770287		unresolved	critical	all
7770288		unresolved	critical	all
7770289		unresolved	critical	all
7770290		unresolved	critical	all
7770291		unresolved	critical	all
7770292		unresolved	critical	all
7770293		unresolved	critical	all
7770294		unresolved	critical	all
7770295		unresolved	critical	all
7770296		unresolved	critical	all
7770297		unresolved	critical	all
7770298		unresolved	critical	all
7770299		unresolved	critical	all
7770300		unresolved	critical	all
7770301		unresolved	critical	all
7770302		unresolved	critical	all
7770303		unresolved	critical	all
7770304		unresolved	critical	all
7770305		unresolved	critical	all
7770306		unresolved	critical	all
7770307		unresolved	critical	all
7770308		unresolved	critical	all
7770309		unresolved	critical	all
7770310		unresolved	critical	all
7770311		unresolved	critical	all
7770312		unresolved	critical	all
7770313		unresolved	critical	all
7770314		unresolved	critical	all
7770315		unresolved	critical	all
7770316		unresolved	critical	all
7770317		unresolved	critical	all
7770318		unresolved	critical	all
7770319		unresolved	critical	all
7770320		unresolved	critical	all
7770321		unresolved	critical	all
7770322		unresolved	critical	all
7770323		unresolved	critical	all
7770324		unresolved	critical	all
7770325		unresolved	critical	all
7770326		unresolved	critical	all
7770327		unresolved	critical	all
7770328		unresolved	critical	all
7770329		unresolved	critical	all
7770330		unresolved	critical	all
7770331		unresolved	critical	all
7770332		unresolved	critical	all
7770333		unresolved	critical	all
7770334		unresolved	critical	all
7770335		unresolved	critical	all
7770336		unresolved	critical	all
7770337		unresolved	critical	all
7770338		unresolved	critical	all
7770339		unresolved	critical	all
7770340		unresolved	critical	all
7770341		unresolved	critical	all
7770342		unresolved	critical	all
7770343		unresolved	critical	all
7770344		unresolved	critical	all
7770345		unresolved	critical	all
7770346		unresolved	critical	all
7770347		unresolved	critical	all
7770348		unresolved	critical	all
7770349		unresolved	critical	all
7770350		unresolved	critical	all
7770351		unresolved	critical	all
7770352		unresolved	critical	all
7770353		unresolved	critical	all
7770354		unresolved	critical	all
7770355		unresolved	critical	all
7770356		unresolved	critical	all
7770357		unresolved	critical	all
7770358		unresolved	critical	all
7770359		unresolved	critical	all
7770360		unresolved	critical	all
7770361		unresolved	critical	all
7770362		unresolved	critical	all
7770363		unresolved	critical	all
7770364		unresolved	critical	all
7770365		unresolved	critical	all
7770366		unresolved	critical	all
7770367		unresolved	critical	all
7770368		unresolved	critical	all
7770369		unresolved	critical	all
7770370		unresolved	critical	all
7770371		unresolved	critical	all
7770372		unresolved	critical	all
7770373		unresolved	critical	all
7770374		unresolved	critical	all
7770375		unresolved	critical	all
7770376		unresolved	critical	all
7770377		unresolved	critical	all
7770378		unresolved	critical	all
7770379		unresolved	critical	all
7770380		unresolved	critical	all
7770381		unresolved	critical	all
7770382		unresolved	critical	all
7770383		unresolved	critical	all
7770384		unresolved	critical	all
7770385		unresolved	critical	all
7770386		unresolved	critical	all
7770387		unresolved	critical	all
7770388		unresolved	critical	all
7770389		unresolved	critical	all
7770390		unresolved	critical	all
7770391		unresolved	critical	all
7770392		unresolved	critical	all
7770393		unresolved	critical	all
7770394		unresolved	critical	all
7770395		unresolved	critical	all
7770396		unresolved	critical	all
7770397		unresolved	critical	all
7770398		unresolved	critical	all
7770399		unresolved	critical	all
7770400		unresolved	critical	all
7770401		unresolved	critical	all
7770402		unresolved	critical	all
7770403		unresolved	critical	all
7770404		unresolved	critical	all
7770405		unresolved	critical	all
7770406		unresolved	critical	all
7770407		unresolved	critical	all
7770408		unresolved	critical	all
7770409		unresolved	critical	all
7770410		unresolved	critical	all
7770411		unresolved	critical	all
7770412		unresolved	critical	all
7770413		unresolved	critical	all
7770414		unresolved	critical	all
7770415		unresolved	critical	all
7770416		unresolved	critical	all
7770417		unresolved	critical	all
7770418		unresolved	critical	all
7770419		unresolved	critical	all
7770420		unresolved	critical	all
7770421		unresolved	critical	all
7770422		unresolved	critical	all
7770423		unresolved	critical	all
7770424		unresolved	critical	all
7770425		unresolved	critical	all
7770426		unresolved	critical	all
7770427		unresolved	critical	all
7770428		unresolved	critical	all
7770429		unresolved	critical	all
7770430		unresolved	critical	all
7770431		unresolved	critical	all
7770432		unresolved	critical	all
7770433		unresolved	critical	all
7770434		unresolved	critical	all
7770435		unresolved	critical	all
7770436		unresolved	critical	all
7770437		unresolved	critical	all
7770438		unresolved	critical	all
7770439		unresolved	critical	all
7770440		unresolved	critical	all
7770441		unresolved	critical	all
7770442		unresolved	critical	all
7770443		unresolved	critical	all
7770444		unresolved	critical	all
7770445		unresolved	critical	all
7770446		unresolved	critical	all
7770447		unresolved	critical	all
7770448		unresolved	critical	all
7770449		unresolved	critical	all
7770450		unresolved	critical	all
7770451		unresolved	critical	all
7770452		unresolved	critical	all
7770453		unresolved	critical	all
7770454		unresolved	critical	all
7770455		unresolved	critical	all
7770456		unresolved	critical	all
7770457		unresolved	critical	all
7770458		unresolved	critical	all
7770459		unresolved	critical	all
7770460		unresolved	critical	all
7770461		unresolved	critical	all
7770462		unresolved	critical	all
7770463		unresolved	critical	all
7770464		unresolved	critical	all
7770465		unresolved	critical	all
7770466		unresolved	critical	all
7770467		unresolved	critical	all
7770468		unresolved	critical	all
7770469		unresolved	critical	all
7770470		unresolved	critical	all
7770471		unresolved	critical	all
7770472		unresolved	critical	all
7770473		unresolved	critical	all
7770474		unresolved	critical	all
7770475		unresolved	critical	all
7770476		unresolved	critical	all
7770477		unresolved	critical	all
7770478		unresolved	critical	all
7770479		unresolved	critical	all
7770480		unresolved	critical	all
7770481		unresolved	critical	all
7770482		unresolved	critical	all
7770483		unresolved	critical	all
7770484		unresolved	critical	all
7770485		unresolved	critical	all
7770486		unresolved	critical	all
7770487		unresolved	critical	all
7770488		unresolved	critical	all
7770489		unresolved	critical	all
7770490		unresolved	critical	all
7770491		unresolved	critical	all
7770492		unresolved	critical	all
7770493		unresolved	critical	all
7770494		unresolved	critical	all
7770495		unresolved	critical	all
7770496		unresolved	critical	all
7770497		unresolved	critical	all
7770498		unresolved	critical	all
7770499		unresolved	critical	all
7770500		unresolved	critical	all
7770501		unresolved	critical	all
7770502		unresolved	critical	all
7770503		unresolved	critical	all
7770504		unresolved	critical	all
7770505		unresolved	critical	all
7770506		unresolved	critical	all
7770507		unresolved	critical	all
7770508		unresolved	critical	all
7770509		unresolved	critical	all
7770510		unresolved	critical	all
7770511		unresolved	critical	all
7770512		unresolved	critical	all
7770513		unresolved	critical	all
7770514		unresolved	critical	all
7770515		unresolved	critical	all
7770516		unresolved	critical	all
7770517		unresolved	critical	all
7770518		unresolved	critical	all
7770519		unresolved	critical	all
7770520		unresolved	critical	all
7770521		unresolved	critical	all
7770522		unresolved	critical	all
7770523		unresolved	critical	all
7770524		unresolved	critical	all
7770525		unresolved	critical	all
7770526		unresolved	critical	all
7770527		unresolved	critical	all
7770528		unresolved	critical	all
7770529		unresolved	critical	all
7770530		unresolved	critical	all
7770531		unresolved	critical	all
7770532		unresolved	critical	all
7770533		unresolved	critical	all
7770534		unresolved	critical	all
7770535		unresolved	critical	all
7770536		unresolved	critical	all
7770537		unresolved	critical	all
7770538		unresolved	critical	all
7770539		unresolved	critical	all
7770540		unresolved	critical	all
7770541		unresolved	critical	all
7770542		unresolved	critical	all
7770543		unresolved	critical	all
7770544		unresolved	critical	all
7770545		unresolved	critical	all
7770546		unresolved	critical	all
7770547		unresolved	critical	all
7770548		unresolved	critical	all
7770549		unresolved	critical	all
7770550		unresolved	critical	all
7770551		unresolved	critical	all
7770552		unresolved	critical	all
7770553		unresolved	critical	all
7770554		unresolved	critical	all
7770555		unresolved	critical	all
7770556		unresolved	critical	all
7770557		unresolved	critical	all
7770558		unresolved	critical	all
7770559		unresolved	critical	all
7770560	check:7770560/access	unresolved	critical	all
7770561		unresolved	critical	all
7770562		unresolved	critical	all
7770563		unresolved	critical	all
7770564		unresolved	critical	all
7770565		unresolved	critical	all
7770566		unresolved	critical	all
7770567		unresolved	critical	all
7770568		unresolved	critical	all
7770569		unresolved	critical	all
7770570		unresolved	critical	all
7770571		unresolved	critical	all
7770572	check:7770572/access	unresolved	critical	all
7770573		unresolved	critical	all
7770574		unresolved	critical	all
7770575	check:7770575/access	unresolved	critical	all
7770576		unresolved	critical	all
7770577		unresolved	critical	all
7770578		unresolved	critical	all
7770579		unresolved	critical	all
7770580		unresolved	critical	all
7770581		unresolved	critical	all
7770582		unresolved	critical	all
7770583	check:7770583/access	unresolved	critical	all
7770584		unresolved	critical	all
7770585	check:7770585/access	unresolved	critical	all
7770586		unresolved	critical	all
7770587		unresolved	critical	all
7770588		unresolved	critical	all
7770589		unresolved	critical	all
7770590		unresolved	critical	all
7770591		unresolved	critical	all
7770592		unresolved	critical	all
7770593		unresolved	critical	all
7770594		unresolved	critical	all
7770595		unresolved	critical	all
7770596		unresolved	critical	all
7770597		unresolved	critical	all
7770598		unresolved	critical	all
7770599		unresolved	critical	all
7770600		unresolved	critical	all
7770601		unresolved	critical	all
7770602		unresolved	critical	all
7770603		unresolved	critical	all
7770604		unresolved	critical	all
7770605		unresolved	critical	all
7770606		unresolved	critical	all
7770607		unresolved	critical	all
7770608		unresolved	critical	all
7770609		unresolved	critical	all
7770610		unresolved	critical	all
7770611		unresolved	critical	all
7770612		unresolved	critical	all
7770613		unresolved	critical	all
7770614		unresolved	critical	all
7770615		unresolved	critical	all
7770616		unresolved	critical	all
7770617		unresolved	critical	all
7770618		unresolved	critical	all
7770619		unresolved	critical	all
7770620		unresolved	critical	all
7770621		unresolved	critical	all
7770622		unresolved	critical	all
7770623		unresolved	critical	all
7770624		unresolved	critical	all
7770625		unresolved	critical	all
7770626		unresolved	critical	all
7770627		unresolved	critical	all
7770628		unresolved	critical	all
7770629		unresolved	critical	all
7770630		unresolved	critical	all
7770631		unresolved	critical	all
7770632		unresolved	critical	all
7770633		unresolved	critical	all
7770634		unresolved	critical	all
7770635		unresolved	critical	all
7770636		unresolved	critical	all
7770637		unresolved	critical	all
7770638		unresolved	critical	all
7770639		unresolved	critical	all
7770640		unresolved	critical	all
7770641		unresolved	critical	all
7770642		unresolved	critical	all
7770643		unresolved	critical	all
7770644		unresolved	critical	all
7770645		unresolved	critical	all
7770646		unresolved	critical	all
7770647		unresolved	critical	all
7770648		unresolved	critical	all
7770649		unresolved	critical	all
7770650		unresolved	critical	all
7770651		unresolved	critical	all
7770652		unresolved	critical	all
7770653		unresolved	critical	all
7770654		unresolved	critical	all
7770655		unresolved	critical	all
7770656		unresolved	critical	all
7770657		unresolved	critical	all
7770658		unresolved	critical	all
7770659		unresolved	critical	all
7770660		unresolved	critical	all
7770661		unresolved	critical	all
7770662		unresolved	critical	all
7770663		unresolved	critical	all
7770664		unresolved	critical	all
7770665	check:7770665/access	region_sufficient	critical	all	Caelid access suffices because StartGrace.slot_data unconditionally sends festival flag 9410; test_radahn_festival_flag_force_set guards the bypass.	#1271			greenfield/eldenring/tests/test_gf_features_smoke.py	test_radahn_festival_flag_force_set
7770666		unresolved	critical	all
7770667		unresolved	critical	all
7770668		unresolved	critical	all
7770669		unresolved	critical	all
7770670		unresolved	critical	all
7770671		unresolved	critical	all
7770672		unresolved	critical	all
7770673	check:7770673/access	encoded	critical	item_shuffle=true,jagged_peak=kept,legacy_dungeon_keys=true,vanilla_placement=false	LegacyKeyGates.set_rules requires both the Hole-Laden Necklace and Jagged Peak Lock for Metyr's exact reward check when Jagged Peak is kept.	#1271			greenfield/eldenring/tests/test_gf_legacy_key_gate.py	test_metyr_chain_needs_the_necklace_and_both_region_locks
7770673	check:7770673/access	unresolved	critical	not(item_shuffle=true,jagged_peak=kept,legacy_dungeon_keys=true,vanilla_placement=false)
7770674		unresolved	critical	all
7770675		unresolved	critical	all
7770676		unresolved	critical	all
7770677		unresolved	critical	all
7770678		unresolved	critical	all
7770679		unresolved	critical	all
7770680		unresolved	critical	all
7770681		unresolved	critical	all
7770682		unresolved	critical	all
7770683		unresolved	critical	all
7770684		unresolved	critical	all
7770685		unresolved	critical	all
7770686		unresolved	critical	all
7770687		unresolved	critical	all
7770688		unresolved	critical	all
7770689		unresolved	critical	all
7770690		unresolved	critical	all
7770691		unresolved	critical	all
7770692		unresolved	critical	all
7770693		unresolved	critical	all
7770694		unresolved	critical	all
7770695		unresolved	critical	all
7770696		unresolved	critical	all
7770697		unresolved	critical	all
7770698		unresolved	critical	all
7770699		unresolved	critical	all
7770700		unresolved	critical	all
7770701		unresolved	critical	all
7770702		unresolved	critical	all
7770703		unresolved	critical	all
7770704		unresolved	critical	all
7770705		unresolved	critical	all
7770706		unresolved	critical	all
7770707		unresolved	critical	all
7770708		unresolved	critical	all
7770709		unresolved	critical	all
7770710		unresolved	critical	all
7770711		unresolved	critical	all
7770712		unresolved	critical	all
7770713		unresolved	critical	all
7770714		unresolved	critical	all
7770715		unresolved	critical	all
7770716		unresolved	critical	all
7770717		unresolved	critical	all
7770718		unresolved	critical	all
7770719		unresolved	critical	all
7770720		unresolved	critical	all
7770721		unresolved	critical	all
7770722		unresolved	critical	all
7770723		unresolved	critical	all
7770724		unresolved	critical	all
7770725		unresolved	critical	all
7770726		unresolved	critical	all
7770727		unresolved	critical	all
7770728		unresolved	critical	all
7770729		unresolved	critical	all
7770730		unresolved	critical	all
7770731		unresolved	critical	all
7770732		unresolved	critical	all
7770733		unresolved	critical	all
7770734		unresolved	critical	all
7770735		unresolved	critical	all
7770736		unresolved	critical	all
7770737		unresolved	critical	all
7770738		unresolved	critical	all
7770739		unresolved	critical	all
7770740		unresolved	critical	all
7770741		unresolved	critical	all
7770742		unresolved	critical	all
7770743		unresolved	critical	all
7770744		unresolved	critical	all
7770745		unresolved	critical	all
7770746		unresolved	critical	all
7770747		unresolved	critical	all
7770748		unresolved	critical	all
7770749		unresolved	critical	all
7770750		unresolved	critical	all
7770751		unresolved	critical	all
7770752		unresolved	critical	all
7770753		unresolved	critical	all
7770754		unresolved	critical	all
7770755		unresolved	critical	all
7770756		unresolved	critical	all
7770757		unresolved	critical	all
7770758		unresolved	critical	all
7770759		unresolved	critical	all
7770760		unresolved	critical	all
7770761		unresolved	critical	all
7770762		unresolved	critical	all
7770763		unresolved	critical	all
7770764		unresolved	critical	all
7770765		unresolved	critical	all
7770766		unresolved	critical	all
7770767		unresolved	critical	all
7770768		unresolved	critical	all
7770769		unresolved	critical	all
7770770		unresolved	critical	all
7770771		unresolved	critical	all
7770772		unresolved	critical	all
7770773		unresolved	critical	all
7770774		unresolved	critical	all
7770775		unresolved	critical	all
7770776		unresolved	critical	all
7770777		unresolved	critical	all
7770778		unresolved	critical	all
7770779		unresolved	critical	all
7770780		unresolved	critical	all
7770781		unresolved	critical	all
7770782		unresolved	critical	all
7770783		unresolved	critical	all
7770784		unresolved	critical	all
7770785		unresolved	critical	all
7770786		unresolved	critical	all
7770787		unresolved	critical	all
7770788		unresolved	critical	all
7770789		unresolved	critical	all
7770790		unresolved	critical	all
7770791		unresolved	critical	all
7770792		unresolved	critical	all
7770793		unresolved	critical	all
7770794		unresolved	critical	all
7770795		unresolved	critical	all
7770796		unresolved	critical	all
7770797		unresolved	critical	all
7770798		unresolved	critical	all
7770799		unresolved	critical	all
7770800		unresolved	critical	all
7770801		unresolved	critical	all
7770802		unresolved	critical	all
7770803		unresolved	critical	all
7770804		unresolved	critical	all
7770805		unresolved	critical	all
7770806		unresolved	critical	all
7770807		unresolved	critical	all
7770808		unresolved	critical	all
7770809		unresolved	critical	all
7770810		unresolved	critical	all
7770811		unresolved	critical	all
7770812		unresolved	critical	all
7770813		unresolved	critical	all
7770814		unresolved	critical	all
7770815		unresolved	critical	all
7770816		unresolved	critical	all
7770817		unresolved	critical	all
7770818		unresolved	critical	all
7770819		unresolved	critical	all
7770820		unresolved	critical	all
7770821		unresolved	critical	all
7770822		unresolved	critical	all
7770823		unresolved	critical	all
7770824		unresolved	critical	all
7770825		unresolved	critical	all
7770826		unresolved	critical	all
7770827		unresolved	critical	all
7770828		unresolved	critical	all
7770829		unresolved	critical	all
7770830		unresolved	critical	all
7770831		unresolved	critical	all
7770832		unresolved	critical	all
7770833		unresolved	critical	all
7770834		unresolved	critical	all
7770835		unresolved	critical	all
7770836		unresolved	critical	all
7770837		unresolved	critical	all
7770838		unresolved	critical	all
7770839		unresolved	critical	all
7770840		unresolved	critical	all
7770841		unresolved	critical	all
7770842		unresolved	critical	all
7770843		unresolved	critical	all
7770844		unresolved	critical	all
7770845		unresolved	critical	all
7770846		unresolved	critical	all
7770847		unresolved	critical	all
7770848		unresolved	critical	all
7770849		unresolved	critical	all
7770850		unresolved	critical	all
7770851		unresolved	critical	all
7770852		unresolved	critical	all
7770853		unresolved	critical	all
7770854		unresolved	critical	all
7770855		unresolved	critical	all
7770856		unresolved	critical	all
7770857		unresolved	critical	all
7770858		unresolved	critical	all
7770859		unresolved	critical	all
7770860		unresolved	critical	all
7770861		unresolved	critical	all
7770862		unresolved	critical	all
7770863		unresolved	critical	all
7770864		unresolved	critical	all
7770865		unresolved	critical	all
7770866		unresolved	critical	all
7770867		unresolved	critical	all
7770868		unresolved	critical	all
7770869		unresolved	critical	all
7770870		unresolved	critical	all
7770871		unresolved	critical	all
7770872		unresolved	critical	all
7770873		unresolved	critical	all
7770874		unresolved	critical	all
7770875		unresolved	critical	all
7770876		unresolved	critical	all
7770877		unresolved	critical	all
7770878		unresolved	critical	all
7770879		unresolved	critical	all
7770880		unresolved	critical	all
7770881		unresolved	critical	all
7770882		unresolved	critical	all
7770883		unresolved	critical	all
7770884		unresolved	critical	all
7770885		unresolved	critical	all
7770886		unresolved	critical	all
7770887		unresolved	critical	all
7770888		unresolved	critical	all
7770889		unresolved	critical	all
7770890		unresolved	critical	all
7770891		unresolved	critical	all
7770892		unresolved	critical	all
7770893		unresolved	critical	all
7770894		unresolved	critical	all
7770895		unresolved	critical	all
7770896		unresolved	critical	all
7770897		unresolved	critical	all
7770898		unresolved	critical	all
7770899		unresolved	critical	all
7770900		unresolved	critical	all
7770901		unresolved	critical	all
7770902		unresolved	critical	all
7770903		unresolved	critical	all
7770904		unresolved	critical	all
7770905		unresolved	critical	all
7770906		unresolved	critical	all
7770907		unresolved	critical	all
7770908		unresolved	critical	all
7770909		unresolved	critical	all
7770910		unresolved	critical	all
7770911		unresolved	critical	all
7770912		unresolved	critical	all
7770913		unresolved	critical	all
7770914		unresolved	critical	all
7770915		unresolved	critical	all
7770916		unresolved	critical	all
7770917		unresolved	critical	all
7770918		unresolved	critical	all
7770919		unresolved	critical	all
7770920		unresolved	critical	all
7770921		unresolved	critical	all
7770922		unresolved	critical	all
7770923		unresolved	critical	all
7770924		unresolved	critical	all
7770925		unresolved	critical	all
7770926		unresolved	critical	all
7770927		unresolved	critical	all
7770928		unresolved	critical	all
7770929		unresolved	critical	all
7770930		unresolved	critical	all
7770931		unresolved	critical	all
7770932		unresolved	critical	all
7770933		unresolved	critical	all
7770934		unresolved	critical	all
7770935		unresolved	critical	all
7770936		unresolved	critical	all
7770937		unresolved	critical	all
7770938		unresolved	critical	all
7770939		unresolved	critical	all
7770940		unresolved	critical	all
7770941		unresolved	critical	all
7770942		unresolved	critical	all
7770943		unresolved	critical	all
7770944		unresolved	critical	all
7770945		unresolved	critical	all
7770946		unresolved	critical	all
7770947		unresolved	critical	all
7770948		unresolved	critical	all
7770949		unresolved	critical	all
7770950		unresolved	critical	all
7770951		unresolved	critical	all
7770952		unresolved	critical	all
7770953		unresolved	critical	all
7770954		unresolved	critical	all
7770955		unresolved	critical	all
7770956		unresolved	critical	all
7770957		unresolved	critical	all
7770958		unresolved	critical	all
7770959		unresolved	critical	all
7770960		unresolved	critical	all
7770961		unresolved	critical	all
7770962		unresolved	critical	all
7770963		unresolved	critical	all
7770964		unresolved	critical	all
7770965		unresolved	critical	all
7770966		unresolved	critical	all
7770967		unresolved	critical	all
7770968		unresolved	critical	all
7770969		unresolved	critical	all
7770970		unresolved	critical	all
7770971		unresolved	critical	all
7770972		unresolved	critical	all
7770973		unresolved	critical	all
7770974		unresolved	critical	all
7770975		unresolved	critical	all
7770976		unresolved	critical	all
7770977		unresolved	critical	all
7770978		unresolved	critical	all
7770979		unresolved	critical	all
7770980		unresolved	critical	all
7770981		unresolved	critical	all
7770982		unresolved	critical	all
7770983		unresolved	critical	all
7770984		unresolved	critical	all
7770985		unresolved	critical	all
7770986		unresolved	critical	all
7770987		unresolved	critical	all
7770988		unresolved	critical	all
7770989		unresolved	critical	all
7770990		unresolved	critical	all
7770991		unresolved	critical	all
7770992		unresolved	critical	all
7770993		unresolved	critical	all
7770994		unresolved	critical	all
7770995		unresolved	critical	all
7770996		unresolved	critical	all
7770997		unresolved	critical	all
7770998		unresolved	critical	all
7770999		unresolved	critical	all
7771000		unresolved	critical	all
7771001		unresolved	critical	all
7771002		unresolved	critical	all
7771003		unresolved	critical	all
7771004		unresolved	critical	all
7771005		unresolved	critical	all
7771006		unresolved	critical	all
7771007		unresolved	critical	all
7771008		unresolved	critical	all
7771009		unresolved	critical	all
7771010		unresolved	critical	all
7771011		unresolved	critical	all
7771012		unresolved	critical	all
7771013		unresolved	critical	all
7771014		unresolved	critical	all
7771015		unresolved	critical	all
7771016		unresolved	critical	all
7771017		unresolved	critical	all
7771018		unresolved	critical	all
7771019		unresolved	critical	all
7771020		unresolved	critical	all
7771021		unresolved	critical	all
7771022		unresolved	critical	all
7771023		unresolved	critical	all
7771024		unresolved	critical	all
7771025		unresolved	critical	all
7771026		unresolved	critical	all
7771027		unresolved	critical	all
7771028		unresolved	critical	all
7771029		unresolved	critical	all
7771030		unresolved	critical	all
7771031		unresolved	critical	all
7771032		unresolved	critical	all
7771033		unresolved	critical	all
7771034		unresolved	critical	all
7771035		unresolved	critical	all
7771036		unresolved	critical	all
7771037		unresolved	critical	all
7771038		unresolved	critical	all
7771039		unresolved	critical	all
7771040		unresolved	critical	all
7771041		unresolved	critical	all
7771042		unresolved	critical	all
7771043		unresolved	critical	all
7771044		unresolved	critical	all
7771045		unresolved	critical	all
7771046		unresolved	critical	all
7771047		unresolved	critical	all
7771048		unresolved	critical	all
7771049		unresolved	critical	all
7771050		unresolved	critical	all
7771051		unresolved	critical	all
7771052		unresolved	critical	all
7771053		unresolved	critical	all
7771054		unresolved	critical	all
7771055		unresolved	critical	all
7771056		unresolved	critical	all
7771057		unresolved	critical	all
7771058		unresolved	critical	all
7771059		unresolved	critical	all
7771060		unresolved	critical	all
7771061		unresolved	critical	all
7771062		unresolved	critical	all
7771063		unresolved	critical	all
7771064		unresolved	critical	all
7771065		unresolved	critical	all
7771066		unresolved	critical	all
7771067		unresolved	critical	all
7771068		unresolved	critical	all
7771069		unresolved	critical	all
7771070		unresolved	critical	all
7771071		unresolved	critical	all
7771072		unresolved	critical	all
7771073		unresolved	critical	all
7771074		unresolved	critical	all
7771075		unresolved	critical	all
7771076		unresolved	critical	all
7771077		unresolved	critical	all
7771078		unresolved	critical	all
7771079		unresolved	critical	all
7771080		unresolved	critical	all
7771081		unresolved	critical	all
7771082		unresolved	critical	all
7771083		unresolved	critical	all
7771084		unresolved	critical	all
7771085		unresolved	critical	all
7771086		unresolved	critical	all
7771087		unresolved	critical	all
7771088		unresolved	critical	all
7771089		unresolved	critical	all
7771090		unresolved	critical	all
7771091		unresolved	critical	all
7771092		unresolved	critical	all
7771093		unresolved	critical	all
7771094		unresolved	critical	all
7771095		unresolved	critical	all
7771096		unresolved	critical	all
7771097		unresolved	critical	all
7771098		unresolved	critical	all
7771099		unresolved	critical	all
7771100		unresolved	critical	all
7771101		unresolved	critical	all
7771102		unresolved	critical	all
7771103		unresolved	critical	all
7771104		unresolved	critical	all
7771105		unresolved	critical	all
7771106		unresolved	critical	all
7771107		unresolved	critical	all
7771108		unresolved	critical	all
7771109		unresolved	critical	all
7771110		unresolved	critical	all
7771111		unresolved	critical	all
7771112		unresolved	critical	all
7771113		unresolved	critical	all
7771114		unresolved	critical	all
7771115		unresolved	critical	all
7771116		unresolved	critical	all
7771117		unresolved	critical	all
7771118		unresolved	critical	all
7771119		unresolved	critical	all
7771120		unresolved	critical	all
7771121		unresolved	critical	all
7771122		unresolved	critical	all
7771123		unresolved	critical	all
7771124		unresolved	critical	all
7771125		unresolved	critical	all
7771126		unresolved	critical	all
7771127		unresolved	critical	all
7771128		unresolved	critical	all
7771129		unresolved	critical	all
7771130		unresolved	critical	all
7771131		unresolved	critical	all
7771132		unresolved	critical	all
7771133		unresolved	critical	all
7771134		unresolved	critical	all
7771135		unresolved	critical	all
7771136		unresolved	critical	all
7771137		unresolved	critical	all
7771138		unresolved	critical	all
7771139		unresolved	critical	all
7771140		unresolved	critical	all
7771141		unresolved	critical	all
7771142		unresolved	critical	all
7771143		unresolved	critical	all
7771144		unresolved	critical	all
7771145		unresolved	critical	all
7771146		unresolved	critical	all
7771147		unresolved	critical	all
7771148		unresolved	critical	all
7771149		unresolved	critical	all
7771150		unresolved	critical	all
7771151		unresolved	critical	all
7771152	check:7771152/access	region_sufficient	critical	all	Siofra River access suffices because StartGrace.slot_data unconditionally sends chest-gate flag 1034509410; test_fingerslayer_chest_gate_flag_force_set guards the bypass.	#1271			greenfield/eldenring/tests/test_gf_features_smoke.py	test_fingerslayer_chest_gate_flag_force_set
7771153		unresolved	critical	all
7771154		unresolved	critical	all
7771155		unresolved	critical	all
7771156		unresolved	critical	all
7771157		unresolved	critical	all
7771158		unresolved	critical	all
7771159		unresolved	critical	all
7771160		unresolved	critical	all
7771161		unresolved	critical	all
7771162		unresolved	critical	all
7771163		unresolved	critical	all
7771164		unresolved	critical	all
7771165		unresolved	critical	all
7771166		unresolved	critical	all
7771167		unresolved	critical	all
7771168		unresolved	critical	all
7771169		unresolved	critical	all
7771170		unresolved	critical	all
7771171		unresolved	critical	all
7771172		unresolved	critical	all
7771173		unresolved	critical	all
7771174		unresolved	critical	all
7771175		unresolved	critical	all
7771176		unresolved	critical	all
7771177		unresolved	critical	all
7771178		unresolved	critical	all
7771179		unresolved	critical	all
7771180		unresolved	critical	all
7771181		unresolved	critical	all
7771182		unresolved	critical	all
7771183		unresolved	critical	all
7771184		unresolved	critical	all
7771185		unresolved	critical	all
7771186		unresolved	critical	all
7771187		unresolved	critical	all
7771188		unresolved	critical	all
7771189		unresolved	critical	all
7771190		unresolved	critical	all
7771191		unresolved	critical	all
7771192		unresolved	critical	all
7771193		unresolved	critical	all
7771194		unresolved	critical	all
7771195		unresolved	critical	all
7771196		unresolved	critical	all
7771197		unresolved	critical	all
7771198		unresolved	critical	all
7771199		unresolved	critical	all
7771200		unresolved	critical	all
7771201		unresolved	critical	all
7771202		unresolved	critical	all
7771203		unresolved	critical	all
7771204		unresolved	critical	all
7771205		unresolved	critical	all
7771206		unresolved	critical	all
7771207		unresolved	critical	all
7771208		unresolved	critical	all
7771209		unresolved	critical	all
7771210		unresolved	critical	all
7771211		unresolved	critical	all
7771212		unresolved	critical	all
7771213		unresolved	critical	all
7771214		unresolved	critical	all
7771215		unresolved	critical	all
7771216		unresolved	critical	all
7771217		unresolved	critical	all
7771218		unresolved	critical	all
7771219		unresolved	critical	all
7771220		unresolved	critical	all
7771221		unresolved	critical	all
7771222		unresolved	critical	all
7771223		unresolved	critical	all
7771224		unresolved	critical	all
7771225		unresolved	critical	all
7771226		unresolved	critical	all
7771227		unresolved	critical	all
7771228		unresolved	critical	all
7771229		unresolved	critical	all
7771230		unresolved	critical	all
7771231		unresolved	critical	all
7771232		unresolved	critical	all
7771233		unresolved	critical	all
7771234		unresolved	critical	all
7771235		unresolved	critical	all
7771236		unresolved	critical	all
7771237		unresolved	critical	all
7771238		unresolved	critical	all
7771239		unresolved	critical	all
7771240		unresolved	critical	all
7771241		unresolved	critical	all
7771242		unresolved	critical	all
7771243		unresolved	critical	all
7771244		unresolved	critical	all
7771245		unresolved	critical	all
7771246		unresolved	critical	all
7771247		unresolved	critical	all
7771248		unresolved	critical	all
7771249		unresolved	critical	all
7771250		unresolved	critical	all
7771251		unresolved	critical	all
7771252		unresolved	critical	all
7771253		unresolved	critical	all
7771254		unresolved	critical	all
7771255		unresolved	critical	all
7771256		unresolved	critical	all
7771257		unresolved	critical	all
7771258		unresolved	critical	all
7771259		unresolved	critical	all
7771260		unresolved	critical	all
7771261		unresolved	critical	all
7771262		unresolved	critical	all
7771263		unresolved	critical	all
7771264		unresolved	critical	all
7771265		unresolved	critical	all
7771266		unresolved	critical	all
7771267		unresolved	critical	all
7771268		unresolved	critical	all
7771269		unresolved	critical	all
7771270		unresolved	critical	all
7771271		unresolved	critical	all
7771272		unresolved	critical	all
7771273		unresolved	critical	all
7771274		unresolved	critical	all
7771275		unresolved	critical	all
7771276		unresolved	critical	all
7771277		unresolved	critical	all
7771278		unresolved	critical	all
7771279		unresolved	critical	all
7771280		unresolved	critical	all
7771281		unresolved	critical	all
7771282		unresolved	critical	all
7771283		unresolved	critical	all
7771284		unresolved	critical	all
7771285		unresolved	critical	all
7771286		unresolved	critical	all
7771287		unresolved	critical	all
7771288		unresolved	critical	all
7771289		unresolved	critical	all
7771290		unresolved	critical	all
7771291		unresolved	critical	all
7771292		unresolved	critical	all
7771293		unresolved	critical	all
7771294		unresolved	critical	all
7771295		unresolved	critical	all
7771296		unresolved	critical	all
7771297		unresolved	critical	all
7771298		unresolved	critical	all
7771299		unresolved	critical	all
7771300		unresolved	critical	all
7771301		unresolved	critical	all
7771302		unresolved	critical	all
7771303		unresolved	critical	all
7771304		unresolved	critical	all
7771305		unresolved	critical	all
7771306		unresolved	critical	all
7771307		unresolved	critical	all
7771308		unresolved	critical	all
7771309		unresolved	critical	all
7771310		unresolved	critical	all
7771311		unresolved	critical	all
7771312		unresolved	critical	all
7771313		unresolved	critical	all
7771314		unresolved	critical	all
7771315		unresolved	critical	all
7771316		unresolved	critical	all
7771317		unresolved	critical	all
7771318		unresolved	critical	all
7771319		unresolved	critical	all
7771320		unresolved	critical	all
7771321		unresolved	critical	all
7771322		unresolved	critical	all
7771323		unresolved	critical	all
7771324		unresolved	critical	all
7771325		unresolved	critical	all
7771326		unresolved	critical	all
7771327		unresolved	critical	all
7771328		unresolved	critical	all
7771329		unresolved	critical	all
7771330		unresolved	critical	all
7771331		unresolved	critical	all
7771332		unresolved	critical	all
7771333		unresolved	critical	all
7771334		unresolved	critical	all
7771335		unresolved	critical	all
7771336		unresolved	critical	all
7771337		unresolved	critical	all
7771338		unresolved	critical	all
7771339		unresolved	critical	all
7771340		unresolved	critical	all
7771341		unresolved	critical	all
7771342		unresolved	critical	all
7771343		unresolved	critical	all
7771344		unresolved	critical	all
7771345		unresolved	critical	all
7771346		unresolved	critical	all
7771347		unresolved	critical	all
7771348		unresolved	critical	all
7771349		unresolved	critical	all
7771350		unresolved	critical	all
7771351		unresolved	critical	all
7771352		unresolved	critical	all
7771353		unresolved	critical	all
7771354		unresolved	critical	all
7771355		unresolved	critical	all
7771356		unresolved	critical	all
7771357		unresolved	critical	all
7771358		unresolved	critical	all
7771359		unresolved	critical	all
7771360		unresolved	critical	all
7771361		unresolved	critical	all
7771362		unresolved	critical	all
7771363		unresolved	critical	all
7771364		unresolved	critical	all
7771365		unresolved	critical	all
7771366		unresolved	critical	all
7771367		unresolved	critical	all
7771368		unresolved	critical	all
7771369		unresolved	critical	all
7771370		unresolved	critical	all
7771371		unresolved	critical	all
7771372		unresolved	critical	all
7771373		unresolved	critical	all
7771374		unresolved	critical	all
7771375		unresolved	critical	all
7771376		unresolved	critical	all
7771377		unresolved	critical	all
7771378		unresolved	critical	all
7771379		unresolved	critical	all
7771380		unresolved	critical	all
7771381		unresolved	critical	all
7771382		unresolved	critical	all
7771383		unresolved	critical	all
7771384		unresolved	critical	all
7771385		unresolved	critical	all
7771386		unresolved	critical	all
7771387		unresolved	critical	all
7771388		unresolved	critical	all
7771389		unresolved	critical	all
7771390		unresolved	critical	all
7771391		unresolved	critical	all
7771392		unresolved	critical	all
7771393		unresolved	critical	all
7771394		unresolved	critical	all
7771395		unresolved	critical	all
7771396		unresolved	critical	all
7771397		unresolved	critical	all
7771398		unresolved	critical	all
7771399		unresolved	critical	all
7771400		unresolved	critical	all
7771401		unresolved	critical	all
7771402		unresolved	critical	all
7771403		unresolved	critical	all
7771404		unresolved	critical	all
7771405		unresolved	critical	all
7771406		unresolved	critical	all
7771407		unresolved	critical	all
7771408		unresolved	critical	all
7771409		unresolved	critical	all
7771410		unresolved	critical	all
7771411		unresolved	critical	all
7771412		unresolved	critical	all
7771413		unresolved	critical	all
7771414		unresolved	critical	all
7771415		unresolved	critical	all
7771416		unresolved	critical	all
7771417		unresolved	critical	all
7771418		unresolved	critical	all
7771419		unresolved	critical	all
7771420		unresolved	critical	all
7771421		unresolved	critical	all
7771422		unresolved	critical	all
7771423		unresolved	critical	all
7771424		unresolved	critical	all
7771425		unresolved	critical	all
7771426		unresolved	critical	all
7771427		unresolved	critical	all
7771428		unresolved	critical	all
7771429		unresolved	critical	all
7771430		unresolved	critical	all
7771431		unresolved	critical	all
7771432		unresolved	critical	all
7771433		unresolved	critical	all
7771434		unresolved	critical	all
7771435		unresolved	critical	all
7771436		unresolved	critical	all
7771437		unresolved	critical	all
7771438		unresolved	critical	all
7771439		unresolved	critical	all
7771440		unresolved	critical	all
7771441		unresolved	critical	all
7771442		unresolved	critical	all
7771443		unresolved	critical	all
7771444		unresolved	critical	all
7771445		unresolved	critical	all
7771446		unresolved	critical	all
7771447		unresolved	critical	all
7771448		unresolved	critical	all
7771449		unresolved	critical	all
7771450		unresolved	critical	all
7771451		unresolved	critical	all
7771452		unresolved	critical	all
7771453		unresolved	critical	all
7771454		unresolved	critical	all
7771455		unresolved	critical	all
7771456		unresolved	critical	all
7771457		unresolved	critical	all
7771458		unresolved	critical	all
7771459		unresolved	critical	all
7771460		unresolved	critical	all
7771461		unresolved	critical	all
7771462		unresolved	critical	all
7771463		unresolved	critical	all
7771464		unresolved	critical	all
7771465		unresolved	critical	all
7771466		unresolved	critical	all
7771467		unresolved	critical	all
7771468		unresolved	critical	all
7771469		unresolved	critical	all
7771470		unresolved	critical	all
7771471		unresolved	critical	all
7771472		unresolved	critical	all
7771473		unresolved	critical	all
7771474		unresolved	critical	all
7771475		unresolved	critical	all
7771476		unresolved	critical	all
7771477		unresolved	critical	all
7771478		unresolved	critical	all
7771479		unresolved	critical	all
7771480		unresolved	critical	all
7771481		unresolved	critical	all
7771482		unresolved	critical	all
7771483		unresolved	critical	all
7771484		unresolved	critical	all
7771485		unresolved	critical	all
7771486		unresolved	critical	all
7771487		unresolved	critical	all
7771488		unresolved	critical	all
7771489		unresolved	critical	all
7771490		unresolved	critical	all
7771491		unresolved	critical	all
7771492		unresolved	critical	all
7771493		unresolved	critical	all
7771494		unresolved	critical	all
7771495		unresolved	critical	all
7771496		unresolved	critical	all
7771497		unresolved	critical	all
7771498		unresolved	critical	all
7771499		unresolved	critical	all
7771500		unresolved	critical	all
7771501		unresolved	critical	all
7771502		unresolved	critical	all
7771503		unresolved	critical	all
7771504		unresolved	critical	all
7771505		unresolved	critical	all
7771506		unresolved	critical	all
7771507		unresolved	critical	all
7771508		unresolved	critical	all
7771509		unresolved	critical	all
7771510		unresolved	critical	all
7771511		unresolved	critical	all
7771512		unresolved	critical	all
7771513		unresolved	critical	all
7771514		unresolved	critical	all
7771515		unresolved	critical	all
7771516		unresolved	critical	all
7771517		unresolved	critical	all
7771518		unresolved	critical	all
7771519		unresolved	critical	all
7771520		unresolved	critical	all
7771521		unresolved	critical	all
7771522		unresolved	critical	all
7771523		unresolved	critical	all
7771524		unresolved	critical	all
7771525		unresolved	critical	all
7771526		unresolved	critical	all
7771527		unresolved	critical	all
7771528		unresolved	critical	all
7771529		unresolved	critical	all
7771530		unresolved	critical	all
7771531		unresolved	critical	all
7771532		unresolved	critical	all
7771533		unresolved	critical	all
7771534		unresolved	critical	all
7771535		unresolved	critical	all
7771536		unresolved	critical	all
7771537		unresolved	critical	all
7771538		unresolved	critical	all
7771539		unresolved	critical	all
7771540		unresolved	critical	all
7771541		unresolved	critical	all
7771542		unresolved	critical	all
7771543		unresolved	critical	all
7771544		unresolved	critical	all
7771545		unresolved	critical	all
7771546		unresolved	critical	all
7771547		unresolved	critical	all
7771548		unresolved	critical	all
7771549		unresolved	critical	all
7771550		unresolved	critical	all
7771551		unresolved	critical	all
7771552		unresolved	critical	all
7771553		unresolved	critical	all
7771554		unresolved	critical	all
7771555		unresolved	critical	all
7771556		unresolved	critical	all
7771557		unresolved	critical	all
7771558		unresolved	critical	all
7771559		unresolved	critical	all
7771560		unresolved	critical	all
7771561		unresolved	critical	all
7771562		unresolved	critical	all
7771563		unresolved	critical	all
7771564		unresolved	critical	all
7771565		unresolved	critical	all
7771566		unresolved	critical	all
7771567		unresolved	critical	all
7771568		unresolved	critical	all
7771569		unresolved	critical	all
7771570		unresolved	critical	all
7771571		unresolved	critical	all
7771572		unresolved	critical	all
7771573		unresolved	critical	all
7771574		unresolved	critical	all
7771575		unresolved	critical	all
7771576		unresolved	critical	all
7771577		unresolved	critical	all
7771578		unresolved	critical	all
7771579		unresolved	critical	all
7771580		unresolved	critical	all
7771581		unresolved	critical	all
7771582		unresolved	critical	all
7771583		unresolved	critical	all
7771584		unresolved	critical	all
7771585		unresolved	critical	all
7771586		unresolved	critical	all
7771587		unresolved	critical	all
7771588		unresolved	critical	all
7771589		unresolved	critical	all
7771590		unresolved	critical	all
7771591		unresolved	critical	all
7771592		unresolved	critical	all
7771593		unresolved	critical	all
7771594		unresolved	critical	all
7771595		unresolved	critical	all
7771596		unresolved	critical	all
7771597		unresolved	critical	all
7771598		unresolved	critical	all
7771599		unresolved	critical	all
7771600		unresolved	critical	all
7771601		unresolved	critical	all
7771602		unresolved	critical	all
7771603		unresolved	critical	all
7771604		unresolved	critical	all
7771605		unresolved	critical	all
7771606		unresolved	critical	all
7771607		unresolved	critical	all
7771608		unresolved	critical	all
7771609		unresolved	critical	all
7771610		unresolved	critical	all
7771611		unresolved	critical	all
7771612		unresolved	critical	all
7771613		unresolved	critical	all
7771614		unresolved	critical	all
7771615		unresolved	critical	all
7771616		unresolved	critical	all
7771617		unresolved	critical	all
7771618		unresolved	critical	all
7771619		unresolved	critical	all
7771620		unresolved	critical	all
7771621		unresolved	critical	all
7771622		unresolved	critical	all
7771623		unresolved	critical	all
7771624		unresolved	critical	all
7771625		unresolved	critical	all
7771626		unresolved	critical	all
7771627		unresolved	critical	all
7771628		unresolved	critical	all
7771629		unresolved	critical	all
7771630		unresolved	critical	all
7771631		unresolved	critical	all
7771632		unresolved	critical	all
7771633		unresolved	critical	all
7771634		unresolved	critical	all
7771635		unresolved	critical	all
7771636		unresolved	critical	all
7771637		unresolved	critical	all
7771638		unresolved	critical	all
7771639		unresolved	critical	all
7771640		unresolved	critical	all
7771641		unresolved	critical	all
7771642		unresolved	critical	all
7771643		unresolved	critical	all
7771644		unresolved	critical	all
7771645		unresolved	critical	all
7771646		unresolved	critical	all
7771647		unresolved	critical	all
7771648		unresolved	critical	all
7771649		unresolved	critical	all
7771650		unresolved	critical	all
7771651		unresolved	critical	all
7771652		unresolved	critical	all
7771653		unresolved	critical	all
7771654		unresolved	critical	all
7771655		unresolved	critical	all
7771656		unresolved	critical	all
7771657		unresolved	critical	all
7771658		unresolved	critical	all
7771659		unresolved	critical	all
7771660		unresolved	critical	all
7771661		unresolved	critical	all
7771662		unresolved	critical	all
7771663		unresolved	critical	all
7771664		unresolved	critical	all
7771665		unresolved	critical	all
7771666		unresolved	critical	all
7771667		unresolved	critical	all
7771668		unresolved	critical	all
7771669		unresolved	critical	all
7771670		unresolved	critical	all
7771671		unresolved	critical	all
7771672		unresolved	critical	all
7771673		unresolved	critical	all
7771674		unresolved	critical	all
7771675		unresolved	critical	all
7771676		unresolved	critical	all
7771677		unresolved	critical	all
7771678		unresolved	critical	all
7771679		unresolved	critical	all
7771680		unresolved	critical	all
7771681		unresolved	critical	all
7771682		unresolved	critical	all
7771683		unresolved	critical	all
7771684		unresolved	critical	all
7771685		unresolved	critical	all
7771686		unresolved	critical	all
7771687		unresolved	critical	all
7771688		unresolved	critical	all
7771689		unresolved	critical	all
7771690		unresolved	critical	all
7771691		unresolved	critical	all
7771692		unresolved	critical	all
7771693		unresolved	critical	all
7771694		unresolved	critical	all
7771695		unresolved	critical	all
7771696		unresolved	critical	all
7771697		unresolved	critical	all
7771698		unresolved	critical	all
7771699		unresolved	critical	all
7771700		unresolved	critical	all
7771701		unresolved	critical	all
7771702		unresolved	critical	all
7771703		unresolved	critical	all
7771704		unresolved	critical	all
7771705		unresolved	critical	all
7771706		unresolved	critical	all
7771707		unresolved	critical	all
7771708		unresolved	critical	all
7771709		unresolved	critical	all
7771710		unresolved	critical	all
7771711		unresolved	critical	all
7771712		unresolved	critical	all
7771713		unresolved	critical	all
7771714		unresolved	critical	all
7771715		unresolved	critical	all
7771716		unresolved	critical	all
7771717		unresolved	critical	all
7771718		unresolved	critical	all
7771719		unresolved	critical	all
7771720		unresolved	critical	all
7771721		unresolved	critical	all
7771722		unresolved	critical	all
7771723		unresolved	critical	all
7771724		unresolved	critical	all
7771725		unresolved	critical	all
7771726		unresolved	critical	all
7771727		unresolved	critical	all
7771728		unresolved	critical	all
7771729		unresolved	critical	all
7771730		unresolved	critical	all
7771731		unresolved	critical	all
7771732		unresolved	critical	all
7771733		unresolved	critical	all
7771734		unresolved	critical	all
7771735		unresolved	critical	all
7771736		unresolved	critical	all
7771737		unresolved	critical	all
7771738		unresolved	critical	all
7771739		unresolved	critical	all
7771740		unresolved	critical	all
7771741		unresolved	critical	all
7771742		unresolved	critical	all
7771743		unresolved	critical	all
7771744		unresolved	critical	all
7771745		unresolved	critical	all
7771746		unresolved	critical	all
7771747		unresolved	critical	all
7771748		unresolved	critical	all
7771749		unresolved	critical	all
7771750		unresolved	critical	all
7771751		unresolved	critical	all
7771752		unresolved	critical	all
7771753		unresolved	critical	all
7771754		unresolved	critical	all
7771755		unresolved	critical	all
7771756		unresolved	critical	all
7771757		unresolved	critical	all
7771758		unresolved	critical	all
7771759		unresolved	critical	all
7771760		unresolved	critical	all
7771761		unresolved	critical	all
7771762		unresolved	critical	all
7771763		unresolved	critical	all
7771764		unresolved	critical	all
7771765		unresolved	critical	all
7771766		unresolved	critical	all
7771767		unresolved	critical	all
7771768		unresolved	critical	all
7771769		unresolved	critical	all
7771770		unresolved	critical	all
7771771		unresolved	critical	all
7771772		unresolved	critical	all
7771773		unresolved	critical	all
7771774		unresolved	critical	all
7771775		unresolved	critical	all
7771776		unresolved	critical	all
7771777		unresolved	critical	all
7771778		unresolved	critical	all
7771779		unresolved	critical	all
7771780		unresolved	critical	all
7771781		unresolved	critical	all
7771782		unresolved	critical	all
7771783		unresolved	critical	all
7771784		unresolved	critical	all
7771785		unresolved	critical	all
7771786		unresolved	critical	all
7771787		unresolved	critical	all
7771788		unresolved	critical	all
7771789		unresolved	critical	all
7771790		unresolved	critical	all
7771791		unresolved	critical	all
7771792		unresolved	critical	all
7771793		unresolved	critical	all
7771794		unresolved	critical	all
7771795		unresolved	critical	all
7771796		unresolved	critical	all
7771797		unresolved	critical	all
7771798		unresolved	critical	all
7771799		unresolved	critical	all
7771800		unresolved	critical	all
7771801		unresolved	critical	all
7771802		unresolved	critical	all
7771803		unresolved	critical	all
7771804		unresolved	critical	all
7771805		unresolved	critical	all
7771806		unresolved	critical	all
7771807		unresolved	critical	all
7771808		unresolved	critical	all
7771809		unresolved	critical	all
7771810	check:7771810/access	encoded	critical	stagefront_fragment_swept=false	CrossRegionAccess.set_rules requires Enir Ilim reachability for the physical pickup when no enabled boss sweep contains this exact check.	#1271			greenfield/eldenring/tests/test_gf_cross_region_access.py	test_physical_pickup_requires_enir_ilim_without_sweep
7771810	check:7771810/access	encoded	critical	stagefront_fragment_swept=true	The enabled Dancing Lion sweep is an independent Belurat-side route and CrossRegionAccess deliberately does not add the Enir Ilim predicate.	#1271			greenfield/eldenring/tests/test_gf_cross_region_access.py	test_dancing_lion_sweep_is_independent_of_enir_ilim
7771811		unresolved	critical	all
7771812		unresolved	critical	all
7771813		unresolved	critical	all
7771814		unresolved	critical	all
7771815		unresolved	critical	all
7771816		unresolved	critical	all
7771817		unresolved	critical	all
7771818		unresolved	critical	all
7771819		unresolved	critical	all
7771820		unresolved	critical	all
7771821		unresolved	critical	all
7771822		unresolved	critical	all
7771823		unresolved	critical	all
7771824		unresolved	critical	all
7771825		unresolved	critical	all
7771826		unresolved	critical	all
7771827		unresolved	critical	all
7771828		unresolved	critical	all
7771829		unresolved	critical	all
7771830		unresolved	critical	all
7771831		unresolved	critical	all
7771832		unresolved	critical	all
7771833		unresolved	critical	all
7771834		unresolved	critical	all
7771835		unresolved	critical	all
7771836		unresolved	critical	all
7771837		unresolved	critical	all
7771838		unresolved	critical	all
7771839		unresolved	critical	all
7771840		unresolved	critical	all
7771841		unresolved	critical	all
7771842		unresolved	critical	all
7771843		unresolved	critical	all
7771844		unresolved	critical	all
7771845		unresolved	critical	all
7771846		unresolved	critical	all
7771847		unresolved	critical	all
7771848		unresolved	critical	all
7771849		unresolved	critical	all
7771850		unresolved	critical	all
7771851		unresolved	critical	all
7771852		unresolved	critical	all
7771853		unresolved	critical	all
7771854		unresolved	critical	all
7771855		unresolved	critical	all
7771856		unresolved	critical	all
7771857		unresolved	critical	all
7771858		unresolved	critical	all
7771859		unresolved	critical	all
7771860		unresolved	critical	all
7771861		unresolved	critical	all
7771862		unresolved	critical	all
7771863		unresolved	critical	all
7771864		unresolved	critical	all
7771865		unresolved	critical	all
7771866		unresolved	critical	all
7771867		unresolved	critical	all
7771868		unresolved	critical	all
7771869		unresolved	critical	all
7771870		unresolved	critical	all
7771871		unresolved	critical	all
7771872		unresolved	critical	all
7771873		unresolved	critical	all
7771874		unresolved	critical	all
7771875		unresolved	critical	all
7771876		unresolved	critical	all
7771877		unresolved	critical	all
7771878		unresolved	critical	all
7771879		unresolved	critical	all
7771880		unresolved	critical	all
7771881		unresolved	critical	all
7771882		unresolved	critical	all
7771883		unresolved	critical	all
7771884		unresolved	critical	all
7771885		unresolved	critical	all
7771886		unresolved	critical	all
7771887		unresolved	critical	all
7771888		unresolved	critical	all
7771889		unresolved	critical	all
7771890		unresolved	critical	all
7771891		unresolved	critical	all
7771892		unresolved	critical	all
7771893		unresolved	critical	all
7771894		unresolved	critical	all
7771895		unresolved	critical	all
7771896		unresolved	critical	all
7771897		unresolved	critical	all
7771898		unresolved	critical	all
7771899		unresolved	critical	all
7771900		unresolved	critical	all
7771901		unresolved	critical	all
7771902		unresolved	critical	all
7771903		unresolved	critical	all
7771904		unresolved	critical	all
7771905		unresolved	critical	all
7771906		unresolved	critical	all
7771907		unresolved	critical	all
7771908		unresolved	critical	all
7771909		unresolved	critical	all
7771910		unresolved	critical	all
7771911		unresolved	critical	all
7771912		unresolved	critical	all
7771913		unresolved	critical	all
7771914		unresolved	critical	all
7771915		unresolved	critical	all
7771916		unresolved	critical	all
7771917		unresolved	critical	all
7771918		unresolved	critical	all
7771919		unresolved	critical	all
7771920		unresolved	critical	all
7771921		unresolved	critical	all
7771922		unresolved	critical	all
7771923		unresolved	critical	all
7771924		unresolved	critical	all
7771925		unresolved	critical	all
7771926		unresolved	critical	all
7771927		unresolved	critical	all
7771928		unresolved	critical	all
7771929		unresolved	critical	all
7771930		unresolved	critical	all
7771931		unresolved	critical	all
7771932		unresolved	critical	all
7771933		unresolved	critical	all
7771934		unresolved	critical	all
7771935		unresolved	critical	all
7771936		unresolved	critical	all
7771937		unresolved	critical	all
7771938		unresolved	critical	all
7771939		unresolved	critical	all
7771940		unresolved	critical	all
7771941		unresolved	critical	all
7771942		unresolved	critical	all
7771943		unresolved	critical	all
7771944		unresolved	critical	all
7771945		unresolved	critical	all
7771946		unresolved	critical	all
7771947		unresolved	critical	all
7771948		unresolved	critical	all
7771949		unresolved	critical	all
7771950		unresolved	critical	all
7771951		unresolved	critical	all
7771952		unresolved	critical	all
7771953		unresolved	critical	all
7771954		unresolved	critical	all
7771955		unresolved	critical	all
7771956		unresolved	critical	all
7771957		unresolved	critical	all
7771958		unresolved	critical	all
7771959		unresolved	critical	all
7771960		unresolved	critical	all
7771961		unresolved	critical	all
7771962		unresolved	critical	all
7771963		unresolved	critical	all
7771964		unresolved	critical	all
7771965		unresolved	critical	all
7771966		unresolved	critical	all
7771967		unresolved	critical	all
7771968		unresolved	critical	all
7771969		unresolved	critical	all
7771970		unresolved	critical	all
7771971		unresolved	critical	all
7771972		unresolved	critical	all
7771973		unresolved	critical	all
7771974		unresolved	critical	all
7771975		unresolved	critical	all
7771976		unresolved	critical	all
7771977		unresolved	critical	all
7771978		unresolved	critical	all
7771979		unresolved	critical	all
7771980		unresolved	critical	all
7771981		unresolved	critical	all
7771982		unresolved	critical	all
7771983		unresolved	critical	all
7771984		unresolved	critical	all
7771985		unresolved	critical	all
7771986		unresolved	critical	all
7771987		unresolved	critical	all
7771988		unresolved	critical	all
7771989		unresolved	critical	all
7771990		unresolved	critical	all
7771991		unresolved	critical	all
7771992		unresolved	critical	all
7771993		unresolved	critical	all
7771994		unresolved	critical	all
7771995		unresolved	critical	all
7771996		unresolved	critical	all
7771997		unresolved	critical	all
7771998		unresolved	critical	all
7771999		unresolved	critical	all
7772000		unresolved	critical	all
7772001		unresolved	critical	all
7772002		unresolved	critical	all
7772003		unresolved	critical	all
7772004		unresolved	critical	all
7772005		unresolved	critical	all
7772006		unresolved	critical	all
7772007		unresolved	critical	all
7772008		unresolved	critical	all
7772009		unresolved	critical	all
7772010		unresolved	critical	all
7772011		unresolved	critical	all
7772012		unresolved	critical	all
7772013		unresolved	critical	all
7772014		unresolved	critical	all
7772015		unresolved	critical	all
7772016		unresolved	critical	all
7772017		unresolved	critical	all
7772018		unresolved	critical	all
7772019		unresolved	critical	all
7772020		unresolved	critical	all
7772021		unresolved	critical	all
7772022		unresolved	critical	all
7772023		unresolved	critical	all
7772024		unresolved	critical	all
7772025		unresolved	critical	all
7772026		unresolved	critical	all
7772027		unresolved	critical	all
7772028		unresolved	critical	all
7772029		unresolved	critical	all
7772030		unresolved	critical	all
7772031		unresolved	critical	all
7772032		unresolved	critical	all
7772033		unresolved	critical	all
7772034		unresolved	critical	all
7772035		unresolved	critical	all
7772036		unresolved	critical	all
7772037		unresolved	critical	all
7772038		unresolved	critical	all
7772039		unresolved	critical	all
7772040		unresolved	critical	all
7772041		unresolved	critical	all
7772042		unresolved	critical	all
7772043		unresolved	critical	all
7772044		unresolved	critical	all
7772045		unresolved	critical	all
7772046		unresolved	critical	all
7772047		unresolved	critical	all
7772048		unresolved	critical	all
7772049		unresolved	critical	all
7772050		unresolved	critical	all
7772051		unresolved	critical	all
7772052		unresolved	critical	all
7772053		unresolved	critical	all
7772054		unresolved	critical	all
7772055		unresolved	critical	all
7772056		unresolved	critical	all
7772057		unresolved	critical	all
7772058		unresolved	critical	all
7772059		unresolved	critical	all
7772060		unresolved	critical	all
7772061		unresolved	critical	all
7772062		unresolved	critical	all
7772063		unresolved	critical	all
7772064		unresolved	critical	all
7772065		unresolved	critical	all
7772066		unresolved	critical	all
7772067		unresolved	critical	all
7772068		unresolved	critical	all
7772069		unresolved	critical	all
7772070		unresolved	critical	all
7772071		unresolved	critical	all
7772072		unresolved	critical	all
7772073		unresolved	critical	all
7772074		unresolved	critical	all
7772075		unresolved	critical	all
7772076		unresolved	critical	all
7772077		unresolved	critical	all
7772078		unresolved	critical	all
7772079		unresolved	critical	all
7772080		unresolved	critical	all
7772081		unresolved	critical	all
7772082		unresolved	critical	all
7772083		unresolved	critical	all
7772084		unresolved	critical	all
7772085		unresolved	critical	all
7772086		unresolved	critical	all
7772087		unresolved	critical	all
7772088		unresolved	critical	all
7772089		unresolved	critical	all
7772090		unresolved	critical	all
7772091		unresolved	critical	all
7772092		unresolved	critical	all
7772093		unresolved	critical	all
7772094		unresolved	critical	all
7772095		unresolved	critical	all
7772096		unresolved	critical	all
7772097		unresolved	critical	all
7772098		unresolved	critical	all
7772099		unresolved	critical	all
7772100		unresolved	critical	all
7772101		unresolved	critical	all
7772102		unresolved	critical	all
7772103		unresolved	critical	all
7772104		unresolved	critical	all
7772105		unresolved	critical	all
7772106		unresolved	critical	all
7772107		unresolved	critical	all
7772108		unresolved	critical	all
7772109		unresolved	critical	all
7772110		unresolved	critical	all
7772111		unresolved	critical	all
7772112		unresolved	critical	all
7772113		unresolved	critical	all
7772114		unresolved	critical	all
7772115		unresolved	critical	all
7772116		unresolved	critical	all
7772117		unresolved	critical	all
7772118		unresolved	critical	all
7772119		unresolved	critical	all
7772120		unresolved	critical	all
7772121		unresolved	critical	all
7772122		unresolved	critical	all
7772123		unresolved	critical	all
7772124		unresolved	critical	all
7772125		unresolved	critical	all
7772126		unresolved	critical	all
7772127		unresolved	critical	all
7772128		unresolved	critical	all
7772129		unresolved	critical	all
7772130		unresolved	critical	all
7772131		unresolved	critical	all
7772132		unresolved	critical	all
7772133		unresolved	critical	all
7772134		unresolved	critical	all
7772135		unresolved	critical	all
7772136		unresolved	critical	all
7772137		unresolved	critical	all
7772138		unresolved	critical	all
7772139		unresolved	critical	all
7772140		unresolved	critical	all
7772141		unresolved	critical	all
7772142		unresolved	critical	all
7772143		unresolved	critical	all
7772144		unresolved	critical	all
7772145		unresolved	critical	all
7772146		unresolved	critical	all
7772147		unresolved	critical	all
7772148		unresolved	critical	all
7772149		unresolved	critical	all
7772150		unresolved	critical	all
7772151		unresolved	critical	all
7772152		unresolved	critical	all
7772153		unresolved	critical	all
7772154		unresolved	critical	all
7772155		unresolved	critical	all
7772156		unresolved	critical	all
7772157		unresolved	critical	all
7772158		unresolved	critical	all
7772159		unresolved	critical	all
7772160		unresolved	critical	all
7772161		unresolved	critical	all
7772162		unresolved	critical	all
7772163		unresolved	critical	all
7772164		unresolved	critical	all
7772165		unresolved	critical	all
7772166		unresolved	critical	all
7772167		unresolved	critical	all
7772168		unresolved	critical	all
7772169		unresolved	critical	all
7772170		unresolved	critical	all
7772171		unresolved	critical	all
7772172		unresolved	critical	all
7772173		unresolved	critical	all
7772174		unresolved	critical	all
7772175		unresolved	critical	all
7772176		unresolved	critical	all
7772177		unresolved	critical	all
7772178		unresolved	critical	all
7772179		unresolved	critical	all
7772180		unresolved	critical	all
7772181		unresolved	critical	all
7772182		unresolved	critical	all
7772183		unresolved	critical	all
7772184		unresolved	critical	all
7772185		unresolved	critical	all
7772186		unresolved	critical	all
7772187		unresolved	critical	all
7772188		unresolved	critical	all
7772189		unresolved	critical	all
7772190		unresolved	critical	all
7772191		unresolved	critical	all
7772192		unresolved	critical	all
7772193		unresolved	critical	all
7772194		unresolved	critical	all
7772195		unresolved	critical	all
7772196		unresolved	critical	all
7772197		unresolved	critical	all
7772198		unresolved	critical	all
7772199		unresolved	critical	all
7772200		unresolved	critical	all
7772201		unresolved	critical	all
7772202		unresolved	critical	all
7772203		unresolved	critical	all
7772204		unresolved	critical	all
7772205		unresolved	critical	all
7772206		unresolved	critical	all
7772207		unresolved	critical	all
7772208		unresolved	critical	all
7772209		unresolved	critical	all
7772210		unresolved	critical	all
7772211		unresolved	critical	all
7772212		unresolved	critical	all
7772213		unresolved	critical	all
7772214		unresolved	critical	all
7772215		unresolved	critical	all
7772216		unresolved	critical	all
7772217		unresolved	critical	all
7772218		unresolved	critical	all
7772219		unresolved	critical	all
7772220		unresolved	critical	all
7772221		unresolved	critical	all
7772222		unresolved	critical	all
7772223		unresolved	critical	all
7772224		unresolved	critical	all
7772225		unresolved	critical	all
7772226		unresolved	critical	all
7772227		unresolved	critical	all
7772228		unresolved	critical	all
7772229		unresolved	critical	all
7772230		unresolved	critical	all
7772231		unresolved	critical	all
7772232		unresolved	critical	all
7772233		unresolved	critical	all
7772234		unresolved	critical	all
7772235		unresolved	critical	all
7772236		unresolved	critical	all
7772237		unresolved	critical	all
7772238		unresolved	critical	all
7772239		unresolved	critical	all
7772240		unresolved	critical	all
7772241		unresolved	critical	all
7772242		unresolved	critical	all
7772243		unresolved	critical	all
7772244		unresolved	critical	all
7772245		unresolved	critical	all
7772246		unresolved	critical	all
7772247		unresolved	critical	all
7772248		unresolved	critical	all
7772249		unresolved	critical	all
7772250		unresolved	critical	all
7772251		unresolved	critical	all
7772252		unresolved	critical	all
7772253		unresolved	critical	all
7772254		unresolved	critical	all
7772255		unresolved	critical	all
7772256		unresolved	critical	all
7772257		unresolved	critical	all
7772258		unresolved	critical	all
7772259		unresolved	critical	all
7772260		unresolved	critical	all
7772261		unresolved	critical	all
7772262		unresolved	critical	all
7772263		unresolved	critical	all
7772264		unresolved	critical	all
7772265		unresolved	critical	all
7772266		unresolved	critical	all
7772267		unresolved	critical	all
7772268		unresolved	critical	all
7772269		unresolved	critical	all
7772270		unresolved	critical	all
7772271		unresolved	critical	all
7772272		unresolved	critical	all
7772273		unresolved	critical	all
7772274		unresolved	critical	all
7772275		unresolved	critical	all
7772276		unresolved	critical	all
7772277		unresolved	critical	all
7772278		unresolved	critical	all
7772279		unresolved	critical	all
7772280		unresolved	critical	all
7772281		unresolved	critical	all
7772282		unresolved	critical	all
7772283		unresolved	critical	all
7772284		unresolved	critical	all
7772285		unresolved	critical	all
7772286		unresolved	critical	all
7772287		unresolved	critical	all
7772288		unresolved	critical	all
7772289		unresolved	critical	all
7772290		unresolved	critical	all
7772291		unresolved	critical	all
7772292		unresolved	critical	all
7772293		unresolved	critical	all
7772294		unresolved	critical	all
7772295		unresolved	critical	all
7772296		unresolved	critical	all
7772297		unresolved	critical	all
7772298		unresolved	critical	all
7772299		unresolved	critical	all
7772300		unresolved	critical	all
7772301		unresolved	critical	all
7772302		unresolved	critical	all
7772303		unresolved	critical	all
7772304		unresolved	critical	all
7772305		unresolved	critical	all
7772306		unresolved	critical	all
7772307		unresolved	critical	all
7772308		unresolved	critical	all
7772309		unresolved	critical	all
7772310		unresolved	critical	all
7772311		unresolved	critical	all
7772312	check:7772312/access	encoded	critical	item_shuffle=true,legacy_dungeon_keys=true,vanilla_placement=false	LegacyKeyGates.set_rules requires the Carian Inverted Statue for this exact inverted-route check; the regression proves the predicate and excludes standard-layout checks.	#1271			greenfield/eldenring/tests/test_gf_legacy_key_gate.py	test_carian_statue_gates_the_inverted_route_and_not_the_standard_hall
7772312	check:7772312/access	unresolved	critical	not(item_shuffle=true,legacy_dungeon_keys=true,vanilla_placement=false)
7772313	check:7772313/access	encoded	critical	item_shuffle=true,legacy_dungeon_keys=true,vanilla_placement=false	LegacyKeyGates.set_rules requires the Carian Inverted Statue for this exact inverted-route check; the regression proves the predicate and excludes standard-layout checks.	#1271			greenfield/eldenring/tests/test_gf_legacy_key_gate.py	test_carian_statue_gates_the_inverted_route_and_not_the_standard_hall
7772313	check:7772313/access	unresolved	critical	not(item_shuffle=true,legacy_dungeon_keys=true,vanilla_placement=false)
7772314	check:7772314/access	encoded	critical	item_shuffle=true,legacy_dungeon_keys=true,vanilla_placement=false	LegacyKeyGates.set_rules requires the Carian Inverted Statue for this exact inverted-route check; the regression proves the predicate and excludes standard-layout checks.	#1271			greenfield/eldenring/tests/test_gf_legacy_key_gate.py	test_carian_statue_gates_the_inverted_route_and_not_the_standard_hall
7772314	check:7772314/access	unresolved	critical	not(item_shuffle=true,legacy_dungeon_keys=true,vanilla_placement=false)
7772315		unresolved	critical	all
7772316	check:7772316/access	encoded	critical	item_shuffle=true,legacy_dungeon_keys=true,vanilla_placement=false	LegacyKeyGates.set_rules requires the Carian Inverted Statue for this exact inverted-route check; the regression proves the predicate and excludes standard-layout checks.	#1271			greenfield/eldenring/tests/test_gf_legacy_key_gate.py	test_carian_statue_gates_the_inverted_route_and_not_the_standard_hall
7772316	check:7772316/access	unresolved	critical	not(item_shuffle=true,legacy_dungeon_keys=true,vanilla_placement=false)
7772317	check:7772317/access	encoded	critical	item_shuffle=true,legacy_dungeon_keys=true,vanilla_placement=false	LegacyKeyGates.set_rules requires the Carian Inverted Statue for this exact inverted-route check; the regression proves the predicate and excludes standard-layout checks.	#1271			greenfield/eldenring/tests/test_gf_legacy_key_gate.py	test_carian_statue_gates_the_inverted_route_and_not_the_standard_hall
7772317	check:7772317/access	unresolved	critical	not(item_shuffle=true,legacy_dungeon_keys=true,vanilla_placement=false)
7772318	check:7772318/access	encoded	critical	item_shuffle=true,legacy_dungeon_keys=true,vanilla_placement=false	LegacyKeyGates.set_rules requires the Carian Inverted Statue for this exact inverted-route check; the regression proves the predicate and excludes standard-layout checks.	#1271			greenfield/eldenring/tests/test_gf_legacy_key_gate.py	test_carian_statue_gates_the_inverted_route_and_not_the_standard_hall
7772318	check:7772318/access	unresolved	critical	not(item_shuffle=true,legacy_dungeon_keys=true,vanilla_placement=false)
7772319	check:7772319/access	encoded	critical	item_shuffle=true,legacy_dungeon_keys=true,vanilla_placement=false	LegacyKeyGates.set_rules requires the Carian Inverted Statue for this exact inverted-route check; the regression proves the predicate and excludes standard-layout checks.	#1271			greenfield/eldenring/tests/test_gf_legacy_key_gate.py	test_carian_statue_gates_the_inverted_route_and_not_the_standard_hall
7772319	check:7772319/access	unresolved	critical	not(item_shuffle=true,legacy_dungeon_keys=true,vanilla_placement=false)
7772320	check:7772320/access	encoded	critical	item_shuffle=true,legacy_dungeon_keys=true,vanilla_placement=false	LegacyKeyGates.set_rules requires the Carian Inverted Statue for this exact inverted-route check; the regression proves the predicate and excludes standard-layout checks.	#1271			greenfield/eldenring/tests/test_gf_legacy_key_gate.py	test_carian_statue_gates_the_inverted_route_and_not_the_standard_hall
7772320	check:7772320/access	unresolved	critical	not(item_shuffle=true,legacy_dungeon_keys=true,vanilla_placement=false)
7772321		unresolved	critical	all
7772322	check:7772322/access	encoded	critical	item_shuffle=true,legacy_dungeon_keys=true,vanilla_placement=false	LegacyKeyGates.set_rules requires the Carian Inverted Statue for this exact inverted-route check; the regression proves the predicate and excludes standard-layout checks.	#1271			greenfield/eldenring/tests/test_gf_legacy_key_gate.py	test_carian_statue_gates_the_inverted_route_and_not_the_standard_hall
7772322	check:7772322/access	unresolved	critical	not(item_shuffle=true,legacy_dungeon_keys=true,vanilla_placement=false)
7772323		unresolved	critical	all
7772324		unresolved	critical	all
7772325		unresolved	critical	all
7772326		unresolved	critical	all
7772327		unresolved	critical	all
7772328		unresolved	critical	all
7772329		unresolved	critical	all
7772330		unresolved	critical	all
7772331		unresolved	critical	all
7772332		unresolved	critical	all
7772333		unresolved	critical	all
7772334		unresolved	critical	all
7772335		unresolved	critical	all
7772336		unresolved	critical	all
7772337		unresolved	critical	all
7772338		unresolved	critical	all
7772339		unresolved	critical	all
7772340		unresolved	critical	all
7772341		unresolved	critical	all
7772342		unresolved	critical	all
7772343		unresolved	critical	all
7772344		unresolved	critical	all
7772345		unresolved	critical	all
7772346		unresolved	critical	all
7772347		unresolved	critical	all
7772348		unresolved	critical	all
7772349		unresolved	critical	all
7772350		unresolved	critical	all
7772351		unresolved	critical	all
7772352		unresolved	critical	all
7772353		unresolved	critical	all
7772354		unresolved	critical	all
7772355		unresolved	critical	all
7772356		unresolved	critical	all
7772357		unresolved	critical	all
7772358		unresolved	critical	all
7772359		unresolved	critical	all
7772360		unresolved	critical	all
7772361		unresolved	critical	all
7772362		unresolved	critical	all
7772363		unresolved	critical	all
7772364		unresolved	critical	all
7772365		unresolved	critical	all
7772366		unresolved	critical	all
7772367		unresolved	critical	all
7772368		unresolved	critical	all
7772369		unresolved	critical	all
7772370		unresolved	critical	all
7772371		unresolved	critical	all
7772372		unresolved	critical	all
7772373		unresolved	critical	all
7772374		unresolved	critical	all
7772375		unresolved	critical	all
7772376		unresolved	critical	all
7772377		unresolved	critical	all
7772378		unresolved	critical	all
7772379		unresolved	critical	all
7772380		unresolved	critical	all
7772381		unresolved	critical	all
7772382		unresolved	critical	all
7772383		unresolved	critical	all
7772384		unresolved	critical	all
7772385		unresolved	critical	all
7772386		unresolved	critical	all
7772387		unresolved	critical	all
7772388		unresolved	critical	all
7772389		unresolved	critical	all
7772390		unresolved	critical	all
7772391		unresolved	critical	all
7772392		unresolved	critical	all
7772393		unresolved	critical	all
7772394		unresolved	critical	all
7772395		unresolved	critical	all
7772396		unresolved	critical	all
7772397		unresolved	critical	all
7772398		unresolved	critical	all
7772399		unresolved	critical	all
7772400		unresolved	critical	all
7772401		unresolved	critical	all
7772402		unresolved	critical	all
7772403		unresolved	critical	all
7772404		unresolved	critical	all
7772405		unresolved	critical	all
7772406		unresolved	critical	all
7772407		unresolved	critical	all
7772408		unresolved	critical	all
7772409		unresolved	critical	all
7772410		unresolved	critical	all
7772411		unresolved	critical	all
7772412		unresolved	critical	all
7772413		unresolved	critical	all
7772414		unresolved	critical	all
7772415		unresolved	critical	all
7772416		unresolved	critical	all
7772417		unresolved	critical	all
7772418		unresolved	critical	all
7772419		unresolved	critical	all
7772420		unresolved	critical	all
7772421		unresolved	critical	all
7772422		unresolved	critical	all
7772423		unresolved	critical	all
7772424		unresolved	critical	all
7772425		unresolved	critical	all
7772426		unresolved	critical	all
7772427		unresolved	critical	all
7772428		unresolved	critical	all
7772429		unresolved	critical	all
7772430		unresolved	critical	all
7772431		unresolved	critical	all
7772432		unresolved	critical	all
7772433		unresolved	critical	all
7772434		unresolved	critical	all
7772435		unresolved	critical	all
7772436		unresolved	critical	all
7772437		unresolved	critical	all
7772438		unresolved	critical	all
7772439		unresolved	critical	all
7772440		unresolved	critical	all
7772441		unresolved	critical	all
7772442		unresolved	critical	all
7772443		unresolved	critical	all
7772444		unresolved	critical	all
7772445		unresolved	critical	all
7772446		unresolved	critical	all
7772447		unresolved	critical	all
7772448		unresolved	critical	all
7772449		unresolved	critical	all
7772450		unresolved	critical	all
7772451		unresolved	critical	all
7772452		unresolved	critical	all
7772453		unresolved	critical	all
7772454		unresolved	critical	all
7772455		unresolved	critical	all
7772456		unresolved	critical	all
7772457		unresolved	critical	all
7772458		unresolved	critical	all
7772459		unresolved	critical	all
7772460		unresolved	critical	all
7772461		unresolved	critical	all
7772462		unresolved	critical	all
7772463		unresolved	critical	all
7772464		unresolved	critical	all
7772465		unresolved	critical	all
7772466		unresolved	critical	all
7772467		unresolved	critical	all
7772468		unresolved	critical	all
7772469		unresolved	critical	all
7772470		unresolved	critical	all
7772471		unresolved	critical	all
7772472		unresolved	critical	all
7772473		unresolved	critical	all
7772474		unresolved	critical	all
7772475		unresolved	critical	all
7772476		unresolved	critical	all
7772477		unresolved	critical	all
7772478		unresolved	critical	all
7772479		unresolved	critical	all
7772480		unresolved	critical	all
7772481		unresolved	critical	all
7772482		unresolved	critical	all
7772483		unresolved	critical	all
7772484		unresolved	critical	all
7772485		unresolved	critical	all
7772486		unresolved	critical	all
7772487		unresolved	critical	all
7772488		unresolved	critical	all
7772489		unresolved	critical	all
7772490		unresolved	critical	all
7772491		unresolved	critical	all
7772492		unresolved	critical	all
7772493		unresolved	critical	all
7772494		unresolved	critical	all
7772495		unresolved	critical	all
7772496		unresolved	critical	all
7772497		unresolved	critical	all
7772498		unresolved	critical	all
7772499		unresolved	critical	all
7772500		unresolved	critical	all
7772501		unresolved	critical	all
7772502		unresolved	critical	all
7772503		unresolved	critical	all
7772504		unresolved	critical	all
7772505		unresolved	critical	all
7772506		unresolved	critical	all
7772507		unresolved	critical	all
7772508		unresolved	critical	all
7772509		unresolved	critical	all
7772510		unresolved	critical	all
7772511		unresolved	critical	all
7772512		unresolved	critical	all
7772513		unresolved	critical	all
7772514		unresolved	critical	all
7772515		unresolved	critical	all
7772516		unresolved	critical	all
7772517		unresolved	critical	all
7772518		unresolved	critical	all
7772519		unresolved	critical	all
7772520		unresolved	critical	all
7772521		unresolved	critical	all
7772522		unresolved	critical	all
7772523		unresolved	critical	all
7772524		unresolved	critical	all
7772525		unresolved	critical	all
7772526		unresolved	critical	all
7772527		unresolved	critical	all
7772528		unresolved	critical	all
7772529		unresolved	critical	all
7772530		unresolved	critical	all
7772531		unresolved	critical	all
7772532		unresolved	critical	all
7772533		unresolved	critical	all
7772534		unresolved	critical	all
7772535		unresolved	critical	all
7772536		unresolved	critical	all
7772537		unresolved	critical	all
7772538		unresolved	critical	all
7772539		unresolved	critical	all
7772540		unresolved	critical	all
7772541		unresolved	critical	all
7772542		unresolved	critical	all
7772543		unresolved	critical	all
7772544		unresolved	critical	all
7772545		unresolved	critical	all
7772546		unresolved	critical	all
7772547		unresolved	critical	all
7772548		unresolved	critical	all
7772549		unresolved	critical	all
7772550		unresolved	critical	all
7772551		unresolved	critical	all
7772552		unresolved	critical	all
7772553		unresolved	critical	all
7772554		unresolved	critical	all
7772555		unresolved	critical	all
7772556		unresolved	critical	all
7772557		unresolved	critical	all
7772558		unresolved	critical	all
7772559		unresolved	critical	all
7772560		unresolved	critical	all
7772561		unresolved	critical	all
7772562		unresolved	critical	all
7772563		unresolved	critical	all
7772564		unresolved	critical	all
7772565		unresolved	critical	all
7772566		unresolved	critical	all
7772567		unresolved	critical	all
7772568		unresolved	critical	all
7772569		unresolved	critical	all
7772570		unresolved	critical	all
7772571		unresolved	critical	all
7772572		unresolved	critical	all
7772573		unresolved	critical	all
7772574		unresolved	critical	all
7772575		unresolved	critical	all
7772576		unresolved	critical	all
7772577		unresolved	critical	all
7772578		unresolved	critical	all
7772579		unresolved	critical	all
7772580		unresolved	critical	all
7772581		unresolved	critical	all
7772582		unresolved	critical	all
7772583		unresolved	critical	all
7772584		unresolved	critical	all
7772585		unresolved	critical	all
7772586		unresolved	critical	all
7772587		unresolved	critical	all
7772588		unresolved	critical	all
7772589		unresolved	critical	all
7772590		unresolved	critical	all
7772591		unresolved	critical	all
7772592		unresolved	critical	all
7772593		unresolved	critical	all
7772594		unresolved	critical	all
7772595		unresolved	critical	all
7772596		unresolved	critical	all
7772597		unresolved	critical	all
7772598		unresolved	critical	all
7772599		unresolved	critical	all
7772600		unresolved	critical	all
7772601		unresolved	critical	all
7772602		unresolved	critical	all
7772603		unresolved	critical	all
7772604		unresolved	critical	all
7772605		unresolved	critical	all
7772606		unresolved	critical	all
7772607		unresolved	critical	all
7772608		unresolved	critical	all
7772609		unresolved	critical	all
7772610		unresolved	critical	all
7772611		unresolved	critical	all
7772612		unresolved	critical	all
7772613		unresolved	critical	all
7772614		unresolved	critical	all
7772615		unresolved	critical	all
7772616		unresolved	critical	all
7772617		unresolved	critical	all
7772618		unresolved	critical	all
7772619		unresolved	critical	all
7772620		unresolved	critical	all
7772621		unresolved	critical	all
7772622		unresolved	critical	all
7772623		unresolved	critical	all
7772624		unresolved	critical	all
7772625		unresolved	critical	all
7772626		unresolved	critical	all
7772627		unresolved	critical	all
7772628		unresolved	critical	all
7772629		unresolved	critical	all
7772630		unresolved	critical	all
7772631		unresolved	critical	all
7772632		unresolved	critical	all
7772633		unresolved	critical	all
7772634		unresolved	critical	all
7772635		unresolved	critical	all
7772636		unresolved	critical	all
7772637		unresolved	critical	all
7772638		unresolved	critical	all
7772639		unresolved	critical	all
7772640		unresolved	critical	all
7772641		unresolved	critical	all
7772642		unresolved	critical	all
7772643		unresolved	critical	all
7772644		unresolved	critical	all
7772645		unresolved	critical	all
7772646		unresolved	critical	all
7772647		unresolved	critical	all
7772648		unresolved	critical	all
7772649		unresolved	critical	all
7772650		unresolved	critical	all
7772651		unresolved	critical	all
7772652		unresolved	critical	all
7772653		unresolved	critical	all
7772654		unresolved	critical	all
7772655		unresolved	critical	all
7772656		unresolved	critical	all
7772657		unresolved	critical	all
7772658		unresolved	critical	all
7772659		unresolved	critical	all
7772660		unresolved	critical	all
7772661		unresolved	critical	all
7772662		unresolved	critical	all
7772663		unresolved	critical	all
7772664		unresolved	critical	all
7772665		unresolved	critical	all
7772666		unresolved	critical	all
7772667		unresolved	critical	all
7772668		unresolved	critical	all
7772669		unresolved	critical	all
7772670		unresolved	critical	all
7772671		unresolved	critical	all
7772672		unresolved	critical	all
7772673		unresolved	critical	all
7772674		unresolved	critical	all
7772675		unresolved	critical	all
7772676		unresolved	critical	all
7772677		unresolved	critical	all
7772678		unresolved	critical	all
7772679		unresolved	critical	all
7772680		unresolved	critical	all
7772681		unresolved	critical	all
7772682		unresolved	critical	all
7772683		unresolved	critical	all
7772684		unresolved	critical	all
7772685		unresolved	critical	all
7772686		unresolved	critical	all
7772687		unresolved	critical	all
7772688		unresolved	critical	all
7772689		unresolved	critical	all
7772690		unresolved	critical	all
7772691		unresolved	critical	all
7772692		unresolved	critical	all
7772693		unresolved	critical	all
7772694		unresolved	critical	all
7772695		unresolved	critical	all
7772696		unresolved	critical	all
7772697		unresolved	critical	all
7772698		unresolved	critical	all
7772699		unresolved	critical	all
7772700		unresolved	critical	all
7772701		unresolved	critical	all
7772702		unresolved	critical	all
7772703		unresolved	critical	all
7772704		unresolved	critical	all
7772705		unresolved	critical	all
7772706		unresolved	critical	all
7772707		unresolved	critical	all
7772708		unresolved	critical	all
7772709		unresolved	critical	all
7772710		unresolved	critical	all
7772711		unresolved	critical	all
7772712		unresolved	critical	all
7772713		unresolved	critical	all
7772714		unresolved	critical	all
7772715		unresolved	critical	all
7772716		unresolved	critical	all
7772717		unresolved	critical	all
7772718		unresolved	critical	all
7772719		unresolved	critical	all
7772720		unresolved	critical	all
7772721		unresolved	critical	all
7772722		unresolved	critical	all
7772723		unresolved	critical	all
7772724		unresolved	critical	all
7772725		unresolved	critical	all
7772726		unresolved	critical	all
7772727		unresolved	critical	all
7772728		unresolved	critical	all
7772729		unresolved	critical	all
7772730		unresolved	critical	all
7772731		unresolved	critical	all
7772732		unresolved	critical	all
7772733		unresolved	critical	all
7772734		unresolved	critical	all
7772735		unresolved	critical	all
7772736		unresolved	critical	all
7772737		unresolved	critical	all
7772738		unresolved	critical	all
7772739		unresolved	critical	all
7772740		unresolved	critical	all
7772741		unresolved	critical	all
7772742		unresolved	critical	all
7772743		unresolved	critical	all
7772744		unresolved	critical	all
7772745		unresolved	critical	all
7772746		unresolved	critical	all
7772747		unresolved	critical	all
7772748		unresolved	critical	all
7772749		unresolved	critical	all
7772750		unresolved	critical	all
7772751		unresolved	critical	all
7772752		unresolved	critical	all
7772753		unresolved	critical	all
7772754		unresolved	critical	all
7772755		unresolved	critical	all
7772756		unresolved	critical	all
7772757		unresolved	critical	all
7772758		unresolved	critical	all
7772759		unresolved	critical	all
7772760		unresolved	critical	all
7772761		unresolved	critical	all
7772762		unresolved	critical	all
7772763		unresolved	critical	all
7772764		unresolved	critical	all
7772765		unresolved	critical	all
7772766		unresolved	critical	all
7772767		unresolved	critical	all
7772768		unresolved	critical	all
7772769		unresolved	critical	all
7772770		unresolved	critical	all
7772771		unresolved	critical	all
7772772		unresolved	critical	all
7772773		unresolved	critical	all
7772774		unresolved	critical	all
7772775		unresolved	critical	all
7772776		unresolved	critical	all
7772777		unresolved	critical	all
7772778		unresolved	critical	all
7772779		unresolved	critical	all
7772780		unresolved	critical	all
7772781		unresolved	critical	all
7772782		unresolved	critical	all
7772783		unresolved	critical	all
7772784		unresolved	critical	all
7772785		unresolved	critical	all
7772786		unresolved	critical	all
7772787		unresolved	critical	all
7772788		unresolved	critical	all
7772789		unresolved	critical	all
7772790		unresolved	critical	all
7772791		unresolved	critical	all
7772792		unresolved	critical	all
7772793		unresolved	critical	all
7772794		unresolved	critical	all
7772795		unresolved	critical	all
7772796		unresolved	critical	all
7772797		unresolved	critical	all
7772798		unresolved	critical	all
7772799		unresolved	critical	all
7772800		unresolved	critical	all
7772801		unresolved	critical	all
7772802		unresolved	critical	all
7772803		unresolved	critical	all
7772804		unresolved	critical	all
7772805		unresolved	critical	all
7772806		unresolved	critical	all
7772807		unresolved	critical	all
7772808		unresolved	critical	all
7772809		unresolved	critical	all
7772810		unresolved	critical	all
7772811		unresolved	critical	all
7772812		unresolved	critical	all
7772813		unresolved	critical	all
7772814		unresolved	critical	all
7772815		unresolved	critical	all
7772816		unresolved	critical	all
7772817		unresolved	critical	all
7772818		unresolved	critical	all
7772819		unresolved	critical	all
7772820		unresolved	critical	all
7772821		unresolved	critical	all
7772822		unresolved	critical	all
7772823		unresolved	critical	all
7772824		unresolved	critical	all
7772825		unresolved	critical	all
7772826		unresolved	critical	all
7772827		unresolved	critical	all
7772828		unresolved	critical	all
7772829		unresolved	critical	all
7772830		unresolved	critical	all
7772831		unresolved	critical	all
7772832		unresolved	critical	all
7772833		unresolved	critical	all
7772834		unresolved	critical	all
7772835		unresolved	critical	all
7772836		unresolved	critical	all
7772837		unresolved	critical	all
7772838		unresolved	critical	all
7772839		unresolved	critical	all
7772840		unresolved	critical	all
7772841		unresolved	critical	all
7772842		unresolved	critical	all
7772843		unresolved	critical	all
7772844		unresolved	critical	all
7772845		unresolved	critical	all
7772846		unresolved	critical	all
7772847		unresolved	critical	all
7772848		unresolved	critical	all
7772849		unresolved	critical	all
7772850		unresolved	critical	all
7772851		unresolved	critical	all
7772852		unresolved	critical	all
7772853		unresolved	critical	all
7772854		unresolved	critical	all
7772855		unresolved	critical	all
7772856		unresolved	critical	all
7772857		unresolved	critical	all
7772858		unresolved	critical	all
7772859		unresolved	critical	all
7772860		unresolved	critical	all
7772861		unresolved	critical	all
7772862		unresolved	critical	all
7772863		unresolved	critical	all
7772864		unresolved	critical	all
7772865		unresolved	critical	all
7772866		unresolved	critical	all
7772867		unresolved	critical	all
7772868		unresolved	critical	all
7772869		unresolved	critical	all
7772870		unresolved	critical	all
7772871		unresolved	critical	all
7772872		unresolved	critical	all
7772873		unresolved	critical	all
7772874		unresolved	critical	all
7772875		unresolved	critical	all
7772876		unresolved	critical	all
7772877		unresolved	critical	all
7772878		unresolved	critical	all
7772879		unresolved	critical	all
7772880		unresolved	critical	all
7772881		unresolved	critical	all
7772882		unresolved	critical	all
7772883		unresolved	critical	all
7772884		unresolved	critical	all
7772885		unresolved	critical	all
7772886		unresolved	critical	all
7772887		unresolved	critical	all
7772888		unresolved	critical	all
7772889		unresolved	critical	all
7772890		unresolved	critical	all
7772891		unresolved	critical	all
7772892		unresolved	critical	all
7772893		unresolved	critical	all
7772894		unresolved	critical	all
7772895		unresolved	critical	all
7772896		unresolved	critical	all
7772897		unresolved	critical	all
7772898		unresolved	critical	all
7772899		unresolved	critical	all
7772900		unresolved	critical	all
7772901		unresolved	critical	all
7772902		unresolved	critical	all
7772903		unresolved	critical	all
7772904		unresolved	critical	all
7772905		unresolved	critical	all
7772906		unresolved	critical	all
7772907		unresolved	critical	all
7772908		unresolved	critical	all
7772909		unresolved	critical	all
7772910		unresolved	critical	all
7772911		unresolved	critical	all
7772912		unresolved	critical	all
7772913		unresolved	critical	all
7772914		unresolved	critical	all
7772915		unresolved	critical	all
7772916		unresolved	critical	all
7772917		unresolved	critical	all
7772918		unresolved	critical	all
7772919		unresolved	critical	all
7772920		unresolved	critical	all
7772921		unresolved	critical	all
7772922		unresolved	critical	all
7772923		unresolved	critical	all
7772924		unresolved	critical	all
7772925		unresolved	critical	all
7772926		unresolved	critical	all
7772927		unresolved	critical	all
7772928		unresolved	critical	all
7772929		unresolved	critical	all
7772930		unresolved	critical	all
7772931		unresolved	critical	all
7772932		unresolved	critical	all
7772933		unresolved	critical	all
7772934		unresolved	critical	all
7772935		unresolved	critical	all
7772936		unresolved	critical	all
7772937		unresolved	critical	all
7772938		unresolved	critical	all
7772939		unresolved	critical	all
7772940		unresolved	critical	all
7772941		unresolved	critical	all
7772942		unresolved	critical	all
7772943		unresolved	critical	all
7772944		unresolved	critical	all
7772945		unresolved	critical	all
7772946		unresolved	critical	all
7772947		unresolved	critical	all
7772948		unresolved	critical	all
7772949		unresolved	critical	all
7772950		unresolved	critical	all
7772951		unresolved	critical	all
7772952		unresolved	critical	all
7772953		unresolved	critical	all
7772954		unresolved	critical	all
7772955		unresolved	critical	all
7772956		unresolved	critical	all
7772957		unresolved	critical	all
7772958		unresolved	critical	all
7772959		unresolved	critical	all
7772960		unresolved	critical	all
7772961		unresolved	critical	all
7772962		unresolved	critical	all
7772963		unresolved	critical	all
7772964		unresolved	critical	all
7772965		unresolved	critical	all
7772966		unresolved	critical	all
7772967		unresolved	critical	all
7772968		unresolved	critical	all
7772969		unresolved	critical	all
7772970		unresolved	critical	all
7772971		unresolved	critical	all
7772972		unresolved	critical	all
7772973		unresolved	critical	all
7772974		unresolved	critical	all
7772975		unresolved	critical	all
7772976		unresolved	critical	all
7772977		unresolved	critical	all
7772978		unresolved	critical	all
7772979		unresolved	critical	all
7772980		unresolved	critical	all
7772981		unresolved	critical	all
7772982		unresolved	critical	all
7772983		unresolved	critical	all
7772984		unresolved	critical	all
7772985		unresolved	critical	all
7772986		unresolved	critical	all
7772987		unresolved	critical	all
7772988		unresolved	critical	all
7772989		unresolved	critical	all
7772990		unresolved	critical	all
7772991		unresolved	critical	all
7772992		unresolved	critical	all
7772993		unresolved	critical	all
7772994		unresolved	critical	all
7772995		unresolved	critical	all
7772996		unresolved	critical	all
7772997		unresolved	critical	all
7772998		unresolved	critical	all
7772999		unresolved	critical	all
7773000		unresolved	critical	all
7773001		unresolved	critical	all
7773002		unresolved	critical	all
7773003		unresolved	critical	all
7773004		unresolved	critical	all
7773005		unresolved	critical	all
7773006		unresolved	critical	all
7773007		unresolved	critical	all
7773008		unresolved	critical	all
7773009		unresolved	critical	all
7773010		unresolved	critical	all
7773011		unresolved	critical	all
7773012		unresolved	critical	all
7773013		unresolved	critical	all
7773014		unresolved	critical	all
7773015		unresolved	critical	all
7773016		unresolved	critical	all
7773017		unresolved	critical	all
7773018		unresolved	critical	all
7773019		unresolved	critical	all
7773020		unresolved	critical	all
7773021		unresolved	critical	all
7773022		unresolved	critical	all
7773023		unresolved	critical	all
7773024		unresolved	critical	all
7773025		unresolved	critical	all
7773026		unresolved	critical	all
7773027		unresolved	critical	all
7773028		unresolved	critical	all
7773029		unresolved	critical	all
7773030		unresolved	critical	all
7773031		unresolved	critical	all
7773032		unresolved	critical	all
7773033		unresolved	critical	all
7773034		unresolved	critical	all
7773035		unresolved	critical	all
7773036		unresolved	critical	all
7773037		unresolved	critical	all
7773038		unresolved	critical	all
7773039		unresolved	critical	all
7773040		unresolved	critical	all
7773041		unresolved	critical	all
7773042		unresolved	critical	all
7773043		unresolved	critical	all
7773044		unresolved	critical	all
7773045		unresolved	critical	all
7773046		unresolved	critical	all
7773047		unresolved	critical	all
7773048		unresolved	critical	all
7773049		unresolved	critical	all
7773050		unresolved	critical	all
7773051		unresolved	critical	all
7773052		unresolved	critical	all
7773053		unresolved	critical	all
7773054		unresolved	critical	all
7773055		unresolved	critical	all
7773056		unresolved	critical	all
7773057		unresolved	critical	all
7773058		unresolved	critical	all
7773059		unresolved	critical	all
7773060		unresolved	critical	all
7773061		unresolved	critical	all
7773062		unresolved	critical	all
7773063		unresolved	critical	all
7773064		unresolved	critical	all
7773065		unresolved	critical	all
7773066		unresolved	critical	all
7773067		unresolved	critical	all
7773068		unresolved	critical	all
7773069		unresolved	critical	all
7773070		unresolved	critical	all
7773071		unresolved	critical	all
7773072		unresolved	critical	all
7773073		unresolved	critical	all
7773074		unresolved	critical	all
7773075		unresolved	critical	all
7773076		unresolved	critical	all
7773077		unresolved	critical	all
7773078		unresolved	critical	all
7773079		unresolved	critical	all
7773080		unresolved	critical	all
7773081		unresolved	critical	all
7773082		unresolved	critical	all
7773083		unresolved	critical	all
7773084		unresolved	critical	all
7773085		unresolved	critical	all
7773086		unresolved	critical	all
7773087		unresolved	critical	all
7773088		unresolved	critical	all
7773089		unresolved	critical	all
7773090		unresolved	critical	all
7773091		unresolved	critical	all
7773092		unresolved	critical	all
7773093		unresolved	critical	all
7773094		unresolved	critical	all
7773095		unresolved	critical	all
7773096		unresolved	critical	all
7773097		unresolved	critical	all
7773098		unresolved	critical	all
7773099		unresolved	critical	all
7773100		unresolved	critical	all
7773101		unresolved	critical	all
7773102		unresolved	critical	all
7773103		unresolved	critical	all
7773104		unresolved	critical	all
7773105		unresolved	critical	all
7773106		unresolved	critical	all
7773107		unresolved	critical	all
7773108		unresolved	critical	all
7773109		unresolved	critical	all
7773110		unresolved	critical	all
7773111		unresolved	critical	all
7773112		unresolved	critical	all
7773113		unresolved	critical	all
7773114		unresolved	critical	all
7773115		unresolved	critical	all
7773116		unresolved	critical	all
7773117		unresolved	critical	all
7773118		unresolved	critical	all
7773119		unresolved	critical	all
7773120		unresolved	critical	all
7773121		unresolved	critical	all
7773122		unresolved	critical	all
7773123		unresolved	critical	all
7773124		unresolved	critical	all
7773125		unresolved	critical	all
7773126		unresolved	critical	all
7773127		unresolved	critical	all
7773128		unresolved	critical	all
7773129		unresolved	critical	all
7773130		unresolved	critical	all
7773131		unresolved	critical	all
7773132		unresolved	critical	all
7773133		unresolved	critical	all
7773134		unresolved	critical	all
7773135		unresolved	critical	all
7773136		unresolved	critical	all
7773137		unresolved	critical	all
7773138		unresolved	critical	all
7773139		unresolved	critical	all
7773140		unresolved	critical	all
7773141		unresolved	critical	all
7773142		unresolved	critical	all
7773143		unresolved	critical	all
7773144		unresolved	critical	all
7773145		unresolved	critical	all
7773146		unresolved	critical	all
7773147		unresolved	critical	all
7773148		unresolved	critical	all
7773149		unresolved	critical	all
7773150		unresolved	critical	all
7773151		unresolved	critical	all
7773152		unresolved	critical	all
7773153		unresolved	critical	all
7773154		unresolved	critical	all
7773155		unresolved	critical	all
7773156		unresolved	critical	all
7773157		unresolved	critical	all
7773158		unresolved	critical	all
7773159		unresolved	critical	all
7773160		unresolved	critical	all
7773161		unresolved	critical	all
7773162		unresolved	critical	all
7773163		unresolved	critical	all
7773164		unresolved	critical	all
7773165		unresolved	critical	all
7773166		unresolved	critical	all
7773167		unresolved	critical	all
7773168		unresolved	critical	all
7773169		unresolved	critical	all
7773170		unresolved	critical	all
7773171		unresolved	critical	all
7773172		unresolved	critical	all
7773173		unresolved	critical	all
7773174		unresolved	critical	all
7773175		unresolved	critical	all
7773176		unresolved	critical	all
7773177		unresolved	critical	all
7773178		unresolved	critical	all
7773179		unresolved	critical	all
7773180		unresolved	critical	all
7773181		unresolved	critical	all
7773182		unresolved	critical	all
7773183		unresolved	critical	all
7773184		unresolved	critical	all
7773185		unresolved	critical	all
7773186		unresolved	critical	all
7773187		unresolved	critical	all
7773188		unresolved	critical	all
7773189		unresolved	critical	all
7773190		unresolved	critical	all
7773191		unresolved	critical	all
7773192		unresolved	critical	all
7773193		unresolved	critical	all
7773194		unresolved	critical	all
7773195		unresolved	critical	all
7773196		unresolved	critical	all
7773197		unresolved	critical	all
7773198		unresolved	critical	all
7773199		unresolved	critical	all
7773200		unresolved	critical	all
7773201		unresolved	critical	all
7773202		unresolved	critical	all
7773203		unresolved	critical	all
7773204		unresolved	critical	all
7773205		unresolved	critical	all
7773206		unresolved	critical	all
7773207		unresolved	critical	all
7773208		unresolved	critical	all
7773209		unresolved	critical	all
7773210		unresolved	critical	all
7773211		unresolved	critical	all
7773212		unresolved	critical	all
7773213		unresolved	critical	all
7773214		unresolved	critical	all
7773215		unresolved	critical	all
7773216		unresolved	critical	all
7773217		unresolved	critical	all
7773218		unresolved	critical	all
7773219		unresolved	critical	all
7773220		unresolved	critical	all
7773221		unresolved	critical	all
7773222		unresolved	critical	all
7773223		unresolved	critical	all
7773224		unresolved	critical	all
7773225		unresolved	critical	all
7773226		unresolved	critical	all
7773227		unresolved	critical	all
7773228		unresolved	critical	all
7773229		unresolved	critical	all
7773230		unresolved	critical	all
7773231		unresolved	critical	all
7773232		unresolved	critical	all
7773233		unresolved	critical	all
7773234		unresolved	critical	all
7773235		unresolved	critical	all
7773236		unresolved	critical	all
7773237		unresolved	critical	all
7773238		unresolved	critical	all
7773239		unresolved	critical	all
7773240		unresolved	critical	all
7773241		unresolved	critical	all
7773242		unresolved	critical	all
7773243		unresolved	critical	all
7773244		unresolved	critical	all
7773245		unresolved	critical	all
7773246		unresolved	critical	all
7773247		unresolved	critical	all
7773248		unresolved	critical	all
7773249		unresolved	critical	all
7773250		unresolved	critical	all
7773251		unresolved	critical	all
7773252		unresolved	critical	all
7773253		unresolved	critical	all
7773254		unresolved	critical	all
7773255		unresolved	critical	all
7773256		unresolved	critical	all
7773257		unresolved	critical	all
7773258		unresolved	critical	all
7773259		unresolved	critical	all
7773260		unresolved	critical	all
7773261		unresolved	critical	all
7773262		unresolved	critical	all
7773263		unresolved	critical	all
7773264		unresolved	critical	all
7773265		unresolved	critical	all
7773266		unresolved	critical	all
7773267		unresolved	critical	all
7773268		unresolved	critical	all
7773269		unresolved	critical	all
7773270		unresolved	critical	all
7773271		unresolved	critical	all
7773272		unresolved	critical	all
7773273		unresolved	critical	all
7773274		unresolved	critical	all
7773275		unresolved	critical	all
7773276		unresolved	critical	all
7773277		unresolved	critical	all
7773278		unresolved	critical	all
7773279		unresolved	critical	all
7773280		unresolved	critical	all
7773281		unresolved	critical	all
7773282		unresolved	critical	all
7773283		unresolved	critical	all
7773284		unresolved	critical	all
7773285		unresolved	critical	all
7773286		unresolved	critical	all
7773287		unresolved	critical	all
7773288		unresolved	critical	all
7773289		unresolved	critical	all
7773290		unresolved	critical	all
7773291		unresolved	critical	all
7773292		unresolved	critical	all
7773293		unresolved	critical	all
7773294		unresolved	critical	all
7773295		unresolved	critical	all
7773296		unresolved	critical	all
7773297		unresolved	critical	all
7773298		unresolved	critical	all
7773299		unresolved	critical	all
7773300		unresolved	critical	all
7773301		unresolved	critical	all
7773302		unresolved	critical	all
7773303		unresolved	critical	all
7773304		unresolved	critical	all
7773305		unresolved	critical	all
7773306		unresolved	critical	all
7773307		unresolved	critical	all
7773308		unresolved	critical	all
7773309		unresolved	critical	all
7773310		unresolved	critical	all
7773311		unresolved	critical	all
7773312		unresolved	critical	all
7773313		unresolved	critical	all
7773314		unresolved	critical	all
7773315		unresolved	critical	all
7773316		unresolved	critical	all
7773317		unresolved	critical	all
7773318		unresolved	critical	all
7773319		unresolved	critical	all
7773320		unresolved	critical	all
7773321		unresolved	critical	all
7773322		unresolved	critical	all
7773323		unresolved	critical	all
7773324		unresolved	critical	all
7773325		unresolved	critical	all
7773326		unresolved	critical	all
7773327		unresolved	critical	all
7773328		unresolved	critical	all
7773329		unresolved	critical	all
7773330		unresolved	critical	all
7773331		unresolved	critical	all
7773332		unresolved	critical	all
7773333		unresolved	critical	all
7773334		unresolved	critical	all
7773335		unresolved	critical	all
7773336		unresolved	critical	all
7773337		unresolved	critical	all
7773338		unresolved	critical	all
7773339		unresolved	critical	all
7773340		unresolved	critical	all
7773341		unresolved	critical	all
7773342		unresolved	critical	all
7773343		unresolved	critical	all
7773344		unresolved	critical	all
7773345		unresolved	critical	all
7773346		unresolved	critical	all
7773347		unresolved	critical	all
7773348		unresolved	critical	all
7773349		unresolved	critical	all
7773350		unresolved	critical	all
7773351		unresolved	critical	all
7773352		unresolved	critical	all
7773353		unresolved	critical	all
7773354		unresolved	critical	all
7773355		unresolved	critical	all
7773356		unresolved	critical	all
7773357		unresolved	critical	all
7773358		unresolved	critical	all
7773359		unresolved	critical	all
7773360		unresolved	critical	all
7773361		unresolved	critical	all
7773362		unresolved	critical	all
7773363		unresolved	critical	all
7773364		unresolved	critical	all
7773365		unresolved	critical	all
7773366		unresolved	critical	all
7773367		unresolved	critical	all
7773368		unresolved	critical	all
7773369		unresolved	critical	all
7773370		unresolved	critical	all
7773371		unresolved	critical	all
7773372		unresolved	critical	all
7773373		unresolved	critical	all
7773374		unresolved	critical	all
7773375		unresolved	critical	all
7773376		unresolved	critical	all
7773377		unresolved	critical	all
7773378		unresolved	critical	all
7773379		unresolved	critical	all
7773380		unresolved	critical	all
7773381		unresolved	critical	all
7773382		unresolved	critical	all
7773383		unresolved	critical	all
7773384		unresolved	critical	all
7773385		unresolved	critical	all
7773386		unresolved	critical	all
7773387		unresolved	critical	all
7773388		unresolved	critical	all
7773389		unresolved	critical	all
7773390		unresolved	critical	all
7773391		unresolved	critical	all
7773392		unresolved	critical	all
7773393		unresolved	critical	all
7773394		unresolved	critical	all
7773395		unresolved	critical	all
7773396		unresolved	critical	all
7773397		unresolved	critical	all
7773398		unresolved	critical	all
7773399		unresolved	critical	all
7773400		unresolved	critical	all
7773401		unresolved	critical	all
7773402		unresolved	critical	all
7773403		unresolved	critical	all
7773404		unresolved	critical	all
7773405		unresolved	critical	all
7773406		unresolved	critical	all
7773407		unresolved	critical	all
7773408		unresolved	critical	all
7773409		unresolved	critical	all
7773410		unresolved	critical	all
7773411		unresolved	critical	all
7773412		unresolved	critical	all
7773413		unresolved	critical	all
7773414		unresolved	critical	all
7773415		unresolved	critical	all
7773416		unresolved	critical	all
7773417		unresolved	critical	all
7773418		unresolved	critical	all
7773419		unresolved	critical	all
7773420		unresolved	critical	all
7773421		unresolved	critical	all
7773422		unresolved	critical	all
7773423		unresolved	critical	all
7773424		unresolved	critical	all
7773425		unresolved	critical	all
7773426		unresolved	critical	all
7773427		unresolved	critical	all
7773428		unresolved	critical	all
7773429		unresolved	critical	all
7773430		unresolved	critical	all
7773431		unresolved	critical	all
7773432		unresolved	critical	all
7773433		unresolved	critical	all
7773434		unresolved	critical	all
7773435		unresolved	critical	all
7773436		unresolved	critical	all
7773437		unresolved	critical	all
7773438		unresolved	critical	all
7773439		unresolved	critical	all
7773440		unresolved	critical	all
7773441		unresolved	critical	all
7773442		unresolved	critical	all
7773443		unresolved	critical	all
7773444		unresolved	critical	all
7773445		unresolved	critical	all
7773446		unresolved	critical	all
7773447		unresolved	critical	all
7773448		unresolved	critical	all
7773449		unresolved	critical	all
7773450		unresolved	critical	all
7773451		unresolved	critical	all
7773452		unresolved	critical	all
7773453		unresolved	critical	all
7773454		unresolved	critical	all
7773455		unresolved	critical	all
7773456		unresolved	critical	all
7773457		unresolved	critical	all
7773458		unresolved	critical	all
7773459		unresolved	critical	all
7773460		unresolved	critical	all
7773461		unresolved	critical	all
7773462		unresolved	critical	all
7773463		unresolved	critical	all
7773464		unresolved	critical	all
7773465		unresolved	critical	all
7773466		unresolved	critical	all
7773467		unresolved	critical	all
7773468		unresolved	critical	all
7773469		unresolved	critical	all
7773470		unresolved	critical	all
7773471		unresolved	critical	all
7773472		unresolved	critical	all
7773473		unresolved	critical	all
7773474		unresolved	critical	all
7773475		unresolved	critical	all
7773476		unresolved	critical	all
7773477		unresolved	critical	all
7773478		unresolved	critical	all
7773479		unresolved	critical	all
7773480		unresolved	critical	all
7773481		unresolved	critical	all
7773482		unresolved	critical	all
7773483		unresolved	critical	all
7773484		unresolved	critical	all
7773485		unresolved	critical	all
7773486		unresolved	critical	all
7773487		unresolved	critical	all
7773488		unresolved	critical	all
7773489		unresolved	critical	all
7773490		unresolved	critical	all
7773491		unresolved	critical	all
7773492		unresolved	critical	all
7773493		unresolved	critical	all
7773494		unresolved	critical	all
7773495		unresolved	critical	all
7773496		unresolved	critical	all
7773497		unresolved	critical	all
7773498		unresolved	critical	all
7773499		unresolved	critical	all
7773500		unresolved	critical	all
7773501		unresolved	critical	all
7773502		unresolved	critical	all
7773503		unresolved	critical	all
7773504		unresolved	critical	all
7773505		unresolved	critical	all
7773506		unresolved	critical	all
7773507		unresolved	critical	all
7773508		unresolved	critical	all
7773509		unresolved	critical	all
7773510		unresolved	critical	all
7773511		unresolved	critical	all
7773512		unresolved	critical	all
7773513		unresolved	critical	all
7773514		unresolved	critical	all
7773515		unresolved	critical	all
7773516		unresolved	critical	all
7773517		unresolved	critical	all
7773518		unresolved	critical	all
7773519		unresolved	critical	all
7773520		unresolved	critical	all
7773521		unresolved	critical	all
7773522		unresolved	critical	all
7773523		unresolved	critical	all
7773524		unresolved	critical	all
7773525		unresolved	critical	all
7773526		unresolved	critical	all
7773527		unresolved	critical	all
7773528		unresolved	critical	all
7773529		unresolved	critical	all
7773530		unresolved	critical	all
7773531		unresolved	critical	all
7773532		unresolved	critical	all
7773533		unresolved	critical	all
7773534		unresolved	critical	all
7773535		unresolved	critical	all
7773536		unresolved	critical	all
7773537		unresolved	critical	all
7773538		unresolved	critical	all
7773539		unresolved	critical	all
7773540		unresolved	critical	all
7773541		unresolved	critical	all
7773542		unresolved	critical	all
7773543		unresolved	critical	all
7773544		unresolved	critical	all
7773545		unresolved	critical	all
7773546		unresolved	critical	all
7773547		unresolved	critical	all
7773548		unresolved	critical	all
7773549		unresolved	critical	all
7773550		unresolved	critical	all
7773551		unresolved	critical	all
7773552		unresolved	critical	all
7773553		unresolved	critical	all
7773554		unresolved	critical	all
7773555		unresolved	critical	all
7773556		unresolved	critical	all
7773557		unresolved	critical	all
7773558		unresolved	critical	all
7773559		unresolved	critical	all
7773560		unresolved	critical	all
7773561		unresolved	critical	all
7773562		unresolved	critical	all
7773563		unresolved	critical	all
7773564		unresolved	critical	all
7773565		unresolved	critical	all
7773566		unresolved	critical	all
7773567		unresolved	critical	all
7773568		unresolved	critical	all
7773569		unresolved	critical	all
7773570		unresolved	critical	all
7773571		unresolved	critical	all
7773572		unresolved	critical	all
7773573		unresolved	critical	all
7773574		unresolved	critical	all
7773575		unresolved	critical	all
7773576		unresolved	critical	all
7773577		unresolved	critical	all
7773578		unresolved	critical	all
7773579		unresolved	critical	all
7773580		unresolved	critical	all
7773581	check:7773581/access	encoded	critical	item_shuffle=true,legacy_dungeon_keys=true,vanilla_placement=false	LegacyKeyGates.set_rules requires the Hole-Laden Necklace for the exact Dheo bell check; ordinary Jagged Peak reachability supplies the region condition.	#1271			greenfield/eldenring/tests/test_gf_legacy_key_gate.py	test_metyr_chain_needs_the_necklace_and_both_region_locks
7773581	check:7773581/access	unresolved	critical	not(item_shuffle=true,legacy_dungeon_keys=true,vanilla_placement=false)
7773582		unresolved	critical	all
7773583		unresolved	critical	all
7773584		unresolved	critical	all
7773585		unresolved	critical	all
7773586		unresolved	critical	all
7773587		unresolved	critical	all
7773588		unresolved	critical	all
7773589		unresolved	critical	all
7773590		unresolved	critical	all
7773591		unresolved	critical	all
7773592		unresolved	critical	all
7773593		unresolved	critical	all
7773594		unresolved	critical	all
7773595		unresolved	critical	all
7773596		unresolved	critical	all
7773597		unresolved	critical	all
7773598		unresolved	critical	all
7773599		unresolved	critical	all
7773600		unresolved	critical	all
7773601		unresolved	critical	all
7773602		unresolved	critical	all
7773603		unresolved	critical	all
7773604		unresolved	critical	all
7773605		unresolved	critical	all
7773606		unresolved	critical	all
7773607		unresolved	critical	all
7773608		unresolved	critical	all
7773609		unresolved	critical	all
7773610		unresolved	critical	all
7773611		unresolved	critical	all
7773612		unresolved	critical	all
7773613		unresolved	critical	all
7773614		unresolved	critical	all
7773615		unresolved	critical	all
7773616		unresolved	critical	all
7773617		unresolved	critical	all
7773618		unresolved	critical	all
7773619		unresolved	critical	all
7773620		unresolved	critical	all
7773621		unresolved	critical	all
7773622		unresolved	critical	all
7773623		unresolved	critical	all
7773624		unresolved	critical	all
7773625		unresolved	critical	all
7773626		unresolved	critical	all
7773627		unresolved	critical	all
7773628		unresolved	critical	all
7773629		unresolved	critical	all
7773630		unresolved	critical	all
7773631		unresolved	critical	all
7773632		unresolved	critical	all
7773633		unresolved	critical	all
7773634		unresolved	critical	all
7773635		unresolved	critical	all
7773636		unresolved	critical	all
7773637		unresolved	critical	all
7773638		unresolved	critical	all
7773639		unresolved	critical	all
7773640		unresolved	critical	all
7773641		unresolved	critical	all
7773642		unresolved	critical	all
7773643		unresolved	critical	all
7773644		unresolved	critical	all
7773645		unresolved	critical	all
7773646		unresolved	critical	all
7773647		unresolved	critical	all
7773648		unresolved	critical	all
7773649		unresolved	critical	all
7773650		unresolved	critical	all
7773651		unresolved	critical	all
7773652		unresolved	critical	all
7773653		unresolved	critical	all
7773654		unresolved	critical	all
7773655		unresolved	critical	all
7773656	check:7773656/access	encoded	critical	item_shuffle=true,legacy_dungeon_keys=true,vanilla_placement=false	LegacyKeyGates.set_rules requires the Hole-Laden Necklace for the exact Rhia bell check; ordinary Scadu Altus reachability supplies the region condition.	#1271			greenfield/eldenring/tests/test_gf_legacy_key_gate.py	test_metyr_chain_needs_the_necklace_and_both_region_locks
7773656	check:7773656/access	unresolved	critical	not(item_shuffle=true,legacy_dungeon_keys=true,vanilla_placement=false)
7773657		unresolved	critical	all
7773658		unresolved	critical	all
7773659		unresolved	critical	all
7773660		unresolved	critical	all
7773661		unresolved	critical	all
7773662		unresolved	critical	all
7773663		unresolved	critical	all
7773664		unresolved	critical	all
7773665		unresolved	critical	all
7773666		unresolved	critical	all
7773667		unresolved	critical	all
7773668		unresolved	critical	all
7773669		unresolved	critical	all
7773670		unresolved	critical	all
7773671		unresolved	critical	all
7773672		unresolved	critical	all
7773673		unresolved	critical	all
7773674		unresolved	critical	all
7773675		unresolved	critical	all
7773676		unresolved	critical	all
7773677		unresolved	critical	all
7773678		unresolved	critical	all
7773679		unresolved	critical	all
7773680		unresolved	critical	all
7773681		unresolved	critical	all
7773682		unresolved	critical	all
7773683		unresolved	critical	all
7773684		unresolved	critical	all
7773685		unresolved	critical	all
7773686		unresolved	critical	all
7773687		unresolved	critical	all
7773688		unresolved	critical	all
7773689		unresolved	critical	all
7773690		unresolved	critical	all
7773691		unresolved	critical	all
7773692		unresolved	critical	all
7773693		unresolved	critical	all
7773694		unresolved	critical	all
7773695		unresolved	critical	all
7773696		unresolved	critical	all
7773697		unresolved	critical	all
7773698		unresolved	critical	all
7773699		unresolved	critical	all
7773700		unresolved	critical	all
7773701		unresolved	critical	all
7773702		unresolved	critical	all
7773703		unresolved	critical	all
7773704		unresolved	critical	all
7773705		unresolved	critical	all
7773706		unresolved	critical	all
7773707		unresolved	critical	all
7773708		unresolved	critical	all
7773709		unresolved	critical	all
7773710		unresolved	critical	all
7773711		unresolved	critical	all
7773712	check:7773712/access	encoded	critical	item_shuffle=true	QuestlineCheckGates requires Miniature Ranni plus ordinary Ainsel access and prevents self-placement at the gated check.	#1317			greenfield/eldenring/tests/test_gf_questline_check_gates.py	test_palace_key_needs_miniature_ranni_but_not_the_whole_vanilla_quest
7773712	check:7773712/access	region_sufficient	critical	not(item_shuffle=true)	No randomized Miniature Ranni item exists, so the feature deliberately leaves the region-only rule unchanged.	#1317			greenfield/eldenring/tests/test_gf_questline_check_gates.py	test_no_randomized_item_means_no_ap_item_gate
7773713		unresolved	critical	all
7773714		unresolved	critical	all
7773715		unresolved	critical	all
7773716		unresolved	critical	all
7773717		unresolved	critical	all
7773718		unresolved	critical	all
7773719		unresolved	critical	all
7773720		unresolved	critical	all
7773721		unresolved	critical	all
7773722		unresolved	critical	all
7773723		unresolved	critical	all
7773724		unresolved	critical	all
7773725		unresolved	critical	all
7773726		unresolved	critical	all
7773727		unresolved	critical	all
7773728		unresolved	critical	all
7773729		unresolved	critical	all
7773730		unresolved	critical	all
7773731		unresolved	critical	all
7773732		unresolved	critical	all
7773733		unresolved	critical	all
7773734		unresolved	critical	all
7773735		unresolved	critical	all
7773736		unresolved	critical	all
7773737		unresolved	critical	all
7773738		unresolved	critical	all
7773739		unresolved	critical	all
7773740		unresolved	critical	all
7773741		unresolved	critical	all
7773742		unresolved	critical	all
7773743		unresolved	critical	all
7773744		unresolved	critical	all
7773745		unresolved	critical	all
7773746		unresolved	critical	all
7773747		unresolved	critical	all
7773748		unresolved	critical	all
7773749		unresolved	critical	all
7773750		unresolved	critical	all
7773751		unresolved	critical	all
7773752		unresolved	critical	all
7773753		unresolved	critical	all
7773754		unresolved	critical	all
7773755		unresolved	critical	all
7773756		unresolved	critical	all
7773757		unresolved	critical	all
7773758		unresolved	critical	all
7773759		unresolved	critical	all
7773760		unresolved	critical	all
7773761		unresolved	critical	all
7773762		unresolved	critical	all
7773763		unresolved	critical	all
7773764		unresolved	critical	all
7773765		unresolved	critical	all
7773766		unresolved	critical	all
7773767		unresolved	critical	all
7773768		unresolved	critical	all
7773769		unresolved	critical	all
7773770		unresolved	critical	all
7773771		unresolved	critical	all
7773772		unresolved	critical	all
7773773		unresolved	critical	all
7773774		unresolved	critical	all
7773775		unresolved	critical	all
7773776		unresolved	critical	all
7773777		unresolved	critical	all
7773778		unresolved	critical	all
7773779		unresolved	critical	all
7773780		unresolved	critical	all
7773781		unresolved	critical	all
7773782		unresolved	critical	all
7773783		unresolved	critical	all
7773784		unresolved	critical	all
7773785		unresolved	critical	all
7773786		unresolved	critical	all
7773787		unresolved	critical	all
7773788		unresolved	critical	all
7773789		unresolved	critical	all
7773790		unresolved	critical	all
7773791		unresolved	critical	all
7773792		unresolved	critical	all
7773793		unresolved	critical	all
7773794		unresolved	critical	all
7773795		unresolved	critical	all
7773796		unresolved	critical	all
7773797		unresolved	critical	all
7773798		unresolved	critical	all
7773799		unresolved	critical	all
7773800		unresolved	critical	all
7773801		unresolved	critical	all
7773802		unresolved	critical	all
7773803		unresolved	critical	all
7773804		unresolved	critical	all
7773805		unresolved	critical	all
7773806		unresolved	critical	all
7773807		unresolved	critical	all
7773808		unresolved	critical	all
7773809		unresolved	critical	all
7773810		unresolved	critical	all
7773811		unresolved	critical	all
7773812		unresolved	critical	all
7773813		unresolved	critical	all
7773814		unresolved	critical	all
7773815		unresolved	critical	all
7773816		unresolved	critical	all
7773817		unresolved	critical	all
7773818		unresolved	critical	all
7773819		unresolved	critical	all
7773820		unresolved	critical	all
7773821		unresolved	critical	all
7773822		unresolved	critical	all
7773823		unresolved	critical	all
7773824		unresolved	critical	all
7773825		unresolved	critical	all
7773826		unresolved	critical	all
7773827		unresolved	critical	all
7773828		unresolved	critical	all
7773829		unresolved	critical	all
7773830		unresolved	critical	all
7773831		unresolved	critical	all
7773832		unresolved	critical	all
7773833		unresolved	critical	all
7773834		unresolved	critical	all
7773835		unresolved	critical	all
7773836		unresolved	critical	all
7773837		unresolved	critical	all
7773838		unresolved	critical	all
7773839		unresolved	critical	all
7773840		unresolved	critical	all
7773841		unresolved	critical	all
7773842		unresolved	critical	all
7773843		unresolved	critical	all
7773844		unresolved	critical	all
7773845		unresolved	critical	all
7773846		unresolved	critical	all
7773847		unresolved	critical	all
7773848		unresolved	critical	all
7773849		unresolved	critical	all
7773850		unresolved	critical	all
7773851		unresolved	critical	all
7773852		unresolved	critical	all
7773853		unresolved	critical	all
7773854		unresolved	critical	all
7773855		unresolved	critical	all
7773856		unresolved	critical	all
7773857		unresolved	critical	all
7773858		unresolved	critical	all
7773859		unresolved	critical	all
7773860		unresolved	critical	all
7773861		unresolved	critical	all
7773862		unresolved	critical	all
7773863		unresolved	critical	all
7773864		unresolved	critical	all
7773865		unresolved	critical	all
7773866		unresolved	critical	all
7773867		unresolved	critical	all
7773868		unresolved	critical	all
7773869		unresolved	critical	all
7773870		unresolved	critical	all
7773871		unresolved	critical	all
7773872		unresolved	critical	all
7773873		unresolved	critical	all
7773874		unresolved	critical	all
7773875		unresolved	critical	all
7773876		unresolved	critical	all
7773877		unresolved	critical	all
7773878		unresolved	critical	all
7773879		unresolved	critical	all
7773880		unresolved	critical	all
7773881		unresolved	critical	all
7773882		unresolved	critical	all
7773883		unresolved	critical	all
7773884		unresolved	critical	all
7773885		unresolved	critical	all
7773886		unresolved	critical	all
7773887		unresolved	critical	all
7773888		unresolved	critical	all
7773889		unresolved	critical	all
7773890		unresolved	critical	all
7773891		unresolved	critical	all
7773892		unresolved	critical	all
7773893		unresolved	critical	all
7773894		unresolved	critical	all
7773895		unresolved	critical	all
7773896		unresolved	critical	all
7773897		unresolved	critical	all
7773898		unresolved	critical	all
7773899		unresolved	critical	all
7773900		unresolved	critical	all
7773901		unresolved	critical	all
7773902		unresolved	critical	all
7773903		unresolved	critical	all
7773904		unresolved	critical	all
7773905		unresolved	critical	all
7773906		unresolved	critical	all
7773907		unresolved	critical	all
7773908		unresolved	critical	all
7773909		unresolved	critical	all
7773910		unresolved	critical	all
7773911		unresolved	critical	all
7773912		unresolved	critical	all
7773913		unresolved	critical	all
7773914		unresolved	critical	all
7773915		unresolved	critical	all
7773916		unresolved	critical	all
7773917		unresolved	critical	all
7773918		unresolved	critical	all
7773919		unresolved	critical	all
7773920		unresolved	critical	all
7773921		unresolved	critical	all
7773922		unresolved	critical	all
7773923		unresolved	critical	all
7773924		unresolved	critical	all
7773925		unresolved	critical	all
7773926		unresolved	critical	all
7773927		unresolved	critical	all
7773928		unresolved	critical	all
7773929		unresolved	critical	all
7773930		unresolved	critical	all
7773931		unresolved	critical	all
7773932		unresolved	critical	all
7773933		unresolved	critical	all
7773934		unresolved	critical	all
7773935		unresolved	critical	all
7773936		unresolved	critical	all
7773937		unresolved	critical	all
7773938		unresolved	critical	all
7773939		unresolved	critical	all
7773940		unresolved	critical	all
7773941		unresolved	critical	all
7773942		unresolved	critical	all
7773943		unresolved	critical	all
7773944		unresolved	critical	all
7773945		unresolved	critical	all
7773946		unresolved	critical	all
7773947		unresolved	critical	all
7773948		unresolved	critical	all
7773949		unresolved	critical	all
7773950		unresolved	critical	all
7773951		unresolved	critical	all
7773952		unresolved	critical	all
7773953		unresolved	critical	all
7773954		unresolved	critical	all
7773955		unresolved	critical	all
7773956		unresolved	critical	all
7773957		unresolved	critical	all
7773958		unresolved	critical	all
7773959		unresolved	critical	all
7773960		unresolved	critical	all
7773961		unresolved	critical	all
7773962		unresolved	critical	all
7773963		unresolved	critical	all
7773964		unresolved	critical	all
7773965		unresolved	critical	all
7773966		unresolved	critical	all
7773967		unresolved	critical	all
7773968		unresolved	critical	all
7773969		unresolved	critical	all
7773970		unresolved	critical	all
7773971		unresolved	critical	all
7773972		unresolved	critical	all
7773973		unresolved	critical	all
7773974		unresolved	critical	all
7773975		unresolved	critical	all
7773976		unresolved	critical	all
7773977		unresolved	critical	all
7773978		unresolved	critical	all
7773979		unresolved	critical	all
7773980		unresolved	critical	all
7773981		unresolved	critical	all
7773982		unresolved	critical	all
7773983		unresolved	critical	all
7773984		unresolved	critical	all
7773985		unresolved	critical	all
7773986		unresolved	critical	all
7773987		unresolved	critical	all
7773988		unresolved	critical	all
7773989		unresolved	critical	all
7773990		unresolved	critical	all
7773991		unresolved	critical	all
7773992		unresolved	critical	all
7773993		unresolved	critical	all
7773994		unresolved	critical	all
7773995		unresolved	critical	all
7773996		unresolved	critical	all
7773997		unresolved	critical	all
7773998		unresolved	critical	all
7773999		unresolved	critical	all
7774000		unresolved	critical	all
7774001		unresolved	critical	all
7774002		unresolved	critical	all
7774003		unresolved	critical	all
7774004		unresolved	critical	all
7774005		unresolved	critical	all
7774006		unresolved	critical	all
7774007		unresolved	critical	all
7774008		unresolved	critical	all
7774009		unresolved	critical	all
7774010		unresolved	critical	all
7774011		unresolved	critical	all
7774012		unresolved	critical	all
7774013		unresolved	critical	all
7774014		unresolved	critical	all
7774015		unresolved	critical	all
7774016		unresolved	critical	all
7774017		unresolved	critical	all
7774018		unresolved	critical	all
7774019		unresolved	critical	all
7774020		unresolved	critical	all
7774021		unresolved	critical	all
7774022		unresolved	critical	all
7774023		unresolved	critical	all
7774024		unresolved	critical	all
7774025		unresolved	critical	all
7774026		unresolved	critical	all
7774027		unresolved	critical	all
7774028		unresolved	critical	all
7774029		unresolved	critical	all
7774030		unresolved	critical	all
7774031		unresolved	critical	all
7774032		unresolved	critical	all
7774033		unresolved	critical	all
7774034		unresolved	critical	all
7774035		unresolved	critical	all
7774036		unresolved	critical	all
7774037		unresolved	critical	all
7774038		unresolved	critical	all
7774039		unresolved	critical	all
7774040		unresolved	critical	all
7774041		unresolved	critical	all
7774042		unresolved	critical	all
7774043		unresolved	critical	all
7774044		unresolved	critical	all
7774045		unresolved	critical	all
7774046		unresolved	critical	all
7774047		unresolved	critical	all
7774048		unresolved	critical	all
7774049		unresolved	critical	all
7774050		unresolved	critical	all
7774051		unresolved	critical	all
7774052		unresolved	critical	all
7774053		unresolved	critical	all
7774054		unresolved	critical	all
7774055		unresolved	critical	all
7774056		unresolved	critical	all
7774057		unresolved	critical	all
7774058		unresolved	critical	all
7774059		unresolved	critical	all
7774060		unresolved	critical	all
7774061		unresolved	critical	all
7774062		unresolved	critical	all
7774063		unresolved	critical	all
7774064		unresolved	critical	all
7774065		unresolved	critical	all
7774066		unresolved	critical	all
7774067		unresolved	critical	all
7774068		unresolved	critical	all
7774069		unresolved	critical	all
7774070		unresolved	critical	all
7774071		unresolved	critical	all
7774072		unresolved	critical	all
7774073		unresolved	critical	all
7774074		unresolved	critical	all
7774075		unresolved	critical	all
7774076		unresolved	critical	all
7774077		unresolved	critical	all
7774078		unresolved	critical	all
7774079		unresolved	critical	all
7774080		unresolved	critical	all
7774081		unresolved	critical	all
7774082		unresolved	critical	all
7774083		unresolved	critical	all
7774084		unresolved	critical	all
7774085		unresolved	critical	all
7774086		unresolved	critical	all
7774087		unresolved	critical	all
7774088		unresolved	critical	all
7774089		unresolved	critical	all
7774090		unresolved	critical	all
7774091		unresolved	critical	all
7774092		unresolved	critical	all
7774093		unresolved	critical	all
7774094		unresolved	critical	all
7774095		unresolved	critical	all
7774096		unresolved	critical	all
7774097		unresolved	critical	all
7774098		unresolved	critical	all
7774099		unresolved	critical	all
7774100		unresolved	critical	all
7774101		unresolved	critical	all
7774102		unresolved	critical	all
7774103		unresolved	critical	all
7774104		unresolved	critical	all
7774105		unresolved	critical	all
7774106		unresolved	critical	all
7774107		unresolved	critical	all
7774108		unresolved	critical	all
7774109		unresolved	critical	all
7774110		unresolved	critical	all
7774111		unresolved	critical	all
7774112		unresolved	critical	all
7774113		unresolved	critical	all
7774114		unresolved	critical	all
7774115		unresolved	critical	all
7774116		unresolved	critical	all
7774117		unresolved	critical	all
7774118		unresolved	critical	all
7774119		unresolved	critical	all
7774120		unresolved	critical	all
7774121		unresolved	critical	all
7774122		unresolved	critical	all
7774123		unresolved	critical	all
7774124		unresolved	critical	all
7774125		unresolved	critical	all
7774126		unresolved	critical	all
7774127		unresolved	critical	all
7774128		unresolved	critical	all
7774129		unresolved	critical	all
7774130		unresolved	critical	all
7774131		unresolved	critical	all
7774132		unresolved	critical	all
7774133		unresolved	critical	all
7774134		unresolved	critical	all
7774135		unresolved	critical	all
7774136		unresolved	critical	all
7774137		unresolved	critical	all
7774138		unresolved	critical	all
7774139		unresolved	critical	all
7774140		unresolved	critical	all
7774141		unresolved	critical	all
7774142		unresolved	critical	all
7774143		unresolved	critical	all
7774144		unresolved	critical	all
7774145		unresolved	critical	all
7774146		unresolved	critical	all
7774147		unresolved	critical	all
7774148		unresolved	critical	all
7774149		unresolved	critical	all
7774150		unresolved	critical	all
7774151		unresolved	critical	all
7774152		unresolved	critical	all
7774153		unresolved	critical	all
7774154		unresolved	critical	all
7774155		unresolved	critical	all
7774156		unresolved	critical	all
7774157		unresolved	critical	all
7774158		unresolved	critical	all
7774159		unresolved	critical	all
7774160		unresolved	critical	all
7774161		unresolved	critical	all
7774162		unresolved	critical	all
7774163		unresolved	critical	all
7774164		unresolved	critical	all
7774165		unresolved	critical	all
7774166		unresolved	critical	all
7774167		unresolved	critical	all
7774168		unresolved	critical	all
7774169		unresolved	critical	all
7774170		unresolved	critical	all
7774171		unresolved	critical	all
7774172		unresolved	critical	all
7774173		unresolved	critical	all
7774174		unresolved	critical	all
7774175		unresolved	critical	all
7774176		unresolved	critical	all
7774177		unresolved	critical	all
7774178		unresolved	critical	all
7774179		unresolved	critical	all
7774180		unresolved	critical	all
7774181		unresolved	critical	all
7774182		unresolved	critical	all
7774183		unresolved	critical	all
7774184		unresolved	critical	all
7774185		unresolved	critical	all
7774186		unresolved	critical	all
7774187		unresolved	critical	all
7774188		unresolved	critical	all
7774189		unresolved	critical	all
7774190		unresolved	critical	all
7774191		unresolved	critical	all
7774192		unresolved	critical	all
7774193		unresolved	critical	all
7774194		unresolved	critical	all
7774195		unresolved	critical	all
7774196		unresolved	critical	all
7774197		unresolved	critical	all
7774198		unresolved	critical	all
7774199		unresolved	critical	all
7774200		unresolved	critical	all
7774201		unresolved	critical	all
7774202		unresolved	critical	all
7774203		unresolved	critical	all
7774204		unresolved	critical	all
7774205		unresolved	critical	all
7774206		unresolved	critical	all
7774207		unresolved	critical	all
7774208		unresolved	critical	all
7774209		unresolved	critical	all
7774210		unresolved	critical	all
7774211		unresolved	critical	all
7774212		unresolved	critical	all
7774213		unresolved	critical	all
7774214		unresolved	critical	all
7774215		unresolved	critical	all
7774216		unresolved	critical	all
7774217		unresolved	critical	all
7774218		unresolved	critical	all
7774219		unresolved	critical	all
7774220		unresolved	critical	all
7774221		unresolved	critical	all
7774222		unresolved	critical	all
7774223		unresolved	critical	all
7774224		unresolved	critical	all
7774225		unresolved	critical	all
7774226		unresolved	critical	all
7774227		unresolved	critical	all
7774228		unresolved	critical	all
7774229		unresolved	critical	all
7774230		unresolved	critical	all
7774231		unresolved	critical	all
7774232		unresolved	critical	all
7774233		unresolved	critical	all
7774234		unresolved	critical	all
7774235		unresolved	critical	all
7774236		unresolved	critical	all
7774237		unresolved	critical	all
7774238		unresolved	critical	all
7774239		unresolved	critical	all
7774240		unresolved	critical	all
7774241		unresolved	critical	all
7774242		unresolved	critical	all
7774243		unresolved	critical	all
7774244		unresolved	critical	all
7774245		unresolved	critical	all
7774246		unresolved	critical	all
7774247		unresolved	critical	all
7774248		unresolved	critical	all
7774249		unresolved	critical	all
7774250		unresolved	critical	all
7774251		unresolved	critical	all
7774252		unresolved	critical	all
7774253		unresolved	critical	all
7774254		unresolved	critical	all
7774255		unresolved	critical	all
7774256		unresolved	critical	all
7774257		unresolved	critical	all
7774258		unresolved	critical	all
7774259		unresolved	critical	all
7774260		unresolved	critical	all
7774261		unresolved	critical	all
7774262		unresolved	critical	all
7774263		unresolved	critical	all
7774264		unresolved	critical	all
7774265		unresolved	critical	all
7774266		unresolved	critical	all
7774267		unresolved	critical	all
7774268		unresolved	critical	all
7774269		unresolved	critical	all
7774270		unresolved	critical	all
7774271		unresolved	critical	all
7774272		unresolved	critical	all
7774273		unresolved	critical	all
7774274		unresolved	critical	all
7774275		unresolved	critical	all
7774276		unresolved	critical	all
7774277		unresolved	critical	all
7774278		unresolved	critical	all
7774279		unresolved	critical	all
7774280		unresolved	critical	all
7774281		unresolved	critical	all
7774282		unresolved	critical	all
7774283		unresolved	critical	all
7774284		unresolved	critical	all
7774285		unresolved	critical	all
7774286		unresolved	critical	all
7774287		unresolved	critical	all
7774288		unresolved	critical	all
7774289		unresolved	critical	all
7774290		unresolved	critical	all
7774291		unresolved	critical	all
7774292		unresolved	critical	all
7774293		unresolved	critical	all
7774294		unresolved	critical	all
7774295		unresolved	critical	all
7774296		unresolved	critical	all
7774297		unresolved	critical	all
7774298		unresolved	critical	all
7774299		unresolved	critical	all
7774300		unresolved	critical	all
7774301		unresolved	critical	all
7774302		unresolved	critical	all
7774303		unresolved	critical	all
7774304		unresolved	critical	all
7774305		unresolved	critical	all
7774306		unresolved	critical	all
7774307		unresolved	critical	all
7774308		unresolved	critical	all
7774309		unresolved	critical	all
7774310		unresolved	critical	all
7774311		unresolved	critical	all
7774312		unresolved	critical	all
7774313		unresolved	critical	all
7774314		unresolved	critical	all
7774315		unresolved	critical	all
7774316		unresolved	critical	all
7774317		unresolved	critical	all
7774318		unresolved	critical	all
7774319		unresolved	critical	all
7774320		unresolved	critical	all
7774321		unresolved	critical	all
7774322		unresolved	critical	all
7774323		unresolved	critical	all
7774324		unresolved	critical	all
7774325		unresolved	critical	all
7774326		unresolved	critical	all
7774327		unresolved	critical	all
7774328		unresolved	critical	all
7774329		unresolved	critical	all
7774330		unresolved	critical	all
7774331		unresolved	critical	all
7774332		unresolved	critical	all
7774333		unresolved	critical	all
7774334		unresolved	critical	all
7774335		unresolved	critical	all
7774336		unresolved	critical	all
7774337		unresolved	critical	all
7774338		unresolved	critical	all
7774339		unresolved	critical	all
7774340		unresolved	critical	all
7774341		unresolved	critical	all
7774342		unresolved	critical	all
7774343		unresolved	critical	all
7774344		unresolved	critical	all
7774345		unresolved	critical	all
7774346		unresolved	critical	all
7774347		unresolved	critical	all
7774348		unresolved	critical	all
7774349		unresolved	critical	all
7774350		unresolved	critical	all
7774351		unresolved	critical	all
7774352		unresolved	critical	all
7774353		unresolved	critical	all
7774354		unresolved	critical	all
7774355		unresolved	critical	all
7774356		unresolved	critical	all
7774357		unresolved	critical	all
7774358		unresolved	critical	all
7774359		unresolved	critical	all
7774360		unresolved	critical	all
7774361		unresolved	critical	all
7774362		unresolved	critical	all
7774363		unresolved	critical	all
7774364		unresolved	critical	all
7774365		unresolved	critical	all
7774366		unresolved	critical	all
7774367		unresolved	critical	all
7774368		unresolved	critical	all
7774369		unresolved	critical	all
7774370		unresolved	critical	all
7774371		unresolved	critical	all
7774372		unresolved	critical	all
7774373		unresolved	critical	all
7774374		unresolved	critical	all
7774375		unresolved	critical	all
7774376		unresolved	critical	all
7774377		unresolved	critical	all
7774378		unresolved	critical	all
7774379		unresolved	critical	all
7774380		unresolved	critical	all
7774381		unresolved	critical	all
7774382		unresolved	critical	all
7774383		unresolved	critical	all
7774384		unresolved	critical	all
7774385		unresolved	critical	all
7774386		unresolved	critical	all
7774387		unresolved	critical	all
7774388		unresolved	critical	all
7774389		unresolved	critical	all
7774390		unresolved	critical	all
7774391		unresolved	critical	all
7774392		unresolved	critical	all
7774393		unresolved	critical	all
7774394		unresolved	critical	all
7774395		unresolved	critical	all
7774396		unresolved	critical	all
7774397		unresolved	critical	all
7774398		unresolved	critical	all
7774399		unresolved	critical	all
7774400		unresolved	critical	all
7774401		unresolved	critical	all
7774402		unresolved	critical	all
7774403		unresolved	critical	all
7774404		unresolved	critical	all
7774405		unresolved	critical	all
7774406		unresolved	critical	all
7774407		unresolved	critical	all
7774408		unresolved	critical	all
7774409		unresolved	critical	all
7774410		unresolved	critical	all
7774411		unresolved	critical	all
7774412		unresolved	critical	all
7774413		unresolved	critical	all
7774414		unresolved	critical	all
7774415		unresolved	critical	all
7774416		unresolved	critical	all
7774417		unresolved	critical	all
7774418		unresolved	critical	all
7774419		unresolved	critical	all
7774420		unresolved	critical	all
7774421		unresolved	critical	all
7774422		unresolved	critical	all
7774423		unresolved	critical	all
7774424		unresolved	critical	all
7774425		unresolved	critical	all
7774426		unresolved	critical	all
7774427		unresolved	critical	all
7774428		unresolved	critical	all
7774429		unresolved	critical	all
7774430		unresolved	critical	all
7774431		unresolved	critical	all
7774432		unresolved	critical	all
7774433		unresolved	critical	all
7774434		unresolved	critical	all
7774435		unresolved	critical	all
7774436		unresolved	critical	all
7774437		unresolved	critical	all
7774438		unresolved	critical	all
7774439		unresolved	critical	all
7774440		unresolved	critical	all
7774441		unresolved	critical	all
7774442		unresolved	critical	all
7774443		unresolved	critical	all
7774444		unresolved	critical	all
7774445		unresolved	critical	all
7774446		unresolved	critical	all
7774447		unresolved	critical	all
7774448		unresolved	critical	all
7774449		unresolved	critical	all
7774450		unresolved	critical	all
7774451		unresolved	critical	all
7774452		unresolved	critical	all
7774453		unresolved	critical	all
7774454		unresolved	critical	all
7774455		unresolved	critical	all
7774456		unresolved	critical	all
7774457		unresolved	critical	all
7774458		unresolved	critical	all
7774459		unresolved	critical	all
7774460		unresolved	critical	all
7774461		unresolved	critical	all
7774462		unresolved	critical	all
7774463		unresolved	critical	all
7774464		unresolved	critical	all
7774465		unresolved	critical	all
7774466		unresolved	critical	all
7774467		unresolved	critical	all
7774468		unresolved	critical	all
7774469		unresolved	critical	all
7774470		unresolved	critical	all
7774471		unresolved	critical	all
7774472		unresolved	critical	all
7774473		unresolved	critical	all
7774474		unresolved	critical	all
7774475		unresolved	critical	all
7774476		unresolved	critical	all
7774477		unresolved	critical	all
7774478		unresolved	critical	all
7774479		unresolved	critical	all
7774480		unresolved	critical	all
7774481		unresolved	critical	all
7774482		unresolved	critical	all
7774483		unresolved	critical	all
7774484		unresolved	critical	all
7774485		unresolved	critical	all
7774486		unresolved	critical	all
7774487		unresolved	critical	all
7774488		unresolved	critical	all
7774489		unresolved	critical	all
7774490		unresolved	critical	all
7774491		unresolved	critical	all
7774492		unresolved	critical	all
7774493		unresolved	critical	all
7774494		unresolved	critical	all
7774495		unresolved	critical	all
7774496		unresolved	critical	all
7774497		unresolved	critical	all
7774498		unresolved	critical	all
7774499		unresolved	critical	all
7774500		unresolved	critical	all
7774501		unresolved	critical	all
7774502		unresolved	critical	all
7774503		unresolved	critical	all
7774504		unresolved	critical	all
7774505		unresolved	critical	all
7774506		unresolved	critical	all
7774507		unresolved	critical	all
7774508		unresolved	critical	all
7774509		unresolved	critical	all
7774510		unresolved	critical	all
7774511		unresolved	critical	all
7774512		unresolved	critical	all
7774513		unresolved	critical	all
7774514		unresolved	critical	all
7774515		unresolved	critical	all
7774516		unresolved	critical	all
7774517		unresolved	critical	all
7774518		unresolved	critical	all
7774519		unresolved	critical	all
7774520		unresolved	critical	all
7774521		unresolved	critical	all
7774522		unresolved	critical	all
7774523		unresolved	critical	all
7774524		unresolved	critical	all
7774525		unresolved	critical	all
7774526		unresolved	critical	all
7774527		unresolved	critical	all
7774528		unresolved	critical	all
7774529		unresolved	critical	all
7774530		unresolved	critical	all
7774531		unresolved	critical	all
7774532		unresolved	critical	all
7774533		unresolved	critical	all
7774534		unresolved	critical	all
7774535		unresolved	critical	all
7774536		unresolved	critical	all
7774537		unresolved	critical	all
7774538		unresolved	critical	all
7774539		unresolved	critical	all
7774540		unresolved	critical	all
7774541		unresolved	critical	all
7774542		unresolved	critical	all
7774543		unresolved	critical	all
7774544		unresolved	critical	all
7774545		unresolved	critical	all
7774546		unresolved	critical	all
7774547		unresolved	critical	all
7774548		unresolved	critical	all
7774549		unresolved	critical	all
7774550		unresolved	critical	all
7774551		unresolved	critical	all
7774552		unresolved	critical	all
7774553		unresolved	critical	all
7774554		unresolved	critical	all
7774555		unresolved	critical	all
7774556		unresolved	critical	all
7774557		unresolved	critical	all
7774558		unresolved	critical	all
7774559		unresolved	critical	all
7774560		unresolved	critical	all
7774561		unresolved	critical	all
7774562		unresolved	critical	all
7774563		unresolved	critical	all
7774564		unresolved	critical	all
7774565		unresolved	critical	all
7774566		unresolved	critical	all
7774567		unresolved	critical	all
7774568		unresolved	critical	all
7774569		unresolved	critical	all
7774570		unresolved	critical	all
7774571		unresolved	critical	all
7774572		unresolved	critical	all
7774573		unresolved	critical	all
7774574		unresolved	critical	all
7774575		unresolved	critical	all
7774576		unresolved	critical	all
7774577		unresolved	critical	all
7774578		unresolved	critical	all
7774579		unresolved	critical	all
7774580		unresolved	critical	all
7774581		unresolved	critical	all
7774582		unresolved	critical	all
7774583		unresolved	critical	all
7774584		unresolved	critical	all
7774585		unresolved	critical	all
7774586		unresolved	critical	all
7774587		unresolved	critical	all
7774588		unresolved	critical	all
7774589		unresolved	critical	all
7774590		unresolved	critical	all
7774591		unresolved	critical	all
7774592		unresolved	critical	all
7774593		unresolved	critical	all
7774594		unresolved	critical	all
7774595		unresolved	critical	all
7774596		unresolved	critical	all
7774597		unresolved	critical	all
7774598		unresolved	critical	all
7774599		unresolved	critical	all
7774600		unresolved	critical	all
7774601		unresolved	critical	all
7774602		unresolved	critical	all
7774603		unresolved	critical	all
7774604		unresolved	critical	all
7774605		unresolved	critical	all
7774606		unresolved	critical	all
7774607		unresolved	critical	all
7774608		unresolved	critical	all
7774609		unresolved	critical	all
7774610		unresolved	critical	all
7774611		unresolved	critical	all
7774612		unresolved	critical	all
7774613		unresolved	critical	all
7774614		unresolved	critical	all
7774615		unresolved	critical	all
7774616		unresolved	critical	all
7774617		unresolved	critical	all
7774618		unresolved	critical	all
7774619		unresolved	critical	all
7774620		unresolved	critical	all
7774621		unresolved	critical	all
7774622		unresolved	critical	all
7774623		unresolved	critical	all
7774624		unresolved	critical	all
7774625		unresolved	critical	all
7774626		unresolved	critical	all
7774627		unresolved	critical	all
7774628		unresolved	critical	all
7774629		unresolved	critical	all
7774630		unresolved	critical	all
7774631		unresolved	critical	all
7774632		unresolved	critical	all
7774633		unresolved	critical	all
7774634		unresolved	critical	all
7774635		unresolved	critical	all	Senessax primary reward; ordinary Jagged Peak boss access	#1296
7900000		unresolved	critical	all
7900001		unresolved	critical	all
7900002		unresolved	critical	all
7900003		unresolved	critical	all
7900004		unresolved	critical	all
7900005		unresolved	critical	all
7900006		unresolved	critical	all
7900007		unresolved	critical	all
7900008		unresolved	critical	all
7900009		unresolved	critical	all
7900010		unresolved	critical	all
7900011		unresolved	critical	all
7900012		unresolved	critical	all
7900013		unresolved	critical	all
7900014		unresolved	critical	all
7900015		unresolved	critical	all
7900016		unresolved	critical	all
7900017		unresolved	critical	all
7900018		unresolved	critical	all
7900019		unresolved	critical	all
7900020		unresolved	critical	all
7900021		unresolved	critical	all
7900022		unresolved	critical	all
7900023		unresolved	critical	all
7900024		unresolved	critical	all
7900025		unresolved	critical	all
7900026		unresolved	critical	all
7900027		unresolved	critical	all
7900028		unresolved	critical	all
7900029		unresolved	critical	all
7900030		unresolved	critical	all
7900031		unresolved	critical	all
7900032		unresolved	critical	all
7900033		unresolved	critical	all
7900034		unresolved	critical	all
7900035		unresolved	critical	all
7900036		unresolved	critical	all
7900037		unresolved	critical	all
7900038		unresolved	critical	all
7900039		unresolved	critical	all
7900040		unresolved	critical	all
7900041		unresolved	critical	all
7900042		unresolved	critical	all
7900043		unresolved	critical	all
7900044		unresolved	critical	all
7900045		unresolved	critical	all
7900046		unresolved	critical	all
7900047		unresolved	critical	all
7900048		unresolved	critical	all
7900049		unresolved	critical	all
7900050		unresolved	critical	all
7900051		unresolved	critical	all
7900052		unresolved	critical	all
7900053		unresolved	critical	all
7900054		unresolved	critical	all
7900055		unresolved	critical	all
7900056		unresolved	critical	all
7900057		unresolved	critical	all
7900058		unresolved	critical	all
7900059		unresolved	critical	all
7900060		unresolved	critical	all
7900061		unresolved	critical	all
7900062		unresolved	critical	all
7900063		unresolved	critical	all
7900064		unresolved	critical	all
7900065		unresolved	critical	all
7900066		unresolved	critical	all
7900067		unresolved	critical	all
7900068		unresolved	critical	all
7900069		unresolved	critical	all
7900070		unresolved	critical	all
7900071		unresolved	critical	all
7900072		unresolved	critical	all
7900073		unresolved	critical	all
7900074		unresolved	critical	all
7900075		unresolved	critical	all
7900076		unresolved	critical	all
7900077		unresolved	critical	all
7900078		unresolved	critical	all
7900079		unresolved	critical	all
7900080		unresolved	critical	all
7900081		unresolved	critical	all
7900082		unresolved	critical	all
7900083		unresolved	critical	all
7900084		unresolved	critical	all
7900085		unresolved	critical	all
7900086		unresolved	critical	all
7900087		unresolved	critical	all
7900088		unresolved	critical	all
7900089		unresolved	critical	all
7900090		unresolved	critical	all
7900091		unresolved	critical	all
7900092		unresolved	critical	all
7900093		unresolved	critical	all
7900094		unresolved	critical	all
7900095		unresolved	critical	all
7900096		unresolved	critical	all
7900097		unresolved	critical	all
7900098		unresolved	critical	all
7900099		unresolved	critical	all
7900100		unresolved	critical	all
7900101		unresolved	critical	all
7900102		unresolved	critical	all
7900103		unresolved	critical	all
7900104		unresolved	critical	all
7900105		unresolved	critical	all
7900106		unresolved	critical	all
7900107		unresolved	critical	all
7900108		unresolved	critical	all
7900109		unresolved	critical	all
7900110		unresolved	critical	all
7900111		unresolved	critical	all
7900112		unresolved	critical	all
7900113		unresolved	critical	all
7900114		unresolved	critical	all
7900115		unresolved	critical	all
7900116		unresolved	critical	all
7900117		unresolved	critical	all
7900118		unresolved	critical	all
7900119		unresolved	critical	all
7900120		unresolved	critical	all
7900121		unresolved	critical	all
7900122		unresolved	critical	all
7900123		unresolved	critical	all
7900124		unresolved	critical	all
7900125		unresolved	critical	all
7900126		unresolved	critical	all
7900127		unresolved	critical	all
7900128		unresolved	critical	all
7900129		unresolved	critical	all
7900130		unresolved	critical	all
7900131		unresolved	critical	all
7900132		unresolved	critical	all
7900133		unresolved	critical	all
7900134		unresolved	critical	all
7900135		unresolved	critical	all
7900136		unresolved	critical	all
7900137		unresolved	critical	all
7900138		unresolved	critical	all
7900139		unresolved	critical	all
7900140		unresolved	critical	all
7900141		unresolved	critical	all
7900142		unresolved	critical	all
7900143		unresolved	critical	all
7900144		unresolved	critical	all
7900145		unresolved	critical	all
7900146		unresolved	critical	all
7900147		unresolved	critical	all
7900148		unresolved	critical	all
7900149		unresolved	critical	all
7900150		unresolved	critical	all
7900151		unresolved	critical	all
7900152		unresolved	critical	all
7900153		unresolved	critical	all
7900154		unresolved	critical	all
7900155		unresolved	critical	all
7900156		unresolved	critical	all
7900157		unresolved	critical	all
7900158		unresolved	critical	all
7900159		unresolved	critical	all
7900160		unresolved	critical	all
7900161		unresolved	critical	all
7900162		unresolved	critical	all
7900163		unresolved	critical	all
7900164		unresolved	critical	all
7900165		unresolved	critical	all
7900166		unresolved	critical	all
7900167		unresolved	critical	all
7900168		unresolved	critical	all
7900169		unresolved	critical	all
7900170		unresolved	critical	all
7900171		unresolved	critical	all
7900172		unresolved	critical	all
7900173		unresolved	critical	all
7900174		unresolved	critical	all
7900175		unresolved	critical	all
7900176		unresolved	critical	all
7900177		unresolved	critical	all
7900178		unresolved	critical	all
7900179		unresolved	critical	all
7900180		unresolved	critical	all
7900181		unresolved	critical	all
7900182		unresolved	critical	all
7900183		unresolved	critical	all
7900184		unresolved	critical	all
7900185		unresolved	critical	all
7900186		unresolved	critical	all
7900187		unresolved	critical	all
7900188		unresolved	critical	all
7900189		unresolved	critical	all
7900190		unresolved	critical	all
7900191		unresolved	critical	all
7900192		unresolved	critical	all
7900193		unresolved	critical	all
7900194		unresolved	critical	all
7900195		unresolved	critical	all
7900196		unresolved	critical	all
7900197		unresolved	critical	all
7900198		unresolved	critical	all
7900199		unresolved	critical	all
7900200		unresolved	critical	all
7900201		unresolved	critical	all
7900202		unresolved	critical	all
7900203		unresolved	critical	all
7900204		unresolved	critical	all
7900205		unresolved	critical	all
7900206		unresolved	critical	all
7900207		unresolved	critical	all
7900208		unresolved	critical	all
7900209		unresolved	critical	all
7900210		unresolved	critical	all
7900211		unresolved	critical	all
7900212		unresolved	critical	all
7900213		unresolved	critical	all
7900214		unresolved	critical	all
7900215		unresolved	critical	all
7900216		unresolved	critical	all
7900217		unresolved	critical	all
7900218	check:7900218/access	encoded	critical	item_shuffle=true,legacy_dungeon_keys=true,vanilla_placement=false	LegacyKeyGates.set_rules requires the Carian Inverted Statue for this exact inverted-route check; the regression proves the predicate and excludes standard-layout checks.	#1271			greenfield/eldenring/tests/test_gf_legacy_key_gate.py	test_carian_statue_gates_the_inverted_route_and_not_the_standard_hall
7900218	check:7900218/access	unresolved	critical	not(item_shuffle=true,legacy_dungeon_keys=true,vanilla_placement=false)
7900219		unresolved	critical	all
7900220		unresolved	critical	all
7900221		unresolved	critical	all
7900222		unresolved	critical	all
7900223		unresolved	critical	all
7900224		unresolved	critical	all
7900225		unresolved	critical	all
7900226		unresolved	critical	all
7900227		unresolved	critical	all
7900228		unresolved	critical	all
7900229		unresolved	critical	all
7900230		unresolved	critical	all
7900231		unresolved	critical	all
7900232		unresolved	critical	all
7900233		unresolved	critical	all
7900234		unresolved	critical	all
7900235		unresolved	critical	all
7900236		unresolved	critical	all
7900237		unresolved	critical	all
7900238		unresolved	critical	all
7900239		unresolved	critical	all
7900240		unresolved	critical	all
7900241		unresolved	critical	all
7900242		unresolved	critical	all
7900243		unresolved	critical	all
7900244		unresolved	critical	all
7900245		unresolved	critical	all
7900246		unresolved	critical	all
7900247		unresolved	critical	all
7900248		unresolved	critical	all
7900249		unresolved	critical	all
7900250		unresolved	critical	all
7900251		unresolved	critical	all
7900252		unresolved	critical	all
7900253		unresolved	critical	all
7900254		unresolved	critical	all
7900255		unresolved	critical	all
7900256		unresolved	critical	all
7900257		unresolved	critical	all
7900258		unresolved	critical	all
7900259		unresolved	critical	all
7900260		unresolved	critical	all
7900261		unresolved	critical	all
7900262		unresolved	critical	all
7900263		unresolved	critical	all
7900264		unresolved	critical	all
7900265		unresolved	critical	all
7900266		unresolved	critical	all
7900267		unresolved	critical	all
7900268		unresolved	critical	all
7900269		unresolved	critical	all
7900270		unresolved	critical	all
7900271		unresolved	critical	all
7900272		unresolved	critical	all
7900273		unresolved	critical	all
7900274		unresolved	critical	all
7900275		unresolved	critical	all
7900276		unresolved	critical	all
7900277		unresolved	critical	all
7900278		unresolved	critical	all
7900279		unresolved	critical	all
7900280		unresolved	critical	all
7900281		unresolved	critical	all
7900282		unresolved	critical	all
7900283		unresolved	critical	all
7900284		unresolved	critical	all
7900285		unresolved	critical	all
7900286		unresolved	critical	all
7900287		unresolved	critical	all
7900288		unresolved	critical	all	Senessax co-firing reward; ordinary Jagged Peak boss access	#1296
