# AUTO-GENERATED by tools/datamine_esd_flags.py -- DO NOT EDIT, re-emit.
# Every event flag an NPC talk ESD SETS = the NPC-STATE flag vocabulary.
# JOIN KEY, NOT A VERDICT. The chain is: ESD sets -> EMEVD tests -> treasure
# enabled/disabled. Join gate_flag in lot_gates.tsv against this to tell an
# NPC-STATE gate from a world/progression gate.
# MEASURED THIS RUN (recomputed on every emit; the tool hard-fails if the
# disjointness breaks or the positive control goes empty):
#   esd flags 2408 | msb_flag_region 0/2803 | corpse 0/1824 | flag_lots 3/4558
#   POSITIVE CONTROL: 13/53 lot_gates gate_flags are ESD-set
# how: literal | arg (call-graph resolved) | argsum (const+param step ladder)
#      | conditional (SetEventFlagIf)
flag	sense	talk_id	map_id	how
4	on	800016000	m60_00_00_00	argsum
4	on	800026000	m60_00_00_00	argsum
4	on	800036000	m60_00_00_00	argsum
4	on	800046000	m60_00_00_00	argsum
4	on	800056000	m60_00_00_00	argsum
4	on	800906000	m60_00_00_00	argsum
104	on	000003000	m00_00_00_00	literal
3000	on	900006000	m60_00_00_00	literal
3001	on	000001000	m00_00_00_00	literal
3281	on	303001000	m10_00_00_00	arg
3281	on	303001000	m10_00_00_00	literal
3281	on	303006000	m60_00_00_00	arg
3281	on	303006000	m60_00_00_00	literal
3281	on	303011000	m10_00_00_00	arg
3281	on	303011000	m10_00_00_00	literal
3281	on	303016000	m60_00_00_00	arg
3281	on	303016000	m60_00_00_00	literal
3346	on	209006000	m60_00_00_00	literal
4651	off	000001000	m00_00_00_00	literal
4651	on	000001000	m00_00_00_00	literal
4652	off	000001000	m00_00_00_00	literal
4652	off	000003000	m00_00_00_00	literal
4652	on	000001000	m00_00_00_00	literal
4653	off	000001000	m00_00_00_00	literal
4653	off	000003000	m00_00_00_00	literal
4653	on	000001000	m00_00_00_00	literal
4654	off	000001000	m00_00_00_00	literal
4654	off	000003000	m00_00_00_00	literal
4655	off	000001000	m00_00_00_00	literal
4655	off	000003000	m00_00_00_00	literal
4655	on	000001000	m00_00_00_00	arg
4656	off	000001000	m00_00_00_00	literal
4656	off	000003000	m00_00_00_00	literal
4656	on	000001000	m00_00_00_00	literal
4657	off	000001000	m00_00_00_00	literal
4657	off	000003000	m00_00_00_00	literal
4657	on	000001000	m00_00_00_00	arg
4670	off	000003000	m00_00_00_00	literal
4680	on	000003000	m00_00_00_00	arg
4681	on	000003000	m00_00_00_00	arg
4698	off	000001000	m00_00_00_00	literal
4698	off	000003000	m00_00_00_00	literal
4698	on	000001000	m00_00_00_00	conditional
4820	off	000001000	m00_00_00_00	arg
4820	off	000001000	m00_00_00_00	literal
4820	on	000001000	m00_00_00_00	arg
4821	off	000001000	m00_00_00_00	arg
4821	off	000001000	m00_00_00_00	literal
4821	on	000001000	m00_00_00_00	arg
4822	off	000001000	m00_00_00_00	arg
4822	off	000001000	m00_00_00_00	literal
4822	on	000001000	m00_00_00_00	arg
4825	off	000001000	m00_00_00_00	arg
4825	off	000001000	m00_00_00_00	literal
4825	on	000001000	m00_00_00_00	arg
4826	off	000001000	m00_00_00_00	arg
4826	off	000001000	m00_00_00_00	literal
4826	on	000001000	m00_00_00_00	arg
4827	off	000001000	m00_00_00_00	arg
4827	off	000001000	m00_00_00_00	literal
4827	on	000001000	m00_00_00_00	arg
4828	off	000001000	m00_00_00_00	literal
4828	on	000001000	m00_00_00_00	literal
4829	off	000001000	m00_00_00_00	literal
4829	on	000001000	m00_00_00_00	literal
4830	off	000001000	m00_00_00_00	literal
4830	on	000001000	m00_00_00_00	literal
4891	on	417002101	m21_01_00_00	literal
4891	on	417006100	m61_00_00_00	literal
4892	off	414002101	m21_01_00_00	literal
4892	off	414006100	m61_00_00_00	literal
4895	on	415006100	m61_00_00_00	literal
4902	on	418012001	m20_01_00_00	literal
4980	on	800066000	m60_00_00_00	literal
4980	on	800076000	m60_00_00_00	literal
4980	on	800086000	m60_00_00_00	literal
4980	on	800106000	m60_00_00_00	literal
4980	on	800116000	m60_00_00_00	literal
4980	on	800126000	m60_00_00_00	literal
4985	on	800076000	m60_00_00_00	literal
4985	on	800086000	m60_00_00_00	literal
4985	on	800106000	m60_00_00_00	literal
4985	on	800116000	m60_00_00_00	literal
4985	on	800126000	m60_00_00_00	literal
6000	on	800076000	m60_00_00_00	arg
6000	on	800086000	m60_00_00_00	arg
6000	on	800106000	m60_00_00_00	arg
6000	on	800116000	m60_00_00_00	arg
6000	on	800126000	m60_00_00_00	arg
9000	off	000001000	m00_00_00_00	literal
9000	off	000003000	m00_00_00_00	literal
9000	on	000001000	m00_00_00_00	literal
9020	off	000001000	m00_00_00_00	literal
9020	off	000003000	m00_00_00_00	literal
9020	on	000001000	m00_00_00_00	literal
9400	on	607001900	m19_00_00_00	literal
9401	on	607001900	m19_00_00_00	literal
9402	on	607001900	m19_00_00_00	literal
9403	on	607001900	m19_00_00_00	literal
9432	on	301006000	m60_00_00_00	literal
60803	on	320001110	m11_10_00_00	literal
60803	on	320006000	m60_00_00_00	literal
60805	on	223001100	m11_00_00_00	literal
60805	on	223001105	m11_05_00_00	literal
60805	on	223001400	m14_00_00_00	literal
60805	on	223003115	m31_15_00_00	literal
60805	on	223006000	m60_00_00_00	literal
60810	on	310003500	m35_00_00_00	literal
60810	on	310006000	m60_00_00_00	literal
60816	on	309001600	m16_00_00_00	literal
60816	on	309003100	m31_00_00_00	literal
60816	on	309006000	m60_00_00_00	literal
60817	on	316006000	m60_00_00_00	literal
60819	on	309001600	m16_00_00_00	literal
60819	on	309003100	m31_00_00_00	literal
60819	on	309006000	m60_00_00_00	literal
60821	on	312001400	m14_00_00_00	literal
60821	on	312006000	m60_00_00_00	literal
60821	on	312026000	m60_00_00_00	literal
60828	on	220001300	m13_00_00_00	literal
60828	on	220003207	m32_07_00_00	literal
60828	on	220006000	m60_00_00_00	literal
60828	on	220016000	m60_00_00_00	literal
60828	on	220026000	m60_00_00_00	literal
60830	on	800001100	m11_00_00_00	literal
60830	on	800003500	m35_00_00_00	literal
60830	on	800006000	m60_00_00_00	literal
60832	on	309001600	m16_00_00_00	literal
60832	on	309003100	m31_00_00_00	literal
60832	on	309006000	m60_00_00_00	literal
60835	on	320001110	m11_10_00_00	literal
60835	on	320006000	m60_00_00_00	literal
60837	on	331006000	m60_00_00_00	literal
60839	on	200001400	m14_00_00_00	literal
60840	on	339001110	m11_10_00_00	literal
60841	on	351001100	m11_00_00_00	literal
60841	on	351001105	m11_05_00_00	literal
60841	on	351001110	m11_10_00_00	literal
60841	on	351006000	m60_00_00_00	literal
60842	on	349006000	m60_00_00_00	literal
60845	on	333006000	m60_00_00_00	literal
60846	on	000003000	m00_00_00_00	literal
60847	on	319201202	m12_02_00_00	literal
60848	on	112001100	m11_00_00_00	literal
60848	on	112006000	m60_00_00_00	literal
100200	off	000001000	m00_00_00_00	literal
100210	off	000001000	m00_00_00_00	literal
400357	off	325001000	m10_00_00_00	literal
400357	off	325001110	m11_10_00_00	literal
400612	off	414002101	m21_01_00_00	literal
400612	off	414006100	m61_00_00_00	literal
400721	off	402002000	m20_00_00_00	literal
400721	on	402002000	m20_00_00_00	literal
710880	on	620001100	m11_00_00_00	literal
710880	on	620001105	m11_05_00_00	literal
710880	on	621006000	m60_00_00_00	literal
710880	on	622006000	m60_00_00_00	literal
710880	on	623001110	m11_10_00_00	literal
720070	on	000001000	m00_00_00_00	literal
720080	on	000001000	m00_00_00_00	literal
720300	on	000001000	m00_00_00_00	literal
720310	on	000001000	m00_00_00_00	literal
10000548	on	906001000	m10_00_00_00	arg
10000901	on	906001000	m10_00_00_00	arg
10000902	on	906001000	m10_00_00_00	arg
10000903	on	906001000	m10_00_00_00	arg
10002703	on	204101000	m10_00_00_00	arg
10002705	on	204101000	m10_00_00_00	literal
10002720	on	302001000	m10_00_00_00	arg
10002720	on	302031000	m10_00_00_00	arg
10002720	on	302051000	m10_00_00_00	arg
10002720	on	302061000	m10_00_00_00	arg
10002720	on	304001000	m10_00_00_00	arg
10002722	on	302001000	m10_00_00_00	arg
10002722	on	302001000	m10_00_00_00	literal
10002722	on	302031000	m10_00_00_00	arg
10002722	on	302031000	m10_00_00_00	literal
10002722	on	302051000	m10_00_00_00	arg
10002722	on	302051000	m10_00_00_00	literal
10002722	on	302061000	m10_00_00_00	arg
10002722	on	302061000	m10_00_00_00	literal
10002723	on	302001000	m10_00_00_00	arg
10002723	on	302011000	m10_00_00_00	arg
10002723	on	302021000	m10_00_00_00	arg
10002723	on	302031000	m10_00_00_00	arg
10002723	on	302041000	m10_00_00_00	arg
10002723	on	302051000	m10_00_00_00	arg
10002723	on	302061000	m10_00_00_00	arg
10002724	off	302001000	m10_00_00_00	literal
10002724	off	302011000	m10_00_00_00	literal
10002724	off	302021000	m10_00_00_00	literal
10002724	off	302031000	m10_00_00_00	literal
10002724	off	302041000	m10_00_00_00	literal
10002724	off	302051000	m10_00_00_00	literal
10002724	off	302061000	m10_00_00_00	literal
10002724	on	302001000	m10_00_00_00	literal
10002724	on	302011000	m10_00_00_00	literal
10002724	on	302021000	m10_00_00_00	literal
10002724	on	302031000	m10_00_00_00	literal
10002724	on	302041000	m10_00_00_00	literal
10002724	on	302051000	m10_00_00_00	literal
10002724	on	302061000	m10_00_00_00	literal
10002731	off	302001000	m10_00_00_00	literal
10002731	off	302011000	m10_00_00_00	literal
10002731	off	302021000	m10_00_00_00	literal
10002731	off	302031000	m10_00_00_00	literal
10002731	off	302041000	m10_00_00_00	literal
10002731	off	302051000	m10_00_00_00	literal
10002731	off	302061000	m10_00_00_00	literal
10002731	on	302001000	m10_00_00_00	literal
10002731	on	302011000	m10_00_00_00	literal
10002731	on	302021000	m10_00_00_00	literal
10002731	on	302031000	m10_00_00_00	literal
10002731	on	302041000	m10_00_00_00	literal
10002731	on	302051000	m10_00_00_00	literal
10002731	on	302061000	m10_00_00_00	literal
10002767	on	302001000	m10_00_00_00	arg
10002767	on	302011000	m10_00_00_00	arg
10002767	on	302021000	m10_00_00_00	arg
10002767	on	302031000	m10_00_00_00	arg
10002767	on	302041000	m10_00_00_00	arg
10002767	on	302051000	m10_00_00_00	arg
10002767	on	302061000	m10_00_00_00	arg
10002768	on	302001000	m10_00_00_00	arg
10002768	on	302031000	m10_00_00_00	arg
10002768	on	302051000	m10_00_00_00	arg
10002768	on	302061000	m10_00_00_00	arg
10002769	off	302001000	m10_00_00_00	literal
10002769	off	302031000	m10_00_00_00	literal
10002769	off	302051000	m10_00_00_00	literal
10002769	off	302061000	m10_00_00_00	literal
10002770	on	325001000	m10_00_00_00	literal
10002770	on	325001110	m11_10_00_00	literal
10002780	on	334001000	m10_00_00_00	literal
10002780	on	334006000	m60_00_00_00	literal
10002781	on	334001000	m10_00_00_00	literal
10002781	on	334006000	m60_00_00_00	literal
10002785	on	334001000	m10_00_00_00	arg
10002785	on	334001110	m11_10_00_00	arg
10009302	on	304001000	m10_00_00_00	literal
10009303	on	304001000	m10_00_00_00	arg
10009304	on	304001000	m10_00_00_00	arg
10009305	on	304001000	m10_00_00_00	literal
10009306	on	304001000	m10_00_00_00	literal
10009308	off	304001000	m10_00_00_00	literal
10009308	on	304001000	m10_00_00_00	literal
10009336	on	304001000	m10_00_00_00	literal
10009348	on	304001000	m10_00_00_00	literal
10009351	on	302001000	m10_00_00_00	arg
10009351	on	302011000	m10_00_00_00	arg
10009351	on	302021000	m10_00_00_00	arg
10009351	on	302031000	m10_00_00_00	arg
10009351	on	302041000	m10_00_00_00	arg
10009351	on	302051000	m10_00_00_00	arg
10009351	on	302061000	m10_00_00_00	arg
10009352	on	302001000	m10_00_00_00	arg
10009352	on	302011000	m10_00_00_00	arg
10009352	on	302021000	m10_00_00_00	arg
10009352	on	302031000	m10_00_00_00	arg
10009352	on	302041000	m10_00_00_00	arg
10009352	on	302051000	m10_00_00_00	arg
10009352	on	302061000	m10_00_00_00	arg
10009353	on	302001000	m10_00_00_00	arg
10009353	on	302011000	m10_00_00_00	arg
10009353	on	302021000	m10_00_00_00	arg
10009353	on	302031000	m10_00_00_00	arg
10009353	on	302041000	m10_00_00_00	arg
10009353	on	302051000	m10_00_00_00	arg
10009353	on	302061000	m10_00_00_00	arg
10009355	on	302001000	m10_00_00_00	literal
10009355	on	302031000	m10_00_00_00	literal
10009355	on	302051000	m10_00_00_00	literal
10009355	on	302061000	m10_00_00_00	literal
10009356	on	302001000	m10_00_00_00	literal
10009356	on	302011000	m10_00_00_00	literal
10009356	on	302021000	m10_00_00_00	literal
10009356	on	302031000	m10_00_00_00	literal
10009356	on	302041000	m10_00_00_00	literal
10009356	on	302051000	m10_00_00_00	literal
10009356	on	302061000	m10_00_00_00	literal
10009360	on	302001000	m10_00_00_00	literal
10009360	on	302011000	m10_00_00_00	literal
10009360	on	302021000	m10_00_00_00	literal
10009360	on	302031000	m10_00_00_00	literal
10009360	on	302041000	m10_00_00_00	literal
10009360	on	302051000	m10_00_00_00	literal
10009360	on	302061000	m10_00_00_00	literal
10009362	on	302001000	m10_00_00_00	arg
10009362	on	302011000	m10_00_00_00	arg
10009362	on	302021000	m10_00_00_00	arg
10009362	on	302031000	m10_00_00_00	arg
10009362	on	302041000	m10_00_00_00	arg
10009362	on	302051000	m10_00_00_00	arg
10009362	on	302061000	m10_00_00_00	arg
10009368	on	302001000	m10_00_00_00	literal
10009368	on	302011000	m10_00_00_00	literal
10009368	on	302021000	m10_00_00_00	literal
10009368	on	302031000	m10_00_00_00	literal
10009368	on	302041000	m10_00_00_00	literal
10009368	on	302051000	m10_00_00_00	literal
10009368	on	302061000	m10_00_00_00	literal
10009369	on	302001000	m10_00_00_00	literal
10009369	on	302031000	m10_00_00_00	literal
10009369	on	302051000	m10_00_00_00	literal
10009369	on	302061000	m10_00_00_00	literal
10009371	on	302001000	m10_00_00_00	arg
10009371	on	302001000	m10_00_00_00	literal
10009371	on	302031000	m10_00_00_00	arg
10009371	on	302031000	m10_00_00_00	literal
10009371	on	302051000	m10_00_00_00	arg
10009371	on	302051000	m10_00_00_00	literal
10009371	on	302061000	m10_00_00_00	arg
10009371	on	302061000	m10_00_00_00	literal
10009373	on	302001000	m10_00_00_00	literal
10009373	on	302031000	m10_00_00_00	literal
10009373	on	302051000	m10_00_00_00	literal
10009373	on	302061000	m10_00_00_00	literal
10009376	on	302201000	m10_00_00_00	arg
10009378	on	302001000	m10_00_00_00	literal
10009378	on	302031000	m10_00_00_00	literal
10009378	on	302051000	m10_00_00_00	literal
10009378	on	302061000	m10_00_00_00	literal
10009389	on	302001000	m10_00_00_00	literal
10009389	on	302011000	m10_00_00_00	literal
10009389	on	302021000	m10_00_00_00	literal
10009389	on	302031000	m10_00_00_00	literal
10009389	on	302041000	m10_00_00_00	literal
10009389	on	302051000	m10_00_00_00	literal
10009389	on	302061000	m10_00_00_00	literal
10009397	on	302001000	m10_00_00_00	literal
10009397	on	302011000	m10_00_00_00	literal
10009397	on	302021000	m10_00_00_00	literal
10009397	on	302031000	m10_00_00_00	literal
10009397	on	302041000	m10_00_00_00	literal
10009397	on	302051000	m10_00_00_00	literal
10009397	on	302061000	m10_00_00_00	literal
10009398	on	302001000	m10_00_00_00	arg
10009398	on	302011000	m10_00_00_00	arg
10009398	on	302021000	m10_00_00_00	arg
10009398	on	302031000	m10_00_00_00	arg
10009398	on	302041000	m10_00_00_00	arg
10009398	on	302051000	m10_00_00_00	arg
10009398	on	302061000	m10_00_00_00	arg
10009399	on	302001000	m10_00_00_00	arg
10009399	on	302011000	m10_00_00_00	arg
10009399	on	302021000	m10_00_00_00	arg
10009399	on	302031000	m10_00_00_00	arg
10009399	on	302041000	m10_00_00_00	arg
10009399	on	302051000	m10_00_00_00	arg
10009399	on	302061000	m10_00_00_00	arg
10009501	on	302001000	m10_00_00_00	arg
10009501	on	302031000	m10_00_00_00	arg
10009501	on	302051000	m10_00_00_00	arg
10009501	on	302061000	m10_00_00_00	arg
10009516	on	302001000	m10_00_00_00	arg
10009516	on	302051000	m10_00_00_00	arg
10009516	on	302061000	m10_00_00_00	arg
10009517	on	302001000	m10_00_00_00	arg
10009517	on	302051000	m10_00_00_00	arg
10009517	on	302061000	m10_00_00_00	arg
10009549	on	302001000	m10_00_00_00	literal
10009549	on	302011000	m10_00_00_00	literal
10009549	on	302021000	m10_00_00_00	literal
10009549	on	302031000	m10_00_00_00	literal
10009549	on	302041000	m10_00_00_00	literal
10009549	on	302051000	m10_00_00_00	literal
10009549	on	302061000	m10_00_00_00	literal
10009605	on	325001000	m10_00_00_00	literal
10009605	on	325001110	m11_10_00_00	literal
10009606	on	325001000	m10_00_00_00	literal
10009606	on	325001110	m11_10_00_00	literal
10009608	on	325001000	m10_00_00_00	arg
10009608	on	325001110	m11_10_00_00	arg
10009609	on	325001000	m10_00_00_00	literal
10009609	on	325001110	m11_10_00_00	literal
10009616	on	325001000	m10_00_00_00	literal
10009616	on	325001110	m11_10_00_00	literal
10009617	on	325001000	m10_00_00_00	literal
10009617	on	325001110	m11_10_00_00	literal
10009618	off	325001000	m10_00_00_00	literal
10009618	off	325001110	m11_10_00_00	literal
10009618	on	325001000	m10_00_00_00	conditional
10009618	on	325001110	m11_10_00_00	conditional
10009619	on	325001000	m10_00_00_00	literal
10009619	on	325001110	m11_10_00_00	literal
10009655	on	000003000	m00_00_00_00	literal
10009656	off	000001000	m00_00_00_00	literal
10009656	on	000001000	m00_00_00_00	literal
10009703	on	334001000	m10_00_00_00	arg
10009703	on	334006000	m60_00_00_00	arg
10009705	on	334001000	m10_00_00_00	literal
10009705	on	334001110	m11_10_00_00	literal
10009705	on	334006000	m60_00_00_00	literal
10009706	on	334001000	m10_00_00_00	literal
10009706	on	334001110	m11_10_00_00	literal
10009706	on	334006000	m60_00_00_00	literal
10009709	on	334001000	m10_00_00_00	literal
10009709	on	334001110	m11_10_00_00	literal
10009709	on	334006000	m60_00_00_00	literal
10009714	on	334001000	m10_00_00_00	literal
10009714	on	334001110	m11_10_00_00	literal
10009714	on	334006000	m60_00_00_00	literal
10009715	on	334001000	m10_00_00_00	literal
10009715	on	334001110	m11_10_00_00	literal
10009715	on	334006000	m60_00_00_00	literal
10009716	on	334001000	m10_00_00_00	literal
10009716	on	334001110	m11_10_00_00	literal
10009716	on	334006000	m60_00_00_00	literal
10009717	on	334001000	m10_00_00_00	literal
10009717	on	334001110	m11_10_00_00	literal
10009717	on	334006000	m60_00_00_00	literal
10009755	on	321001000	m10_00_00_00	arg
10009755	on	321006000	m60_00_00_00	arg
10009756	on	321001000	m10_00_00_00	arg
10009756	on	321006000	m60_00_00_00	arg
11002720	on	204111100	m11_00_00_00	arg
11002732	on	351001100	m11_00_00_00	literal
11002732	on	351001105	m11_05_00_00	literal
11002732	on	351001110	m11_10_00_00	literal
11002732	on	351006000	m60_00_00_00	literal
11002734	on	351001100	m11_00_00_00	arg
11002734	on	351001105	m11_05_00_00	arg
11002734	on	351001110	m11_10_00_00	arg
11002734	on	351006000	m60_00_00_00	arg
11002745	on	000003000	m00_00_00_00	literal
11009205	on	337001100	m11_00_00_00	literal
11009206	on	337001100	m11_00_00_00	literal
11009207	on	337001100	m11_00_00_00	literal
11009208	on	337001100	m11_00_00_00	literal
11009209	on	337001100	m11_00_00_00	literal
11009210	on	337001100	m11_00_00_00	literal
11009235	on	337001100	m11_00_00_00	literal
11009251	on	000003000	m00_00_00_00	arg
11009252	on	000003000	m00_00_00_00	literal
11009255	off	000001000	m00_00_00_00	literal
11009255	on	000001000	m00_00_00_00	literal
11009256	on	000003000	m00_00_00_00	arg
11009257	on	000003000	m00_00_00_00	arg
11009260	on	000003000	m00_00_00_00	arg
11009265	off	000001000	m00_00_00_00	literal
11009265	on	000001000	m00_00_00_00	literal
11009266	on	000003000	m00_00_00_00	arg
11009270	off	000001000	m00_00_00_00	literal
11009270	on	000001000	m00_00_00_00	literal
11009271	on	000003000	m00_00_00_00	arg
11009275	off	000001000	m00_00_00_00	literal
11009275	on	000001000	m00_00_00_00	literal
11009276	on	000003000	m00_00_00_00	arg
11009305	on	800001100	m11_00_00_00	literal
11009305	on	800003500	m35_00_00_00	literal
11009305	on	800006000	m60_00_00_00	literal
11009306	on	800001100	m11_00_00_00	literal
11009306	on	800003500	m35_00_00_00	literal
11009306	on	800006000	m60_00_00_00	literal
11009307	on	800001100	m11_00_00_00	literal
11009307	on	800003500	m35_00_00_00	literal
11009307	on	800006000	m60_00_00_00	literal
11009309	off	800001100	m11_00_00_00	literal
11009309	off	800003500	m35_00_00_00	literal
11009309	off	800006000	m60_00_00_00	literal
11009309	on	800001100	m11_00_00_00	literal
11009309	on	800003500	m35_00_00_00	literal
11009309	on	800006000	m60_00_00_00	literal
11009310	on	800001100	m11_00_00_00	literal
11009310	on	800003500	m35_00_00_00	literal
11009310	on	800006000	m60_00_00_00	literal
11009311	off	800001100	m11_00_00_00	literal
11009311	off	800003500	m35_00_00_00	literal
11009311	off	800006000	m60_00_00_00	literal
11009311	on	800001100	m11_00_00_00	literal
11009311	on	800003500	m35_00_00_00	literal
11009311	on	800006000	m60_00_00_00	literal
11009312	off	800001100	m11_00_00_00	literal
11009312	off	800003500	m35_00_00_00	literal
11009312	off	800006000	m60_00_00_00	literal
11009312	on	800001100	m11_00_00_00	literal
11009312	on	800003500	m35_00_00_00	literal
11009312	on	800006000	m60_00_00_00	literal
11009405	on	204201100	m11_00_00_00	literal
11009406	on	204201100	m11_00_00_00	literal
11009455	on	351001100	m11_00_00_00	literal
11009455	on	351001105	m11_05_00_00	literal
11009455	on	351001110	m11_10_00_00	literal
11009455	on	351006000	m60_00_00_00	literal
11009456	off	351001100	m11_00_00_00	literal
11009456	off	351001105	m11_05_00_00	literal
11009456	off	351001110	m11_10_00_00	literal
11009456	off	351006000	m60_00_00_00	literal
11009456	on	351001100	m11_00_00_00	literal
11009456	on	351001105	m11_05_00_00	literal
11009456	on	351001110	m11_10_00_00	literal
11009456	on	351006000	m60_00_00_00	literal
11009457	on	351001100	m11_00_00_00	literal
11009457	on	351001105	m11_05_00_00	literal
11009457	on	351001110	m11_10_00_00	literal
11009457	on	351006000	m60_00_00_00	literal
11009458	off	351001100	m11_00_00_00	literal
11009458	off	351001105	m11_05_00_00	literal
11009458	off	351001110	m11_10_00_00	literal
11009458	off	351006000	m60_00_00_00	literal
11009458	on	351001100	m11_00_00_00	literal
11009458	on	351001105	m11_05_00_00	literal
11009458	on	351001110	m11_10_00_00	literal
11009458	on	351006000	m60_00_00_00	literal
11009459	on	351001100	m11_00_00_00	literal
11009459	on	351001105	m11_05_00_00	literal
11009459	on	351001110	m11_10_00_00	literal
11009459	on	351006000	m60_00_00_00	literal
11009460	on	351001100	m11_00_00_00	literal
11009460	on	351001105	m11_05_00_00	literal
11009460	on	351001110	m11_10_00_00	literal
11009460	on	351006000	m60_00_00_00	literal
11009555	other	112001100	m11_00_00_00	rawsense-1
11009555	other	112006000	m60_00_00_00	rawsense-1
11009557	on	112001100	m11_00_00_00	literal
11009557	on	112006000	m60_00_00_00	literal
11053710	on	324001105	m11_05_00_00	literal
11059207	on	351001100	m11_00_00_00	arg
11059207	on	351001105	m11_05_00_00	arg
11059207	on	351001110	m11_10_00_00	arg
11059207	on	351006000	m60_00_00_00	arg
11059250	on	324001105	m11_05_00_00	arg
11102702	on	213001110	m11_10_00_00	literal
11102702	on	213006000	m60_00_00_00	literal
11102703	on	213001110	m11_10_00_00	arg
11102707	on	213001110	m11_10_00_00	arg
11102730	on	314006000	m60_00_00_00	literal
11102731	on	314006000	m60_00_00_00	arg
11102732	on	314006000	m60_00_00_00	arg
11102750	on	325001000	m10_00_00_00	literal
11102750	on	325001110	m11_10_00_00	literal
11102770	on	319001110	m11_10_00_00	literal
11102770	on	319006000	m60_00_00_00	literal
11102782	on	324001105	m11_05_00_00	literal
11102782	on	324001110	m11_10_00_00	literal
11102812	on	351001100	m11_00_00_00	literal
11102812	on	351001105	m11_05_00_00	literal
11102812	on	351001110	m11_10_00_00	literal
11102812	on	351006000	m60_00_00_00	literal
11102813	on	351001100	m11_00_00_00	literal
11102813	on	351001105	m11_05_00_00	literal
11102813	on	351001110	m11_10_00_00	literal
11102813	on	351006000	m60_00_00_00	literal
11102814	on	351001100	m11_00_00_00	literal
11102814	on	351001105	m11_05_00_00	literal
11102814	on	351001110	m11_10_00_00	literal
11102814	on	351006000	m60_00_00_00	literal
11102815	off	351001100	m11_00_00_00	literal
11102815	off	351001105	m11_05_00_00	literal
11102815	off	351001110	m11_10_00_00	literal
11102815	off	351006000	m60_00_00_00	literal
11102816	off	351001100	m11_00_00_00	literal
11102816	off	351001105	m11_05_00_00	literal
11102816	off	351001110	m11_10_00_00	literal
11102816	off	351006000	m60_00_00_00	literal
11102843	on	322001110	m11_10_00_00	literal
11102843	on	322001203	m12_03_00_00	literal
11102843	on	322011203	m12_03_00_00	literal
11102844	on	322001110	m11_10_00_00	literal
11102844	on	322001203	m12_03_00_00	literal
11102844	on	322011203	m12_03_00_00	literal
11102845	off	322001110	m11_10_00_00	conditional
11102845	off	322001203	m12_03_00_00	conditional
11102845	off	322011203	m12_03_00_00	conditional
11102845	on	322001110	m11_10_00_00	conditional
11102845	on	322001203	m12_03_00_00	conditional
11102845	on	322011203	m12_03_00_00	conditional
11102848	off	322001110	m11_10_00_00	conditional
11102848	off	322001203	m12_03_00_00	conditional
11102848	off	322011203	m12_03_00_00	conditional
11102848	on	322001110	m11_10_00_00	conditional
11102848	on	322001203	m12_03_00_00	conditional
11102848	on	322011203	m12_03_00_00	conditional
11109005	on	322001110	m11_10_00_00	arg
11109005	on	322001203	m12_03_00_00	arg
11109005	on	322011203	m12_03_00_00	arg
11109006	on	322001110	m11_10_00_00	arg
11109006	on	322001203	m12_03_00_00	arg
11109006	on	322011203	m12_03_00_00	arg
11109007	on	322001110	m11_10_00_00	arg
11109007	on	322001203	m12_03_00_00	arg
11109007	on	322011203	m12_03_00_00	arg
11109008	on	322001110	m11_10_00_00	arg
11109008	on	322001203	m12_03_00_00	arg
11109008	on	322011203	m12_03_00_00	arg
11109009	on	322001110	m11_10_00_00	arg
11109009	on	322001203	m12_03_00_00	arg
11109009	on	322011203	m12_03_00_00	arg
11109015	on	322001110	m11_10_00_00	arg
11109015	on	322001203	m12_03_00_00	arg
11109015	on	322011203	m12_03_00_00	arg
11109016	on	322001110	m11_10_00_00	arg
11109016	on	322001203	m12_03_00_00	arg
11109016	on	322011203	m12_03_00_00	arg
11109017	on	322001110	m11_10_00_00	arg
11109017	on	322001203	m12_03_00_00	arg
11109017	on	322011203	m12_03_00_00	arg
11109020	off	322001110	m11_10_00_00	literal
11109020	off	322001203	m12_03_00_00	literal
11109020	off	322011203	m12_03_00_00	literal
11109020	on	322001110	m11_10_00_00	conditional
11109020	on	322001203	m12_03_00_00	conditional
11109020	on	322011203	m12_03_00_00	conditional
11109021	off	322001110	m11_10_00_00	literal
11109021	off	322001203	m12_03_00_00	literal
11109021	off	322011203	m12_03_00_00	literal
11109021	on	322001110	m11_10_00_00	literal
11109021	on	322001203	m12_03_00_00	literal
11109021	on	322011203	m12_03_00_00	literal
11109022	off	322001110	m11_10_00_00	literal
11109022	off	322001203	m12_03_00_00	literal
11109022	off	322011203	m12_03_00_00	literal
11109022	on	322001110	m11_10_00_00	literal
11109022	on	322001203	m12_03_00_00	literal
11109022	on	322011203	m12_03_00_00	literal
11109023	off	322001110	m11_10_00_00	literal
11109023	off	322001203	m12_03_00_00	literal
11109023	off	322011203	m12_03_00_00	literal
11109023	on	322001110	m11_10_00_00	literal
11109023	on	322001203	m12_03_00_00	literal
11109023	on	322011203	m12_03_00_00	literal
11109024	off	322001110	m11_10_00_00	literal
11109024	off	322001203	m12_03_00_00	literal
11109024	off	322011203	m12_03_00_00	literal
11109024	on	322001110	m11_10_00_00	literal
11109024	on	322001203	m12_03_00_00	literal
11109024	on	322011203	m12_03_00_00	literal
11109025	off	322001110	m11_10_00_00	literal
11109025	off	322001203	m12_03_00_00	literal
11109025	off	322011203	m12_03_00_00	literal
11109025	on	322001110	m11_10_00_00	literal
11109025	on	322001203	m12_03_00_00	literal
11109025	on	322011203	m12_03_00_00	literal
11109026	off	322001110	m11_10_00_00	literal
11109026	off	322001203	m12_03_00_00	literal
11109026	off	322011203	m12_03_00_00	literal
11109026	on	322001110	m11_10_00_00	literal
11109026	on	322001203	m12_03_00_00	literal
11109026	on	322011203	m12_03_00_00	literal
11109205	on	213001110	m11_10_00_00	literal
11109205	on	213006000	m60_00_00_00	literal
11109206	on	213001110	m11_10_00_00	literal
11109206	on	213006000	m60_00_00_00	literal
11109207	on	213001110	m11_10_00_00	literal
11109207	on	213006000	m60_00_00_00	literal
11109209	on	213001110	m11_10_00_00	literal
11109209	on	213006000	m60_00_00_00	literal
11109210	on	213001110	m11_10_00_00	literal
11109210	on	213006000	m60_00_00_00	literal
11109211	on	213001110	m11_10_00_00	literal
11109211	on	213006000	m60_00_00_00	literal
11109212	on	213001110	m11_10_00_00	literal
11109212	on	213006000	m60_00_00_00	literal
11109213	on	213001110	m11_10_00_00	literal
11109213	on	213006000	m60_00_00_00	literal
11109216	on	213001110	m11_10_00_00	literal
11109216	on	213006000	m60_00_00_00	literal
11109217	off	213001110	m11_10_00_00	literal
11109217	off	213006000	m60_00_00_00	literal
11109217	on	213001110	m11_10_00_00	literal
11109217	on	213006000	m60_00_00_00	literal
11109218	off	213001110	m11_10_00_00	literal
11109218	off	213006000	m60_00_00_00	literal
11109218	on	213001110	m11_10_00_00	literal
11109218	on	213006000	m60_00_00_00	literal
11109219	off	213001110	m11_10_00_00	literal
11109219	off	213006000	m60_00_00_00	literal
11109219	on	213001110	m11_10_00_00	literal
11109219	on	213006000	m60_00_00_00	literal
11109227	on	213001110	m11_10_00_00	literal
11109227	on	213006000	m60_00_00_00	literal
11109229	on	213001110	m11_10_00_00	literal
11109229	on	213006000	m60_00_00_00	literal
11109230	on	213001110	m11_10_00_00	literal
11109230	on	213006000	m60_00_00_00	literal
11109231	on	213001110	m11_10_00_00	literal
11109231	on	213006000	m60_00_00_00	literal
11109232	on	213001110	m11_10_00_00	literal
11109232	on	213006000	m60_00_00_00	literal
11109233	off	213001110	m11_10_00_00	literal
11109233	off	213006000	m60_00_00_00	literal
11109233	on	213001110	m11_10_00_00	literal
11109233	on	213006000	m60_00_00_00	literal
11109234	off	213001110	m11_10_00_00	literal
11109234	off	213006000	m60_00_00_00	literal
11109234	on	213001110	m11_10_00_00	literal
11109234	on	213006000	m60_00_00_00	literal
11109235	off	213001110	m11_10_00_00	literal
11109235	off	213006000	m60_00_00_00	literal
11109235	on	213001110	m11_10_00_00	literal
11109235	on	213006000	m60_00_00_00	literal
11109236	off	213001110	m11_10_00_00	literal
11109236	off	213006000	m60_00_00_00	literal
11109236	on	213001110	m11_10_00_00	literal
11109236	on	213006000	m60_00_00_00	literal
11109238	on	213001110	m11_10_00_00	literal
11109238	on	213006000	m60_00_00_00	literal
11109246	on	213001110	m11_10_00_00	literal
11109246	on	213006000	m60_00_00_00	literal
11109247	other	213001110	m11_10_00_00	rawsense-1
11109247	other	213006000	m60_00_00_00	rawsense-1
11109248	off	213001110	m11_10_00_00	literal
11109248	off	213006000	m60_00_00_00	literal
11109248	on	213001110	m11_10_00_00	literal
11109248	on	213006000	m60_00_00_00	literal
11109255	on	320001110	m11_10_00_00	literal
11109255	on	320006000	m60_00_00_00	literal
11109256	on	320001110	m11_10_00_00	literal
11109256	on	320006000	m60_00_00_00	literal
11109258	on	320001110	m11_10_00_00	literal
11109258	on	320006000	m60_00_00_00	literal
11109260	off	320001110	m11_10_00_00	literal
11109260	off	320006000	m60_00_00_00	literal
11109260	on	320001110	m11_10_00_00	literal
11109260	on	320006000	m60_00_00_00	literal
11109261	off	320001110	m11_10_00_00	literal
11109261	off	320006000	m60_00_00_00	literal
11109261	on	320001110	m11_10_00_00	literal
11109261	on	320006000	m60_00_00_00	literal
11109262	off	320001110	m11_10_00_00	literal
11109262	off	320006000	m60_00_00_00	literal
11109262	on	320001110	m11_10_00_00	literal
11109262	on	320006000	m60_00_00_00	literal
11109263	off	320001110	m11_10_00_00	literal
11109263	off	320006000	m60_00_00_00	literal
11109263	on	320001110	m11_10_00_00	literal
11109263	on	320006000	m60_00_00_00	literal
11109264	off	320001110	m11_10_00_00	literal
11109264	off	320006000	m60_00_00_00	literal
11109264	on	320001110	m11_10_00_00	literal
11109264	on	320006000	m60_00_00_00	literal
11109265	on	320001110	m11_10_00_00	literal
11109265	on	320006000	m60_00_00_00	literal
11109266	on	320001110	m11_10_00_00	literal
11109266	on	320006000	m60_00_00_00	literal
11109267	on	320001110	m11_10_00_00	literal
11109267	on	320006000	m60_00_00_00	literal
11109268	on	320001110	m11_10_00_00	literal
11109268	on	320006000	m60_00_00_00	literal
11109269	on	320001110	m11_10_00_00	literal
11109269	on	320006000	m60_00_00_00	literal
11109270	on	320001110	m11_10_00_00	literal
11109270	on	320006000	m60_00_00_00	literal
11109271	on	320001110	m11_10_00_00	literal
11109271	on	320006000	m60_00_00_00	literal
11109272	on	320001110	m11_10_00_00	literal
11109272	on	320006000	m60_00_00_00	literal
11109275	on	320001110	m11_10_00_00	literal
11109275	on	320006000	m60_00_00_00	literal
11109276	on	320001110	m11_10_00_00	literal
11109276	on	320006000	m60_00_00_00	literal
11109277	on	320001110	m11_10_00_00	literal
11109277	on	320006000	m60_00_00_00	literal
11109278	on	320001110	m11_10_00_00	literal
11109278	on	320006000	m60_00_00_00	literal
11109279	on	320001110	m11_10_00_00	literal
11109279	on	320006000	m60_00_00_00	literal
11109307	off	223001100	m11_00_00_00	literal
11109307	off	223001105	m11_05_00_00	literal
11109307	off	223001400	m14_00_00_00	literal
11109307	off	223003115	m31_15_00_00	literal
11109307	off	223006000	m60_00_00_00	literal
11109307	on	223001100	m11_00_00_00	literal
11109307	on	223001105	m11_05_00_00	literal
11109307	on	223001400	m14_00_00_00	literal
11109307	on	223003115	m31_15_00_00	literal
11109307	on	223006000	m60_00_00_00	literal
11109308	on	223001100	m11_00_00_00	arg
11109308	on	223001105	m11_05_00_00	arg
11109308	on	223001400	m14_00_00_00	arg
11109308	on	223003115	m31_15_00_00	arg
11109308	on	223006000	m60_00_00_00	arg
11109315	on	223001100	m11_00_00_00	literal
11109315	on	223001105	m11_05_00_00	literal
11109315	on	223001400	m14_00_00_00	literal
11109315	on	223003115	m31_15_00_00	literal
11109315	on	223006000	m60_00_00_00	literal
11109331	off	213001110	m11_10_00_00	literal
11109331	off	213006000	m60_00_00_00	literal
11109331	on	213001110	m11_10_00_00	literal
11109331	on	213006000	m60_00_00_00	literal
11109332	off	213001110	m11_10_00_00	literal
11109332	off	213006000	m60_00_00_00	literal
11109332	on	213001110	m11_10_00_00	literal
11109332	on	213006000	m60_00_00_00	literal
11109333	off	213001110	m11_10_00_00	literal
11109333	off	213006000	m60_00_00_00	literal
11109333	on	213001110	m11_10_00_00	literal
11109333	on	213006000	m60_00_00_00	literal
11109334	off	213001110	m11_10_00_00	literal
11109334	off	213006000	m60_00_00_00	literal
11109334	on	213001110	m11_10_00_00	literal
11109334	on	213006000	m60_00_00_00	literal
11109335	off	213001110	m11_10_00_00	literal
11109335	off	213006000	m60_00_00_00	literal
11109335	on	213001110	m11_10_00_00	literal
11109335	on	213006000	m60_00_00_00	literal
11109336	on	213001110	m11_10_00_00	literal
11109336	on	213006000	m60_00_00_00	literal
11109339	on	213001110	m11_10_00_00	literal
11109339	on	213006000	m60_00_00_00	literal
11109356	on	102001110	m11_10_00_00	literal
11109357	on	102001110	m11_10_00_00	literal
11109358	on	102001110	m11_10_00_00	literal
11109370	on	102001110	m11_10_00_00	literal
11109371	on	102001110	m11_10_00_00	literal
11109385	on	102001110	m11_10_00_00	literal
11109386	on	102001110	m11_10_00_00	literal
11109387	on	102001110	m11_10_00_00	literal
11109395	on	102001110	m11_10_00_00	literal
11109396	on	102001110	m11_10_00_00	literal
11109397	on	102001110	m11_10_00_00	literal
11109405	on	314006000	m60_00_00_00	literal
11109406	on	314001110	m11_10_00_00	literal
11109406	on	314001600	m16_00_00_00	literal
11109406	on	314006000	m60_00_00_00	literal
11109430	on	314001110	m11_10_00_00	literal
11109430	on	314001600	m16_00_00_00	literal
11109430	on	314006000	m60_00_00_00	literal
11109505	on	325001000	m10_00_00_00	arg
11109505	on	325001110	m11_10_00_00	arg
11109506	on	325001000	m10_00_00_00	arg
11109506	on	325001110	m11_10_00_00	arg
11109507	on	325001000	m10_00_00_00	arg
11109507	on	325001110	m11_10_00_00	arg
11109508	off	325001000	m10_00_00_00	literal
11109508	off	325001110	m11_10_00_00	literal
11109508	on	325001000	m10_00_00_00	literal
11109508	on	325001110	m11_10_00_00	literal
11109509	off	325001000	m10_00_00_00	literal
11109509	off	325001110	m11_10_00_00	literal
11109509	on	325001000	m10_00_00_00	literal
11109509	on	325001110	m11_10_00_00	literal
11109510	off	325001000	m10_00_00_00	literal
11109510	off	325001110	m11_10_00_00	literal
11109510	on	325001000	m10_00_00_00	literal
11109510	on	325001110	m11_10_00_00	literal
11109511	off	325001000	m10_00_00_00	literal
11109511	off	325001110	m11_10_00_00	literal
11109511	on	325001000	m10_00_00_00	conditional
11109511	on	325001110	m11_10_00_00	conditional
11109512	off	325001000	m10_00_00_00	literal
11109512	off	325001110	m11_10_00_00	literal
11109512	on	325001000	m10_00_00_00	literal
11109512	on	325001110	m11_10_00_00	literal
11109513	off	325001000	m10_00_00_00	literal
11109513	off	325001110	m11_10_00_00	literal
11109513	on	325001000	m10_00_00_00	literal
11109513	on	325001110	m11_10_00_00	literal
11109514	off	325001000	m10_00_00_00	literal
11109514	off	325001110	m11_10_00_00	literal
11109514	on	325001000	m10_00_00_00	literal
11109514	on	325001110	m11_10_00_00	literal
11109515	off	325001000	m10_00_00_00	literal
11109515	off	325001110	m11_10_00_00	literal
11109515	on	325001000	m10_00_00_00	literal
11109515	on	325001110	m11_10_00_00	literal
11109516	off	325001000	m10_00_00_00	literal
11109516	off	325001110	m11_10_00_00	literal
11109516	on	325001000	m10_00_00_00	literal
11109516	on	325001110	m11_10_00_00	literal
11109517	on	325001000	m10_00_00_00	literal
11109517	on	325001110	m11_10_00_00	literal
11109518	on	325001000	m10_00_00_00	arg
11109518	on	325001110	m11_10_00_00	arg
11109520	on	325001000	m10_00_00_00	literal
11109520	on	325001110	m11_10_00_00	literal
11109521	on	325001000	m10_00_00_00	arg
11109521	on	325001110	m11_10_00_00	arg
11109522	on	325001000	m10_00_00_00	arg
11109522	on	325001110	m11_10_00_00	arg
11109523	on	325001000	m10_00_00_00	arg
11109523	on	325001110	m11_10_00_00	arg
11109524	on	325001000	m10_00_00_00	arg
11109524	on	325001110	m11_10_00_00	arg
11109525	on	325001000	m10_00_00_00	arg
11109525	on	325001110	m11_10_00_00	arg
11109527	on	325001000	m10_00_00_00	literal
11109527	on	325001110	m11_10_00_00	literal
11109530	on	325001000	m10_00_00_00	literal
11109530	on	325001110	m11_10_00_00	literal
11109531	off	325001000	m10_00_00_00	literal
11109531	off	325001110	m11_10_00_00	literal
11109531	on	325001000	m10_00_00_00	literal
11109531	on	325001110	m11_10_00_00	literal
11109532	on	325001000	m10_00_00_00	arg
11109532	on	325001110	m11_10_00_00	arg
11109535	on	325001000	m10_00_00_00	arg
11109535	on	325001110	m11_10_00_00	arg
11109538	on	325001000	m10_00_00_00	literal
11109538	on	325001110	m11_10_00_00	literal
11109541	off	325001000	m10_00_00_00	literal
11109541	off	325001110	m11_10_00_00	literal
11109541	on	325001000	m10_00_00_00	literal
11109541	on	325001110	m11_10_00_00	literal
11109542	off	325001000	m10_00_00_00	literal
11109542	off	325001110	m11_10_00_00	literal
11109542	on	325001000	m10_00_00_00	literal
11109542	on	325001110	m11_10_00_00	literal
11109550	on	324001110	m11_10_00_00	literal
11109551	off	324001110	m11_10_00_00	literal
11109551	on	324001110	m11_10_00_00	literal
11109552	on	324001110	m11_10_00_00	literal
11109553	on	324001110	m11_10_00_00	literal
11109555	off	324001110	m11_10_00_00	literal
11109555	on	324001110	m11_10_00_00	literal
11109556	on	324001110	m11_10_00_00	literal
11109557	on	324001110	m11_10_00_00	literal
11109608	on	319001110	m11_10_00_00	arg
11109608	on	319006000	m60_00_00_00	arg
11109611	on	319001110	m11_10_00_00	arg
11109611	on	319006000	m60_00_00_00	arg
11109617	on	319001110	m11_10_00_00	arg
11109617	on	319006000	m60_00_00_00	arg
11109618	on	319001110	m11_10_00_00	arg
11109618	on	319006000	m60_00_00_00	arg
11109620	off	319001110	m11_10_00_00	literal
11109620	off	319006000	m60_00_00_00	literal
11109620	on	319001110	m11_10_00_00	conditional
11109620	on	319006000	m60_00_00_00	conditional
11109621	on	319001110	m11_10_00_00	arg
11109621	on	319006000	m60_00_00_00	arg
11109622	off	319001110	m11_10_00_00	literal
11109622	off	319006000	m60_00_00_00	literal
11109622	on	319001110	m11_10_00_00	conditional
11109622	on	319006000	m60_00_00_00	conditional
11109623	on	319001110	m11_10_00_00	arg
11109623	on	319006000	m60_00_00_00	arg
11109624	off	319001110	m11_10_00_00	literal
11109624	off	319006000	m60_00_00_00	literal
11109624	on	319001110	m11_10_00_00	conditional
11109624	on	319006000	m60_00_00_00	conditional
11109625	on	319001110	m11_10_00_00	arg
11109625	on	319006000	m60_00_00_00	arg
11109658	on	324001110	m11_10_00_00	literal
11109659	on	324001110	m11_10_00_00	literal
11109660	on	324001110	m11_10_00_00	literal
11109661	on	324001110	m11_10_00_00	literal
11109662	on	324001110	m11_10_00_00	literal
11109664	on	324001110	m11_10_00_00	literal
11109665	on	324001110	m11_10_00_00	literal
11109666	on	324001110	m11_10_00_00	literal
11109667	on	324001110	m11_10_00_00	literal
11109668	off	324001110	m11_10_00_00	literal
11109668	on	324001110	m11_10_00_00	literal
11109670	on	324001110	m11_10_00_00	literal
11109671	on	324001110	m11_10_00_00	literal
11109672	on	324001110	m11_10_00_00	literal
11109675	off	324001110	m11_10_00_00	literal
11109675	on	324001110	m11_10_00_00	literal
11109676	on	324001110	m11_10_00_00	literal
11109677	off	324001110	m11_10_00_00	literal
11109677	on	324001110	m11_10_00_00	literal
11109678	on	324001110	m11_10_00_00	literal
11109679	off	324001110	m11_10_00_00	literal
11109679	on	324001110	m11_10_00_00	literal
11109680	on	324001110	m11_10_00_00	literal
11109681	off	324001110	m11_10_00_00	literal
11109681	on	324001110	m11_10_00_00	literal
11109682	on	324001110	m11_10_00_00	literal
11109683	off	324001110	m11_10_00_00	literal
11109683	on	324001110	m11_10_00_00	literal
11109684	off	324001110	m11_10_00_00	literal
11109684	on	324001110	m11_10_00_00	literal
11109685	on	324001110	m11_10_00_00	literal
11109686	off	324001110	m11_10_00_00	literal
11109686	on	324001110	m11_10_00_00	literal
11109687	on	000003000	m00_00_00_00	literal
11109687	on	324001110	m11_10_00_00	literal
11109688	off	324001110	m11_10_00_00	literal
11109688	on	324001110	m11_10_00_00	literal
11109689	off	324001110	m11_10_00_00	literal
11109689	on	324001110	m11_10_00_00	literal
11109690	on	324001110	m11_10_00_00	literal
11109691	off	324001110	m11_10_00_00	literal
11109691	on	324001110	m11_10_00_00	literal
11109692	off	324001110	m11_10_00_00	literal
11109692	on	324001110	m11_10_00_00	literal
11109693	off	324001110	m11_10_00_00	literal
11109693	on	324001110	m11_10_00_00	literal
11109694	on	324001110	m11_10_00_00	literal
11109695	off	324001110	m11_10_00_00	literal
11109695	on	324001110	m11_10_00_00	literal
11109696	on	324001110	m11_10_00_00	literal
11109697	off	324001110	m11_10_00_00	literal
11109697	on	324001100	m11_00_00_00	literal
11109697	on	324001110	m11_10_00_00	literal
11109698	on	324001110	m11_10_00_00	literal
11109699	off	324001110	m11_10_00_00	literal
11109699	on	324001100	m11_00_00_00	literal
11109699	on	324001110	m11_10_00_00	literal
11109780	on	600001110	m11_10_00_00	conditional
11109781	on	600001110	m11_10_00_00	conditional
11109785	off	600001110	m11_10_00_00	literal
11109786	on	000003000	m00_00_00_00	literal
11109805	off	223001100	m11_00_00_00	literal
11109805	off	223001105	m11_05_00_00	literal
11109805	off	223001400	m14_00_00_00	literal
11109805	off	223003115	m31_15_00_00	literal
11109805	off	223006000	m60_00_00_00	literal
11109805	on	223001100	m11_00_00_00	literal
11109805	on	223001105	m11_05_00_00	literal
11109805	on	223001400	m14_00_00_00	literal
11109805	on	223003115	m31_15_00_00	literal
11109805	on	223006000	m60_00_00_00	literal
11109806	on	223001100	m11_00_00_00	arg
11109806	on	223001105	m11_05_00_00	arg
11109806	on	223001400	m14_00_00_00	arg
11109806	on	223003115	m31_15_00_00	arg
11109806	on	223006000	m60_00_00_00	arg
11109807	off	223001100	m11_00_00_00	literal
11109807	off	223001105	m11_05_00_00	literal
11109807	off	223001400	m14_00_00_00	literal
11109807	off	223003115	m31_15_00_00	literal
11109807	off	223006000	m60_00_00_00	literal
11109807	on	223001100	m11_00_00_00	literal
11109807	on	223001105	m11_05_00_00	literal
11109807	on	223001400	m14_00_00_00	literal
11109807	on	223003115	m31_15_00_00	literal
11109807	on	223006000	m60_00_00_00	literal
11109808	on	223001100	m11_00_00_00	arg
11109808	on	223001105	m11_05_00_00	arg
11109808	on	223001400	m14_00_00_00	arg
11109808	on	223003115	m31_15_00_00	arg
11109808	on	223006000	m60_00_00_00	arg
11109809	off	223001100	m11_00_00_00	literal
11109809	off	223001105	m11_05_00_00	literal
11109809	off	223001400	m14_00_00_00	literal
11109809	off	223003115	m31_15_00_00	literal
11109809	off	223006000	m60_00_00_00	literal
11109809	on	223001100	m11_00_00_00	literal
11109809	on	223001105	m11_05_00_00	literal
11109809	on	223001400	m14_00_00_00	literal
11109809	on	223003115	m31_15_00_00	literal
11109809	on	223006000	m60_00_00_00	literal
11109810	on	223001100	m11_00_00_00	arg
11109810	on	223001105	m11_05_00_00	arg
11109810	on	223001400	m14_00_00_00	arg
11109810	on	223003115	m31_15_00_00	arg
11109810	on	223006000	m60_00_00_00	arg
11109811	off	223001100	m11_00_00_00	literal
11109811	off	223001105	m11_05_00_00	literal
11109811	off	223001400	m14_00_00_00	literal
11109811	off	223003115	m31_15_00_00	literal
11109811	off	223006000	m60_00_00_00	literal
11109811	on	223001100	m11_00_00_00	literal
11109811	on	223001105	m11_05_00_00	literal
11109811	on	223001400	m14_00_00_00	literal
11109811	on	223003115	m31_15_00_00	literal
11109811	on	223006000	m60_00_00_00	literal
11109812	on	223001100	m11_00_00_00	arg
11109812	on	223001105	m11_05_00_00	arg
11109812	on	223001400	m14_00_00_00	arg
11109812	on	223003115	m31_15_00_00	arg
11109812	on	223006000	m60_00_00_00	arg
11109855	on	351001100	m11_00_00_00	literal
11109855	on	351001105	m11_05_00_00	literal
11109855	on	351001110	m11_10_00_00	literal
11109855	on	351006000	m60_00_00_00	literal
11109856	on	351001100	m11_00_00_00	literal
11109856	on	351001105	m11_05_00_00	literal
11109856	on	351001110	m11_10_00_00	literal
11109856	on	351006000	m60_00_00_00	literal
11109857	off	351001100	m11_00_00_00	literal
11109857	off	351001105	m11_05_00_00	literal
11109857	off	351001110	m11_10_00_00	literal
11109857	off	351006000	m60_00_00_00	literal
11109857	on	351001100	m11_00_00_00	literal
11109857	on	351001105	m11_05_00_00	literal
11109857	on	351001110	m11_10_00_00	literal
11109857	on	351006000	m60_00_00_00	literal
11109858	on	351001100	m11_00_00_00	literal
11109858	on	351001105	m11_05_00_00	literal
11109858	on	351001110	m11_10_00_00	literal
11109858	on	351006000	m60_00_00_00	literal
11109859	on	351001100	m11_00_00_00	literal
11109859	on	351001105	m11_05_00_00	literal
11109859	on	351001110	m11_10_00_00	literal
11109859	on	351006000	m60_00_00_00	literal
11109860	off	351001100	m11_00_00_00	literal
11109860	off	351001105	m11_05_00_00	literal
11109860	off	351001110	m11_10_00_00	literal
11109860	off	351006000	m60_00_00_00	literal
11109860	on	351001100	m11_00_00_00	literal
11109860	on	351001105	m11_05_00_00	literal
11109860	on	351001110	m11_10_00_00	literal
11109860	on	351006000	m60_00_00_00	literal
11109861	off	351001100	m11_00_00_00	literal
11109861	off	351001105	m11_05_00_00	literal
11109861	off	351001110	m11_10_00_00	literal
11109861	off	351006000	m60_00_00_00	literal
11109861	on	351001100	m11_00_00_00	literal
11109861	on	351001105	m11_05_00_00	literal
11109861	on	351001110	m11_10_00_00	literal
11109861	on	351006000	m60_00_00_00	literal
11109862	off	351001100	m11_00_00_00	literal
11109862	off	351001105	m11_05_00_00	literal
11109862	off	351001110	m11_10_00_00	literal
11109862	off	351006000	m60_00_00_00	literal
11109862	on	351001100	m11_00_00_00	literal
11109862	on	351001105	m11_05_00_00	literal
11109862	on	351001110	m11_10_00_00	literal
11109862	on	351006000	m60_00_00_00	literal
11109863	off	351001100	m11_00_00_00	literal
11109863	off	351001105	m11_05_00_00	literal
11109863	off	351001110	m11_10_00_00	literal
11109863	off	351006000	m60_00_00_00	literal
11109863	on	351001100	m11_00_00_00	literal
11109863	on	351001105	m11_05_00_00	literal
11109863	on	351001110	m11_10_00_00	literal
11109863	on	351006000	m60_00_00_00	literal
11109864	off	351001100	m11_00_00_00	literal
11109864	off	351001105	m11_05_00_00	literal
11109864	off	351001110	m11_10_00_00	literal
11109864	off	351006000	m60_00_00_00	literal
11109864	on	351001100	m11_00_00_00	literal
11109864	on	351001105	m11_05_00_00	literal
11109864	on	351001110	m11_10_00_00	literal
11109864	on	351006000	m60_00_00_00	literal
11109865	off	351001100	m11_00_00_00	literal
11109865	off	351001105	m11_05_00_00	literal
11109865	off	351001110	m11_10_00_00	literal
11109865	off	351006000	m60_00_00_00	literal
11109866	off	351001100	m11_00_00_00	literal
11109866	off	351001105	m11_05_00_00	literal
11109866	off	351001110	m11_10_00_00	literal
11109866	off	351006000	m60_00_00_00	literal
11109867	off	351001100	m11_00_00_00	literal
11109867	off	351001105	m11_05_00_00	literal
11109867	off	351001110	m11_10_00_00	literal
11109867	off	351006000	m60_00_00_00	literal
11109867	on	351001100	m11_00_00_00	literal
11109867	on	351001105	m11_05_00_00	literal
11109867	on	351001110	m11_10_00_00	literal
11109867	on	351006000	m60_00_00_00	literal
11109868	off	351001100	m11_00_00_00	literal
11109868	off	351001105	m11_05_00_00	literal
11109868	off	351001110	m11_10_00_00	literal
11109868	off	351006000	m60_00_00_00	literal
11109868	on	351001100	m11_00_00_00	literal
11109868	on	351001105	m11_05_00_00	literal
11109868	on	351001110	m11_10_00_00	literal
11109868	on	351006000	m60_00_00_00	literal
11109869	off	351001100	m11_00_00_00	literal
11109869	off	351001105	m11_05_00_00	literal
11109869	off	351001110	m11_10_00_00	literal
11109869	off	351006000	m60_00_00_00	literal
11109869	on	351001100	m11_00_00_00	literal
11109869	on	351001105	m11_05_00_00	literal
11109869	on	351001110	m11_10_00_00	literal
11109869	on	351006000	m60_00_00_00	literal
11109870	off	351001100	m11_00_00_00	literal
11109870	off	351001105	m11_05_00_00	literal
11109870	off	351001110	m11_10_00_00	literal
11109870	off	351006000	m60_00_00_00	literal
11109870	on	351001100	m11_00_00_00	literal
11109870	on	351001105	m11_05_00_00	literal
11109870	on	351001110	m11_10_00_00	literal
11109870	on	351006000	m60_00_00_00	literal
11109874	on	351001100	m11_00_00_00	literal
11109874	on	351001105	m11_05_00_00	literal
11109874	on	351001110	m11_10_00_00	literal
11109874	on	351006000	m60_00_00_00	literal
11109875	on	351001100	m11_00_00_00	literal
11109875	on	351001105	m11_05_00_00	literal
11109875	on	351001110	m11_10_00_00	literal
11109875	on	351006000	m60_00_00_00	literal
11109876	on	351001100	m11_00_00_00	literal
11109876	on	351001105	m11_05_00_00	literal
11109876	on	351001110	m11_10_00_00	literal
11109876	on	351006000	m60_00_00_00	literal
11109877	on	351001100	m11_00_00_00	literal
11109877	on	351001105	m11_05_00_00	literal
11109877	on	351001110	m11_10_00_00	literal
11109877	on	351006000	m60_00_00_00	literal
11109878	on	351001100	m11_00_00_00	literal
11109878	on	351001105	m11_05_00_00	literal
11109878	on	351001110	m11_10_00_00	literal
11109878	on	351006000	m60_00_00_00	literal
11109879	on	351001100	m11_00_00_00	literal
11109879	on	351001105	m11_05_00_00	literal
11109879	on	351001110	m11_10_00_00	literal
11109879	on	351006000	m60_00_00_00	literal
11109880	on	351001100	m11_00_00_00	literal
11109880	on	351001105	m11_05_00_00	literal
11109880	on	351001110	m11_10_00_00	literal
11109880	on	351006000	m60_00_00_00	literal
11109881	on	351001100	m11_00_00_00	literal
11109881	on	351001105	m11_05_00_00	literal
11109881	on	351001110	m11_10_00_00	literal
11109881	on	351006000	m60_00_00_00	literal
11109882	on	351001100	m11_00_00_00	literal
11109882	on	351001105	m11_05_00_00	literal
11109882	on	351001110	m11_10_00_00	literal
11109882	on	351006000	m60_00_00_00	literal
11109883	on	351001100	m11_00_00_00	literal
11109883	on	351001105	m11_05_00_00	literal
11109883	on	351001110	m11_10_00_00	literal
11109883	on	351006000	m60_00_00_00	literal
11109884	on	351001100	m11_00_00_00	literal
11109884	on	351001105	m11_05_00_00	literal
11109884	on	351001110	m11_10_00_00	literal
11109884	on	351006000	m60_00_00_00	literal
11109886	off	351001100	m11_00_00_00	literal
11109886	off	351001105	m11_05_00_00	literal
11109886	off	351001110	m11_10_00_00	literal
11109886	off	351006000	m60_00_00_00	literal
11109886	on	351001100	m11_00_00_00	literal
11109886	on	351001105	m11_05_00_00	literal
11109886	on	351001110	m11_10_00_00	literal
11109886	on	351006000	m60_00_00_00	literal
11109887	off	351001100	m11_00_00_00	literal
11109887	off	351001105	m11_05_00_00	literal
11109887	off	351001110	m11_10_00_00	literal
11109887	off	351006000	m60_00_00_00	literal
11109905	on	334001000	m10_00_00_00	literal
11109905	on	334001110	m11_10_00_00	literal
11109905	on	334006000	m60_00_00_00	literal
11109906	on	334001000	m10_00_00_00	literal
11109906	on	334001110	m11_10_00_00	literal
11109906	on	334006000	m60_00_00_00	literal
11109908	on	334001000	m10_00_00_00	literal
11109908	on	334001110	m11_10_00_00	literal
11109908	on	334006000	m60_00_00_00	literal
11109909	on	334001000	m10_00_00_00	literal
11109909	on	334001110	m11_10_00_00	literal
11109909	on	334006000	m60_00_00_00	literal
11109916	on	334001000	m10_00_00_00	literal
11109916	on	334001110	m11_10_00_00	literal
11109916	on	334006000	m60_00_00_00	literal
11109917	on	334001000	m10_00_00_00	literal
11109917	on	334001110	m11_10_00_00	literal
11109917	on	334006000	m60_00_00_00	literal
11109919	on	334001000	m10_00_00_00	literal
11109919	on	334001110	m11_10_00_00	literal
11109919	on	334006000	m60_00_00_00	literal
11109921	on	334001000	m10_00_00_00	literal
11109921	on	334001110	m11_10_00_00	literal
11109921	on	334006000	m60_00_00_00	literal
11109922	on	334001000	m10_00_00_00	literal
11109922	on	334001110	m11_10_00_00	literal
11109922	on	334006000	m60_00_00_00	literal
11109923	on	334001000	m10_00_00_00	literal
11109923	on	334001110	m11_10_00_00	literal
11109923	on	334006000	m60_00_00_00	literal
11109955	on	323001110	m11_10_00_00	literal
11109957	on	323001110	m11_10_00_00	literal
11109958	on	323001110	m11_10_00_00	literal
11109959	on	323001110	m11_10_00_00	literal
12012700	on	801281201	m12_01_00_00	arg
12012705	on	801281201	m12_01_00_00	arg
12012707	on	801281201	m12_01_00_00	arg
12012716	off	106111201	m12_01_00_00	literal
12019000	on	801281201	m12_01_00_00	arg
12019005	on	801281201	m12_01_00_00	arg
12019255	on	000001000	m00_00_00_00	arg
12019256	on	000001000	m00_00_00_00	arg
12019257	on	000001000	m00_00_00_00	arg
12019258	on	000001000	m00_00_00_00	arg
12019260	on	000001000	m00_00_00_00	arg
12019261	on	000001000	m00_00_00_00	arg
12019265	on	000001000	m00_00_00_00	arg
12019266	on	000001000	m00_00_00_00	arg
12019271	on	106111201	m12_01_00_00	arg
12019273	on	106111201	m12_01_00_00	arg
12019275	on	000001000	m00_00_00_00	arg
12019276	on	000001000	m00_00_00_00	arg
12022720	on	801271202	m12_02_00_00	arg
12022725	on	801271202	m12_02_00_00	arg
12022730	on	216001202	m12_02_00_00	arg
12022730	on	216006000	m60_00_00_00	arg
12022731	on	216001202	m12_02_00_00	arg
12022731	on	216006000	m60_00_00_00	arg
12029001	on	319201202	m12_02_00_00	arg
12029015	on	319201202	m12_02_00_00	literal
12029016	on	319201202	m12_02_00_00	arg
12029056	on	218001202	m12_02_00_00	literal
12029056	on	218001207	m12_07_00_00	literal
12029058	on	218001202	m12_02_00_00	literal
12029058	on	218001207	m12_07_00_00	literal
12029060	on	218001202	m12_02_00_00	literal
12029060	on	218001207	m12_07_00_00	literal
12029062	on	218001202	m12_02_00_00	literal
12029062	on	218001207	m12_07_00_00	literal
12029065	on	218001202	m12_02_00_00	literal
12029065	on	218001207	m12_07_00_00	literal
12029068	on	218001202	m12_02_00_00	literal
12029068	on	218001207	m12_07_00_00	literal
12029100	on	801271202	m12_02_00_00	arg
12029101	on	801271202	m12_02_00_00	arg
12029102	on	801271202	m12_02_00_00	arg
12029103	on	801271202	m12_02_00_00	arg
12029105	on	801271202	m12_02_00_00	arg
12029152	on	216001202	m12_02_00_00	arg
12029152	on	216006000	m60_00_00_00	arg
12029155	on	216001202	m12_02_00_00	arg
12029155	on	216006000	m60_00_00_00	arg
12029156	on	216001202	m12_02_00_00	arg
12029156	on	216006000	m60_00_00_00	arg
12029157	on	216001202	m12_02_00_00	arg
12029157	on	216006000	m60_00_00_00	arg
12032700	on	319201203	m12_03_00_00	arg
12032701	on	319201203	m12_03_00_00	arg
12032710	on	322001110	m11_10_00_00	arg
12032710	on	322001203	m12_03_00_00	arg
12032710	on	322011203	m12_03_00_00	arg
12032711	on	322001110	m11_10_00_00	arg
12032711	on	322001203	m12_03_00_00	arg
12032711	on	322011203	m12_03_00_00	arg
12032714	on	322001110	m11_10_00_00	literal
12032714	on	322001203	m12_03_00_00	literal
12032714	on	322011203	m12_03_00_00	literal
12032715	off	322001110	m11_10_00_00	conditional
12032715	off	322001203	m12_03_00_00	conditional
12032715	off	322011203	m12_03_00_00	conditional
12032715	on	322001110	m11_10_00_00	conditional
12032715	on	322001203	m12_03_00_00	conditional
12032715	on	322011203	m12_03_00_00	conditional
12032718	off	322001110	m11_10_00_00	conditional
12032718	off	322001203	m12_03_00_00	conditional
12032718	off	322011203	m12_03_00_00	conditional
12032718	on	322001110	m11_10_00_00	conditional
12032718	on	322001203	m12_03_00_00	conditional
12032718	on	322011203	m12_03_00_00	conditional
12032720	on	322001110	m11_10_00_00	literal
12032720	on	322001203	m12_03_00_00	literal
12032720	on	322011203	m12_03_00_00	literal
12032721	off	322001110	m11_10_00_00	literal
12032721	off	322001203	m12_03_00_00	literal
12032721	off	322011203	m12_03_00_00	literal
12032723	on	322001110	m11_10_00_00	literal
12032723	on	322001203	m12_03_00_00	literal
12032723	on	322011203	m12_03_00_00	literal
12032724	off	322001110	m11_10_00_00	literal
12032724	off	322001203	m12_03_00_00	literal
12032724	off	322011203	m12_03_00_00	literal
12032725	off	322001110	m11_10_00_00	literal
12032725	off	322001203	m12_03_00_00	literal
12032725	off	322011203	m12_03_00_00	literal
12032725	on	322001110	m11_10_00_00	literal
12032725	on	322001203	m12_03_00_00	literal
12032725	on	322011203	m12_03_00_00	literal
12032859	on	322001110	m11_10_00_00	literal
12032859	on	322001203	m12_03_00_00	literal
12032859	on	322011203	m12_03_00_00	literal
12039002	on	319201203	m12_03_00_00	arg
12039005	on	319201203	m12_03_00_00	arg
12039011	on	319201203	m12_03_00_00	arg
12039050	on	603001203	m12_03_00_00	arg
12039100	on	101601203	m12_03_00_00	literal
12039100	on	755001203	m12_03_00_00	literal
12039101	on	101601203	m12_03_00_00	literal
12039152	on	322001110	m11_10_00_00	arg
12039152	on	322001203	m12_03_00_00	arg
12039152	on	322011203	m12_03_00_00	arg
12039155	on	322001110	m11_10_00_00	arg
12039155	on	322001203	m12_03_00_00	arg
12039155	on	322011203	m12_03_00_00	arg
12039156	on	322001110	m11_10_00_00	arg
12039156	on	322001203	m12_03_00_00	arg
12039156	on	322011203	m12_03_00_00	arg
12039157	on	322001110	m11_10_00_00	arg
12039157	on	322001203	m12_03_00_00	arg
12039157	on	322011203	m12_03_00_00	arg
12039158	on	322001110	m11_10_00_00	arg
12039158	on	322001203	m12_03_00_00	arg
12039158	on	322011203	m12_03_00_00	arg
12039159	on	322001110	m11_10_00_00	arg
12039159	on	322001203	m12_03_00_00	arg
12039159	on	322011203	m12_03_00_00	arg
12039160	on	322001110	m11_10_00_00	arg
12039160	on	322001203	m12_03_00_00	arg
12039160	on	322011203	m12_03_00_00	arg
12039161	on	322001110	m11_10_00_00	literal
12039161	on	322001203	m12_03_00_00	literal
12039161	on	322011203	m12_03_00_00	literal
12039170	off	322001110	m11_10_00_00	literal
12039170	off	322001203	m12_03_00_00	literal
12039170	off	322011203	m12_03_00_00	literal
12039170	on	322001110	m11_10_00_00	literal
12039170	on	322001203	m12_03_00_00	literal
12039170	on	322011203	m12_03_00_00	literal
12039171	off	322001110	m11_10_00_00	literal
12039171	off	322001203	m12_03_00_00	literal
12039171	off	322011203	m12_03_00_00	literal
12039171	on	322001110	m11_10_00_00	literal
12039171	on	322001203	m12_03_00_00	literal
12039171	on	322011203	m12_03_00_00	literal
12039172	off	322001110	m11_10_00_00	literal
12039172	off	322001203	m12_03_00_00	literal
12039172	off	322011203	m12_03_00_00	literal
12039173	off	322001110	m11_10_00_00	literal
12039173	off	322001203	m12_03_00_00	literal
12039173	off	322011203	m12_03_00_00	literal
12039173	on	322001110	m11_10_00_00	literal
12039173	on	322001203	m12_03_00_00	literal
12039173	on	322011203	m12_03_00_00	literal
12039174	off	322001110	m11_10_00_00	literal
12039174	off	322001203	m12_03_00_00	literal
12039174	off	322011203	m12_03_00_00	literal
12039174	on	322001110	m11_10_00_00	literal
12039174	on	322001203	m12_03_00_00	literal
12039174	on	322011203	m12_03_00_00	literal
12039175	off	322001110	m11_10_00_00	literal
12039175	off	322001203	m12_03_00_00	literal
12039175	off	322011203	m12_03_00_00	literal
12039175	on	322001110	m11_10_00_00	literal
12039175	on	322001203	m12_03_00_00	literal
12039175	on	322011203	m12_03_00_00	literal
12039176	off	322001110	m11_10_00_00	literal
12039176	off	322001203	m12_03_00_00	literal
12039176	off	322011203	m12_03_00_00	literal
12039176	on	322001110	m11_10_00_00	literal
12039176	on	322001203	m12_03_00_00	literal
12039176	on	322011203	m12_03_00_00	literal
12052700	on	209101205	m12_05_00_00	literal
12052701	on	209101205	m12_05_00_00	literal
12052702	on	209101205	m12_05_00_00	literal
12052703	on	209101205	m12_05_00_00	literal
12052704	on	209101205	m12_05_00_00	literal
12052705	on	209101205	m12_05_00_00	literal
12052720	on	801291205	m12_05_00_00	arg
12052725	on	801291205	m12_05_00_00	arg
12059055	on	335006000	m60_00_00_00	arg
12059100	on	801291205	m12_05_00_00	arg
12059105	on	801291205	m12_05_00_00	arg
12059155	on	301011205	m12_05_00_00	literal
12059165	on	301101205	m12_05_00_00	literal
12059166	on	301101205	m12_05_00_00	literal
12059205	on	209101205	m12_05_00_00	literal
12059255	on	418001205	m12_05_00_00	arg
12059255	on	418006100	m61_00_00_00	arg
12059256	on	418001205	m12_05_00_00	arg
12059256	on	418006100	m61_00_00_00	arg
12059262	on	418001205	m12_05_00_00	arg
12059262	on	418006100	m61_00_00_00	arg
12079006	on	218001202	m12_02_00_00	literal
12079006	on	218001207	m12_07_00_00	literal
12079008	on	218001202	m12_02_00_00	literal
12079008	on	218001207	m12_07_00_00	literal
13002715	on	220001300	m13_00_00_00	arg
13002715	on	220003207	m32_07_00_00	arg
13002715	on	220006000	m60_00_00_00	arg
13002715	on	220026000	m60_00_00_00	arg
13009205	on	202101300	m13_00_00_00	literal
13009205	on	202111300	m13_00_00_00	literal
13009255	on	220001300	m13_00_00_00	literal
13009255	on	220003207	m32_07_00_00	literal
13009255	on	220006000	m60_00_00_00	literal
13009255	on	220016000	m60_00_00_00	literal
13009255	on	220026000	m60_00_00_00	literal
13009256	on	220001300	m13_00_00_00	literal
13009256	on	220003207	m32_07_00_00	literal
13009256	on	220006000	m60_00_00_00	literal
13009256	on	220016000	m60_00_00_00	literal
13009256	on	220026000	m60_00_00_00	literal
13009257	on	220001300	m13_00_00_00	literal
13009257	on	220003207	m32_07_00_00	literal
13009257	on	220006000	m60_00_00_00	literal
13009257	on	220016000	m60_00_00_00	literal
13009257	on	220026000	m60_00_00_00	literal
13009258	on	220001300	m13_00_00_00	literal
13009258	on	220003207	m32_07_00_00	literal
13009258	on	220006000	m60_00_00_00	literal
13009258	on	220016000	m60_00_00_00	literal
13009258	on	220026000	m60_00_00_00	literal
13009260	on	220001300	m13_00_00_00	literal
13009260	on	220003207	m32_07_00_00	literal
13009260	on	220006000	m60_00_00_00	literal
13009260	on	220016000	m60_00_00_00	literal
13009260	on	220026000	m60_00_00_00	literal
13009261	on	220001300	m13_00_00_00	arg
13009261	on	220003207	m32_07_00_00	arg
13009261	on	220006000	m60_00_00_00	arg
13009261	on	220026000	m60_00_00_00	arg
14002700	on	200001400	m14_00_00_00	arg
14002701	on	200001400	m14_00_00_00	arg
14002702	off	200001400	m14_00_00_00	literal
14002702	on	200001400	m14_00_00_00	literal
14002703	off	200001400	m14_00_00_00	literal
14002703	on	200001400	m14_00_00_00	literal
14002704	on	200001400	m14_00_00_00	literal
14002707	off	200101400	m14_00_00_00	literal
14002707	off	200111400	m14_00_00_00	literal
14002711	on	316206000	m60_00_00_00	arg
14002711	on	316211400	m14_00_00_00	arg
14002712	on	316206000	m60_00_00_00	arg
14002712	on	316211400	m14_00_00_00	arg
14002720	off	200101400	m14_00_00_00	literal
14002720	off	200111400	m14_00_00_00	literal
14002722	off	200101400	m14_00_00_00	literal
14002722	off	200111400	m14_00_00_00	literal
14002731	on	312001400	m14_00_00_00	arg
14002731	on	312006000	m60_00_00_00	arg
14002732	on	312001400	m14_00_00_00	arg
14002732	on	312006000	m60_00_00_00	arg
14009205	on	200001400	m14_00_00_00	literal
14009206	on	200001400	m14_00_00_00	literal
14009207	on	200001400	m14_00_00_00	literal
14009210	on	200001400	m14_00_00_00	literal
14009255	on	316206000	m60_00_00_00	literal
14009255	on	316211400	m14_00_00_00	literal
14009256	off	316206000	m60_00_00_00	literal
14009256	off	316211400	m14_00_00_00	literal
14009257	off	316206000	m60_00_00_00	literal
14009257	off	316211400	m14_00_00_00	literal
14009258	off	316206000	m60_00_00_00	literal
14009258	off	316211400	m14_00_00_00	literal
14009258	on	316206000	m60_00_00_00	literal
14009258	on	316211400	m14_00_00_00	literal
14009259	off	316206000	m60_00_00_00	literal
14009259	off	316211400	m14_00_00_00	literal
14009259	on	316206000	m60_00_00_00	literal
14009259	on	316211400	m14_00_00_00	literal
14009262	on	316206000	m60_00_00_00	literal
14009262	on	316211400	m14_00_00_00	literal
14009263	on	316206000	m60_00_00_00	literal
14009263	on	316211400	m14_00_00_00	literal
14009264	on	316206000	m60_00_00_00	literal
14009264	on	316211400	m14_00_00_00	literal
14009265	on	316206000	m60_00_00_00	literal
14009265	on	316211400	m14_00_00_00	literal
14009266	on	316206000	m60_00_00_00	literal
14009266	on	316211400	m14_00_00_00	literal
14009355	on	312001400	m14_00_00_00	literal
14009355	on	312006000	m60_00_00_00	literal
14009355	on	312026000	m60_00_00_00	literal
14009356	on	312001400	m14_00_00_00	literal
14009356	on	312006000	m60_00_00_00	literal
14009356	on	312026000	m60_00_00_00	literal
15002700	on	203101500	m15_00_00_00	literal
15002701	on	203101500	m15_00_00_00	literal
15009205	on	348001500	m15_00_00_00	literal
15009205	on	348006000	m60_00_00_00	literal
15009206	on	348001500	m15_00_00_00	literal
15009206	on	348006000	m60_00_00_00	literal
15009207	on	348001500	m15_00_00_00	literal
15009207	on	348006000	m60_00_00_00	literal
15009210	on	348001500	m15_00_00_00	literal
15009210	on	348006000	m60_00_00_00	literal
15009211	on	348001500	m15_00_00_00	literal
15009211	on	348006000	m60_00_00_00	literal
16002702	on	300001600	m16_00_00_00	literal
16002703	on	300001600	m16_00_00_00	literal
16002710	on	313001600	m16_00_00_00	literal
16002710	on	313006000	m60_00_00_00	literal
16002711	on	313001600	m16_00_00_00	literal
16002711	on	313006000	m60_00_00_00	literal
16002715	on	313001600	m16_00_00_00	arg
16002715	on	313006000	m60_00_00_00	arg
16002720	on	309001600	m16_00_00_00	arg
16002720	on	309001600	m16_00_00_00	literal
16002720	on	309003100	m31_00_00_00	arg
16002720	on	309003100	m31_00_00_00	literal
16002720	on	309006000	m60_00_00_00	arg
16002720	on	309006000	m60_00_00_00	literal
16002721	on	309001600	m16_00_00_00	literal
16002721	on	309003100	m31_00_00_00	literal
16002721	on	309006000	m60_00_00_00	literal
16002730	on	314001110	m11_10_00_00	literal
16002730	on	314001600	m16_00_00_00	literal
16002730	on	314006000	m60_00_00_00	literal
16002740	on	326001600	m16_00_00_00	literal
16002740	on	326006000	m60_00_00_00	literal
16002741	on	326001600	m16_00_00_00	literal
16002741	on	326006000	m60_00_00_00	literal
16002751	on	332001600	m16_00_00_00	arg
16002758	on	332001600	m16_00_00_00	arg
16009206	on	300001600	m16_00_00_00	literal
16009207	on	300001600	m16_00_00_00	literal
16009208	on	300001600	m16_00_00_00	literal
16009213	on	300001600	m16_00_00_00	literal
16009215	on	300001600	m16_00_00_00	literal
16009216	on	300001600	m16_00_00_00	literal
16009217	on	300001600	m16_00_00_00	literal
16009219	on	300001600	m16_00_00_00	arg
16009220	on	300001600	m16_00_00_00	arg
16009221	on	300001600	m16_00_00_00	arg
16009222	on	300001600	m16_00_00_00	literal
16009223	on	300001600	m16_00_00_00	arg
16009224	on	300001600	m16_00_00_00	arg
16009235	on	300001600	m16_00_00_00	literal
16009236	on	300001600	m16_00_00_00	literal
16009237	on	300001600	m16_00_00_00	literal
16009245	on	300001600	m16_00_00_00	literal
16009246	on	300001600	m16_00_00_00	literal
16009255	on	300001600	m16_00_00_00	literal
16009256	on	300001600	m16_00_00_00	literal
16009258	on	300001600	m16_00_00_00	literal
16009305	on	313001600	m16_00_00_00	literal
16009305	on	313006000	m60_00_00_00	literal
16009306	on	313001600	m16_00_00_00	literal
16009306	on	313006000	m60_00_00_00	literal
16009307	on	313001600	m16_00_00_00	literal
16009307	on	313006000	m60_00_00_00	literal
16009308	on	313001600	m16_00_00_00	literal
16009308	on	313006000	m60_00_00_00	literal
16009315	on	313001600	m16_00_00_00	literal
16009315	on	313006000	m60_00_00_00	literal
16009318	other	313001600	m16_00_00_00	rawsense-1
16009318	other	313006000	m60_00_00_00	rawsense-1
16009319	on	313001600	m16_00_00_00	literal
16009319	on	313006000	m60_00_00_00	literal
16009326	on	313001600	m16_00_00_00	arg
16009326	on	313006000	m60_00_00_00	arg
16009327	on	313001600	m16_00_00_00	literal
16009327	on	313006000	m60_00_00_00	literal
16009328	on	313001600	m16_00_00_00	arg
16009328	on	313006000	m60_00_00_00	arg
16009329	on	313001600	m16_00_00_00	literal
16009329	on	313006000	m60_00_00_00	literal
16009335	on	313001600	m16_00_00_00	literal
16009335	on	313006000	m60_00_00_00	literal
16009355	on	309001600	m16_00_00_00	literal
16009355	on	309003100	m31_00_00_00	literal
16009355	on	309006000	m60_00_00_00	literal
16009356	on	309001600	m16_00_00_00	literal
16009356	on	309003100	m31_00_00_00	literal
16009356	on	309006000	m60_00_00_00	literal
16009357	on	309001600	m16_00_00_00	literal
16009357	on	309003100	m31_00_00_00	literal
16009357	on	309006000	m60_00_00_00	literal
16009358	on	309001600	m16_00_00_00	literal
16009358	on	309003100	m31_00_00_00	literal
16009358	on	309006000	m60_00_00_00	literal
16009359	on	309001600	m16_00_00_00	literal
16009359	on	309003100	m31_00_00_00	literal
16009359	on	309006000	m60_00_00_00	literal
16009360	on	309001600	m16_00_00_00	literal
16009360	on	309003100	m31_00_00_00	literal
16009360	on	309006000	m60_00_00_00	literal
16009361	on	309001600	m16_00_00_00	literal
16009361	on	309003100	m31_00_00_00	literal
16009361	on	309006000	m60_00_00_00	literal
16009362	off	309001600	m16_00_00_00	literal
16009362	off	309003100	m31_00_00_00	literal
16009362	off	309006000	m60_00_00_00	literal
16009362	on	309001600	m16_00_00_00	literal
16009362	on	309003100	m31_00_00_00	literal
16009362	on	309006000	m60_00_00_00	literal
16009363	off	309001600	m16_00_00_00	literal
16009363	off	309003100	m31_00_00_00	literal
16009363	off	309006000	m60_00_00_00	literal
16009363	on	309001600	m16_00_00_00	literal
16009363	on	309003100	m31_00_00_00	literal
16009363	on	309006000	m60_00_00_00	literal
16009364	off	309001600	m16_00_00_00	literal
16009364	off	309003100	m31_00_00_00	literal
16009364	off	309006000	m60_00_00_00	literal
16009364	on	309001600	m16_00_00_00	literal
16009364	on	309003100	m31_00_00_00	literal
16009364	on	309006000	m60_00_00_00	literal
16009365	off	309001600	m16_00_00_00	literal
16009365	off	309003100	m31_00_00_00	literal
16009365	off	309006000	m60_00_00_00	literal
16009365	on	309001600	m16_00_00_00	literal
16009365	on	309003100	m31_00_00_00	literal
16009365	on	309006000	m60_00_00_00	literal
16009366	off	309001600	m16_00_00_00	literal
16009366	off	309003100	m31_00_00_00	literal
16009366	off	309006000	m60_00_00_00	literal
16009366	on	309001600	m16_00_00_00	literal
16009366	on	309003100	m31_00_00_00	literal
16009366	on	309006000	m60_00_00_00	literal
16009367	on	309001600	m16_00_00_00	literal
16009367	on	309003100	m31_00_00_00	literal
16009367	on	309006000	m60_00_00_00	literal
16009405	on	314001110	m11_10_00_00	literal
16009405	on	314001600	m16_00_00_00	literal
16009405	on	314006000	m60_00_00_00	literal
16009406	on	314001110	m11_10_00_00	literal
16009406	on	314001600	m16_00_00_00	literal
16009406	on	314006000	m60_00_00_00	literal
16009415	on	314001110	m11_10_00_00	literal
16009415	on	314001600	m16_00_00_00	literal
16009415	on	314006000	m60_00_00_00	literal
16009416	on	314001110	m11_10_00_00	literal
16009416	on	314001600	m16_00_00_00	literal
16009416	on	314006000	m60_00_00_00	literal
16009455	on	326001600	m16_00_00_00	literal
16009455	on	326006000	m60_00_00_00	literal
16009456	on	326001600	m16_00_00_00	literal
16009456	on	326006000	m60_00_00_00	literal
16009457	on	326001600	m16_00_00_00	literal
16009457	on	326006000	m60_00_00_00	literal
16009458	on	326001600	m16_00_00_00	literal
16009458	on	326006000	m60_00_00_00	literal
16009459	on	326001600	m16_00_00_00	literal
16009459	on	326006000	m60_00_00_00	literal
16009460	on	326001600	m16_00_00_00	literal
16009460	on	326006000	m60_00_00_00	literal
16009461	on	326001600	m16_00_00_00	literal
16009461	on	326006000	m60_00_00_00	literal
16009505	on	332001600	m16_00_00_00	literal
16009506	on	332001600	m16_00_00_00	literal
20002700	on	413102000	m20_00_00_00	arg
20002711	off	402002000	m20_00_00_00	literal
20002711	on	402002000	m20_00_00_00	literal
20002712	off	402002000	m20_00_00_00	literal
20002714	off	402002000	m20_00_00_00	arg
20002714	on	402002000	m20_00_00_00	literal
20002715	on	402002000	m20_00_00_00	arg
20002716	off	402002000	m20_00_00_00	arg
20002716	on	402002000	m20_00_00_00	arg
20002716	on	402002000	m20_00_00_00	literal
20002717	on	402002000	m20_00_00_00	arg
20002718	off	402002000	m20_00_00_00	literal
20002718	on	402002000	m20_00_00_00	literal
20002719	on	402002000	m20_00_00_00	literal
20002720	on	402002000	m20_00_00_00	literal
20002721	on	402002000	m20_00_00_00	literal
20002722	off	402002000	m20_00_00_00	arg
20002722	on	402002000	m20_00_00_00	arg
20002725	off	402002000	m20_00_00_00	literal
20002725	on	402002000	m20_00_00_00	literal
20002726	off	402002000	m20_00_00_00	arg
20002726	on	402002000	m20_00_00_00	arg
20002726	on	402002000	m20_00_00_00	literal
20002727	on	402002000	m20_00_00_00	arg
20002729	off	402002000	m20_00_00_00	literal
20002729	on	402002000	m20_00_00_00	literal
20002733	off	402002000	m20_00_00_00	arg
20002733	on	402002000	m20_00_00_00	arg
20002735	off	402002000	m20_00_00_00	arg
20002735	on	402002000	m20_00_00_00	arg
20002736	off	402002000	m20_00_00_00	literal
20002736	on	402002000	m20_00_00_00	literal
20002738	off	402002000	m20_00_00_00	literal
20002738	on	402002000	m20_00_00_00	literal
20002739	on	402002000	m20_00_00_00	literal
20002740	on	402002000	m20_00_00_00	literal
20002741	on	402002000	m20_00_00_00	literal
20002745	off	402002000	m20_00_00_00	arg
20002745	on	402002000	m20_00_00_00	arg
20002746	on	402002000	m20_00_00_00	arg
20002747	on	402002000	m20_00_00_00	literal
20002748	off	402002000	m20_00_00_00	literal
20002748	on	402002000	m20_00_00_00	literal
20009255	on	402002000	m20_00_00_00	arg
20009256	on	402002000	m20_00_00_00	arg
20009257	on	402002000	m20_00_00_00	arg
20009258	on	402002000	m20_00_00_00	arg
20009259	on	402002000	m20_00_00_00	arg
20009260	on	402002000	m20_00_00_00	literal
20009261	on	402002000	m20_00_00_00	arg
20009262	on	402002000	m20_00_00_00	arg
20009263	on	402002000	m20_00_00_00	arg
20009264	on	402002000	m20_00_00_00	arg
20009265	on	402002000	m20_00_00_00	arg
20009266	on	402002000	m20_00_00_00	arg
20009267	on	402002000	m20_00_00_00	arg
20009268	on	402002000	m20_00_00_00	arg
20009269	on	402002000	m20_00_00_00	arg
20009270	on	402002000	m20_00_00_00	arg
20009272	on	402002000	m20_00_00_00	arg
20009273	on	402002000	m20_00_00_00	arg
20009274	on	402002000	m20_00_00_00	arg
20009275	on	402002000	m20_00_00_00	arg
20009276	on	402002000	m20_00_00_00	arg
20009278	on	402002000	m20_00_00_00	arg
20009278	on	402002000	m20_00_00_00	literal
20009279	off	402002000	m20_00_00_00	literal
20009279	on	402002000	m20_00_00_00	arg
20009279	on	402002000	m20_00_00_00	literal
20009280	on	402002000	m20_00_00_00	literal
20009281	off	402002000	m20_00_00_00	literal
20009282	on	402002000	m20_00_00_00	literal
20009283	on	402002000	m20_00_00_00	arg
20009284	off	402002000	m20_00_00_00	literal
20009284	on	402002000	m20_00_00_00	literal
20009285	on	402002000	m20_00_00_00	literal
20009286	on	402002000	m20_00_00_00	literal
20009287	on	402002000	m20_00_00_00	literal
20009294	on	402002000	m20_00_00_00	literal
20009295	on	402002000	m20_00_00_00	literal
20009299	off	402002000	m20_00_00_00	literal
20009305	on	450002000	m20_00_00_00	arg
20012710	off	418012001	m20_01_00_00	literal
20012717	off	418152001	m20_01_00_00	literal
20012718	off	418152001	m20_01_00_00	literal
20012720	off	419152001	m20_01_00_00	literal
20012721	off	419152001	m20_01_00_00	literal
20012722	off	419152001	m20_01_00_00	literal
20012723	off	419152001	m20_01_00_00	literal
20012724	off	419152001	m20_01_00_00	arg
20012725	off	419152001	m20_01_00_00	arg
20012726	off	419152001	m20_01_00_00	arg
20012727	off	419152001	m20_01_00_00	arg
20012728	on	419152001	m20_01_00_00	arg
20012729	on	419152001	m20_01_00_00	arg
20012730	off	417152001	m20_01_00_00	literal
20012731	off	417152001	m20_01_00_00	literal
20012732	off	417152001	m20_01_00_00	literal
20012733	off	417152001	m20_01_00_00	literal
20012734	off	417152001	m20_01_00_00	literal
20012735	off	417152001	m20_01_00_00	literal
20012736	off	417152001	m20_01_00_00	arg
20012737	off	417152001	m20_01_00_00	arg
20012738	off	417152001	m20_01_00_00	arg
20012739	off	417152001	m20_01_00_00	arg
20012740	off	414152001	m20_01_00_00	literal
20012743	off	414152001	m20_01_00_00	literal
20012744	off	414152001	m20_01_00_00	literal
20012745	off	414152001	m20_01_00_00	arg
20012748	off	414152001	m20_01_00_00	arg
20012749	off	414152001	m20_01_00_00	arg
20012750	off	415152001	m20_01_00_00	literal
20012751	off	415152001	m20_01_00_00	literal
20012752	off	415152001	m20_01_00_00	literal
20012753	off	415152001	m20_01_00_00	arg
20012754	off	415152001	m20_01_00_00	arg
20012755	off	415152001	m20_01_00_00	arg
20012756	on	415152001	m20_01_00_00	arg
20012757	on	415152001	m20_01_00_00	arg
20012758	on	415152001	m20_01_00_00	arg
20012760	off	425152001	m20_01_00_00	literal
20012761	off	425152001	m20_01_00_00	arg
20012770	on	410102001	m20_01_00_00	literal
20012771	on	410102001	m20_01_00_00	literal
20012772	on	410102001	m20_01_00_00	literal
20019211	on	416002001	m20_01_00_00	arg
20019212	on	416002001	m20_01_00_00	arg
20019213	on	416002001	m20_01_00_00	arg
20019214	on	416002001	m20_01_00_00	arg
20019215	on	416002001	m20_01_00_00	arg
20019235	off	416152001	m20_01_00_00	literal
20019236	off	416152001	m20_01_00_00	literal
20019237	off	416152001	m20_01_00_00	literal
20019238	off	416152001	m20_01_00_00	literal
20019239	off	416152001	m20_01_00_00	literal
20019240	off	416152001	m20_01_00_00	arg
20019243	off	416152001	m20_01_00_00	arg
20019244	off	416152001	m20_01_00_00	arg
20019245	on	416152001	m20_01_00_00	arg
20019246	on	416152001	m20_01_00_00	arg
20019247	on	416152001	m20_01_00_00	arg
20019248	on	416152001	m20_01_00_00	arg
20019249	on	416152001	m20_01_00_00	arg
20019255	on	418001205	m12_05_00_00	literal
20019255	on	418006100	m61_00_00_00	literal
20019255	on	418012001	m20_01_00_00	literal
20019258	on	418012001	m20_01_00_00	literal
20019280	off	418152001	m20_01_00_00	literal
20019281	off	418152001	m20_01_00_00	literal
20019282	off	418152001	m20_01_00_00	literal
20019283	off	418152001	m20_01_00_00	literal
20019284	off	418152001	m20_01_00_00	arg
20019285	off	418152001	m20_01_00_00	arg
20019286	off	418152001	m20_01_00_00	arg
20019287	off	418152001	m20_01_00_00	arg
20019288	off	418152001	m20_01_00_00	arg
20019289	off	418152001	m20_01_00_00	arg
20019290	on	418152001	m20_01_00_00	arg
20019290	on	418152001	m20_01_00_00	literal
20019291	on	418152001	m20_01_00_00	arg
20019291	on	418152001	m20_01_00_00	literal
20019292	on	418152001	m20_01_00_00	arg
20019293	on	418152001	m20_01_00_00	arg
20019294	on	418152001	m20_01_00_00	literal
20019295	on	418152001	m20_01_00_00	arg
20019340	on	419152001	m20_01_00_00	arg
20019341	on	419152001	m20_01_00_00	arg
20019350	off	417152001	m20_01_00_00	arg
20019351	off	417152001	m20_01_00_00	arg
20019352	on	417152001	m20_01_00_00	arg
20019353	on	417152001	m20_01_00_00	arg
20019354	on	417152001	m20_01_00_00	arg
20019355	on	417152001	m20_01_00_00	arg
20019400	on	414152001	m20_01_00_00	arg
20019401	on	414152001	m20_01_00_00	arg
20019401	on	414152001	m20_01_00_00	literal
20019402	on	414152001	m20_01_00_00	arg
20019533	off	414152001	m20_01_00_00	literal
20019533	off	415152001	m20_01_00_00	literal
20019533	off	416152001	m20_01_00_00	literal
20019533	off	417152001	m20_01_00_00	literal
20019533	off	418152001	m20_01_00_00	literal
20019533	off	419152001	m20_01_00_00	literal
20019533	off	425152001	m20_01_00_00	literal
20019533	on	414152001	m20_01_00_00	literal
20019533	on	415152001	m20_01_00_00	literal
20019533	on	416152001	m20_01_00_00	literal
20019533	on	417152001	m20_01_00_00	literal
20019533	on	418152001	m20_01_00_00	literal
20019533	on	419152001	m20_01_00_00	literal
20019533	on	425152001	m20_01_00_00	literal
20019537	off	416152001	m20_01_00_00	literal
20019537	on	416152001	m20_01_00_00	literal
21002702	on	413002100	m21_00_00_00	arg
21002710	off	413002100	m21_00_00_00	arg
21002710	on	413002100	m21_00_00_00	arg
21002713	off	413002100	m21_00_00_00	arg
21002713	on	413002100	m21_00_00_00	arg
21002720	on	418132100	m21_00_00_00	literal
21002721	on	418132100	m21_00_00_00	literal
21002722	on	418132100	m21_00_00_00	literal
21002730	on	418142100	m21_00_00_00	literal
21002731	on	418142100	m21_00_00_00	literal
21002732	on	418142100	m21_00_00_00	literal
21002740	on	414132100	m21_00_00_00	literal
21002741	on	414132100	m21_00_00_00	literal
21002743	on	414132100	m21_00_00_00	literal
21002750	on	414142100	m21_00_00_00	literal
21002751	on	414142100	m21_00_00_00	literal
21002752	on	414142100	m21_00_00_00	literal
21009206	on	413002100	m21_00_00_00	arg
21009207	on	413002100	m21_00_00_00	arg
21009208	on	413002100	m21_00_00_00	arg
21009209	on	413002100	m21_00_00_00	arg
21009210	off	413002100	m21_00_00_00	literal
21009210	on	413002100	m21_00_00_00	literal
21009211	off	413002100	m21_00_00_00	literal
21009211	on	413002100	m21_00_00_00	literal
21009214	on	413002100	m21_00_00_00	arg
21009222	off	413002100	m21_00_00_00	arg
21009222	on	413002100	m21_00_00_00	arg
21009223	off	413002100	m21_00_00_00	literal
21009223	on	413002100	m21_00_00_00	arg
21009240	on	413002100	m21_00_00_00	literal
21009255	on	450002100	m21_00_00_00	arg
21012703	on	414102101	m21_01_00_00	literal
21012720	off	416002101	m21_01_00_00	literal
21012720	on	416002101	m21_01_00_00	literal
21012722	on	416002101	m21_01_00_00	literal
21012724	on	416002101	m21_01_00_00	literal
21012727	off	416002101	m21_01_00_00	literal
21012727	on	416002101	m21_01_00_00	literal
21012728	off	416002101	m21_01_00_00	literal
21012728	on	416002101	m21_01_00_00	literal
21012729	off	416002101	m21_01_00_00	literal
21012729	on	416002101	m21_01_00_00	literal
21012730	on	417002101	m21_01_00_00	literal
21012730	on	417006100	m61_00_00_00	literal
21012731	on	417002101	m21_01_00_00	literal
21012731	on	417006100	m61_00_00_00	literal
21012732	off	417002101	m21_01_00_00	literal
21012732	off	417006100	m61_00_00_00	literal
21012732	on	000001000	m00_00_00_00	literal
21012733	off	417002101	m21_01_00_00	arg
21012733	off	417006100	m61_00_00_00	arg
21012733	on	417002101	m21_01_00_00	literal
21012733	on	417006100	m61_00_00_00	literal
21012734	on	417002101	m21_01_00_00	arg
21012734	on	417006100	m61_00_00_00	arg
21012736	on	417002101	m21_01_00_00	literal
21012736	on	417006100	m61_00_00_00	literal
21012737	off	417002101	m21_01_00_00	literal
21012737	off	417006100	m61_00_00_00	literal
21012738	off	417002101	m21_01_00_00	literal
21012738	off	417006100	m61_00_00_00	literal
21012739	off	417002101	m21_01_00_00	literal
21012739	off	417006100	m61_00_00_00	literal
21012740	on	418112101	m21_01_00_00	literal
21012741	on	418112101	m21_01_00_00	literal
21012742	on	418112101	m21_01_00_00	literal
21012750	on	418122101	m21_01_00_00	literal
21012751	on	418122101	m21_01_00_00	literal
21012752	on	418122101	m21_01_00_00	literal
21012760	on	416112101	m21_01_00_00	literal
21012761	on	416112101	m21_01_00_00	literal
21012763	on	416112101	m21_01_00_00	literal
21012770	on	416122101	m21_01_00_00	literal
21012771	on	416122101	m21_01_00_00	literal
21012772	on	416122101	m21_01_00_00	literal
21012781	off	417002101	m21_01_00_00	literal
21012781	off	417006100	m61_00_00_00	literal
21012781	on	417002101	m21_01_00_00	literal
21012781	on	417006100	m61_00_00_00	literal
21012782	off	417002101	m21_01_00_00	literal
21012782	off	417006100	m61_00_00_00	literal
21012782	on	417002101	m21_01_00_00	literal
21012782	on	417006100	m61_00_00_00	literal
21012783	off	417002101	m21_01_00_00	literal
21012783	off	417006100	m61_00_00_00	literal
21012783	on	417002101	m21_01_00_00	literal
21012783	on	417006100	m61_00_00_00	literal
21019207	on	414002101	m21_01_00_00	arg
21019207	on	414006100	m61_00_00_00	arg
21019208	on	414002101	m21_01_00_00	arg
21019208	on	414006100	m61_00_00_00	arg
21019209	on	414002101	m21_01_00_00	arg
21019209	on	414006100	m61_00_00_00	arg
21019210	on	414002101	m21_01_00_00	arg
21019210	on	414006100	m61_00_00_00	arg
21019211	on	414002101	m21_01_00_00	arg
21019211	on	414006100	m61_00_00_00	arg
21019212	on	414002101	m21_01_00_00	arg
21019212	on	414006100	m61_00_00_00	arg
21019216	on	414002101	m21_01_00_00	literal
21019216	on	414006100	m61_00_00_00	literal
21019225	on	414002101	m21_01_00_00	literal
21019225	on	414006100	m61_00_00_00	literal
21019302	on	416002101	m21_01_00_00	literal
21019305	on	416002101	m21_01_00_00	arg
21019307	on	416002101	m21_01_00_00	arg
21019308	on	416002101	m21_01_00_00	arg
21019309	on	416002101	m21_01_00_00	arg
21019310	on	416002101	m21_01_00_00	arg
21019311	on	416002101	m21_01_00_00	arg
21019312	on	416002101	m21_01_00_00	arg
21019313	on	416002101	m21_01_00_00	arg
21019314	on	416002101	m21_01_00_00	literal
21019316	on	416002101	m21_01_00_00	literal
21019317	on	416002101	m21_01_00_00	literal
21019319	on	416002101	m21_01_00_00	arg
21019320	on	416002101	m21_01_00_00	arg
21019321	on	416002101	m21_01_00_00	arg
21019322	on	416002101	m21_01_00_00	arg
21019322	on	416002101	m21_01_00_00	literal
21019323	on	416002101	m21_01_00_00	arg
21019324	on	416002101	m21_01_00_00	arg
21019329	on	416002101	m21_01_00_00	literal
21019352	on	417002101	m21_01_00_00	literal
21019352	on	417006100	m61_00_00_00	literal
21019355	on	417002101	m21_01_00_00	literal
21019355	on	417006100	m61_00_00_00	literal
21019356	on	417002101	m21_01_00_00	literal
21019356	on	417006100	m61_00_00_00	literal
21019357	on	417002101	m21_01_00_00	literal
21019357	on	417006100	m61_00_00_00	literal
21019360	on	417002101	m21_01_00_00	arg
21019360	on	417002101	m21_01_00_00	literal
21019360	on	417006100	m61_00_00_00	arg
21019360	on	417006100	m61_00_00_00	literal
21019361	on	417002101	m21_01_00_00	arg
21019361	on	417006100	m61_00_00_00	arg
21019363	on	417002101	m21_01_00_00	arg
21019363	on	417006100	m61_00_00_00	arg
21019365	on	417002101	m21_01_00_00	arg
21019365	on	417006100	m61_00_00_00	arg
21019366	on	417002101	m21_01_00_00	arg
21019366	on	417006100	m61_00_00_00	arg
21019367	on	417002101	m21_01_00_00	arg
21019367	on	417006100	m61_00_00_00	arg
21019370	on	417002101	m21_01_00_00	literal
21019370	on	417006100	m61_00_00_00	literal
21019371	on	417002101	m21_01_00_00	literal
21019371	on	417006100	m61_00_00_00	literal
22002701	off	419006100	m61_00_00_00	literal
22002701	on	419006100	m61_00_00_00	literal
22002702	off	419002200	m22_00_00_00	arg
22002702	off	419006100	m61_00_00_00	arg
22002702	on	419002200	m22_00_00_00	literal
22002702	on	419006100	m61_00_00_00	literal
22002703	on	419002200	m22_00_00_00	arg
22002703	on	419006100	m61_00_00_00	arg
22002705	on	419002200	m22_00_00_00	literal
22002705	on	419006100	m61_00_00_00	literal
22002708	off	419112200	m22_00_00_00	literal
22002710	on	405002200	m22_00_00_00	literal
22009208	on	419006100	m61_00_00_00	literal
22009215	on	419002200	m22_00_00_00	arg
22009215	on	419006100	m61_00_00_00	arg
22009218	on	419002200	m22_00_00_00	literal
22009218	on	419006100	m61_00_00_00	literal
22009219	on	419002200	m22_00_00_00	arg
22009219	on	419006100	m61_00_00_00	arg
22009221	on	419002200	m22_00_00_00	arg
22009221	on	419006100	m61_00_00_00	arg
22009222	on	419002200	m22_00_00_00	arg
22009222	on	419006100	m61_00_00_00	arg
22009223	on	419002200	m22_00_00_00	arg
22009223	on	419006100	m61_00_00_00	arg
22009224	on	419002200	m22_00_00_00	arg
22009224	on	419006100	m61_00_00_00	arg
22009225	on	419002200	m22_00_00_00	arg
22009225	on	419006100	m61_00_00_00	arg
22009227	on	419002200	m22_00_00_00	arg
22009227	on	419006100	m61_00_00_00	arg
22009228	on	419002200	m22_00_00_00	arg
22009228	on	419006100	m61_00_00_00	arg
22009232	on	419002200	m22_00_00_00	literal
22009232	on	419006100	m61_00_00_00	literal
22009235	on	419002200	m22_00_00_00	arg
22009235	on	419006100	m61_00_00_00	arg
22009236	on	419002200	m22_00_00_00	arg
22009236	on	419006100	m61_00_00_00	arg
22009237	on	419002200	m22_00_00_00	arg
22009237	on	419006100	m61_00_00_00	arg
22009238	on	419002200	m22_00_00_00	arg
22009238	on	419006100	m61_00_00_00	arg
22009239	on	419002200	m22_00_00_00	arg
22009239	on	419006100	m61_00_00_00	arg
22009255	on	405002200	m22_00_00_00	arg
22009256	off	405002200	m22_00_00_00	literal
22009256	on	405002200	m22_00_00_00	arg
22009257	off	405002200	m22_00_00_00	literal
22009257	on	405002200	m22_00_00_00	arg
22009285	off	405002200	m22_00_00_00	arg
22009285	on	405002200	m22_00_00_00	arg
22009305	on	450002200	m22_00_00_00	arg
22009306	on	450012200	m22_00_00_00	arg
28002701	on	404102800	m28_00_00_00	arg
28002702	off	404102800	m28_00_00_00	arg
28002703	off	404102800	m28_00_00_00	arg
28002704	off	404102800	m28_00_00_00	arg
28002707	on	404102800	m28_00_00_00	literal
28009205	on	404102800	m28_00_00_00	literal
28009210	on	404102800	m28_00_00_00	arg
28009211	on	404102800	m28_00_00_00	arg
28009212	on	404102800	m28_00_00_00	arg
28009255	on	450002800	m28_00_00_00	arg
28009256	on	450012800	m28_00_00_00	arg
31002700	on	309001600	m16_00_00_00	literal
31002700	on	309003100	m31_00_00_00	literal
31002700	on	309006000	m60_00_00_00	literal
31002701	on	309001600	m16_00_00_00	literal
31002701	on	309003100	m31_00_00_00	literal
31002701	on	309006000	m60_00_00_00	literal
31002703	on	309001600	m16_00_00_00	literal
31002703	on	309003100	m31_00_00_00	literal
31002703	on	309006000	m60_00_00_00	literal
31002705	on	309001600	m16_00_00_00	literal
31002705	on	309003100	m31_00_00_00	literal
31002705	on	309006000	m60_00_00_00	literal
31002706	on	309001600	m16_00_00_00	literal
31002706	on	309003100	m31_00_00_00	literal
31002706	on	309006000	m60_00_00_00	literal
31002707	on	309001600	m16_00_00_00	literal
31002707	on	309003100	m31_00_00_00	literal
31002707	on	309006000	m60_00_00_00	literal
31002708	on	309001600	m16_00_00_00	arg
31002708	on	309001600	m16_00_00_00	literal
31002708	on	309003100	m31_00_00_00	arg
31002708	on	309003100	m31_00_00_00	literal
31002708	on	309006000	m60_00_00_00	arg
31002708	on	309006000	m60_00_00_00	literal
31002710	on	309001600	m16_00_00_00	literal
31002710	on	309003100	m31_00_00_00	literal
31002710	on	309006000	m60_00_00_00	literal
31002711	on	309001600	m16_00_00_00	literal
31002711	on	309003100	m31_00_00_00	literal
31002711	on	309006000	m60_00_00_00	literal
31002712	on	309001600	m16_00_00_00	literal
31002712	on	309003100	m31_00_00_00	literal
31002712	on	309006000	m60_00_00_00	literal
31002720	on	309001600	m16_00_00_00	literal
31002720	on	309003100	m31_00_00_00	literal
31002720	on	309006000	m60_00_00_00	literal
31002724	on	309001600	m16_00_00_00	literal
31002724	on	309003100	m31_00_00_00	literal
31002724	on	309006000	m60_00_00_00	literal
31002725	on	309001600	m16_00_00_00	literal
31002725	on	309003100	m31_00_00_00	literal
31002725	on	309006000	m60_00_00_00	literal
31002726	on	309001600	m16_00_00_00	literal
31002726	on	309003100	m31_00_00_00	literal
31002726	on	309006000	m60_00_00_00	literal
31002727	on	309001600	m16_00_00_00	literal
31002727	on	309003100	m31_00_00_00	literal
31002727	on	309006000	m60_00_00_00	literal
31002730	on	309001600	m16_00_00_00	literal
31002730	on	309003100	m31_00_00_00	literal
31002730	on	309006000	m60_00_00_00	literal
31009205	on	309001600	m16_00_00_00	literal
31009205	on	309003100	m31_00_00_00	literal
31009205	on	309006000	m60_00_00_00	literal
31009206	on	309001600	m16_00_00_00	literal
31009206	on	309003100	m31_00_00_00	literal
31009206	on	309006000	m60_00_00_00	literal
31009207	off	309001600	m16_00_00_00	literal
31009207	off	309003100	m31_00_00_00	literal
31009207	off	309006000	m60_00_00_00	literal
31009208	on	309001600	m16_00_00_00	literal
31009208	on	309003100	m31_00_00_00	literal
31009208	on	309006000	m60_00_00_00	literal
31009210	on	309001600	m16_00_00_00	literal
31009210	on	309003100	m31_00_00_00	literal
31009210	on	309006000	m60_00_00_00	literal
31009211	on	309001600	m16_00_00_00	literal
31009211	on	309003100	m31_00_00_00	literal
31009211	on	309006000	m60_00_00_00	literal
31009212	on	309001600	m16_00_00_00	literal
31009212	on	309003100	m31_00_00_00	literal
31009212	on	309006000	m60_00_00_00	literal
31009213	on	309001600	m16_00_00_00	literal
31009213	on	309003100	m31_00_00_00	literal
31009213	on	309006000	m60_00_00_00	literal
31009214	on	309001600	m16_00_00_00	literal
31009214	on	309003100	m31_00_00_00	literal
31009214	on	309006000	m60_00_00_00	literal
31009217	on	309001600	m16_00_00_00	literal
31009217	on	309003100	m31_00_00_00	literal
31009217	on	309006000	m60_00_00_00	literal
31009218	on	309001600	m16_00_00_00	conditional
31009218	on	309003100	m31_00_00_00	conditional
31009218	on	309006000	m60_00_00_00	conditional
31009225	off	309001600	m16_00_00_00	literal
31009225	off	309003100	m31_00_00_00	literal
31009225	off	309006000	m60_00_00_00	literal
31009225	on	309001600	m16_00_00_00	literal
31009225	on	309003100	m31_00_00_00	literal
31009225	on	309006000	m60_00_00_00	literal
31009226	off	309001600	m16_00_00_00	literal
31009226	off	309003100	m31_00_00_00	literal
31009226	off	309006000	m60_00_00_00	literal
31009226	on	309001600	m16_00_00_00	literal
31009226	on	309003100	m31_00_00_00	literal
31009226	on	309006000	m60_00_00_00	literal
31009228	on	309001600	m16_00_00_00	literal
31009228	on	309003100	m31_00_00_00	literal
31009228	on	309006000	m60_00_00_00	literal
31009229	on	309001600	m16_00_00_00	literal
31009229	on	309003100	m31_00_00_00	literal
31009229	on	309006000	m60_00_00_00	literal
31009230	on	309001600	m16_00_00_00	literal
31009230	on	309003100	m31_00_00_00	literal
31009230	on	309006000	m60_00_00_00	literal
31009231	on	309001600	m16_00_00_00	literal
31009231	on	309003100	m31_00_00_00	literal
31009231	on	309006000	m60_00_00_00	literal
31009234	on	309001600	m16_00_00_00	literal
31009234	on	309003100	m31_00_00_00	literal
31009234	on	309006000	m60_00_00_00	literal
31009235	on	309001600	m16_00_00_00	literal
31009235	on	309003100	m31_00_00_00	literal
31009235	on	309006000	m60_00_00_00	literal
31009236	on	309001600	m16_00_00_00	literal
31009236	on	309003100	m31_00_00_00	literal
31009236	on	309006000	m60_00_00_00	literal
31009237	on	309001600	m16_00_00_00	literal
31009237	on	309003100	m31_00_00_00	literal
31009237	on	309006000	m60_00_00_00	literal
31009238	on	309001600	m16_00_00_00	literal
31009238	on	309003100	m31_00_00_00	literal
31009238	on	309006000	m60_00_00_00	literal
31009240	on	309001600	m16_00_00_00	literal
31009240	on	309003100	m31_00_00_00	literal
31009240	on	309006000	m60_00_00_00	literal
31009241	on	309001600	m16_00_00_00	literal
31009241	on	309003100	m31_00_00_00	literal
31009241	on	309006000	m60_00_00_00	literal
31009242	on	309001600	m16_00_00_00	literal
31009242	on	309003100	m31_00_00_00	literal
31009242	on	309006000	m60_00_00_00	literal
31009243	off	309001600	m16_00_00_00	literal
31009243	off	309003100	m31_00_00_00	literal
31009243	off	309006000	m60_00_00_00	literal
31009243	on	309001600	m16_00_00_00	literal
31009243	on	309003100	m31_00_00_00	literal
31009243	on	309006000	m60_00_00_00	literal
31009244	off	309001600	m16_00_00_00	literal
31009244	off	309003100	m31_00_00_00	literal
31009244	off	309006000	m60_00_00_00	literal
31009244	on	309001600	m16_00_00_00	literal
31009244	on	309003100	m31_00_00_00	literal
31009244	on	309006000	m60_00_00_00	literal
31009245	off	309001600	m16_00_00_00	literal
31009245	off	309003100	m31_00_00_00	literal
31009245	off	309006000	m60_00_00_00	literal
31009245	on	309001600	m16_00_00_00	literal
31009245	on	309003100	m31_00_00_00	literal
31009245	on	309006000	m60_00_00_00	literal
31009246	off	309001600	m16_00_00_00	literal
31009246	off	309003100	m31_00_00_00	literal
31009246	off	309006000	m60_00_00_00	literal
31009246	on	309001600	m16_00_00_00	literal
31009246	on	309003100	m31_00_00_00	literal
31009246	on	309006000	m60_00_00_00	literal
31009255	on	309001600	m16_00_00_00	literal
31009255	on	309003100	m31_00_00_00	literal
31009255	on	309006000	m60_00_00_00	literal
31009256	on	309001600	m16_00_00_00	literal
31009256	on	309003100	m31_00_00_00	literal
31009256	on	309006000	m60_00_00_00	literal
31009257	on	309001600	m16_00_00_00	literal
31009257	on	309003100	m31_00_00_00	literal
31009257	on	309006000	m60_00_00_00	literal
31009258	on	309001600	m16_00_00_00	literal
31009258	on	309003100	m31_00_00_00	literal
31009258	on	309006000	m60_00_00_00	literal
31009266	off	309001600	m16_00_00_00	literal
31009266	off	309003100	m31_00_00_00	literal
31009266	off	309006000	m60_00_00_00	literal
31009267	on	309001600	m16_00_00_00	literal
31009267	on	309003100	m31_00_00_00	literal
31009267	on	309006000	m60_00_00_00	literal
31009275	on	309001600	m16_00_00_00	literal
31009275	on	309003100	m31_00_00_00	literal
31009275	on	309006000	m60_00_00_00	literal
31152700	on	223001100	m11_00_00_00	literal
31152700	on	223001105	m11_05_00_00	literal
31152700	on	223003115	m31_15_00_00	literal
31152700	on	223006000	m60_00_00_00	literal
31159202	on	223001100	m11_00_00_00	literal
31159202	on	223001105	m11_05_00_00	literal
31159202	on	223001400	m14_00_00_00	literal
31159202	on	223003115	m31_15_00_00	literal
31159202	on	223006000	m60_00_00_00	literal
31159205	on	223001100	m11_00_00_00	literal
31159205	on	223001105	m11_05_00_00	literal
31159205	on	223001400	m14_00_00_00	literal
31159205	on	223003115	m31_15_00_00	literal
31159205	on	223006000	m60_00_00_00	literal
31159206	on	223001100	m11_00_00_00	literal
31159206	on	223001105	m11_05_00_00	literal
31159206	on	223001400	m14_00_00_00	literal
31159206	on	223003115	m31_15_00_00	literal
31159206	on	223006000	m60_00_00_00	literal
32009203	off	220001300	m13_00_00_00	literal
32009203	off	220003207	m32_07_00_00	literal
32009203	off	220006000	m60_00_00_00	literal
32009203	off	220016000	m60_00_00_00	literal
32009203	off	220026000	m60_00_00_00	literal
32009205	on	220001300	m13_00_00_00	literal
32009205	on	220003207	m32_07_00_00	literal
32009205	on	220006000	m60_00_00_00	literal
32009205	on	220016000	m60_00_00_00	literal
32009205	on	220026000	m60_00_00_00	literal
32009206	on	220001300	m13_00_00_00	literal
32009206	on	220003207	m32_07_00_00	literal
32009206	on	220006000	m60_00_00_00	literal
32009206	on	220016000	m60_00_00_00	literal
32009206	on	220026000	m60_00_00_00	literal
35000701	on	310003500	m35_00_00_00	literal
35000701	on	310006000	m60_00_00_00	literal
35002700	on	310003500	m35_00_00_00	arg
35002700	on	310006000	m60_00_00_00	arg
35002701	on	310003500	m35_00_00_00	arg
35002701	on	310006000	m60_00_00_00	arg
35002705	off	310003500	m35_00_00_00	literal
35002705	off	310006000	m60_00_00_00	literal
35002705	on	310003500	m35_00_00_00	literal
35002705	on	310006000	m60_00_00_00	literal
35002708	off	310003500	m35_00_00_00	literal
35002708	off	310006000	m60_00_00_00	literal
35002708	on	310003500	m35_00_00_00	literal
35002708	on	310006000	m60_00_00_00	literal
35002710	off	800001100	m11_00_00_00	literal
35002710	off	800003500	m35_00_00_00	literal
35002710	off	800006000	m60_00_00_00	literal
35002710	on	800001100	m11_00_00_00	literal
35002710	on	800003500	m35_00_00_00	literal
35002710	on	800006000	m60_00_00_00	literal
35002721	other	323003500	m35_00_00_00	rawsense-1
35002722	other	323003500	m35_00_00_00	rawsense-1
35002723	on	323003500	m35_00_00_00	literal
35002724	on	323003500	m35_00_00_00	arg
35002725	on	323003500	m35_00_00_00	literal
35002726	other	323003500	m35_00_00_00	rawsense2
35002727	on	323006000	m60_00_00_00	arg
35002732	on	000003000	m00_00_00_00	literal
35002733	on	000003000	m00_00_00_00	literal
35009202	on	310003500	m35_00_00_00	arg
35009202	on	310006000	m60_00_00_00	arg
35009205	on	310003500	m35_00_00_00	arg
35009205	on	310006000	m60_00_00_00	arg
35009206	on	310003500	m35_00_00_00	arg
35009206	on	310006000	m60_00_00_00	arg
35009208	on	310003500	m35_00_00_00	arg
35009208	on	310006000	m60_00_00_00	arg
35009209	on	310003500	m35_00_00_00	arg
35009209	on	310006000	m60_00_00_00	arg
35009210	off	310003500	m35_00_00_00	literal
35009210	off	310006000	m60_00_00_00	literal
35009210	on	310003500	m35_00_00_00	literal
35009210	on	310006000	m60_00_00_00	literal
35009254	on	800001100	m11_00_00_00	literal
35009254	on	800003500	m35_00_00_00	literal
35009254	on	800006000	m60_00_00_00	literal
35009255	on	800001100	m11_00_00_00	literal
35009255	on	800003500	m35_00_00_00	literal
35009255	on	800006000	m60_00_00_00	literal
35009256	on	800001100	m11_00_00_00	literal
35009256	on	800003500	m35_00_00_00	literal
35009256	on	800006000	m60_00_00_00	literal
35009257	on	800001100	m11_00_00_00	literal
35009257	on	800003500	m35_00_00_00	literal
35009257	on	800006000	m60_00_00_00	literal
35009270	on	800001100	m11_00_00_00	literal
35009270	on	800003500	m35_00_00_00	literal
35009270	on	800006000	m60_00_00_00	literal
35009303	on	323003500	m35_00_00_00	literal
35009306	on	323003500	m35_00_00_00	literal
35009307	on	323003500	m35_00_00_00	literal
35009308	on	323003500	m35_00_00_00	literal
35009316	on	323006000	m60_00_00_00	literal
35009325	on	323003500	m35_00_00_00	literal
35009326	on	323003500	m35_00_00_00	literal
35009327	on	323003500	m35_00_00_00	literal
35009328	on	323003500	m35_00_00_00	literal
35009329	on	323003500	m35_00_00_00	literal
35009330	on	323003500	m35_00_00_00	literal
35009334	on	323003500	m35_00_00_00	literal
35009338	on	323003500	m35_00_00_00	arg
35009350	off	000001000	m00_00_00_00	literal
35009350	on	000001000	m00_00_00_00	literal
35009351	on	000003000	m00_00_00_00	arg
35009352	off	000001000	m00_00_00_00	literal
35009352	on	000001000	m00_00_00_00	literal
35009353	on	000003000	m00_00_00_00	arg
35009355	off	000001000	m00_00_00_00	literal
35009355	on	000001000	m00_00_00_00	literal
35009356	on	000003000	m00_00_00_00	arg
35009357	on	000003000	m00_00_00_00	arg
35009358	off	000001000	m00_00_00_00	literal
35009358	on	000001000	m00_00_00_00	literal
35009359	on	000003000	m00_00_00_00	arg
35009360	on	000003000	m00_00_00_00	literal
41009205	on	450004100	m41_00_00_00	arg
41029205	on	450004102	m41_02_00_00	arg
42009205	on	450004200	m42_00_00_00	arg
42029205	on	450004202	m42_02_00_00	arg
1034429205	on	334001000	m10_00_00_00	literal
1034429205	on	334001110	m11_10_00_00	literal
1034429205	on	334006000	m60_00_00_00	literal
1034429209	on	334001000	m10_00_00_00	literal
1034429209	on	334001110	m11_10_00_00	literal
1034429209	on	334006000	m60_00_00_00	literal
1034492700	on	224006000	m60_00_00_00	arg
1034492701	on	224006000	m60_00_00_00	arg
1034492702	on	224006000	m60_00_00_00	literal
1034492703	off	224006000	m60_00_00_00	literal
1034492703	on	224006000	m60_00_00_00	literal
1034499202	on	224006000	m60_00_00_00	arg
1034499204	on	224006000	m60_00_00_00	arg
1034499205	on	224006000	m60_00_00_00	arg
1034499206	on	224006000	m60_00_00_00	arg
1034499207	on	224006000	m60_00_00_00	arg
1034499208	on	224006000	m60_00_00_00	literal
1034499208	on	224206000	m60_00_00_00	literal
1034499209	on	224006000	m60_00_00_00	literal
1034499210	on	224006000	m60_00_00_00	arg
1034499211	on	224006000	m60_00_00_00	arg
1034499212	on	224006000	m60_00_00_00	arg
1034499213	off	224006000	m60_00_00_00	literal
1034499213	on	224006000	m60_00_00_00	conditional
1034499214	off	224006000	m60_00_00_00	literal
1034499214	on	224006000	m60_00_00_00	conditional
1034499215	off	224006000	m60_00_00_00	literal
1034499215	on	224006000	m60_00_00_00	conditional
1034499216	off	224006000	m60_00_00_00	literal
1034499216	on	224006000	m60_00_00_00	conditional
1034499220	on	224006000	m60_00_00_00	arg
1034499221	off	224006000	m60_00_00_00	literal
1034499221	on	224006000	m60_00_00_00	literal
1034499222	on	224006000	m60_00_00_00	arg
1034499223	on	224006000	m60_00_00_00	arg
1034499224	on	224006000	m60_00_00_00	literal
1034499225	off	224006000	m60_00_00_00	literal
1034499225	on	224006000	m60_00_00_00	conditional
1034499226	off	224006000	m60_00_00_00	literal
1034499226	on	224006000	m60_00_00_00	conditional
1034499227	off	224006000	m60_00_00_00	literal
1034499227	on	224006000	m60_00_00_00	conditional
1034499228	off	224006000	m60_00_00_00	literal
1034499228	on	224006000	m60_00_00_00	literal
1034499229	off	224006000	m60_00_00_00	literal
1034499229	on	224006000	m60_00_00_00	literal
1034499230	on	224006000	m60_00_00_00	literal
1034499231	off	224006000	m60_00_00_00	literal
1034499231	on	224006000	m60_00_00_00	literal
1034499232	on	224006000	m60_00_00_00	arg
1034499233	on	224006000	m60_00_00_00	arg
1034499234	off	224006000	m60_00_00_00	literal
1034499234	on	224006000	m60_00_00_00	conditional
1034499235	off	224006000	m60_00_00_00	literal
1034499235	on	224006000	m60_00_00_00	conditional
1034499238	on	224006000	m60_00_00_00	arg
1034499239	on	224006000	m60_00_00_00	arg
1034499240	on	224006000	m60_00_00_00	arg
1034499241	on	224006000	m60_00_00_00	arg
1034499242	on	224006000	m60_00_00_00	arg
1034499243	on	224006000	m60_00_00_00	arg
1034499244	off	224006000	m60_00_00_00	literal
1034499244	on	224006000	m60_00_00_00	literal
1034499245	off	224006000	m60_00_00_00	literal
1034499245	on	224006000	m60_00_00_00	literal
1034499246	off	224006000	m60_00_00_00	literal
1034499246	on	224006000	m60_00_00_00	literal
1034499247	off	224006000	m60_00_00_00	literal
1034499247	on	224006000	m60_00_00_00	literal
1034499248	off	224006000	m60_00_00_00	literal
1034499248	on	224006000	m60_00_00_00	literal
1034499249	off	224006000	m60_00_00_00	literal
1034499249	on	224006000	m60_00_00_00	literal
1034502720	on	307006000	m60_00_00_00	arg
1034502721	on	307006000	m60_00_00_00	arg
1034502722	off	307006000	m60_00_00_00	literal
1034502722	on	307006000	m60_00_00_00	literal
1034502726	off	307006000	m60_00_00_00	literal
1034502740	on	106016000	m60_00_00_00	arg
1034502741	on	106016000	m60_00_00_00	arg
1034502742	off	106016000	m60_00_00_00	literal
1034502742	on	106016000	m60_00_00_00	literal
1034502745	on	106016000	m60_00_00_00	literal
1034509205	on	216016000	m60_00_00_00	arg
1034509225	on	216001202	m12_02_00_00	arg
1034509225	on	216006000	m60_00_00_00	arg
1034509226	on	216001202	m12_02_00_00	arg
1034509226	on	216006000	m60_00_00_00	arg
1034509253	on	316206000	m60_00_00_00	literal
1034509253	on	316211400	m14_00_00_00	literal
1034509254	off	312006000	m60_00_00_00	literal
1034509254	off	316206000	m60_00_00_00	literal
1034509255	on	316206000	m60_00_00_00	literal
1034509255	on	316211400	m14_00_00_00	literal
1034509256	on	316206000	m60_00_00_00	literal
1034509257	on	316206000	m60_00_00_00	literal
1034509257	on	316211400	m14_00_00_00	literal
1034509258	off	316206000	m60_00_00_00	literal
1034509259	on	316206000	m60_00_00_00	literal
1034509302	on	307006000	m60_00_00_00	arg
1034509305	on	307306000	m60_00_00_00	arg
1034509306	on	307306000	m60_00_00_00	arg
1034509310	on	307006000	m60_00_00_00	arg
1034509311	on	307006000	m60_00_00_00	arg
1034509312	on	307006000	m60_00_00_00	arg
1034509313	on	307006000	m60_00_00_00	arg
1034509314	on	307006000	m60_00_00_00	arg
1034509315	on	307006000	m60_00_00_00	arg
1034509316	on	307006000	m60_00_00_00	arg
1034509317	off	307006000	m60_00_00_00	literal
1034509317	on	307006000	m60_00_00_00	literal
1034509318	off	307006000	m60_00_00_00	literal
1034509318	on	307006000	m60_00_00_00	literal
1034509319	off	307006000	m60_00_00_00	literal
1034509319	on	307006000	m60_00_00_00	literal
1034509320	off	307006000	m60_00_00_00	literal
1034509320	on	307006000	m60_00_00_00	literal
1034509321	off	307006000	m60_00_00_00	literal
1034509321	on	307006000	m60_00_00_00	conditional
1034509322	off	307006000	m60_00_00_00	literal
1034509322	on	307006000	m60_00_00_00	literal
1034509323	off	307006000	m60_00_00_00	literal
1034509323	on	307006000	m60_00_00_00	literal
1034509324	off	307006000	m60_00_00_00	literal
1034509324	on	307006000	m60_00_00_00	literal
1034509325	off	307006000	m60_00_00_00	literal
1034509325	on	307006000	m60_00_00_00	literal
1034509326	off	307006000	m60_00_00_00	literal
1034509326	on	307006000	m60_00_00_00	literal
1034509327	off	307006000	m60_00_00_00	literal
1034509327	on	307006000	m60_00_00_00	literal
1034509328	on	307006000	m60_00_00_00	literal
1034509329	on	307006000	m60_00_00_00	arg
1034509330	on	307006000	m60_00_00_00	arg
1034509331	on	307006000	m60_00_00_00	arg
1034509332	on	307006000	m60_00_00_00	arg
1034509333	on	307006000	m60_00_00_00	arg
1034509334	on	307006000	m60_00_00_00	arg
1034509335	on	307006000	m60_00_00_00	arg
1034509336	on	307006000	m60_00_00_00	arg
1034509337	on	307006000	m60_00_00_00	arg
1034509338	on	307006000	m60_00_00_00	arg
1034509346	on	307006000	m60_00_00_00	literal
1034509347	on	307006000	m60_00_00_00	literal
1034509355	on	224206000	m60_00_00_00	arg
1034509356	on	224206000	m60_00_00_00	arg
1034509357	on	224206000	m60_00_00_00	literal
1034509358	on	224206000	m60_00_00_00	conditional
1034509358	on	224206000	m60_00_00_00	literal
1034509360	on	224006000	m60_00_00_00	literal
1034509403	on	106016000	m60_00_00_00	arg
1034509405	on	106016000	m60_00_00_00	literal
1034509406	on	106026000	m60_00_00_00	arg
1034509407	on	000001000	m00_00_00_00	literal
1034509409	on	106016000	m60_00_00_00	arg
1034509410	on	106016000	m60_00_00_00	arg
1034509411	on	106016000	m60_00_00_00	arg
1034509413	on	106016000	m60_00_00_00	arg
1034509415	on	106016000	m60_00_00_00	arg
1034509416	on	106016000	m60_00_00_00	arg
1034509418	on	106016000	m60_00_00_00	literal
1034509420	on	106016000	m60_00_00_00	arg
1034509421	on	106016000	m60_00_00_00	arg
1034509422	off	106016000	m60_00_00_00	literal
1034509422	on	106016000	m60_00_00_00	literal
1034509423	on	106016000	m60_00_00_00	literal
1034509424	on	106016000	m60_00_00_00	literal
1034509425	on	106016000	m60_00_00_00	literal
1034509426	on	106016000	m60_00_00_00	arg
1034509427	on	106016000	m60_00_00_00	arg
1034509428	on	106016000	m60_00_00_00	arg
1034509429	on	106016000	m60_00_00_00	literal
1034509431	on	106016000	m60_00_00_00	literal
1034509432	on	106016000	m60_00_00_00	arg
1035422700	on	219006000	m60_00_00_00	literal
1035422701	on	219006000	m60_00_00_00	literal
1035422710	on	106026000	m60_00_00_00	arg
1035422711	on	106026000	m60_00_00_00	arg
1035422712	off	106026000	m60_00_00_00	literal
1035422712	on	106026000	m60_00_00_00	literal
1035429205	on	219006000	m60_00_00_00	literal
1035429206	on	219006000	m60_00_00_00	literal
1035429206	on	219016000	m60_00_00_00	literal
1035429207	on	219006000	m60_00_00_00	literal
1035429209	on	219006000	m60_00_00_00	literal
1035429210	on	219006000	m60_00_00_00	literal
1035429212	on	219006000	m60_00_00_00	literal
1035429252	on	106026000	m60_00_00_00	arg
1035442705	off	301006000	m60_00_00_00	literal
1035442705	on	301006000	m60_00_00_00	literal
1035442708	off	301006000	m60_00_00_00	literal
1035442708	on	301006000	m60_00_00_00	literal
1035449205	on	301006000	m60_00_00_00	literal
1035449206	on	301006000	m60_00_00_00	literal
1035449207	on	301006000	m60_00_00_00	literal
1035449208	on	301006000	m60_00_00_00	literal
1035449215	on	301006000	m60_00_00_00	literal
1035449216	on	301006000	m60_00_00_00	literal
1035449225	on	301006000	m60_00_00_00	literal
1035449226	on	301006000	m60_00_00_00	literal
1035449227	on	301006000	m60_00_00_00	literal
1035452700	on	801176000	m60_00_00_00	arg
1035452705	on	801176000	m60_00_00_00	arg
1035452707	on	801176000	m60_00_00_00	arg
1035459200	on	801176000	m60_00_00_00	arg
1035459205	on	801176000	m60_00_00_00	arg
1035469206	on	318001110	m11_10_00_00	literal
1035469206	on	318006000	m60_00_00_00	literal
1035469207	on	318001110	m11_10_00_00	literal
1035469207	on	318006000	m60_00_00_00	literal
1035469208	on	318001110	m11_10_00_00	literal
1035469208	on	318006000	m60_00_00_00	literal
1035502703	on	307106000	m60_00_00_00	arg
1035509205	on	307106000	m60_00_00_00	arg
1035509206	on	307106000	m60_00_00_00	arg
1035509210	on	307106000	m60_00_00_00	arg
1035509211	on	307106000	m60_00_00_00	arg
1035532702	off	220001300	m13_00_00_00	literal
1035532702	off	220003207	m32_07_00_00	literal
1035532702	off	220006000	m60_00_00_00	literal
1035532702	off	220016000	m60_00_00_00	literal
1035532702	off	220026000	m60_00_00_00	literal
1035532702	off	220036000	m60_00_00_00	literal
1035532703	on	220001300	m13_00_00_00	arg
1035532703	on	220003207	m32_07_00_00	arg
1035532703	on	220006000	m60_00_00_00	arg
1035532703	on	220016000	m60_00_00_00	arg
1035532703	on	220026000	m60_00_00_00	arg
1035532703	on	220036000	m60_00_00_00	arg
1035532709	on	220001300	m13_00_00_00	literal
1035532709	on	220003207	m32_07_00_00	literal
1035532709	on	220006000	m60_00_00_00	literal
1035532709	on	220016000	m60_00_00_00	literal
1035532709	on	220026000	m60_00_00_00	literal
1035539204	on	220036000	m60_00_00_00	literal
1035539205	on	220001300	m13_00_00_00	literal
1035539205	on	220003207	m32_07_00_00	literal
1035539205	on	220006000	m60_00_00_00	literal
1035539205	on	220016000	m60_00_00_00	literal
1035539205	on	220026000	m60_00_00_00	literal
1035539205	on	220036000	m60_00_00_00	literal
1035539209	on	220001300	m13_00_00_00	literal
1035539209	on	220003207	m32_07_00_00	literal
1035539209	on	220006000	m60_00_00_00	literal
1035539209	on	220016000	m60_00_00_00	literal
1035539209	on	220026000	m60_00_00_00	literal
1035539209	on	220036000	m60_00_00_00	literal
1035542700	off	702226000	m60_00_00_00	literal
1035542701	off	702226000	m60_00_00_00	literal
1035542701	on	702226000	m60_00_00_00	literal
1035542702	on	702226000	m60_00_00_00	literal
1035549201	on	702226000	m60_00_00_00	literal
1035549202	on	702226000	m60_00_00_00	literal
1036412701	on	228006000	m60_00_00_00	literal
1036412702	on	228006000	m60_00_00_00	literal
1036412703	off	228006000	m60_00_00_00	literal
1036412703	on	228006000	m60_00_00_00	literal
1036419203	on	228006000	m60_00_00_00	literal
1036419205	on	228006000	m60_00_00_00	literal
1036419206	on	228006000	m60_00_00_00	literal
1036419207	on	228006000	m60_00_00_00	literal
1036419208	on	228006000	m60_00_00_00	literal
1036419209	on	228006000	m60_00_00_00	arg
1036419209	on	228006000	m60_00_00_00	literal
1036419210	on	228006000	m60_00_00_00	literal
1036419211	on	228006000	m60_00_00_00	literal
1036432700	on	331006000	m60_00_00_00	literal
1036432701	on	331006000	m60_00_00_00	literal
1036432702	on	331006000	m60_00_00_00	literal
1036432703	on	331006000	m60_00_00_00	literal
1036439203	on	331006000	m60_00_00_00	literal
1036439205	on	331006000	m60_00_00_00	literal
1036439206	on	331006000	m60_00_00_00	literal
1036439207	on	331006000	m60_00_00_00	literal
1036439208	on	331006000	m60_00_00_00	literal
1036439209	on	331006000	m60_00_00_00	literal
1036439210	on	331006000	m60_00_00_00	arg
1036439210	on	331006000	m60_00_00_00	literal
1036439211	on	331006000	m60_00_00_00	literal
1036439212	on	331006000	m60_00_00_00	literal
1036439213	on	331006000	m60_00_00_00	arg
1036439214	on	331006000	m60_00_00_00	literal
1036449200	on	101236000	m60_00_00_00	arg
1036479200	on	603016000	m60_00_00_00	arg
1036489205	off	223001100	m11_00_00_00	literal
1036489205	off	223001105	m11_05_00_00	literal
1036489205	off	223001400	m14_00_00_00	literal
1036489205	off	223003115	m31_15_00_00	literal
1036489205	off	223006000	m60_00_00_00	literal
1036489205	on	223001100	m11_00_00_00	literal
1036489205	on	223001105	m11_05_00_00	literal
1036489205	on	223001400	m14_00_00_00	literal
1036489205	on	223003115	m31_15_00_00	literal
1036489205	on	223006000	m60_00_00_00	literal
1036489206	on	223001100	m11_00_00_00	arg
1036489206	on	223001105	m11_05_00_00	arg
1036489206	on	223001400	m14_00_00_00	arg
1036489206	on	223003115	m31_15_00_00	arg
1036489206	on	223006000	m60_00_00_00	arg
1036489207	off	223001100	m11_00_00_00	literal
1036489207	off	223001105	m11_05_00_00	literal
1036489207	off	223001400	m14_00_00_00	literal
1036489207	off	223003115	m31_15_00_00	literal
1036489207	off	223006000	m60_00_00_00	literal
1036489207	on	223001100	m11_00_00_00	literal
1036489207	on	223001105	m11_05_00_00	literal
1036489207	on	223001400	m14_00_00_00	literal
1036489207	on	223003115	m31_15_00_00	literal
1036489207	on	223006000	m60_00_00_00	literal
1036489208	on	223001100	m11_00_00_00	arg
1036489208	on	223001105	m11_05_00_00	arg
1036489208	on	223001400	m14_00_00_00	arg
1036489208	on	223003115	m31_15_00_00	arg
1036489208	on	223006000	m60_00_00_00	arg
1036489209	off	223001100	m11_00_00_00	literal
1036489209	off	223001105	m11_05_00_00	literal
1036489209	off	223001400	m14_00_00_00	literal
1036489209	off	223003115	m31_15_00_00	literal
1036489209	off	223006000	m60_00_00_00	literal
1036489209	on	223001100	m11_00_00_00	literal
1036489209	on	223001105	m11_05_00_00	literal
1036489209	on	223001400	m14_00_00_00	literal
1036489209	on	223003115	m31_15_00_00	literal
1036489209	on	223006000	m60_00_00_00	literal
1036489210	on	223001100	m11_00_00_00	arg
1036489210	on	223001105	m11_05_00_00	arg
1036489210	on	223001400	m14_00_00_00	arg
1036489210	on	223003115	m31_15_00_00	arg
1036489210	on	223006000	m60_00_00_00	arg
1036489211	on	223001100	m11_00_00_00	literal
1036489211	on	223001105	m11_05_00_00	literal
1036489211	on	223001400	m14_00_00_00	literal
1036489211	on	223003115	m31_15_00_00	literal
1036489211	on	223006000	m60_00_00_00	literal
1036489250	off	000001000	m00_00_00_00	literal
1036489250	on	000001000	m00_00_00_00	literal
1036489251	on	000003000	m00_00_00_00	arg
1036489300	on	101206000	m60_00_00_00	literal
1036492700	on	310003500	m35_00_00_00	arg
1036492700	on	310006000	m60_00_00_00	arg
1036492701	on	310003500	m35_00_00_00	arg
1036492701	on	310006000	m60_00_00_00	arg
1036492715	on	801186000	m60_00_00_00	arg
1036499202	on	310003500	m35_00_00_00	arg
1036499202	on	310006000	m60_00_00_00	arg
1036499205	on	310003500	m35_00_00_00	arg
1036499205	on	310006000	m60_00_00_00	arg
1036499206	on	310003500	m35_00_00_00	literal
1036499206	on	310006000	m60_00_00_00	literal
1036499207	on	310003500	m35_00_00_00	arg
1036499207	on	310003500	m35_00_00_00	literal
1036499207	on	310006000	m60_00_00_00	arg
1036499207	on	310006000	m60_00_00_00	literal
1036499250	on	801186000	m60_00_00_00	arg
1036499255	on	801186000	m60_00_00_00	arg
1037422701	on	313001600	m16_00_00_00	literal
1037422701	on	313006000	m60_00_00_00	literal
1037422703	on	313001600	m16_00_00_00	literal
1037422703	on	313006000	m60_00_00_00	literal
1037422705	on	313001600	m16_00_00_00	literal
1037422705	on	313006000	m60_00_00_00	literal
1037422707	on	313001600	m16_00_00_00	literal
1037422707	on	313006000	m60_00_00_00	literal
1037422709	on	313001600	m16_00_00_00	conditional
1037422709	on	313001600	m16_00_00_00	literal
1037422709	on	313006000	m60_00_00_00	conditional
1037422709	on	313006000	m60_00_00_00	literal
1037422710	on	800001100	m11_00_00_00	literal
1037422710	on	800003500	m35_00_00_00	literal
1037422710	on	800006000	m60_00_00_00	literal
1037422720	on	313001600	m16_00_00_00	literal
1037422720	on	313006000	m60_00_00_00	literal
1037422721	on	313001600	m16_00_00_00	literal
1037422721	on	313006000	m60_00_00_00	literal
1037422730	on	309001600	m16_00_00_00	arg
1037422730	on	309001600	m16_00_00_00	literal
1037422730	on	309003100	m31_00_00_00	arg
1037422730	on	309003100	m31_00_00_00	literal
1037422730	on	309006000	m60_00_00_00	arg
1037422730	on	309006000	m60_00_00_00	literal
1037422732	on	309001600	m16_00_00_00	literal
1037422732	on	309003100	m31_00_00_00	literal
1037422732	on	309006000	m60_00_00_00	literal
1037422733	on	309001600	m16_00_00_00	literal
1037422733	on	309003100	m31_00_00_00	literal
1037422733	on	309006000	m60_00_00_00	literal
1037429205	on	313001600	m16_00_00_00	literal
1037429205	on	313006000	m60_00_00_00	literal
1037429207	on	313001600	m16_00_00_00	literal
1037429207	on	313006000	m60_00_00_00	literal
1037429209	on	313001600	m16_00_00_00	literal
1037429209	on	313006000	m60_00_00_00	literal
1037429210	on	313001600	m16_00_00_00	literal
1037429210	on	313006000	m60_00_00_00	literal
1037429211	on	313001600	m16_00_00_00	literal
1037429211	on	313006000	m60_00_00_00	literal
1037429255	on	800001100	m11_00_00_00	literal
1037429255	on	800003500	m35_00_00_00	literal
1037429255	on	800006000	m60_00_00_00	literal
1037429256	on	800001100	m11_00_00_00	literal
1037429256	on	800003500	m35_00_00_00	literal
1037429256	on	800006000	m60_00_00_00	literal
1037429258	off	800001100	m11_00_00_00	literal
1037429258	off	800003500	m35_00_00_00	literal
1037429258	off	800006000	m60_00_00_00	literal
1037429258	on	800001100	m11_00_00_00	literal
1037429258	on	800003500	m35_00_00_00	literal
1037429258	on	800006000	m60_00_00_00	literal
1037429260	on	800001100	m11_00_00_00	literal
1037429260	on	800003500	m35_00_00_00	literal
1037429260	on	800006000	m60_00_00_00	literal
1037429261	on	800001100	m11_00_00_00	literal
1037429261	on	800003500	m35_00_00_00	literal
1037429261	on	800006000	m60_00_00_00	literal
1037429262	on	800001100	m11_00_00_00	literal
1037429262	on	800003500	m35_00_00_00	literal
1037429262	on	800006000	m60_00_00_00	literal
1037429263	on	800001100	m11_00_00_00	literal
1037429263	on	800003500	m35_00_00_00	literal
1037429263	on	800006000	m60_00_00_00	literal
1037429264	off	800001100	m11_00_00_00	literal
1037429264	off	800003500	m35_00_00_00	literal
1037429264	off	800006000	m60_00_00_00	literal
1037429264	on	800001100	m11_00_00_00	literal
1037429264	on	800003500	m35_00_00_00	literal
1037429264	on	800006000	m60_00_00_00	literal
1037429265	off	800001100	m11_00_00_00	literal
1037429265	off	800003500	m35_00_00_00	literal
1037429265	off	800006000	m60_00_00_00	literal
1037429265	on	800001100	m11_00_00_00	literal
1037429265	on	800003500	m35_00_00_00	literal
1037429265	on	800006000	m60_00_00_00	literal
1037429266	off	800001100	m11_00_00_00	literal
1037429266	off	800003500	m35_00_00_00	literal
1037429266	off	800006000	m60_00_00_00	literal
1037429266	on	800001100	m11_00_00_00	literal
1037429266	on	800003500	m35_00_00_00	literal
1037429266	on	800006000	m60_00_00_00	literal
1037429267	off	800001100	m11_00_00_00	literal
1037429267	off	800003500	m35_00_00_00	literal
1037429267	off	800006000	m60_00_00_00	literal
1037429267	on	800001100	m11_00_00_00	literal
1037429267	on	800003500	m35_00_00_00	literal
1037429267	on	800006000	m60_00_00_00	literal
1037442700	on	314001110	m11_10_00_00	literal
1037442700	on	314001600	m16_00_00_00	literal
1037442700	on	314006000	m60_00_00_00	literal
1037449205	on	314001110	m11_10_00_00	literal
1037449205	on	314001600	m16_00_00_00	literal
1037449205	on	314006000	m60_00_00_00	literal
1037460701	on	330006000	m60_00_00_00	literal
1037462710	on	330006000	m60_00_00_00	arg
1037462711	on	330006000	m60_00_00_00	arg
1037462712	on	330006000	m60_00_00_00	arg
1037462713	on	330006000	m60_00_00_00	arg
1037462714	on	330006000	m60_00_00_00	arg
1037462715	off	330006000	m60_00_00_00	literal
1037462715	on	330006000	m60_00_00_00	literal
1037462719	on	330006000	m60_00_00_00	literal
1037469256	on	330006000	m60_00_00_00	arg
1037469257	on	330006000	m60_00_00_00	arg
1037469259	on	330006000	m60_00_00_00	arg
1037469259	on	330006000	m60_00_00_00	literal
1037469260	off	330006000	m60_00_00_00	literal
1037469260	on	330006000	m60_00_00_00	literal
1037469261	on	330006000	m60_00_00_00	arg
1037469262	off	330006000	m60_00_00_00	literal
1037469262	on	330006000	m60_00_00_00	literal
1037469263	on	330006000	m60_00_00_00	arg
1037469264	on	330006000	m60_00_00_00	arg
1037469265	on	330006000	m60_00_00_00	arg
1037469266	on	330006000	m60_00_00_00	arg
1037469267	on	330006000	m60_00_00_00	arg
1037469268	on	330006000	m60_00_00_00	arg
1037469270	off	330006000	m60_00_00_00	literal
1037469270	on	330006000	m60_00_00_00	literal
1037469271	off	330006000	m60_00_00_00	literal
1037469271	on	330006000	m60_00_00_00	conditional
1037469272	off	330006000	m60_00_00_00	literal
1037469272	on	330006000	m60_00_00_00	literal
1037469273	off	330006000	m60_00_00_00	literal
1037469273	on	330006000	m60_00_00_00	literal
1037469274	off	330006000	m60_00_00_00	literal
1037469274	on	330006000	m60_00_00_00	literal
1037469275	off	330006000	m60_00_00_00	literal
1037469275	on	330006000	m60_00_00_00	literal
1037469289	on	330016000	m60_00_00_00	literal
1037489200	on	603216000	m60_00_00_00	arg
1037519200	off	000001000	m00_00_00_00	literal
1037519200	on	000001000	m00_00_00_00	literal
1037519201	on	000003000	m00_00_00_00	arg
1037542702	on	309001600	m16_00_00_00	literal
1037542702	on	309003100	m31_00_00_00	literal
1037542702	on	309006000	m60_00_00_00	literal
1037542703	on	309001600	m16_00_00_00	literal
1037542703	on	309003100	m31_00_00_00	literal
1037542703	on	309006000	m60_00_00_00	literal
1037542712	on	801216000	m60_00_00_00	arg
1037542715	on	801216000	m60_00_00_00	arg
1037542717	on	801216000	m60_00_00_00	arg
1037549206	on	309001600	m16_00_00_00	literal
1037549206	on	309003100	m31_00_00_00	literal
1037549206	on	309006000	m60_00_00_00	literal
1037549207	on	309001600	m16_00_00_00	literal
1037549207	on	309003100	m31_00_00_00	literal
1037549207	on	309006000	m60_00_00_00	literal
1037549209	off	309001600	m16_00_00_00	literal
1037549209	off	309003100	m31_00_00_00	literal
1037549209	off	309006000	m60_00_00_00	literal
1037549213	on	309001600	m16_00_00_00	conditional
1037549213	on	309003100	m31_00_00_00	conditional
1037549213	on	309006000	m60_00_00_00	conditional
1037549250	on	801216000	m60_00_00_00	arg
1037549255	on	801216000	m60_00_00_00	arg
1038412700	on	310003500	m35_00_00_00	arg
1038412700	on	310006000	m60_00_00_00	arg
1038412701	on	310003500	m35_00_00_00	arg
1038412701	on	310006000	m60_00_00_00	arg
1038419200	on	310006000	m60_00_00_00	literal
1038419202	on	310003500	m35_00_00_00	arg
1038419202	on	310006000	m60_00_00_00	arg
1038419205	on	310003500	m35_00_00_00	arg
1038419205	on	310006000	m60_00_00_00	arg
1038419255	on	309001600	m16_00_00_00	literal
1038419255	on	309003100	m31_00_00_00	literal
1038419255	on	309006000	m60_00_00_00	literal
1038419258	on	309001600	m16_00_00_00	literal
1038419258	on	309003100	m31_00_00_00	literal
1038419258	on	309006000	m60_00_00_00	literal
1038419259	on	309001600	m16_00_00_00	literal
1038419259	on	309003100	m31_00_00_00	literal
1038419259	on	309006000	m60_00_00_00	literal
1038419262	off	309001600	m16_00_00_00	literal
1038419262	off	309003100	m31_00_00_00	literal
1038419262	off	309006000	m60_00_00_00	literal
1038419262	on	309001600	m16_00_00_00	literal
1038419262	on	309003100	m31_00_00_00	literal
1038419262	on	309006000	m60_00_00_00	literal
1038419263	off	309001600	m16_00_00_00	literal
1038419263	off	309003100	m31_00_00_00	literal
1038419263	off	309006000	m60_00_00_00	literal
1038419263	on	309001600	m16_00_00_00	literal
1038419263	on	309003100	m31_00_00_00	literal
1038419263	on	309006000	m60_00_00_00	literal
1038419265	off	309001600	m16_00_00_00	literal
1038419265	off	309003100	m31_00_00_00	literal
1038419265	off	309006000	m60_00_00_00	literal
1038419266	on	309001600	m16_00_00_00	literal
1038419266	on	309003100	m31_00_00_00	literal
1038419266	on	309006000	m60_00_00_00	literal
1038419267	on	309001600	m16_00_00_00	conditional
1038419267	on	309003100	m31_00_00_00	conditional
1038419267	on	309006000	m60_00_00_00	conditional
1038432700	on	310003500	m35_00_00_00	arg
1038432700	on	310006000	m60_00_00_00	arg
1038432701	on	310003500	m35_00_00_00	arg
1038432701	on	310006000	m60_00_00_00	arg
1038439200	on	310006000	m60_00_00_00	literal
1038439202	on	310003500	m35_00_00_00	arg
1038439202	on	310006000	m60_00_00_00	arg
1038439205	on	310003500	m35_00_00_00	arg
1038439205	on	310006000	m60_00_00_00	arg
1038439206	on	310003500	m35_00_00_00	arg
1038439206	on	310006000	m60_00_00_00	arg
1038439207	on	310003500	m35_00_00_00	arg
1038439207	on	310006000	m60_00_00_00	arg
1038439209	on	310003500	m35_00_00_00	arg
1038439209	on	310006000	m60_00_00_00	arg
1038479200	on	603206000	m60_00_00_00	arg
1038502705	off	313001600	m16_00_00_00	arg
1038502705	off	313006000	m60_00_00_00	arg
1038502705	on	313001600	m16_00_00_00	arg
1038502705	on	313006000	m60_00_00_00	arg
1038502708	off	313001600	m16_00_00_00	arg
1038502708	off	313006000	m60_00_00_00	arg
1038502708	on	313001600	m16_00_00_00	arg
1038502708	on	313006000	m60_00_00_00	arg
1038509250	off	000001000	m00_00_00_00	literal
1038509250	on	000001000	m00_00_00_00	literal
1038509251	on	000003000	m00_00_00_00	arg
1038509252	on	000003000	m00_00_00_00	arg
1038512701	on	313001600	m16_00_00_00	literal
1038512701	on	313006000	m60_00_00_00	literal
1038512703	on	313001600	m16_00_00_00	literal
1038512703	on	313006000	m60_00_00_00	literal
1038512705	on	313001600	m16_00_00_00	conditional
1038512705	on	313001600	m16_00_00_00	literal
1038512705	on	313006000	m60_00_00_00	conditional
1038512705	on	313006000	m60_00_00_00	literal
1038512706	on	313001600	m16_00_00_00	literal
1038512706	on	313006000	m60_00_00_00	literal
1038512707	on	313001600	m16_00_00_00	literal
1038512707	on	313006000	m60_00_00_00	literal
1038512725	off	313001600	m16_00_00_00	arg
1038512725	off	313006000	m60_00_00_00	arg
1038512725	on	313001600	m16_00_00_00	arg
1038512725	on	313006000	m60_00_00_00	arg
1038512728	off	313001600	m16_00_00_00	arg
1038512728	off	313006000	m60_00_00_00	arg
1038512728	on	313001600	m16_00_00_00	arg
1038512728	on	313006000	m60_00_00_00	arg
1038519205	on	313001600	m16_00_00_00	literal
1038519205	on	313006000	m60_00_00_00	literal
1038519206	on	313001600	m16_00_00_00	literal
1038519206	on	313006000	m60_00_00_00	literal
1038519256	other	348001500	m15_00_00_00	rawsense-1
1038519256	other	348006000	m60_00_00_00	rawsense-1
1038519257	on	348001500	m15_00_00_00	literal
1038519257	on	348006000	m60_00_00_00	literal
1038519258	other	348001500	m15_00_00_00	rawsense-1
1038519258	other	348006000	m60_00_00_00	rawsense-1
1039392701	on	333006000	m60_00_00_00	arg
1039392702	on	333006000	m60_00_00_00	literal
1039392703	on	333006000	m60_00_00_00	arg
1039392704	off	333006000	m60_00_00_00	literal
1039392704	on	333006000	m60_00_00_00	literal
1039399203	on	333006000	m60_00_00_00	arg
1039399205	on	333006000	m60_00_00_00	literal
1039399206	on	333006000	m60_00_00_00	literal
1039399207	on	333006000	m60_00_00_00	literal
1039399208	off	333006000	m60_00_00_00	literal
1039399208	on	333006000	m60_00_00_00	literal
1039399209	off	333006000	m60_00_00_00	literal
1039399209	on	333006000	m60_00_00_00	literal
1039399210	off	333006000	m60_00_00_00	literal
1039399210	on	333006000	m60_00_00_00	literal
1039399211	off	333006000	m60_00_00_00	literal
1039399211	on	333006000	m60_00_00_00	literal
1039399213	on	333006000	m60_00_00_00	literal
1039399214	on	333006000	m60_00_00_00	literal
1039399215	on	333006000	m60_00_00_00	literal
1039399216	on	333006000	m60_00_00_00	literal
1039399220	on	333006000	m60_00_00_00	literal
1039399221	on	333006000	m60_00_00_00	literal
1039399223	off	333006000	m60_00_00_00	literal
1039399223	on	333006000	m60_00_00_00	literal
1039399225	on	333006000	m60_00_00_00	literal
1039399226	off	333006000	m60_00_00_00	literal
1039399226	on	333006000	m60_00_00_00	literal
1039402700	on	310003500	m35_00_00_00	arg
1039402700	on	310006000	m60_00_00_00	arg
1039402701	on	310003500	m35_00_00_00	arg
1039402701	on	310006000	m60_00_00_00	arg
1039402711	off	223001100	m11_00_00_00	literal
1039402711	off	223001105	m11_05_00_00	literal
1039402711	off	223001400	m14_00_00_00	literal
1039402711	off	223003115	m31_15_00_00	literal
1039402711	off	223006000	m60_00_00_00	literal
1039402711	on	223001100	m11_00_00_00	literal
1039402711	on	223001105	m11_05_00_00	literal
1039402711	on	223001400	m14_00_00_00	literal
1039402711	on	223003115	m31_15_00_00	literal
1039402711	on	223006000	m60_00_00_00	literal
1039402712	off	223001100	m11_00_00_00	literal
1039402712	off	223001105	m11_05_00_00	literal
1039402712	off	223001400	m14_00_00_00	literal
1039402712	off	223003115	m31_15_00_00	literal
1039402712	off	223006000	m60_00_00_00	literal
1039402712	on	223001100	m11_00_00_00	literal
1039402712	on	223001105	m11_05_00_00	literal
1039402712	on	223001400	m14_00_00_00	literal
1039402712	on	223003115	m31_15_00_00	literal
1039402712	on	223006000	m60_00_00_00	literal
1039409202	on	310003500	m35_00_00_00	arg
1039409202	on	310006000	m60_00_00_00	arg
1039409205	on	310003500	m35_00_00_00	arg
1039409205	on	310006000	m60_00_00_00	arg
1039409206	on	310003500	m35_00_00_00	arg
1039409206	on	310006000	m60_00_00_00	arg
1039409255	on	223001100	m11_00_00_00	arg
1039409255	on	223001105	m11_05_00_00	arg
1039409255	on	223001400	m14_00_00_00	arg
1039409255	on	223003115	m31_15_00_00	arg
1039409255	on	223006000	m60_00_00_00	arg
1039409256	off	223001100	m11_00_00_00	literal
1039409256	off	223001105	m11_05_00_00	literal
1039409256	off	223001400	m14_00_00_00	literal
1039409256	off	223003115	m31_15_00_00	literal
1039409256	off	223006000	m60_00_00_00	literal
1039409256	on	223001100	m11_00_00_00	literal
1039409256	on	223001105	m11_05_00_00	literal
1039409256	on	223001400	m14_00_00_00	literal
1039409256	on	223003115	m31_15_00_00	literal
1039409256	on	223006000	m60_00_00_00	literal
1039409257	on	223001100	m11_00_00_00	arg
1039409257	on	223001105	m11_05_00_00	arg
1039409257	on	223001400	m14_00_00_00	arg
1039409257	on	223003115	m31_15_00_00	arg
1039409257	on	223006000	m60_00_00_00	arg
1039409258	off	223001100	m11_00_00_00	literal
1039409258	off	223001105	m11_05_00_00	literal
1039409258	off	223001400	m14_00_00_00	literal
1039409258	off	223003115	m31_15_00_00	literal
1039409258	off	223006000	m60_00_00_00	literal
1039409258	on	223001100	m11_00_00_00	literal
1039409258	on	223001105	m11_05_00_00	literal
1039409258	on	223001400	m14_00_00_00	literal
1039409258	on	223003115	m31_15_00_00	literal
1039409258	on	223006000	m60_00_00_00	literal
1039409259	on	223001100	m11_00_00_00	literal
1039409259	on	223001105	m11_05_00_00	literal
1039409259	on	223001400	m14_00_00_00	literal
1039409259	on	223003115	m31_15_00_00	literal
1039409259	on	223006000	m60_00_00_00	literal
1039409260	on	223001100	m11_00_00_00	arg
1039409260	on	223001105	m11_05_00_00	arg
1039409260	on	223001400	m14_00_00_00	arg
1039409260	on	223003115	m31_15_00_00	arg
1039409260	on	223006000	m60_00_00_00	arg
1039409261	off	223001100	m11_00_00_00	literal
1039409261	off	223001105	m11_05_00_00	literal
1039409261	off	223001400	m14_00_00_00	literal
1039409261	off	223003115	m31_15_00_00	literal
1039409261	off	223006000	m60_00_00_00	literal
1039409261	on	223001100	m11_00_00_00	literal
1039409261	on	223001105	m11_05_00_00	literal
1039409261	on	223001400	m14_00_00_00	literal
1039409261	on	223003115	m31_15_00_00	literal
1039409261	on	223006000	m60_00_00_00	literal
1039442703	on	220001300	m13_00_00_00	arg
1039442703	on	220003207	m32_07_00_00	arg
1039442703	on	220006000	m60_00_00_00	arg
1039442703	on	220016000	m60_00_00_00	arg
1039442703	on	220026000	m60_00_00_00	arg
1039442704	on	220001300	m13_00_00_00	arg
1039442704	on	220003207	m32_07_00_00	arg
1039442704	on	220006000	m60_00_00_00	arg
1039442704	on	220016000	m60_00_00_00	arg
1039442704	on	220026000	m60_00_00_00	arg
1039442705	on	220001300	m13_00_00_00	literal
1039442705	on	220003207	m32_07_00_00	literal
1039442705	on	220006000	m60_00_00_00	literal
1039442705	on	220016000	m60_00_00_00	literal
1039442705	on	220026000	m60_00_00_00	literal
1039442710	on	226006000	m60_00_00_00	arg
1039442711	on	226006000	m60_00_00_00	arg
1039442712	on	226006000	m60_00_00_00	literal
1039442713	on	226006000	m60_00_00_00	literal
1039442716	off	226006000	m60_00_00_00	literal
1039442721	on	314001110	m11_10_00_00	literal
1039442721	on	314001600	m16_00_00_00	literal
1039442721	on	314006000	m60_00_00_00	literal
1039449205	on	220001300	m13_00_00_00	literal
1039449205	on	220003207	m32_07_00_00	literal
1039449205	on	220006000	m60_00_00_00	literal
1039449205	on	220016000	m60_00_00_00	literal
1039449205	on	220026000	m60_00_00_00	literal
1039449206	on	220001300	m13_00_00_00	literal
1039449206	on	220003207	m32_07_00_00	literal
1039449206	on	220006000	m60_00_00_00	literal
1039449206	on	220016000	m60_00_00_00	literal
1039449206	on	220026000	m60_00_00_00	literal
1039449208	on	220001300	m13_00_00_00	literal
1039449208	on	220003207	m32_07_00_00	literal
1039449208	on	220006000	m60_00_00_00	literal
1039449208	on	220016000	m60_00_00_00	literal
1039449208	on	220026000	m60_00_00_00	literal
1039449209	on	220001300	m13_00_00_00	literal
1039449209	on	220003207	m32_07_00_00	literal
1039449209	on	220006000	m60_00_00_00	literal
1039449209	on	220016000	m60_00_00_00	literal
1039449209	on	220026000	m60_00_00_00	literal
1039449210	on	220001300	m13_00_00_00	literal
1039449210	on	220003207	m32_07_00_00	literal
1039449210	on	220006000	m60_00_00_00	literal
1039449210	on	220016000	m60_00_00_00	literal
1039449210	on	220026000	m60_00_00_00	literal
1039449211	on	220001300	m13_00_00_00	arg
1039449211	on	220003207	m32_07_00_00	arg
1039449211	on	220006000	m60_00_00_00	arg
1039449211	on	220016000	m60_00_00_00	arg
1039449211	on	220026000	m60_00_00_00	arg
1039449214	on	220001300	m13_00_00_00	arg
1039449214	on	220003207	m32_07_00_00	arg
1039449214	on	220006000	m60_00_00_00	arg
1039449214	on	220016000	m60_00_00_00	arg
1039449214	on	220026000	m60_00_00_00	arg
1039449253	on	226006000	m60_00_00_00	literal
1039449255	on	226006000	m60_00_00_00	literal
1039449256	on	226006000	m60_00_00_00	literal
1039449258	other	226006000	m60_00_00_00	rawsense-1
1039449260	on	226006000	m60_00_00_00	literal
1039449261	on	226006000	m60_00_00_00	literal
1039449263	on	226006000	m60_00_00_00	literal
1039449265	on	226006000	m60_00_00_00	literal
1039449266	on	226006000	m60_00_00_00	literal
1039449270	on	226006000	m60_00_00_00	literal
1039449280	on	226006000	m60_00_00_00	literal
1039449282	on	226006000	m60_00_00_00	literal
1039449285	on	226006000	m60_00_00_00	literal
1039449289	on	226006000	m60_00_00_00	literal
1039449290	on	226006000	m60_00_00_00	literal
1039449291	on	226006000	m60_00_00_00	literal
1039449305	on	314001110	m11_10_00_00	literal
1039449305	on	314001600	m16_00_00_00	literal
1039449305	on	314006000	m60_00_00_00	literal
1039449315	on	314001110	m11_10_00_00	literal
1039449315	on	314001600	m16_00_00_00	literal
1039449315	on	314006000	m60_00_00_00	literal
1039519205	on	223001100	m11_00_00_00	literal
1039519205	on	223001105	m11_05_00_00	literal
1039519205	on	223001400	m14_00_00_00	literal
1039519205	on	223003115	m31_15_00_00	literal
1039519205	on	223006000	m60_00_00_00	literal
1039519206	on	223001100	m11_00_00_00	arg
1039519206	on	223001105	m11_05_00_00	arg
1039519206	on	223001400	m14_00_00_00	arg
1039519206	on	223003115	m31_15_00_00	arg
1039519206	on	223006000	m60_00_00_00	arg
1039519207	off	223001100	m11_00_00_00	literal
1039519207	off	223001105	m11_05_00_00	literal
1039519207	off	223001400	m14_00_00_00	literal
1039519207	off	223003115	m31_15_00_00	literal
1039519207	off	223006000	m60_00_00_00	literal
1039519207	on	223001100	m11_00_00_00	literal
1039519207	on	223001105	m11_05_00_00	literal
1039519207	on	223001400	m14_00_00_00	literal
1039519207	on	223003115	m31_15_00_00	literal
1039519207	on	223006000	m60_00_00_00	literal
1039519208	off	223001100	m11_00_00_00	literal
1039519208	off	223001105	m11_05_00_00	literal
1039519208	off	223001400	m14_00_00_00	literal
1039519208	off	223003115	m31_15_00_00	literal
1039519208	off	223006000	m60_00_00_00	literal
1039519208	on	223001100	m11_00_00_00	literal
1039519208	on	223001105	m11_05_00_00	literal
1039519208	on	223001400	m14_00_00_00	literal
1039519208	on	223003115	m31_15_00_00	literal
1039519208	on	223006000	m60_00_00_00	literal
1039519250	off	000001000	m00_00_00_00	literal
1039519250	on	000001000	m00_00_00_00	literal
1039519251	on	000003000	m00_00_00_00	arg
1039529205	on	318001110	m11_10_00_00	literal
1039529205	on	318006000	m60_00_00_00	literal
1039549205	on	309001600	m16_00_00_00	literal
1039549205	on	309003100	m31_00_00_00	literal
1039549205	on	309006000	m60_00_00_00	literal
1039549206	on	309001600	m16_00_00_00	literal
1039549206	on	309003100	m31_00_00_00	literal
1039549206	on	309006000	m60_00_00_00	literal
1039549207	on	309001600	m16_00_00_00	literal
1039549207	on	309003100	m31_00_00_00	literal
1039549207	on	309006000	m60_00_00_00	literal
1040522710	on	351001100	m11_00_00_00	arg
1040522710	on	351001105	m11_05_00_00	arg
1040522710	on	351001110	m11_10_00_00	arg
1040522710	on	351006000	m60_00_00_00	arg
1040522711	on	351001100	m11_00_00_00	arg
1040522711	on	351001105	m11_05_00_00	arg
1040522711	on	351001110	m11_10_00_00	arg
1040522711	on	351006000	m60_00_00_00	arg
1040522712	on	351001100	m11_00_00_00	literal
1040522712	on	351001105	m11_05_00_00	literal
1040522712	on	351001110	m11_10_00_00	literal
1040522712	on	351006000	m60_00_00_00	literal
1040522720	on	801206000	m60_00_00_00	arg
1040522725	on	801206000	m60_00_00_00	arg
1040529253	on	351001100	m11_00_00_00	arg
1040529253	on	351001105	m11_05_00_00	arg
1040529253	on	351001110	m11_10_00_00	arg
1040529253	on	351006000	m60_00_00_00	arg
1040529255	other	351001100	m11_00_00_00	rawsense-1
1040529255	other	351001105	m11_05_00_00	rawsense-1
1040529255	other	351001110	m11_10_00_00	rawsense-1
1040529255	other	351006000	m60_00_00_00	rawsense-1
1040529256	off	351001100	m11_00_00_00	literal
1040529256	off	351001105	m11_05_00_00	literal
1040529256	off	351001110	m11_10_00_00	literal
1040529256	off	351006000	m60_00_00_00	literal
1040529256	on	351001100	m11_00_00_00	literal
1040529256	on	351001105	m11_05_00_00	literal
1040529256	on	351001110	m11_10_00_00	literal
1040529256	on	351006000	m60_00_00_00	literal
1040529258	off	351001100	m11_00_00_00	literal
1040529258	off	351001105	m11_05_00_00	literal
1040529258	off	351001110	m11_10_00_00	literal
1040529258	off	351006000	m60_00_00_00	literal
1040529258	on	351001100	m11_00_00_00	literal
1040529258	on	351001105	m11_05_00_00	literal
1040529258	on	351001110	m11_10_00_00	literal
1040529258	on	351006000	m60_00_00_00	literal
1040529259	on	351001100	m11_00_00_00	literal
1040529259	on	351001105	m11_05_00_00	literal
1040529259	on	351001110	m11_10_00_00	literal
1040529259	on	351006000	m60_00_00_00	literal
1040529300	on	801206000	m60_00_00_00	arg
1040529305	on	801206000	m60_00_00_00	arg
1040529350	on	101306000	m60_00_00_00	arg
1040542702	on	351001100	m11_00_00_00	literal
1040542702	on	351001105	m11_05_00_00	literal
1040542702	on	351001110	m11_10_00_00	literal
1040542702	on	351006000	m60_00_00_00	literal
1040549205	on	351001100	m11_00_00_00	literal
1040549205	on	351001105	m11_05_00_00	literal
1040549205	on	351001110	m11_10_00_00	literal
1040549205	on	351006000	m60_00_00_00	literal
1040549206	off	351001100	m11_00_00_00	literal
1040549206	off	351001105	m11_05_00_00	literal
1040549206	off	351001110	m11_10_00_00	literal
1040549206	off	351006000	m60_00_00_00	literal
1040549206	on	351001100	m11_00_00_00	literal
1040549206	on	351001105	m11_05_00_00	literal
1040549206	on	351001110	m11_10_00_00	literal
1040549206	on	351006000	m60_00_00_00	literal
1040549207	on	351001100	m11_00_00_00	literal
1040549207	on	351001105	m11_05_00_00	literal
1040549207	on	351001110	m11_10_00_00	literal
1040549207	on	351006000	m60_00_00_00	literal
1040549255	on	112001100	m11_00_00_00	literal
1040549255	on	112006000	m60_00_00_00	literal
1041322700	on	801166000	m60_00_00_00	arg
1041322705	on	801166000	m60_00_00_00	arg
1041322707	on	801166000	m60_00_00_00	arg
1041329200	on	801166000	m60_00_00_00	arg
1041329205	on	801166000	m60_00_00_00	arg
1041332700	on	316106000	m60_00_00_00	arg
1041332701	on	316106000	m60_00_00_00	arg
1041339206	on	316106000	m60_00_00_00	literal
1041339253	on	312001400	m14_00_00_00	arg
1041339253	on	312006000	m60_00_00_00	arg
1041339255	on	312001400	m14_00_00_00	literal
1041339255	on	312006000	m60_00_00_00	literal
1041339255	on	312026000	m60_00_00_00	literal
1041339256	on	312001400	m14_00_00_00	literal
1041339256	on	312006000	m60_00_00_00	literal
1041339256	on	312026000	m60_00_00_00	literal
1041362700	on	800026000	m60_00_00_00	argsum
1041362700	on	800036000	m60_00_00_00	argsum
1041362700	on	800046000	m60_00_00_00	argsum
1041362700	on	800056000	m60_00_00_00	argsum
1041362703	on	800026000	m60_00_00_00	literal
1041362703	on	800036000	m60_00_00_00	literal
1041362703	on	800046000	m60_00_00_00	literal
1041362703	on	800056000	m60_00_00_00	literal
1041362705	on	800026000	m60_00_00_00	argsum
1041362705	on	800036000	m60_00_00_00	argsum
1041362705	on	800046000	m60_00_00_00	argsum
1041362705	on	800056000	m60_00_00_00	argsum
1041362705	on	801136000	m60_00_00_00	arg
1041362706	on	800026000	m60_00_00_00	argsum
1041362706	on	800036000	m60_00_00_00	argsum
1041362706	on	800046000	m60_00_00_00	argsum
1041362706	on	800056000	m60_00_00_00	argsum
1041369200	on	801136000	m60_00_00_00	arg
1041369204	on	800026000	m60_00_00_00	argsum
1041369204	on	800036000	m60_00_00_00	argsum
1041369204	on	800046000	m60_00_00_00	argsum
1041369204	on	800056000	m60_00_00_00	argsum
1041369205	on	800026000	m60_00_00_00	argsum
1041369205	on	800036000	m60_00_00_00	argsum
1041369205	on	800046000	m60_00_00_00	argsum
1041369205	on	800056000	m60_00_00_00	argsum
1041369205	on	801136000	m60_00_00_00	arg
1041369208	on	800026000	m60_00_00_00	argsum
1041369208	on	800036000	m60_00_00_00	argsum
1041369208	on	800046000	m60_00_00_00	argsum
1041369208	on	800056000	m60_00_00_00	argsum
1041369220	off	800026000	m60_00_00_00	literal
1041369220	off	800036000	m60_00_00_00	literal
1041369220	off	800046000	m60_00_00_00	literal
1041369220	off	800056000	m60_00_00_00	literal
1041369220	on	800026000	m60_00_00_00	arg
1041369220	on	800036000	m60_00_00_00	arg
1041369220	on	800046000	m60_00_00_00	arg
1041369220	on	800056000	m60_00_00_00	arg
1041369221	off	800026000	m60_00_00_00	literal
1041369221	off	800036000	m60_00_00_00	literal
1041369221	off	800046000	m60_00_00_00	literal
1041369221	off	800056000	m60_00_00_00	literal
1041369221	on	800026000	m60_00_00_00	arg
1041369221	on	800036000	m60_00_00_00	arg
1041369221	on	800046000	m60_00_00_00	arg
1041369221	on	800056000	m60_00_00_00	arg
1041369222	off	800026000	m60_00_00_00	literal
1041369222	off	800036000	m60_00_00_00	literal
1041369222	off	800046000	m60_00_00_00	literal
1041369222	off	800056000	m60_00_00_00	literal
1041369222	on	800026000	m60_00_00_00	arg
1041369223	off	800026000	m60_00_00_00	literal
1041369223	off	800036000	m60_00_00_00	literal
1041369223	off	800046000	m60_00_00_00	literal
1041369223	off	800056000	m60_00_00_00	literal
1041369223	on	800026000	m60_00_00_00	arg
1041369224	off	800026000	m60_00_00_00	literal
1041369224	off	800036000	m60_00_00_00	literal
1041369224	off	800046000	m60_00_00_00	literal
1041369224	off	800056000	m60_00_00_00	literal
1041369224	on	800026000	m60_00_00_00	arg
1041369225	on	800026000	m60_00_00_00	arg
1041369248	on	800026000	m60_00_00_00	argsum
1041369248	on	800036000	m60_00_00_00	argsum
1041369248	on	800046000	m60_00_00_00	argsum
1041369248	on	800056000	m60_00_00_00	argsum
1041369252	on	801516000	m60_00_00_00	literal
1041380741	on	335006000	m60_00_00_00	literal
1041382731	on	320001110	m11_10_00_00	arg
1041382731	on	320006000	m60_00_00_00	arg
1041382731	on	320006000	m60_00_00_00	literal
1041382732	on	320001110	m11_10_00_00	arg
1041382732	on	320006000	m60_00_00_00	arg
1041382732	on	320006000	m60_00_00_00	literal
1041382733	on	320001110	m11_10_00_00	arg
1041382733	on	320006000	m60_00_00_00	arg
1041382733	on	320006000	m60_00_00_00	literal
1041382735	on	320001110	m11_10_00_00	literal
1041382735	on	320006000	m60_00_00_00	literal
1041382740	on	335006000	m60_00_00_00	arg
1041382741	on	335006000	m60_00_00_00	arg
1041382742	on	335006000	m60_00_00_00	literal
1041389406	on	320001110	m11_10_00_00	literal
1041389406	on	320006000	m60_00_00_00	literal
1041389407	on	320001110	m11_10_00_00	literal
1041389407	on	320006000	m60_00_00_00	literal
1041389408	on	320001110	m11_10_00_00	literal
1041389408	on	320006000	m60_00_00_00	literal
1041389409	on	320001110	m11_10_00_00	literal
1041389409	on	320006000	m60_00_00_00	literal
1041389411	on	320001110	m11_10_00_00	literal
1041389411	on	320006000	m60_00_00_00	literal
1041389412	on	320001110	m11_10_00_00	literal
1041389412	on	320006000	m60_00_00_00	literal
1041389413	on	320001110	m11_10_00_00	literal
1041389413	on	320006000	m60_00_00_00	literal
1041389415	off	320001110	m11_10_00_00	literal
1041389415	off	320006000	m60_00_00_00	literal
1041389415	on	320001110	m11_10_00_00	literal
1041389415	on	320006000	m60_00_00_00	literal
1041389416	off	320001110	m11_10_00_00	literal
1041389416	off	320006000	m60_00_00_00	literal
1041389452	on	335006000	m60_00_00_00	arg
1041389455	on	335006000	m60_00_00_00	arg
1041389456	on	335006000	m60_00_00_00	arg
1041389457	on	335006000	m60_00_00_00	arg
1041389458	off	335006000	m60_00_00_00	literal
1041389458	on	335006000	m60_00_00_00	conditional
1041389459	on	335006000	m60_00_00_00	arg
1041389460	off	335006000	m60_00_00_00	literal
1041389460	on	335006000	m60_00_00_00	conditional
1041389461	on	335006000	m60_00_00_00	arg
1041389462	on	335006000	m60_00_00_00	arg
1041389463	on	335006000	m60_00_00_00	arg
1041399200	on	101006000	m60_00_00_00	arg
1042339200	on	603006000	m60_00_00_00	arg
1042362700	on	301006000	m60_00_00_00	arg
1042362701	on	301006000	m60_00_00_00	arg
1042362710	on	800001100	m11_00_00_00	literal
1042362710	on	800003500	m35_00_00_00	literal
1042362710	on	800006000	m60_00_00_00	literal
1042362711	on	800001100	m11_00_00_00	literal
1042362711	on	800003500	m35_00_00_00	literal
1042362711	on	800006000	m60_00_00_00	literal
1042362712	on	800001100	m11_00_00_00	literal
1042362712	on	800003500	m35_00_00_00	literal
1042362712	on	800006000	m60_00_00_00	literal
1042362713	on	800001100	m11_00_00_00	literal
1042362713	on	800003500	m35_00_00_00	literal
1042362713	on	800006000	m60_00_00_00	literal
1042362714	on	800001100	m11_00_00_00	literal
1042362714	on	800003500	m35_00_00_00	literal
1042362714	on	800006000	m60_00_00_00	literal
1042362716	on	800001100	m11_00_00_00	literal
1042362716	on	800003500	m35_00_00_00	literal
1042362716	on	800006000	m60_00_00_00	literal
1042362730	on	106006000	m60_00_00_00	arg
1042362731	on	106006000	m60_00_00_00	arg
1042362732	on	106006000	m60_00_00_00	literal
1042362733	off	106006000	m60_00_00_00	literal
1042362733	on	106006000	m60_00_00_00	literal
1042369205	on	301006000	m60_00_00_00	arg
1042369206	on	301006000	m60_00_00_00	arg
1042369207	on	301006000	m60_00_00_00	arg
1042369208	on	301006000	m60_00_00_00	arg
1042369225	on	301006000	m60_00_00_00	literal
1042369226	on	301006000	m60_00_00_00	literal
1042369227	on	301006000	m60_00_00_00	literal
1042369235	on	301006000	m60_00_00_00	literal
1042369302	on	800001100	m11_00_00_00	literal
1042369302	on	800003500	m35_00_00_00	literal
1042369303	on	800001100	m11_00_00_00	literal
1042369303	on	800003500	m35_00_00_00	literal
1042369303	on	800006000	m60_00_00_00	literal
1042369306	off	800001100	m11_00_00_00	literal
1042369306	off	800003500	m35_00_00_00	literal
1042369306	off	800006000	m60_00_00_00	literal
1042369306	on	800001100	m11_00_00_00	literal
1042369306	on	800003500	m35_00_00_00	literal
1042369306	on	800006000	m60_00_00_00	literal
1042369307	off	800001100	m11_00_00_00	literal
1042369307	off	800003500	m35_00_00_00	literal
1042369307	off	800006000	m60_00_00_00	literal
1042369307	on	800001100	m11_00_00_00	literal
1042369307	on	800003500	m35_00_00_00	literal
1042369307	on	800006000	m60_00_00_00	literal
1042369308	on	800001100	m11_00_00_00	literal
1042369308	on	800003500	m35_00_00_00	literal
1042369308	on	800006000	m60_00_00_00	literal
1042369309	on	800001100	m11_00_00_00	literal
1042369309	on	800003500	m35_00_00_00	literal
1042369309	on	800006000	m60_00_00_00	literal
1042369310	on	800001100	m11_00_00_00	literal
1042369310	on	800003500	m35_00_00_00	literal
1042369310	on	800006000	m60_00_00_00	literal
1042369311	on	800001100	m11_00_00_00	literal
1042369311	on	800003500	m35_00_00_00	literal
1042369311	on	800006000	m60_00_00_00	literal
1042369313	on	800001100	m11_00_00_00	literal
1042369313	on	800003500	m35_00_00_00	literal
1042369313	on	800006000	m60_00_00_00	literal
1042369314	on	800001100	m11_00_00_00	literal
1042369314	on	800003500	m35_00_00_00	literal
1042369314	on	800006000	m60_00_00_00	literal
1042369315	on	800001100	m11_00_00_00	literal
1042369315	on	800003500	m35_00_00_00	literal
1042369315	on	800006000	m60_00_00_00	literal
1042369317	on	800001100	m11_00_00_00	literal
1042369317	on	800003500	m35_00_00_00	literal
1042369317	on	800006000	m60_00_00_00	literal
1042369319	off	800001100	m11_00_00_00	literal
1042369319	off	800003500	m35_00_00_00	literal
1042369319	off	800006000	m60_00_00_00	literal
1042369319	on	800001100	m11_00_00_00	literal
1042369319	on	800003500	m35_00_00_00	literal
1042369319	on	800006000	m60_00_00_00	literal
1042369320	off	800001100	m11_00_00_00	literal
1042369320	off	800003500	m35_00_00_00	literal
1042369320	off	800006000	m60_00_00_00	literal
1042369320	on	800001100	m11_00_00_00	literal
1042369320	on	800003500	m35_00_00_00	literal
1042369320	on	800006000	m60_00_00_00	literal
1042369321	off	800001100	m11_00_00_00	literal
1042369321	off	800003500	m35_00_00_00	literal
1042369321	off	800006000	m60_00_00_00	literal
1042369321	on	800001100	m11_00_00_00	literal
1042369321	on	800003500	m35_00_00_00	literal
1042369321	on	800006000	m60_00_00_00	literal
1042369322	off	800001100	m11_00_00_00	literal
1042369322	off	800003500	m35_00_00_00	literal
1042369322	off	800006000	m60_00_00_00	literal
1042369322	on	800001100	m11_00_00_00	literal
1042369322	on	800003500	m35_00_00_00	literal
1042369322	on	800006000	m60_00_00_00	literal
1042369325	off	800001100	m11_00_00_00	literal
1042369325	off	800003500	m35_00_00_00	literal
1042369325	off	800006000	m60_00_00_00	literal
1042369325	on	800001100	m11_00_00_00	literal
1042369325	on	800003500	m35_00_00_00	literal
1042369325	on	800006000	m60_00_00_00	literal
1042369328	on	800001100	m11_00_00_00	literal
1042369328	on	800003500	m35_00_00_00	literal
1042369328	on	800006000	m60_00_00_00	literal
1042369329	on	800001100	m11_00_00_00	literal
1042369329	on	800003500	m35_00_00_00	literal
1042369329	on	800006000	m60_00_00_00	literal
1042369405	on	106006000	m60_00_00_00	literal
1042369406	on	106006000	m60_00_00_00	literal
1042369407	on	106006000	m60_00_00_00	arg
1042369408	on	106006000	m60_00_00_00	arg
1042369409	on	106006000	m60_00_00_00	arg
1042369410	on	106006000	m60_00_00_00	arg
1042369410	on	106006000	m60_00_00_00	literal
1042369412	on	106006000	m60_00_00_00	arg
1042369415	off	106006000	m60_00_00_00	literal
1042372700	on	000003000	m00_00_00_00	arg
1042372703	on	000003000	m00_00_00_00	literal
1042379200	off	000001000	m00_00_00_00	literal
1042379200	on	000001000	m00_00_00_00	literal
1042379201	on	000003000	m00_00_00_00	arg
1042379202	off	000001000	m00_00_00_00	literal
1042379202	on	000001000	m00_00_00_00	literal
1042379203	on	000003000	m00_00_00_00	arg
1042379206	off	000001000	m00_00_00_00	literal
1042379206	on	000001000	m00_00_00_00	literal
1042379207	on	000003000	m00_00_00_00	arg
1042379208	off	000001000	m00_00_00_00	literal
1042379208	on	000001000	m00_00_00_00	literal
1042379209	on	000003000	m00_00_00_00	arg
1042380701	on	326001600	m16_00_00_00	literal
1042380701	on	326006000	m60_00_00_00	literal
1042382700	on	800016000	m60_00_00_00	argsum
1042382705	on	800016000	m60_00_00_00	argsum
1042382706	on	800016000	m60_00_00_00	argsum
1042382710	on	326006000	m60_00_00_00	literal
1042382711	on	326006000	m60_00_00_00	literal
1042382712	on	326001600	m16_00_00_00	literal
1042382712	on	326006000	m60_00_00_00	literal
1042382713	on	326001600	m16_00_00_00	literal
1042382713	on	326006000	m60_00_00_00	literal
1042389204	on	800016000	m60_00_00_00	argsum
1042389205	on	800016000	m60_00_00_00	argsum
1042389208	on	800016000	m60_00_00_00	argsum
1042389220	off	800016000	m60_00_00_00	literal
1042389220	on	800016000	m60_00_00_00	arg
1042389221	off	800016000	m60_00_00_00	literal
1042389221	on	800016000	m60_00_00_00	arg
1042389248	on	800016000	m60_00_00_00	argsum
1042389253	on	326006000	m60_00_00_00	literal
1042389255	on	326001600	m16_00_00_00	literal
1042389255	on	326006000	m60_00_00_00	literal
1042389256	on	326001600	m16_00_00_00	literal
1042389256	on	326006000	m60_00_00_00	literal
1042389257	on	326001600	m16_00_00_00	literal
1042389257	on	326006000	m60_00_00_00	literal
1042389258	on	326001600	m16_00_00_00	literal
1042389258	on	326006000	m60_00_00_00	literal
1042392700	on	800066000	m60_00_00_00	arg
1042392700	on	800076000	m60_00_00_00	arg
1042392700	on	800086000	m60_00_00_00	arg
1042392705	on	800076000	m60_00_00_00	arg
1042392705	on	800086000	m60_00_00_00	arg
1042392706	on	800076000	m60_00_00_00	arg
1042392706	on	800086000	m60_00_00_00	arg
1042392707	on	800076000	m60_00_00_00	arg
1042392707	on	800086000	m60_00_00_00	arg
1042392708	on	800076000	m60_00_00_00	arg
1042392708	on	800086000	m60_00_00_00	arg
1042392709	on	800076000	m60_00_00_00	arg
1042392709	on	800086000	m60_00_00_00	arg
1042399201	on	800076000	m60_00_00_00	arg
1042399201	on	800086000	m60_00_00_00	arg
1042399202	on	800076000	m60_00_00_00	arg
1042399202	on	800086000	m60_00_00_00	arg
1042399204	on	800076000	m60_00_00_00	arg
1042399204	on	800086000	m60_00_00_00	arg
1042399205	off	800076000	m60_00_00_00	arg
1042399205	off	800086000	m60_00_00_00	arg
1042399205	on	800076000	m60_00_00_00	arg
1042399205	on	800086000	m60_00_00_00	arg
1042399206	off	800076000	m60_00_00_00	arg
1042399206	off	800086000	m60_00_00_00	arg
1042399206	on	800076000	m60_00_00_00	arg
1042399206	on	800086000	m60_00_00_00	arg
1042399210	on	800076000	m60_00_00_00	arg
1042399210	on	800086000	m60_00_00_00	arg
1042399211	on	800076000	m60_00_00_00	arg
1042399211	on	800086000	m60_00_00_00	arg
1042399216	on	800076000	m60_00_00_00	arg
1042399216	on	800086000	m60_00_00_00	arg
1042399220	on	800076000	m60_00_00_00	arg
1042399220	on	800086000	m60_00_00_00	arg
1042399221	on	800076000	m60_00_00_00	arg
1042399221	on	800086000	m60_00_00_00	arg
1042399222	on	800076000	m60_00_00_00	arg
1042399222	on	800086000	m60_00_00_00	arg
1042399225	on	800076000	m60_00_00_00	arg
1042399225	on	800086000	m60_00_00_00	arg
1042399226	on	800076000	m60_00_00_00	arg
1042399226	on	800086000	m60_00_00_00	arg
1042399227	on	800076000	m60_00_00_00	arg
1042399227	on	800086000	m60_00_00_00	arg
1042399241	on	800066000	m60_00_00_00	arg
1042399241	on	800076000	m60_00_00_00	arg
1042399241	on	800086000	m60_00_00_00	arg
1042399243	on	800076000	m60_00_00_00	arg
1042399243	on	800086000	m60_00_00_00	arg
1042399243	on	800106000	m60_00_00_00	arg
1042399243	on	800116000	m60_00_00_00	arg
1042399243	on	800126000	m60_00_00_00	arg
1042399244	on	800076000	m60_00_00_00	arg
1042399244	on	800086000	m60_00_00_00	arg
1042399245	on	800076000	m60_00_00_00	arg
1042399245	on	800086000	m60_00_00_00	arg
1042399247	on	800066000	m60_00_00_00	arg
1042399247	on	800076000	m60_00_00_00	arg
1042399247	on	800086000	m60_00_00_00	arg
1042399248	on	800066000	m60_00_00_00	arg
1042399248	on	800076000	m60_00_00_00	arg
1042399248	on	800086000	m60_00_00_00	arg
1042549710	on	209006000	m60_00_00_00	literal
1042559205	on	348001500	m15_00_00_00	literal
1042559205	on	348006000	m60_00_00_00	literal
1042559206	off	348001500	m15_00_00_00	literal
1042559206	off	348006000	m60_00_00_00	literal
1042559206	on	348001500	m15_00_00_00	literal
1042559206	on	348006000	m60_00_00_00	literal
1042559207	off	348001500	m15_00_00_00	literal
1042559207	off	348006000	m60_00_00_00	literal
1042559207	on	348001500	m15_00_00_00	literal
1042559207	on	348006000	m60_00_00_00	literal
1042559208	off	348001500	m15_00_00_00	literal
1042559208	off	348006000	m60_00_00_00	literal
1042559208	on	348001500	m15_00_00_00	literal
1042559208	on	348006000	m60_00_00_00	literal
1042559209	off	348001500	m15_00_00_00	literal
1042559209	off	348006000	m60_00_00_00	literal
1042559209	on	348001500	m15_00_00_00	literal
1042559209	on	348006000	m60_00_00_00	literal
1043312700	on	311006000	m60_00_00_00	arg
1043312701	on	311006000	m60_00_00_00	arg
1043319202	on	311006000	m60_00_00_00	arg
1043319205	on	311006000	m60_00_00_00	arg
1043319206	on	311006000	m60_00_00_00	literal
1043319207	on	311006000	m60_00_00_00	arg
1043332705	on	801156000	m60_00_00_00	arg
1043332707	on	801156000	m60_00_00_00	arg
1043339200	on	801156000	m60_00_00_00	arg
1043339205	on	801156000	m60_00_00_00	arg
1043349250	off	000001000	m00_00_00_00	literal
1043349250	on	000001000	m00_00_00_00	literal
1043349251	on	000003000	m00_00_00_00	arg
1043349252	on	000003000	m00_00_00_00	arg
1043352700	on	303001000	m10_00_00_00	arg
1043352700	on	303001000	m10_00_00_00	literal
1043352700	on	303006000	m60_00_00_00	arg
1043352700	on	303006000	m60_00_00_00	literal
1043352700	on	303011000	m10_00_00_00	arg
1043352700	on	303011000	m10_00_00_00	literal
1043352700	on	303016000	m60_00_00_00	arg
1043352700	on	303016000	m60_00_00_00	literal
1043352701	on	303001000	m10_00_00_00	literal
1043352701	on	303006000	m60_00_00_00	literal
1043352701	on	303011000	m10_00_00_00	literal
1043352701	on	303016000	m60_00_00_00	literal
1043352702	on	303001000	m10_00_00_00	arg
1043352702	on	303001000	m10_00_00_00	literal
1043352702	on	303006000	m60_00_00_00	arg
1043352702	on	303006000	m60_00_00_00	literal
1043352702	on	303011000	m10_00_00_00	arg
1043352702	on	303011000	m10_00_00_00	literal
1043352702	on	303016000	m60_00_00_00	arg
1043352702	on	303016000	m60_00_00_00	literal
1043352702	on	303206000	m60_00_00_00	literal
1043352702	on	303226000	m60_00_00_00	literal
1043352702	on	303246000	m60_00_00_00	literal
1043352702	on	303266000	m60_00_00_00	literal
1043359201	on	303001000	m10_00_00_00	arg
1043359201	on	303006000	m60_00_00_00	arg
1043359201	on	303011000	m10_00_00_00	arg
1043359201	on	303016000	m60_00_00_00	arg
1043359202	on	303001000	m10_00_00_00	arg
1043359202	on	303006000	m60_00_00_00	arg
1043359202	on	303011000	m10_00_00_00	arg
1043359202	on	303016000	m60_00_00_00	arg
1043359203	off	303001000	m10_00_00_00	literal
1043359203	off	303006000	m60_00_00_00	literal
1043359203	off	303011000	m10_00_00_00	literal
1043359203	off	303016000	m60_00_00_00	literal
1043359203	on	303001000	m10_00_00_00	arg
1043359203	on	303006000	m60_00_00_00	arg
1043359203	on	303011000	m10_00_00_00	arg
1043359203	on	303016000	m60_00_00_00	arg
1043359204	off	303001000	m10_00_00_00	literal
1043359204	off	303006000	m60_00_00_00	literal
1043359204	off	303011000	m10_00_00_00	literal
1043359204	off	303016000	m60_00_00_00	literal
1043359204	on	303001000	m10_00_00_00	arg
1043359204	on	303006000	m60_00_00_00	arg
1043359204	on	303011000	m10_00_00_00	arg
1043359204	on	303016000	m60_00_00_00	arg
1043359210	on	303001000	m10_00_00_00	literal
1043359210	on	303006000	m60_00_00_00	literal
1043359210	on	303011000	m10_00_00_00	literal
1043359210	on	303016000	m60_00_00_00	literal
1043359211	on	303001000	m10_00_00_00	literal
1043359211	on	303006000	m60_00_00_00	literal
1043359211	on	303011000	m10_00_00_00	literal
1043359211	on	303016000	m60_00_00_00	literal
1043359213	on	303001000	m10_00_00_00	literal
1043359213	on	303006000	m60_00_00_00	literal
1043359213	on	303011000	m10_00_00_00	literal
1043359213	on	303016000	m60_00_00_00	literal
1043359217	on	303001000	m10_00_00_00	literal
1043359217	on	303006000	m60_00_00_00	literal
1043359217	on	303011000	m10_00_00_00	literal
1043359217	on	303016000	m60_00_00_00	literal
1043359220	on	303001000	m10_00_00_00	arg
1043359220	on	303001000	m10_00_00_00	literal
1043359220	on	303006000	m60_00_00_00	arg
1043359220	on	303006000	m60_00_00_00	literal
1043359220	on	303011000	m10_00_00_00	arg
1043359220	on	303011000	m10_00_00_00	literal
1043359220	on	303016000	m60_00_00_00	arg
1043359220	on	303016000	m60_00_00_00	literal
1043359220	on	303206000	m60_00_00_00	arg
1043359220	on	303226000	m60_00_00_00	arg
1043359220	on	303246000	m60_00_00_00	arg
1043359220	on	303266000	m60_00_00_00	arg
1043359221	on	303001000	m10_00_00_00	arg
1043359221	on	303001000	m10_00_00_00	literal
1043359221	on	303006000	m60_00_00_00	arg
1043359221	on	303006000	m60_00_00_00	literal
1043359221	on	303011000	m10_00_00_00	arg
1043359221	on	303011000	m10_00_00_00	literal
1043359221	on	303016000	m60_00_00_00	arg
1043359221	on	303016000	m60_00_00_00	literal
1043359221	on	303206000	m60_00_00_00	arg
1043359221	on	303226000	m60_00_00_00	arg
1043359221	on	303246000	m60_00_00_00	arg
1043359221	on	303266000	m60_00_00_00	arg
1043359245	on	303001000	m10_00_00_00	literal
1043359245	on	303006000	m60_00_00_00	literal
1043359245	on	303011000	m10_00_00_00	literal
1043359245	on	303016000	m60_00_00_00	literal
1043359248	on	303001000	m10_00_00_00	literal
1043359248	on	303006000	m60_00_00_00	literal
1043359248	on	303011000	m10_00_00_00	literal
1043359248	on	303016000	m60_00_00_00	literal
1043359252	on	318001110	m11_10_00_00	literal
1043359252	on	318006000	m60_00_00_00	literal
1043359255	on	318001110	m11_10_00_00	literal
1043359255	on	318006000	m60_00_00_00	literal
1043359256	on	318001110	m11_10_00_00	literal
1043359256	on	318006000	m60_00_00_00	literal
1043359257	on	318001110	m11_10_00_00	literal
1043359257	on	318006000	m60_00_00_00	literal
1043359300	on	101316000	m60_00_00_00	arg
1043372700	on	800906000	m60_00_00_00	argsum
1043372705	on	800906000	m60_00_00_00	argsum
1043372706	on	800906000	m60_00_00_00	argsum
1043372710	on	318001110	m11_10_00_00	literal
1043372710	on	318006000	m60_00_00_00	literal
1043372711	on	318001110	m11_10_00_00	literal
1043372711	on	318006000	m60_00_00_00	literal
1043372713	on	318016000	m60_00_00_00	arg
1043372719	on	318001110	m11_10_00_00	literal
1043372719	on	318006000	m60_00_00_00	literal
1043372723	on	700086000	m60_00_00_00	arg
1043372730	on	223001100	m11_00_00_00	literal
1043372730	on	223001105	m11_05_00_00	literal
1043372730	on	223003115	m31_15_00_00	literal
1043372730	on	223006000	m60_00_00_00	literal
1043372731	on	223001100	m11_00_00_00	literal
1043372731	on	223001105	m11_05_00_00	literal
1043372731	on	223003115	m31_15_00_00	literal
1043372731	on	223006000	m60_00_00_00	literal
1043372733	on	223001100	m11_00_00_00	literal
1043372733	on	223001105	m11_05_00_00	literal
1043372733	on	223003115	m31_15_00_00	literal
1043372733	on	223006000	m60_00_00_00	literal
1043372735	on	223001100	m11_00_00_00	literal
1043372735	on	223001105	m11_05_00_00	literal
1043372735	on	223003115	m31_15_00_00	literal
1043372735	on	223006000	m60_00_00_00	literal
1043372737	on	223001100	m11_00_00_00	literal
1043372737	on	223001105	m11_05_00_00	literal
1043372737	on	223003115	m31_15_00_00	literal
1043372737	on	223006000	m60_00_00_00	literal
1043372738	on	223001100	m11_00_00_00	literal
1043372738	on	223001105	m11_05_00_00	literal
1043372738	on	223003115	m31_15_00_00	literal
1043372738	on	223006000	m60_00_00_00	literal
1043379203	on	800906000	m60_00_00_00	argsum
1043379204	on	800906000	m60_00_00_00	argsum
1043379205	on	800906000	m60_00_00_00	argsum
1043379208	on	800906000	m60_00_00_00	argsum
1043379220	on	800906000	m60_00_00_00	literal
1043379221	off	800906000	m60_00_00_00	literal
1043379221	on	800906000	m60_00_00_00	arg
1043379222	off	800906000	m60_00_00_00	literal
1043379222	on	800906000	m60_00_00_00	arg
1043379223	on	800906000	m60_00_00_00	literal
1043379224	off	800906000	m60_00_00_00	literal
1043379224	on	800906000	m60_00_00_00	arg
1043379248	on	800906000	m60_00_00_00	argsum
1043379255	on	318001110	m11_10_00_00	literal
1043379255	on	318006000	m60_00_00_00	literal
1043379260	on	318001110	m11_10_00_00	literal
1043379260	on	318006000	m60_00_00_00	literal
1043379305	on	700086000	m60_00_00_00	arg
1043379306	on	700086000	m60_00_00_00	arg
1043379307	on	700086000	m60_00_00_00	arg
1043379352	on	223001100	m11_00_00_00	literal
1043379352	on	223001105	m11_05_00_00	literal
1043379352	on	223001400	m14_00_00_00	literal
1043379352	on	223003115	m31_15_00_00	literal
1043379352	on	223006000	m60_00_00_00	literal
1043379353	on	223001100	m11_00_00_00	literal
1043379353	on	223001105	m11_05_00_00	literal
1043379353	on	223003115	m31_15_00_00	literal
1043379353	on	223006000	m60_00_00_00	literal
1043379355	on	223001100	m11_00_00_00	literal
1043379355	on	223001105	m11_05_00_00	literal
1043379355	on	223001400	m14_00_00_00	literal
1043379355	on	223003115	m31_15_00_00	literal
1043379355	on	223006000	m60_00_00_00	literal
1043379356	on	223001100	m11_00_00_00	literal
1043379356	on	223001105	m11_05_00_00	literal
1043379356	on	223001400	m14_00_00_00	literal
1043379356	on	223003115	m31_15_00_00	literal
1043379356	on	223006000	m60_00_00_00	literal
1043379358	on	223001100	m11_00_00_00	literal
1043379358	on	223001105	m11_05_00_00	literal
1043379358	on	223003115	m31_15_00_00	literal
1043379358	on	223006000	m60_00_00_00	literal
1043392711	off	220001300	m13_00_00_00	literal
1043392711	off	220003207	m32_07_00_00	literal
1043392711	off	220006000	m60_00_00_00	literal
1043392711	off	220016000	m60_00_00_00	literal
1043392711	off	220026000	m60_00_00_00	literal
1043392711	on	220001300	m13_00_00_00	literal
1043392711	on	220003207	m32_07_00_00	literal
1043392711	on	220006000	m60_00_00_00	literal
1043392711	on	220016000	m60_00_00_00	literal
1043392711	on	220026000	m60_00_00_00	literal
1043392711	on	220036000	m60_00_00_00	literal
1043392713	on	220001300	m13_00_00_00	arg
1043392713	on	220003207	m32_07_00_00	arg
1043392713	on	220006000	m60_00_00_00	arg
1043392713	on	220016000	m60_00_00_00	arg
1043392713	on	220026000	m60_00_00_00	arg
1043392715	off	220001300	m13_00_00_00	literal
1043392715	off	220003207	m32_07_00_00	literal
1043392715	off	220006000	m60_00_00_00	literal
1043392715	off	220016000	m60_00_00_00	literal
1043392715	off	220026000	m60_00_00_00	literal
1043392715	on	220001300	m13_00_00_00	literal
1043392715	on	220003207	m32_07_00_00	literal
1043392715	on	220006000	m60_00_00_00	literal
1043392715	on	220016000	m60_00_00_00	literal
1043392715	on	220026000	m60_00_00_00	literal
1043392715	on	220036000	m60_00_00_00	literal
1043392716	on	220001300	m13_00_00_00	literal
1043392716	on	220003207	m32_07_00_00	literal
1043392716	on	220006000	m60_00_00_00	literal
1043392716	on	220016000	m60_00_00_00	literal
1043392716	on	220026000	m60_00_00_00	literal
1043399220	on	800056000	m60_00_00_00	arg
1043399223	off	800026000	m60_00_00_00	literal
1043399223	off	800036000	m60_00_00_00	literal
1043399223	off	800046000	m60_00_00_00	literal
1043399223	off	800056000	m60_00_00_00	literal
1043399223	on	800056000	m60_00_00_00	arg
1043399224	off	800026000	m60_00_00_00	literal
1043399224	off	800036000	m60_00_00_00	literal
1043399224	off	800046000	m60_00_00_00	literal
1043399224	off	800056000	m60_00_00_00	literal
1043399224	on	800056000	m60_00_00_00	arg
1043399225	off	800026000	m60_00_00_00	literal
1043399225	off	800036000	m60_00_00_00	literal
1043399225	off	800046000	m60_00_00_00	literal
1043399225	off	800056000	m60_00_00_00	literal
1043399225	on	800056000	m60_00_00_00	arg
1043399303	on	220001300	m13_00_00_00	arg
1043399303	on	220003207	m32_07_00_00	arg
1043399303	on	220006000	m60_00_00_00	arg
1043399303	on	220026000	m60_00_00_00	arg
1043399303	on	220036000	m60_00_00_00	arg
1043399305	on	220001300	m13_00_00_00	literal
1043399305	on	220003207	m32_07_00_00	literal
1043399305	on	220006000	m60_00_00_00	literal
1043399305	on	220016000	m60_00_00_00	literal
1043399305	on	220026000	m60_00_00_00	literal
1043399306	on	220001300	m13_00_00_00	literal
1043399306	on	220003207	m32_07_00_00	literal
1043399306	on	220006000	m60_00_00_00	literal
1043399306	on	220016000	m60_00_00_00	literal
1043399306	on	220026000	m60_00_00_00	literal
1043399307	on	220001300	m13_00_00_00	literal
1043399307	on	220003207	m32_07_00_00	literal
1043399307	on	220006000	m60_00_00_00	literal
1043399307	on	220016000	m60_00_00_00	literal
1043399307	on	220026000	m60_00_00_00	literal
1043399308	on	220001300	m13_00_00_00	literal
1043399308	on	220003207	m32_07_00_00	literal
1043399308	on	220006000	m60_00_00_00	literal
1043399308	on	220016000	m60_00_00_00	literal
1043399308	on	220026000	m60_00_00_00	literal
1043399309	on	220001300	m13_00_00_00	arg
1043399309	on	220003207	m32_07_00_00	arg
1043399309	on	220006000	m60_00_00_00	arg
1043399309	on	220016000	m60_00_00_00	arg
1043399309	on	220026000	m60_00_00_00	arg
1043399311	on	220001300	m13_00_00_00	arg
1043399311	on	220003207	m32_07_00_00	arg
1043399311	on	220006000	m60_00_00_00	arg
1043399311	on	220016000	m60_00_00_00	arg
1043399311	on	220026000	m60_00_00_00	arg
1043399312	on	220001300	m13_00_00_00	literal
1043399312	on	220003207	m32_07_00_00	literal
1043399312	on	220006000	m60_00_00_00	literal
1043399312	on	220016000	m60_00_00_00	literal
1043399312	on	220026000	m60_00_00_00	literal
1043399313	on	220001300	m13_00_00_00	literal
1043399313	on	220003207	m32_07_00_00	literal
1043399313	on	220006000	m60_00_00_00	literal
1043399313	on	220016000	m60_00_00_00	literal
1043399313	on	220026000	m60_00_00_00	literal
1043399313	on	220036000	m60_00_00_00	literal
1043509200	off	000001000	m00_00_00_00	literal
1043509200	on	000001000	m00_00_00_00	literal
1043509201	on	000003000	m00_00_00_00	arg
1043509202	on	000003000	m00_00_00_00	arg
1043522700	off	204006000	m60_00_00_00	literal
1043522700	on	204006000	m60_00_00_00	literal
1043530701	on	801196000	m60_00_00_00	arg
1043532700	on	801196000	m60_00_00_00	arg
1043532705	on	801196000	m60_00_00_00	arg
1043532707	on	801196000	m60_00_00_00	arg
1043539205	on	801196000	m60_00_00_00	arg
1043539250	off	000001000	m00_00_00_00	literal
1043539250	on	000001000	m00_00_00_00	literal
1043539251	on	000003000	m00_00_00_00	arg
1043539252	on	000003000	m00_00_00_00	arg
1044332700	on	801146000	m60_00_00_00	arg
1044332705	on	801146000	m60_00_00_00	arg
1044332707	on	801146000	m60_00_00_00	arg
1044339200	on	801146000	m60_00_00_00	arg
1044339205	on	801146000	m60_00_00_00	arg
1044342700	on	216001202	m12_02_00_00	arg
1044342700	on	216006000	m60_00_00_00	arg
1044342701	on	216001202	m12_02_00_00	arg
1044342701	on	216006000	m60_00_00_00	arg
1044349220	on	800036000	m60_00_00_00	arg
1044349223	off	800026000	m60_00_00_00	literal
1044349223	off	800036000	m60_00_00_00	literal
1044349223	off	800046000	m60_00_00_00	literal
1044349223	off	800056000	m60_00_00_00	literal
1044349223	on	800036000	m60_00_00_00	arg
1044349224	off	800026000	m60_00_00_00	literal
1044349224	off	800036000	m60_00_00_00	literal
1044349224	off	800046000	m60_00_00_00	literal
1044349224	off	800056000	m60_00_00_00	literal
1044349224	on	800036000	m60_00_00_00	arg
1044349225	off	800026000	m60_00_00_00	literal
1044349225	off	800036000	m60_00_00_00	literal
1044349225	off	800046000	m60_00_00_00	literal
1044349225	off	800056000	m60_00_00_00	literal
1044349225	on	800036000	m60_00_00_00	arg
1044349252	on	216001202	m12_02_00_00	arg
1044349252	on	216006000	m60_00_00_00	arg
1044349255	on	216001202	m12_02_00_00	arg
1044349255	on	216006000	m60_00_00_00	arg
1044349256	on	216001202	m12_02_00_00	arg
1044349256	on	216006000	m60_00_00_00	arg
1044352710	on	216001202	m12_02_00_00	arg
1044352710	on	216006000	m60_00_00_00	arg
1044352711	on	216001202	m12_02_00_00	arg
1044352711	on	216006000	m60_00_00_00	arg
1044352716	on	216026000	m60_00_00_00	arg
1044359201	on	303001000	m10_00_00_00	literal
1044359201	on	303006000	m60_00_00_00	literal
1044359201	on	303011000	m10_00_00_00	literal
1044359201	on	303016000	m60_00_00_00	literal
1044359252	on	216001202	m12_02_00_00	arg
1044359252	on	216006000	m60_00_00_00	arg
1044359255	on	216036000	m60_00_00_00	literal
1044359256	on	216001202	m12_02_00_00	arg
1044359256	on	216006000	m60_00_00_00	arg
1044359257	off	216036000	m60_00_00_00	literal
1044359258	on	216036000	m60_00_00_00	literal
1044359260	on	216036000	m60_00_00_00	literal
1044362701	on	316006000	m60_00_00_00	arg
1044362702	off	316106000	m60_00_00_00	literal
1044362702	on	316106000	m60_00_00_00	literal
1044362705	on	316006000	m60_00_00_00	literal
1044362705	on	316206000	m60_00_00_00	literal
1044362705	on	316211400	m14_00_00_00	literal
1044362705	on	316301400	m14_00_00_00	literal
1044362706	on	316206000	m60_00_00_00	literal
1044362706	on	316211400	m14_00_00_00	literal
1044362707	off	316006000	m60_00_00_00	literal
1044362707	off	316206000	m60_00_00_00	literal
1044362707	off	316211400	m14_00_00_00	literal
1044362707	off	316301400	m14_00_00_00	literal
1044362708	off	316106000	m60_00_00_00	literal
1044362708	on	316106000	m60_00_00_00	literal
1044369202	on	316006000	m60_00_00_00	literal
1044369206	on	316006000	m60_00_00_00	literal
1044369207	on	316006000	m60_00_00_00	literal
1044369208	on	316006000	m60_00_00_00	literal
1044369209	on	316006000	m60_00_00_00	literal
1044369210	on	316006000	m60_00_00_00	literal
1044369211	off	316006000	m60_00_00_00	literal
1044369212	off	316006000	m60_00_00_00	literal
1044369212	on	316006000	m60_00_00_00	literal
1044369213	off	316006000	m60_00_00_00	literal
1044369213	on	316006000	m60_00_00_00	literal
1044369214	off	316006000	m60_00_00_00	literal
1044369214	off	316206000	m60_00_00_00	literal
1044369214	off	316211400	m14_00_00_00	literal
1044369214	on	316006000	m60_00_00_00	literal
1044369214	on	316206000	m60_00_00_00	literal
1044369214	on	316211400	m14_00_00_00	literal
1044369215	off	316006000	m60_00_00_00	literal
1044369215	on	316006000	m60_00_00_00	literal
1044369216	off	316006000	m60_00_00_00	literal
1044369216	on	316006000	m60_00_00_00	literal
1044369217	off	316006000	m60_00_00_00	literal
1044369217	on	316006000	m60_00_00_00	literal
1044369218	off	316006000	m60_00_00_00	literal
1044369218	on	316006000	m60_00_00_00	literal
1044369219	off	316006000	m60_00_00_00	literal
1044369219	on	316006000	m60_00_00_00	literal
1044369220	off	316006000	m60_00_00_00	literal
1044369220	on	316006000	m60_00_00_00	literal
1044369221	on	316006000	m60_00_00_00	literal
1044369222	on	316006000	m60_00_00_00	literal
1044369223	on	316006000	m60_00_00_00	literal
1044369223	on	316206000	m60_00_00_00	literal
1044369223	on	316211400	m14_00_00_00	literal
1044369224	on	316006000	m60_00_00_00	literal
1044369225	on	316006000	m60_00_00_00	literal
1044369226	on	316006000	m60_00_00_00	literal
1044369227	on	316006000	m60_00_00_00	literal
1044369228	on	316006000	m60_00_00_00	literal
1044369229	on	316006000	m60_00_00_00	literal
1044369230	on	316006000	m60_00_00_00	literal
1044369231	on	316106000	m60_00_00_00	literal
1044369232	on	316106000	m60_00_00_00	arg
1044369233	on	316106000	m60_00_00_00	literal
1044369234	on	316006000	m60_00_00_00	literal
1044369234	on	316106000	m60_00_00_00	literal
1044369236	on	316006000	m60_00_00_00	arg
1044369238	off	316006000	m60_00_00_00	literal
1044369238	off	316206000	m60_00_00_00	literal
1044369238	off	316211400	m14_00_00_00	literal
1044369238	off	316301400	m14_00_00_00	literal
1044369238	on	316006000	m60_00_00_00	literal
1044369238	on	316206000	m60_00_00_00	literal
1044369238	on	316211400	m14_00_00_00	literal
1044369238	on	316301400	m14_00_00_00	literal
1044369239	off	316006000	m60_00_00_00	literal
1044369239	off	316206000	m60_00_00_00	literal
1044369239	off	316211400	m14_00_00_00	literal
1044369239	off	316301400	m14_00_00_00	literal
1044369239	on	316006000	m60_00_00_00	literal
1044369239	on	316206000	m60_00_00_00	literal
1044369239	on	316211400	m14_00_00_00	literal
1044369239	on	316301400	m14_00_00_00	literal
1044369240	off	316006000	m60_00_00_00	literal
1044369240	off	316206000	m60_00_00_00	literal
1044369240	off	316211400	m14_00_00_00	literal
1044369240	off	316301400	m14_00_00_00	literal
1044369240	on	316006000	m60_00_00_00	literal
1044369240	on	316206000	m60_00_00_00	literal
1044369240	on	316211400	m14_00_00_00	literal
1044369240	on	316301400	m14_00_00_00	literal
1044369243	off	316006000	m60_00_00_00	literal
1044369243	off	316206000	m60_00_00_00	literal
1044369243	off	316211400	m14_00_00_00	literal
1044369243	off	316301400	m14_00_00_00	literal
1044369243	on	316006000	m60_00_00_00	literal
1044369243	on	316206000	m60_00_00_00	literal
1044369243	on	316211400	m14_00_00_00	literal
1044369243	on	316301400	m14_00_00_00	literal
1044369244	on	316006000	m60_00_00_00	literal
1044369244	on	316206000	m60_00_00_00	literal
1044369244	on	316211400	m14_00_00_00	literal
1044369244	on	316301400	m14_00_00_00	literal
1044369245	on	316006000	m60_00_00_00	literal
1044369245	on	316206000	m60_00_00_00	literal
1044369245	on	316211400	m14_00_00_00	literal
1044369245	on	316301400	m14_00_00_00	literal
1044369249	off	316006000	m60_00_00_00	literal
1044369249	on	316006000	m60_00_00_00	literal
1044369250	on	316006000	m60_00_00_00	literal
1044369250	on	316206000	m60_00_00_00	literal
1044369250	on	316211400	m14_00_00_00	literal
1044369250	on	316301400	m14_00_00_00	literal
1044372711	on	988006000	m60_00_00_00	arg
1044372712	on	988006000	m60_00_00_00	arg
1044372713	off	988006000	m60_00_00_00	literal
1044372713	on	988006000	m60_00_00_00	literal
1044372714	on	988006000	m60_00_00_00	literal
1044372717	off	988006000	m60_00_00_00	literal
1044372717	on	988006000	m60_00_00_00	literal
1044379252	on	988006000	m60_00_00_00	arg
1044379256	on	218001202	m12_02_00_00	literal
1044379256	on	218001207	m12_07_00_00	literal
1044379256	on	988006000	m60_00_00_00	arg
1044379257	on	988006000	m60_00_00_00	arg
1044379258	on	988006000	m60_00_00_00	literal
1044379260	on	988006000	m60_00_00_00	literal
1044379262	on	988006000	m60_00_00_00	arg
1044379270	on	988006000	m60_00_00_00	arg
1044379271	on	988006000	m60_00_00_00	arg
1044382712	on	988006000	m60_00_00_00	literal
1044389202	on	318001110	m11_10_00_00	literal
1044389202	on	318006000	m60_00_00_00	literal
1044389206	on	318001110	m11_10_00_00	literal
1044389206	on	318006000	m60_00_00_00	literal
1044389208	on	318001110	m11_10_00_00	literal
1044389208	on	318006000	m60_00_00_00	literal
1044389211	on	318001110	m11_10_00_00	literal
1044389211	on	318006000	m60_00_00_00	literal
1044389252	on	988006000	m60_00_00_00	arg
1044389253	on	988006000	m60_00_00_00	arg
1044389254	on	988006000	m60_00_00_00	arg
1044389255	on	988006000	m60_00_00_00	literal
1044389256	on	988006000	m60_00_00_00	arg
1044389257	on	988006000	m60_00_00_00	arg
1044389263	on	988006000	m60_00_00_00	arg
1044392700	on	319001110	m11_10_00_00	arg
1044392700	on	319006000	m60_00_00_00	arg
1044392701	on	319001110	m11_10_00_00	arg
1044392701	on	319006000	m60_00_00_00	arg
1044392710	on	801116000	m60_00_00_00	arg
1044392715	on	801116000	m60_00_00_00	arg
1044399202	on	319001110	m11_10_00_00	arg
1044399202	on	319006000	m60_00_00_00	arg
1044399205	on	319001110	m11_10_00_00	arg
1044399205	on	319006000	m60_00_00_00	arg
1044399206	on	319001110	m11_10_00_00	arg
1044399206	on	319001110	m11_10_00_00	literal
1044399206	on	319006000	m60_00_00_00	arg
1044399206	on	319006000	m60_00_00_00	literal
1044399207	on	319001110	m11_10_00_00	literal
1044399207	on	319006000	m60_00_00_00	literal
1044399210	off	319001110	m11_10_00_00	literal
1044399210	off	319006000	m60_00_00_00	literal
1044399211	on	319001110	m11_10_00_00	arg
1044399211	on	319006000	m60_00_00_00	arg
1044399212	on	319001110	m11_10_00_00	arg
1044399212	on	319006000	m60_00_00_00	arg
1044399213	on	319001110	m11_10_00_00	literal
1044399213	on	319006000	m60_00_00_00	literal
1044399250	on	801116000	m60_00_00_00	arg
1044399255	on	801116000	m60_00_00_00	arg
1044522700	on	331006000	m60_00_00_00	literal
1044529256	other	331006000	m60_00_00_00	rawsense-1
1044529257	on	331006000	m60_00_00_00	literal
1044529258	on	331006000	m60_00_00_00	literal
1044529259	on	331006000	m60_00_00_00	literal
1044529261	on	331006000	m60_00_00_00	literal
1044529262	off	331006000	m60_00_00_00	literal
1044529262	on	331006000	m60_00_00_00	literal
1044529263	off	331006000	m60_00_00_00	literal
1044529263	on	331006000	m60_00_00_00	literal
1044529264	off	331006000	m60_00_00_00	literal
1044529264	on	331006000	m60_00_00_00	literal
1044529270	on	331206000	m60_00_00_00	literal
1044529271	on	331206000	m60_00_00_00	literal
1045342700	on	310003500	m35_00_00_00	arg
1045342700	on	310006000	m60_00_00_00	arg
1045342701	on	310003500	m35_00_00_00	arg
1045342701	on	310006000	m60_00_00_00	arg
1045342710	on	311006000	m60_00_00_00	arg
1045342711	on	311006000	m60_00_00_00	arg
1045349202	on	310003500	m35_00_00_00	arg
1045349202	on	310006000	m60_00_00_00	arg
1045349205	on	310003500	m35_00_00_00	arg
1045349205	on	310006000	m60_00_00_00	arg
1045349206	on	310003500	m35_00_00_00	arg
1045349206	on	310006000	m60_00_00_00	arg
1045349207	on	310003500	m35_00_00_00	arg
1045349207	on	310006000	m60_00_00_00	arg
1045349215	on	310003500	m35_00_00_00	literal
1045349215	on	310006000	m60_00_00_00	literal
1045349215	on	310016000	m60_00_00_00	literal
1045349215	on	311006000	m60_00_00_00	literal
1045349252	on	311006000	m60_00_00_00	arg
1045349255	on	311006000	m60_00_00_00	arg
1045349256	on	311006000	m60_00_00_00	literal
1045362702	on	801126000	m60_00_00_00	arg
1045362705	on	801126000	m60_00_00_00	arg
1045362707	on	801126000	m60_00_00_00	arg
1045369220	on	800046000	m60_00_00_00	arg
1045369223	off	800026000	m60_00_00_00	literal
1045369223	off	800036000	m60_00_00_00	literal
1045369223	off	800046000	m60_00_00_00	literal
1045369223	off	800056000	m60_00_00_00	literal
1045369223	on	800046000	m60_00_00_00	arg
1045369224	off	800026000	m60_00_00_00	literal
1045369224	off	800036000	m60_00_00_00	literal
1045369224	off	800046000	m60_00_00_00	literal
1045369224	off	800056000	m60_00_00_00	literal
1045369224	on	800046000	m60_00_00_00	arg
1045369225	off	800026000	m60_00_00_00	literal
1045369225	off	800036000	m60_00_00_00	literal
1045369225	off	800046000	m60_00_00_00	literal
1045369225	off	800056000	m60_00_00_00	literal
1045369225	on	800046000	m60_00_00_00	arg
1045369300	on	801126000	m60_00_00_00	arg
1045369305	on	801126000	m60_00_00_00	arg
1045372700	on	216001202	m12_02_00_00	arg
1045372700	on	216006000	m60_00_00_00	arg
1045372701	on	216001202	m12_02_00_00	arg
1045372701	on	216006000	m60_00_00_00	arg
1045372705	on	216001202	m12_02_00_00	literal
1045372705	on	216006000	m60_00_00_00	literal
1045372706	on	216001202	m12_02_00_00	literal
1045372706	on	216006000	m60_00_00_00	literal
1045379202	on	216001202	m12_02_00_00	arg
1045379202	on	216006000	m60_00_00_00	arg
1045379205	on	216001202	m12_02_00_00	arg
1045379205	on	216006000	m60_00_00_00	arg
1045379206	on	216001202	m12_02_00_00	literal
1045379206	on	216006000	m60_00_00_00	literal
1045379208	on	216001202	m12_02_00_00	literal
1045379208	on	216006000	m60_00_00_00	literal
1045379208	on	216016000	m60_00_00_00	literal
1045379208	on	216036000	m60_00_00_00	literal
1045379220	off	216001202	m12_02_00_00	literal
1045379220	off	216006000	m60_00_00_00	literal
1045379222	off	216001202	m12_02_00_00	literal
1045379222	off	216006000	m60_00_00_00	literal
1045382701	on	321001000	m10_00_00_00	arg
1045382701	on	321006000	m60_00_00_00	arg
1045382704	on	321001000	m10_00_00_00	arg
1045382704	on	321006000	m60_00_00_00	arg
1045382705	on	321001000	m10_00_00_00	literal
1045382705	on	321006000	m60_00_00_00	literal
1045389203	on	321001000	m10_00_00_00	arg
1045389203	on	321006000	m60_00_00_00	arg
1045389205	on	321001000	m10_00_00_00	literal
1045389205	on	321006000	m60_00_00_00	literal
1045389206	on	321001000	m10_00_00_00	literal
1045389206	on	321006000	m60_00_00_00	literal
1045389207	on	321001000	m10_00_00_00	literal
1045389207	on	321006000	m60_00_00_00	literal
1045389208	on	321001000	m10_00_00_00	literal
1045389208	on	321006000	m60_00_00_00	literal
1045389220	on	321001000	m10_00_00_00	literal
1045389220	on	321006000	m60_00_00_00	literal
1045389221	on	321001000	m10_00_00_00	literal
1045389221	on	321006000	m60_00_00_00	literal
1045389222	on	321001000	m10_00_00_00	literal
1045389222	on	321006000	m60_00_00_00	literal
1045389223	on	321001000	m10_00_00_00	literal
1045389223	on	321006000	m60_00_00_00	literal
1045389224	on	321001000	m10_00_00_00	literal
1045389224	on	321006000	m60_00_00_00	literal
1045392700	on	319001110	m11_10_00_00	arg
1045392700	on	319006000	m60_00_00_00	arg
1045392701	on	319001110	m11_10_00_00	arg
1045392701	on	319006000	m60_00_00_00	arg
1045399202	on	319001110	m11_10_00_00	arg
1045399202	on	319006000	m60_00_00_00	arg
1045399205	on	319001110	m11_10_00_00	literal
1045399205	on	319006000	m60_00_00_00	literal
1045399206	on	319001110	m11_10_00_00	arg
1045399206	on	319001110	m11_10_00_00	literal
1045399206	on	319006000	m60_00_00_00	arg
1045399206	on	319006000	m60_00_00_00	literal
1045399207	on	319001110	m11_10_00_00	arg
1045399207	on	319006000	m60_00_00_00	arg
1045399208	on	319001110	m11_10_00_00	literal
1045399208	on	319006000	m60_00_00_00	literal
1045399209	on	319001110	m11_10_00_00	literal
1045399209	on	319006000	m60_00_00_00	literal
1046360706	on	321001000	m10_00_00_00	literal
1046360706	on	321006000	m60_00_00_00	literal
1046369205	on	321001000	m10_00_00_00	arg
1046369205	on	321006000	m60_00_00_00	arg
1046369206	on	321001000	m10_00_00_00	arg
1046369206	on	321006000	m60_00_00_00	arg
1046369207	on	321001000	m10_00_00_00	arg
1046369207	on	321006000	m60_00_00_00	arg
1046382700	on	000003000	m00_00_00_00	arg
1046389200	on	000003000	m00_00_00_00	literal
1046389201	off	000001000	m00_00_00_00	literal
1046389201	on	000001000	m00_00_00_00	literal
1046389202	on	000003000	m00_00_00_00	arg
1046389203	on	000003000	m00_00_00_00	arg
1047419200	on	221006000	m60_00_00_00	literal
1047582701	on	228106000	m60_00_00_00	literal
1047589205	on	228106000	m60_00_00_00	literal
1047589206	on	228106000	m60_00_00_00	literal
1047589250	on	603036000	m60_00_00_00	arg
1048382702	on	801226000	m60_00_00_00	arg
1048382705	on	801226000	m60_00_00_00	arg
1048382707	on	801226000	m60_00_00_00	arg
1048389200	on	801226000	m60_00_00_00	arg
1048389205	on	801226000	m60_00_00_00	arg
1048399200	on	101406000	m60_00_00_00	arg
1048410701	on	801256000	m60_00_00_00	arg
1048412700	on	801256000	m60_00_00_00	arg
1048412705	on	801256000	m60_00_00_00	arg
1048412707	on	801256000	m60_00_00_00	arg
1048419205	on	801256000	m60_00_00_00	arg
1049372700	on	801236000	m60_00_00_00	arg
1049372705	on	801236000	m60_00_00_00	arg
1049372707	on	801236000	m60_00_00_00	arg
1049379200	on	801236000	m60_00_00_00	arg
1049379205	on	801236000	m60_00_00_00	arg
1049532500	on	610006000	m60_00_00_00	literal
1049532504	on	610006000	m60_00_00_00	literal
1049539205	on	318001110	m11_10_00_00	literal
1049539205	on	318006000	m60_00_00_00	literal
1049539206	on	318001110	m11_10_00_00	literal
1049539206	on	318006000	m60_00_00_00	literal
1049539207	on	318001110	m11_10_00_00	literal
1049539207	on	318006000	m60_00_00_00	literal
1049539208	on	318001110	m11_10_00_00	literal
1049539208	on	318006000	m60_00_00_00	literal
1049539209	off	318001110	m11_10_00_00	literal
1049539209	off	318006000	m60_00_00_00	literal
1049539209	on	318001110	m11_10_00_00	literal
1049539209	on	318006000	m60_00_00_00	literal
1049539300	on	101506000	m60_00_00_00	arg
1049542700	on	228306000	m60_00_00_00	literal
1049549002	on	335006000	m60_00_00_00	arg
1049549005	on	335006000	m60_00_00_00	arg
1049549006	off	335006000	m60_00_00_00	literal
1049549006	on	335006000	m60_00_00_00	conditional
1049549007	on	335006000	m60_00_00_00	arg
1049549008	off	335006000	m60_00_00_00	literal
1049549008	on	335006000	m60_00_00_00	conditional
1049549201	on	228306000	m60_00_00_00	literal
1049552700	on	335006000	m60_00_00_00	arg
1049552701	on	335006000	m60_00_00_00	arg
1049552702	on	335006000	m60_00_00_00	literal
1050302710	on	800106000	m60_00_00_00	arg
1050302710	on	800116000	m60_00_00_00	arg
1050302710	on	800126000	m60_00_00_00	arg
1050302715	on	800106000	m60_00_00_00	arg
1050302715	on	800116000	m60_00_00_00	arg
1050302715	on	800126000	m60_00_00_00	arg
1050302716	on	800106000	m60_00_00_00	arg
1050302716	on	800116000	m60_00_00_00	arg
1050302716	on	800126000	m60_00_00_00	arg
1050302717	on	800106000	m60_00_00_00	arg
1050302717	on	800116000	m60_00_00_00	arg
1050302717	on	800126000	m60_00_00_00	arg
1050302718	on	800106000	m60_00_00_00	arg
1050302718	on	800116000	m60_00_00_00	arg
1050302718	on	800126000	m60_00_00_00	arg
1050302719	on	800106000	m60_00_00_00	arg
1050302719	on	800116000	m60_00_00_00	arg
1050302719	on	800126000	m60_00_00_00	arg
1050309251	on	800106000	m60_00_00_00	arg
1050309251	on	800116000	m60_00_00_00	arg
1050309251	on	800126000	m60_00_00_00	arg
1050309252	on	800106000	m60_00_00_00	arg
1050309252	on	800116000	m60_00_00_00	arg
1050309252	on	800126000	m60_00_00_00	arg
1050309254	on	800106000	m60_00_00_00	arg
1050309254	on	800116000	m60_00_00_00	arg
1050309254	on	800126000	m60_00_00_00	arg
1050309255	off	800106000	m60_00_00_00	arg
1050309255	off	800116000	m60_00_00_00	arg
1050309255	off	800126000	m60_00_00_00	arg
1050309255	on	800106000	m60_00_00_00	arg
1050309255	on	800116000	m60_00_00_00	arg
1050309255	on	800126000	m60_00_00_00	arg
1050309256	off	800106000	m60_00_00_00	arg
1050309256	off	800116000	m60_00_00_00	arg
1050309256	off	800126000	m60_00_00_00	arg
1050309256	on	800106000	m60_00_00_00	arg
1050309256	on	800116000	m60_00_00_00	arg
1050309256	on	800126000	m60_00_00_00	arg
1050309260	on	800106000	m60_00_00_00	arg
1050309260	on	800116000	m60_00_00_00	arg
1050309260	on	800126000	m60_00_00_00	arg
1050309261	on	800106000	m60_00_00_00	arg
1050309261	on	800116000	m60_00_00_00	arg
1050309261	on	800126000	m60_00_00_00	arg
1050309266	on	800106000	m60_00_00_00	arg
1050309266	on	800116000	m60_00_00_00	arg
1050309266	on	800126000	m60_00_00_00	arg
1050309270	on	800106000	m60_00_00_00	arg
1050309270	on	800116000	m60_00_00_00	arg
1050309270	on	800126000	m60_00_00_00	arg
1050309271	on	800106000	m60_00_00_00	arg
1050309271	on	800116000	m60_00_00_00	arg
1050309271	on	800126000	m60_00_00_00	arg
1050309272	on	800106000	m60_00_00_00	arg
1050309272	on	800116000	m60_00_00_00	arg
1050309272	on	800126000	m60_00_00_00	arg
1050309275	on	800106000	m60_00_00_00	arg
1050309275	on	800116000	m60_00_00_00	arg
1050309275	on	800126000	m60_00_00_00	arg
1050309276	on	800106000	m60_00_00_00	arg
1050309276	on	800116000	m60_00_00_00	arg
1050309276	on	800126000	m60_00_00_00	arg
1050309277	on	800106000	m60_00_00_00	arg
1050309277	on	800116000	m60_00_00_00	arg
1050309277	on	800126000	m60_00_00_00	arg
1050309291	on	800106000	m60_00_00_00	arg
1050309291	on	800116000	m60_00_00_00	arg
1050309291	on	800126000	m60_00_00_00	arg
1050309294	on	800106000	m60_00_00_00	arg
1050309294	on	800116000	m60_00_00_00	arg
1050309294	on	800126000	m60_00_00_00	arg
1050309295	on	800106000	m60_00_00_00	arg
1050309295	on	800116000	m60_00_00_00	arg
1050309295	on	800126000	m60_00_00_00	arg
1050309297	on	800106000	m60_00_00_00	arg
1050309297	on	800116000	m60_00_00_00	arg
1050309297	on	800126000	m60_00_00_00	arg
1050309298	on	800106000	m60_00_00_00	arg
1050309298	on	800116000	m60_00_00_00	arg
1050309298	on	800126000	m60_00_00_00	arg
1050382703	on	349006000	m60_00_00_00	literal
1050382704	on	349006000	m60_00_00_00	literal
1050382711	on	348001500	m15_00_00_00	literal
1050382711	on	348006000	m60_00_00_00	literal
1050382712	on	348001500	m15_00_00_00	literal
1050382712	on	348006000	m60_00_00_00	literal
1050382715	on	348001500	m15_00_00_00	literal
1050382715	on	348006000	m60_00_00_00	literal
1050382716	on	348001500	m15_00_00_00	literal
1050382716	on	348006000	m60_00_00_00	literal
1050382718	on	348001500	m15_00_00_00	conditional
1050382718	on	348006000	m60_00_00_00	conditional
1050382719	off	348001500	m15_00_00_00	literal
1050382719	off	348006000	m60_00_00_00	literal
1050382719	on	348001500	m15_00_00_00	literal
1050382719	on	348006000	m60_00_00_00	literal
1050389203	on	349006000	m60_00_00_00	arg
1050389205	on	349006000	m60_00_00_00	literal
1050389206	on	349006000	m60_00_00_00	literal
1050389207	on	349006000	m60_00_00_00	literal
1050389208	on	349006000	m60_00_00_00	literal
1050389209	off	349006000	m60_00_00_00	literal
1050389210	on	349006000	m60_00_00_00	literal
1050389211	on	349006000	m60_00_00_00	literal
1050389215	on	349006000	m60_00_00_00	literal
1050389216	on	349006000	m60_00_00_00	literal
1050389217	on	349006000	m60_00_00_00	literal
1050389218	off	349006000	m60_00_00_00	literal
1050389218	on	349006000	m60_00_00_00	literal
1050389219	on	349006000	m60_00_00_00	literal
1050389220	off	349006000	m60_00_00_00	literal
1050389220	on	349006000	m60_00_00_00	literal
1050389221	on	349006000	m60_00_00_00	literal
1050389222	off	349006000	m60_00_00_00	literal
1050389222	on	349006000	m60_00_00_00	literal
1050389223	on	349006000	m60_00_00_00	literal
1050389224	off	349006000	m60_00_00_00	literal
1050389224	on	349006000	m60_00_00_00	literal
1050389225	on	349006000	m60_00_00_00	literal
1050389226	off	349006000	m60_00_00_00	literal
1050389226	on	349006000	m60_00_00_00	literal
1050389227	on	349006000	m60_00_00_00	literal
1050389229	off	349006000	m60_00_00_00	literal
1050389229	on	349006000	m60_00_00_00	literal
1050389230	on	349006000	m60_00_00_00	literal
1050389231	off	349006000	m60_00_00_00	literal
1050389231	on	349006000	m60_00_00_00	literal
1050389233	on	349006000	m60_00_00_00	literal
1050389234	on	349006000	m60_00_00_00	arg
1050389235	on	349006000	m60_00_00_00	arg
1050389236	off	349006000	m60_00_00_00	literal
1050389236	on	349006000	m60_00_00_00	literal
1050389237	on	349006000	m60_00_00_00	literal
1050389253	on	348001500	m15_00_00_00	literal
1050389253	on	348006000	m60_00_00_00	literal
1050389255	on	348001500	m15_00_00_00	literal
1050389255	on	348006000	m60_00_00_00	literal
1050389256	on	348001500	m15_00_00_00	literal
1050389256	on	348006000	m60_00_00_00	literal
1050389257	on	348001500	m15_00_00_00	literal
1050389257	on	348006000	m60_00_00_00	literal
1050389258	on	348001500	m15_00_00_00	literal
1050389258	on	348006000	m60_00_00_00	literal
1050389259	off	348001500	m15_00_00_00	literal
1050389259	off	348006000	m60_00_00_00	literal
1050389266	on	348001500	m15_00_00_00	literal
1050389266	on	348006000	m60_00_00_00	literal
1051362701	on	312001400	m14_00_00_00	arg
1051362701	on	312006000	m60_00_00_00	arg
1051362702	on	312001400	m14_00_00_00	literal
1051362702	on	312006000	m60_00_00_00	literal
1051362702	on	312026000	m60_00_00_00	literal
1051362730	on	216001202	m12_02_00_00	arg
1051362730	on	216006000	m60_00_00_00	arg
1051362731	on	216001202	m12_02_00_00	arg
1051362731	on	216006000	m60_00_00_00	arg
1051369205	on	312001400	m14_00_00_00	literal
1051369205	on	312006000	m60_00_00_00	literal
1051369205	on	312026000	m60_00_00_00	literal
1051369206	on	312001400	m14_00_00_00	arg
1051369206	on	312006000	m60_00_00_00	arg
1051369206	on	312026000	m60_00_00_00	arg
1051369210	on	312001400	m14_00_00_00	arg
1051369210	on	312006000	m60_00_00_00	arg
1051369210	on	312026000	m60_00_00_00	arg
1051369211	on	312001400	m14_00_00_00	literal
1051369211	on	312006000	m60_00_00_00	literal
1051369211	on	312026000	m60_00_00_00	literal
1051369227	on	312006000	m60_00_00_00	literal
1051369235	on	312001400	m14_00_00_00	arg
1051369235	on	312006000	m60_00_00_00	arg
1051369235	on	312026000	m60_00_00_00	arg
1051369236	on	312001400	m14_00_00_00	arg
1051369236	on	312006000	m60_00_00_00	arg
1051369236	on	312026000	m60_00_00_00	arg
1051369255	on	220001300	m13_00_00_00	literal
1051369255	on	220003207	m32_07_00_00	literal
1051369255	on	220006000	m60_00_00_00	literal
1051369255	on	220016000	m60_00_00_00	literal
1051369255	on	220026000	m60_00_00_00	literal
1051369265	on	220001300	m13_00_00_00	literal
1051369265	on	220003207	m32_07_00_00	literal
1051369265	on	220006000	m60_00_00_00	literal
1051369265	on	220016000	m60_00_00_00	literal
1051369265	on	220026000	m60_00_00_00	literal
1051369266	on	220001300	m13_00_00_00	literal
1051369266	on	220003207	m32_07_00_00	literal
1051369266	on	220006000	m60_00_00_00	literal
1051369266	on	220016000	m60_00_00_00	literal
1051369266	on	220026000	m60_00_00_00	literal
1051369267	on	220001300	m13_00_00_00	literal
1051369267	on	220003207	m32_07_00_00	literal
1051369267	on	220006000	m60_00_00_00	literal
1051369267	on	220016000	m60_00_00_00	literal
1051369267	on	220026000	m60_00_00_00	literal
1051369352	on	216001202	m12_02_00_00	arg
1051369352	on	216006000	m60_00_00_00	arg
1051369355	on	216001202	m12_02_00_00	arg
1051369355	on	216006000	m60_00_00_00	arg
1051369358	on	216001202	m12_02_00_00	literal
1051369358	on	216006000	m60_00_00_00	literal
1051369950	on	906006000	m60_00_00_00	literal
1051432702	on	202006000	m60_00_00_00	arg
1051432704	on	202006000	m60_00_00_00	arg
1051432705	on	202006000	m60_00_00_00	literal
1051432706	on	202006000	m60_00_00_00	literal
1051432707	on	202006000	m60_00_00_00	literal
1051432709	on	202006000	m60_00_00_00	literal
1051439205	on	202006000	m60_00_00_00	literal
1051439206	off	202006000	m60_00_00_00	literal
1051439206	on	202006000	m60_00_00_00	literal
1051439207	off	202006000	m60_00_00_00	literal
1051439211	on	202006000	m60_00_00_00	arg
1051562703	on	227006000	m60_00_00_00	literal
1051562705	on	227006000	m60_00_00_00	literal
1051562707	on	227006000	m60_00_00_00	literal
1051562709	on	227006000	m60_00_00_00	literal
1051562720	on	228206000	m60_00_00_00	literal
1051562732	on	351001100	m11_00_00_00	literal
1051562732	on	351001105	m11_05_00_00	literal
1051562732	on	351001110	m11_10_00_00	literal
1051562732	on	351006000	m60_00_00_00	literal
1051562740	on	801266000	m60_00_00_00	arg
1051562745	on	801266000	m60_00_00_00	arg
1051562747	on	801266000	m60_00_00_00	arg
1051569255	on	348001500	m15_00_00_00	literal
1051569255	on	348006000	m60_00_00_00	literal
1051569256	on	348001500	m15_00_00_00	literal
1051569256	on	348006000	m60_00_00_00	literal
1051569301	on	228206000	m60_00_00_00	literal
1051569355	on	351001100	m11_00_00_00	literal
1051569355	on	351001105	m11_05_00_00	literal
1051569355	on	351001110	m11_10_00_00	literal
1051569355	on	351006000	m60_00_00_00	literal
1051569356	off	351001100	m11_00_00_00	literal
1051569356	off	351001105	m11_05_00_00	literal
1051569356	off	351001110	m11_10_00_00	literal
1051569356	off	351006000	m60_00_00_00	literal
1051569356	on	351001100	m11_00_00_00	literal
1051569356	on	351001105	m11_05_00_00	literal
1051569356	on	351001110	m11_10_00_00	literal
1051569356	on	351006000	m60_00_00_00	literal
1051569357	on	351001100	m11_00_00_00	literal
1051569357	on	351001105	m11_05_00_00	literal
1051569357	on	351001110	m11_10_00_00	literal
1051569357	on	351006000	m60_00_00_00	literal
1051569358	off	351001100	m11_00_00_00	literal
1051569358	off	351001105	m11_05_00_00	literal
1051569358	off	351001110	m11_10_00_00	literal
1051569358	off	351006000	m60_00_00_00	literal
1051569358	on	351001100	m11_00_00_00	literal
1051569358	on	351001105	m11_05_00_00	literal
1051569358	on	351001110	m11_10_00_00	literal
1051569358	on	351006000	m60_00_00_00	literal
1051569359	on	351001100	m11_00_00_00	literal
1051569359	on	351001105	m11_05_00_00	literal
1051569359	on	351001110	m11_10_00_00	literal
1051569359	on	351006000	m60_00_00_00	literal
1051569360	off	351001100	m11_00_00_00	literal
1051569360	off	351001105	m11_05_00_00	literal
1051569360	off	351001110	m11_10_00_00	literal
1051569360	off	351006000	m60_00_00_00	literal
1051569360	on	351001100	m11_00_00_00	literal
1051569360	on	351001105	m11_05_00_00	literal
1051569360	on	351001110	m11_10_00_00	literal
1051569360	on	351006000	m60_00_00_00	literal
1051569361	on	351001100	m11_00_00_00	literal
1051569361	on	351001105	m11_05_00_00	literal
1051569361	on	351001110	m11_10_00_00	literal
1051569361	on	351006000	m60_00_00_00	literal
1051569362	on	351001100	m11_00_00_00	arg
1051569362	on	351001105	m11_05_00_00	arg
1051569362	on	351001110	m11_10_00_00	arg
1051569362	on	351006000	m60_00_00_00	arg
1051569400	on	801266000	m60_00_00_00	arg
1051569405	on	801266000	m60_00_00_00	arg
1051569455	on	112001100	m11_00_00_00	literal
1051569455	on	112006000	m60_00_00_00	literal
1051579200	on	603026000	m60_00_00_00	arg
1052382720	on	216001202	m12_02_00_00	arg
1052382720	on	216006000	m60_00_00_00	arg
1052382721	on	216001202	m12_02_00_00	arg
1052382721	on	216006000	m60_00_00_00	arg
1052389302	on	216001202	m12_02_00_00	arg
1052389302	on	216006000	m60_00_00_00	arg
1052389305	on	216001202	m12_02_00_00	arg
1052389305	on	216006000	m60_00_00_00	arg
1052389306	on	216001202	m12_02_00_00	literal
1052389306	on	216006000	m60_00_00_00	literal
1052389307	on	216001202	m12_02_00_00	arg
1052389307	on	216006000	m60_00_00_00	arg
1054539200	on	000001000	m00_00_00_00	literal
1054539200	on	000003000	m00_00_00_00	literal
1054539201	on	000001000	m00_00_00_00	literal
1054539205	on	000001000	m00_00_00_00	literal
1054539205	on	000003000	m00_00_00_00	literal
1054539206	off	000001000	m00_00_00_00	literal
1054539206	on	000001000	m00_00_00_00	literal
1054539210	off	000001000	m00_00_00_00	literal
1054539210	on	000001000	m00_00_00_00	literal
1054539211	on	000003000	m00_00_00_00	arg
1054539215	off	000001000	m00_00_00_00	literal
1054539215	on	000001000	m00_00_00_00	literal
1054539216	on	000003000	m00_00_00_00	arg
1054559200	off	000001000	m00_00_00_00	literal
1054559200	on	000001000	m00_00_00_00	literal
1054559201	on	000003000	m00_00_00_00	arg
1054559202	on	000003000	m00_00_00_00	arg
2044469205	on	450076100	m61_00_00_00	arg
2045409200	on	430036100	m61_00_00_00	arg
2045422700	off	416006100	m61_00_00_00	literal
2045422700	on	416006100	m61_00_00_00	literal
2045422713	on	415006100	m61_00_00_00	arg
2045422714	on	415006100	m61_00_00_00	arg
2045422714	on	415006100	m61_00_00_00	literal
2045422715	on	415006100	m61_00_00_00	arg
2045422717	on	415006100	m61_00_00_00	literal
2045429206	on	416006100	m61_00_00_00	arg
2045429207	on	416006100	m61_00_00_00	arg
2045429208	on	416006100	m61_00_00_00	arg
2045429209	on	416006100	m61_00_00_00	arg
2045429210	on	416006100	m61_00_00_00	arg
2045429211	on	416006100	m61_00_00_00	arg
2045429213	on	416006100	m61_00_00_00	arg
2045429214	on	416006100	m61_00_00_00	arg
2045429215	on	416006100	m61_00_00_00	arg
2045429216	on	416006100	m61_00_00_00	arg
2045429220	on	416006100	m61_00_00_00	arg
2045429221	on	416006100	m61_00_00_00	arg
2045429222	on	416006100	m61_00_00_00	arg
2045429225	on	416006100	m61_00_00_00	literal
2045429227	on	416006100	m61_00_00_00	literal
2045429255	on	415006100	m61_00_00_00	arg
2045429256	on	415006100	m61_00_00_00	arg
2045429257	on	415006100	m61_00_00_00	arg
2045429258	on	415006100	m61_00_00_00	arg
2045429259	on	415016100	m61_00_00_00	arg
2045429261	on	415006100	m61_00_00_00	arg
2045429262	on	415006100	m61_00_00_00	arg
2045429263	on	415006100	m61_00_00_00	arg
2045429264	on	415006100	m61_00_00_00	arg
2045429265	on	415006100	m61_00_00_00	arg
2045429266	on	415006100	m61_00_00_00	literal
2045429267	on	415006100	m61_00_00_00	literal
2045429268	on	415006100	m61_00_00_00	arg
2045429269	on	415006100	m61_00_00_00	arg
2045429271	on	415006100	m61_00_00_00	arg
2045429272	on	415006100	m61_00_00_00	arg
2045429273	on	415006100	m61_00_00_00	arg
2045429274	on	415006100	m61_00_00_00	arg
2045429275	on	415006100	m61_00_00_00	arg
2045429276	on	415006100	m61_00_00_00	literal
2045429300	off	415006100	m61_00_00_00	literal
2045429301	off	415006100	m61_00_00_00	literal
2045429301	on	415006100	m61_00_00_00	literal
2045429302	off	415006100	m61_00_00_00	literal
2045429302	on	415006100	m61_00_00_00	literal
2045429303	off	415006100	m61_00_00_00	literal
2045429303	on	415006100	m61_00_00_00	literal
2045429309	on	415006100	m61_00_00_00	literal
2045429318	on	415016100	m61_00_00_00	literal
2045429320	on	415006100	m61_00_00_00	literal
2045429321	on	415006100	m61_00_00_00	literal
2045429322	on	415006100	m61_00_00_00	literal
2045429330	off	415006100	m61_00_00_00	literal
2045429330	off	600001110	m11_10_00_00	literal
2045429330	on	415006100	m61_00_00_00	literal
2045429330	on	419002200	m22_00_00_00	literal
2045429330	on	419006100	m61_00_00_00	literal
2045429330	on	600001110	m11_10_00_00	literal
2045429331	off	415006100	m61_00_00_00	literal
2045429331	off	419006100	m61_00_00_00	literal
2045429331	off	600001110	m11_10_00_00	literal
2045429331	on	415006100	m61_00_00_00	literal
2045429331	on	419006100	m61_00_00_00	literal
2045429331	on	600001110	m11_10_00_00	conditional
2046422700	off	414002101	m21_01_00_00	arg
2046422700	off	414006100	m61_00_00_00	arg
2046422700	on	414002101	m21_01_00_00	arg
2046422700	on	414006100	m61_00_00_00	arg
2046422701	off	414002101	m21_01_00_00	literal
2046422701	off	414006100	m61_00_00_00	literal
2046422701	on	414002101	m21_01_00_00	arg
2046422701	on	414002101	m21_01_00_00	literal
2046422701	on	414006100	m61_00_00_00	arg
2046422701	on	414006100	m61_00_00_00	literal
2046422707	off	414002101	m21_01_00_00	arg
2046422707	off	414006100	m61_00_00_00	arg
2046422707	on	414002101	m21_01_00_00	literal
2046422707	on	414006100	m61_00_00_00	literal
2046422721	off	417002101	m21_01_00_00	literal
2046422721	off	417006100	m61_00_00_00	literal
2046422721	on	417002101	m21_01_00_00	literal
2046422721	on	417006100	m61_00_00_00	literal
2046422722	off	417002101	m21_01_00_00	literal
2046422722	off	417006100	m61_00_00_00	literal
2046422722	on	417002101	m21_01_00_00	literal
2046422722	on	417006100	m61_00_00_00	literal
2046429205	on	414002101	m21_01_00_00	arg
2046429205	on	414006100	m61_00_00_00	arg
2046429206	on	414002101	m21_01_00_00	arg
2046429206	on	414006100	m61_00_00_00	arg
2046429207	on	414002101	m21_01_00_00	arg
2046429207	on	414006100	m61_00_00_00	arg
2046429209	on	414002101	m21_01_00_00	arg
2046429209	on	414006100	m61_00_00_00	arg
2046429210	on	414002101	m21_01_00_00	literal
2046429210	on	414006100	m61_00_00_00	literal
2046429211	on	414002101	m21_01_00_00	literal
2046429211	on	414006100	m61_00_00_00	literal
2046429217	on	414002101	m21_01_00_00	arg
2046429217	on	414006100	m61_00_00_00	arg
2046429218	on	414002101	m21_01_00_00	arg
2046429218	on	414006100	m61_00_00_00	arg
2046429219	on	414002101	m21_01_00_00	arg
2046429219	on	414006100	m61_00_00_00	arg
2046429220	on	414002101	m21_01_00_00	arg
2046429220	on	414006100	m61_00_00_00	arg
2046429221	on	414002101	m21_01_00_00	literal
2046429221	on	414006100	m61_00_00_00	literal
2046429355	on	417002101	m21_01_00_00	arg
2046429355	on	417006100	m61_00_00_00	arg
2046429356	on	417002101	m21_01_00_00	arg
2046429356	on	417006100	m61_00_00_00	arg
2046429357	on	417002101	m21_01_00_00	arg
2046429357	on	417006100	m61_00_00_00	arg
2046429358	on	417002101	m21_01_00_00	arg
2046429358	on	417006100	m61_00_00_00	arg
2046429360	on	417002101	m21_01_00_00	arg
2046429360	on	417006100	m61_00_00_00	arg
2046429361	on	417002101	m21_01_00_00	arg
2046429361	on	417006100	m61_00_00_00	arg
2046429362	on	417002101	m21_01_00_00	arg
2046429362	on	417006100	m61_00_00_00	arg
2046429363	on	417002101	m21_01_00_00	arg
2046429363	on	417006100	m61_00_00_00	arg
2046429364	on	417002101	m21_01_00_00	arg
2046429364	on	417006100	m61_00_00_00	arg
2046429365	on	417002101	m21_01_00_00	arg
2046429365	on	417006100	m61_00_00_00	arg
2046429366	on	417002101	m21_01_00_00	arg
2046429366	on	417006100	m61_00_00_00	arg
2046429368	on	417002101	m21_01_00_00	arg
2046429368	on	417006100	m61_00_00_00	arg
2046429369	on	417002101	m21_01_00_00	arg
2046429369	on	417006100	m61_00_00_00	arg
2046429371	on	417002101	m21_01_00_00	literal
2046429371	on	417006100	m61_00_00_00	literal
2046429373	on	417002101	m21_01_00_00	literal
2046429373	on	417006100	m61_00_00_00	literal
2046429374	off	417002101	m21_01_00_00	literal
2046429374	off	417006100	m61_00_00_00	literal
2046429374	on	417002101	m21_01_00_00	literal
2046429374	on	417006100	m61_00_00_00	literal
2046429378	on	417002101	m21_01_00_00	literal
2046429378	on	417006100	m61_00_00_00	literal
2046449205	on	450016100	m61_00_00_00	arg
2047419205	on	450026100	m61_00_00_00	arg
2047419206	on	450046100	m61_00_00_00	arg
2047419207	on	450086100	m61_00_00_00	arg
2047449205	on	450056100	m61_00_00_00	arg
2047462700	on	413106100	m61_00_00_00	arg
2047469250	on	430056100	m61_00_00_00	arg
2048419200	on	430046100	m61_00_00_00	arg
2048422701	on	403006100	m61_00_00_00	arg
2048422702	on	403006100	m61_00_00_00	arg
2048422705	off	403006100	m61_00_00_00	arg
2048422705	on	403006100	m61_00_00_00	arg
2048422706	on	403006100	m61_00_00_00	arg
2048422707	on	403006100	m61_00_00_00	literal
2048422708	on	403006100	m61_00_00_00	literal
2048422709	off	403006100	m61_00_00_00	literal
2048422709	on	000001000	m00_00_00_00	literal
2048429202	on	403006100	m61_00_00_00	arg
2048429208	on	403006100	m61_00_00_00	arg
2048429209	on	403006100	m61_00_00_00	arg
2048429210	on	403006100	m61_00_00_00	arg
2048429211	on	403006100	m61_00_00_00	arg
2048429219	on	403006100	m61_00_00_00	literal
2048429220	on	403006100	m61_00_00_00	arg
2048432705	off	419006100	m61_00_00_00	literal
2048432705	on	419006100	m61_00_00_00	literal
2048432709	off	419002200	m22_00_00_00	literal
2048432709	off	419006100	m61_00_00_00	literal
2048432709	on	419002200	m22_00_00_00	literal
2048432709	on	419006100	m61_00_00_00	literal
2048439205	on	419002200	m22_00_00_00	literal
2048439205	on	419006100	m61_00_00_00	literal
2048439206	on	419002200	m22_00_00_00	literal
2048439206	on	419006100	m61_00_00_00	literal
2048439213	on	419002200	m22_00_00_00	literal
2048439213	on	419006100	m61_00_00_00	literal
2048439215	on	419002200	m22_00_00_00	arg
2048439215	on	419006100	m61_00_00_00	arg
2048439216	on	419002200	m22_00_00_00	arg
2048439216	on	419006100	m61_00_00_00	arg
2048439217	on	419002200	m22_00_00_00	literal
2048439217	on	419006100	m61_00_00_00	literal
2048439218	on	419002200	m22_00_00_00	arg
2048439218	on	419006100	m61_00_00_00	arg
2048439219	on	419002200	m22_00_00_00	arg
2048439219	on	419006100	m61_00_00_00	arg
2048439222	on	419002200	m22_00_00_00	arg
2048439222	on	419006100	m61_00_00_00	arg
2048439223	on	419002200	m22_00_00_00	arg
2048439223	on	419006100	m61_00_00_00	arg
2048439225	on	419002200	m22_00_00_00	arg
2048439225	on	419006100	m61_00_00_00	arg
2048439226	on	419002200	m22_00_00_00	arg
2048439226	on	419006100	m61_00_00_00	arg
2048439228	on	419002200	m22_00_00_00	arg
2048439228	on	419006100	m61_00_00_00	arg
2048439229	on	419002200	m22_00_00_00	arg
2048439229	on	419006100	m61_00_00_00	arg
2048439230	on	419002200	m22_00_00_00	arg
2048439230	on	419006100	m61_00_00_00	arg
2048439232	on	419002200	m22_00_00_00	arg
2048439232	on	419006100	m61_00_00_00	arg
2048439233	on	419002200	m22_00_00_00	arg
2048439233	on	419006100	m61_00_00_00	arg
2048439235	on	419002200	m22_00_00_00	arg
2048439235	on	419006100	m61_00_00_00	arg
2048439236	on	419002200	m22_00_00_00	arg
2048439236	on	419006100	m61_00_00_00	arg
2048439250	on	430066100	m61_00_00_00	arg
2048449300	on	430006100	m61_00_00_00	arg
2048452700	off	414002101	m21_01_00_00	arg
2048452700	off	414006100	m61_00_00_00	arg
2048452700	on	414002101	m21_01_00_00	arg
2048452700	on	414006100	m61_00_00_00	arg
2048452701	off	414002101	m21_01_00_00	literal
2048452701	off	414006100	m61_00_00_00	literal
2048452701	on	414002101	m21_01_00_00	arg
2048452701	on	414002101	m21_01_00_00	literal
2048452701	on	414006100	m61_00_00_00	arg
2048452701	on	414006100	m61_00_00_00	literal
2048452707	off	414002101	m21_01_00_00	arg
2048452707	off	414006100	m61_00_00_00	arg
2048452707	on	414002101	m21_01_00_00	literal
2048452707	on	414006100	m61_00_00_00	literal
2048452715	off	418001205	m12_05_00_00	conditional
2048452715	off	418006100	m61_00_00_00	conditional
2048452715	on	418001205	m12_05_00_00	literal
2048452715	on	418006100	m61_00_00_00	literal
2048452717	off	418001205	m12_05_00_00	literal
2048452717	off	418006100	m61_00_00_00	literal
2048452717	on	418001205	m12_05_00_00	literal
2048452717	on	418006100	m61_00_00_00	literal
2048459205	on	414002101	m21_01_00_00	arg
2048459205	on	414002101	m21_01_00_00	literal
2048459205	on	414006100	m61_00_00_00	arg
2048459205	on	414006100	m61_00_00_00	literal
2048459206	on	414002101	m21_01_00_00	arg
2048459206	on	414006100	m61_00_00_00	arg
2048459207	on	414002101	m21_01_00_00	arg
2048459207	on	414006100	m61_00_00_00	arg
2048459208	on	414002101	m21_01_00_00	arg
2048459208	on	414006100	m61_00_00_00	arg
2048459209	on	414002101	m21_01_00_00	arg
2048459209	on	414006100	m61_00_00_00	arg
2048459210	on	414002101	m21_01_00_00	arg
2048459210	on	414006100	m61_00_00_00	arg
2048459211	on	414002101	m21_01_00_00	arg
2048459211	on	414006100	m61_00_00_00	arg
2048459212	on	414002101	m21_01_00_00	arg
2048459212	on	414006100	m61_00_00_00	arg
2048459215	on	414002101	m21_01_00_00	arg
2048459215	on	414006100	m61_00_00_00	arg
2048459219	on	414002101	m21_01_00_00	literal
2048459219	on	414006100	m61_00_00_00	literal
2048459220	on	414002101	m21_01_00_00	literal
2048459220	on	414006100	m61_00_00_00	literal
2048459221	on	414002101	m21_01_00_00	literal
2048459221	on	414006100	m61_00_00_00	literal
2048459226	on	414002101	m21_01_00_00	arg
2048459226	on	414006100	m61_00_00_00	arg
2048459227	on	414002101	m21_01_00_00	arg
2048459227	on	414006100	m61_00_00_00	arg
2048459228	on	414002101	m21_01_00_00	arg
2048459228	on	414006100	m61_00_00_00	arg
2048459229	on	414002101	m21_01_00_00	arg
2048459229	on	414006100	m61_00_00_00	arg
2048459255	on	418001205	m12_05_00_00	arg
2048459255	on	418006100	m61_00_00_00	arg
2048459257	on	418001205	m12_05_00_00	arg
2048459257	on	418006100	m61_00_00_00	arg
2048459258	on	418001205	m12_05_00_00	arg
2048459258	on	418006100	m61_00_00_00	arg
2048459260	on	418001205	m12_05_00_00	arg
2048459260	on	418006100	m61_00_00_00	arg
2048459261	on	418001205	m12_05_00_00	arg
2048459261	on	418006100	m61_00_00_00	arg
2048459262	on	418001205	m12_05_00_00	arg
2048459262	on	418006100	m61_00_00_00	arg
2048459263	on	418001205	m12_05_00_00	arg
2048459263	on	418006100	m61_00_00_00	arg
2048459264	on	418001205	m12_05_00_00	literal
2048459264	on	418006100	m61_00_00_00	literal
2048459265	on	418001205	m12_05_00_00	arg
2048459265	on	418006100	m61_00_00_00	arg
2048459266	on	418001205	m12_05_00_00	arg
2048459266	on	418006100	m61_00_00_00	arg
2048459267	on	418001205	m12_05_00_00	arg
2048459267	on	418006100	m61_00_00_00	arg
2048459268	on	418001205	m12_05_00_00	arg
2048459268	on	418006100	m61_00_00_00	arg
2048459269	on	418001205	m12_05_00_00	arg
2048459269	on	418006100	m61_00_00_00	arg
2048459270	on	418001205	m12_05_00_00	literal
2048459270	on	418006100	m61_00_00_00	literal
2048459271	on	418001205	m12_05_00_00	arg
2048459271	on	418006100	m61_00_00_00	arg
2048459272	on	418001205	m12_05_00_00	arg
2048459272	on	418006100	m61_00_00_00	arg
2048459275	on	418001205	m12_05_00_00	arg
2048459275	on	418006100	m61_00_00_00	arg
2048459277	on	418001205	m12_05_00_00	arg
2048459277	on	418006100	m61_00_00_00	arg
2048459278	on	418001205	m12_05_00_00	arg
2048459278	on	418006100	m61_00_00_00	arg
2048459279	on	418001205	m12_05_00_00	arg
2048459279	on	418006100	m61_00_00_00	arg
2048459280	on	418001205	m12_05_00_00	arg
2048459280	on	418006100	m61_00_00_00	arg
2048459281	on	418001205	m12_05_00_00	arg
2048459281	on	418006100	m61_00_00_00	arg
2048459282	on	418001205	m12_05_00_00	arg
2048459282	on	418006100	m61_00_00_00	arg
2048459294	on	418001205	m12_05_00_00	literal
2048459294	on	418006100	m61_00_00_00	literal
2048459297	on	418001205	m12_05_00_00	arg
2048459297	on	418006100	m61_00_00_00	arg
2049389205	on	450036100	m61_00_00_00	arg
2049392700	on	406006100	m61_00_00_00	literal
2049392701	off	406006100	m61_00_00_00	literal
2049392701	on	406006100	m61_00_00_00	literal
2049392702	on	406006100	m61_00_00_00	literal
2049392703	on	406006100	m61_00_00_00	literal
2049392704	off	406006100	m61_00_00_00	literal
2049392704	on	406006100	m61_00_00_00	literal
2049392707	off	406006100	m61_00_00_00	literal
2049392707	on	406006100	m61_00_00_00	literal
2049392710	on	000001000	m00_00_00_00	literal
2049392711	off	406006100	m61_00_00_00	literal
2049392711	on	406006100	m61_00_00_00	literal
2049392712	off	406006100	m61_00_00_00	literal
2049392712	on	406006100	m61_00_00_00	literal
2049399705	off	406006100	m61_00_00_00	arg
2049399705	on	406006100	m61_00_00_00	arg
2049399706	off	406006100	m61_00_00_00	literal
2049399706	on	406006100	m61_00_00_00	arg
2049399707	on	406006100	m61_00_00_00	arg
2049399708	on	406006100	m61_00_00_00	arg
2049399709	on	406006100	m61_00_00_00	arg
2049399710	on	406006100	m61_00_00_00	arg
2049399712	on	406006100	m61_00_00_00	arg
2049399713	on	406006100	m61_00_00_00	arg
2049399714	on	406006100	m61_00_00_00	arg
2049399715	on	406006100	m61_00_00_00	arg
2049399716	on	406006100	m61_00_00_00	arg
2049399718	on	406006100	m61_00_00_00	arg
2049399722	on	406006100	m61_00_00_00	literal
2049399727	on	406006100	m61_00_00_00	literal
2049399728	on	406006100	m61_00_00_00	literal
2049399735	off	406006100	m61_00_00_00	literal
2049399738	on	406006100	m61_00_00_00	arg
2049399739	on	406006100	m61_00_00_00	arg
2049399740	on	406006100	m61_00_00_00	arg
2049399741	on	406006100	m61_00_00_00	arg
2049399742	on	406006100	m61_00_00_00	arg
2049399743	on	406006100	m61_00_00_00	literal
2049399744	on	406006100	m61_00_00_00	arg
2049399745	on	406006100	m61_00_00_00	arg
2049399749	on	406006100	m61_00_00_00	arg
2049429205	on	450006100	m61_00_00_00	arg
2049442701	off	425006100	m61_00_00_00	literal
2049442701	on	425006100	m61_00_00_00	literal
2049442702	on	425006100	m61_00_00_00	literal
2049442704	off	425006100	m61_00_00_00	literal
2049442704	on	425006100	m61_00_00_00	literal
2049449205	on	425006100	m61_00_00_00	literal
2049449215	on	425006100	m61_00_00_00	arg
2049449220	on	425006100	m61_00_00_00	arg
2049469200	on	430016100	m61_00_00_00	arg
2050449205	on	450066100	m61_00_00_00	arg
2050459250	on	631006100	m61_00_00_00	arg
2050479200	on	430026100	m61_00_00_00	arg
2051399200	on	631026100	m61_00_00_00	arg
2051452701	on	409106100	m61_00_00_00	literal
2051452705	on	409106100	m61_00_00_00	literal
2051452710	on	420106100	m61_00_00_00	literal
2051452711	off	420006100	m61_00_00_00	literal
2051452711	on	420006100	m61_00_00_00	literal
2051452712	on	420006100	m61_00_00_00	literal
2051452715	off	420006100	m61_00_00_00	arg
2051452715	on	420006100	m61_00_00_00	literal
2051452716	off	420006100	m61_00_00_00	arg
2051452716	on	420006100	m61_00_00_00	literal
2051452717	off	420006100	m61_00_00_00	arg
2051452717	on	420006100	m61_00_00_00	literal
2051452718	on	420006100	m61_00_00_00	literal
2051452720	off	409006100	m61_00_00_00	literal
2051452720	on	409006100	m61_00_00_00	literal
2051452723	off	409006100	m61_00_00_00	literal
2051452723	on	409006100	m61_00_00_00	literal
2051452726	off	409006100	m61_00_00_00	literal
2051452726	on	409006100	m61_00_00_00	literal
2051452733	off	420106100	m61_00_00_00	literal
2051452733	on	420106100	m61_00_00_00	literal
2051452734	on	420106100	m61_00_00_00	literal
2051452735	off	420006100	m61_00_00_00	literal
2051452735	on	420006100	m61_00_00_00	literal
2051452736	off	420006100	m61_00_00_00	literal
2051452736	on	420006100	m61_00_00_00	literal
2051452737	off	420006100	m61_00_00_00	literal
2051452737	on	420006100	m61_00_00_00	literal
2051459201	on	420006100	m61_00_00_00	literal
2051459202	on	420006100	m61_00_00_00	literal
2051459205	on	420006100	m61_00_00_00	literal
2051459208	on	420006100	m61_00_00_00	literal
2051459209	off	420006100	m61_00_00_00	literal
2051459210	off	420006100	m61_00_00_00	literal
2051459218	on	420006100	m61_00_00_00	arg
2051459219	on	420006100	m61_00_00_00	arg
2051459220	on	420006100	m61_00_00_00	arg
2051459221	on	420006100	m61_00_00_00	arg
2051459222	on	420006100	m61_00_00_00	arg
2051459223	on	420006100	m61_00_00_00	arg
2051459224	on	420006100	m61_00_00_00	arg
2051459225	on	420006100	m61_00_00_00	arg
2051459226	on	420006100	m61_00_00_00	arg
2051459227	on	420006100	m61_00_00_00	arg
2051459228	on	420006100	m61_00_00_00	arg
2051459229	on	420006100	m61_00_00_00	arg
2051459230	on	420006100	m61_00_00_00	arg
2051459231	on	420006100	m61_00_00_00	arg
2051459232	on	420006100	m61_00_00_00	arg
2051459233	on	420006100	m61_00_00_00	arg
2051459234	on	420006100	m61_00_00_00	arg
2051459235	on	420006100	m61_00_00_00	arg
2051459236	on	420006100	m61_00_00_00	arg
2051459237	on	420006100	m61_00_00_00	arg
2051459238	on	420006100	m61_00_00_00	arg
2051459239	on	420006100	m61_00_00_00	arg
2051459240	on	420006100	m61_00_00_00	arg
2051459241	on	420006100	m61_00_00_00	arg
2051459242	on	420006100	m61_00_00_00	arg
2051459243	on	420006100	m61_00_00_00	arg
2051459244	on	420006100	m61_00_00_00	arg
2051459245	on	420006100	m61_00_00_00	arg
2051459246	on	420006100	m61_00_00_00	literal
2051459247	on	420006100	m61_00_00_00	literal
2051459248	on	420006100	m61_00_00_00	literal
2051459249	on	420006100	m61_00_00_00	literal
2051459704	on	409006100	m61_00_00_00	literal
2051459705	on	409006100	m61_00_00_00	arg
2051459706	on	409006100	m61_00_00_00	arg
2051459707	on	409006100	m61_00_00_00	arg
2051459708	on	409006100	m61_00_00_00	arg
2051459709	on	409006100	m61_00_00_00	arg
2051459710	on	409006100	m61_00_00_00	arg
2051459711	on	409006100	m61_00_00_00	arg
2051459712	on	409006100	m61_00_00_00	arg
2051459713	on	409006100	m61_00_00_00	arg
2051459714	on	409006100	m61_00_00_00	arg
2051459715	on	409006100	m61_00_00_00	arg
2051459717	on	409006100	m61_00_00_00	arg
2051459718	on	409006100	m61_00_00_00	arg
2051459719	on	409006100	m61_00_00_00	arg
2051459720	on	409006100	m61_00_00_00	arg
2051459722	on	409006100	m61_00_00_00	literal
2051459726	on	409006100	m61_00_00_00	literal
2051459729	off	409006100	m61_00_00_00	arg
2051459729	on	409006100	m61_00_00_00	arg
2051459730	off	409006100	m61_00_00_00	literal
2051459730	on	409006100	m61_00_00_00	literal
2051459731	on	409106100	m61_00_00_00	arg
2051459734	off	409006100	m61_00_00_00	literal
2051459735	on	409106100	m61_00_00_00	arg
2051459736	on	409106100	m61_00_00_00	arg
2051459737	on	409106100	m61_00_00_00	arg
2051459738	off	412006100	m61_00_00_00	literal
2051459738	on	412006100	m61_00_00_00	literal
2051459739	off	412006100	m61_00_00_00	literal
2051459740	off	412006100	m61_00_00_00	literal
2051459740	on	412006100	m61_00_00_00	literal
2051459741	on	409106100	m61_00_00_00	arg
2051459742	on	409006100	m61_00_00_00	literal
2051459743	off	409006100	m61_00_00_00	literal
2051459743	on	409006100	m61_00_00_00	literal
2051459744	off	409006100	m61_00_00_00	literal
2051459744	on	409006100	m61_00_00_00	literal
2051459745	on	409006100	m61_00_00_00	arg
2051459746	on	409006100	m61_00_00_00	arg
2051459747	on	409006100	m61_00_00_00	literal
2051459748	on	409006100	m61_00_00_00	literal
2051459760	on	409006100	m61_00_00_00	literal
2052402701	on	403006100	m61_00_00_00	arg
2052402702	on	403006100	m61_00_00_00	arg
2052402703	on	403006100	m61_00_00_00	literal
2052402705	off	403006100	m61_00_00_00	literal
2052402706	on	403006100	m61_00_00_00	literal
2052402707	on	403006100	m61_00_00_00	literal
2052409202	on	403006100	m61_00_00_00	arg
2052409205	on	403006100	m61_00_00_00	literal
2052409206	on	403006100	m61_00_00_00	arg
2052409207	on	403006100	m61_00_00_00	arg
2052409207	on	403006100	m61_00_00_00	literal
2052409208	on	403006100	m61_00_00_00	arg
2052409209	on	403006100	m61_00_00_00	literal
2053489200	on	631016100	m61_00_00_00	arg
2054392705	on	403106100	m61_00_00_00	arg
2054399208	on	403106100	m61_00_00_00	literal
