# AUTO-GENERATED by tools/datamine_flag_names.py -- DO NOT EDIT, re-emit.
# A human-readable label for an event flag, taken from FromSoft's OWN developer comment on the
# event that SETS it (the decompiled EMEVD carries `// <japanese> -- <english gloss>` above almost
# every event). The flag itself has no name anywhere in the game data.
# 🛑 IT NAMES THE EVENT, NOT THE FLAG. One event setting five flags labels all five identically --
#   an ATTRIBUTION ("set by the thing called X"), never a definition. `setters` is how many distinct
#   named setters were found; >1 means the label shown is one of several.
# 🛑 `name_en` IS A MACHINE TRANSLATION carried in the decompiled comment, not a FromSoft string.
#   `name_ja` is the datum. Read the Japanese before reasoning about meaning.
# 🛑 A FLAG ABSENT HERE IS UNNAMED, not ungated. Absence means this scan could not reach it.
# source: emevd_event (a SetEventFlag site in a NAMED event -- strongest)
#       | emevd_batch (inside a BatchSetEventFlags range in a named event; the comment names the
#                      RANGE's purpose, so it is weaker. Ranges wider than 64 are dropped)
#       | esd_talk    (no EMEVD setter; esd_flags.tsv says a talk ESD sets it. Provenance, no name)
# TIER 2 (AGENTS §5a): a hand-run emit. No build.ps1 step regenerates this and CI cannot -- the
#   EMEVD is licensing-restricted. Re-emit and commit when the corpus changes.
# MEASURED THIS RUN (recomputed on every emit):
#   files                          589
#   events                         4893
#   events_named                   3791
#   events_unnamed                 1102
#   set_sites                      4527
#   set_sites_in_unnamed_event     1247
#   batch_sites                    662
#   batch_sites_in_unnamed_event   76
#   esd_only                       2267
#   flags labelled                 5111
#     via emevd_event              2173
#     via emevd_batch              671
#     via esd_talk                 2267
flag	name_ja	name_en	source	set_by_event	map_id	setters
4		set by NPC talk 800016000 on m60_00_00_00	esd_talk	800016000	m60_00_00_00	6
20	エンディング_メリナ	Ending_Melina	emevd_event	11710100	m11_71_00_00	1
21	エンディング_ラニ	Ending_Rani	emevd_event	19000110	m19_00_00_00	1
22	エンディング_狂い火	Ending_crazy fire	emevd_event	19000120	m19_00_00_00	1
30	次の周回へ行く	go to next round	emevd_event	11100030	m11_10_00_00	1
50	ゲーム開始フラグ操作	Game start flag operation	emevd_event	700	common	1
51	ゲーム開始フラグ操作	Game start flag operation	emevd_event	700	common	1
52	ゲーム開始フラグ操作	Game start flag operation	emevd_event	700	common	1
53	ゲーム開始フラグ操作	Game start flag operation	emevd_event	700	common	1
54	ゲーム開始フラグ操作	Game start flag operation	emevd_event	700	common	1
55	ゲーム開始フラグ操作	Game start flag operation	emevd_event	700	common	1
56	ゲーム開始フラグ操作	Game start flag operation	emevd_event	700	common	1
57	ゲーム開始フラグ操作	Game start flag operation	emevd_event	700	common	1
100	ゲーム開始	game start	emevd_event	10010020	m10_01_00_00	2
101	チュートリアル開始	Start tutorial	emevd_event	18000020	m18_00_00_00	3
102	チュートリアル時間固定	Fixed tutorial time	emevd_event	18000021	m18_00_00_00	1
104		set by NPC talk 000003000 on m00_00_00_00	esd_talk	000003000	m00_00_00_00	1
105	初回拠点訪問	First base visit	emevd_event	11100020	m11_10_00_00	1
108	狂い火の受領	Receiving crazy fire	emevd_event	35002500	m35_00_00_00	1
109	狂い火の受領	Receiving crazy fire	emevd_event	35002500	m35_00_00_00	1
110	天変地異_メリナ炎上	Natural disaster_Melina goes up in flames	emevd_event	901	common	1
111	天変地異_メリナ炎上	Natural disaster_Melina goes up in flames	emevd_event	901	common	2
112	天変地異_メリナ炎上	Natural disaster_Melina goes up in flames	emevd_event	901	common	2
116	狂い火抑え_使用完了	Crazy fire suppression_Used completed	emevd_event	920	common	1
118	天変地異_世界樹炎上	Natural disaster_World tree in flames	emevd_event	900	common	1
119	黄金樹の封印	Seal of the Golden Tree	emevd_event	19002500	m19_00_00_00	1
120	エンディング_メリナ	Ending_Melina	emevd_event	11710100	m11_71_00_00	3
121	クリア後拠点訪問	Visit base after clearing	emevd_event	11100031	m11_10_00_00	1
130	巨人の火取得	Get giant fire	emevd_event	1054532500	m60_54_53_00	1
171	救済対応_伍	Relief response_5	emevd_event	6905	common	1
172	救済対応_伍	Relief response_5	emevd_event	6905	common	1
173	救済対応_伍	Relief response_5	emevd_event	6905	common	1
174	救済対応_伍	Relief response_5	emevd_event	6905	common	1
175	救済対応_伍	Relief response_5	emevd_event	6905	common	1
176	救済対応_伍	Relief response_5	emevd_event	6905	common	1
177	救済対応_伍	Relief response_5	emevd_event	6905	common	1
200	ホスト／ゲスト判定	Host/Guest Judgment	emevd_event	710	common	1
201	ホスト／ゲスト判定	Host/Guest Judgment	emevd_event	710	common	1
202	ホストがマルチプレイかの判定	Determining whether the host is multiplayer	emevd_event	711	common	1
210	レガシー／オープン判定	Legacy/Open Judgment	emevd_event	715	common	1
211	レガシー／オープン判定	Legacy/Open Judgment	emevd_event	715	common	1
220	レガシー／オープン判定（データ）	Legacy/open judgment (data)	emevd_event	716	common	1
221	レガシー／オープン判定（データ）	Legacy/open judgment (data)	emevd_event	716	common	1
280	プリコンストラクタ	preconstructor	emevd_event	50	common	4
300	天変地異_世界樹炎上	Natural disaster_World tree in flames	emevd_event	900	common	1
301	天変地異_世界樹炎上	Natural disaster_World tree in flames	emevd_event	900	common	1
302	天変地異_世界樹炎上	Natural disaster_World tree in flames	emevd_event	900	common	3
310	天変地異_巨星墜つ	Natural disaster_Giant star falls	emevd_event	910	common	1
370	搭反転イベント	Tower reversal event	emevd_event	34112150	m34_11_00_00	1
530	時間帯監視イベント	Time zone monitoring event	emevd_event	810	common	1
531	時間帯監視イベント	Time zone monitoring event	emevd_event	810	common	1
532	時間帯監視イベント	Time zone monitoring event	emevd_event	810	common	1
570	天候監視イベント_系列	Weather monitoring event_series	emevd_event	839	common	1
571	天候監視イベント_系列	Weather monitoring event_series	emevd_event	839	common	1
572	天候監視イベント_系列	Weather monitoring event_series	emevd_event	839	common	1
573	天候監視イベント_系列	Weather monitoring event_series	emevd_event	839	common	1
574	天候監視イベント_系列	Weather monitoring event_series	emevd_event	839	common	1
575	天候監視イベント_系列	Weather monitoring event_series	emevd_event	839	common	1
909	プリコンストラクタ	preconstructor	emevd_event	50	common	1
951	娘マリカとの出会い	Meeting my daughter Marika	emevd_event	950	common	1
953	娘マリカとの出会い	Meeting my daughter Marika	emevd_event	950	common	1
1650	ゲーム開始フラグ操作	Game start flag operation	emevd_event	700	common	1
1651	ゲーム開始フラグ操作	Game start flag operation	emevd_event	700	common	1
1652	ゲーム開始フラグ操作	Game start flag operation	emevd_event	700	common	1
1653	ゲーム開始フラグ操作	Game start flag operation	emevd_event	700	common	1
1654	ゲーム開始フラグ操作	Game start flag operation	emevd_event	700	common	1
1655	ゲーム開始フラグ操作	Game start flag operation	emevd_event	700	common	1
1656	ゲーム開始フラグ操作	Game start flag operation	emevd_event	700	common	1
3000		set by NPC talk 900006000 on m60_00_00_00	esd_talk	900006000	m60_00_00_00	1
3001		set by NPC talk 000001000 on m00_00_00_00	esd_talk	000001000	m00_00_00_00	1
3002	ミケラカットシーン再生	Michaela cutscene playback	emevd_event	3041	common	1
3061	篝火点灯監視_オープン緑	Bonfire lighting monitoring_open green	emevd_event	3042	common	1
3062	篝火点灯監視_オープン湖	Bonfire lighting monitoring_Open lake	emevd_event	3043	common	1
3063	篝火点灯監視_オープン高山	Bonfire lighting monitoring_Open Takayama	emevd_event	3044	common	1
3064	篝火点灯監視_オープン平原	Bonfire lighting monitoring_Open plains	emevd_event	3045	common	1
3065	篝火点灯監視_オープン雪山	Bonfire lighting monitoring_Open snow mountain	emevd_event	3046	common	1
3100	NPC330_贖罪司祭_免罪実行	NPC330_Atonement Priest_Performing absolution	emevd_event	1037460719	m60_37_46_00	4
3101	NPC330_贖罪司祭_免罪実行	NPC330_Atonement Priest_Performing absolution	emevd_batch	1037460719	m60_37_46_00	2
3102	NPC330_贖罪司祭_免罪実行	NPC330_Atonement Priest_Performing absolution	emevd_batch	1037460719	m60_37_46_00	2
3103	NPC330_贖罪司祭_免罪実行	NPC330_Atonement Priest_Performing absolution	emevd_batch	1037460719	m60_37_46_00	2
3104	NPC300火山館の女主人_キャラ状態遷移	NPC300 Volcano Hall Mistress_Character state transition	emevd_batch	3119	common	1
3105	NPC300火山館の女主人_キャラ状態遷移	NPC300 Volcano Hall Mistress_Character state transition	emevd_event	3119	common	2
3106	NPC300火山館の女主人_キャラ状態遷移	NPC300 Volcano Hall Mistress_Character state transition	emevd_event	3119	common	2
3107	NPC300火山館の女主人_キャラ状態遷移	NPC300 Volcano Hall Mistress_Character state transition	emevd_event	3119	common	2
3108	NPC300火山館の女主人_キャラ状態遷移	NPC300 Volcano Hall Mistress_Character state transition	emevd_event	3119	common	2
3109	NPC300火山館の女主人_キャラ状態遷移	NPC300 Volcano Hall Mistress_Character state transition	emevd_event	3119	common	2
3110	NPC300火山館の女主人_キャラ状態遷移	NPC300 Volcano Hall Mistress_Character state transition	emevd_event	3119	common	2
3111	NPC300火山館の女主人_キャラ状態遷移	NPC300 Volcano Hall Mistress_Character state transition	emevd_event	3119	common	2
3112	NPC300火山館の女主人_キャラ状態遷移	NPC300 Volcano Hall Mistress_Character state transition	emevd_batch	3119	common	1
3113	NPC300火山館の女主人_キャラ状態遷移	NPC300 Volcano Hall Mistress_Character state transition	emevd_batch	3119	common	1
3114	NPC300火山館の女主人_キャラ状態遷移	NPC300 Volcano Hall Mistress_Character state transition	emevd_batch	3119	common	1
3115	NPC300火山館の女主人_キャラ状態遷移	NPC300 Volcano Hall Mistress_Character state transition	emevd_batch	3119	common	1
3116	NPC300火山館の女主人_キャラ状態遷移	NPC300 Volcano Hall Mistress_Character state transition	emevd_batch	3119	common	1
3117	NPC300火山館の女主人_キャラ状態遷移	NPC300 Volcano Hall Mistress_Character state transition	emevd_batch	3119	common	1
3118	NPC330_贖罪司祭_免罪実行	NPC330_Atonement Priest_Performing absolution	emevd_event	1037460719	m60_37_46_00	5
3119	NPC300火山館の女主人_キャラ状態遷移	NPC300 Volcano Hall Mistress_Character state transition	emevd_batch	3119	common	1
3120	NPC330_贖罪司祭_免罪実行	NPC330_Atonement Priest_Performing absolution	emevd_event	1037460719	m60_37_46_00	2
3121	NPC330_贖罪司祭_免罪実行	NPC330_Atonement Priest_Performing absolution	emevd_batch	1037460719	m60_37_46_00	1
3122	NPC330_贖罪司祭_免罪実行	NPC330_Atonement Priest_Performing absolution	emevd_batch	1037460719	m60_37_46_00	1
3123	NPC330_贖罪司祭_免罪実行	NPC330_Atonement Priest_Performing absolution	emevd_batch	1037460719	m60_37_46_00	1
3138	NPC330_贖罪司祭_免罪実行	NPC330_Atonement Priest_Performing absolution	emevd_event	1037460719	m60_37_46_00	1
3158	NPC330_贖罪司祭_免罪実行	NPC330_Atonement Priest_Performing absolution	emevd_event	1037460719	m60_37_46_00	1
3160	NPC330_贖罪司祭_免罪実行	NPC330_Atonement Priest_Performing absolution	emevd_event	1037460719	m60_37_46_00	4
3161	NPC330_贖罪司祭_免罪実行	NPC330_Atonement Priest_Performing absolution	emevd_batch	1037460719	m60_37_46_00	2
3162	NPC330_贖罪司祭_免罪実行	NPC330_Atonement Priest_Performing absolution	emevd_batch	1037460719	m60_37_46_00	2
3163	NPC330_贖罪司祭_免罪実行	NPC330_Atonement Priest_Performing absolution	emevd_batch	1037460719	m60_37_46_00	2
3164	NPC100娘マリカ_キャラ状態遷移	NPC100 Daughter Marika_Character state transition	emevd_batch	3179	common	1
3165	NPC100娘マリカ_キャラ状態遷移	NPC100 Daughter Marika_Character state transition	emevd_event	3179	common	2
3166	NPC100娘マリカ_キャラ状態遷移	NPC100 Daughter Marika_Character state transition	emevd_batch	3179	common	1
3167	NPC100娘マリカ_キャラ状態遷移	NPC100 Daughter Marika_Character state transition	emevd_batch	3179	common	1
3168	NPC100娘マリカ_キャラ状態遷移	NPC100 Daughter Marika_Character state transition	emevd_batch	3179	common	1
3169	NPC100娘マリカ_キャラ状態遷移	NPC100 Daughter Marika_Character state transition	emevd_batch	3179	common	1
3170	NPC100娘マリカ_キャラ状態遷移	NPC100 Daughter Marika_Character state transition	emevd_batch	3179	common	1
3171	NPC100娘マリカ_キャラ状態遷移	NPC100 Daughter Marika_Character state transition	emevd_batch	3179	common	1
3172	NPC100娘マリカ_キャラ状態遷移	NPC100 Daughter Marika_Character state transition	emevd_batch	3179	common	1
3173	NPC100娘マリカ_キャラ状態遷移	NPC100 Daughter Marika_Character state transition	emevd_batch	3179	common	1
3174	NPC100娘マリカ_キャラ状態遷移	NPC100 Daughter Marika_Character state transition	emevd_batch	3179	common	1
3175	NPC100娘マリカ_キャラ状態遷移	NPC100 Daughter Marika_Character state transition	emevd_batch	3179	common	1
3176	NPC100娘マリカ_キャラ状態遷移	NPC100 Daughter Marika_Character state transition	emevd_batch	3179	common	1
3177	NPC100娘マリカ_キャラ状態遷移	NPC100 Daughter Marika_Character state transition	emevd_batch	3179	common	1
3178	NPC330_贖罪司祭_免罪実行	NPC330_Atonement Priest_Performing absolution	emevd_event	1037460719	m60_37_46_00	2
3180	NPC330_贖罪司祭_免罪実行	NPC330_Atonement Priest_Performing absolution	emevd_event	1037460719	m60_37_46_00	4
3181	NPC330_贖罪司祭_免罪実行	NPC330_Atonement Priest_Performing absolution	emevd_batch	1037460719	m60_37_46_00	2
3182	NPC330_贖罪司祭_免罪実行	NPC330_Atonement Priest_Performing absolution	emevd_batch	1037460719	m60_37_46_00	2
3183	NPC301戦場医師_キャラ状態遷移	NPC301 Battlefield Doctor_Character state transition	emevd_event	3199	common	3
3184	NPC301戦場医師_キャラ状態遷移	NPC301 Battlefield Doctor_Character state transition	emevd_batch	3199	common	1
3185	NPC301戦場医師_キャラ状態遷移	NPC301 Battlefield Doctor_Character state transition	emevd_event	3199	common	2
3186	NPC301戦場医師_キャラ状態遷移	NPC301 Battlefield Doctor_Character state transition	emevd_batch	3199	common	1
3187	NPC301戦場医師_キャラ状態遷移	NPC301 Battlefield Doctor_Character state transition	emevd_event	3199	common	2
3188	NPC301戦場医師_キャラ状態遷移	NPC301 Battlefield Doctor_Character state transition	emevd_event	3199	common	2
3189	NPC301戦場医師_キャラ状態遷移	NPC301 Battlefield Doctor_Character state transition	emevd_event	3199	common	2
3190	NPC301戦場医師_キャラ状態遷移	NPC301 Battlefield Doctor_Character state transition	emevd_event	3199	common	2
3191	NPC301戦場医師_キャラ状態遷移	NPC301 Battlefield Doctor_Character state transition	emevd_event	3199	common	2
3192	NPC301戦場医師_キャラ状態遷移	NPC301 Battlefield Doctor_Character state transition	emevd_event	3199	common	2
3193	NPC301戦場医師_キャラ状態遷移	NPC301 Battlefield Doctor_Character state transition	emevd_event	3199	common	2
3194	NPC301戦場医師_キャラ状態遷移	NPC301 Battlefield Doctor_Character state transition	emevd_batch	3199	common	1
3195	NPC301戦場医師_キャラ状態遷移	NPC301 Battlefield Doctor_Character state transition	emevd_batch	3199	common	1
3196	NPC301戦場医師_キャラ状態遷移	NPC301 Battlefield Doctor_Character state transition	emevd_batch	3199	common	1
3197	NPC301戦場医師_キャラ状態遷移	NPC301 Battlefield Doctor_Character state transition	emevd_batch	3199	common	1
3198	NPC330_贖罪司祭_免罪実行	NPC330_Atonement Priest_Performing absolution	emevd_event	1037460719	m60_37_46_00	5
3199	NPC301戦場医師_キャラ状態遷移	NPC301 Battlefield Doctor_Character state transition	emevd_batch	3199	common	1
3218	NPC330_贖罪司祭_免罪実行	NPC330_Atonement Priest_Performing absolution	emevd_event	1037460719	m60_37_46_00	1
3220	NPC330_贖罪司祭_免罪実行	NPC330_Atonement Priest_Performing absolution	emevd_event	1037460719	m60_37_46_00	4
3221	NPC330_贖罪司祭_免罪実行	NPC330_Atonement Priest_Performing absolution	emevd_batch	1037460719	m60_37_46_00	2
3222	NPC330_贖罪司祭_免罪実行	NPC330_Atonement Priest_Performing absolution	emevd_batch	1037460719	m60_37_46_00	2
3223	NPC330_贖罪司祭_免罪実行	NPC330_Atonement Priest_Performing absolution	emevd_batch	1037460719	m60_37_46_00	2
3224	NPC213鍛冶屋_拠点_キャラ状態遷移	NPC213 Blacksmith_Base_Character state transition	emevd_batch	3239	common	1
3225	NPC213鍛冶屋_拠点_キャラ状態遷移	NPC213 Blacksmith_Base_Character state transition	emevd_event	3239	common	2
3226	NPC213鍛冶屋_拠点_キャラ状態遷移	NPC213 Blacksmith_Base_Character state transition	emevd_event	3239	common	2
3227	NPC213鍛冶屋_拠点_キャラ状態遷移	NPC213 Blacksmith_Base_Character state transition	emevd_event	3239	common	2
3228	NPC213鍛冶屋_拠点_キャラ状態遷移	NPC213 Blacksmith_Base_Character state transition	emevd_event	3239	common	2
3238	NPC330_贖罪司祭_免罪実行	NPC330_Atonement Priest_Performing absolution	emevd_event	1037460719	m60_37_46_00	2
3240	NPC330_贖罪司祭_免罪実行	NPC330_Atonement Priest_Performing absolution	emevd_event	1037460719	m60_37_46_00	2
3241	NPC330_贖罪司祭_免罪実行	NPC330_Atonement Priest_Performing absolution	emevd_batch	1037460719	m60_37_46_00	1
3242	NPC330_贖罪司祭_免罪実行	NPC330_Atonement Priest_Performing absolution	emevd_batch	1037460719	m60_37_46_00	1
3243	NPC330_贖罪司祭_免罪実行	NPC330_Atonement Priest_Performing absolution	emevd_batch	1037460719	m60_37_46_00	1
3258	NPC330_贖罪司祭_免罪実行	NPC330_Atonement Priest_Performing absolution	emevd_event	1037460719	m60_37_46_00	1
3260	NPC330_贖罪司祭_免罪実行	NPC330_Atonement Priest_Performing absolution	emevd_event	1037460719	m60_37_46_00	4
3261	NPC330_贖罪司祭_免罪実行	NPC330_Atonement Priest_Performing absolution	emevd_batch	1037460719	m60_37_46_00	2
3262	NPC330_贖罪司祭_免罪実行	NPC330_Atonement Priest_Performing absolution	emevd_batch	1037460719	m60_37_46_00	2
3263	NPC330_贖罪司祭_免罪実行	NPC330_Atonement Priest_Performing absolution	emevd_batch	1037460719	m60_37_46_00	2
3264	NPC302門衛_キャラ状態遷移	NPC302 Gatekeeper_Character state transition	emevd_batch	3279	common	1
3265	NPC302門衛_キャラ状態遷移	NPC302 Gatekeeper_Character state transition	emevd_event	3279	common	2
3266	NPC302門衛_キャラ状態遷移	NPC302 Gatekeeper_Character state transition	emevd_event	3279	common	2
3267	NPC302門衛_キャラ状態遷移	NPC302 Gatekeeper_Character state transition	emevd_batch	3279	common	1
3268	NPC302門衛_キャラ状態遷移	NPC302 Gatekeeper_Character state transition	emevd_event	3279	common	2
3269	NPC302門衛_キャラ状態遷移	NPC302 Gatekeeper_Character state transition	emevd_event	3279	common	2
3270	NPC302門衛_キャラ状態遷移	NPC302 Gatekeeper_Character state transition	emevd_event	3279	common	2
3278	NPC302門衛_移動領域_門前	NPC302 Gatekeeper_Moving area_In front of the gate	emevd_event	10003710	m10_00_00_00	4
3280	NPC330_贖罪司祭_免罪実行	NPC330_Atonement Priest_Performing absolution	emevd_event	1037460719	m60_37_46_00	4
3281	NPC330_贖罪司祭_免罪実行	NPC330_Atonement Priest_Performing absolution	emevd_batch	1037460719	m60_37_46_00	2
3282	NPC330_贖罪司祭_免罪実行	NPC330_Atonement Priest_Performing absolution	emevd_batch	1037460719	m60_37_46_00	2
3283	NPC330_贖罪司祭_免罪実行	NPC330_Atonement Priest_Performing absolution	emevd_batch	1037460719	m60_37_46_00	2
3284	NPC303傭兵剣士_キャラ状態遷移	NPC303 Mercenary Swordsman_Character state transition	emevd_batch	3299	common	1
3285	NPC303傭兵剣士_キャラ状態遷移	NPC303 Mercenary Swordsman_Character state transition	emevd_event	3299	common	2
3286	NPC303傭兵剣士_キャラ状態遷移	NPC303 Mercenary Swordsman_Character state transition	emevd_event	3299	common	2
3287	NPC303傭兵剣士_キャラ状態遷移	NPC303 Mercenary Swordsman_Character state transition	emevd_batch	3299	common	1
3288	NPC303傭兵剣士_キャラ状態遷移	NPC303 Mercenary Swordsman_Character state transition	emevd_batch	3299	common	1
3289	NPC303傭兵剣士_キャラ状態遷移	NPC303 Mercenary Swordsman_Character state transition	emevd_batch	3299	common	1
3290	NPC303傭兵剣士_キャラ状態遷移	NPC303 Mercenary Swordsman_Character state transition	emevd_batch	3299	common	1
3291	NPC303傭兵剣士_キャラ状態遷移	NPC303 Mercenary Swordsman_Character state transition	emevd_batch	3299	common	1
3292	NPC303傭兵剣士_キャラ状態遷移	NPC303 Mercenary Swordsman_Character state transition	emevd_batch	3299	common	1
3293	NPC303傭兵剣士_キャラ状態遷移	NPC303 Mercenary Swordsman_Character state transition	emevd_batch	3299	common	1
3294	NPC303傭兵剣士_キャラ状態遷移	NPC303 Mercenary Swordsman_Character state transition	emevd_batch	3299	common	1
3295	NPC303傭兵剣士_キャラ状態遷移	NPC303 Mercenary Swordsman_Character state transition	emevd_event	3299	common	2
3296	NPC303傭兵剣士_キャラ状態遷移	NPC303 Mercenary Swordsman_Character state transition	emevd_batch	3299	common	1
3297	NPC303傭兵剣士_キャラ状態遷移	NPC303 Mercenary Swordsman_Character state transition	emevd_batch	3299	common	1
3298	NPC330_贖罪司祭_免罪実行	NPC330_Atonement Priest_Performing absolution	emevd_event	1037460719	m60_37_46_00	2
3300	NPC330_贖罪司祭_免罪実行	NPC330_Atonement Priest_Performing absolution	emevd_event	1037460719	m60_37_46_00	2
3301	NPC330_贖罪司祭_免罪実行	NPC330_Atonement Priest_Performing absolution	emevd_batch	1037460719	m60_37_46_00	1
3302	NPC330_贖罪司祭_免罪実行	NPC330_Atonement Priest_Performing absolution	emevd_batch	1037460719	m60_37_46_00	1
3303	NPC330_贖罪司祭_免罪実行	NPC330_Atonement Priest_Performing absolution	emevd_batch	1037460719	m60_37_46_00	1
3318	NPC330_贖罪司祭_免罪実行	NPC330_Atonement Priest_Performing absolution	emevd_event	1037460719	m60_37_46_00	1
3338	NPC330_贖罪司祭_免罪実行	NPC330_Atonement Priest_Performing absolution	emevd_event	1037460719	m60_37_46_00	1
3346		set by NPC talk 209006000 on m60_00_00_00	esd_talk	209006000	m60_00_00_00	1
3358	NPC330_贖罪司祭_免罪実行	NPC330_Atonement Priest_Performing absolution	emevd_event	1037460719	m60_37_46_00	1
3360	NPC330_贖罪司祭_免罪実行	NPC330_Atonement Priest_Performing absolution	emevd_event	1037460719	m60_37_46_00	4
3361	NPC330_贖罪司祭_免罪実行	NPC330_Atonement Priest_Performing absolution	emevd_batch	1037460719	m60_37_46_00	2
3362	NPC330_贖罪司祭_免罪実行	NPC330_Atonement Priest_Performing absolution	emevd_batch	1037460719	m60_37_46_00	2
3363	NPC312平原砦の領主_キャラ状態遷移	NPC312 Lord of Plains Fort_Character state transition	emevd_event	3379	common	3
3364	NPC312平原砦の領主_キャラ状態遷移	NPC312 Lord of Plains Fort_Character state transition	emevd_batch	3379	common	1
3365	NPC312平原砦の領主_キャラ状態遷移	NPC312 Lord of Plains Fort_Character state transition	emevd_event	3379	common	2
3366	NPC312平原砦の領主_キャラ状態遷移	NPC312 Lord of Plains Fort_Character state transition	emevd_event	3379	common	2
3367	NPC312平原砦の領主_キャラ状態遷移	NPC312 Lord of Plains Fort_Character state transition	emevd_event	3379	common	2
3368	NPC312平原砦の領主_キャラ状態遷移	NPC312 Lord of Plains Fort_Character state transition	emevd_event	3379	common	2
3369	NPC312平原砦の領主_キャラ状態遷移	NPC312 Lord of Plains Fort_Character state transition	emevd_event	3379	common	2
3370	NPC312平原砦の領主_キャラ状態遷移	NPC312 Lord of Plains Fort_Character state transition	emevd_event	3379	common	2
3371	NPC312平原砦の領主_キャラ状態遷移	NPC312 Lord of Plains Fort_Character state transition	emevd_event	3379	common	2
3372	NPC312平原砦の領主_キャラ状態遷移	NPC312 Lord of Plains Fort_Character state transition	emevd_event	3379	common	2
3373	NPC312平原砦の領主_キャラ状態遷移	NPC312 Lord of Plains Fort_Character state transition	emevd_batch	3379	common	1
3374	NPC312平原砦の領主_キャラ状態遷移	NPC312 Lord of Plains Fort_Character state transition	emevd_batch	3379	common	1
3375	NPC312平原砦の領主_キャラ状態遷移	NPC312 Lord of Plains Fort_Character state transition	emevd_batch	3379	common	1
3376	NPC312平原砦の領主_キャラ状態遷移	NPC312 Lord of Plains Fort_Character state transition	emevd_batch	3379	common	1
3377	NPC312平原砦の領主_キャラ状態遷移	NPC312 Lord of Plains Fort_Character state transition	emevd_batch	3379	common	1
3378	NPC330_贖罪司祭_免罪実行	NPC330_Atonement Priest_Performing absolution	emevd_event	1037460719	m60_37_46_00	3
3380	NPC330_贖罪司祭_免罪実行	NPC330_Atonement Priest_Performing absolution	emevd_event	1037460719	m60_37_46_00	4
3381	NPC330_贖罪司祭_免罪実行	NPC330_Atonement Priest_Performing absolution	emevd_batch	1037460719	m60_37_46_00	2
3382	NPC330_贖罪司祭_免罪実行	NPC330_Atonement Priest_Performing absolution	emevd_batch	1037460719	m60_37_46_00	2
3383	NPC310城主の娘_キャラ状態遷移	NPC310 Castle Lord's Daughter_Character state transition	emevd_event	3399	common	3
3385	NPC310城主の娘_キャラ状態遷移	NPC310 Castle Lord's Daughter_Character state transition	emevd_event	3399	common	2
3386	NPC310城主の娘_キャラ状態遷移	NPC310 Castle Lord's Daughter_Character state transition	emevd_event	3399	common	2
3387	NPC310城主の娘_キャラ状態遷移	NPC310 Castle Lord's Daughter_Character state transition	emevd_event	3399	common	2
3388	NPC310城主の娘_キャラ状態遷移	NPC310 Castle Lord's Daughter_Character state transition	emevd_event	3399	common	2
3389	NPC310城主の娘_キャラ状態遷移	NPC310 Castle Lord's Daughter_Character state transition	emevd_event	3399	common	2
3390	NPC310城主の娘_キャラ状態遷移	NPC310 Castle Lord's Daughter_Character state transition	emevd_event	3399	common	2
3391	NPC310城主の娘_キャラ状態遷移	NPC310 Castle Lord's Daughter_Character state transition	emevd_event	3399	common	2
3392	NPC310城主の娘_キャラ状態遷移	NPC310 Castle Lord's Daughter_Character state transition	emevd_event	3399	common	2
3393	NPC310城主の娘_キャラ状態遷移	NPC310 Castle Lord's Daughter_Character state transition	emevd_event	3399	common	2
3394	NPC310城主の娘_キャラ状態遷移	NPC310 Castle Lord's Daughter_Character state transition	emevd_batch	3399	common	1
3395	NPC310城主の娘_キャラ状態遷移	NPC310 Castle Lord's Daughter_Character state transition	emevd_batch	3399	common	1
3396	NPC310城主の娘_キャラ状態遷移	NPC310 Castle Lord's Daughter_Character state transition	emevd_batch	3399	common	1
3397	NPC310城主の娘_キャラ状態遷移	NPC310 Castle Lord's Daughter_Character state transition	emevd_batch	3399	common	1
3398	NPC330_贖罪司祭_免罪実行	NPC330_Atonement Priest_Performing absolution	emevd_event	1037460719	m60_37_46_00	4
3400	NPC330_贖罪司祭_免罪実行	NPC330_Atonement Priest_Performing absolution	emevd_event	1037460719	m60_37_46_00	4
3401	NPC330_贖罪司祭_免罪実行	NPC330_Atonement Priest_Performing absolution	emevd_batch	1037460719	m60_37_46_00	2
3402	NPC311半島砦の城主_キャラ状態遷移	NPC311 Peninsula Fort Castle Lord_Character state transition	emevd_event	3419	common	3
3403	NPC330_贖罪司祭_免罪実行	NPC330_Atonement Priest_Performing absolution	emevd_batch	1037460719	m60_37_46_00	2
3405	NPC311半島砦の城主_キャラ状態遷移	NPC311 Peninsula Fort Castle Lord_Character state transition	emevd_event	3419	common	2
3406	NPC311半島砦の城主_キャラ状態遷移	NPC311 Peninsula Fort Castle Lord_Character state transition	emevd_event	3419	common	2
3407	NPC311半島砦の城主_キャラ状態遷移	NPC311 Peninsula Fort Castle Lord_Character state transition	emevd_event	3419	common	2
3408	NPC311半島砦の城主_キャラ状態遷移	NPC311 Peninsula Fort Castle Lord_Character state transition	emevd_event	3419	common	2
3409	NPC311半島砦の城主_キャラ状態遷移	NPC311 Peninsula Fort Castle Lord_Character state transition	emevd_event	3419	common	2
3410	NPC311半島砦の城主_キャラ状態遷移	NPC311 Peninsula Fort Castle Lord_Character state transition	emevd_batch	3419	common	1
3411	NPC311半島砦の城主_キャラ状態遷移	NPC311 Peninsula Fort Castle Lord_Character state transition	emevd_batch	3419	common	1
3412	NPC311半島砦の城主_キャラ状態遷移	NPC311 Peninsula Fort Castle Lord_Character state transition	emevd_batch	3419	common	1
3413	NPC311半島砦の城主_キャラ状態遷移	NPC311 Peninsula Fort Castle Lord_Character state transition	emevd_batch	3419	common	1
3414	NPC311半島砦の城主_キャラ状態遷移	NPC311 Peninsula Fort Castle Lord_Character state transition	emevd_batch	3419	common	1
3415	NPC311半島砦の城主_キャラ状態遷移	NPC311 Peninsula Fort Castle Lord_Character state transition	emevd_batch	3419	common	1
3416	NPC311半島砦の城主_キャラ状態遷移	NPC311 Peninsula Fort Castle Lord_Character state transition	emevd_batch	3419	common	1
3417	NPC311半島砦の城主_キャラ状態遷移	NPC311 Peninsula Fort Castle Lord_Character state transition	emevd_batch	3419	common	1
3418	NPC330_贖罪司祭_免罪実行	NPC330_Atonement Priest_Performing absolution	emevd_event	1037460719	m60_37_46_00	7
3420	NPC330_贖罪司祭_免罪実行	NPC330_Atonement Priest_Performing absolution	emevd_event	1037460719	m60_37_46_00	4
3421	NPC330_贖罪司祭_免罪実行	NPC330_Atonement Priest_Performing absolution	emevd_batch	1037460719	m60_37_46_00	2
3422	NPC330_贖罪司祭_免罪実行	NPC330_Atonement Priest_Performing absolution	emevd_batch	1037460719	m60_37_46_00	2
3423	NPC330_贖罪司祭_免罪実行	NPC330_Atonement Priest_Performing absolution	emevd_batch	1037460719	m60_37_46_00	2
3424	NPC313火山館の勧誘者_キャラ状態遷移	NPC313 Volcano Hall Recruiter_Character state transition	emevd_batch	3439	common	1
3425	NPC313火山館の勧誘者_キャラ状態遷移	NPC313 Volcano Hall Recruiter_Character state transition	emevd_event	3439	common	2
3426	NPC313火山館の勧誘者_キャラ状態遷移	NPC313 Volcano Hall Recruiter_Character state transition	emevd_event	3439	common	2
3427	NPC313火山館の勧誘者_キャラ状態遷移	NPC313 Volcano Hall Recruiter_Character state transition	emevd_event	3439	common	2
3428	NPC313火山館の勧誘者_キャラ状態遷移	NPC313 Volcano Hall Recruiter_Character state transition	emevd_event	3439	common	2
3429	NPC313火山館の勧誘者_キャラ状態遷移	NPC313 Volcano Hall Recruiter_Character state transition	emevd_event	3439	common	2
3430	NPC313火山館の勧誘者_キャラ状態遷移	NPC313 Volcano Hall Recruiter_Character state transition	emevd_event	3439	common	2
3431	NPC313火山館の勧誘者_キャラ状態遷移	NPC313 Volcano Hall Recruiter_Character state transition	emevd_event	3439	common	2
3432	NPC313火山館の勧誘者_キャラ状態遷移	NPC313 Volcano Hall Recruiter_Character state transition	emevd_batch	3439	common	1
3433	NPC313火山館の勧誘者_キャラ状態遷移	NPC313 Volcano Hall Recruiter_Character state transition	emevd_batch	3439	common	1
3434	NPC313火山館の勧誘者_キャラ状態遷移	NPC313 Volcano Hall Recruiter_Character state transition	emevd_batch	3439	common	1
3435	NPC313火山館の勧誘者_キャラ状態遷移	NPC313 Volcano Hall Recruiter_Character state transition	emevd_batch	3439	common	1
3436	NPC313火山館の勧誘者_キャラ状態遷移	NPC313 Volcano Hall Recruiter_Character state transition	emevd_batch	3439	common	1
3437	NPC313火山館の勧誘者_キャラ状態遷移	NPC313 Volcano Hall Recruiter_Character state transition	emevd_batch	3439	common	1
3438	NPC330_贖罪司祭_免罪実行	NPC330_Atonement Priest_Performing absolution	emevd_event	1037460719	m60_37_46_00	6
3439	NPC313火山館の勧誘者_キャラ状態遷移	NPC313 Volcano Hall Recruiter_Character state transition	emevd_batch	3439	common	1
3440	NPC330_贖罪司祭_免罪実行	NPC330_Atonement Priest_Performing absolution	emevd_event	1037460719	m60_37_46_00	6
3441	NPC330_贖罪司祭_免罪実行	NPC330_Atonement Priest_Performing absolution	emevd_batch	1037460719	m60_37_46_00	4
3442	壺村全体敵対_免罪不可イベント	Entire Tsubomura is hostile_No impunity event	emevd_event	1039443730	m60_39_44_00	6
3443	NPC314ムノウ_壺を守って瀕死_死亡実行	NPC314 Munou_Dying while protecting the pot_Execution of death	emevd_event	1039443712	m60_39_44_00	6
3444	NPC314ムノウ_壺を守って瀕死_死亡実行	NPC314 Munou_Dying while protecting the pot_Execution of death	emevd_batch	1039443712	m60_39_44_00	2
3445	NPC314ムノウ_キャラ状態遷移	NPC314 Munou_Character state transition	emevd_event	3459	common	2
3446	NPC314ムノウ_キャラ状態遷移	NPC314 Munou_Character state transition	emevd_event	3459	common	2
3447	NPC314ムノウ_キャラ状態遷移	NPC314 Munou_Character state transition	emevd_event	3459	common	2
3448	NPC314ムノウ_キャラ状態遷移	NPC314 Munou_Character state transition	emevd_event	3459	common	2
3449	NPC314ムノウ_キャラ状態遷移	NPC314 Munou_Character state transition	emevd_event	3459	common	2
3450	NPC314ムノウ_キャラ状態遷移	NPC314 Munou_Character state transition	emevd_event	3459	common	2
3451	NPC314ムノウ_キャラ状態遷移	NPC314 Munou_Character state transition	emevd_event	3459	common	2
3452	NPC314ムノウ_キャラ状態遷移	NPC314 Munou_Character state transition	emevd_batch	3459	common	1
3453	NPC314ムノウ_キャラ状態遷移	NPC314 Munou_Character state transition	emevd_batch	3459	common	1
3454	NPC314ムノウ_キャラ状態遷移	NPC314 Munou_Character state transition	emevd_batch	3459	common	1
3455	NPC314ムノウ_キャラ状態遷移	NPC314 Munou_Character state transition	emevd_batch	3459	common	1
3456	NPC314ムノウ_キャラ状態遷移	NPC314 Munou_Character state transition	emevd_event	3459	common	2
3457	NPC314ムノウ_キャラ状態遷移	NPC314 Munou_Character state transition	emevd_event	3459	common	2
3458	NPC314ムノウ_リアルタイム遷移_従者の死	NPC314 Munou_Real-time transition_Death of the servant	emevd_event	1037443701	m60_37_44_00	3
3460	NPC316学院の女魔術師_NPCタイプ切替	NPC316 Female magician of the academy_NPC type switching	emevd_event	1034503707	m60_34_50_00	6
3461	NPC316学院の女魔術師_NPCタイプ切替	NPC316 Female magician of the academy_NPC type switching	emevd_batch	1034503707	m60_34_50_00	3
3462	NPC316学院の女魔術師_NPCタイプ切替	NPC316 Female magician of the academy_NPC type switching	emevd_batch	1034503707	m60_34_50_00	3
3463	NPC316学院の女魔術師_キャラ状態遷移	NPC316 Academy Female Magician_Character state transition	emevd_event	3479	common	4
3465	NPC316学院の女魔術師_キャラ状態遷移	NPC316 Academy Female Magician_Character state transition	emevd_event	3479	common	2
3466	NPC316学院の女魔術師_キャラ状態遷移	NPC316 Academy Female Magician_Character state transition	emevd_event	3479	common	2
3467	NPC316学院の女魔術師_キャラ状態遷移	NPC316 Academy Female Magician_Character state transition	emevd_event	3479	common	2
3468	NPC316学院の女魔術師_キャラ状態遷移	NPC316 Academy Female Magician_Character state transition	emevd_event	3479	common	2
3469	NPC316学院の女魔術師_キャラ状態遷移	NPC316 Academy Female Magician_Character state transition	emevd_event	3479	common	2
3478	NPC330_贖罪司祭_免罪実行	NPC330_Atonement Priest_Performing absolution	emevd_event	1037460719	m60_37_46_00	4
3480	NPC330_贖罪司祭_免罪実行	NPC330_Atonement Priest_Performing absolution	emevd_event	1037460719	m60_37_46_00	4
3481	NPC330_贖罪司祭_免罪実行	NPC330_Atonement Priest_Performing absolution	emevd_batch	1037460719	m60_37_46_00	2
3482	NPC330_贖罪司祭_免罪実行	NPC330_Atonement Priest_Performing absolution	emevd_batch	1037460719	m60_37_46_00	2
3483	NPC330_贖罪司祭_免罪実行	NPC330_Atonement Priest_Performing absolution	emevd_batch	1037460719	m60_37_46_00	2
3484	NPC102指読み_キャラ状態遷移	NPC102 finger reading_Character state transition	emevd_batch	3499	common	1
3485	NPC102指読み_キャラ状態遷移	NPC102 finger reading_Character state transition	emevd_event	3499	common	2
3486	NPC102指読み_キャラ状態遷移	NPC102 finger reading_Character state transition	emevd_event	3499	common	2
3487	NPC102指読み_キャラ状態遷移	NPC102 finger reading_Character state transition	emevd_event	3499	common	2
3488	NPC102指読み_キャラ状態遷移	NPC102 finger reading_Character state transition	emevd_event	3499	common	2
3489	NPC102指読み_キャラ状態遷移	NPC102 finger reading_Character state transition	emevd_event	3499	common	2
3490	NPC102指読み_キャラ状態遷移	NPC102 finger reading_Character state transition	emevd_batch	3499	common	1
3491	NPC102指読み_キャラ状態遷移	NPC102 finger reading_Character state transition	emevd_batch	3499	common	1
3492	NPC102指読み_キャラ状態遷移	NPC102 finger reading_Character state transition	emevd_batch	3499	common	1
3493	NPC102指読み_キャラ状態遷移	NPC102 finger reading_Character state transition	emevd_batch	3499	common	1
3494	NPC102指読み_キャラ状態遷移	NPC102 finger reading_Character state transition	emevd_batch	3499	common	1
3495	NPC102指読み_キャラ状態遷移	NPC102 finger reading_Character state transition	emevd_batch	3499	common	1
3496	NPC102指読み_キャラ状態遷移	NPC102 finger reading_Character state transition	emevd_batch	3499	common	1
3497	NPC102指読み_キャラ状態遷移	NPC102 finger reading_Character state transition	emevd_batch	3499	common	1
3498	NPC330_贖罪司祭_免罪実行	NPC330_Atonement Priest_Performing absolution	emevd_event	1037460719	m60_37_46_00	2
3499	NPC102指読み_キャラ状態遷移	NPC102 finger reading_Character state transition	emevd_batch	3499	common	1
3500	NPC330_贖罪司祭_免罪実行	NPC330_Atonement Priest_Performing absolution	emevd_event	1037460719	m60_37_46_00	2
3501	NPC330_贖罪司祭_免罪実行	NPC330_Atonement Priest_Performing absolution	emevd_batch	1037460719	m60_37_46_00	1
3502	NPC330_贖罪司祭_免罪実行	NPC330_Atonement Priest_Performing absolution	emevd_batch	1037460719	m60_37_46_00	1
3503	NPC330_贖罪司祭_免罪実行	NPC330_Atonement Priest_Performing absolution	emevd_batch	1037460719	m60_37_46_00	1
3518	NPC330_贖罪司祭_免罪実行	NPC330_Atonement Priest_Performing absolution	emevd_event	1037460719	m60_37_46_00	1
3520	NPC330_贖罪司祭_免罪実行	NPC330_Atonement Priest_Performing absolution	emevd_event	1037460719	m60_37_46_00	2
3521	NPC330_贖罪司祭_免罪実行	NPC330_Atonement Priest_Performing absolution	emevd_batch	1037460719	m60_37_46_00	1
3522	NPC330_贖罪司祭_免罪実行	NPC330_Atonement Priest_Performing absolution	emevd_batch	1037460719	m60_37_46_00	1
3523	NPC330_贖罪司祭_免罪実行	NPC330_Atonement Priest_Performing absolution	emevd_batch	1037460719	m60_37_46_00	1
3538	NPC330_贖罪司祭_免罪実行	NPC330_Atonement Priest_Performing absolution	emevd_event	1037460719	m60_37_46_00	1
3540	NPC330_贖罪司祭_免罪実行	NPC330_Atonement Priest_Performing absolution	emevd_event	1037460719	m60_37_46_00	5
3541	NPC219_足萎え村のNPC_死亡アニメ再生	NPC219_NPC of the withered village_Death animation playback	emevd_batch	1035423702	m60_35_42_00	3
3542	NPC219_足萎え村のNPC_死亡アニメ再生	NPC219_NPC of the withered village_Death animation playback	emevd_batch	1035423702	m60_35_42_00	3
3543	NPC219_足萎え村のNPC_死亡アニメ再生	NPC219_NPC of the withered village_Death animation playback	emevd_event	1035423702	m60_35_42_00	5
3544	NPC219_足萎え村のNPC_死亡アニメ再生	NPC219_NPC of the withered village_Death animation playback	emevd_batch	1035423702	m60_35_42_00	2
3545	NPC219足萎え村のNPC_キャラ状態遷移	NPC219 NPC in the withered village_Character state transition	emevd_event	3559	common	2
3546	NPC219足萎え村のNPC_キャラ状態遷移	NPC219 NPC in the withered village_Character state transition	emevd_event	3559	common	2
3547	NPC219足萎え村のNPC_キャラ状態遷移	NPC219 NPC in the withered village_Character state transition	emevd_batch	3559	common	1
3548	NPC219足萎え村のNPC_キャラ状態遷移	NPC219 NPC in the withered village_Character state transition	emevd_batch	3559	common	1
3549	NPC219足萎え村のNPC_キャラ状態遷移	NPC219 NPC in the withered village_Character state transition	emevd_batch	3559	common	1
3550	NPC219足萎え村のNPC_キャラ状態遷移	NPC219 NPC in the withered village_Character state transition	emevd_batch	3559	common	1
3551	NPC219足萎え村のNPC_キャラ状態遷移	NPC219 NPC in the withered village_Character state transition	emevd_batch	3559	common	1
3552	NPC219足萎え村のNPC_キャラ状態遷移	NPC219 NPC in the withered village_Character state transition	emevd_batch	3559	common	1
3553	NPC219足萎え村のNPC_キャラ状態遷移	NPC219 NPC in the withered village_Character state transition	emevd_batch	3559	common	1
3554	NPC219足萎え村のNPC_キャラ状態遷移	NPC219 NPC in the withered village_Character state transition	emevd_batch	3559	common	1
3555	NPC219足萎え村のNPC_キャラ状態遷移	NPC219 NPC in the withered village_Character state transition	emevd_batch	3559	common	1
3556	NPC219足萎え村のNPC_キャラ状態遷移	NPC219 NPC in the withered village_Character state transition	emevd_batch	3559	common	1
3557	NPC219足萎え村のNPC_キャラ状態遷移	NPC219 NPC in the withered village_Character state transition	emevd_batch	3559	common	1
3558	NPC330_贖罪司祭_免罪実行	NPC330_Atonement Priest_Performing absolution	emevd_event	1037460719	m60_37_46_00	2
3559	NPC219足萎え村のNPC_キャラ状態遷移	NPC219 NPC in the withered village_Character state transition	emevd_batch	3559	common	1
3560	NPC330_贖罪司祭_免罪実行	NPC330_Atonement Priest_Performing absolution	emevd_event	1037460719	m60_37_46_00	5
3561	ラニ一味敵対	Rani gang is hostile	emevd_event	3049	common	4
3562	NPC330_贖罪司祭_免罪実行	NPC330_Atonement Priest_Performing absolution	emevd_batch	1037460719	m60_37_46_00	3
3563	NPC330_贖罪司祭_免罪実行	NPC330_Atonement Priest_Performing absolution	emevd_batch	1037460719	m60_37_46_00	3
3565	NPC307傀儡師_キャラ状態遷移	NPC307 Puppeteer_Character state transition	emevd_event	3579	common	2
3566	NPC307傀儡師_キャラ状態遷移	NPC307 Puppeteer_Character state transition	emevd_event	3579	common	2
3567	NPC307傀儡師_キャラ状態遷移	NPC307 Puppeteer_Character state transition	emevd_event	3579	common	2
3568	NPC307傀儡師_キャラ状態遷移	NPC307 Puppeteer_Character state transition	emevd_event	3579	common	2
3569	NPC307傀儡師_キャラ状態遷移	NPC307 Puppeteer_Character state transition	emevd_event	3579	common	2
3570	NPC307傀儡師_キャラ状態遷移	NPC307 Puppeteer_Character state transition	emevd_batch	3579	common	1
3571	NPC307傀儡師_キャラ状態遷移	NPC307 Puppeteer_Character state transition	emevd_batch	3579	common	1
3572	NPC307傀儡師_キャラ状態遷移	NPC307 Puppeteer_Character state transition	emevd_batch	3579	common	1
3573	NPC307傀儡師_キャラ状態遷移	NPC307 Puppeteer_Character state transition	emevd_batch	3579	common	1
3574	NPC307傀儡師_キャラ状態遷移	NPC307 Puppeteer_Character state transition	emevd_batch	3579	common	1
3575	NPC307傀儡師_キャラ状態遷移	NPC307 Puppeteer_Character state transition	emevd_batch	3579	common	1
3576	NPC307傀儡師_キャラ状態遷移	NPC307 Puppeteer_Character state transition	emevd_batch	3579	common	1
3577	NPC307傀儡師_キャラ状態遷移	NPC307 Puppeteer_Character state transition	emevd_batch	3579	common	1
3578	NPC106ラニ_リアルタイム状態遷移_顔合わせ開始	NPC106 Rani_Real-time state transition_Meeting begins	emevd_event	1034500732	m60_34_50_00	6
3580	NPC330_贖罪司祭_免罪実行	NPC330_Atonement Priest_Performing absolution	emevd_event	1037460719	m60_37_46_00	4
3581	NPC330_贖罪司祭_免罪実行	NPC330_Atonement Priest_Performing absolution	emevd_batch	1037460719	m60_37_46_00	2
3582	NPC330_贖罪司祭_免罪実行	NPC330_Atonement Priest_Performing absolution	emevd_batch	1037460719	m60_37_46_00	2
3583	NPC330_贖罪司祭_免罪実行	NPC330_Atonement Priest_Performing absolution	emevd_batch	1037460719	m60_37_46_00	2
3585	NPC321見張り塔の貴族_キャラ状態遷移	NPC321 Watchtower Noble_Character state transition	emevd_event	3599	common	2
3586	NPC321見張り塔の貴族_キャラ状態遷移	NPC321 Watchtower Noble_Character state transition	emevd_event	3599	common	2
3587	NPC321見張り塔の貴族_キャラ状態遷移	NPC321 Watchtower Noble_Character state transition	emevd_event	3599	common	2
3598	NPC330_贖罪司祭_免罪実行	NPC330_Atonement Priest_Performing absolution	emevd_event	1037460719	m60_37_46_00	2
3600	NPC330_贖罪司祭_免罪実行	NPC330_Atonement Priest_Performing absolution	emevd_event	1037460719	m60_37_46_00	5
3601	ラニ一味敵対	Rani gang is hostile	emevd_event	3049	common	5
3602	NPC330_贖罪司祭_免罪実行	NPC330_Atonement Priest_Performing absolution	emevd_batch	1037460719	m60_37_46_00	3
3603	NPC330_贖罪司祭_免罪実行	NPC330_Atonement Priest_Performing absolution	emevd_batch	1037460719	m60_37_46_00	3
3605	NPC216狼頭の戦士_キャラ状態遷移	NPC216 Wolf-Headed Warrior_Character state transition	emevd_event	3619	common	2
3606	NPC216狼頭の戦士_キャラ状態遷移	NPC216 Wolf-Headed Warrior_Character state transition	emevd_event	3619	common	2
3607	NPC216狼頭の戦士_キャラ状態遷移	NPC216 Wolf-Headed Warrior_Character state transition	emevd_event	3619	common	2
3608	NPC216狼頭の戦士_キャラ状態遷移	NPC216 Wolf-Headed Warrior_Character state transition	emevd_event	3619	common	2
3609	NPC216狼頭の戦士_キャラ状態遷移	NPC216 Wolf-Headed Warrior_Character state transition	emevd_event	3619	common	2
3610	NPC216狼頭の戦士_キャラ状態遷移	NPC216 Wolf-Headed Warrior_Character state transition	emevd_event	3619	common	2
3611	NPC216狼頭の戦士_キャラ状態遷移	NPC216 Wolf-Headed Warrior_Character state transition	emevd_event	3619	common	2
3612	NPC216狼頭の戦士_キャラ状態遷移	NPC216 Wolf-Headed Warrior_Character state transition	emevd_event	3619	common	2
3613	NPC216狼頭の戦士_キャラ状態遷移	NPC216 Wolf-Headed Warrior_Character state transition	emevd_event	3619	common	2
3614	NPC216狼頭の戦士_キャラ状態遷移	NPC216 Wolf-Headed Warrior_Character state transition	emevd_event	3619	common	2
3615	NPC216狼頭の戦士_キャラ状態遷移	NPC216 Wolf-Headed Warrior_Character state transition	emevd_event	3619	common	2
3616	NPC216狼頭の戦士_キャラ状態遷移	NPC216 Wolf-Headed Warrior_Character state transition	emevd_event	3619	common	2
3617	NPC216狼頭の戦士_キャラ状態遷移	NPC216 Wolf-Headed Warrior_Character state transition	emevd_event	3619	common	2
3618	NPC106ラニ_リアルタイム状態遷移_顔合わせ開始	NPC106 Rani_Real-time state transition_Meeting begins	emevd_event	1034500732	m60_34_50_00	7
3620	NPC330_贖罪司祭_免罪実行	NPC330_Atonement Priest_Performing absolution	emevd_event	1037460719	m60_37_46_00	13
3621	NPC318_混沌の宿主_死亡確認_ある潰れ指勝利後	NPC318_Host of Chaos_Death confirmation_After victory with a crushed finger	emevd_batch	1035463702	m60_35_46_00	10
3622	NPC318_混沌の宿主_死亡確認_ある潰れ指勝利後	NPC318_Host of Chaos_Death confirmation_After victory with a crushed finger	emevd_batch	1035463702	m60_35_46_00	10
3623	NPC318_混沌の宿主_死亡確認_ある潰れ指勝利後	NPC318_Host of Chaos_Death confirmation_After victory with a crushed finger	emevd_event	1035463702	m60_35_46_00	17
3624	NPC318_混沌の宿主_死亡確認_ある潰れ指勝利後	NPC318_Host of Chaos_Death confirmation_After victory with a crushed finger	emevd_batch	1035463702	m60_35_46_00	9
3625	NPC318混沌の宿主_キャラ状態遷移	NPC318 Host of Chaos_Character state transition	emevd_event	3639	common	2
3626	NPC318混沌の宿主_キャラ状態遷移	NPC318 Host of Chaos_Character state transition	emevd_event	3639	common	2
3627	NPC318混沌の宿主_キャラ状態遷移	NPC318 Host of Chaos_Character state transition	emevd_event	3639	common	2
3628	NPC318混沌の宿主_キャラ状態遷移	NPC318 Host of Chaos_Character state transition	emevd_batch	3639	common	1
3629	NPC318混沌の宿主_キャラ状態遷移	NPC318 Host of Chaos_Character state transition	emevd_batch	3639	common	1
3630	NPC318混沌の宿主_キャラ状態遷移	NPC318 Host of Chaos_Character state transition	emevd_event	3639	common	2
3631	NPC318混沌の宿主_キャラ状態遷移	NPC318 Host of Chaos_Character state transition	emevd_event	3639	common	2
3632	NPC318混沌の宿主_キャラ状態遷移	NPC318 Host of Chaos_Character state transition	emevd_batch	3639	common	1
3633	NPC318混沌の宿主_キャラ状態遷移	NPC318 Host of Chaos_Character state transition	emevd_batch	3639	common	1
3634	NPC318混沌の宿主_キャラ状態遷移	NPC318 Host of Chaos_Character state transition	emevd_batch	3639	common	1
3635	NPC318混沌の宿主_キャラ状態遷移	NPC318 Host of Chaos_Character state transition	emevd_batch	3639	common	1
3636	NPC318混沌の宿主_キャラ状態遷移	NPC318 Host of Chaos_Character state transition	emevd_batch	3639	common	1
3637	NPC318混沌の宿主_キャラ状態遷移	NPC318 Host of Chaos_Character state transition	emevd_batch	3639	common	1
3638	NPC330_贖罪司祭_免罪実行	NPC330_Atonement Priest_Performing absolution	emevd_event	1037460719	m60_37_46_00	5
3639	NPC318混沌の宿主_キャラ状態遷移	NPC318 Host of Chaos_Character state transition	emevd_batch	3639	common	1
3640	NPC202_マリケス_正気に戻る	NPC202_Marikes_Return to sanity	emevd_event	1051430702	m60_51_43_00	7
3641	NPC202_マリケス_正気に戻る	NPC202_Marikes_Return to sanity	emevd_batch	1051430702	m60_51_43_00	4
3642	NPC202_マリケス_混ぜ物入りを渡していたら免罪不可	NPC202_Marikes_If you give adulterated food, you cannot be exonerated.	emevd_event	1051433706	m60_51_43_00	6
3643	NPC202_マリケス_正気に戻る	NPC202_Marikes_Return to sanity	emevd_batch	1051430702	m60_51_43_00	4
3644	NPC202_マリケス_敵対状態リセット	NPC202_Marikes_hostile status reset	emevd_batch	1051433705	m60_51_43_00	2
3645	NPC202マリケス_キャラ状態遷移	NPC202 Marikes_Character state transition	emevd_event	3659	common	2
3646	NPC202マリケス_キャラ状態遷移	NPC202 Marikes_Character state transition	emevd_event	3659	common	2
3647	NPC202マリケス_キャラ状態遷移	NPC202 Marikes_Character state transition	emevd_event	3659	common	2
3648	NPC202マリケス_キャラ状態遷移	NPC202 Marikes_Character state transition	emevd_event	3659	common	2
3649	NPC202マリケス_キャラ状態遷移	NPC202 Marikes_Character state transition	emevd_batch	3659	common	1
3650	NPC202マリケス_キャラ状態遷移	NPC202 Marikes_Character state transition	emevd_batch	3659	common	1
3651	NPC202マリケス_キャラ状態遷移	NPC202 Marikes_Character state transition	emevd_batch	3659	common	1
3652	NPC202マリケス_キャラ状態遷移	NPC202 Marikes_Character state transition	emevd_batch	3659	common	1
3653	NPC202マリケス_キャラ状態遷移	NPC202 Marikes_Character state transition	emevd_batch	3659	common	1
3654	NPC202マリケス_キャラ状態遷移	NPC202 Marikes_Character state transition	emevd_batch	3659	common	1
3655	NPC202マリケス_キャラ状態遷移	NPC202 Marikes_Character state transition	emevd_batch	3659	common	1
3656	NPC202マリケス_キャラ状態遷移	NPC202 Marikes_Character state transition	emevd_batch	3659	common	1
3657	NPC202マリケス_キャラ状態遷移	NPC202 Marikes_Character state transition	emevd_batch	3659	common	1
3658	NPC330_贖罪司祭_免罪実行	NPC330_Atonement Priest_Performing absolution	emevd_event	1037460719	m60_37_46_00	2
3660	NPC330_贖罪司祭_免罪実行	NPC330_Atonement Priest_Performing absolution	emevd_event	1037460719	m60_37_46_00	6
3661	NPC330_贖罪司祭_免罪実行	NPC330_Atonement Priest_Performing absolution	emevd_batch	1037460719	m60_37_46_00	3
3662	壺マイヤー_最後の戦い	Tsubomayer_The Last Battle	emevd_event	13003711	m13_00_00_00	4
3663	壺マイヤー_最後の戦い	Tsubomayer_The Last Battle	emevd_event	13003711	m13_00_00_00	4
3665	NPC220壺マイヤー_キャラ状態遷移	NPC220 Tsubo Meyer_Character state transition	emevd_event	3679	common	2
3666	NPC220壺マイヤー_キャラ状態遷移	NPC220 Tsubo Meyer_Character state transition	emevd_event	3679	common	2
3667	NPC220壺マイヤー_キャラ状態遷移	NPC220 Tsubo Meyer_Character state transition	emevd_event	3679	common	2
3668	NPC220壺マイヤー_キャラ状態遷移	NPC220 Tsubo Meyer_Character state transition	emevd_event	3679	common	2
3669	NPC220壺マイヤー_キャラ状態遷移	NPC220 Tsubo Meyer_Character state transition	emevd_event	3679	common	2
3670	NPC220壺マイヤー_キャラ状態遷移	NPC220 Tsubo Meyer_Character state transition	emevd_event	3679	common	2
3671	NPC220壺マイヤー_キャラ状態遷移	NPC220 Tsubo Meyer_Character state transition	emevd_event	3679	common	2
3678	NPC330_贖罪司祭_免罪実行	NPC330_Atonement Priest_Performing absolution	emevd_event	1037460719	m60_37_46_00	5
3680	NPC309_盗賊の頭_新_湖で再会_土下座で敵対解除	NPC309_Head of the thieves_New_Reunion at the lake_Dismiss hostility by prostrate	emevd_event	1037423711	m60_37_42_00	21
3681	NPC309_盗賊の頭_新_湖で再会_土下座で敵対解除	NPC309_Head of the thieves_New_Reunion at the lake_Dismiss hostility by prostrate	emevd_batch	1037423711	m60_37_42_00	12
3682	NPC309_盗賊の頭_初戦開始前_敵対フラグON	NPC309_Head of the thieves_Before the start of the first battle_Hostile flag ON	emevd_event	31003703	m31_00_00_00	14
3683	NPC309_盗賊の頭_ライカード撃破時_イベント状態チェック	NPC309_Head of the Thief_When defeating Rykard_Event status check	emevd_event	16003712	m16_00_00_00	13
3684	NPC309_盗賊の頭_新_湖で再会_土下座で敵対解除	NPC309_Head of the thieves_New_Reunion at the lake_Dismiss hostility by prostrate	emevd_batch	1037423711	m60_37_42_00	12
3685	NPC309盗賊の頭_キャラ状態遷移	NPC309 Thief Head_Character state transition	emevd_event	3699	common	2
3686	NPC309盗賊の頭_キャラ状態遷移	NPC309 Thief Head_Character state transition	emevd_event	3699	common	2
3687	NPC309盗賊の頭_キャラ状態遷移	NPC309 Thief Head_Character state transition	emevd_event	3699	common	2
3688	NPC309盗賊の頭_キャラ状態遷移	NPC309 Thief Head_Character state transition	emevd_event	3699	common	2
3689	NPC309盗賊の頭_キャラ状態遷移	NPC309 Thief Head_Character state transition	emevd_event	3699	common	2
3690	NPC309盗賊の頭_キャラ状態遷移	NPC309 Thief Head_Character state transition	emevd_event	3699	common	2
3691	NPC309盗賊の頭_キャラ状態遷移	NPC309 Thief Head_Character state transition	emevd_event	3699	common	2
3692	NPC309盗賊の頭_キャラ状態遷移	NPC309 Thief Head_Character state transition	emevd_event	3699	common	2
3693	NPC309盗賊の頭_キャラ状態遷移	NPC309 Thief Head_Character state transition	emevd_event	3699	common	2
3694	NPC309盗賊の頭_キャラ状態遷移	NPC309 Thief Head_Character state transition	emevd_event	3699	common	2
3695	NPC309盗賊の頭_キャラ状態遷移	NPC309 Thief Head_Character state transition	emevd_batch	3699	common	1
3696	NPC309盗賊の頭_キャラ状態遷移	NPC309 Thief Head_Character state transition	emevd_event	3699	common	2
3697	NPC309盗賊の頭_キャラ状態遷移	NPC309 Thief Head_Character state transition	emevd_batch	3699	common	1
3698	NPC309_盗賊の頭_新_湖で再会_リアルタイム遷移	NPC309_Thief Head_New_Reunion at the lake_Real-time transition	emevd_event	1037423712	m60_37_42_00	8
3699	NPC309盗賊の頭_キャラ状態遷移	NPC309 Thief Head_Character state transition	emevd_batch	3699	common	1
3700	NPC330_贖罪司祭_免罪実行	NPC330_Atonement Priest_Performing absolution	emevd_event	1037460719	m60_37_46_00	4
3701	NPC330_贖罪司祭_免罪実行	NPC330_Atonement Priest_Performing absolution	emevd_batch	1037460719	m60_37_46_00	2
3702	NPC330_贖罪司祭_免罪実行	NPC330_Atonement Priest_Performing absolution	emevd_batch	1037460719	m60_37_46_00	2
3703	NPC330_贖罪司祭_免罪実行	NPC330_Atonement Priest_Performing absolution	emevd_batch	1037460719	m60_37_46_00	2
3704	NPC320ファルネーゼ_キャラ状態遷移	NPC320 Farnese_Character state transition	emevd_batch	3719	common	1
3705	NPC320ファルネーゼ_キャラ状態遷移	NPC320 Farnese_Character state transition	emevd_event	3719	common	2
3706	NPC320ファルネーゼ_キャラ状態遷移	NPC320 Farnese_Character state transition	emevd_batch	3719	common	1
3707	NPC320ファルネーゼ_キャラ状態遷移	NPC320 Farnese_Character state transition	emevd_event	3719	common	2
3708	NPC320ファルネーゼ_キャラ状態遷移	NPC320 Farnese_Character state transition	emevd_event	3719	common	2
3709	NPC320ファルネーゼ_キャラ状態遷移	NPC320 Farnese_Character state transition	emevd_event	3719	common	2
3710	NPC320ファルネーゼ_キャラ状態遷移	NPC320 Farnese_Character state transition	emevd_batch	3719	common	1
3711	NPC320ファルネーゼ_キャラ状態遷移	NPC320 Farnese_Character state transition	emevd_batch	3719	common	1
3712	NPC320ファルネーゼ_キャラ状態遷移	NPC320 Farnese_Character state transition	emevd_batch	3719	common	1
3713	NPC320ファルネーゼ_キャラ状態遷移	NPC320 Farnese_Character state transition	emevd_batch	3719	common	1
3714	NPC320ファルネーゼ_キャラ状態遷移	NPC320 Farnese_Character state transition	emevd_batch	3719	common	1
3715	NPC320ファルネーゼ_キャラ状態遷移	NPC320 Farnese_Character state transition	emevd_batch	3719	common	1
3716	NPC320ファルネーゼ_キャラ状態遷移	NPC320 Farnese_Character state transition	emevd_batch	3719	common	1
3717	NPC320ファルネーゼ_キャラ状態遷移	NPC320 Farnese_Character state transition	emevd_batch	3719	common	1
3718	NPC330_贖罪司祭_免罪実行	NPC330_Atonement Priest_Performing absolution	emevd_event	1037460719	m60_37_46_00	3
3719	NPC320ファルネーゼ_キャラ状態遷移	NPC320 Farnese_Character state transition	emevd_batch	3719	common	1
3720	NPC330_贖罪司祭_免罪実行	NPC330_Atonement Priest_Performing absolution	emevd_event	1037460719	m60_37_46_00	4
3721	NPC330_贖罪司祭_免罪実行	NPC330_Atonement Priest_Performing absolution	emevd_batch	1037460719	m60_37_46_00	2
3722	NPC330_贖罪司祭_免罪実行	NPC330_Atonement Priest_Performing absolution	emevd_batch	1037460719	m60_37_46_00	2
3723	NPC330_贖罪司祭_免罪実行	NPC330_Atonement Priest_Performing absolution	emevd_batch	1037460719	m60_37_46_00	2
3724	NPC330贖罪司祭_キャラ状態遷移	NPC330 Atonement Priest_Character state transition	emevd_batch	3739	common	1
3725	NPC330贖罪司祭_キャラ状態遷移	NPC330 Atonement Priest_Character state transition	emevd_event	3739	common	2
3726	NPC330贖罪司祭_キャラ状態遷移	NPC330 Atonement Priest_Character state transition	emevd_batch	3739	common	1
3727	NPC330贖罪司祭_キャラ状態遷移	NPC330 Atonement Priest_Character state transition	emevd_batch	3739	common	1
3728	NPC330贖罪司祭_キャラ状態遷移	NPC330 Atonement Priest_Character state transition	emevd_batch	3739	common	1
3729	NPC330贖罪司祭_キャラ状態遷移	NPC330 Atonement Priest_Character state transition	emevd_batch	3739	common	1
3730	NPC330贖罪司祭_キャラ状態遷移	NPC330 Atonement Priest_Character state transition	emevd_batch	3739	common	1
3731	NPC330贖罪司祭_キャラ状態遷移	NPC330 Atonement Priest_Character state transition	emevd_batch	3739	common	1
3732	NPC330贖罪司祭_キャラ状態遷移	NPC330 Atonement Priest_Character state transition	emevd_batch	3739	common	1
3733	NPC330贖罪司祭_キャラ状態遷移	NPC330 Atonement Priest_Character state transition	emevd_batch	3739	common	1
3734	NPC330贖罪司祭_キャラ状態遷移	NPC330 Atonement Priest_Character state transition	emevd_batch	3739	common	1
3735	NPC330贖罪司祭_キャラ状態遷移	NPC330 Atonement Priest_Character state transition	emevd_batch	3739	common	1
3736	NPC330贖罪司祭_キャラ状態遷移	NPC330 Atonement Priest_Character state transition	emevd_batch	3739	common	1
3737	NPC330贖罪司祭_キャラ状態遷移	NPC330 Atonement Priest_Character state transition	emevd_batch	3739	common	1
3738	NPC330_贖罪司祭_免罪実行	NPC330_Atonement Priest_Performing absolution	emevd_event	1037460719	m60_37_46_00	3
3739	NPC330贖罪司祭_キャラ状態遷移	NPC330 Atonement Priest_Character state transition	emevd_batch	3739	common	1
3740	NPC330_贖罪司祭_免罪実行	NPC330_Atonement Priest_Performing absolution	emevd_event	1037460719	m60_37_46_00	5
3741	ラニ一味敵対	Rani gang is hostile	emevd_event	3049	common	5
3742	NPC330_贖罪司祭_免罪実行	NPC330_Atonement Priest_Performing absolution	emevd_batch	1037460719	m60_37_46_00	3
3743	NPC330_贖罪司祭_免罪実行	NPC330_Atonement Priest_Performing absolution	emevd_batch	1037460719	m60_37_46_00	3
3745	NPC106ラニ_キャラ状態遷移	NPC106 Rani_Character state transition	emevd_event	3759	common	2
3746	NPC106ラニ_キャラ状態遷移	NPC106 Rani_Character state transition	emevd_event	3759	common	2
3747	NPC106ラニ_キャラ状態遷移	NPC106 Rani_Character state transition	emevd_event	3759	common	2
3748	NPC106ラニ_キャラ状態遷移	NPC106 Rani_Character state transition	emevd_event	3759	common	2
3749	NPC106ラニ_キャラ状態遷移	NPC106 Rani_Character state transition	emevd_event	3759	common	2
3750	NPC106ラニ_キャラ状態遷移	NPC106 Rani_Character state transition	emevd_event	3759	common	2
3751	NPC106ラニ_キャラ状態遷移	NPC106 Rani_Character state transition	emevd_event	3759	common	2
3752	NPC106ラニ_キャラ状態遷移	NPC106 Rani_Character state transition	emevd_batch	3759	common	1
3753	NPC106ラニ_キャラ状態遷移	NPC106 Rani_Character state transition	emevd_batch	3759	common	1
3754	NPC106ラニ_キャラ状態遷移	NPC106 Rani_Character state transition	emevd_batch	3759	common	1
3755	NPC106ラニ_キャラ状態遷移	NPC106 Rani_Character state transition	emevd_batch	3759	common	1
3756	NPC106ラニ_キャラ状態遷移	NPC106 Rani_Character state transition	emevd_batch	3759	common	1
3757	NPC106ラニ_キャラ状態遷移	NPC106 Rani_Character state transition	emevd_batch	3759	common	1
3758	NPC106ラニ_リアルタイム状態遷移_ラニの塔	NPC106 Rani_Real-time state transition_Rani's Tower	emevd_event	1034500731	m60_34_50_00	8
3760	NPC330_贖罪司祭_免罪実行	NPC330_Atonement Priest_Performing absolution	emevd_event	1037460719	m60_37_46_00	5
3761	ラニ一味敵対	Rani gang is hostile	emevd_event	3049	common	4
3762	NPC330_贖罪司祭_免罪実行	NPC330_Atonement Priest_Performing absolution	emevd_batch	1037460719	m60_37_46_00	3
3763	NPC224爺や_キャラ状態遷移	NPC224 Grandpa_Character state transition	emevd_event	3779	common	4
3765	NPC224爺や_キャラ状態遷移	NPC224 Grandpa_Character state transition	emevd_event	3779	common	2
3766	NPC224爺や_キャラ状態遷移	NPC224 Grandpa_Character state transition	emevd_event	3779	common	2
3767	NPC224爺や_キャラ状態遷移	NPC224 Grandpa_Character state transition	emevd_event	3779	common	2
3768	NPC224爺や_キャラ状態遷移	NPC224 Grandpa_Character state transition	emevd_event	3779	common	2
3769	NPC224爺や_キャラ状態遷移	NPC224 Grandpa_Character state transition	emevd_batch	3779	common	1
3770	NPC224爺や_キャラ状態遷移	NPC224 Grandpa_Character state transition	emevd_batch	3779	common	1
3771	NPC224爺や_キャラ状態遷移	NPC224 Grandpa_Character state transition	emevd_batch	3779	common	1
3772	NPC224爺や_キャラ状態遷移	NPC224 Grandpa_Character state transition	emevd_batch	3779	common	1
3773	NPC224爺や_キャラ状態遷移	NPC224 Grandpa_Character state transition	emevd_batch	3779	common	1
3774	NPC224爺や_キャラ状態遷移	NPC224 Grandpa_Character state transition	emevd_batch	3779	common	1
3775	NPC224爺や_キャラ状態遷移	NPC224 Grandpa_Character state transition	emevd_batch	3779	common	1
3776	NPC224爺や_キャラ状態遷移	NPC224 Grandpa_Character state transition	emevd_batch	3779	common	1
3777	NPC224爺や_キャラ状態遷移	NPC224 Grandpa_Character state transition	emevd_batch	3779	common	1
3778	NPC106ラニ_リアルタイム状態遷移_顔合わせ開始	NPC106 Rani_Real-time state transition_Meeting begins	emevd_event	1034500732	m60_34_50_00	4
3780	NPC330_贖罪司祭_免罪実行	NPC330_Atonement Priest_Performing absolution	emevd_event	1037460719	m60_37_46_00	4
3781	NPC330_贖罪司祭_免罪実行	NPC330_Atonement Priest_Performing absolution	emevd_batch	1037460719	m60_37_46_00	2
3782	NPC330_贖罪司祭_免罪実行	NPC330_Atonement Priest_Performing absolution	emevd_batch	1037460719	m60_37_46_00	2
3783	NPC330_贖罪司祭_免罪実行	NPC330_Atonement Priest_Performing absolution	emevd_batch	1037460719	m60_37_46_00	2
3785	NPC332火山館の幽霊_キャラ状態遷移	NPC332 Ghost of the Volcano Hall_Character state transition	emevd_event	3799	common	2
3786	NPC332火山館の幽霊_キャラ状態遷移	NPC332 Ghost of the Volcano Hall_Character state transition	emevd_event	3799	common	2
3787	NPC332火山館の幽霊_キャラ状態遷移	NPC332 Ghost of the Volcano Hall_Character state transition	emevd_batch	3799	common	1
3798	NPC330_贖罪司祭_免罪実行	NPC330_Atonement Priest_Performing absolution	emevd_event	1037460719	m60_37_46_00	2
3800	NPC330_贖罪司祭_免罪実行	NPC330_Atonement Priest_Performing absolution	emevd_event	1037460719	m60_37_46_00	4
3801	NPC330_贖罪司祭_免罪実行	NPC330_Atonement Priest_Performing absolution	emevd_batch	1037460719	m60_37_46_00	2
3802	NPC330_贖罪司祭_免罪実行	NPC330_Atonement Priest_Performing absolution	emevd_batch	1037460719	m60_37_46_00	2
3803	NPC333戻れない輝石魔術師_キャラ状態遷移	NPC333 Pyroxene magician who cannot return_Character state transition	emevd_event	3819	common	3
3805	NPC333戻れない輝石魔術師_キャラ状態遷移	NPC333 Pyroxene magician who cannot return_Character state transition	emevd_event	3819	common	2
3806	NPC333戻れない輝石魔術師_キャラ状態遷移	NPC333 Pyroxene magician who cannot return_Character state transition	emevd_event	3819	common	2
3818	NPC330_贖罪司祭_免罪実行	NPC330_Atonement Priest_Performing absolution	emevd_event	1037460719	m60_37_46_00	2
3820	NPC330_贖罪司祭_免罪実行	NPC330_Atonement Priest_Performing absolution	emevd_event	1037460719	m60_37_46_00	5
3821	NPC226生きている小壺_キャラ状態遷移	NPC226 Living Small Pot_Character state transition	emevd_event	3839	common	4
3822	壺村全体敵対_免罪不可イベント	Entire Tsubomura is hostile_No impunity event	emevd_event	1039443730	m60_39_44_00	5
3823	NPC330_贖罪司祭_免罪実行	NPC330_Atonement Priest_Performing absolution	emevd_batch	1037460719	m60_37_46_00	3
3825	NPC226生きている小壺_キャラ状態遷移	NPC226 Living Small Pot_Character state transition	emevd_event	3839	common	2
3826	NPC226生きている小壺_キャラ状態遷移	NPC226 Living Small Pot_Character state transition	emevd_event	3839	common	2
3827	NPC226生きている小壺_キャラ状態遷移	NPC226 Living Small Pot_Character state transition	emevd_event	3839	common	2
3828	NPC226生きている小壺_キャラ状態遷移	NPC226 Living Small Pot_Character state transition	emevd_event	3839	common	2
3829	NPC226生きている小壺_キャラ状態遷移	NPC226 Living Small Pot_Character state transition	emevd_event	3839	common	2
3838	NPC330_贖罪司祭_免罪実行	NPC330_Atonement Priest_Performing absolution	emevd_event	1037460719	m60_37_46_00	2
3840	NPC227霊クラゲの少女_敵対切り替え	NPC227 Spirit Jellyfish Girl_Enemy Switch	emevd_event	1051563704	m60_51_56_00	4
3841	NPC227霊クラゲの少女_敵対切り替え	NPC227 Spirit Jellyfish Girl_Enemy Switch	emevd_batch	1051563704	m60_51_56_00	2
3842	NPC227霊クラゲの少女_敵対切り替え	NPC227 Spirit Jellyfish Girl_Enemy Switch	emevd_batch	1051563704	m60_51_56_00	2
3843	NPC227霊クラゲの少女_敵対切り替え	NPC227 Spirit Jellyfish Girl_Enemy Switch	emevd_batch	1051563704	m60_51_56_00	2
3844	NPC227霊クラゲの少女_敵対切り替え	NPC227 Spirit Jellyfish Girl_Enemy Switch	emevd_batch	1051563704	m60_51_56_00	2
3845	NPC227霊クラゲの少女_キャラ状態遷移	NPC227 Spirit Jellyfish Girl_Character state transition	emevd_event	3859	common	2
3846	NPC227霊クラゲの少女_キャラ状態遷移	NPC227 Spirit Jellyfish Girl_Character state transition	emevd_event	3859	common	2
3847	NPC227霊クラゲの少女_キャラ状態遷移	NPC227 Spirit Jellyfish Girl_Character state transition	emevd_batch	3859	common	1
3848	NPC227霊クラゲの少女_キャラ状態遷移	NPC227 Spirit Jellyfish Girl_Character state transition	emevd_batch	3859	common	1
3849	NPC227霊クラゲの少女_キャラ状態遷移	NPC227 Spirit Jellyfish Girl_Character state transition	emevd_batch	3859	common	1
3850	NPC227霊クラゲの少女_キャラ状態遷移	NPC227 Spirit Jellyfish Girl_Character state transition	emevd_batch	3859	common	1
3851	NPC227霊クラゲの少女_キャラ状態遷移	NPC227 Spirit Jellyfish Girl_Character state transition	emevd_batch	3859	common	1
3852	NPC227霊クラゲの少女_キャラ状態遷移	NPC227 Spirit Jellyfish Girl_Character state transition	emevd_batch	3859	common	1
3853	NPC227霊クラゲの少女_キャラ状態遷移	NPC227 Spirit Jellyfish Girl_Character state transition	emevd_batch	3859	common	1
3854	NPC227霊クラゲの少女_キャラ状態遷移	NPC227 Spirit Jellyfish Girl_Character state transition	emevd_batch	3859	common	1
3855	NPC227霊クラゲの少女_キャラ状態遷移	NPC227 Spirit Jellyfish Girl_Character state transition	emevd_batch	3859	common	1
3856	NPC227霊クラゲの少女_キャラ状態遷移	NPC227 Spirit Jellyfish Girl_Character state transition	emevd_batch	3859	common	1
3857	NPC227霊クラゲの少女_キャラ状態遷移	NPC227 Spirit Jellyfish Girl_Character state transition	emevd_batch	3859	common	1
3858	NPC330_贖罪司祭_免罪実行	NPC330_Atonement Priest_Performing absolution	emevd_event	1037460719	m60_37_46_00	2
3859	NPC227霊クラゲの少女_キャラ状態遷移	NPC227 Spirit Jellyfish Girl_Character state transition	emevd_batch	3859	common	1
3860	NPC330_贖罪司祭_免罪実行	NPC330_Atonement Priest_Performing absolution	emevd_event	1037460719	m60_37_46_00	4
3861	NPC330_贖罪司祭_免罪実行	NPC330_Atonement Priest_Performing absolution	emevd_batch	1037460719	m60_37_46_00	2
3862	NPC330_贖罪司祭_免罪実行	NPC330_Atonement Priest_Performing absolution	emevd_batch	1037460719	m60_37_46_00	2
3863	NPC330_贖罪司祭_免罪実行	NPC330_Atonement Priest_Performing absolution	emevd_batch	1037460719	m60_37_46_00	2
3864	NPC337王都老人_キャラ状態遷移	NPC337 Royal Capital Old Man_Character state transition	emevd_batch	3879	common	1
3865	NPC337王都老人_キャラ状態遷移	NPC337 Royal Capital Old Man_Character state transition	emevd_event	3879	common	2
3866	NPC337王都老人_キャラ状態遷移	NPC337 Royal Capital Old Man_Character state transition	emevd_event	3879	common	2
3867	NPC337王都老人_キャラ状態遷移	NPC337 Royal Capital Old Man_Character state transition	emevd_batch	3879	common	1
3868	NPC337王都老人_キャラ状態遷移	NPC337 Royal Capital Old Man_Character state transition	emevd_batch	3879	common	1
3869	NPC337王都老人_キャラ状態遷移	NPC337 Royal Capital Old Man_Character state transition	emevd_batch	3879	common	1
3870	NPC337王都老人_キャラ状態遷移	NPC337 Royal Capital Old Man_Character state transition	emevd_batch	3879	common	1
3871	NPC337王都老人_キャラ状態遷移	NPC337 Royal Capital Old Man_Character state transition	emevd_batch	3879	common	1
3872	NPC337王都老人_キャラ状態遷移	NPC337 Royal Capital Old Man_Character state transition	emevd_batch	3879	common	1
3873	NPC337王都老人_キャラ状態遷移	NPC337 Royal Capital Old Man_Character state transition	emevd_batch	3879	common	1
3874	NPC337王都老人_キャラ状態遷移	NPC337 Royal Capital Old Man_Character state transition	emevd_batch	3879	common	1
3875	NPC337王都老人_キャラ状態遷移	NPC337 Royal Capital Old Man_Character state transition	emevd_batch	3879	common	1
3876	NPC337王都老人_キャラ状態遷移	NPC337 Royal Capital Old Man_Character state transition	emevd_batch	3879	common	1
3877	NPC337王都老人_キャラ状態遷移	NPC337 Royal Capital Old Man_Character state transition	emevd_batch	3879	common	1
3878	NPC330_贖罪司祭_免罪実行	NPC330_Atonement Priest_Performing absolution	emevd_event	1037460719	m60_37_46_00	3
3879	NPC337王都老人_キャラ状態遷移	NPC337 Royal Capital Old Man_Character state transition	emevd_batch	3879	common	1
3880	NPC330_贖罪司祭_免罪実行	NPC330_Atonement Priest_Performing absolution	emevd_event	1037460719	m60_37_46_00	4
3881	NPC330_贖罪司祭_免罪実行	NPC330_Atonement Priest_Performing absolution	emevd_batch	1037460719	m60_37_46_00	2
3882	NPC330_贖罪司祭_免罪実行	NPC330_Atonement Priest_Performing absolution	emevd_batch	1037460719	m60_37_46_00	2
3883	NPC326火山館最強の騎士_キャラ状態遷移	NPC326 Volcano Hall Strongest Knight_Character state transition	emevd_event	3899	common	3
3884	NPC326火山館最強の騎士_キャラ状態遷移	NPC326 Volcano Hall Strongest Knight_Character state transition	emevd_batch	3899	common	1
3885	NPC326火山館最強の騎士_キャラ状態遷移	NPC326 Volcano Hall Strongest Knight_Character state transition	emevd_event	3899	common	2
3886	NPC326火山館最強の騎士_キャラ状態遷移	NPC326 Volcano Hall Strongest Knight_Character state transition	emevd_event	3899	common	2
3887	NPC326火山館最強の騎士_キャラ状態遷移	NPC326 Volcano Hall Strongest Knight_Character state transition	emevd_event	3899	common	2
3888	NPC326火山館最強の騎士_キャラ状態遷移	NPC326 Volcano Hall Strongest Knight_Character state transition	emevd_event	3899	common	2
3889	NPC326火山館最強の騎士_キャラ状態遷移	NPC326 Volcano Hall Strongest Knight_Character state transition	emevd_batch	3899	common	1
3890	NPC326火山館最強の騎士_キャラ状態遷移	NPC326 Volcano Hall Strongest Knight_Character state transition	emevd_batch	3899	common	1
3891	NPC326火山館最強の騎士_キャラ状態遷移	NPC326 Volcano Hall Strongest Knight_Character state transition	emevd_batch	3899	common	1
3892	NPC326火山館最強の騎士_キャラ状態遷移	NPC326 Volcano Hall Strongest Knight_Character state transition	emevd_batch	3899	common	1
3893	NPC326火山館最強の騎士_キャラ状態遷移	NPC326 Volcano Hall Strongest Knight_Character state transition	emevd_batch	3899	common	1
3894	NPC326火山館最強の騎士_キャラ状態遷移	NPC326 Volcano Hall Strongest Knight_Character state transition	emevd_batch	3899	common	1
3895	NPC326火山館最強の騎士_キャラ状態遷移	NPC326 Volcano Hall Strongest Knight_Character state transition	emevd_batch	3899	common	1
3896	NPC326火山館最強の騎士_キャラ状態遷移	NPC326 Volcano Hall Strongest Knight_Character state transition	emevd_batch	3899	common	1
3897	NPC326火山館最強の騎士_キャラ状態遷移	NPC326 Volcano Hall Strongest Knight_Character state transition	emevd_batch	3899	common	1
3898	NPC330_贖罪司祭_免罪実行	NPC330_Atonement Priest_Performing absolution	emevd_event	1037460719	m60_37_46_00	4
3899	NPC326火山館最強の騎士_キャラ状態遷移	NPC326 Volcano Hall Strongest Knight_Character state transition	emevd_batch	3899	common	1
3900	NPC330_贖罪司祭_免罪実行	NPC330_Atonement Priest_Performing absolution	emevd_event	1037460719	m60_37_46_00	4
3901	NPC330_贖罪司祭_免罪実行	NPC330_Atonement Priest_Performing absolution	emevd_batch	1037460719	m60_37_46_00	2
3902	NPC330_贖罪司祭_免罪実行	NPC330_Atonement Priest_Performing absolution	emevd_batch	1037460719	m60_37_46_00	2
3903	NPC325ロジェール_キャラ状態遷移	NPC325 Roger_Character state transition	emevd_event	3919	common	3
3905	NPC325ロジェール_キャラ状態遷移	NPC325 Roger_Character state transition	emevd_event	3919	common	2
3906	NPC325ロジェール_キャラ状態遷移	NPC325 Roger_Character state transition	emevd_event	3919	common	2
3907	NPC325ロジェール_キャラ状態遷移	NPC325 Roger_Character state transition	emevd_event	3919	common	2
3908	NPC325ロジェール_キャラ状態遷移	NPC325 Roger_Character state transition	emevd_event	3919	common	2
3909	NPC325ロジェール_キャラ状態遷移	NPC325 Roger_Character state transition	emevd_event	3919	common	2
3910	NPC325ロジェール_キャラ状態遷移	NPC325 Roger_Character state transition	emevd_batch	3919	common	1
3911	NPC325ロジェール_キャラ状態遷移	NPC325 Roger_Character state transition	emevd_batch	3919	common	1
3912	NPC325ロジェール_キャラ状態遷移	NPC325 Roger_Character state transition	emevd_batch	3919	common	1
3913	NPC325ロジェール_キャラ状態遷移	NPC325 Roger_Character state transition	emevd_batch	3919	common	1
3914	NPC325ロジェール_キャラ状態遷移	NPC325 Roger_Character state transition	emevd_batch	3919	common	1
3915	NPC325ロジェール_キャラ状態遷移	NPC325 Roger_Character state transition	emevd_batch	3919	common	1
3916	NPC325ロジェール_キャラ状態遷移	NPC325 Roger_Character state transition	emevd_batch	3919	common	1
3917	NPC325ロジェール_キャラ状態遷移	NPC325 Roger_Character state transition	emevd_batch	3919	common	1
3918	NPC325ロジェール_ゴドリック撃破後リアルタイム遷移	NPC325 Roger_Real-time transition after defeating Godric	emevd_event	10000761	m10_00_00_00	4
3920	NPC330_贖罪司祭_免罪実行	NPC330_Atonement Priest_Performing absolution	emevd_event	1037460719	m60_37_46_00	2
3921	NPC330_贖罪司祭_免罪実行	NPC330_Atonement Priest_Performing absolution	emevd_batch	1037460719	m60_37_46_00	1
3922	NPC330_贖罪司祭_免罪実行	NPC330_Atonement Priest_Performing absolution	emevd_batch	1037460719	m60_37_46_00	1
3923	NPC330_贖罪司祭_免罪実行	NPC330_Atonement Priest_Performing absolution	emevd_batch	1037460719	m60_37_46_00	1
3938	NPC330_贖罪司祭_免罪実行	NPC330_Atonement Priest_Performing absolution	emevd_event	1037460719	m60_37_46_00	1
3940	NPC330_贖罪司祭_免罪実行	NPC330_Atonement Priest_Performing absolution	emevd_event	1037460719	m60_37_46_00	4
3941	NPC330_贖罪司祭_免罪実行	NPC330_Atonement Priest_Performing absolution	emevd_batch	1037460719	m60_37_46_00	2
3942	NPC330_贖罪司祭_免罪実行	NPC330_Atonement Priest_Performing absolution	emevd_batch	1037460719	m60_37_46_00	2
3943	NPC223亜人針子_キャラ状態遷移	NPC223 Demi-Shimiko_Character state transition	emevd_event	3959	common	3
3944	NPC223亜人針子_キャラ状態遷移	NPC223 Demi-Shimiko_Character state transition	emevd_batch	3959	common	1
3945	NPC223亜人針子_キャラ状態遷移	NPC223 Demi-Shimiko_Character state transition	emevd_event	3959	common	2
3946	NPC223亜人針子_キャラ状態遷移	NPC223 Demi-Shimiko_Character state transition	emevd_event	3959	common	2
3947	NPC223亜人針子_キャラ状態遷移	NPC223 Demi-Shimiko_Character state transition	emevd_event	3959	common	2
3948	NPC223亜人針子_キャラ状態遷移	NPC223 Demi-Shimiko_Character state transition	emevd_event	3959	common	2
3949	NPC223亜人針子_キャラ状態遷移	NPC223 Demi-Shimiko_Character state transition	emevd_event	3959	common	2
3954	NPC223亜人針子_NPC初期化イベント_最初の篝火近く	NPC223 Demi-Shipper_NPC initialization event_near the first bonfire	emevd_event	1039403710	m60_39_40_00	1
3955	NPC223亜人針子_NPC初期化イベント_紋章関門前の篝火近く	NPC223 Demi-Seamiko_NPC initialization event_Near the bonfire in front of the coat of arms gate	emevd_event	1036483700	m60_36_48_00	1
3956	NPC223亜人針子_NPC初期化イベント_三叉路の篝火近く	NPC223 Demi-Seamiko_NPC initialization event_Near the bonfire at the three-way intersection	emevd_event	1039513700	m60_39_51_00	1
3957	NPC223亜人針子_NPC初期化イベント_入り口すぐの篝火近く	NPC223 Demi-Shipper_NPC initialization event_Near the bonfire right at the entrance	emevd_event	11003710	m11_00_00_00	2
3958	NPC330_贖罪司祭_免罪実行	NPC330_Atonement Priest_Performing absolution	emevd_event	1037460719	m60_37_46_00	2
3960	NPC330_贖罪司祭_免罪実行	NPC330_Atonement Priest_Performing absolution	emevd_event	1037460719	m60_37_46_00	4
3961	NPC330_贖罪司祭_免罪実行	NPC330_Atonement Priest_Performing absolution	emevd_batch	1037460719	m60_37_46_00	2
3962	NPC330_贖罪司祭_免罪実行	NPC330_Atonement Priest_Performing absolution	emevd_batch	1037460719	m60_37_46_00	2
3963	NPC330_贖罪司祭_免罪実行	NPC330_Atonement Priest_Performing absolution	emevd_batch	1037460719	m60_37_46_00	2
3965	NPC324百智卿_キャラ状態遷移	NPC324 Lord Hyakuchi_Character state transition	emevd_event	3979	common	2
3966	NPC324百智卿_キャラ状態遷移	NPC324 Lord Hyakuchi_Character state transition	emevd_event	3979	common	2
3967	NPC324百智卿_キャラ状態遷移	NPC324 Lord Hyakuchi_Character state transition	emevd_event	3979	common	2
3968	NPC324百智卿_キャラ状態遷移	NPC324 Lord Hyakuchi_Character state transition	emevd_event	3979	common	2
3978	NPC330_贖罪司祭_免罪実行	NPC330_Atonement Priest_Performing absolution	emevd_event	1037460719	m60_37_46_00	2
3980	NPC330_贖罪司祭_免罪実行	NPC330_Atonement Priest_Performing absolution	emevd_event	1037460719	m60_37_46_00	2
3981	NPC330_贖罪司祭_免罪実行	NPC330_Atonement Priest_Performing absolution	emevd_batch	1037460719	m60_37_46_00	1
3982	NPC330_贖罪司祭_免罪実行	NPC330_Atonement Priest_Performing absolution	emevd_batch	1037460719	m60_37_46_00	1
3983	NPC330_贖罪司祭_免罪実行	NPC330_Atonement Priest_Performing absolution	emevd_batch	1037460719	m60_37_46_00	1
3998	NPC330_贖罪司祭_免罪実行	NPC330_Atonement Priest_Performing absolution	emevd_event	1037460719	m60_37_46_00	1
4000	NPC330_贖罪司祭_免罪実行	NPC330_Atonement Priest_Performing absolution	emevd_event	1037460719	m60_37_46_00	2
4001	NPC330_贖罪司祭_免罪実行	NPC330_Atonement Priest_Performing absolution	emevd_batch	1037460719	m60_37_46_00	1
4002	NPC330_贖罪司祭_免罪実行	NPC330_Atonement Priest_Performing absolution	emevd_batch	1037460719	m60_37_46_00	1
4003	NPC330_贖罪司祭_免罪実行	NPC330_Atonement Priest_Performing absolution	emevd_batch	1037460719	m60_37_46_00	1
4018	NPC330_贖罪司祭_免罪実行	NPC330_Atonement Priest_Performing absolution	emevd_event	1037460719	m60_37_46_00	1
4020	NPC330_贖罪司祭_免罪実行	NPC330_Atonement Priest_Performing absolution	emevd_event	1037460719	m60_37_46_00	2
4021	NPC330_贖罪司祭_免罪実行	NPC330_Atonement Priest_Performing absolution	emevd_batch	1037460719	m60_37_46_00	1
4022	NPC330_贖罪司祭_免罪実行	NPC330_Atonement Priest_Performing absolution	emevd_batch	1037460719	m60_37_46_00	1
4023	NPC330_贖罪司祭_免罪実行	NPC330_Atonement Priest_Performing absolution	emevd_batch	1037460719	m60_37_46_00	1
4038	NPC330_贖罪司祭_免罪実行	NPC330_Atonement Priest_Performing absolution	emevd_event	1037460719	m60_37_46_00	1
4040	NPC330_贖罪司祭_免罪実行	NPC330_Atonement Priest_Performing absolution	emevd_event	1037460719	m60_37_46_00	5
4041	NPC330_贖罪司祭_免罪実行	NPC330_Atonement Priest_Performing absolution	emevd_batch	1037460719	m60_37_46_00	3
4042	NPC330_贖罪司祭_免罪実行	NPC330_Atonement Priest_Performing absolution	emevd_batch	1037460719	m60_37_46_00	3
4043	NPC322ユリア_キャラ状態遷移	NPC322 Yuria_Character state transition	emevd_event	4139	common	4
4045	NPC319ダヴィド_キャラ状態遷移	NPC319 David_Character state transition	emevd_event	4059	common	3
4046	NPC319ダヴィド_キャラ状態遷移	NPC319 David_Character state transition	emevd_event	4059	common	3
4047	NPC319ダヴィド_キャラ状態遷移	NPC319 David_Character state transition	emevd_event	4059	common	3
4048	NPC322ユリア_キャラ状態遷移	NPC322 Yuria_Character state transition	emevd_event	4139	common	3
4049	NPC319ダヴィド_キャラ状態遷移	NPC319 David_Character state transition	emevd_batch	4059	common	2
4050	NPC319ダヴィド_キャラ状態遷移	NPC319 David_Character state transition	emevd_batch	4059	common	2
4051	NPC319ダヴィド_キャラ状態遷移	NPC319 David_Character state transition	emevd_batch	4059	common	2
4052	NPC319ダヴィド_キャラ状態遷移	NPC319 David_Character state transition	emevd_batch	4059	common	2
4053	NPC319ダヴィド_キャラ状態遷移	NPC319 David_Character state transition	emevd_batch	4059	common	2
4054	NPC319ダヴィド_キャラ状態遷移	NPC319 David_Character state transition	emevd_batch	4059	common	2
4055	NPC319ダヴィド_キャラ状態遷移	NPC319 David_Character state transition	emevd_batch	4059	common	2
4056	NPC319ダヴィド_キャラ状態遷移	NPC319 David_Character state transition	emevd_batch	4059	common	2
4057	NPC319ダヴィド_キャラ状態遷移	NPC319 David_Character state transition	emevd_batch	4059	common	2
4058	NPC330_贖罪司祭_免罪実行	NPC330_Atonement Priest_Performing absolution	emevd_event	1037460719	m60_37_46_00	6
4060	NPC330_贖罪司祭_免罪実行	NPC330_Atonement Priest_Performing absolution	emevd_event	1037460719	m60_37_46_00	4
4061	NPC330_贖罪司祭_免罪実行	NPC330_Atonement Priest_Performing absolution	emevd_batch	1037460719	m60_37_46_00	2
4062	NPC319ダニー_キャラ状態遷移	NPC319 Danny_Character state transition	emevd_event	4079	common	3
4063	NPC330_贖罪司祭_免罪実行	NPC330_Atonement Priest_Performing absolution	emevd_batch	1037460719	m60_37_46_00	2
4065	NPC319ダニー_キャラ状態遷移	NPC319 Danny_Character state transition	emevd_event	4079	common	2
4066	NPC319ダニー_キャラ状態遷移	NPC319 Danny_Character state transition	emevd_event	4079	common	2
4067	NPC319ダニー_キャラ状態遷移	NPC319 Danny_Character state transition	emevd_event	4079	common	2
4068	NPC319ダニー_キャラ状態遷移	NPC319 Danny_Character state transition	emevd_batch	4079	common	1
4069	NPC319ダニー_キャラ状態遷移	NPC319 Danny_Character state transition	emevd_batch	4079	common	1
4070	NPC319ダニー_キャラ状態遷移	NPC319 Danny_Character state transition	emevd_batch	4079	common	1
4071	NPC319ダニー_キャラ状態遷移	NPC319 Danny_Character state transition	emevd_batch	4079	common	1
4072	NPC319ダニー_キャラ状態遷移	NPC319 Danny_Character state transition	emevd_batch	4079	common	1
4073	NPC319ダニー_キャラ状態遷移	NPC319 Danny_Character state transition	emevd_batch	4079	common	1
4074	NPC319ダニー_キャラ状態遷移	NPC319 Danny_Character state transition	emevd_batch	4079	common	1
4075	NPC319ダニー_キャラ状態遷移	NPC319 Danny_Character state transition	emevd_batch	4079	common	1
4076	NPC319ダニー_キャラ状態遷移	NPC319 Danny_Character state transition	emevd_batch	4079	common	1
4077	NPC319ダニー_キャラ状態遷移	NPC319 Danny_Character state transition	emevd_event	4079	common	2
4078	NPC330_贖罪司祭_免罪実行	NPC330_Atonement Priest_Performing absolution	emevd_event	1037460719	m60_37_46_00	3
4080	NPC330_贖罪司祭_免罪実行	NPC330_Atonement Priest_Performing absolution	emevd_event	1037460719	m60_37_46_00	2
4081	NPC330_贖罪司祭_免罪実行	NPC330_Atonement Priest_Performing absolution	emevd_batch	1037460719	m60_37_46_00	1
4082	NPC330_贖罪司祭_免罪実行	NPC330_Atonement Priest_Performing absolution	emevd_batch	1037460719	m60_37_46_00	1
4083	NPC330_贖罪司祭_免罪実行	NPC330_Atonement Priest_Performing absolution	emevd_batch	1037460719	m60_37_46_00	1
4098	NPC330_贖罪司祭_免罪実行	NPC330_Atonement Priest_Performing absolution	emevd_event	1037460719	m60_37_46_00	1
4100	NPC330_贖罪司祭_免罪実行	NPC330_Atonement Priest_Performing absolution	emevd_event	1037460719	m60_37_46_00	4
4101	NPC330_贖罪司祭_免罪実行	NPC330_Atonement Priest_Performing absolution	emevd_batch	1037460719	m60_37_46_00	2
4102	NPC330_贖罪司祭_免罪実行	NPC330_Atonement Priest_Performing absolution	emevd_batch	1037460719	m60_37_46_00	2
4103	NPC330_贖罪司祭_免罪実行	NPC330_Atonement Priest_Performing absolution	emevd_batch	1037460719	m60_37_46_00	2
4104	NPC228ウルフライダー_キャラ状態遷移	NPC228 Wolf Rider_Character state transition	emevd_batch	4119	common	1
4105	NPC228ウルフライダー_キャラ状態遷移	NPC228 Wolf Rider_Character state transition	emevd_event	4119	common	2
4106	NPC228ウルフライダー_キャラ状態遷移	NPC228 Wolf Rider_Character state transition	emevd_event	4119	common	2
4107	NPC228ウルフライダー_キャラ状態遷移	NPC228 Wolf Rider_Character state transition	emevd_batch	4119	common	1
4108	NPC228ウルフライダー_キャラ状態遷移	NPC228 Wolf Rider_Character state transition	emevd_batch	4119	common	1
4109	NPC228ウルフライダー_キャラ状態遷移	NPC228 Wolf Rider_Character state transition	emevd_batch	4119	common	1
4110	NPC228ウルフライダー_キャラ状態遷移	NPC228 Wolf Rider_Character state transition	emevd_batch	4119	common	1
4111	NPC228ウルフライダー_キャラ状態遷移	NPC228 Wolf Rider_Character state transition	emevd_batch	4119	common	1
4112	NPC228ウルフライダー_キャラ状態遷移	NPC228 Wolf Rider_Character state transition	emevd_batch	4119	common	1
4113	NPC228ウルフライダー_キャラ状態遷移	NPC228 Wolf Rider_Character state transition	emevd_batch	4119	common	1
4114	NPC228ウルフライダー_キャラ状態遷移	NPC228 Wolf Rider_Character state transition	emevd_batch	4119	common	1
4115	NPC228ウルフライダー_キャラ状態遷移	NPC228 Wolf Rider_Character state transition	emevd_batch	4119	common	1
4116	NPC228ウルフライダー_キャラ状態遷移	NPC228 Wolf Rider_Character state transition	emevd_batch	4119	common	1
4117	NPC228ウルフライダー_キャラ状態遷移	NPC228 Wolf Rider_Character state transition	emevd_batch	4119	common	1
4118	NPC330_贖罪司祭_免罪実行	NPC330_Atonement Priest_Performing absolution	emevd_event	1037460719	m60_37_46_00	2
4119	NPC228ウルフライダー_キャラ状態遷移	NPC228 Wolf Rider_Character state transition	emevd_batch	4119	common	1
4120	NPC330_贖罪司祭_免罪実行	NPC330_Atonement Priest_Performing absolution	emevd_event	1037460719	m60_37_46_00	7
4121	NPC330_贖罪司祭_免罪実行	NPC330_Atonement Priest_Performing absolution	emevd_batch	1037460719	m60_37_46_00	4
4122	NPC330_贖罪司祭_免罪実行	NPC330_Atonement Priest_Performing absolution	emevd_batch	1037460719	m60_37_46_00	4
4123	NPC319ダニー_キャラ状態遷移	NPC319 Danny_Character state transition	emevd_event	4079	common	5
4124	NPC322ユリア_ボス戦デバッグ用フラグセットアップ	NPC322 Yuria_Boss battle debugging flag setup	emevd_batch	12030709	m12_03_00_00	1
4125	NPC322ユリア_キャラ状態遷移	NPC322 Yuria_Character state transition	emevd_event	4139	common	4
4126	NPC322ユリア_キャラ状態遷移	NPC322 Yuria_Character state transition	emevd_event	4139	common	4
4127	NPC322ユリア_キャラ状態遷移	NPC322 Yuria_Character state transition	emevd_event	4139	common	4
4128	NPC322ユリア_キャラ状態遷移	NPC322 Yuria_Character state transition	emevd_event	4139	common	4
4129	NPC322ユリア_キャラ状態遷移	NPC322 Yuria_Character state transition	emevd_event	4139	common	4
4130	NPC322ユリア_ボス戦デバッグ用フラグセットアップ	NPC322 Yuria_Boss battle debugging flag setup	emevd_event	12030709	m12_03_00_00	5
4131	NPC322ユリア_キャラ状態遷移	NPC322 Yuria_Character state transition	emevd_event	4139	common	4
4132	NPC319ダニー_キャラ状態遷移	NPC319 Danny_Character state transition	emevd_event	4079	common	4
4133	NPC322ユリア_ボス戦デバッグ用フラグセットアップ	NPC322 Yuria_Boss battle debugging flag setup	emevd_batch	12030709	m12_03_00_00	3
4134	NPC322ユリア_ボス戦デバッグ用フラグセットアップ	NPC322 Yuria_Boss battle debugging flag setup	emevd_batch	12030709	m12_03_00_00	3
4135	NPC322ユリア_ボス戦デバッグ用フラグセットアップ	NPC322 Yuria_Boss battle debugging flag setup	emevd_batch	12030709	m12_03_00_00	3
4136	NPC322ユリア_ボス戦デバッグ用フラグセットアップ	NPC322 Yuria_Boss battle debugging flag setup	emevd_batch	12030709	m12_03_00_00	3
4137	NPC322ユリア_キャラ状態遷移	NPC322 Yuria_Character state transition	emevd_event	4139	common	4
4138	NPC330_贖罪司祭_免罪実行	NPC330_Atonement Priest_Performing absolution	emevd_event	1037460719	m60_37_46_00	6
4140	NPC330_贖罪司祭_免罪実行	NPC330_Atonement Priest_Performing absolution	emevd_event	1037460719	m60_37_46_00	6
4141	NPC330_贖罪司祭_免罪実行	NPC330_Atonement Priest_Performing absolution	emevd_batch	1037460719	m60_37_46_00	4
4142	NPC330_贖罪司祭_免罪実行	NPC330_Atonement Priest_Performing absolution	emevd_batch	1037460719	m60_37_46_00	4
4143	NPC331ならず者_糞喰いに殺された_会話で死亡実行	NPC331 Rogue_Killed by a shit eater_Death executed through conversation	emevd_event	1044523704	m60_44_52_10	6
4144	NPC331ならず者_糞喰いに殺された_会話で死亡実行	NPC331 Rogue_Killed by a shit eater_Death executed through conversation	emevd_batch	1044523704	m60_44_52_10	3
4145	NPC331ならず者_キャラ状態遷移	NPC331 Rogue_Character state transition	emevd_event	4159	common	2
4146	NPC331ならず者_キャラ状態遷移	NPC331 Rogue_Character state transition	emevd_event	4159	common	2
4147	NPC331ならず者_キャラ状態遷移	NPC331 Rogue_Character state transition	emevd_event	4159	common	2
4148	NPC331ならず者_キャラ状態遷移	NPC331 Rogue_Character state transition	emevd_batch	4159	common	1
4149	NPC331ならず者_キャラ状態遷移	NPC331 Rogue_Character state transition	emevd_batch	4159	common	1
4150	NPC331ならず者_キャラ状態遷移	NPC331 Rogue_Character state transition	emevd_batch	4159	common	1
4151	NPC331ならず者_キャラ状態遷移	NPC331 Rogue_Character state transition	emevd_batch	4159	common	1
4152	NPC331ならず者_キャラ状態遷移	NPC331 Rogue_Character state transition	emevd_batch	4159	common	1
4153	NPC331ならず者_キャラ状態遷移	NPC331 Rogue_Character state transition	emevd_batch	4159	common	1
4154	NPC331ならず者_キャラ状態遷移	NPC331 Rogue_Character state transition	emevd_batch	4159	common	1
4155	NPC331ならず者_キャラ状態遷移	NPC331 Rogue_Character state transition	emevd_batch	4159	common	1
4156	NPC331ならず者_キャラ状態遷移	NPC331 Rogue_Character state transition	emevd_batch	4159	common	1
4157	NPC331ならず者_キャラ状態遷移	NPC331 Rogue_Character state transition	emevd_batch	4159	common	1
4158	NPC330_贖罪司祭_免罪実行	NPC330_Atonement Priest_Performing absolution	emevd_event	1037460719	m60_37_46_00	3
4159	NPC331ならず者_キャラ状態遷移	NPC331 Rogue_Character state transition	emevd_batch	4159	common	1
4160	NPC330_贖罪司祭_免罪実行	NPC330_Atonement Priest_Performing absolution	emevd_event	1037460719	m60_37_46_00	5
4161	NPC330_贖罪司祭_免罪実行	NPC330_Atonement Priest_Performing absolution	emevd_batch	1037460719	m60_37_46_00	3
4162	NPC330_贖罪司祭_免罪実行	NPC330_Atonement Priest_Performing absolution	emevd_batch	1037460719	m60_37_46_00	3
4163	NPC349腐敗長老_死体表示	NPC349 Rotten elder_corpse display	emevd_event	1050383703	m60_50_38_00	5
4165	NPC349腐敗長老_キャラ状態遷移	NPC349 Corrupt Elder_Character state transition	emevd_event	4179	common	2
4166	NPC349腐敗長老_キャラ状態遷移	NPC349 Corrupt Elder_Character state transition	emevd_event	4179	common	2
4167	NPC349腐敗長老_キャラ状態遷移	NPC349 Corrupt Elder_Character state transition	emevd_event	4179	common	2
4168	NPC349腐敗長老_キャラ状態遷移	NPC349 Corrupt Elder_Character state transition	emevd_event	4179	common	2
4169	NPC349腐敗長老_キャラ状態遷移	NPC349 Corrupt Elder_Character state transition	emevd_event	4179	common	2
4170	NPC349腐敗長老_キャラ状態遷移	NPC349 Corrupt Elder_Character state transition	emevd_event	4179	common	2
4171	NPC349腐敗長老_キャラ状態遷移	NPC349 Corrupt Elder_Character state transition	emevd_event	4179	common	2
4172	NPC349腐敗長老_キャラ状態遷移	NPC349 Corrupt Elder_Character state transition	emevd_batch	4179	common	1
4173	NPC349腐敗長老_キャラ状態遷移	NPC349 Corrupt Elder_Character state transition	emevd_batch	4179	common	1
4174	NPC349腐敗長老_キャラ状態遷移	NPC349 Corrupt Elder_Character state transition	emevd_batch	4179	common	1
4175	NPC349腐敗長老_キャラ状態遷移	NPC349 Corrupt Elder_Character state transition	emevd_batch	4179	common	1
4176	NPC349腐敗長老_キャラ状態遷移	NPC349 Corrupt Elder_Character state transition	emevd_batch	4179	common	1
4177	NPC349腐敗長老_キャラ状態遷移	NPC349 Corrupt Elder_Character state transition	emevd_batch	4179	common	1
4178	NPC330_贖罪司祭_免罪実行	NPC330_Atonement Priest_Performing absolution	emevd_event	1037460719	m60_37_46_00	4
4180	NPC330_贖罪司祭_免罪実行	NPC330_Atonement Priest_Performing absolution	emevd_event	1037460719	m60_37_46_00	4
4181	NPC330_贖罪司祭_免罪実行	NPC330_Atonement Priest_Performing absolution	emevd_batch	1037460719	m60_37_46_00	2
4182	NPC330_贖罪司祭_免罪実行	NPC330_Atonement Priest_Performing absolution	emevd_batch	1037460719	m60_37_46_00	2
4183	NPC330_贖罪司祭_免罪実行	NPC330_Atonement Priest_Performing absolution	emevd_batch	1037460719	m60_37_46_00	2
4185	NPC348マレニアの娘_キャラ状態遷移	NPC348 Marenia's Daughter_Character state transition	emevd_event	4199	common	2
4186	NPC348マレニアの娘_キャラ状態遷移	NPC348 Marenia's Daughter_Character state transition	emevd_event	4199	common	2
4187	NPC348マレニアの娘_キャラ状態遷移	NPC348 Marenia's Daughter_Character state transition	emevd_event	4199	common	2
4188	NPC348マレニアの娘_キャラ状態遷移	NPC348 Marenia's Daughter_Character state transition	emevd_event	4199	common	2
4189	NPC348マレニアの娘_キャラ状態遷移	NPC348 Marenia's Daughter_Character state transition	emevd_event	4199	common	2
4190	NPC348マレニアの娘_キャラ状態遷移	NPC348 Marenia's Daughter_Character state transition	emevd_event	4199	common	2
4191	NPC348マレニアの娘_キャラ状態遷移	NPC348 Marenia's Daughter_Character state transition	emevd_event	4199	common	2
4192	NPC348マレニアの娘_キャラ状態遷移	NPC348 Marenia's Daughter_Character state transition	emevd_event	4199	common	2
4193	NPC348マレニアの娘_キャラ状態遷移	NPC348 Marenia's Daughter_Character state transition	emevd_event	4199	common	2
4194	NPC348マレニアの娘_キャラ状態遷移	NPC348 Marenia's Daughter_Character state transition	emevd_event	4199	common	2
4195	NPC348マレニアの娘_キャラ状態遷移	NPC348 Marenia's Daughter_Character state transition	emevd_batch	4199	common	1
4196	NPC348マレニアの娘_キャラ状態遷移	NPC348 Marenia's Daughter_Character state transition	emevd_batch	4199	common	1
4197	NPC348マレニアの娘_ﾌｪｰｽﾞ3_NPC初期化イベント	NPC348 Marenia's Daughter_Phase 3_NPC initialization event	emevd_event	1038513705	m60_38_51_00	4
4198	NPC330_贖罪司祭_免罪実行	NPC330_Atonement Priest_Performing absolution	emevd_event	1037460719	m60_37_46_00	4
4200	NPC330_贖罪司祭_免罪実行	NPC330_Atonement Priest_Performing absolution	emevd_event	1037460719	m60_37_46_00	4
4201	NPC330_贖罪司祭_免罪実行	NPC330_Atonement Priest_Performing absolution	emevd_batch	1037460719	m60_37_46_00	2
4202	NPC330_贖罪司祭_免罪実行	NPC330_Atonement Priest_Performing absolution	emevd_batch	1037460719	m60_37_46_00	2
4203	NPC351金仮面の従者_キャラ状態遷移	NPC351 Gold Masked Servant_Character state transition	emevd_event	4219	common	3
4205	NPC351金仮面の従者_キャラ状態遷移	NPC351 Gold Masked Servant_Character state transition	emevd_event	4219	common	2
4206	NPC351金仮面の従者_キャラ状態遷移	NPC351 Gold Masked Servant_Character state transition	emevd_event	4219	common	2
4207	NPC351金仮面の従者_キャラ状態遷移	NPC351 Gold Masked Servant_Character state transition	emevd_event	4219	common	2
4208	NPC351金仮面の従者_キャラ状態遷移	NPC351 Gold Masked Servant_Character state transition	emevd_event	4219	common	2
4209	NPC351金仮面の従者_キャラ状態遷移	NPC351 Gold Masked Servant_Character state transition	emevd_event	4219	common	2
4210	NPC351金仮面の従者_キャラ状態遷移	NPC351 Gold Masked Servant_Character state transition	emevd_event	4219	common	2
4211	NPC351金仮面の従者_キャラ状態遷移	NPC351 Gold Masked Servant_Character state transition	emevd_event	4219	common	2
4212	NPC351金仮面の従者_キャラ状態遷移	NPC351 Gold Masked Servant_Character state transition	emevd_batch	4219	common	1
4213	NPC351金仮面の従者_キャラ状態遷移	NPC351 Gold Masked Servant_Character state transition	emevd_batch	4219	common	1
4214	NPC351金仮面の従者_キャラ状態遷移	NPC351 Gold Masked Servant_Character state transition	emevd_batch	4219	common	1
4215	NPC351金仮面の従者_キャラ状態遷移	NPC351 Gold Masked Servant_Character state transition	emevd_batch	4219	common	1
4216	NPC351金仮面の従者_キャラ状態遷移	NPC351 Gold Masked Servant_Character state transition	emevd_batch	4219	common	1
4217	NPC351金仮面の従者_キャラ状態遷移	NPC351 Gold Masked Servant_Character state transition	emevd_event	4219	common	2
4218	NPC330_贖罪司祭_免罪実行	NPC330_Atonement Priest_Performing absolution	emevd_event	1037460719	m60_37_46_00	2
4220	NPC330_贖罪司祭_免罪実行	NPC330_Atonement Priest_Performing absolution	emevd_event	1037460719	m60_37_46_00	4
4221	NPC330_贖罪司祭_免罪実行	NPC330_Atonement Priest_Performing absolution	emevd_batch	1037460719	m60_37_46_00	2
4222	NPC330_贖罪司祭_免罪実行	NPC330_Atonement Priest_Performing absolution	emevd_batch	1037460719	m60_37_46_00	2
4223	NPC334百智卿の娘_キャラ状態遷移	NPC334 Lord Momochi's daughter_Character state transition	emevd_event	4239	common	3
4225	NPC334百智卿の娘_キャラ状態遷移	NPC334 Lord Momochi's daughter_Character state transition	emevd_event	4239	common	2
4226	NPC334百智卿の娘_キャラ状態遷移	NPC334 Lord Momochi's daughter_Character state transition	emevd_event	4239	common	2
4227	NPC334百智卿の娘_キャラ状態遷移	NPC334 Lord Momochi's daughter_Character state transition	emevd_event	4239	common	2
4228	NPC334百智卿の娘_キャラ状態遷移	NPC334 Lord Momochi's daughter_Character state transition	emevd_event	4239	common	2
4229	NPC334百智卿の娘_キャラ状態遷移	NPC334 Lord Momochi's daughter_Character state transition	emevd_event	4239	common	2
4230	NPC334百智卿の娘_キャラ状態遷移	NPC334 Lord Momochi's daughter_Character state transition	emevd_event	4239	common	2
4231	NPC334百智卿の娘_キャラ状態遷移	NPC334 Lord Momochi's daughter_Character state transition	emevd_batch	4239	common	1
4232	NPC334百智卿の娘_キャラ状態遷移	NPC334 Lord Momochi's daughter_Character state transition	emevd_batch	4239	common	1
4233	NPC334百智卿の娘_キャラ状態遷移	NPC334 Lord Momochi's daughter_Character state transition	emevd_batch	4239	common	1
4234	NPC334百智卿の娘_キャラ状態遷移	NPC334 Lord Momochi's daughter_Character state transition	emevd_batch	4239	common	1
4235	NPC334百智卿の娘_キャラ状態遷移	NPC334 Lord Momochi's daughter_Character state transition	emevd_batch	4239	common	1
4236	NPC334百智卿の娘_キャラ状態遷移	NPC334 Lord Momochi's daughter_Character state transition	emevd_batch	4239	common	1
4237	NPC334百智卿の娘_キャラ状態遷移	NPC334 Lord Momochi's daughter_Character state transition	emevd_batch	4239	common	1
4238	NPC330_贖罪司祭_免罪実行	NPC330_Atonement Priest_Performing absolution	emevd_event	1037460719	m60_37_46_00	2
4240	NPC330_贖罪司祭_免罪実行	NPC330_Atonement Priest_Performing absolution	emevd_event	1037460719	m60_37_46_00	7
4241	NPC330_贖罪司祭_免罪実行	NPC330_Atonement Priest_Performing absolution	emevd_batch	1037460719	m60_37_46_00	5
4242	NPC330_贖罪司祭_免罪実行	NPC330_Atonement Priest_Performing absolution	emevd_batch	1037460719	m60_37_46_00	5
4243	NPC323糞喰い_ﾌｪｰｽﾞ5_NPC初期化イベント	NPC323 Shit Eating_Phase 5_NPC Initialization Event	emevd_event	35003721	m35_00_00_00	8
4245	NPC323糞喰い_キャラ状態遷移	NPC323 Shit-eater_Character state transition	emevd_event	4259	common	2
4246	NPC323糞喰い_キャラ状態遷移	NPC323 Shit-eater_Character state transition	emevd_event	4259	common	2
4247	NPC323糞喰い_キャラ状態遷移	NPC323 Shit-eater_Character state transition	emevd_event	4259	common	2
4248	NPC323糞喰い_キャラ状態遷移	NPC323 Shit-eater_Character state transition	emevd_event	4259	common	2
4249	NPC323糞喰い_キャラ状態遷移	NPC323 Shit-eater_Character state transition	emevd_event	4259	common	2
4250	NPC323糞喰い_キャラ状態遷移	NPC323 Shit-eater_Character state transition	emevd_batch	4259	common	1
4251	NPC323糞喰い_キャラ状態遷移	NPC323 Shit-eater_Character state transition	emevd_event	4259	common	2
4252	NPC323糞喰い_キャラ状態遷移	NPC323 Shit-eater_Character state transition	emevd_batch	4259	common	1
4253	NPC323糞喰い_キャラ状態遷移	NPC323 Shit-eater_Character state transition	emevd_batch	4259	common	1
4254	NPC323糞喰い_キャラ状態遷移	NPC323 Shit-eater_Character state transition	emevd_batch	4259	common	1
4255	NPC323糞喰い_キャラ状態遷移	NPC323 Shit-eater_Character state transition	emevd_batch	4259	common	1
4256	NPC323糞喰い_キャラ状態遷移	NPC323 Shit-eater_Character state transition	emevd_batch	4259	common	1
4257	NPC323糞喰い_キャラ状態遷移	NPC323 Shit-eater_Character state transition	emevd_batch	4259	common	1
4258	NPC330_贖罪司祭_免罪実行	NPC330_Atonement Priest_Performing absolution	emevd_event	1037460719	m60_37_46_00	4
4260	NPC330_贖罪司祭_免罪実行	NPC330_Atonement Priest_Performing absolution	emevd_event	1037460719	m60_37_46_00	2
4261	NPC330_贖罪司祭_免罪実行	NPC330_Atonement Priest_Performing absolution	emevd_batch	1037460719	m60_37_46_00	1
4262	NPC330_贖罪司祭_免罪実行	NPC330_Atonement Priest_Performing absolution	emevd_batch	1037460719	m60_37_46_00	1
4263	NPC330_贖罪司祭_免罪実行	NPC330_Atonement Priest_Performing absolution	emevd_batch	1037460719	m60_37_46_00	1
4278	NPC330_贖罪司祭_免罪実行	NPC330_Atonement Priest_Performing absolution	emevd_event	1037460719	m60_37_46_00	1
4280	NPC330_贖罪司祭_免罪実行	NPC330_Atonement Priest_Performing absolution	emevd_event	1037460719	m60_37_46_00	2
4281	NPC330_贖罪司祭_免罪実行	NPC330_Atonement Priest_Performing absolution	emevd_batch	1037460719	m60_37_46_00	1
4282	NPC330_贖罪司祭_免罪実行	NPC330_Atonement Priest_Performing absolution	emevd_batch	1037460719	m60_37_46_00	1
4283	NPC330_贖罪司祭_免罪実行	NPC330_Atonement Priest_Performing absolution	emevd_batch	1037460719	m60_37_46_00	1
4298	NPC330_贖罪司祭_免罪実行	NPC330_Atonement Priest_Performing absolution	emevd_event	1037460719	m60_37_46_00	1
4300	NPC330_贖罪司祭_免罪実行	NPC330_Atonement Priest_Performing absolution	emevd_event	1037460719	m60_37_46_00	2
4301	NPC330_贖罪司祭_免罪実行	NPC330_Atonement Priest_Performing absolution	emevd_batch	1037460719	m60_37_46_00	1
4302	NPC330_贖罪司祭_免罪実行	NPC330_Atonement Priest_Performing absolution	emevd_batch	1037460719	m60_37_46_00	1
4303	NPC330_贖罪司祭_免罪実行	NPC330_Atonement Priest_Performing absolution	emevd_batch	1037460719	m60_37_46_00	1
4318	NPC330_贖罪司祭_免罪実行	NPC330_Atonement Priest_Performing absolution	emevd_event	1037460719	m60_37_46_00	1
4320	NPC330_贖罪司祭_免罪実行	NPC330_Atonement Priest_Performing absolution	emevd_event	1037460719	m60_37_46_00	2
4321	NPC330_贖罪司祭_免罪実行	NPC330_Atonement Priest_Performing absolution	emevd_batch	1037460719	m60_37_46_00	1
4322	NPC330_贖罪司祭_免罪実行	NPC330_Atonement Priest_Performing absolution	emevd_batch	1037460719	m60_37_46_00	1
4323	NPC330_贖罪司祭_免罪実行	NPC330_Atonement Priest_Performing absolution	emevd_batch	1037460719	m60_37_46_00	1
4338	NPC330_贖罪司祭_免罪実行	NPC330_Atonement Priest_Performing absolution	emevd_event	1037460719	m60_37_46_00	1
4340	NPC330_贖罪司祭_免罪実行	NPC330_Atonement Priest_Performing absolution	emevd_event	1037460719	m60_37_46_00	2
4341	NPC330_贖罪司祭_免罪実行	NPC330_Atonement Priest_Performing absolution	emevd_batch	1037460719	m60_37_46_00	1
4342	NPC330_贖罪司祭_免罪実行	NPC330_Atonement Priest_Performing absolution	emevd_batch	1037460719	m60_37_46_00	1
4343	NPC330_贖罪司祭_免罪実行	NPC330_Atonement Priest_Performing absolution	emevd_batch	1037460719	m60_37_46_00	1
4358	NPC330_贖罪司祭_免罪実行	NPC330_Atonement Priest_Performing absolution	emevd_event	1037460719	m60_37_46_00	1
4360	NPC330_贖罪司祭_免罪実行	NPC330_Atonement Priest_Performing absolution	emevd_event	1037460719	m60_37_46_00	2
4361	NPC330_贖罪司祭_免罪実行	NPC330_Atonement Priest_Performing absolution	emevd_batch	1037460719	m60_37_46_00	1
4362	NPC330_贖罪司祭_免罪実行	NPC330_Atonement Priest_Performing absolution	emevd_batch	1037460719	m60_37_46_00	1
4363	NPC330_贖罪司祭_免罪実行	NPC330_Atonement Priest_Performing absolution	emevd_batch	1037460719	m60_37_46_00	1
4378	NPC330_贖罪司祭_免罪実行	NPC330_Atonement Priest_Performing absolution	emevd_event	1037460719	m60_37_46_00	1
4380	NPC330_贖罪司祭_免罪実行	NPC330_Atonement Priest_Performing absolution	emevd_event	1037460719	m60_37_46_00	2
4381	NPC330_贖罪司祭_免罪実行	NPC330_Atonement Priest_Performing absolution	emevd_batch	1037460719	m60_37_46_00	1
4382	NPC330_贖罪司祭_免罪実行	NPC330_Atonement Priest_Performing absolution	emevd_batch	1037460719	m60_37_46_00	1
4383	NPC330_贖罪司祭_免罪実行	NPC330_Atonement Priest_Performing absolution	emevd_batch	1037460719	m60_37_46_00	1
4398	NPC330_贖罪司祭_免罪実行	NPC330_Atonement Priest_Performing absolution	emevd_event	1037460719	m60_37_46_00	1
4400	NPC330_贖罪司祭_免罪実行	NPC330_Atonement Priest_Performing absolution	emevd_event	1037460719	m60_37_46_00	2
4401	NPC330_贖罪司祭_免罪実行	NPC330_Atonement Priest_Performing absolution	emevd_batch	1037460719	m60_37_46_00	1
4402	NPC330_贖罪司祭_免罪実行	NPC330_Atonement Priest_Performing absolution	emevd_batch	1037460719	m60_37_46_00	1
4403	NPC330_贖罪司祭_免罪実行	NPC330_Atonement Priest_Performing absolution	emevd_batch	1037460719	m60_37_46_00	1
4418	NPC330_贖罪司祭_免罪実行	NPC330_Atonement Priest_Performing absolution	emevd_event	1037460719	m60_37_46_00	1
4420	NPC330_贖罪司祭_免罪実行	NPC330_Atonement Priest_Performing absolution	emevd_event	1037460719	m60_37_46_00	2
4421	NPC330_贖罪司祭_免罪実行	NPC330_Atonement Priest_Performing absolution	emevd_batch	1037460719	m60_37_46_00	1
4422	NPC330_贖罪司祭_免罪実行	NPC330_Atonement Priest_Performing absolution	emevd_batch	1037460719	m60_37_46_00	1
4423	NPC330_贖罪司祭_免罪実行	NPC330_Atonement Priest_Performing absolution	emevd_batch	1037460719	m60_37_46_00	1
4438	NPC330_贖罪司祭_免罪実行	NPC330_Atonement Priest_Performing absolution	emevd_event	1037460719	m60_37_46_00	1
4440	NPC330_贖罪司祭_免罪実行	NPC330_Atonement Priest_Performing absolution	emevd_event	1037460719	m60_37_46_00	2
4441	NPC330_贖罪司祭_免罪実行	NPC330_Atonement Priest_Performing absolution	emevd_batch	1037460719	m60_37_46_00	1
4442	NPC330_贖罪司祭_免罪実行	NPC330_Atonement Priest_Performing absolution	emevd_batch	1037460719	m60_37_46_00	1
4443	NPC330_贖罪司祭_免罪実行	NPC330_Atonement Priest_Performing absolution	emevd_batch	1037460719	m60_37_46_00	1
4458	NPC330_贖罪司祭_免罪実行	NPC330_Atonement Priest_Performing absolution	emevd_event	1037460719	m60_37_46_00	1
4460	NPC330_贖罪司祭_免罪実行	NPC330_Atonement Priest_Performing absolution	emevd_event	1037460719	m60_37_46_00	2
4461	NPC330_贖罪司祭_免罪実行	NPC330_Atonement Priest_Performing absolution	emevd_batch	1037460719	m60_37_46_00	1
4462	NPC330_贖罪司祭_免罪実行	NPC330_Atonement Priest_Performing absolution	emevd_batch	1037460719	m60_37_46_00	1
4463	NPC330_贖罪司祭_免罪実行	NPC330_Atonement Priest_Performing absolution	emevd_batch	1037460719	m60_37_46_00	1
4478	NPC330_贖罪司祭_免罪実行	NPC330_Atonement Priest_Performing absolution	emevd_event	1037460719	m60_37_46_00	1
4480	NPC330_贖罪司祭_免罪実行	NPC330_Atonement Priest_Performing absolution	emevd_event	1037460719	m60_37_46_00	2
4481	NPC330_贖罪司祭_免罪実行	NPC330_Atonement Priest_Performing absolution	emevd_batch	1037460719	m60_37_46_00	1
4482	NPC330_贖罪司祭_免罪実行	NPC330_Atonement Priest_Performing absolution	emevd_batch	1037460719	m60_37_46_00	1
4483	NPC330_贖罪司祭_免罪実行	NPC330_Atonement Priest_Performing absolution	emevd_batch	1037460719	m60_37_46_00	1
4498	NPC330_贖罪司祭_免罪実行	NPC330_Atonement Priest_Performing absolution	emevd_event	1037460719	m60_37_46_00	1
4500	NPC330_贖罪司祭_免罪実行	NPC330_Atonement Priest_Performing absolution	emevd_event	1037460719	m60_37_46_00	2
4501	NPC330_贖罪司祭_免罪実行	NPC330_Atonement Priest_Performing absolution	emevd_batch	1037460719	m60_37_46_00	1
4502	NPC330_贖罪司祭_免罪実行	NPC330_Atonement Priest_Performing absolution	emevd_batch	1037460719	m60_37_46_00	1
4503	NPC330_贖罪司祭_免罪実行	NPC330_Atonement Priest_Performing absolution	emevd_batch	1037460719	m60_37_46_00	1
4518	NPC330_贖罪司祭_免罪実行	NPC330_Atonement Priest_Performing absolution	emevd_event	1037460719	m60_37_46_00	1
4520	NPC330_贖罪司祭_免罪実行	NPC330_Atonement Priest_Performing absolution	emevd_event	1037460719	m60_37_46_00	2
4521	NPC330_贖罪司祭_免罪実行	NPC330_Atonement Priest_Performing absolution	emevd_batch	1037460719	m60_37_46_00	1
4522	NPC330_贖罪司祭_免罪実行	NPC330_Atonement Priest_Performing absolution	emevd_batch	1037460719	m60_37_46_00	1
4523	NPC330_贖罪司祭_免罪実行	NPC330_Atonement Priest_Performing absolution	emevd_batch	1037460719	m60_37_46_00	1
4538	NPC330_贖罪司祭_免罪実行	NPC330_Atonement Priest_Performing absolution	emevd_event	1037460719	m60_37_46_00	1
4540	NPC330_贖罪司祭_免罪実行	NPC330_Atonement Priest_Performing absolution	emevd_event	1037460719	m60_37_46_00	2
4541	NPC330_贖罪司祭_免罪実行	NPC330_Atonement Priest_Performing absolution	emevd_batch	1037460719	m60_37_46_00	1
4542	NPC330_贖罪司祭_免罪実行	NPC330_Atonement Priest_Performing absolution	emevd_batch	1037460719	m60_37_46_00	1
4543	NPC330_贖罪司祭_免罪実行	NPC330_Atonement Priest_Performing absolution	emevd_batch	1037460719	m60_37_46_00	1
4558	NPC330_贖罪司祭_免罪実行	NPC330_Atonement Priest_Performing absolution	emevd_event	1037460719	m60_37_46_00	1
4560	NPC330_贖罪司祭_免罪実行	NPC330_Atonement Priest_Performing absolution	emevd_event	1037460719	m60_37_46_00	2
4561	NPC330_贖罪司祭_免罪実行	NPC330_Atonement Priest_Performing absolution	emevd_batch	1037460719	m60_37_46_00	1
4562	NPC330_贖罪司祭_免罪実行	NPC330_Atonement Priest_Performing absolution	emevd_batch	1037460719	m60_37_46_00	1
4563	NPC330_贖罪司祭_免罪実行	NPC330_Atonement Priest_Performing absolution	emevd_batch	1037460719	m60_37_46_00	1
4578	NPC330_贖罪司祭_免罪実行	NPC330_Atonement Priest_Performing absolution	emevd_event	1037460719	m60_37_46_00	1
4580	NPC330_贖罪司祭_免罪実行	NPC330_Atonement Priest_Performing absolution	emevd_event	1037460719	m60_37_46_00	2
4581	NPC330_贖罪司祭_免罪実行	NPC330_Atonement Priest_Performing absolution	emevd_batch	1037460719	m60_37_46_00	1
4582	NPC330_贖罪司祭_免罪実行	NPC330_Atonement Priest_Performing absolution	emevd_batch	1037460719	m60_37_46_00	1
4583	NPC330_贖罪司祭_免罪実行	NPC330_Atonement Priest_Performing absolution	emevd_batch	1037460719	m60_37_46_00	1
4598	NPC330_贖罪司祭_免罪実行	NPC330_Atonement Priest_Performing absolution	emevd_event	1037460719	m60_37_46_00	1
4651		set by NPC talk 000001000 on m00_00_00_00	esd_talk	000001000	m00_00_00_00	1
4652		set by NPC talk 000001000 on m00_00_00_00	esd_talk	000001000	m00_00_00_00	2
4653		set by NPC talk 000001000 on m00_00_00_00	esd_talk	000001000	m00_00_00_00	2
4654		set by NPC talk 000001000 on m00_00_00_00	esd_talk	000001000	m00_00_00_00	2
4655		set by NPC talk 000001000 on m00_00_00_00	esd_talk	000001000	m00_00_00_00	2
4656		set by NPC talk 000001000 on m00_00_00_00	esd_talk	000001000	m00_00_00_00	2
4657		set by NPC talk 000001000 on m00_00_00_00	esd_talk	000001000	m00_00_00_00	2
4670		set by NPC talk 000003000 on m00_00_00_00	esd_talk	000003000	m00_00_00_00	1
4680		set by NPC talk 000003000 on m00_00_00_00	esd_talk	000003000	m00_00_00_00	1
4681		set by NPC talk 000003000 on m00_00_00_00	esd_talk	000003000	m00_00_00_00	1
4698		set by NPC talk 000001000 on m00_00_00_00	esd_talk	000001000	m00_00_00_00	2
4700	NPC330_贖罪司祭_免罪実行	NPC330_Atonement Priest_Performing absolution	emevd_event	1037460719	m60_37_46_00	4
4701	NPC330_贖罪司祭_免罪実行	NPC330_Atonement Priest_Performing absolution	emevd_batch	1037460719	m60_37_46_00	2
4702	NPC330_贖罪司祭_免罪実行	NPC330_Atonement Priest_Performing absolution	emevd_batch	1037460719	m60_37_46_00	2
4703	NPC330_贖罪司祭_免罪実行	NPC330_Atonement Priest_Performing absolution	emevd_batch	1037460719	m60_37_46_00	2
4704	NPC800赤目商人カーレ_キャラ状態遷移	NPC800 Red-Eyed Merchant Kaare_Character state transition	emevd_batch	4719	common	1
4705	NPC800赤目商人カーレ_キャラ状態遷移	NPC800 Red-Eyed Merchant Kaare_Character state transition	emevd_event	4719	common	2
4706	NPC800赤目商人カーレ_キャラ状態遷移	NPC800 Red-Eyed Merchant Kaare_Character state transition	emevd_batch	4719	common	1
4707	NPC800赤目商人カーレ_キャラ状態遷移	NPC800 Red-Eyed Merchant Kaare_Character state transition	emevd_batch	4719	common	1
4708	NPC800赤目商人カーレ_キャラ状態遷移	NPC800 Red-Eyed Merchant Kaare_Character state transition	emevd_batch	4719	common	1
4709	NPC800赤目商人カーレ_キャラ状態遷移	NPC800 Red-Eyed Merchant Kaare_Character state transition	emevd_batch	4719	common	1
4710	NPC800赤目商人カーレ_キャラ状態遷移	NPC800 Red-Eyed Merchant Kaare_Character state transition	emevd_batch	4719	common	1
4711	NPC800赤目商人カーレ_キャラ状態遷移	NPC800 Red-Eyed Merchant Kaare_Character state transition	emevd_batch	4719	common	1
4712	NPC800赤目商人カーレ_キャラ状態遷移	NPC800 Red-Eyed Merchant Kaare_Character state transition	emevd_batch	4719	common	1
4713	NPC800赤目商人カーレ_キャラ状態遷移	NPC800 Red-Eyed Merchant Kaare_Character state transition	emevd_batch	4719	common	1
4714	NPC800赤目商人カーレ_キャラ状態遷移	NPC800 Red-Eyed Merchant Kaare_Character state transition	emevd_batch	4719	common	1
4715	NPC800赤目商人カーレ_キャラ状態遷移	NPC800 Red-Eyed Merchant Kaare_Character state transition	emevd_batch	4719	common	1
4716	NPC800赤目商人カーレ_キャラ状態遷移	NPC800 Red-Eyed Merchant Kaare_Character state transition	emevd_batch	4719	common	1
4717	NPC800赤目商人カーレ_キャラ状態遷移	NPC800 Red-Eyed Merchant Kaare_Character state transition	emevd_event	4719	common	2
4718	NPC330_贖罪司祭_免罪実行	NPC330_Atonement Priest_Performing absolution	emevd_event	1037460719	m60_37_46_00	8
4719	NPC800赤目商人カーレ_キャラ状態遷移	NPC800 Red-Eyed Merchant Kaare_Character state transition	emevd_batch	4719	common	1
4720	NPC330_贖罪司祭_免罪実行	NPC330_Atonement Priest_Performing absolution	emevd_event	1037460719	m60_37_46_00	4
4721	NPC330_贖罪司祭_免罪実行	NPC330_Atonement Priest_Performing absolution	emevd_batch	1037460719	m60_37_46_00	2
4722	NPC330_贖罪司祭_免罪実行	NPC330_Atonement Priest_Performing absolution	emevd_batch	1037460719	m60_37_46_00	2
4723	NPC330_贖罪司祭_免罪実行	NPC330_Atonement Priest_Performing absolution	emevd_batch	1037460719	m60_37_46_00	2
4725	NPC330_贖罪司祭_免罪実行	NPC330_Atonement Priest_Performing absolution	emevd_event	1037460719	m60_37_46_00	4
4726	NPC330_贖罪司祭_免罪実行	NPC330_Atonement Priest_Performing absolution	emevd_batch	1037460719	m60_37_46_00	2
4727	NPC330_贖罪司祭_免罪実行	NPC330_Atonement Priest_Performing absolution	emevd_batch	1037460719	m60_37_46_00	2
4728	NPC330_贖罪司祭_免罪実行	NPC330_Atonement Priest_Performing absolution	emevd_batch	1037460719	m60_37_46_00	2
4730	NPC330_贖罪司祭_免罪実行	NPC330_Atonement Priest_Performing absolution	emevd_event	1037460719	m60_37_46_00	4
4731	NPC330_贖罪司祭_免罪実行	NPC330_Atonement Priest_Performing absolution	emevd_batch	1037460719	m60_37_46_00	2
4732	NPC330_贖罪司祭_免罪実行	NPC330_Atonement Priest_Performing absolution	emevd_batch	1037460719	m60_37_46_00	2
4733	NPC330_贖罪司祭_免罪実行	NPC330_Atonement Priest_Performing absolution	emevd_batch	1037460719	m60_37_46_00	2
4735	NPC330_贖罪司祭_免罪実行	NPC330_Atonement Priest_Performing absolution	emevd_event	1037460719	m60_37_46_00	4
4736	NPC330_贖罪司祭_免罪実行	NPC330_Atonement Priest_Performing absolution	emevd_batch	1037460719	m60_37_46_00	2
4737	NPC330_贖罪司祭_免罪実行	NPC330_Atonement Priest_Performing absolution	emevd_batch	1037460719	m60_37_46_00	2
4738	NPC330_贖罪司祭_免罪実行	NPC330_Atonement Priest_Performing absolution	emevd_batch	1037460719	m60_37_46_00	2
4740	NPC330_贖罪司祭_免罪実行	NPC330_Atonement Priest_Performing absolution	emevd_event	1037460719	m60_37_46_00	6
4741	NPC330_贖罪司祭_免罪実行	NPC330_Atonement Priest_Performing absolution	emevd_batch	1037460719	m60_37_46_00	3
4742	NPC330_贖罪司祭_免罪実行	NPC330_Atonement Priest_Performing absolution	emevd_batch	1037460719	m60_37_46_00	3
4743	NPC330_贖罪司祭_免罪実行	NPC330_Atonement Priest_Performing absolution	emevd_batch	1037460719	m60_37_46_00	3
4744	NPC802赤目商人3_キャラ状態遷移	NPC802 Red Eye Merchant 3_Character state transition	emevd_batch	4759	common	1
4745	NPC330_贖罪司祭_免罪実行	NPC330_Atonement Priest_Performing absolution	emevd_event	1037460719	m60_37_46_00	6
4746	NPC802赤目商人3_キャラ状態遷移	NPC802 Red Eye Merchant 3_Character state transition	emevd_event	4759	common	4
4747	NPC802赤目商人3_キャラ状態遷移	NPC802 Red Eye Merchant 3_Character state transition	emevd_event	4759	common	4
4748	NPC330_贖罪司祭_免罪実行	NPC330_Atonement Priest_Performing absolution	emevd_batch	1037460719	m60_37_46_00	3
4749	NPC802赤目商人3_キャラ状態遷移	NPC802 Red Eye Merchant 3_Character state transition	emevd_batch	4759	common	1
4750	NPC330_贖罪司祭_免罪実行	NPC330_Atonement Priest_Performing absolution	emevd_event	1037460719	m60_37_46_00	5
4751	NPC330_贖罪司祭_免罪実行	NPC330_Atonement Priest_Performing absolution	emevd_batch	1037460719	m60_37_46_00	3
4752	NPC330_贖罪司祭_免罪実行	NPC330_Atonement Priest_Performing absolution	emevd_batch	1037460719	m60_37_46_00	3
4753	NPC330_贖罪司祭_免罪実行	NPC330_Atonement Priest_Performing absolution	emevd_batch	1037460719	m60_37_46_00	3
4754	NPC802赤目商人3_キャラ状態遷移	NPC802 Red Eye Merchant 3_Character state transition	emevd_batch	4759	common	1
4755	NPC330_贖罪司祭_免罪実行	NPC330_Atonement Priest_Performing absolution	emevd_event	1037460719	m60_37_46_00	5
4756	NPC330_贖罪司祭_免罪実行	NPC330_Atonement Priest_Performing absolution	emevd_batch	1037460719	m60_37_46_00	3
4757	NPC330_贖罪司祭_免罪実行	NPC330_Atonement Priest_Performing absolution	emevd_batch	1037460719	m60_37_46_00	3
4758	NPC330_贖罪司祭_免罪実行	NPC330_Atonement Priest_Performing absolution	emevd_batch	1037460719	m60_37_46_00	3
4760	NPC330_贖罪司祭_免罪実行	NPC330_Atonement Priest_Performing absolution	emevd_event	1037460719	m60_37_46_00	4
4761	NPC330_贖罪司祭_免罪実行	NPC330_Atonement Priest_Performing absolution	emevd_batch	1037460719	m60_37_46_00	2
4762	NPC330_贖罪司祭_免罪実行	NPC330_Atonement Priest_Performing absolution	emevd_batch	1037460719	m60_37_46_00	2
4763	NPC330_贖罪司祭_免罪実行	NPC330_Atonement Priest_Performing absolution	emevd_batch	1037460719	m60_37_46_00	2
4765	NPC330_贖罪司祭_免罪実行	NPC330_Atonement Priest_Performing absolution	emevd_event	1037460719	m60_37_46_00	4
4766	NPC330_贖罪司祭_免罪実行	NPC330_Atonement Priest_Performing absolution	emevd_batch	1037460719	m60_37_46_00	2
4767	NPC330_贖罪司祭_免罪実行	NPC330_Atonement Priest_Performing absolution	emevd_batch	1037460719	m60_37_46_00	2
4768	NPC330_贖罪司祭_免罪実行	NPC330_Atonement Priest_Performing absolution	emevd_batch	1037460719	m60_37_46_00	2
4770	NPC330_贖罪司祭_免罪実行	NPC330_Atonement Priest_Performing absolution	emevd_event	1037460719	m60_37_46_00	4
4771	NPC330_贖罪司祭_免罪実行	NPC330_Atonement Priest_Performing absolution	emevd_batch	1037460719	m60_37_46_00	2
4772	NPC330_贖罪司祭_免罪実行	NPC330_Atonement Priest_Performing absolution	emevd_batch	1037460719	m60_37_46_00	2
4773	NPC330_贖罪司祭_免罪実行	NPC330_Atonement Priest_Performing absolution	emevd_batch	1037460719	m60_37_46_00	2
4775	NPC330_贖罪司祭_免罪実行	NPC330_Atonement Priest_Performing absolution	emevd_event	1037460719	m60_37_46_00	4
4776	NPC330_贖罪司祭_免罪実行	NPC330_Atonement Priest_Performing absolution	emevd_batch	1037460719	m60_37_46_00	2
4777	NPC330_贖罪司祭_免罪実行	NPC330_Atonement Priest_Performing absolution	emevd_batch	1037460719	m60_37_46_00	2
4778	NPC330_贖罪司祭_免罪実行	NPC330_Atonement Priest_Performing absolution	emevd_batch	1037460719	m60_37_46_00	2
4780	NPC330_贖罪司祭_免罪実行	NPC330_Atonement Priest_Performing absolution	emevd_event	1037460719	m60_37_46_00	4
4781	NPC330_贖罪司祭_免罪実行	NPC330_Atonement Priest_Performing absolution	emevd_batch	1037460719	m60_37_46_00	2
4782	NPC330_贖罪司祭_免罪実行	NPC330_Atonement Priest_Performing absolution	emevd_batch	1037460719	m60_37_46_00	2
4783	NPC330_贖罪司祭_免罪実行	NPC330_Atonement Priest_Performing absolution	emevd_batch	1037460719	m60_37_46_00	2
4785	NPC330_贖罪司祭_免罪実行	NPC330_Atonement Priest_Performing absolution	emevd_event	1037460719	m60_37_46_00	4
4786	NPC330_贖罪司祭_免罪実行	NPC330_Atonement Priest_Performing absolution	emevd_batch	1037460719	m60_37_46_00	2
4787	NPC330_贖罪司祭_免罪実行	NPC330_Atonement Priest_Performing absolution	emevd_batch	1037460719	m60_37_46_00	2
4788	NPC330_贖罪司祭_免罪実行	NPC330_Atonement Priest_Performing absolution	emevd_batch	1037460719	m60_37_46_00	2
4790	NPC330_贖罪司祭_免罪実行	NPC330_Atonement Priest_Performing absolution	emevd_event	1037460719	m60_37_46_00	4
4791	NPC330_贖罪司祭_免罪実行	NPC330_Atonement Priest_Performing absolution	emevd_batch	1037460719	m60_37_46_00	2
4792	NPC330_贖罪司祭_免罪実行	NPC330_Atonement Priest_Performing absolution	emevd_batch	1037460719	m60_37_46_00	2
4793	NPC330_贖罪司祭_免罪実行	NPC330_Atonement Priest_Performing absolution	emevd_batch	1037460719	m60_37_46_00	2
4795	NPC330_贖罪司祭_免罪実行	NPC330_Atonement Priest_Performing absolution	emevd_event	1037460719	m60_37_46_00	4
4796	NPC330_贖罪司祭_免罪実行	NPC330_Atonement Priest_Performing absolution	emevd_batch	1037460719	m60_37_46_00	2
4797	NPC330_贖罪司祭_免罪実行	NPC330_Atonement Priest_Performing absolution	emevd_batch	1037460719	m60_37_46_00	2
4798	NPC330_贖罪司祭_免罪実行	NPC330_Atonement Priest_Performing absolution	emevd_batch	1037460719	m60_37_46_00	2
4800	NPC330_贖罪司祭_免罪実行	NPC330_Atonement Priest_Performing absolution	emevd_event	1037460719	m60_37_46_00	4
4801	NPC330_贖罪司祭_免罪実行	NPC330_Atonement Priest_Performing absolution	emevd_batch	1037460719	m60_37_46_00	2
4802	NPC330_贖罪司祭_免罪実行	NPC330_Atonement Priest_Performing absolution	emevd_batch	1037460719	m60_37_46_00	2
4803	NPC330_贖罪司祭_免罪実行	NPC330_Atonement Priest_Performing absolution	emevd_batch	1037460719	m60_37_46_00	2
4805	NPC330_贖罪司祭_免罪実行	NPC330_Atonement Priest_Performing absolution	emevd_event	1037460719	m60_37_46_00	4
4806	NPC330_贖罪司祭_免罪実行	NPC330_Atonement Priest_Performing absolution	emevd_batch	1037460719	m60_37_46_00	2
4807	NPC330_贖罪司祭_免罪実行	NPC330_Atonement Priest_Performing absolution	emevd_batch	1037460719	m60_37_46_00	2
4808	NPC330_贖罪司祭_免罪実行	NPC330_Atonement Priest_Performing absolution	emevd_batch	1037460719	m60_37_46_00	2
4810	NPC330_贖罪司祭_免罪実行	NPC330_Atonement Priest_Performing absolution	emevd_event	1037460719	m60_37_46_00	4
4811	NPC330_贖罪司祭_免罪実行	NPC330_Atonement Priest_Performing absolution	emevd_batch	1037460719	m60_37_46_00	2
4812	NPC330_贖罪司祭_免罪実行	NPC330_Atonement Priest_Performing absolution	emevd_batch	1037460719	m60_37_46_00	2
4813	NPC330_贖罪司祭_免罪実行	NPC330_Atonement Priest_Performing absolution	emevd_batch	1037460719	m60_37_46_00	2
4820		set by NPC talk 000001000 on m00_00_00_00	esd_talk	000001000	m00_00_00_00	1
4821		set by NPC talk 000001000 on m00_00_00_00	esd_talk	000001000	m00_00_00_00	1
4822		set by NPC talk 000001000 on m00_00_00_00	esd_talk	000001000	m00_00_00_00	1
4825		set by NPC talk 000001000 on m00_00_00_00	esd_talk	000001000	m00_00_00_00	1
4826		set by NPC talk 000001000 on m00_00_00_00	esd_talk	000001000	m00_00_00_00	1
4827		set by NPC talk 000001000 on m00_00_00_00	esd_talk	000001000	m00_00_00_00	1
4828		set by NPC talk 000001000 on m00_00_00_00	esd_talk	000001000	m00_00_00_00	1
4829		set by NPC talk 000001000 on m00_00_00_00	esd_talk	000001000	m00_00_00_00	1
4830		set by NPC talk 000001000 on m00_00_00_00	esd_talk	000001000	m00_00_00_00	1
4891		set by NPC talk 417002101 on m21_01_00_00	esd_talk	417002101	m21_01_00_00	2
4892		set by NPC talk 414002101 on m21_01_00_00	esd_talk	414002101	m21_01_00_00	2
4895		set by NPC talk 415006100 on m61_00_00_00	esd_talk	415006100	m61_00_00_00	1
4902		set by NPC talk 418012001 on m20_01_00_00	esd_talk	418012001	m20_01_00_00	1
4960	NPC800旧赤目商人1_キャラ状態遷移	NPC800 Old Red-Eyed Merchant 1_Character state transition	emevd_event	4979	common	2
4961	NPC800旧赤目商人1_キャラ状態遷移	NPC800 Old Red-Eyed Merchant 1_Character state transition	emevd_batch	4979	common	1
4962	NPC800旧赤目商人1_キャラ状態遷移	NPC800 Old Red-Eyed Merchant 1_Character state transition	emevd_batch	4979	common	1
4963	NPC800旧赤目商人1_キャラ状態遷移	NPC800 Old Red-Eyed Merchant 1_Character state transition	emevd_batch	4979	common	1
4964	NPC800旧赤目商人1_キャラ状態遷移	NPC800 Old Red-Eyed Merchant 1_Character state transition	emevd_batch	4979	common	1
4965	NPC800旧赤目商人1_キャラ状態遷移	NPC800 Old Red-Eyed Merchant 1_Character state transition	emevd_event	4979	common	2
4966	NPC800旧赤目商人1_キャラ状態遷移	NPC800 Old Red-Eyed Merchant 1_Character state transition	emevd_event	4979	common	2
4967	NPC800旧赤目商人1_キャラ状態遷移	NPC800 Old Red-Eyed Merchant 1_Character state transition	emevd_event	4979	common	2
4968	NPC800旧赤目商人1_キャラ状態遷移	NPC800 Old Red-Eyed Merchant 1_Character state transition	emevd_batch	4979	common	1
4969	NPC800旧赤目商人1_キャラ状態遷移	NPC800 Old Red-Eyed Merchant 1_Character state transition	emevd_batch	4979	common	1
4970	NPC800旧赤目商人1_キャラ状態遷移	NPC800 Old Red-Eyed Merchant 1_Character state transition	emevd_batch	4979	common	1
4971	NPC800旧赤目商人1_キャラ状態遷移	NPC800 Old Red-Eyed Merchant 1_Character state transition	emevd_batch	4979	common	1
4972	NPC800旧赤目商人1_キャラ状態遷移	NPC800 Old Red-Eyed Merchant 1_Character state transition	emevd_batch	4979	common	1
4973	NPC800旧赤目商人1_キャラ状態遷移	NPC800 Old Red-Eyed Merchant 1_Character state transition	emevd_batch	4979	common	1
4974	NPC800旧赤目商人1_キャラ状態遷移	NPC800 Old Red-Eyed Merchant 1_Character state transition	emevd_batch	4979	common	1
4975	NPC800旧赤目商人1_キャラ状態遷移	NPC800 Old Red-Eyed Merchant 1_Character state transition	emevd_batch	4979	common	1
4976	NPC800旧赤目商人1_キャラ状態遷移	NPC800 Old Red-Eyed Merchant 1_Character state transition	emevd_batch	4979	common	1
4977	NPC800旧赤目商人1_キャラ状態遷移	NPC800 Old Red-Eyed Merchant 1_Character state transition	emevd_batch	4979	common	1
4978	NPC800旧赤目商人1_キャラ状態遷移	NPC800 Old Red-Eyed Merchant 1_Character state transition	emevd_batch	4979	common	1
4979	NPC800旧赤目商人1_キャラ状態遷移	NPC800 Old Red-Eyed Merchant 1_Character state transition	emevd_batch	4979	common	1
4980	NPC8XX赤目商人全体_状態遷移	All NPC8XX red-eyed merchants_state transition	emevd_event	4999	common	2
4981	NPC8XX赤目商人全体_状態遷移	All NPC8XX red-eyed merchants_state transition	emevd_batch	4999	common	1
4982	NPC8XX赤目商人全体_状態遷移	All NPC8XX red-eyed merchants_state transition	emevd_event	4999	common	2
4983	NPC8XX赤目商人全体_状態遷移	All NPC8XX red-eyed merchants_state transition	emevd_event	4999	common	2
4984	NPC8XX赤目商人全体_状態遷移	All NPC8XX red-eyed merchants_state transition	emevd_batch	4999	common	1
4985	NPC8XX赤目商人全体_状態遷移	All NPC8XX red-eyed merchants_state transition	emevd_event	4999	common	1
4986	NPC8XX赤目商人全体_状態遷移	All NPC8XX red-eyed merchants_state transition	emevd_event	4999	common	1
6000	プリコンストラクタ	preconstructor	emevd_event	50	common	1
6001	プリコンストラクタ	preconstructor	emevd_event	50	common	1
6010	エンディング_メリナ	Ending_Melina	emevd_event	11710100	m11_71_00_00	4
6080	チュートリアルメッセージ_リムグレイブ闘技場	Tutorial message_Rimgrave Arena	emevd_event	1042402655	m60_42_40_00	4
6500	ゲーム開始フラグ操作	Game start flag operation	emevd_event	700	common	1
6902	ヒビ壺所持数カウント	Count the number of crack pots owned	emevd_event	1460	common	1
6903	上位壺所持数カウント	Count the number of top pots you own	emevd_event	1461	common	1
6904	調香瓶所持数カウント	Count the number of perfume bottles owned	emevd_event	1462	common	1
7500	狂い火の受領	Receiving crazy fire	emevd_event	35002500	m35_00_00_00	2
7680	ジェスチャー獲得_黄金律の輪のポーズ伝播	Gesture acquisition_Golden rule wheel pose propagation	emevd_event	1401	common	1
7700	侵入回数カウント_他世界	Intrusion count_other world	emevd_event	3058	common	2
9000	プリコンストラクタ	preconstructor	emevd_event	50	common	3
9001	ミケラカットシーン再生	Michaela cutscene playback	emevd_event	3041	common	6
9020		set by NPC talk 000001000 on m00_00_00_00	esd_talk	000001000	m00_00_00_00	2
9021	ゲーム開始_海中転落	Game start_Falling into the sea	emevd_event	10010030	m10_01_00_00	28
9080	NPC309_盗賊の頭_ワープ禁止実行	NPC309_Thief's Head_Warp prohibition execution	emevd_event	1045370720	m60_45_37_00	6
9100	マルギット撃破	Defeat Margit	emevd_event	10002850	m10_00_00_00	2
9101	接ぎ木の王撃破	Defeat the Grafted King	emevd_event	10002800	m10_00_00_00	1
9103	チュートリアルボス撃破	Defeat the tutorial boss	emevd_event	10012800	m10_01_00_00	1
9104	マルギット撃破	Defeat Margit	emevd_event	11002800	m11_00_00_00	1
9105	中ボス撃破	Defeat mid-boss	emevd_event	11002850	m11_00_00_00	1
9106	百智卿撃破	Defeat Lord Hyakuchi	emevd_event	11052850	m11_05_00_00	1
9107	ゴッドフレイ撃破	Defeat Godfrey	emevd_event	11052800	m11_05_00_00	1
9108	アステール撃破	Defeat Aster	emevd_event	12042800	m12_04_00_00	1
9109	ボス撃破	Defeat the boss	emevd_event	12012800	m12_01_00_00	1
9110	本ボス撃破	Defeat the main boss	emevd_event	12022800	m12_02_00_00	1
9111	本ボス撃破	Defeat the main boss	emevd_event	12032850	m12_03_00_00	1
9112	ボス撃破	Defeat the boss	emevd_event	12052800	m12_05_00_00	1
9114	神肌撃破	Defeat God's skin	emevd_event	13002850	m13_00_00_00	1
9115	古龍撃破	Defeat the ancient dragon	emevd_event	13002830	m13_00_00_00	1
9116	マリケス撃破	Defeat Mariquez	emevd_event	13002800	m13_00_00_00	1
9117	ルーンウルフ撃破	Defeat Rune Wolf	emevd_event	14002850	m14_00_00_00	1
9118	レナラ撃破	Defeat Renara	emevd_event	14002800	m14_00_00_00	1
9119	ツリーガード撃破	Defeat Tree Guard	emevd_event	15002850	m15_00_00_00	1
9120	調停者マレニア撃破	Defeat Arbitrator Marenia	emevd_event	15002800	m15_00_00_00	1
9121	中ボス撃破	Defeat mid-boss	emevd_event	16002850	m16_00_00_00	1
9122	グールの王撃破	Defeat the Ghoul King	emevd_event	16002800	m16_00_00_00	1
9123	ラスボス撃破	Defeat the final boss	emevd_event	19002800	m19_00_00_00	1
9125	幻影グレーター_撃破	Phantom Greater_Defeated	emevd_event	35002800	m35_00_00_00	1
9126	王の土竜_撃破	King's Earth Dragon_Defeated	emevd_event	39202800	m39_20_00_00	1
9128	ボス撃破	Defeat the boss	emevd_event	18002800	m18_00_00_00	1
9129	洞窟脱出中ボス撃破	Defeat the boss while escaping the cave	emevd_event	16002860	m16_00_00_00	1
9130	ボス撃破	Defeat the boss	emevd_event	1252382800	m60_52_38_00	1
9131	巨人撃破イベント	Giant defeat event	emevd_event	1052520800	m60_52_52_00	1
9132	祖霊撃破	Defeat ancestral spirits	emevd_event	12082800	m12_08_00_00	1
9133	祖霊撃破	Defeat ancestral spirits	emevd_event	12092800	m12_09_00_00	1
9134	前座ボス撃破	Defeat the undercard boss	emevd_event	12022850	m12_02_00_00	1
9135	ボス撃破	Defeat the boss	emevd_event	12032800	m12_03_00_00	1
9173	ボス撃破	Defeat the boss	emevd_event	34132800	m34_13_00_00	1
9174	忌み子タッグ撃破	Defeat the Abominable Tag Team	emevd_event	34142850	m34_14_00_00	1
9180	ボス撃破	Defeat the boss	emevd_event	1043302800	m60_43_30_00	1
9181	ボス撃破	Defeat the boss	emevd_event	1035500800	m60_35_50_00	1
9182	ボス撃破	Defeat the boss	emevd_event	1039542800	m60_39_54_00	1
9183	ボス撃破	Defeat the boss	emevd_event	1051362800	m60_51_36_00	1
9184	老いた宿将撃破	Defeat the old innkeeper	emevd_event	1051572800	m60_51_57_00	1
9200	m30_00ボス撃破	m30_00 boss defeated	emevd_event	30002800	m30_00_00_00	1
9201	m30_01ボス撃破	Defeat m30_01 boss	emevd_event	30012800	m30_01_00_00	1
9202	m30_02ボス撃破	Defeat m30_02 boss	emevd_event	30022800	m30_02_00_00	1
9203	m30_11ボス撃破	m30_11 boss defeated	emevd_event	30112800	m30_11_00_00	1
9204	ボス撃破	Defeat the boss	emevd_event	30042800	m30_04_00_00	1
9205	ボス撃破	Defeat the boss	emevd_event	30052800	m30_05_00_00	1
9206	白蛇つむり_ボス撃破	Tsumuri White Snake_Defeat the boss	emevd_event	30032800	m30_03_00_00	1
9207	ボス撃破	Defeat the boss	emevd_event	30062800	m30_06_00_00	1
9208	ボス撃破	Defeat the boss	emevd_event	30082800	m30_08_00_00	1
9209	ボス撃破	Defeat the boss	emevd_event	30092800	m30_09_00_00	1
9210	ボス撃破	Defeat the boss	emevd_event	30102800	m30_10_00_00	1
9211	ボス撃破	Defeat the boss	emevd_event	30122800	m30_12_00_00	1
9212	ボス撃破	Defeat the boss	emevd_event	30072800	m30_07_00_00	1
9213	ボス撃破	Defeat the boss	emevd_event	30132800	m30_13_00_00	1
9214	ボス撃破	Defeat the boss	emevd_event	30142800	m30_14_00_00	1
9215	ボス撃破	Defeat the boss	emevd_event	30152800	m30_15_00_00	1
9216	ボス撃破	Defeat the boss	emevd_event	30162800	m30_16_00_00	1
9217	ボス撃破	Defeat the boss	emevd_event	30172800	m30_17_00_00	1
9218	ボス撃破	Defeat the boss	emevd_event	30182800	m30_18_00_00	1
9219	ボス撃破	Defeat the boss	emevd_event	30192800	m30_19_00_00	1
9220	m30_20ボス撃破	m30_20 boss defeated	emevd_event	30202800	m30_20_00_00	1
9221	隠しボス_ボス撃破	Hidden boss_defeat boss	emevd_event	30052850	m30_05_00_00	1
9222	地下墓地ボス撃破	Defeat the catacomb boss	emevd_event	35002850	m35_00_00_00	1
9230	ボス撃破	Defeat the boss	emevd_event	31022800	m31_02_00_00	1
9231	ボス撃破	Defeat the boss	emevd_event	31012800	m31_01_00_00	1
9232	ボス撃破	Defeat the boss	emevd_event	31002800	m31_00_00_00	4
9233	ボス撃破	Defeat the boss	emevd_event	31032800	m31_03_00_00	1
9234	ボス撃破	Defeat the boss	emevd_event	31152800	m31_15_00_00	1
9235	ボス撃破	Defeat the boss	emevd_event	31172800	m31_17_00_00	1
9236	ボス撃破	Defeat the boss	emevd_event	31042800	m31_04_00_00	1
9237	ボス撃破	Defeat the boss	emevd_event	31052800	m31_05_00_00	1
9238	ボス撃破	Defeat the boss	emevd_event	31062800	m31_06_00_00	1
9239	ボス撃破	Defeat the boss	emevd_event	31072800	m31_07_00_00	1
9240	ボス撃破	Defeat the boss	emevd_event	31092800	m31_09_00_00	1
9241	ボス撃破	Defeat the boss	emevd_event	31182800	m31_18_00_00	1
9242	ボス撃破	Defeat the boss	emevd_event	31192800	m31_19_00_00	1
9243	ボス撃破	Defeat the boss	emevd_event	31212800	m31_21_00_00	1
9244	ボス撃破	Defeat the boss	emevd_event	31102800	m31_10_00_00	1
9245	ボス撃破	Defeat the boss	emevd_event	31202800	m31_20_00_00	1
9246	ボス撃破	Defeat the boss	emevd_event	31112800	m31_11_00_00	1
9247	ボス撃破	Defeat the boss	emevd_event	31122800	m31_12_00_00	1
9248	ボス撃破	Defeat the boss	emevd_event	31222800	m31_22_00_00	1
9249	隠しボス_ボス撃破	Hidden boss_defeat boss	emevd_event	31192850	m31_19_00_00	1
9260	ボス撃破	Defeat the boss	emevd_event	32002800	m32_00_00_00	1
9261	ボス撃破	Defeat the boss	emevd_event	32012800	m32_01_00_00	1
9262	ボス撃破	Defeat the boss	emevd_event	32022800	m32_02_00_00	1
9263	ボス撃破	Defeat the boss	emevd_event	32042800	m32_04_00_00	1
9264	ボス撃破	Defeat the boss	emevd_event	34122800	m34_12_00_00	1
9265	ボス撃破	Defeat the boss	emevd_event	32052800	m32_05_00_00	1
9266	ボス撃破	Defeat the boss	emevd_event	32072800	m32_07_00_00	1
9267	ボス撃破	Defeat the boss	emevd_event	32082800	m32_08_00_00	1
9268	ボス撃破	Defeat the boss	emevd_event	32112800	m32_11_00_00	1
9280	ボス撃破	Defeat the boss	emevd_event	34102800	m34_10_00_00	1
9290	高山崖上守護者の末裔_フィールドボスHPゲージ	Descendant of the Alpine Cliff Guardian_Field Boss HP Gauge	emevd_event	1041522320	m60_41_52_00	5
9291	高山崖上守護者の末裔_フィールドボスHPゲージ	Descendant of the Alpine Cliff Guardian_Field Boss HP Gauge	emevd_event	1041522320	m60_41_52_00	5
9295	円形サークルボス撃破_小探索系	Defeat circular circle boss_Small exploration system	emevd_event	1039502580	m60_39_50_00	3
9400		set by NPC talk 607001900 on m19_00_00_00	esd_talk	607001900	m19_00_00_00	1
9401		set by NPC talk 607001900 on m19_00_00_00	esd_talk	607001900	m19_00_00_00	1
9402		set by NPC talk 607001900 on m19_00_00_00	esd_talk	607001900	m19_00_00_00	1
9403		set by NPC talk 607001900 on m19_00_00_00	esd_talk	607001900	m19_00_00_00	1
9404	エンディング_ラニ	Ending_Rani	emevd_event	19000110	m19_00_00_00	1
9405	エンディング_ラニ	Ending_Rani	emevd_event	19000110	m19_00_00_00	1
9406	エンディング_狂い火	Ending_crazy fire	emevd_event	19000120	m19_00_00_00	1
9407	エンディング_狂い火	Ending_crazy fire	emevd_event	19000120	m19_00_00_00	1
9410	ラダーン祭り状態管理	Ladhan festival status management	emevd_event	3040	common	1
9411	痩せ馬のラダーンとの戦闘開始	The battle with the skinny horse Ladan begins.	emevd_event	1051363700	m60_51_36_00	2
9412	ボス撃破	Defeat the boss	emevd_event	1252382800	m60_52_38_00	1
9413	ラダーン祭り状態管理	Ladhan festival status management	emevd_event	3040	common	1
9414	天変地異_巨星墜つ	Natural disaster_Giant star falls	emevd_event	910	common	1
9415	天変地異_巨星墜つ	Natural disaster_Giant star falls	emevd_event	910	common	1
9416	天変地異_巨星墜つ	Natural disaster_Giant star falls	emevd_event	910	common	1
9417	天変地異_巨星墜つ	Natural disaster_Giant star falls	emevd_event	910	common	1
9420	プレイヤー外見変化_眼	Player appearance change_eyes	emevd_event	1800	common	1
9421	プレイヤー外見変化_体	Player appearance change_body	emevd_event	1801	common	1
9430	狂い火の受領	Receiving crazy fire	emevd_event	35002500	m35_00_00_00	1
9431	狂い火の受領	Receiving crazy fire	emevd_event	35002500	m35_00_00_00	2
9432		set by NPC talk 301006000 on m60_00_00_00	esd_talk	301006000	m60_00_00_00	1
9433	PCの見た目変化_竜餐	PC appearance change_Dragon food	emevd_event	3080	common	1
9800	いんちきランダム配置パターン選択	Bogus random placement pattern selection	emevd_batch	980	common	1
9801	いんちきランダム配置パターン選択	Bogus random placement pattern selection	emevd_batch	980	common	1
9802	いんちきランダム配置パターン選択	Bogus random placement pattern selection	emevd_batch	980	common	1
9803	いんちきランダム配置パターン選択	Bogus random placement pattern selection	emevd_batch	980	common	1
9804	いんちきランダム配置パターン選択	Bogus random placement pattern selection	emevd_batch	980	common	1
9805	いんちきランダム配置パターン選択	Bogus random placement pattern selection	emevd_batch	980	common	1
9806	いんちきランダム配置パターン選択	Bogus random placement pattern selection	emevd_batch	980	common	1
9807	いんちきランダム配置パターン選択	Bogus random placement pattern selection	emevd_batch	980	common	1
9808	いんちきランダム配置パターン選択	Bogus random placement pattern selection	emevd_batch	980	common	1
9809	いんちきランダム配置パターン選択	Bogus random placement pattern selection	emevd_batch	980	common	1
9840	天候コントロール	weather control	emevd_event	1030	common	1
9841	天候コントロール	weather control	emevd_event	1030	common	1
10740	忌み子タッグ撃破	Defeat the Abominable Tag Team	emevd_event	34142850	m34_14_00_00	1
60000	チュートリアル開始	Start tutorial	emevd_event	18000020	m18_00_00_00	1
60120	ゲーム開始フラグ操作	Game start flag operation	emevd_event	700	common	1
60200	ゲーム開始フラグ操作	Game start flag operation	emevd_event	700	common	1
60210	ゲーム開始フラグ操作	Game start flag operation	emevd_event	700	common	1
60220	ゲーム開始フラグ操作	Game start flag operation	emevd_event	700	common	1
60230	ゲーム開始フラグ操作	Game start flag operation	emevd_event	700	common	1
60240	ゲーム開始フラグ操作	Game start flag operation	emevd_event	700	common	1
60250	ゲーム開始フラグ操作	Game start flag operation	emevd_event	700	common	1
60260	ゲーム開始フラグ操作	Game start flag operation	emevd_event	700	common	1
60270	ゲーム開始フラグ操作	Game start flag operation	emevd_event	700	common	1
60280	ゲーム開始フラグ操作	Game start flag operation	emevd_event	700	common	1
60290	ゲーム開始フラグ操作	Game start flag operation	emevd_event	700	common	1
60300	ゲーム開始フラグ操作	Game start flag operation	emevd_event	700	common	1
60310	ゲーム開始フラグ操作	Game start flag operation	emevd_event	700	common	1
60350	チュートリアルメッセージ_王都闘技場	Tutorial message_Royal Capital Arena	emevd_event	11002698	m11_00_00_00	2
60360	チュートリアルメッセージ_リムグレイブ闘技場	Tutorial message_Rimgrave Arena	emevd_event	1042402655	m60_42_40_00	1
60370	チュートリアルメッセージ_ケイリッド闘技場	Tutorial message_Keilid Arena	emevd_event	1047422600	m60_47_42_00	1
60800	ゲーム開始フラグ操作	Game start flag operation	emevd_event	700	common	1
60801	名無しモブ_ジェスチャー入手	Anonymous mob_get gesture	emevd_event	1051360734	m60_51_36_00	1
60803		set by NPC talk 320001110 on m11_10_00_00	esd_talk	320001110	m11_10_00_00	2
60805		set by NPC talk 223001100 on m11_00_00_00	esd_talk	223001100	m11_00_00_00	5
60806	ゲーム開始フラグ操作	Game start flag operation	emevd_event	700	common	1
60807	ゲーム開始フラグ操作	Game start flag operation	emevd_event	700	common	1
60810		set by NPC talk 310003500 on m35_00_00_00	esd_talk	310003500	m35_00_00_00	2
60811	ゲーム開始フラグ操作	Game start flag operation	emevd_event	700	common	1
60812	ゲーム開始フラグ操作	Game start flag operation	emevd_event	700	common	1
60813	ゲーム開始フラグ操作	Game start flag operation	emevd_event	700	common	1
60814	ゲーム開始フラグ操作	Game start flag operation	emevd_event	700	common	1
60815	ゲーム開始フラグ操作	Game start flag operation	emevd_event	700	common	1
60816		set by NPC talk 309001600 on m16_00_00_00	esd_talk	309001600	m16_00_00_00	3
60817		set by NPC talk 316006000 on m60_00_00_00	esd_talk	316006000	m60_00_00_00	1
60818	ジェスチャー入手_土下座	Gesture acquisition_Dogeza	emevd_event	3053	common	1
60819	NPC309_盗賊の頭_初期状態_降伏イベント	NPC309_Thief Head_Initial state_Surrender event	emevd_event	31003704	m31_00_00_00	1
60820	ゲーム開始フラグ操作	Game start flag operation	emevd_event	700	common	1
60821		set by NPC talk 312001400 on m14_00_00_00	esd_talk	312001400	m14_00_00_00	3
60826	NPC301_戦場医師_NPC血文字でジェスチャー入手	NPC301_Battlefield Doctor_Get gesture with NPC blood letters	emevd_event	1042363703	m60_42_36_00	1
60827	ゲーム開始フラグ操作	Game start flag operation	emevd_event	700	common	1
60828		set by NPC talk 220001300 on m13_00_00_00	esd_talk	220001300	m13_00_00_00	5
60829	NPC227霊クラゲの少女_バディクラゲが近づいた判定	NPC227 Spirit jellyfish girl_Buddy jellyfish approaching judgment	emevd_event	1051563701	m60_51_56_00	1
60830	ジェスチャー入手_ひらめいた	Get gesture _ inspired	emevd_event	3054	common	1
60831	ゲーム開始フラグ操作	Game start flag operation	emevd_event	700	common	1
60832	NPC309_盗賊の頭_追い剥ぎとして再会_降伏イベント	NPC309_Head of the Bandit_Reunion as a robber_Surrender event	emevd_event	31003714	m31_00_00_00	1
60834	ゲーム開始フラグ操作	Game start flag operation	emevd_event	700	common	1
60835		set by NPC talk 320001110 on m11_10_00_00	esd_talk	320001110	m11_10_00_00	2
60837		set by NPC talk 331006000 on m60_00_00_00	esd_talk	331006000	m60_00_00_00	1
60839		set by NPC talk 200001400 on m14_00_00_00	esd_talk	200001400	m14_00_00_00	1
60840		set by NPC talk 339001110 on m11_10_00_00	esd_talk	339001110	m11_10_00_00	1
60841		set by NPC talk 351001100 on m11_00_00_00	esd_talk	351001100	m11_00_00_00	4
60842		set by NPC talk 349006000 on m60_00_00_00	esd_talk	349006000	m60_00_00_00	1
60843	NPC104二本指_ジェスチャー入手	NPC104 Two fingers_Gesture obtained	emevd_event	11103706	m11_10_00_00	1
60845		set by NPC talk 333006000 on m60_00_00_00	esd_talk	333006000	m60_00_00_00	1
60846		set by NPC talk 000003000 on m00_00_00_00	esd_talk	000003000	m00_00_00_00	1
60847		set by NPC talk 319201202 on m12_02_00_00	esd_talk	319201202	m12_02_00_00	1
60848		set by NPC talk 112001100 on m11_00_00_00	esd_talk	112001100	m11_00_00_00	2
60849	ジェスチャー獲得_黄金律の輪のポーズ	Gesture acquisition_Golden rule circle pose	emevd_event	1400	common	1
60850	ジェスチャー獲得_黄金律の輪のポーズ伝播	Gesture acquisition_Golden rule wheel pose propagation	emevd_event	1401	common	1
61100	マルギット撃破	Defeat Margit	emevd_event	10002850	m10_00_00_00	2
61101	接ぎ木の王撃破	Defeat the Grafted King	emevd_event	10002800	m10_00_00_00	1
61103	チュートリアルボス撃破	Defeat the tutorial boss	emevd_event	10012800	m10_01_00_00	1
61104	マルギット撃破	Defeat Margit	emevd_event	11002800	m11_00_00_00	1
61105	中ボス撃破	Defeat mid-boss	emevd_event	11002850	m11_00_00_00	1
61106	百智卿撃破	Defeat Lord Hyakuchi	emevd_event	11052850	m11_05_00_00	1
61107	ゴッドフレイ撃破	Defeat Godfrey	emevd_event	11052800	m11_05_00_00	1
61108	アステール撃破	Defeat Aster	emevd_event	12042800	m12_04_00_00	1
61109	ボス撃破	Defeat the boss	emevd_event	12012800	m12_01_00_00	1
61110	本ボス撃破	Defeat the main boss	emevd_event	12022800	m12_02_00_00	1
61111	本ボス撃破	Defeat the main boss	emevd_event	12032850	m12_03_00_00	1
61112	ボス撃破	Defeat the boss	emevd_event	12052800	m12_05_00_00	1
61114	神肌撃破	Defeat God's skin	emevd_event	13002850	m13_00_00_00	1
61115	古龍撃破	Defeat the ancient dragon	emevd_event	13002830	m13_00_00_00	1
61116	マリケス撃破	Defeat Mariquez	emevd_event	13002800	m13_00_00_00	1
61117	ルーンウルフ撃破	Defeat Rune Wolf	emevd_event	14002850	m14_00_00_00	1
61118	レナラ撃破	Defeat Renara	emevd_event	14002800	m14_00_00_00	1
61119	ツリーガード撃破	Defeat Tree Guard	emevd_event	15002850	m15_00_00_00	1
61120	調停者マレニア撃破	Defeat Arbitrator Marenia	emevd_event	15002800	m15_00_00_00	1
61121	中ボス撃破	Defeat mid-boss	emevd_event	16002850	m16_00_00_00	1
61122	グールの王撃破	Defeat the Ghoul King	emevd_event	16002800	m16_00_00_00	1
61123	ラスボス撃破	Defeat the final boss	emevd_event	19002800	m19_00_00_00	1
61125	幻影グレーター_撃破	Phantom Greater_Defeated	emevd_event	35002800	m35_00_00_00	1
61126	王の土竜_撃破	King's Earth Dragon_Defeated	emevd_event	39202800	m39_20_00_00	1
61128	ボス撃破	Defeat the boss	emevd_event	18002800	m18_00_00_00	1
61129	洞窟脱出中ボス撃破	Defeat the boss while escaping the cave	emevd_event	16002860	m16_00_00_00	1
61130	ボス撃破	Defeat the boss	emevd_event	1252382800	m60_52_38_00	1
61131	巨人撃破イベント	Giant defeat event	emevd_event	1052520800	m60_52_52_00	1
61132	祖霊撃破	Defeat ancestral spirits	emevd_event	12082800	m12_08_00_00	1
61135	ボス撃破	Defeat the boss	emevd_event	12032800	m12_03_00_00	1
61173	ボス撃破	Defeat the boss	emevd_event	34132800	m34_13_00_00	1
61180	ボス撃破	Defeat the boss	emevd_event	1043302800	m60_43_30_00	1
61181	ボス撃破	Defeat the boss	emevd_event	1035500800	m60_35_50_00	1
61182	ボス撃破	Defeat the boss	emevd_event	1039542800	m60_39_54_00	1
61183	ボス撃破	Defeat the boss	emevd_event	1051362800	m60_51_36_00	1
61184	老いた宿将撃破	Defeat the old innkeeper	emevd_event	1051572800	m60_51_57_00	1
61200	m30_00ボス撃破	m30_00 boss defeated	emevd_event	30002800	m30_00_00_00	1
61201	m30_01ボス撃破	Defeat m30_01 boss	emevd_event	30012800	m30_01_00_00	1
61202	m30_02ボス撃破	Defeat m30_02 boss	emevd_event	30022800	m30_02_00_00	1
61203	m30_11ボス撃破	m30_11 boss defeated	emevd_event	30112800	m30_11_00_00	1
61204	ボス撃破	Defeat the boss	emevd_event	30042800	m30_04_00_00	1
61205	ボス撃破	Defeat the boss	emevd_event	30052800	m30_05_00_00	1
61206	白蛇つむり_ボス撃破	Tsumuri White Snake_Defeat the boss	emevd_event	30032800	m30_03_00_00	1
61207	ボス撃破	Defeat the boss	emevd_event	30062800	m30_06_00_00	1
61208	ボス撃破	Defeat the boss	emevd_event	30082800	m30_08_00_00	1
61209	ボス撃破	Defeat the boss	emevd_event	30092800	m30_09_00_00	1
61210	ボス撃破	Defeat the boss	emevd_event	30102800	m30_10_00_00	1
61211	ボス撃破	Defeat the boss	emevd_event	30122800	m30_12_00_00	1
61212	ボス撃破	Defeat the boss	emevd_event	30072800	m30_07_00_00	1
61213	ボス撃破	Defeat the boss	emevd_event	30132800	m30_13_00_00	1
61214	ボス撃破	Defeat the boss	emevd_event	30142800	m30_14_00_00	1
61215	ボス撃破	Defeat the boss	emevd_event	30152800	m30_15_00_00	1
61216	ボス撃破	Defeat the boss	emevd_event	30162800	m30_16_00_00	1
61217	ボス撃破	Defeat the boss	emevd_event	30172800	m30_17_00_00	1
61218	ボス撃破	Defeat the boss	emevd_event	30182800	m30_18_00_00	1
61219	ボス撃破	Defeat the boss	emevd_event	30192800	m30_19_00_00	1
61220	m30_20ボス撃破	m30_20 boss defeated	emevd_event	30202800	m30_20_00_00	1
61221	隠しボス_ボス撃破	Hidden boss_defeat boss	emevd_event	30052850	m30_05_00_00	1
61222	地下墓地ボス撃破	Defeat the catacomb boss	emevd_event	35002850	m35_00_00_00	1
61230	ボス撃破	Defeat the boss	emevd_event	31022800	m31_02_00_00	1
61231	ボス撃破	Defeat the boss	emevd_event	31012800	m31_01_00_00	1
61232	ボス撃破	Defeat the boss	emevd_event	31002800	m31_00_00_00	4
61233	ボス撃破	Defeat the boss	emevd_event	31032800	m31_03_00_00	1
61234	ボス撃破	Defeat the boss	emevd_event	31152800	m31_15_00_00	1
61235	ボス撃破	Defeat the boss	emevd_event	31172800	m31_17_00_00	1
61236	ボス撃破	Defeat the boss	emevd_event	31042800	m31_04_00_00	1
61237	ボス撃破	Defeat the boss	emevd_event	31052800	m31_05_00_00	1
61238	ボス撃破	Defeat the boss	emevd_event	31062800	m31_06_00_00	1
61239	ボス撃破	Defeat the boss	emevd_event	31072800	m31_07_00_00	1
61240	ボス撃破	Defeat the boss	emevd_event	31092800	m31_09_00_00	1
61241	ボス撃破	Defeat the boss	emevd_event	31182800	m31_18_00_00	1
61242	ボス撃破	Defeat the boss	emevd_event	31192800	m31_19_00_00	1
61243	ボス撃破	Defeat the boss	emevd_event	31212800	m31_21_00_00	1
61244	ボス撃破	Defeat the boss	emevd_event	31102800	m31_10_00_00	1
61245	ボス撃破	Defeat the boss	emevd_event	31202800	m31_20_00_00	1
61246	ボス撃破	Defeat the boss	emevd_event	31112800	m31_11_00_00	1
61247	ボス撃破	Defeat the boss	emevd_event	31122800	m31_12_00_00	1
61248	ボス撃破	Defeat the boss	emevd_event	31222800	m31_22_00_00	1
61249	隠しボス_ボス撃破	Hidden boss_defeat boss	emevd_event	31192850	m31_19_00_00	1
61260	ボス撃破	Defeat the boss	emevd_event	32002800	m32_00_00_00	1
61261	ボス撃破	Defeat the boss	emevd_event	32012800	m32_01_00_00	1
61262	ボス撃破	Defeat the boss	emevd_event	32022800	m32_02_00_00	1
61263	ボス撃破	Defeat the boss	emevd_event	32042800	m32_04_00_00	1
61264	ボス撃破	Defeat the boss	emevd_event	34122800	m34_12_00_00	1
61265	ボス撃破	Defeat the boss	emevd_event	32052800	m32_05_00_00	1
61266	ボス撃破	Defeat the boss	emevd_event	32072800	m32_07_00_00	1
61267	ボス撃破	Defeat the boss	emevd_event	32082800	m32_08_00_00	1
61268	ボス撃破	Defeat the boss	emevd_event	32112800	m32_11_00_00	1
62000	ゲーム開始フラグ操作	Game start flag operation	emevd_event	700	common	1
62135	救済対応_壱	Relief response_1	emevd_event	6901	common	1
62137	救済対応_壱	Relief response_1	emevd_event	6901	common	1
62138	救済対応_壱	Relief response_1	emevd_event	6901	common	1
65600	ゲーム開始フラグ操作	Game start flag operation	emevd_event	700	common	1
65610	ゲーム開始フラグ操作	Game start flag operation	emevd_event	700	common	1
65620	ゲーム開始フラグ操作	Game start flag operation	emevd_event	700	common	1
65630	ゲーム開始フラグ操作	Game start flag operation	emevd_event	700	common	1
65640	ゲーム開始フラグ操作	Game start flag operation	emevd_event	700	common	1
65650	ゲーム開始フラグ操作	Game start flag operation	emevd_event	700	common	1
65660	ゲーム開始フラグ操作	Game start flag operation	emevd_event	700	common	1
65670	ゲーム開始フラグ操作	Game start flag operation	emevd_event	700	common	1
65680	ゲーム開始フラグ操作	Game start flag operation	emevd_event	700	common	1
65690	ゲーム開始フラグ操作	Game start flag operation	emevd_event	700	common	1
65700	ゲーム開始フラグ操作	Game start flag operation	emevd_event	700	common	1
65710	ゲーム開始フラグ操作	Game start flag operation	emevd_event	700	common	1
65720	ゲーム開始フラグ操作	Game start flag operation	emevd_event	700	common	1
65730	ゲーム開始フラグ操作	Game start flag operation	emevd_event	700	common	1
65740	ゲーム開始フラグ操作	Game start flag operation	emevd_event	700	common	1
65750	ゲーム開始フラグ操作	Game start flag operation	emevd_event	700	common	1
65760	ゲーム開始フラグ操作	Game start flag operation	emevd_event	700	common	1
65770	ゲーム開始フラグ操作	Game start flag operation	emevd_event	700	common	1
65780	ゲーム開始フラグ操作	Game start flag operation	emevd_event	700	common	1
65790	ゲーム開始フラグ操作	Game start flag operation	emevd_event	700	common	1
65800	魔石所持監視_XX	Magic stone possession monitoring_XX	emevd_event	65810	common	1
66000	救済対応_壱	Relief response_1	emevd_event	6901	common	2
66010	救済対応_弐	Relief response_2	emevd_event	6902	common	1
66020	救済対応_弐	Relief response_2	emevd_event	6902	common	1
66030	救済対応_弐	Relief response_2	emevd_event	6902	common	1
66031	救済対応_弐	Relief response_2	emevd_event	6902	common	1
66040	救済対応_壱	Relief response_1	emevd_event	6901	common	1
66060	救済対応_弐	Relief response_2	emevd_event	6902	common	1
66070	救済対応_弐	Relief response_2	emevd_event	6902	common	1
66080	救済対応_壱	Relief response_1	emevd_event	6901	common	2
66090	救済対応_弐	Relief response_2	emevd_event	6902	common	1
66100	救済対応_壱	Relief response_1	emevd_event	6901	common	2
66101	救済対応_壱	Relief response_1	emevd_event	6901	common	1
66102	救済対応_壱	Relief response_1	emevd_event	6901	common	1
66104	救済対応_壱	Relief response_1	emevd_event	6901	common	1
66110	救済対応_弐	Relief response_2	emevd_event	6902	common	1
66120	救済対応_弐	Relief response_2	emevd_event	6902	common	1
66130	救済対応_壱	Relief response_1	emevd_event	6901	common	2
66131	救済対応_壱	Relief response_1	emevd_event	6901	common	1
66140	救済対応_弐	Relief response_2	emevd_event	6902	common	1
66150	ショップラインナップ_空壺先食い	Shop lineup_Empty pot first eating	emevd_event	10010792	m10_01_00_00	3
66160	救済対応_壱	Relief response_1	emevd_event	6901	common	2
66161	救済対応_壱	Relief response_1	emevd_event	6901	common	1
66170	ショップラインナップ_空壺先食い	Shop lineup_Empty pot first eating	emevd_event	10010792	m10_01_00_00	3
66180	ショップラインナップ_空壺先食い	Shop lineup_Empty pot first eating	emevd_event	10010792	m10_01_00_00	3
66181	救済対応_壱	Relief response_1	emevd_event	6901	common	1
66190	救済対応_弐	Relief response_2	emevd_event	6902	common	1
66200	救済対応_壱	Relief response_1	emevd_event	6901	common	1
66202	救済対応_壱	Relief response_1	emevd_event	6901	common	1
66204	救済対応_壱	Relief response_1	emevd_event	6901	common	1
66300	救済対応_壱	Relief response_1	emevd_event	6901	common	1
66302	救済対応_壱	Relief response_1	emevd_event	6901	common	1
66304	救済対応_壱	Relief response_1	emevd_event	6901	common	1
66400	救済対応_壱	Relief response_1	emevd_event	6901	common	2
66402	救済対応_壱	Relief response_1	emevd_event	6901	common	1
66404	救済対応_壱	Relief response_1	emevd_event	6901	common	1
66410	救済対応_壱	Relief response_1	emevd_event	6901	common	2
66420	救済対応_壱	Relief response_1	emevd_event	6901	common	2
66430	救済対応_参	Relief response_see	emevd_event	6903	common	1
66440	救済対応_参	Relief response_see	emevd_event	6903	common	1
66450	救済対応_参	Relief response_see	emevd_event	6903	common	1
66460	救済対応_参	Relief response_see	emevd_event	6903	common	1
66470	救済対応_壱	Relief response_1	emevd_event	6901	common	2
66471	救済対応_壱	Relief response_1	emevd_event	6901	common	1
66480	救済対応_壱	Relief response_1	emevd_event	6901	common	2
66490	救済対応_参	Relief response_see	emevd_event	6903	common	1
66502	救済対応_壱	Relief response_1	emevd_event	6901	common	1
66510	救済対応_壱	Relief response_1	emevd_event	6901	common	1
66700	救済対応_肆	Relief response_Shin	emevd_event	6904	common	1
66710	救済対応_壱	Relief response_1	emevd_event	6901	common	2
66720	救済対応_肆	Relief response_Shin	emevd_event	6904	common	1
66730	救済対応_壱	Relief response_1	emevd_event	6901	common	2
66731	救済対応_壱	Relief response_1	emevd_event	6901	common	1
66740	救済対応_肆	Relief response_Shin	emevd_event	6904	common	1
66750	救済対応_壱	Relief response_1	emevd_event	6901	common	2
66751	救済対応_壱	Relief response_1	emevd_event	6901	common	1
66760	救済対応_壱	Relief response_1	emevd_event	6901	common	2
66770	救済対応_肆	Relief response_Shin	emevd_event	6904	common	1
66780	救済対応_壱	Relief response_1	emevd_event	6901	common	2
66781	救済対応_壱	Relief response_1	emevd_event	6901	common	1
66790	救済対応_肆	Relief response_Shin	emevd_event	6904	common	1
69080	【共通】篝火の導き	[Common] Bonfire Guidance	emevd_event	90005100	common_func	1
69100	時止めチュートリアル_死亡復帰	Time stop tutorial_Return from death	emevd_event	1700	common	1
69110	時止めチュートリアル_バディ	Time stop tutorial_buddy	emevd_event	1702	common	1
69130	時止めチュートリアル_クラフト	Time stop tutorial_craft	emevd_event	1703	common	1
69160	時止めチュートリアル_魔石	Time stop tutorial_magic stone	emevd_event	1705	common	1
69350	時止めチュートリアル_ヒビ壺	Time stop tutorial_crack pot	emevd_event	1704	common	1
69450	チュートリアルメッセージ_王都闘技場	Tutorial message_Royal Capital Arena	emevd_event	11002698	m11_00_00_00	2
69460	チュートリアルメッセージ_リムグレイブ闘技場	Tutorial message_Rimgrave Arena	emevd_event	1042402655	m60_42_40_00	1
69470	チュートリアルメッセージ_ケイリッド闘技場	Tutorial message_Keilid Arena	emevd_event	1047422600	m60_47_42_00	1
69480	チュートリアルメッセージ_円卓のマリカ像	Tutorial message_Marika statue at the round table	emevd_event	1042402657	m60_42_40_00	4
71100	天変地異_世界樹炎上	Natural disaster_World tree in flames	emevd_batch	900	common	1
71101	天変地異_世界樹炎上	Natural disaster_World tree in flames	emevd_batch	900	common	1
71102	天変地異_世界樹炎上	Natural disaster_World tree in flames	emevd_batch	900	common	1
71103	天変地異_世界樹炎上	Natural disaster_World tree in flames	emevd_batch	900	common	1
71104	天変地異_世界樹炎上	Natural disaster_World tree in flames	emevd_batch	900	common	1
71105	天変地異_世界樹炎上	Natural disaster_World tree in flames	emevd_batch	900	common	1
71106	天変地異_世界樹炎上	Natural disaster_World tree in flames	emevd_batch	900	common	1
71107	天変地異_世界樹炎上	Natural disaster_World tree in flames	emevd_batch	900	common	1
71108	天変地異_世界樹炎上	Natural disaster_World tree in flames	emevd_batch	900	common	1
71109	天変地異_世界樹炎上	Natural disaster_World tree in flames	emevd_batch	900	common	1
71110	天変地異_世界樹炎上	Natural disaster_World tree in flames	emevd_batch	900	common	1
71190	初回拠点訪問	First base visit	emevd_event	11100020	m11_10_00_00	1
71300	天変地異_世界樹炎上	Natural disaster_World tree in flames	emevd_event	900	common	1
71301	古龍撃破	Defeat the ancient dragon	emevd_event	13002830	m13_00_00_00	2
71801	チュートリアル時間固定	Fixed tutorial time	emevd_event	18000021	m18_00_00_00	2
71900	クリア後拠点訪問	Visit base after clearing	emevd_event	11100031	m11_10_00_00	1
73257	救済対応_捌	Relief response_handling	emevd_event	6908	common	1
78600	救済対応_壱	Relief response_1	emevd_event	6901	common	1
82001	地下地図解放	Underground map release	emevd_event	970	common	1
82102	ゲーム開始フラグ操作	Game start flag operation	emevd_event	700	common	1
82135	救済対応_壱	Relief response_1	emevd_event	6901	common	1
82137	救済対応_壱	Relief response_1	emevd_event	6901	common	1
82138	救済対応_壱	Relief response_1	emevd_event	6901	common	1
82195	救済対応_壱	Relief response_1	emevd_event	6901	common	1
82196	救済対応_壱	Relief response_1	emevd_event	6901	common	1
82197	救済対応_壱	Relief response_1	emevd_event	6901	common	1
82198	救済対応_壱	Relief response_1	emevd_event	6901	common	1
91133	祖霊撃破	Defeat ancestral spirits	emevd_event	12092800	m12_09_00_00	1
91134	前座ボス撃破	Defeat the undercard boss	emevd_event	12022850	m12_02_00_00	1
95600	救済対応_壱	Relief response_1	emevd_event	6901	common	1
100200		set by NPC talk 000001000 on m00_00_00_00	esd_talk	000001000	m00_00_00_00	1
100210		set by NPC talk 000001000 on m00_00_00_00	esd_talk	000001000	m00_00_00_00	1
400175	壺マイヤー_最後の戦い	Tsubomayer_The Last Battle	emevd_event	13003711	m13_00_00_00	1
400295	NPC326火山館最強の騎士_キャラ状態遷移	NPC326 Volcano Hall Strongest Knight_Character state transition	emevd_event	3899	common	1
400356	NPC325ロジェール_NPC初期化イベント_拠点で再会	NPC325 Roger_NPC initialization event_Reunion at the base	emevd_event	11100750	m11_10_00_00	1
400357	NPC325ロジェール_キャラ状態遷移	NPC325 Roger_Character state transition	emevd_event	3919	common	1
400612		set by NPC talk 414002101 on m21_01_00_00	esd_talk	414002101	m21_01_00_00	2
400721		set by NPC talk 402002000 on m20_00_00_00	esd_talk	402002000	m20_00_00_00	1
530140	救済対応_壱	Relief response_1	emevd_event	6901	common	1
700530	時止めチュートリアル_死亡復帰	Time stop tutorial_Return from death	emevd_event	1700	common	1
700550	時止めチュートリアル_バディ	Time stop tutorial_buddy	emevd_event	1702	common	1
700690	チュートリアルメッセージ_サインだまり解放	Tutorial message_Release of signature pile	emevd_event	30042900	m30_04_00_00	5
710000	チュートリアル_移動	Tutorial_Move	emevd_event	10012680	m10_01_00_00	2
710060	時止めチュートリアル_魔法予約	Time stop tutorial_Magic reservation	emevd_event	1750	common	1
710130	時止めチュートリアル_弓予約	Time stop tutorial_bow reservation	emevd_event	1751	common	1
710510	【共通】篝火の導き	[Common] Bonfire Guidance	emevd_event	90005100	common_func	2
710530	時止めチュートリアル_死亡復帰予約	Time Stop Tutorial_Death Return Reservation	emevd_event	1701	common	1
710570	時止めチュートリアル_クラフト	Time stop tutorial_craft	emevd_event	1703	common	1
710580	ゲーム開始フラグ操作	Game start flag operation	emevd_event	700	common	1
710710	時止めチュートリアル_バディ召喚可能範囲予約	Timestop tutorial_Buddy summonable range reservation	emevd_event	1752	common	1
710750	時止めチュートリアル_魔石	Time stop tutorial_magic stone	emevd_event	1705	common	1
710800	一行チュートリアル_騎乗二段ジャンプ予約	One-line tutorial_riding double jump reservation	emevd_event	1790	common	1
710820	チュートリアル案内	Tutorial guide	emevd_event	18002023	m18_00_00_00	1
710850	チュートリアルメッセージ_王都闘技場	Tutorial message_Royal Capital Arena	emevd_event	11002698	m11_00_00_00	2
710860	チュートリアルメッセージ_リムグレイブ闘技場	Tutorial message_Rimgrave Arena	emevd_event	1042402655	m60_42_40_00	1
710870	チュートリアルメッセージ_ケイリッド闘技場	Tutorial message_Keilid Arena	emevd_event	1047422600	m60_47_42_00	1
710880		set by NPC talk 620001100 on m11_00_00_00	esd_talk	620001100	m11_00_00_00	5
720000	ゲーム開始フラグ操作	Game start flag operation	emevd_event	700	common	1
720010	ゲーム開始フラグ操作	Game start flag operation	emevd_event	700	common	1
720020	ゲーム開始フラグ操作	Game start flag operation	emevd_event	700	common	1
720030	ゲーム開始フラグ操作	Game start flag operation	emevd_event	700	common	1
720040	ゲーム開始フラグ操作	Game start flag operation	emevd_event	700	common	1
720050	ゲーム開始フラグ操作	Game start flag operation	emevd_event	700	common	1
720060	ゲーム開始フラグ操作	Game start flag operation	emevd_event	700	common	1
720070		set by NPC talk 000001000 on m00_00_00_00	esd_talk	000001000	m00_00_00_00	1
720080		set by NPC talk 000001000 on m00_00_00_00	esd_talk	000001000	m00_00_00_00	1
720090	ゲーム開始フラグ操作	Game start flag operation	emevd_event	700	common	1
720100	ゲーム開始フラグ操作	Game start flag operation	emevd_event	700	common	1
720110	ゲーム開始フラグ操作	Game start flag operation	emevd_event	700	common	1
720120	ゲーム開始フラグ操作	Game start flag operation	emevd_event	700	common	1
720130	ゲーム開始フラグ操作	Game start flag operation	emevd_event	700	common	1
720140	ゲーム開始フラグ操作	Game start flag operation	emevd_event	700	common	1
720150	ゲーム開始フラグ操作	Game start flag operation	emevd_event	700	common	1
720160	ゲーム開始フラグ操作	Game start flag operation	emevd_event	700	common	1
720170	ゲーム開始フラグ操作	Game start flag operation	emevd_event	700	common	1
720180	ゲーム開始フラグ操作	Game start flag operation	emevd_event	700	common	1
720190	ゲーム開始フラグ操作	Game start flag operation	emevd_event	700	common	1
720200	ゲーム開始フラグ操作	Game start flag operation	emevd_event	700	common	1
720210	ゲーム開始フラグ操作	Game start flag operation	emevd_event	700	common	1
720220	ゲーム開始フラグ操作	Game start flag operation	emevd_event	700	common	1
720230	ゲーム開始フラグ操作	Game start flag operation	emevd_event	700	common	1
720300		set by NPC talk 000001000 on m00_00_00_00	esd_talk	000001000	m00_00_00_00	1
720310		set by NPC talk 000001000 on m00_00_00_00	esd_talk	000001000	m00_00_00_00	1
780000	ラニとの契り	Pact with Rani	emevd_event	1035422150	m60_35_42_00	2
780001	ラニとの契り	Pact with Rani	emevd_event	1035422150	m60_35_42_00	2
780002	ラニとの契り	Pact with Rani	emevd_batch	1035422150	m60_35_42_00	1
780003	ラニとの契り	Pact with Rani	emevd_batch	1035422150	m60_35_42_00	1
780004	ラニとの契り	Pact with Rani	emevd_batch	1035422150	m60_35_42_00	1
780005	ラニとの契り	Pact with Rani	emevd_batch	1035422150	m60_35_42_00	1
780006	ラニとの契り	Pact with Rani	emevd_batch	1035422150	m60_35_42_00	1
780007	ラニとの契り	Pact with Rani	emevd_batch	1035422150	m60_35_42_00	1
780008	ラニとの契り	Pact with Rani	emevd_batch	1035422150	m60_35_42_00	1
780009	ラニとの契り	Pact with Rani	emevd_batch	1035422150	m60_35_42_00	1
780010	天変地異_メリナ炎上	Natural disaster_Melina goes up in flames	emevd_event	901	common	2
780011	天変地異_メリナ炎上	Natural disaster_Melina goes up in flames	emevd_event	901	common	2
780020	エンディング_メリナ	Ending_Melina	emevd_event	19000100	m19_00_00_00	1
780021	エンディング_メリナ	Ending_Melina	emevd_event	19000100	m19_00_00_00	1
10000289	救済対応_壱	Relief response_1	emevd_event	6901	common	1
10000500	NPCによる開門	Gate opened by NPC	emevd_event	10002500	m10_00_00_00	1
10000501	レバー操作による開門	Opening the gate by lever operation	emevd_event	10002501	m10_00_00_00	1
10000515	エレベーター初期フラグ設定	Elevator initial flag setting	emevd_event	10000519	m10_00_00_00	1
10000548		set by NPC talk 906001000 on m10_00_00_00	esd_talk	906001000	m10_00_00_00	1
10000562	NPC302門衛_罠部屋_扉ロック管理	NPC302 Gatekeeper_Trap room_Door lock management	emevd_event	10003731	m10_00_00_00	2
10000800	接ぎ木の王撃破	Defeat the Grafted King	emevd_event	10002800	m10_00_00_00	1
10000801	接ぎ木の王出現	The grafted king appears	emevd_event	10002810	m10_00_00_00	1
10000802	接ぎ木の王撃破	Defeat the Grafted King	emevd_event	10002800	m10_00_00_00	1
10000850	マルギット撃破	Defeat Margit	emevd_event	10002850	m10_00_00_00	2
10000851	マルギット出現	Margit appears	emevd_event	10002860	m10_00_00_00	1
10000901		set by NPC talk 906001000 on m10_00_00_00	esd_talk	906001000	m10_00_00_00	1
10000902		set by NPC talk 906001000 on m10_00_00_00	esd_talk	906001000	m10_00_00_00	1
10000903		set by NPC talk 906001000 on m10_00_00_00	esd_talk	906001000	m10_00_00_00	1
10002681	BGM切り替えイベント	BGM switching event	emevd_event	1002680	m10_00_00_00	1
10002703		set by NPC talk 204101000 on m10_00_00_00	esd_talk	204101000	m10_00_00_00	1
10002705		set by NPC talk 204101000 on m10_00_00_00	esd_talk	204101000	m10_00_00_00	1
10002720		set by NPC talk 302001000 on m10_00_00_00	esd_talk	302001000	m10_00_00_00	5
10002721	NPC302門衛_自動会話開始_PC呼びかけ	NPC302 Gatekeeper_Automatic conversation start_PC call	emevd_event	10003724	m10_00_00_00	1
10002722	NPC302門衛_自動会話開始_PC呼びかけ	NPC302 Gatekeeper_Automatic conversation start_PC call	emevd_event	10003724	m10_00_00_00	1
10002723		set by NPC talk 302001000 on m10_00_00_00	esd_talk	302001000	m10_00_00_00	7
10002724		set by NPC talk 302001000 on m10_00_00_00	esd_talk	302001000	m10_00_00_00	7
10002731		set by NPC talk 302001000 on m10_00_00_00	esd_talk	302001000	m10_00_00_00	7
10002732	NPC302門衛_キャラ状態遷移	NPC302 Gatekeeper_Character state transition	emevd_batch	3279	common	1
10002733	NPC302門衛_キャラ状態遷移	NPC302 Gatekeeper_Character state transition	emevd_batch	3279	common	1
10002734	NPC302門衛_キャラ状態遷移	NPC302 Gatekeeper_Character state transition	emevd_batch	3279	common	1
10002735	NPC302門衛_キャラ状態遷移	NPC302 Gatekeeper_Character state transition	emevd_batch	3279	common	1
10002736	NPC302門衛_キャラ状態遷移	NPC302 Gatekeeper_Character state transition	emevd_batch	3279	common	1
10002737	NPC302門衛_キャラ状態遷移	NPC302 Gatekeeper_Character state transition	emevd_batch	3279	common	1
10002738	NPC302門衛_キャラ状態遷移	NPC302 Gatekeeper_Character state transition	emevd_batch	3279	common	1
10002739	NPC302門衛_キャラ状態遷移	NPC302 Gatekeeper_Character state transition	emevd_batch	3279	common	1
10002765	NPC302門衛_移動領域_門前	NPC302 Gatekeeper_Moving area_In front of the gate	emevd_event	10003710	m10_00_00_00	2
10002767		set by NPC talk 302001000 on m10_00_00_00	esd_talk	302001000	m10_00_00_00	7
10002768		set by NPC talk 302001000 on m10_00_00_00	esd_talk	302001000	m10_00_00_00	4
10002769	NPC302門衛_自動会話開始_PC呼びかけ	NPC302 Gatekeeper_Automatic conversation start_PC call	emevd_event	10003724	m10_00_00_00	1
10002770		set by NPC talk 325001000 on m10_00_00_00	esd_talk	325001000	m10_00_00_00	2
10002780		set by NPC talk 334001000 on m10_00_00_00	esd_talk	334001000	m10_00_00_00	2
10002781		set by NPC talk 334001000 on m10_00_00_00	esd_talk	334001000	m10_00_00_00	2
10002784	NPC334百智卿の娘_死体話しかけ自動会話	NPC334 Lord Hyakuchi's daughter_Automatic conversation when talking to corpse	emevd_event	10003778	m10_00_00_00	1
10002785		set by NPC talk 334001000 on m10_00_00_00	esd_talk	334001000	m10_00_00_00	2
10002786	NPC334百智卿の娘_ﾌｪｰｽﾞ5までのカウントダウンイベント	NPC334 Lord Momochi's Daughter_Countdown event to Phase 5	emevd_event	10003780	m10_00_00_00	1
10002802	接ぎ木の王激昂	Grafted King Furious	emevd_event	10002811	m10_00_00_00	1
10002852	マルギット激昂	margit rage	emevd_event	10002861	m10_00_00_00	1
10007450	NPC320_ファルネーゼ_頭巾アイテムに差し替え	NPC320_Farnese_Replaced with hood item	emevd_event	11100704	m11_10_00_00	2
10007452	NPC320_ファルネーゼ_頭巾アイテムに差し替え	NPC320_Farnese_Replaced with hood item	emevd_event	11100704	m11_10_00_00	3
10008562	NPC302門衛_罠部屋_扉ロック管理	NPC302 Gatekeeper_Trap room_Door lock management	emevd_event	10003731	m10_00_00_00	1
10009302		set by NPC talk 304001000 on m10_00_00_00	esd_talk	304001000	m10_00_00_00	1
10009303		set by NPC talk 304001000 on m10_00_00_00	esd_talk	304001000	m10_00_00_00	1
10009304		set by NPC talk 304001000 on m10_00_00_00	esd_talk	304001000	m10_00_00_00	1
10009305		set by NPC talk 304001000 on m10_00_00_00	esd_talk	304001000	m10_00_00_00	1
10009306		set by NPC talk 304001000 on m10_00_00_00	esd_talk	304001000	m10_00_00_00	1
10009308		set by NPC talk 304001000 on m10_00_00_00	esd_talk	304001000	m10_00_00_00	1
10009336		set by NPC talk 304001000 on m10_00_00_00	esd_talk	304001000	m10_00_00_00	1
10009348		set by NPC talk 304001000 on m10_00_00_00	esd_talk	304001000	m10_00_00_00	1
10009350	NPC302門衛_門前_NPC初期化イベント	NPC302 Gatekeeper_In front of the gate_NPC initialization event	emevd_event	10003700	m10_00_00_00	2
10009351		set by NPC talk 302001000 on m10_00_00_00	esd_talk	302001000	m10_00_00_00	7
10009352		set by NPC talk 302001000 on m10_00_00_00	esd_talk	302001000	m10_00_00_00	7
10009353		set by NPC talk 302001000 on m10_00_00_00	esd_talk	302001000	m10_00_00_00	7
10009354	レバー操作による開門	Opening the gate by lever operation	emevd_event	10002501	m10_00_00_00	1
10009355	NPCによる開門	Gate opened by NPC	emevd_event	10002500	m10_00_00_00	1
10009356	NPC302門衛_ショップ化	NPC302 Gatekeeper_Shop	emevd_event	10003729	m10_00_00_00	1
10009360		set by NPC talk 302001000 on m10_00_00_00	esd_talk	302001000	m10_00_00_00	7
10009362		set by NPC talk 302001000 on m10_00_00_00	esd_talk	302001000	m10_00_00_00	7
10009368		set by NPC talk 302001000 on m10_00_00_00	esd_talk	302001000	m10_00_00_00	7
10009369		set by NPC talk 302001000 on m10_00_00_00	esd_talk	302001000	m10_00_00_00	4
10009370	NPC302門衛_死体漁りイベント	NPC302 Gatekeeper_ Corpse Hunting Event	emevd_event	10003730	m10_00_00_00	1
10009371		set by NPC talk 302001000 on m10_00_00_00	esd_talk	302001000	m10_00_00_00	4
10009373		set by NPC talk 302001000 on m10_00_00_00	esd_talk	302001000	m10_00_00_00	4
10009374	NPC302門衛_罠部屋_扉ロック管理	NPC302 Gatekeeper_Trap room_Door lock management	emevd_event	10003731	m10_00_00_00	2
10009376		set by NPC talk 302201000 on m10_00_00_00	esd_talk	302201000	m10_00_00_00	1
10009377	NPC302門衛_罠部屋_扉ロック管理	NPC302 Gatekeeper_Trap room_Door lock management	emevd_event	10003731	m10_00_00_00	2
10009378		set by NPC talk 302001000 on m10_00_00_00	esd_talk	302001000	m10_00_00_00	4
10009389	NPC302門衛_会話済ポイント封鎖遷移イベント_XX	NPC302 Gatekeeper_Conversated Point Blockade Transition Event_XX	emevd_event	10003720	m10_00_00_00	1
10009390	NPC302門衛_ストーカー_NPC初期化イベント_XX	NPC302 Gatekeeper_Stalker_NPC initialization event_XX	emevd_event	10003701	m10_00_00_00	1
10009391	NPC302門衛_ストーカー_NPC初期化イベント_XX	NPC302 Gatekeeper_Stalker_NPC initialization event_XX	emevd_event	10003701	m10_00_00_00	1
10009397		set by NPC talk 302001000 on m10_00_00_00	esd_talk	302001000	m10_00_00_00	7
10009398	NPC302門衛_門前_NPC初期化イベント	NPC302 Gatekeeper_In front of the gate_NPC initialization event	emevd_event	10003700	m10_00_00_00	4
10009399		set by NPC talk 302001000 on m10_00_00_00	esd_talk	302001000	m10_00_00_00	7
10009500	NPC302門衛_自動会話開始_開門合図	NPC302 Gatekeeper_Automatic conversation start_Gate opening signal	emevd_event	10003726	m10_00_00_00	1
10009501		set by NPC talk 302001000 on m10_00_00_00	esd_talk	302001000	m10_00_00_00	4
10009502	NPC302門衛_穴の道を使用済	NPC302 Gatekeeper_Used hole path	emevd_event	10003728	m10_00_00_00	1
10009510	NPC302門衛_キャラ状態遷移	NPC302 Gatekeeper_Character state transition	emevd_event	3279	common	2
10009511	NPC302門衛_キャラ状態遷移	NPC302 Gatekeeper_Character state transition	emevd_event	3279	common	2
10009512	NPC302門衛_キャラ状態遷移	NPC302 Gatekeeper_Character state transition	emevd_event	3279	common	2
10009513	NPC302門衛_キャラ状態遷移	NPC302 Gatekeeper_Character state transition	emevd_event	3279	common	2
10009514	NPC302門衛_キャラ状態遷移	NPC302 Gatekeeper_Character state transition	emevd_event	3279	common	2
10009516		set by NPC talk 302001000 on m10_00_00_00	esd_talk	302001000	m10_00_00_00	3
10009517		set by NPC talk 302001000 on m10_00_00_00	esd_talk	302001000	m10_00_00_00	3
10009549		set by NPC talk 302001000 on m10_00_00_00	esd_talk	302001000	m10_00_00_00	7
10009605		set by NPC talk 325001000 on m10_00_00_00	esd_talk	325001000	m10_00_00_00	2
10009606		set by NPC talk 325001000 on m10_00_00_00	esd_talk	325001000	m10_00_00_00	2
10009608		set by NPC talk 325001000 on m10_00_00_00	esd_talk	325001000	m10_00_00_00	2
10009609		set by NPC talk 325001000 on m10_00_00_00	esd_talk	325001000	m10_00_00_00	2
10009610	NPC325ロジェール_インチキ血痕出現	NPC325 Roger_False bloodstains appear	emevd_event	10000763	m10_00_00_00	1
10009614	NPC325ロジェール_キャラ状態遷移	NPC325 Roger_Character state transition	emevd_event	3919	common	1
10009616		set by NPC talk 325001000 on m10_00_00_00	esd_talk	325001000	m10_00_00_00	2
10009617		set by NPC talk 325001000 on m10_00_00_00	esd_talk	325001000	m10_00_00_00	2
10009618		set by NPC talk 325001000 on m10_00_00_00	esd_talk	325001000	m10_00_00_00	2
10009619		set by NPC talk 325001000 on m10_00_00_00	esd_talk	325001000	m10_00_00_00	2
10009655		set by NPC talk 000003000 on m00_00_00_00	esd_talk	000003000	m00_00_00_00	1
10009656		set by NPC talk 000001000 on m00_00_00_00	esd_talk	000001000	m00_00_00_00	1
10009703	NPC334百智卿の娘_ﾌｪｰｽﾞ1_NPC初期化イベント	NPC334 Momochi Lord's Daughter_Phase 1_NPC Initialization Event	emevd_event	10003775	m10_00_00_00	5
10009705		set by NPC talk 334001000 on m10_00_00_00	esd_talk	334001000	m10_00_00_00	3
10009706		set by NPC talk 334001000 on m10_00_00_00	esd_talk	334001000	m10_00_00_00	3
10009707	NPC334百智卿の娘_共闘して勝利イベント	NPC334 Daughter of Lord Hyakuchi_Fight together and win event	emevd_event	10003777	m10_00_00_00	1
10009709	NPC334百智卿の娘_ﾌｪｰｽﾞ1_白霊召喚停止イベント	NPC334 Daughter of Lord Hyakuchi_Phase 1_White Spirit Summoning Stop Event	emevd_event	10003779	m10_00_00_00	2
10009714		set by NPC talk 334001000 on m10_00_00_00	esd_talk	334001000	m10_00_00_00	3
10009715		set by NPC talk 334001000 on m10_00_00_00	esd_talk	334001000	m10_00_00_00	3
10009716		set by NPC talk 334001000 on m10_00_00_00	esd_talk	334001000	m10_00_00_00	3
10009717		set by NPC talk 334001000 on m10_00_00_00	esd_talk	334001000	m10_00_00_00	3
10009719	NPC334百智卿の娘_キャラ状態遷移	NPC334 Lord Momochi's daughter_Character state transition	emevd_event	4239	common	1
10009720	NPC334百智卿の娘_ﾌｪｰｽﾞ5までのカウントダウンイベント	NPC334 Lord Momochi's Daughter_Countdown event to Phase 5	emevd_event	10003780	m10_00_00_00	1
10009721	NPC334百智卿の娘_ﾌｪｰｽﾞ5までのカウントダウンイベント	NPC334 Lord Momochi's Daughter_Countdown event to Phase 5	emevd_event	10003780	m10_00_00_00	1
10009722	NPC334百智卿の娘_ﾌｪｰｽﾞ5までのカウントダウンイベント	NPC334 Lord Momochi's Daughter_Countdown event to Phase 5	emevd_event	10003780	m10_00_00_00	1
10009755		set by NPC talk 321001000 on m10_00_00_00	esd_talk	321001000	m10_00_00_00	2
10009756		set by NPC talk 321001000 on m10_00_00_00	esd_talk	321001000	m10_00_00_00	2
10010500	落ちる床	falling floor	emevd_event	10012500	m10_01_00_00	1
10010502	地名表示	Place name display	emevd_event	10012502	m10_01_00_00	1
10010800	チュートリアルボス撃破	Defeat the tutorial boss	emevd_event	10012800	m10_01_00_00	1
10010801	チュートリアルボス出現	Tutorial boss appears	emevd_event	10012810	m10_01_00_00	1
10012802	チュートリアルボス激昂	Tutorial boss rage	emevd_event	10012811	m10_01_00_00	1
10018560	来訪時扉開放	Door open when visiting	emevd_event	10012560	m10_01_00_00	1
10019200	ショップラインナップ_空壺先食い	Shop lineup_Empty pot first eating	emevd_event	10010792	m10_01_00_00	1
11000389	救済対応_壱	Relief response_1	emevd_event	6901	common	1
11000393	救済対応_壱	Relief response_1	emevd_event	6901	common	1
11000500	黄金樹の封印	Seal of the Golden Tree	emevd_event	11002500	m11_00_00_00	1
11000501	黄金樹の我儘	Golden Tree's Selfishness	emevd_event	11002501	m11_00_00_00	1
11000510	エレベータ初期フラグ	Elevator initial flag	emevd_event	11000519	m11_00_00_00	1
11000520	エレベータ初期フラグ	Elevator initial flag	emevd_event	11000519	m11_00_00_00	1
11000525	エレベータ初期フラグ	Elevator initial flag	emevd_event	11000519	m11_00_00_00	1
11000530	エレベータ初期フラグ	Elevator initial flag	emevd_event	11000519	m11_00_00_00	1
11000546	リアル円卓扉_円卓側	Real round table door_round table side	emevd_event	11002547	m11_00_00_00	1
11000600	王都へのワープ	Warp to the capital	emevd_event	12032500	m12_03_00_00	1
11000601	宝箱ワープトラップ	treasure chest warp trap	emevd_event	1042322510	m60_42_32_00	2
11000603	地下迷宮王都からワープ_カメラ角度変更	Warp from the underground labyrinth capital_Change camera angle	emevd_event	11002603	m11_00_00_00	2
11000800	マルギット撃破	Defeat Margit	emevd_event	11002800	m11_00_00_00	1
11000801	マルギット出現	Margit appears	emevd_event	11002810	m11_00_00_00	2
11000850	中ボス撃破	Defeat mid-boss	emevd_event	11002850	m11_00_00_00	1
11000851	中ボス出現	Mid-boss appears	emevd_event	11002860	m11_00_00_00	1
11002720		set by NPC talk 204111100 on m11_00_00_00	esd_talk	204111100	m11_00_00_00	1
11002732		set by NPC talk 351001100 on m11_00_00_00	esd_talk	351001100	m11_00_00_00	4
11002733	NPC351金仮面の従者_自動会話イベント	NPC351 Gold Masked Servant_Automatic conversation event	emevd_event	11003724	m11_00_00_00	1
11002734		set by NPC talk 351001100 on m11_00_00_00	esd_talk	351001100	m11_00_00_00	4
11002745		set by NPC talk 000003000 on m00_00_00_00	esd_talk	000003000	m00_00_00_00	1
11002802	マルギット激昂	margit rage	emevd_event	11002811	m11_00_00_00	1
11002852	中ボス激昂	Middle boss rage	emevd_event	11002861	m11_00_00_00	1
11008542	プリコンストラクタ	preconstructor	emevd_event	50	m11_00_00_00	1
11008544	プリコンストラクタ	preconstructor	emevd_event	50	m11_00_00_00	1
11008556	闘技場の扉解放	Opening the arena door	emevd_event	11052696	m11_05_00_00	1
11009205		set by NPC talk 337001100 on m11_00_00_00	esd_talk	337001100	m11_00_00_00	1
11009206		set by NPC talk 337001100 on m11_00_00_00	esd_talk	337001100	m11_00_00_00	1
11009207		set by NPC talk 337001100 on m11_00_00_00	esd_talk	337001100	m11_00_00_00	1
11009208		set by NPC talk 337001100 on m11_00_00_00	esd_talk	337001100	m11_00_00_00	1
11009209		set by NPC talk 337001100 on m11_00_00_00	esd_talk	337001100	m11_00_00_00	1
11009210		set by NPC talk 337001100 on m11_00_00_00	esd_talk	337001100	m11_00_00_00	1
11009235		set by NPC talk 337001100 on m11_00_00_00	esd_talk	337001100	m11_00_00_00	1
11009248	NPC213鍛冶屋_NPC初期化イベント	NPC213 Blacksmith_NPC initialization event	emevd_event	11103700	m11_10_00_00	1
11009251		set by NPC talk 000003000 on m00_00_00_00	esd_talk	000003000	m00_00_00_00	1
11009252		set by NPC talk 000003000 on m00_00_00_00	esd_talk	000003000	m00_00_00_00	1
11009255		set by NPC talk 000001000 on m00_00_00_00	esd_talk	000001000	m00_00_00_00	1
11009256		set by NPC talk 000003000 on m00_00_00_00	esd_talk	000003000	m00_00_00_00	1
11009257		set by NPC talk 000003000 on m00_00_00_00	esd_talk	000003000	m00_00_00_00	1
11009260		set by NPC talk 000003000 on m00_00_00_00	esd_talk	000003000	m00_00_00_00	1
11009265		set by NPC talk 000001000 on m00_00_00_00	esd_talk	000001000	m00_00_00_00	1
11009266		set by NPC talk 000003000 on m00_00_00_00	esd_talk	000003000	m00_00_00_00	1
11009270		set by NPC talk 000001000 on m00_00_00_00	esd_talk	000001000	m00_00_00_00	1
11009271		set by NPC talk 000003000 on m00_00_00_00	esd_talk	000003000	m00_00_00_00	1
11009275		set by NPC talk 000001000 on m00_00_00_00	esd_talk	000001000	m00_00_00_00	1
11009276		set by NPC talk 000003000 on m00_00_00_00	esd_talk	000003000	m00_00_00_00	1
11009305		set by NPC talk 800001100 on m11_00_00_00	esd_talk	800001100	m11_00_00_00	3
11009306		set by NPC talk 800001100 on m11_00_00_00	esd_talk	800001100	m11_00_00_00	3
11009307		set by NPC talk 800001100 on m11_00_00_00	esd_talk	800001100	m11_00_00_00	3
11009309		set by NPC talk 800001100 on m11_00_00_00	esd_talk	800001100	m11_00_00_00	3
11009310		set by NPC talk 800001100 on m11_00_00_00	esd_talk	800001100	m11_00_00_00	3
11009311		set by NPC talk 800001100 on m11_00_00_00	esd_talk	800001100	m11_00_00_00	3
11009312		set by NPC talk 800001100 on m11_00_00_00	esd_talk	800001100	m11_00_00_00	3
11009405		set by NPC talk 204201100 on m11_00_00_00	esd_talk	204201100	m11_00_00_00	1
11009406		set by NPC talk 204201100 on m11_00_00_00	esd_talk	204201100	m11_00_00_00	1
11009455		set by NPC talk 351001100 on m11_00_00_00	esd_talk	351001100	m11_00_00_00	4
11009456		set by NPC talk 351001100 on m11_00_00_00	esd_talk	351001100	m11_00_00_00	4
11009457		set by NPC talk 351001100 on m11_00_00_00	esd_talk	351001100	m11_00_00_00	4
11009458		set by NPC talk 351001100 on m11_00_00_00	esd_talk	351001100	m11_00_00_00	4
11009459		set by NPC talk 351001100 on m11_00_00_00	esd_talk	351001100	m11_00_00_00	4
11009460		set by NPC talk 351001100 on m11_00_00_00	esd_talk	351001100	m11_00_00_00	4
11009468	ラダゴン像変化イベント	Radagon statue change event	emevd_event	11003723	m11_00_00_00	1
11009469	ラダゴン像変化イベント	Radagon statue change event	emevd_event	11003723	m11_00_00_00	1
11009500	NPC360_円卓の最初の褪せ人の生き残り_侵入サイン表示	NPC360_Survival of the first faded person at the Round Table_Intrusion sign display	emevd_event	11003730	m11_00_00_00	1
11009554	NPC112金仮面の探究者_NPC初期化イベント	NPC112 Gold Masked Seeker_NPC initialization event	emevd_event	1040542705	m60_40_54_00	4
11009555		set by NPC talk 112001100 on m11_00_00_00	esd_talk	112001100	m11_00_00_00	2
11009556	ラダゴン像変化イベント	Radagon statue change event	emevd_event	11003723	m11_00_00_00	1
11009557		set by NPC talk 112001100 on m11_00_00_00	esd_talk	112001100	m11_00_00_00	2
11050500	灰に包まれた王都	The royal capital shrouded in ashes	emevd_event	11052500	m11_05_00_00	1
11050800	ゴッドフレイ撃破	Defeat Godfrey	emevd_event	11052800	m11_05_00_00	1
11050801	ゴッドフレイ出現	Godfrey appears	emevd_event	11052810	m11_05_00_00	1
11050850	百智卿撃破	Defeat Lord Hyakuchi	emevd_event	11052850	m11_05_00_00	1
11050851	百智卿出現	Lord Baekchi appears	emevd_event	11052860	m11_05_00_00	1
11050854	百智卿出現	Lord Baekchi appears	emevd_event	11052860	m11_05_00_00	2
11052802	ゴッドフレイ激昂	godfrey rage	emevd_event	11052811	m11_05_00_00	1
11052852	百智卿激昂	Lord Baichi enraged	emevd_event	11052861	m11_05_00_00	1
11053710		set by NPC talk 324001105 on m11_05_00_00	esd_talk	324001105	m11_05_00_00	1
11058556	闘技場の扉解放	Opening the arena door	emevd_event	11002604	m11_00_00_00	1
11059200	NPC351金仮面の従者_NPC初期化イベント	NPC351 Gold Masked Squire_NPC initialization event	emevd_event	11053705	m11_05_00_00	2
11059206	NPC112金仮面の探究者_NPC初期化イベント	NPC112 Gold Masked Seeker_NPC initialization event	emevd_event	11053706	m11_05_00_00	1
11059207		set by NPC talk 351001100 on m11_00_00_00	esd_talk	351001100	m11_00_00_00	4
11059250		set by NPC talk 324001105 on m11_05_00_00	esd_talk	324001105	m11_05_00_00	1
11059304	NPC112金仮面の探究者_NPC初期化イベント	NPC112 Gold Masked Seeker_NPC initialization event	emevd_event	1040542705	m60_40_54_00	4
11059305	NPC112金仮面の探究者_アイテム光_再訪	NPC112 Golden Masked Seeker_Item Light_Revisited	emevd_event	11053707	m11_05_00_00	1
11059350	NPC318_混沌の宿主_白霊共闘許可フラグ立て	NPC318_Host of Chaos_White Spirit Collaboration Permission Flag Set	emevd_event	11053720	m11_05_00_00	1
11102702		set by NPC talk 213001110 on m11_10_00_00	esd_talk	213001110	m11_10_00_00	2
11102703		set by NPC talk 213001110 on m11_10_00_00	esd_talk	213001110	m11_10_00_00	1
11102704	NPC213鍛冶屋_自動会話イベント_祈り	NPC213 Blacksmith_Automatic conversation event_Prayer	emevd_event	11103702	m11_10_00_00	1
11102707		set by NPC talk 213001110 on m11_10_00_00	esd_talk	213001110	m11_10_00_00	1
11102708	NPC213鍛冶屋_自動会話イベント_足りぬ	NPC213 Blacksmith_Automatic conversation event_Not enough	emevd_event	11103703	m11_10_00_00	1
11102719	NPC320_ファルネーゼ_NPC初期化イベント_世界樹が焼けた	NPC320_Farnese_NPC initialization event_World Tree burnt	emevd_event	11103712	m11_10_00_00	1
11102730		set by NPC talk 314006000 on m60_00_00_00	esd_talk	314006000	m60_00_00_00	1
11102731		set by NPC talk 314006000 on m60_00_00_00	esd_talk	314006000	m60_00_00_00	1
11102732		set by NPC talk 314006000 on m60_00_00_00	esd_talk	314006000	m60_00_00_00	1
11102750		set by NPC talk 325001000 on m10_00_00_00	esd_talk	325001000	m10_00_00_00	2
11102770		set by NPC talk 319001110 on m11_10_00_00	esd_talk	319001110	m11_10_00_00	2
11102782		set by NPC talk 324001105 on m11_05_00_00	esd_talk	324001105	m11_05_00_00	2
11102790	篝火_拠点に居る判定	Bonfire_Judgment of being at the base	emevd_event	11100790	m11_10_00_00	1
11102812		set by NPC talk 351001100 on m11_00_00_00	esd_talk	351001100	m11_00_00_00	4
11102813		set by NPC talk 351001100 on m11_00_00_00	esd_talk	351001100	m11_00_00_00	4
11102814		set by NPC talk 351001100 on m11_00_00_00	esd_talk	351001100	m11_00_00_00	4
11102815		set by NPC talk 351001100 on m11_00_00_00	esd_talk	351001100	m11_00_00_00	4
11102816		set by NPC talk 351001100 on m11_00_00_00	esd_talk	351001100	m11_00_00_00	4
11102843		set by NPC talk 322001110 on m11_10_00_00	esd_talk	322001110	m11_10_00_00	3
11102844		set by NPC talk 322001110 on m11_10_00_00	esd_talk	322001110	m11_10_00_00	3
11102845		set by NPC talk 322001110 on m11_10_00_00	esd_talk	322001110	m11_10_00_00	3
11102848		set by NPC talk 322001110 on m11_10_00_00	esd_talk	322001110	m11_10_00_00	3
11108548	奥の間の扉が開いている	The door in the back room is open	emevd_event	11002548	m11_10_00_00	1
11109005		set by NPC talk 322001110 on m11_10_00_00	esd_talk	322001110	m11_10_00_00	3
11109006		set by NPC talk 322001110 on m11_10_00_00	esd_talk	322001110	m11_10_00_00	3
11109007		set by NPC talk 322001110 on m11_10_00_00	esd_talk	322001110	m11_10_00_00	3
11109008		set by NPC talk 322001110 on m11_10_00_00	esd_talk	322001110	m11_10_00_00	3
11109009		set by NPC talk 322001110 on m11_10_00_00	esd_talk	322001110	m11_10_00_00	3
11109015		set by NPC talk 322001110 on m11_10_00_00	esd_talk	322001110	m11_10_00_00	3
11109016		set by NPC talk 322001110 on m11_10_00_00	esd_talk	322001110	m11_10_00_00	3
11109017		set by NPC talk 322001110 on m11_10_00_00	esd_talk	322001110	m11_10_00_00	3
11109020		set by NPC talk 322001110 on m11_10_00_00	esd_talk	322001110	m11_10_00_00	3
11109021		set by NPC talk 322001110 on m11_10_00_00	esd_talk	322001110	m11_10_00_00	3
11109022		set by NPC talk 322001110 on m11_10_00_00	esd_talk	322001110	m11_10_00_00	3
11109023		set by NPC talk 322001110 on m11_10_00_00	esd_talk	322001110	m11_10_00_00	3
11109024		set by NPC talk 322001110 on m11_10_00_00	esd_talk	322001110	m11_10_00_00	3
11109025		set by NPC talk 322001110 on m11_10_00_00	esd_talk	322001110	m11_10_00_00	3
11109026		set by NPC talk 322001110 on m11_10_00_00	esd_talk	322001110	m11_10_00_00	3
11109205		set by NPC talk 213001110 on m11_10_00_00	esd_talk	213001110	m11_10_00_00	2
11109206		set by NPC talk 213001110 on m11_10_00_00	esd_talk	213001110	m11_10_00_00	2
11109207		set by NPC talk 213001110 on m11_10_00_00	esd_talk	213001110	m11_10_00_00	2
11109209		set by NPC talk 213001110 on m11_10_00_00	esd_talk	213001110	m11_10_00_00	2
11109210		set by NPC talk 213001110 on m11_10_00_00	esd_talk	213001110	m11_10_00_00	2
11109211		set by NPC talk 213001110 on m11_10_00_00	esd_talk	213001110	m11_10_00_00	2
11109212		set by NPC talk 213001110 on m11_10_00_00	esd_talk	213001110	m11_10_00_00	2
11109213		set by NPC talk 213001110 on m11_10_00_00	esd_talk	213001110	m11_10_00_00	2
11109216		set by NPC talk 213001110 on m11_10_00_00	esd_talk	213001110	m11_10_00_00	2
11109217		set by NPC talk 213001110 on m11_10_00_00	esd_talk	213001110	m11_10_00_00	2
11109218		set by NPC talk 213001110 on m11_10_00_00	esd_talk	213001110	m11_10_00_00	2
11109219		set by NPC talk 213001110 on m11_10_00_00	esd_talk	213001110	m11_10_00_00	2
11109227		set by NPC talk 213001110 on m11_10_00_00	esd_talk	213001110	m11_10_00_00	2
11109229		set by NPC talk 213001110 on m11_10_00_00	esd_talk	213001110	m11_10_00_00	2
11109230		set by NPC talk 213001110 on m11_10_00_00	esd_talk	213001110	m11_10_00_00	2
11109231		set by NPC talk 213001110 on m11_10_00_00	esd_talk	213001110	m11_10_00_00	2
11109232		set by NPC talk 213001110 on m11_10_00_00	esd_talk	213001110	m11_10_00_00	2
11109233		set by NPC talk 213001110 on m11_10_00_00	esd_talk	213001110	m11_10_00_00	2
11109234		set by NPC talk 213001110 on m11_10_00_00	esd_talk	213001110	m11_10_00_00	2
11109235		set by NPC talk 213001110 on m11_10_00_00	esd_talk	213001110	m11_10_00_00	2
11109236		set by NPC talk 213001110 on m11_10_00_00	esd_talk	213001110	m11_10_00_00	2
11109238		set by NPC talk 213001110 on m11_10_00_00	esd_talk	213001110	m11_10_00_00	2
11109246		set by NPC talk 213001110 on m11_10_00_00	esd_talk	213001110	m11_10_00_00	2
11109247		set by NPC talk 213001110 on m11_10_00_00	esd_talk	213001110	m11_10_00_00	2
11109248		set by NPC talk 213001110 on m11_10_00_00	esd_talk	213001110	m11_10_00_00	2
11109255		set by NPC talk 320001110 on m11_10_00_00	esd_talk	320001110	m11_10_00_00	2
11109256		set by NPC talk 320001110 on m11_10_00_00	esd_talk	320001110	m11_10_00_00	2
11109258		set by NPC talk 320001110 on m11_10_00_00	esd_talk	320001110	m11_10_00_00	2
11109260		set by NPC talk 320001110 on m11_10_00_00	esd_talk	320001110	m11_10_00_00	2
11109261		set by NPC talk 320001110 on m11_10_00_00	esd_talk	320001110	m11_10_00_00	2
11109262		set by NPC talk 320001110 on m11_10_00_00	esd_talk	320001110	m11_10_00_00	2
11109263		set by NPC talk 320001110 on m11_10_00_00	esd_talk	320001110	m11_10_00_00	2
11109264		set by NPC talk 320001110 on m11_10_00_00	esd_talk	320001110	m11_10_00_00	2
11109265		set by NPC talk 320001110 on m11_10_00_00	esd_talk	320001110	m11_10_00_00	2
11109266		set by NPC talk 320001110 on m11_10_00_00	esd_talk	320001110	m11_10_00_00	2
11109267		set by NPC talk 320001110 on m11_10_00_00	esd_talk	320001110	m11_10_00_00	2
11109268		set by NPC talk 320001110 on m11_10_00_00	esd_talk	320001110	m11_10_00_00	2
11109269		set by NPC talk 320001110 on m11_10_00_00	esd_talk	320001110	m11_10_00_00	2
11109270		set by NPC talk 320001110 on m11_10_00_00	esd_talk	320001110	m11_10_00_00	2
11109271		set by NPC talk 320001110 on m11_10_00_00	esd_talk	320001110	m11_10_00_00	2
11109272		set by NPC talk 320001110 on m11_10_00_00	esd_talk	320001110	m11_10_00_00	2
11109275		set by NPC talk 320001110 on m11_10_00_00	esd_talk	320001110	m11_10_00_00	2
11109276		set by NPC talk 320001110 on m11_10_00_00	esd_talk	320001110	m11_10_00_00	2
11109277		set by NPC talk 320001110 on m11_10_00_00	esd_talk	320001110	m11_10_00_00	2
11109278		set by NPC talk 320001110 on m11_10_00_00	esd_talk	320001110	m11_10_00_00	2
11109279		set by NPC talk 320001110 on m11_10_00_00	esd_talk	320001110	m11_10_00_00	2
11109303	NPC223亜人針子_生まれ変わり会話までのボス撃破カウント	NPC223 Demi-Shinko_Boss defeat count until reincarnation conversation	emevd_event	3099	common	1
11109304	NPC223亜人針子_生まれ変わり会話までのボス撃破カウント	NPC223 Demi-Shinko_Boss defeat count until reincarnation conversation	emevd_event	3099	common	1
11109306	NPC223亜人針子_ﾌｪｰｽﾞ4_接近確認	NPC223 Demi-human seamstress_Phase 4_approach confirmation	emevd_event	14000742	m14_00_00_00	1
11109307		set by NPC talk 223001100 on m11_00_00_00	esd_talk	223001100	m11_00_00_00	5
11109308		set by NPC talk 223001100 on m11_00_00_00	esd_talk	223001100	m11_00_00_00	5
11109309	NPC223亜人針子_生まれ変わり会話までのボス撃破カウント	NPC223 Demi-Shinko_Boss defeat count until reincarnation conversation	emevd_event	3099	common	1
11109310	NPC223亜人針子_生まれ変わり会話までのボス撃破カウント	NPC223 Demi-Shinko_Boss defeat count until reincarnation conversation	emevd_event	3099	common	1
11109311	NPC223亜人針子_生まれ変わり会話までのボス撃破カウント	NPC223 Demi-Shinko_Boss defeat count until reincarnation conversation	emevd_event	3099	common	1
11109312	NPC223亜人針子_生まれ変わり会話までのボス撃破カウント	NPC223 Demi-Shinko_Boss defeat count until reincarnation conversation	emevd_event	3099	common	1
11109313	NPC223亜人針子_生まれ変わり会話までのボス撃破カウント	NPC223 Demi-Shinko_Boss defeat count until reincarnation conversation	emevd_event	3099	common	1
11109314	NPC223亜人針子_生まれ変わり会話までのボス撃破カウント	NPC223 Demi-Shinko_Boss defeat count until reincarnation conversation	emevd_event	3099	common	1
11109315		set by NPC talk 223001100 on m11_00_00_00	esd_talk	223001100	m11_00_00_00	5
11109331		set by NPC talk 213001110 on m11_10_00_00	esd_talk	213001110	m11_10_00_00	2
11109332		set by NPC talk 213001110 on m11_10_00_00	esd_talk	213001110	m11_10_00_00	2
11109333		set by NPC talk 213001110 on m11_10_00_00	esd_talk	213001110	m11_10_00_00	2
11109334		set by NPC talk 213001110 on m11_10_00_00	esd_talk	213001110	m11_10_00_00	2
11109335		set by NPC talk 213001110 on m11_10_00_00	esd_talk	213001110	m11_10_00_00	2
11109336		set by NPC talk 213001110 on m11_10_00_00	esd_talk	213001110	m11_10_00_00	2
11109339		set by NPC talk 213001110 on m11_10_00_00	esd_talk	213001110	m11_10_00_00	2
11109340	王都到達済みチェック	Check that you have reached the royal capital	emevd_event	11103770	m11_10_00_00	1
11109355	NPC102指読み_NPC初期化イベント	NPC102 finger reading_NPC initialization event	emevd_event	11103705	m11_10_00_00	1
11109356		set by NPC talk 102001110 on m11_10_00_00	esd_talk	102001110	m11_10_00_00	1
11109357		set by NPC talk 102001110 on m11_10_00_00	esd_talk	102001110	m11_10_00_00	1
11109358		set by NPC talk 102001110 on m11_10_00_00	esd_talk	102001110	m11_10_00_00	1
11109370		set by NPC talk 102001110 on m11_10_00_00	esd_talk	102001110	m11_10_00_00	1
11109371		set by NPC talk 102001110 on m11_10_00_00	esd_talk	102001110	m11_10_00_00	1
11109385		set by NPC talk 102001110 on m11_10_00_00	esd_talk	102001110	m11_10_00_00	1
11109386		set by NPC talk 102001110 on m11_10_00_00	esd_talk	102001110	m11_10_00_00	1
11109387		set by NPC talk 102001110 on m11_10_00_00	esd_talk	102001110	m11_10_00_00	1
11109395		set by NPC talk 102001110 on m11_10_00_00	esd_talk	102001110	m11_10_00_00	1
11109396		set by NPC talk 102001110 on m11_10_00_00	esd_talk	102001110	m11_10_00_00	1
11109397		set by NPC talk 102001110 on m11_10_00_00	esd_talk	102001110	m11_10_00_00	1
11109405	NPC314ムノウ_NPC初期化イベント_従者の死	NPC314 Munou_NPC initialization event_Death of servant	emevd_event	1037443700	m60_37_44_00	6
11109406		set by NPC talk 314001110 on m11_10_00_00	esd_talk	314001110	m11_10_00_00	3
11109430	NPC314ムノウ_キャラ状態遷移	NPC314 Munou_Character state transition	emevd_event	3459	common	1
11109505		set by NPC talk 325001000 on m10_00_00_00	esd_talk	325001000	m10_00_00_00	2
11109506		set by NPC talk 325001000 on m10_00_00_00	esd_talk	325001000	m10_00_00_00	2
11109507		set by NPC talk 325001000 on m10_00_00_00	esd_talk	325001000	m10_00_00_00	2
11109508		set by NPC talk 325001000 on m10_00_00_00	esd_talk	325001000	m10_00_00_00	2
11109509		set by NPC talk 325001000 on m10_00_00_00	esd_talk	325001000	m10_00_00_00	2
11109510		set by NPC talk 325001000 on m10_00_00_00	esd_talk	325001000	m10_00_00_00	2
11109511		set by NPC talk 325001000 on m10_00_00_00	esd_talk	325001000	m10_00_00_00	2
11109512		set by NPC talk 325001000 on m10_00_00_00	esd_talk	325001000	m10_00_00_00	2
11109513		set by NPC talk 325001000 on m10_00_00_00	esd_talk	325001000	m10_00_00_00	2
11109514		set by NPC talk 325001000 on m10_00_00_00	esd_talk	325001000	m10_00_00_00	2
11109515		set by NPC talk 325001000 on m10_00_00_00	esd_talk	325001000	m10_00_00_00	2
11109516		set by NPC talk 325001000 on m10_00_00_00	esd_talk	325001000	m10_00_00_00	2
11109517		set by NPC talk 325001000 on m10_00_00_00	esd_talk	325001000	m10_00_00_00	2
11109518		set by NPC talk 325001000 on m10_00_00_00	esd_talk	325001000	m10_00_00_00	2
11109520		set by NPC talk 325001000 on m10_00_00_00	esd_talk	325001000	m10_00_00_00	2
11109521		set by NPC talk 325001000 on m10_00_00_00	esd_talk	325001000	m10_00_00_00	2
11109522		set by NPC talk 325001000 on m10_00_00_00	esd_talk	325001000	m10_00_00_00	2
11109523		set by NPC talk 325001000 on m10_00_00_00	esd_talk	325001000	m10_00_00_00	2
11109524		set by NPC talk 325001000 on m10_00_00_00	esd_talk	325001000	m10_00_00_00	2
11109525		set by NPC talk 325001000 on m10_00_00_00	esd_talk	325001000	m10_00_00_00	2
11109527		set by NPC talk 325001000 on m10_00_00_00	esd_talk	325001000	m10_00_00_00	2
11109528	NPC325ロジェール_地下の異形を見た	NPC325 Roger_Saw a strange shape underground	emevd_event	10000762	m10_00_00_00	1
11109529	NPC325ロジェール_NPC初期化イベント_拠点で再会	NPC325 Roger_NPC initialization event_Reunion at the base	emevd_event	11100750	m11_10_00_00	1
11109530		set by NPC talk 325001000 on m10_00_00_00	esd_talk	325001000	m10_00_00_00	2
11109531		set by NPC talk 325001000 on m10_00_00_00	esd_talk	325001000	m10_00_00_00	2
11109532		set by NPC talk 325001000 on m10_00_00_00	esd_talk	325001000	m10_00_00_00	2
11109535		set by NPC talk 325001000 on m10_00_00_00	esd_talk	325001000	m10_00_00_00	2
11109538		set by NPC talk 325001000 on m10_00_00_00	esd_talk	325001000	m10_00_00_00	2
11109541		set by NPC talk 325001000 on m10_00_00_00	esd_talk	325001000	m10_00_00_00	2
11109542		set by NPC talk 325001000 on m10_00_00_00	esd_talk	325001000	m10_00_00_00	2
11109550		set by NPC talk 324001110 on m11_10_00_00	esd_talk	324001110	m11_10_00_00	1
11109551		set by NPC talk 324001110 on m11_10_00_00	esd_talk	324001110	m11_10_00_00	1
11109552		set by NPC talk 324001110 on m11_10_00_00	esd_talk	324001110	m11_10_00_00	1
11109553		set by NPC talk 324001110 on m11_10_00_00	esd_talk	324001110	m11_10_00_00	1
11109555		set by NPC talk 324001110 on m11_10_00_00	esd_talk	324001110	m11_10_00_00	1
11109556		set by NPC talk 324001110 on m11_10_00_00	esd_talk	324001110	m11_10_00_00	1
11109557		set by NPC talk 324001110 on m11_10_00_00	esd_talk	324001110	m11_10_00_00	1
11109558	王都到達済みチェック	Check that you have reached the royal capital	emevd_event	11103770	m11_10_00_00	1
11109559	腐れ大樹到達済みチェック	Check that the rotten tree has been reached	emevd_event	11103771	m11_10_00_00	1
11109560	平原奥地到達済みチェック	Check that you have reached the plains hinterland	emevd_event	11103772	m11_10_00_00	1
11109561	NPC324百智卿_ロルドのエレベーター到達	NPC324 Lord Momochi_Roldo's elevator reached	emevd_event	1049533705	m60_49_53_00	1
11109608		set by NPC talk 319001110 on m11_10_00_00	esd_talk	319001110	m11_10_00_00	2
11109609	NPC319ダヴィド_拠点移動時リアルタイム遷移	NPC319 David_Real-time transition when moving base	emevd_event	11100732	m11_10_00_00	1
11109611		set by NPC talk 319001110 on m11_10_00_00	esd_talk	319001110	m11_10_00_00	2
11109617		set by NPC talk 319001110 on m11_10_00_00	esd_talk	319001110	m11_10_00_00	2
11109618		set by NPC talk 319001110 on m11_10_00_00	esd_talk	319001110	m11_10_00_00	2
11109620		set by NPC talk 319001110 on m11_10_00_00	esd_talk	319001110	m11_10_00_00	2
11109621		set by NPC talk 319001110 on m11_10_00_00	esd_talk	319001110	m11_10_00_00	2
11109622		set by NPC talk 319001110 on m11_10_00_00	esd_talk	319001110	m11_10_00_00	2
11109623		set by NPC talk 319001110 on m11_10_00_00	esd_talk	319001110	m11_10_00_00	2
11109624		set by NPC talk 319001110 on m11_10_00_00	esd_talk	319001110	m11_10_00_00	2
11109625		set by NPC talk 319001110 on m11_10_00_00	esd_talk	319001110	m11_10_00_00	2
11109648	NPC319ダヴィド_キャラ状態遷移	NPC319 David_Character state transition	emevd_event	4059	common	1
11109649	NPC319ダヴィド_キャラ状態遷移	NPC319 David_Character state transition	emevd_event	4059	common	1
11109656	暗黒円卓空間_暗黒時	Dark Round Table Space_Dark Hours	emevd_event	11100680	m11_10_00_00	1
11109658		set by NPC talk 324001110 on m11_10_00_00	esd_talk	324001110	m11_10_00_00	1
11109659		set by NPC talk 324001110 on m11_10_00_00	esd_talk	324001110	m11_10_00_00	1
11109660		set by NPC talk 324001110 on m11_10_00_00	esd_talk	324001110	m11_10_00_00	1
11109661		set by NPC talk 324001110 on m11_10_00_00	esd_talk	324001110	m11_10_00_00	1
11109662		set by NPC talk 324001110 on m11_10_00_00	esd_talk	324001110	m11_10_00_00	1
11109664		set by NPC talk 324001110 on m11_10_00_00	esd_talk	324001110	m11_10_00_00	1
11109665		set by NPC talk 324001110 on m11_10_00_00	esd_talk	324001110	m11_10_00_00	1
11109666		set by NPC talk 324001110 on m11_10_00_00	esd_talk	324001110	m11_10_00_00	1
11109667		set by NPC talk 324001110 on m11_10_00_00	esd_talk	324001110	m11_10_00_00	1
11109668		set by NPC talk 324001110 on m11_10_00_00	esd_talk	324001110	m11_10_00_00	1
11109670		set by NPC talk 324001110 on m11_10_00_00	esd_talk	324001110	m11_10_00_00	1
11109671		set by NPC talk 324001110 on m11_10_00_00	esd_talk	324001110	m11_10_00_00	1
11109672		set by NPC talk 324001110 on m11_10_00_00	esd_talk	324001110	m11_10_00_00	1
11109675		set by NPC talk 324001110 on m11_10_00_00	esd_talk	324001110	m11_10_00_00	1
11109676		set by NPC talk 324001110 on m11_10_00_00	esd_talk	324001110	m11_10_00_00	1
11109677		set by NPC talk 324001110 on m11_10_00_00	esd_talk	324001110	m11_10_00_00	1
11109678		set by NPC talk 324001110 on m11_10_00_00	esd_talk	324001110	m11_10_00_00	1
11109679		set by NPC talk 324001110 on m11_10_00_00	esd_talk	324001110	m11_10_00_00	1
11109680		set by NPC talk 324001110 on m11_10_00_00	esd_talk	324001110	m11_10_00_00	1
11109681		set by NPC talk 324001110 on m11_10_00_00	esd_talk	324001110	m11_10_00_00	1
11109682		set by NPC talk 324001110 on m11_10_00_00	esd_talk	324001110	m11_10_00_00	1
11109683		set by NPC talk 324001110 on m11_10_00_00	esd_talk	324001110	m11_10_00_00	1
11109684		set by NPC talk 324001110 on m11_10_00_00	esd_talk	324001110	m11_10_00_00	1
11109685		set by NPC talk 324001110 on m11_10_00_00	esd_talk	324001110	m11_10_00_00	1
11109686		set by NPC talk 324001110 on m11_10_00_00	esd_talk	324001110	m11_10_00_00	1
11109687		set by NPC talk 000003000 on m00_00_00_00	esd_talk	000003000	m00_00_00_00	2
11109688		set by NPC talk 324001110 on m11_10_00_00	esd_talk	324001110	m11_10_00_00	1
11109689		set by NPC talk 324001110 on m11_10_00_00	esd_talk	324001110	m11_10_00_00	1
11109690		set by NPC talk 324001110 on m11_10_00_00	esd_talk	324001110	m11_10_00_00	1
11109691		set by NPC talk 324001110 on m11_10_00_00	esd_talk	324001110	m11_10_00_00	1
11109692		set by NPC talk 324001110 on m11_10_00_00	esd_talk	324001110	m11_10_00_00	1
11109693		set by NPC talk 324001110 on m11_10_00_00	esd_talk	324001110	m11_10_00_00	1
11109694		set by NPC talk 324001110 on m11_10_00_00	esd_talk	324001110	m11_10_00_00	1
11109695		set by NPC talk 324001110 on m11_10_00_00	esd_talk	324001110	m11_10_00_00	1
11109696		set by NPC talk 324001110 on m11_10_00_00	esd_talk	324001110	m11_10_00_00	1
11109697		set by NPC talk 324001100 on m11_00_00_00	esd_talk	324001100	m11_00_00_00	2
11109698		set by NPC talk 324001110 on m11_10_00_00	esd_talk	324001110	m11_10_00_00	1
11109699		set by NPC talk 324001100 on m11_00_00_00	esd_talk	324001100	m11_00_00_00	2
11109774	救済対応_大ルーン2個チェック系	Relief response_2 large runes checked	emevd_event	11100796	m11_10_00_00	1
11109775	救済対応_大ルーン2個チェック系	Relief response_2 large runes checked	emevd_event	11100796	m11_10_00_00	1
11109776	救済対応_大ルーン2個チェック系	Relief response_2 large runes checked	emevd_event	11100796	m11_10_00_00	1
11109777	救済対応_指読み	Relief response_finger reading	emevd_event	11100797	m11_10_00_00	1
11109780		set by NPC talk 600001110 on m11_10_00_00	esd_talk	600001110	m11_10_00_00	1
11109781		set by NPC talk 600001110 on m11_10_00_00	esd_talk	600001110	m11_10_00_00	1
11109785	遺灰ショップ_百智卿取り逃し対策_XX	Ashes shop_Measures for missing Lord Hyakuchi_XX	emevd_event	11100791	m11_10_00_00	5
11109786	拠点入場時ダイアログ表示	Dialog display when entering base	emevd_event	11103775	m11_10_00_00	1
11109805		set by NPC talk 223001100 on m11_00_00_00	esd_talk	223001100	m11_00_00_00	5
11109806		set by NPC talk 223001100 on m11_00_00_00	esd_talk	223001100	m11_00_00_00	5
11109807		set by NPC talk 223001100 on m11_00_00_00	esd_talk	223001100	m11_00_00_00	5
11109808		set by NPC talk 223001100 on m11_00_00_00	esd_talk	223001100	m11_00_00_00	5
11109809		set by NPC talk 223001100 on m11_00_00_00	esd_talk	223001100	m11_00_00_00	5
11109810		set by NPC talk 223001100 on m11_00_00_00	esd_talk	223001100	m11_00_00_00	5
11109811		set by NPC talk 223001100 on m11_00_00_00	esd_talk	223001100	m11_00_00_00	5
11109812		set by NPC talk 223001100 on m11_00_00_00	esd_talk	223001100	m11_00_00_00	5
11109819	NPC223亜人針子_NPC初期化イベント_入り口すぐの篝火近く	NPC223 Demi-Shipper_NPC initialization event_Near the bonfire right at the entrance	emevd_event	11003710	m11_00_00_00	2
11109855		set by NPC talk 351001100 on m11_00_00_00	esd_talk	351001100	m11_00_00_00	4
11109856		set by NPC talk 351001100 on m11_00_00_00	esd_talk	351001100	m11_00_00_00	4
11109857		set by NPC talk 351001100 on m11_00_00_00	esd_talk	351001100	m11_00_00_00	4
11109858		set by NPC talk 351001100 on m11_00_00_00	esd_talk	351001100	m11_00_00_00	4
11109859		set by NPC talk 351001100 on m11_00_00_00	esd_talk	351001100	m11_00_00_00	4
11109860		set by NPC talk 351001100 on m11_00_00_00	esd_talk	351001100	m11_00_00_00	4
11109861		set by NPC talk 351001100 on m11_00_00_00	esd_talk	351001100	m11_00_00_00	4
11109862		set by NPC talk 351001100 on m11_00_00_00	esd_talk	351001100	m11_00_00_00	4
11109863		set by NPC talk 351001100 on m11_00_00_00	esd_talk	351001100	m11_00_00_00	4
11109864		set by NPC talk 351001100 on m11_00_00_00	esd_talk	351001100	m11_00_00_00	4
11109865		set by NPC talk 351001100 on m11_00_00_00	esd_talk	351001100	m11_00_00_00	4
11109866		set by NPC talk 351001100 on m11_00_00_00	esd_talk	351001100	m11_00_00_00	4
11109867		set by NPC talk 351001100 on m11_00_00_00	esd_talk	351001100	m11_00_00_00	4
11109868		set by NPC talk 351001100 on m11_00_00_00	esd_talk	351001100	m11_00_00_00	4
11109869		set by NPC talk 351001100 on m11_00_00_00	esd_talk	351001100	m11_00_00_00	4
11109870		set by NPC talk 351001100 on m11_00_00_00	esd_talk	351001100	m11_00_00_00	4
11109874		set by NPC talk 351001100 on m11_00_00_00	esd_talk	351001100	m11_00_00_00	4
11109875		set by NPC talk 351001100 on m11_00_00_00	esd_talk	351001100	m11_00_00_00	4
11109876		set by NPC talk 351001100 on m11_00_00_00	esd_talk	351001100	m11_00_00_00	4
11109877		set by NPC talk 351001100 on m11_00_00_00	esd_talk	351001100	m11_00_00_00	4
11109878		set by NPC talk 351001100 on m11_00_00_00	esd_talk	351001100	m11_00_00_00	4
11109879		set by NPC talk 351001100 on m11_00_00_00	esd_talk	351001100	m11_00_00_00	4
11109880		set by NPC talk 351001100 on m11_00_00_00	esd_talk	351001100	m11_00_00_00	4
11109881		set by NPC talk 351001100 on m11_00_00_00	esd_talk	351001100	m11_00_00_00	4
11109882		set by NPC talk 351001100 on m11_00_00_00	esd_talk	351001100	m11_00_00_00	4
11109883		set by NPC talk 351001100 on m11_00_00_00	esd_talk	351001100	m11_00_00_00	4
11109884		set by NPC talk 351001100 on m11_00_00_00	esd_talk	351001100	m11_00_00_00	4
11109886		set by NPC talk 351001100 on m11_00_00_00	esd_talk	351001100	m11_00_00_00	4
11109887		set by NPC talk 351001100 on m11_00_00_00	esd_talk	351001100	m11_00_00_00	4
11109905		set by NPC talk 334001000 on m10_00_00_00	esd_talk	334001000	m10_00_00_00	3
11109906		set by NPC talk 334001000 on m10_00_00_00	esd_talk	334001000	m10_00_00_00	3
11109908		set by NPC talk 334001000 on m10_00_00_00	esd_talk	334001000	m10_00_00_00	3
11109909		set by NPC talk 334001000 on m10_00_00_00	esd_talk	334001000	m10_00_00_00	3
11109916		set by NPC talk 334001000 on m10_00_00_00	esd_talk	334001000	m10_00_00_00	3
11109917		set by NPC talk 334001000 on m10_00_00_00	esd_talk	334001000	m10_00_00_00	3
11109919		set by NPC talk 334001000 on m10_00_00_00	esd_talk	334001000	m10_00_00_00	3
11109921		set by NPC talk 334001000 on m10_00_00_00	esd_talk	334001000	m10_00_00_00	3
11109922		set by NPC talk 334001000 on m10_00_00_00	esd_talk	334001000	m10_00_00_00	3
11109923		set by NPC talk 334001000 on m10_00_00_00	esd_talk	334001000	m10_00_00_00	3
11109955		set by NPC talk 323001110 on m11_10_00_00	esd_talk	323001110	m11_10_00_00	1
11109957		set by NPC talk 323001110 on m11_10_00_00	esd_talk	323001110	m11_10_00_00	1
11109958		set by NPC talk 323001110 on m11_10_00_00	esd_talk	323001110	m11_10_00_00	1
11109959		set by NPC talk 323001110 on m11_10_00_00	esd_talk	323001110	m11_10_00_00	1
12010240	救済対応_壱	Relief response_1	emevd_event	6901	common	1
12010510	エレベータ初期フラグ	Elevator initial flag	emevd_event	12010519	m12_01_00_00	1
12010515	エレベータ初期フラグ	Elevator initial flag	emevd_event	12010519	m12_01_00_00	1
12010520	エレベータ初期フラグ	Elevator initial flag	emevd_event	12010519	m12_01_00_00	1
12010525	エレベータ初期フラグ	Elevator initial flag	emevd_event	12010519	m12_01_00_00	1
12010590	大毒沼遺跡出現イベント0	Great poison swamp ruins appearance event 0	emevd_event	12012590	m12_01_00_00	1
12010591	大毒沼遺跡出現イベント1	Great poison swamp ruins appearance event 1	emevd_event	12012591	m12_01_00_00	1
12010593	大毒沼遺跡出現イベント2	Great poison swamp ruins appearance event 2	emevd_event	12012593	m12_01_00_00	1
12010594	大毒沼遺跡出現イベント3	Great poison swamp ruins appearance event 3	emevd_event	12012594	m12_01_00_00	1
12010595	大毒沼遺跡出現イベント4	Great poison swamp ruins appearance event 4	emevd_event	12012595	m12_01_00_00	1
12010800	ボス撃破	Defeat the boss	emevd_event	12012800	m12_01_00_00	1
12010801	ボス出現	Boss appears	emevd_event	12012810	m12_01_00_00	1
12010840	ボス出現	Boss appears	emevd_event	12012810	m12_01_00_00	1
12012230	天井の蟻が落ちてくるイベント判定_XX	Event determination where ants fall from the ceiling_XX	emevd_event	12012220	m12_01_00_00	1
12012240	マザースライムスライム生み	mother slime slime creator	emevd_event	12012240	m12_01_00_00	1
12012241	マザースライムスライム生み	mother slime slime creator	emevd_event	12012240	m12_01_00_00	1
12012242	マザースライムスライム生み	mother slime slime creator	emevd_event	12012240	m12_01_00_00	1
12012243	マザースライムスライム生み	mother slime slime creator	emevd_event	12012240	m12_01_00_00	1
12012244	マザースライムスライム生み	mother slime slime creator	emevd_event	12012240	m12_01_00_00	1
12012245	マザースライムスライム生み	mother slime slime creator	emevd_event	12012240	m12_01_00_00	1
12012246	マザースライムスライム生み	mother slime slime creator	emevd_event	12012240	m12_01_00_00	1
12012247	マザースライムスライム生み	mother slime slime creator	emevd_event	12012240	m12_01_00_00	1
12012249	マザースライムダメージ判別用	For determining mother slime damage	emevd_event	12012249	m12_01_00_00	1
12012256	マザースライム_閉じ込め部屋	Mother Slime_Confinement Room	emevd_event	12012256	m12_01_00_00	1
12012257	マザースライム_閉じ込め部屋開放	Mother slime_confinement room open	emevd_event	12012257	m12_01_00_00	1
12012301	ルーン喰らい聴覚制限	Rune Eater Hearing Restriction	emevd_event	12012301	m12_01_00_00	1
12012700		set by NPC talk 801281201 on m12_01_00_00	esd_talk	801281201	m12_01_00_00	1
12012705		set by NPC talk 801281201 on m12_01_00_00	esd_talk	801281201	m12_01_00_00	1
12012707		set by NPC talk 801281201 on m12_01_00_00	esd_talk	801281201	m12_01_00_00	1
12012710	NPC106ラニ_篝火会話①再生許可コントロール	NPC106 Rani_Bonfire conversation ① Playback permission control	emevd_event	12010700	m12_01_00_00	1
12012711	NPC106ラニ_篝火会話②再生許可コントロール	NPC106 Rani_Bonfire conversation ② Playback permission control	emevd_event	12010701	m12_01_00_00	1
12012712	NPC106ラニ_篝火会話③再生許可コントロール	NPC106 Rani_Bonfire conversation ③ Playback permission control	emevd_event	12010702	m12_01_00_00	1
12012713	NPC106ラニ_篝火会話④再生許可コントロール	NPC106 Rani_Bonfire conversation ④ Playback permission control	emevd_event	1034503740	m60_34_50_00	1
12012715	NPC106ラニ_影狼頭出現コントロール	NPC106 Rani_Shadow Wolf Head Appearance Control	emevd_event	12010705	m12_01_00_00	1
12012716	NPC106ラニ_影狼頭死亡監視	NPC106 Rani_Shadow Head Death Monitor	emevd_event	12010706	m12_01_00_00	1
12012802	荒廃激昂	Desolation rage	emevd_event	12012811	m12_01_00_00	1
12012803	ボス出現	Boss appears	emevd_event	12012810	m12_01_00_00	1
12012811	荒廃激昂	Desolation rage	emevd_event	12012811	m12_01_00_00	1
12019000		set by NPC talk 801281201 on m12_01_00_00	esd_talk	801281201	m12_01_00_00	1
12019005		set by NPC talk 801281201 on m12_01_00_00	esd_talk	801281201	m12_01_00_00	1
12019255		set by NPC talk 000001000 on m00_00_00_00	esd_talk	000001000	m00_00_00_00	1
12019256		set by NPC talk 000001000 on m00_00_00_00	esd_talk	000001000	m00_00_00_00	1
12019257		set by NPC talk 000001000 on m00_00_00_00	esd_talk	000001000	m00_00_00_00	1
12019258		set by NPC talk 000001000 on m00_00_00_00	esd_talk	000001000	m00_00_00_00	1
12019260		set by NPC talk 000001000 on m00_00_00_00	esd_talk	000001000	m00_00_00_00	1
12019261		set by NPC talk 000001000 on m00_00_00_00	esd_talk	000001000	m00_00_00_00	1
12019265		set by NPC talk 000001000 on m00_00_00_00	esd_talk	000001000	m00_00_00_00	1
12019266		set by NPC talk 000001000 on m00_00_00_00	esd_talk	000001000	m00_00_00_00	1
12019270	NPC106ラニ_影狼頭戦開始会話キック	NPC106 Rani_Shadow Head Battle Start Conversation Kick	emevd_event	12010707	m12_01_00_00	1
12019271		set by NPC talk 106111201 on m12_01_00_00	esd_talk	106111201	m12_01_00_00	1
12019272	NPC106ラニ_影狼頭戦終了会話キック	NPC106 Rani_Shadow Head Battle End Conversation Kick	emevd_event	12010708	m12_01_00_00	1
12019273		set by NPC talk 106111201 on m12_01_00_00	esd_talk	106111201	m12_01_00_00	1
12019275		set by NPC talk 000001000 on m00_00_00_00	esd_talk	000001000	m00_00_00_00	1
12019276		set by NPC talk 000001000 on m00_00_00_00	esd_talk	000001000	m00_00_00_00	1
12019280	NPC106ラニ_影狼頭死亡監視	NPC106 Rani_Shadow Head Death Monitor	emevd_event	12010706	m12_01_00_00	1
12020431	救済対応_壱	Relief response_1	emevd_event	6901	common	1
12020502	石棺滝登り_滝下	Sarcophagus waterfall climbing_Takishita	emevd_event	12022502	m12_02_00_00	2
12020510	エレベータ初期フラグ	Elevator initial flag	emevd_event	12020519	m12_02_00_00	1
12020520	エレベータ初期フラグ	Elevator initial flag	emevd_event	12020519	m12_02_00_00	1
12020525	エレベータ初期フラグ	Elevator initial flag	emevd_event	12020519	m12_02_00_00	1
12020530	エレベータ初期フラグ	Elevator initial flag	emevd_event	12020519	m12_02_00_00	1
12020609	下層灯火台イベント	Lower lighthouse event	emevd_event	12022600	m12_02_00_00	1
12020629	上層灯火台イベント	Upper lighthouse event	emevd_event	12022620	m12_02_00_00	1
12020800	本ボス撃破	Defeat the main boss	emevd_event	12022800	m12_02_00_00	1
12020801	本ボス出現	Main boss appears	emevd_event	12022810	m12_02_00_00	1
12020850	前座ボス撃破	Defeat the undercard boss	emevd_event	12022850	m12_02_00_00	1
12020851	前座ボス出現	Undercard boss appears	emevd_event	12022860	m12_02_00_00	1
12022610	下層祖霊部屋へワープ	Warp to the lower ancestral spirit room	emevd_event	12022609	m12_02_00_00	1
12022630	上層祖霊部屋へワープ	Warp to the upper ancestral spirit room	emevd_event	12022629	m12_02_00_00	1
12022670	マリカ遺跡２入り口へのワープ	Warp to Marika Ruins 2 entrance	emevd_event	12022670	m12_02_00_00	1
12022671	マリカ遺跡２入り口へのワープ	Warp to Marika Ruins 2 entrance	emevd_event	12022670	m12_02_00_00	1
12022720		set by NPC talk 801271202 on m12_02_00_00	esd_talk	801271202	m12_02_00_00	1
12022725		set by NPC talk 801271202 on m12_02_00_00	esd_talk	801271202	m12_02_00_00	1
12022730		set by NPC talk 216001202 on m12_02_00_00	esd_talk	216001202	m12_02_00_00	2
12022731		set by NPC talk 216001202 on m12_02_00_00	esd_talk	216001202	m12_02_00_00	2
12022820	本ボス_乱入イベント	Main boss_intrusion event	emevd_event	12022820	m12_02_00_00	1
12022858	前座ボス出現	Undercard boss appears	emevd_event	12022860	m12_02_00_00	1
12029001		set by NPC talk 319201202 on m12_02_00_00	esd_talk	319201202	m12_02_00_00	1
12029002	NPC319ダニー_NPC初期化イベント	NPC319 Danny_NPC initialization event	emevd_event	12020700	m12_02_00_00	1
12029015		set by NPC talk 319201202 on m12_02_00_00	esd_talk	319201202	m12_02_00_00	1
12029016		set by NPC talk 319201202 on m12_02_00_00	esd_talk	319201202	m12_02_00_00	1
12029019	NPC319ダニー_キャラ状態遷移	NPC319 Danny_Character state transition	emevd_event	4079	common	1
12029056		set by NPC talk 218001202 on m12_02_00_00	esd_talk	218001202	m12_02_00_00	2
12029058		set by NPC talk 218001202 on m12_02_00_00	esd_talk	218001202	m12_02_00_00	2
12029060		set by NPC talk 218001202 on m12_02_00_00	esd_talk	218001202	m12_02_00_00	2
12029062		set by NPC talk 218001202 on m12_02_00_00	esd_talk	218001202	m12_02_00_00	2
12029065		set by NPC talk 218001202 on m12_02_00_00	esd_talk	218001202	m12_02_00_00	2
12029068		set by NPC talk 218001202 on m12_02_00_00	esd_talk	218001202	m12_02_00_00	2
12029100		set by NPC talk 801271202 on m12_02_00_00	esd_talk	801271202	m12_02_00_00	1
12029101		set by NPC talk 801271202 on m12_02_00_00	esd_talk	801271202	m12_02_00_00	1
12029102		set by NPC talk 801271202 on m12_02_00_00	esd_talk	801271202	m12_02_00_00	1
12029103		set by NPC talk 801271202 on m12_02_00_00	esd_talk	801271202	m12_02_00_00	1
12029105		set by NPC talk 801271202 on m12_02_00_00	esd_talk	801271202	m12_02_00_00	1
12029152	NPC216狼頭の戦士_初期化イベント_地下迷宮で探索	NPC216 Wolf-headed Warrior_Initialization event_Explore in the underground labyrinth	emevd_event	12023720	m12_02_00_00	2
12029155		set by NPC talk 216001202 on m12_02_00_00	esd_talk	216001202	m12_02_00_00	2
12029156		set by NPC talk 216001202 on m12_02_00_00	esd_talk	216001202	m12_02_00_00	2
12029157		set by NPC talk 216001202 on m12_02_00_00	esd_talk	216001202	m12_02_00_00	2
12030201	救済対応_壱	Relief response_1	emevd_event	6901	common	1
12030240	救済対応_壱	Relief response_1	emevd_event	6901	common	1
12030241	救済対応_壱	Relief response_1	emevd_event	6901	common	1
12030256	救済対応_壱	Relief response_1	emevd_event	6901	common	1
12030257	救済対応_壱	Relief response_1	emevd_event	6901	common	1
12030297	救済対応_壱	Relief response_1	emevd_event	6901	common	1
12030401	m12_03_00_00用初期フラグ設定	Initial flag setting for m12_03_00_00	emevd_event	12030050	m12_03_00_00	1
12030402	m12_03_00_00用初期フラグ設定	Initial flag setting for m12_03_00_00	emevd_event	12030050	m12_03_00_00	1
12030800	ボス撃破	Defeat the boss	emevd_event	12032800	m12_03_00_00	1
12030801	ボス出現	Boss appears	emevd_event	12032810	m12_03_00_00	1
12030850	本ボス撃破	Defeat the main boss	emevd_event	12032850	m12_03_00_00	1
12030852	本ボス出現	Main boss appears	emevd_event	12032860	m12_03_00_00	1
12032240	天井の蟻が落ちてくるイベント判定_XX	Event determination where ants fall from the ceiling_XX	emevd_event	12032310	m12_03_00_00	1
12032501	王都へのワープ	Warp to the capital	emevd_event	12032500	m12_03_00_00	1
12032502	王都へのワープ	Warp to the capital	emevd_event	12032500	m12_03_00_00	1
12032503	王都へのワープ	Warp to the capital	emevd_event	12032500	m12_03_00_00	1
12032504	王都へのワープ	Warp to the capital	emevd_event	12032500	m12_03_00_00	1
12032700		set by NPC talk 319201203 on m12_03_00_00	esd_talk	319201203	m12_03_00_00	1
12032701		set by NPC talk 319201203 on m12_03_00_00	esd_talk	319201203	m12_03_00_00	1
12032710		set by NPC talk 322001110 on m11_10_00_00	esd_talk	322001110	m11_10_00_00	3
12032711		set by NPC talk 322001110 on m11_10_00_00	esd_talk	322001110	m11_10_00_00	3
12032714		set by NPC talk 322001110 on m11_10_00_00	esd_talk	322001110	m11_10_00_00	3
12032715		set by NPC talk 322001110 on m11_10_00_00	esd_talk	322001110	m11_10_00_00	3
12032718		set by NPC talk 322001110 on m11_10_00_00	esd_talk	322001110	m11_10_00_00	3
12032720	NPC322ユリア_最後の強く抱く_PCアニメ	NPC322 Yuria_last strong hug_PC anime	emevd_event	12030707	m12_03_00_00	1
12032721	NPC322ユリア_最後の強く抱く_PCアニメ	NPC322 Yuria_last strong hug_PC anime	emevd_event	12030707	m12_03_00_00	1
12032723	NPC322ユリア_最後の強く抱く_話者アニメ	NPC322 Yuria_last strong hug_speaker animation	emevd_event	12030708	m12_03_00_00	1
12032724	NPC322ユリア_最後の強く抱く_話者アニメ	NPC322 Yuria_last strong hug_speaker animation	emevd_event	12030708	m12_03_00_00	1
12032725		set by NPC talk 322001110 on m11_10_00_00	esd_talk	322001110	m11_10_00_00	3
12032803	ボス出現	Boss appears	emevd_event	12032810	m12_03_00_00	1
12032806	ボス_ゲストキャラを封牢の中へワープ	Boss_Warp the guest character into the prison	emevd_event	12032840	m12_03_00_00	1
12032810	ボス出現	Boss appears	emevd_event	12032810	m12_03_00_00	1
12032811	ボス_ロジェール参戦イベント	Boss_Roger participation event	emevd_event	12032811	m12_03_00_00	1
12032852	守護末_ゴッドウィンアーツ発動時カメラ切り替え	Shugosue_Camera switch when Godwin Arts is activated	emevd_event	12032862	m12_03_00_00	1
12032858	守護末ボス部屋ワープイベント	Guardian end boss room warp event	emevd_event	12032859	m12_03_00_00	1
12032859		set by NPC talk 322001110 on m11_10_00_00	esd_talk	322001110	m11_10_00_00	3
12032860	本ボス出現	Main boss appears	emevd_event	12032860	m12_03_00_00	1
12032870	本ボス撃破	Defeat the main boss	emevd_event	12032850	m12_03_00_00	2
12039002	NPC319ダニー_NPC初期化イベント	NPC319 Danny_NPC initialization event	emevd_event	12030710	m12_03_00_00	1
12039005		set by NPC talk 319201203 on m12_03_00_00	esd_talk	319201203	m12_03_00_00	1
12039011		set by NPC talk 319201203 on m12_03_00_00	esd_talk	319201203	m12_03_00_00	1
12039050		set by NPC talk 603001203 on m12_03_00_00	esd_talk	603001203	m12_03_00_00	1
12039100		set by NPC talk 101601203 on m12_03_00_00	esd_talk	101601203	m12_03_00_00	2
12039101		set by NPC talk 101601203 on m12_03_00_00	esd_talk	101601203	m12_03_00_00	1
12039152	NPC322ユリア_NPC初期化イベント_死王子の死体近く	NPC322 Yuria_NPC initialization event_near the dead prince's corpse	emevd_event	12030700	m12_03_00_00	1
12039155		set by NPC talk 322001110 on m11_10_00_00	esd_talk	322001110	m11_10_00_00	3
12039156		set by NPC talk 322001110 on m11_10_00_00	esd_talk	322001110	m11_10_00_00	3
12039157		set by NPC talk 322001110 on m11_10_00_00	esd_talk	322001110	m11_10_00_00	3
12039158		set by NPC talk 322001110 on m11_10_00_00	esd_talk	322001110	m11_10_00_00	3
12039159		set by NPC talk 322001110 on m11_10_00_00	esd_talk	322001110	m11_10_00_00	3
12039160		set by NPC talk 322001110 on m11_10_00_00	esd_talk	322001110	m11_10_00_00	3
12039161		set by NPC talk 322001110 on m11_10_00_00	esd_talk	322001110	m11_10_00_00	3
12039162	NPC322ユリア_キャラ状態遷移	NPC322 Yuria_Character state transition	emevd_event	4139	common	1
12039170		set by NPC talk 322001110 on m11_10_00_00	esd_talk	322001110	m11_10_00_00	3
12039171		set by NPC talk 322001110 on m11_10_00_00	esd_talk	322001110	m11_10_00_00	3
12039172		set by NPC talk 322001110 on m11_10_00_00	esd_talk	322001110	m11_10_00_00	3
12039173		set by NPC talk 322001110 on m11_10_00_00	esd_talk	322001110	m11_10_00_00	3
12039174		set by NPC talk 322001110 on m11_10_00_00	esd_talk	322001110	m11_10_00_00	3
12039175		set by NPC talk 322001110 on m11_10_00_00	esd_talk	322001110	m11_10_00_00	3
12039176		set by NPC talk 322001110 on m11_10_00_00	esd_talk	322001110	m11_10_00_00	3
12040800	アステール撃破	Defeat Aster	emevd_event	12042800	m12_04_00_00	1
12050800	ボス撃破	Defeat the boss	emevd_event	12052800	m12_05_00_00	1
12050801	ボス出現	Boss appears	emevd_event	12052810	m12_05_00_00	1
12050802	ボス出現	Boss appears	emevd_event	12052810	m12_05_00_00	1
12050803	ボス_カットシーン用対応2	Boss_cutscene support 2	emevd_event	12052848	m12_05_00_00	1
12052700		set by NPC talk 209101205 on m12_05_00_00	esd_talk	209101205	m12_05_00_00	1
12052701		set by NPC talk 209101205 on m12_05_00_00	esd_talk	209101205	m12_05_00_00	1
12052702		set by NPC talk 209101205 on m12_05_00_00	esd_talk	209101205	m12_05_00_00	1
12052703		set by NPC talk 209101205 on m12_05_00_00	esd_talk	209101205	m12_05_00_00	1
12052704		set by NPC talk 209101205 on m12_05_00_00	esd_talk	209101205	m12_05_00_00	1
12052705		set by NPC talk 209101205 on m12_05_00_00	esd_talk	209101205	m12_05_00_00	1
12052720		set by NPC talk 801291205 on m12_05_00_00	esd_talk	801291205	m12_05_00_00	1
12052725		set by NPC talk 801291205 on m12_05_00_00	esd_talk	801291205	m12_05_00_00	1
12052802	ボス激昂	boss rage	emevd_event	12052811	m12_05_00_00	1
12059055		set by NPC talk 335006000 on m60_00_00_00	esd_talk	335006000	m60_00_00_00	1
12059100		set by NPC talk 801291205 on m12_05_00_00	esd_talk	801291205	m12_05_00_00	1
12059105		set by NPC talk 801291205 on m12_05_00_00	esd_talk	801291205	m12_05_00_00	1
12059155		set by NPC talk 301011205 on m12_05_00_00	esd_talk	301011205	m12_05_00_00	1
12059165		set by NPC talk 301101205 on m12_05_00_00	esd_talk	301101205	m12_05_00_00	1
12059166		set by NPC talk 301101205 on m12_05_00_00	esd_talk	301101205	m12_05_00_00	1
12059205		set by NPC talk 209101205 on m12_05_00_00	esd_talk	209101205	m12_05_00_00	1
12059255		set by NPC talk 418001205 on m12_05_00_00	esd_talk	418001205	m12_05_00_00	2
12059256		set by NPC talk 418001205 on m12_05_00_00	esd_talk	418001205	m12_05_00_00	2
12059262		set by NPC talk 418001205 on m12_05_00_00	esd_talk	418001205	m12_05_00_00	2
12070515	エレベータ初期フラグ	Elevator initial flag	emevd_event	12070519	m12_07_00_00	1
12070525	エレベータ初期フラグ	Elevator initial flag	emevd_event	12070519	m12_07_00_00	1
12079005	しゃべスラ_聖杯へ案内会話再生	Chatsura_Guide to the Holy Grail Conversation Playback	emevd_event	12073701	m12_07_00_00	1
12079006		set by NPC talk 218001202 on m12_02_00_00	esd_talk	218001202	m12_02_00_00	2
12079007	しゃべスラ_大聖杯へ案内会話再生	Chat Sura_Guide to the Great Holy Grail Conversation Playback	emevd_event	12073702	m12_07_00_00	1
12079008		set by NPC talk 218001202 on m12_02_00_00	esd_talk	218001202	m12_02_00_00	2
12080800	祖霊撃破	Defeat ancestral spirits	emevd_event	12082800	m12_08_00_00	1
12090800	祖霊撃破	Defeat ancestral spirits	emevd_event	12092800	m12_09_00_00	1
12092802	生命吸収_初回	Life absorption_first time	emevd_event	12092862	m12_09_00_00	1
12092901	祖霊憑依出現_セーフティ	Ancestral spirit possession appears_Safety	emevd_event	12092290	m12_09_00_00	1
12092907	祖霊撃破	Defeat ancestral spirits	emevd_event	12092800	m12_09_00_00	2
12092908	祖霊撃破	Defeat ancestral spirits	emevd_event	12092800	m12_09_00_00	2
12092909	祖霊撃破	Defeat ancestral spirits	emevd_event	12092800	m12_09_00_00	2
13000490	救済対応_壱	Relief response_1	emevd_event	6901	common	1
13000495	救済対応_壱	Relief response_1	emevd_event	6901	common	1
13000500	メリナ炎上後脱出封印	Escape seal after Melina burns	emevd_event	13002500	m13_00_00_00	1
13000510	エレベータ初期フラグ設定	Elevator initial flag setting	emevd_event	13000519	m13_00_00_00	1
13000800	マリケス撃破	Defeat Mariquez	emevd_event	13002800	m13_00_00_00	1
13000801	マリケス出現	Marikes appears	emevd_event	13002810	m13_00_00_00	1
13000830	古龍撃破	Defeat the ancient dragon	emevd_event	13002830	m13_00_00_00	1
13000850	神肌撃破	Defeat God's skin	emevd_event	13002850	m13_00_00_00	1
13000851	神肌出現	Divine skin appears	emevd_event	13002860	m13_00_00_00	1
13002710	壺マイヤー_NPC初期化イベント_最後の戦い	Tsubo Meyer_NPC initialization event_Last battle	emevd_event	13003710	m13_00_00_00	1
13002712	壺マイヤー_最後の戦い	Tsubomayer_The Last Battle	emevd_event	13003711	m13_00_00_00	1
13002715		set by NPC talk 220001300 on m13_00_00_00	esd_talk	220001300	m13_00_00_00	4
13002720	NPC326_火山館最強の騎士_白霊共闘許可フラグ立て	NPC326_Volcano Pavilion's Strongest Knight_White Spirit Collaboration Permission Flag Raised	emevd_event	13003721	m13_00_00_00	1
13002721	NPC326_火山館最強の騎士_白霊共闘許可フラグ立て	NPC326_Volcano Pavilion's Strongest Knight_White Spirit Collaboration Permission Flag Raised	emevd_event	13003721	m13_00_00_00	1
13002802	マリケス激昂	marikes rage	emevd_event	13002811	m13_00_00_00	1
13002803	マリケス出現	Marikes appears	emevd_event	13002810	m13_00_00_00	1
13002821	マリケス壁キック用イベントターゲット設定	Event target setting for Marikes wall kick	emevd_event	13002820	m13_00_00_00	1
13002826	マリケス柱内復帰処理	Marikes pillar return process	emevd_event	13002827	m13_00_00_00	2
13002832	古龍激昂	Old dragon rage	emevd_event	13002840	m13_00_00_00	1
13002835	古龍出現	Ancient dragon appears	emevd_event	13002835	m13_00_00_00	1
13002852	神肌激昂	divine rage	emevd_event	13002861	m13_00_00_00	1
13002854	神肌撃破	Defeat God's skin	emevd_event	13002850	m13_00_00_00	1
13002873	神肌復活_両方死亡	God skin resurrection_both dead	emevd_event	13002892	m13_00_00_00	1
13002874	神肌復活_両方死亡	God skin resurrection_both dead	emevd_event	13002892	m13_00_00_00	1
13002875	神肌復活_両方死亡	God skin resurrection_both dead	emevd_event	13002892	m13_00_00_00	1
13002876	神肌復活_両方死亡	God skin resurrection_both dead	emevd_event	13002892	m13_00_00_00	1
13009205		set by NPC talk 202101300 on m13_00_00_00	esd_talk	202101300	m13_00_00_00	2
13009254	壺マイヤー_最後の戦い	Tsubomayer_The Last Battle	emevd_event	13003711	m13_00_00_00	1
13009255		set by NPC talk 220001300 on m13_00_00_00	esd_talk	220001300	m13_00_00_00	5
13009256		set by NPC talk 220001300 on m13_00_00_00	esd_talk	220001300	m13_00_00_00	5
13009257		set by NPC talk 220001300 on m13_00_00_00	esd_talk	220001300	m13_00_00_00	5
13009258		set by NPC talk 220001300 on m13_00_00_00	esd_talk	220001300	m13_00_00_00	5
13009259	NPC220壺マイヤー_共闘して勝利イベント	NPC220 Tsubo Meyer_Fight together and win event	emevd_event	1052533700	m60_52_53_00	1
13009260		set by NPC talk 220001300 on m13_00_00_00	esd_talk	220001300	m13_00_00_00	5
13009261		set by NPC talk 220001300 on m13_00_00_00	esd_talk	220001300	m13_00_00_00	4
13009300	NPC326_火山館最強の騎士_闇霊侵入許可フラグ立て	NPC326_Volcano Pavilion's Strongest Knight_Dark Spirit Intrusion Permission Flag Set	emevd_event	13003720	m13_00_00_00	1
14000800	レナラ撃破	Defeat Renara	emevd_event	14002800	m14_00_00_00	1
14000801	レナラ出現	Renara appears	emevd_event	14002810	m14_00_00_00	1
14000804	レナラ撃破	Defeat Renara	emevd_event	14002800	m14_00_00_00	1
14000850	ルーンウルフ撃破	Defeat Rune Wolf	emevd_event	14002850	m14_00_00_00	1
14000851	ルーンウルフ出現	Rune Wolf appears	emevd_event	14002860	m14_00_00_00	1
14000899	レビュー用／レナラ撃破	For review/Defeat Renara	emevd_event	14002822	m14_00_00_00	1
14002595	ゴロゴロ岩_判定用フラグ同期	Rumble rock_judgment flag synchronization	emevd_event	14002594	m14_00_00_00	1
14002700		set by NPC talk 200001400 on m14_00_00_00	esd_talk	200001400	m14_00_00_00	1
14002701		set by NPC talk 200001400 on m14_00_00_00	esd_talk	200001400	m14_00_00_00	1
14002702		set by NPC talk 200001400 on m14_00_00_00	esd_talk	200001400	m14_00_00_00	1
14002703		set by NPC talk 200001400 on m14_00_00_00	esd_talk	200001400	m14_00_00_00	1
14002704		set by NPC talk 200001400 on m14_00_00_00	esd_talk	200001400	m14_00_00_00	1
14002705	レナラ_会話NPC_自動会話１	Renara_Conversation NPC_Automatic conversation 1	emevd_event	14000700	m14_00_00_00	1
14002706	レナラ_会話NPC_自動会話２	Renara_Conversation NPC_Automatic conversation 2	emevd_event	14000701	m14_00_00_00	1
14002707	レナラHU前_墓標攻撃時会話	Before Renara HU_Tombstone attack conversation	emevd_event	140028121	m14_00_00_00	1
14002711		set by NPC talk 316206000 on m60_00_00_00	esd_talk	316206000	m60_00_00_00	2
14002712		set by NPC talk 316206000 on m60_00_00_00	esd_talk	316206000	m60_00_00_00	2
14002713	NPC316学院の女魔術師_平原砦の領主_撃破	NPC316 Female Magician of Academy_Lord of Plains Fort_Defeated	emevd_event	14000712	m14_00_00_00	1
14002720	レナラHU後_召喚攻撃時会話	After Renara HU_Conversation during summon attack	emevd_event	140028122	m14_00_00_00	1
14002722	レナラHU後_召喚攻撃時会話	After Renara HU_Conversation during summon attack	emevd_event	140028122	m14_00_00_00	1
14002731		set by NPC talk 312001400 on m14_00_00_00	esd_talk	312001400	m14_00_00_00	2
14002732		set by NPC talk 312001400 on m14_00_00_00	esd_talk	312001400	m14_00_00_00	2
14002802	レナラ激昂	Renara enraged	emevd_event	14002811	m14_00_00_00	1
14002803	レナラ激昂	Renara enraged	emevd_event	14002811	m14_00_00_00	1
14003800	レナラ降下	Renala descent	emevd_event	14003805	m14_00_00_00	1
14003802	子供たち_歌う	children_sing	emevd_event	14003801	m14_00_00_00	3
14003803	子供たち_歌う	children_sing	emevd_event	14003801	m14_00_00_00	3
14003804	子供たち_歌う	children_sing	emevd_event	14003801	m14_00_00_00	3
14003806	子供たち_歌う_初回	Children_singing_first time	emevd_event	14003825	m14_00_00_00	1
14003816	レナラ降下	Renala descent	emevd_event	14003805	m14_00_00_00	2
14009205		set by NPC talk 200001400 on m14_00_00_00	esd_talk	200001400	m14_00_00_00	1
14009206		set by NPC talk 200001400 on m14_00_00_00	esd_talk	200001400	m14_00_00_00	1
14009207		set by NPC talk 200001400 on m14_00_00_00	esd_talk	200001400	m14_00_00_00	1
14009210		set by NPC talk 200001400 on m14_00_00_00	esd_talk	200001400	m14_00_00_00	1
14009253	NPC316学院の女魔術師_学院_NPC初期化イベント	NPC316 Academy Female Magician_Academy_NPC Initialization Event	emevd_event	14000710	m14_00_00_00	1
14009255		set by NPC talk 316206000 on m60_00_00_00	esd_talk	316206000	m60_00_00_00	2
14009256		set by NPC talk 316206000 on m60_00_00_00	esd_talk	316206000	m60_00_00_00	2
14009257		set by NPC talk 316206000 on m60_00_00_00	esd_talk	316206000	m60_00_00_00	2
14009258		set by NPC talk 316206000 on m60_00_00_00	esd_talk	316206000	m60_00_00_00	2
14009259		set by NPC talk 316206000 on m60_00_00_00	esd_talk	316206000	m60_00_00_00	2
14009262		set by NPC talk 316206000 on m60_00_00_00	esd_talk	316206000	m60_00_00_00	2
14009263		set by NPC talk 316206000 on m60_00_00_00	esd_talk	316206000	m60_00_00_00	2
14009264		set by NPC talk 316206000 on m60_00_00_00	esd_talk	316206000	m60_00_00_00	2
14009265		set by NPC talk 316206000 on m60_00_00_00	esd_talk	316206000	m60_00_00_00	2
14009266		set by NPC talk 316206000 on m60_00_00_00	esd_talk	316206000	m60_00_00_00	2
14009267	NPC316学院の女魔術師_キャラ状態遷移	NPC316 Academy Female Magician_Character state transition	emevd_event	3479	common	1
14009300	NPC309_盗賊の頭_PCがモンサンの乙女人形に攫われた	NPC309_Thief Head_PC was kidnapped by Montsan's maiden doll	emevd_event	14000720	m14_00_00_00	1
14009355		set by NPC talk 312001400 on m14_00_00_00	esd_talk	312001400	m14_00_00_00	3
14009356		set by NPC talk 312001400 on m14_00_00_00	esd_talk	312001400	m14_00_00_00	3
15000392	救済対応_壱	Relief response_1	emevd_event	6901	common	1
15000393	救済対応_壱	Relief response_1	emevd_event	6901	common	1
15000525	m15_00_00_00用初期フラグ設定	Initial flag setting for m15_00_00_00	emevd_event	15000050	m15_00_00_00	1
15000625	m15_00_00_00用初期フラグ設定	Initial flag setting for m15_00_00_00	emevd_event	15000050	m15_00_00_00	1
15000800	調停者マレニア撃破	Defeat Arbitrator Marenia	emevd_event	15002800	m15_00_00_00	1
15000801	調停者マレニア出現	Mediator Marenia appears	emevd_event	15002810	m15_00_00_00	1
15000850	ツリーガード撃破	Defeat Tree Guard	emevd_event	15002850	m15_00_00_00	1
15000851	ツリーガード出現	Tree guard appears	emevd_event	15002860	m15_00_00_00	1
15001270	救済対応_壱	Relief response_1	emevd_event	6901	common	1
15001280	救済対応_壱	Relief response_1	emevd_event	6901	common	1
15002700		set by NPC talk 203101500 on m15_00_00_00	esd_talk	203101500	m15_00_00_00	1
15002701		set by NPC talk 203101500 on m15_00_00_00	esd_talk	203101500	m15_00_00_00	1
15002802	調停者マレニア激昂	Mediator Marenia Fury	emevd_event	15002811	m15_00_00_00	1
15002803	調停者マレニア空蝉_XX	Mediator Marenia Utsusemi_XX	emevd_event	15002840	m15_00_00_00	1
15009205		set by NPC talk 348001500 on m15_00_00_00	esd_talk	348001500	m15_00_00_00	2
15009206		set by NPC talk 348001500 on m15_00_00_00	esd_talk	348001500	m15_00_00_00	2
15009207		set by NPC talk 348001500 on m15_00_00_00	esd_talk	348001500	m15_00_00_00	2
15009208	NPC348マレニアの娘_キャラ状態遷移	NPC348 Marenia's Daughter_Character state transition	emevd_event	4199	common	1
15009209	NPC348マレニアの娘_キャラ状態遷移	NPC348 Marenia's Daughter_Character state transition	emevd_event	4199	common	1
15009210		set by NPC talk 348001500 on m15_00_00_00	esd_talk	348001500	m15_00_00_00	2
15009211		set by NPC talk 348001500 on m15_00_00_00	esd_talk	348001500	m15_00_00_00	2
15009212	NPC203マレニア_花化	NPC203 Marenia_Flower	emevd_event	15000702	m15_00_00_00	1
15009213	NPC348マレニアの娘_シスターズ戦エリア到達	NPC348 Daughter of Marenia_Achieved the Sisters battle area	emevd_event	15000715	m15_00_00_00	1
16000500	溶岩橋浮上	Lava bridge surfacing	emevd_event	16002500	m16_00_00_00	1
16000510	エレベータ初期フラグ	Elevator initial flag	emevd_event	16000519	m16_00_00_00	1
16000515	エレベータ初期フラグ	Elevator initial flag	emevd_event	16000519	m16_00_00_00	1
16000520	エレベータ初期フラグ	Elevator initial flag	emevd_event	16000519	m16_00_00_00	2
16000525	エレベータ初期フラグ	Elevator initial flag	emevd_event	16000519	m16_00_00_00	1
16000540	鋼鉄の乙女人形による抱擁	Hug by the Maiden of Steel Doll	emevd_event	14002080	m14_00_00_00	2
16000640	落ちる床	falling floor	emevd_event	16002640	m16_00_00_00	1
16000800	グールの王撃破	Defeat the Ghoul King	emevd_event	16002800	m16_00_00_00	1
16000801	グールの王出現	The Ghoul King Appears	emevd_event	16002810	m16_00_00_00	1
16000850	中ボス撃破	Defeat mid-boss	emevd_event	16002850	m16_00_00_00	1
16000851	中ボス出現	Mid-boss appears	emevd_event	16002855	m16_00_00_00	1
16000860	洞窟脱出中ボス撃破	Defeat the boss while escaping the cave	emevd_event	16002860	m16_00_00_00	1
16001520	中ボスエレベータ初期対応	Initial response to mid-boss elevator	emevd_event	16002590	m16_00_00_00	1
16002578	火山牢専用ワープ	Warp for volcanic prison	emevd_event	16002570	m16_00_00_00	1
16002696	ストームルーラー派生武器所持チェック	Storm Ruler derivative weapon possession check	emevd_event	16002695	m16_00_00_00	1
16002702		set by NPC talk 300001600 on m16_00_00_00	esd_talk	300001600	m16_00_00_00	1
16002703		set by NPC talk 300001600 on m16_00_00_00	esd_talk	300001600	m16_00_00_00	1
16002710		set by NPC talk 313001600 on m16_00_00_00	esd_talk	313001600	m16_00_00_00	2
16002711		set by NPC talk 313001600 on m16_00_00_00	esd_talk	313001600	m16_00_00_00	2
16002715		set by NPC talk 313001600 on m16_00_00_00	esd_talk	313001600	m16_00_00_00	2
16002720		set by NPC talk 309001600 on m16_00_00_00	esd_talk	309001600	m16_00_00_00	3
16002721		set by NPC talk 309001600 on m16_00_00_00	esd_talk	309001600	m16_00_00_00	3
16002730		set by NPC talk 314001110 on m11_10_00_00	esd_talk	314001110	m11_10_00_00	3
16002740		set by NPC talk 326001600 on m16_00_00_00	esd_talk	326001600	m16_00_00_00	2
16002741		set by NPC talk 326001600 on m16_00_00_00	esd_talk	326001600	m16_00_00_00	2
16002750	NPC332火山館の幽霊_移動前_自動会話イベント	NPC332 Ghost in the Volcano Hall_Before moving_Automatic conversation event	emevd_event	16003764	m16_00_00_00	1
16002751		set by NPC talk 332001600 on m16_00_00_00	esd_talk	332001600	m16_00_00_00	1
16002756	NPC332火山館の幽霊_出現イベント	NPC332 Volcano Hall Ghost Appearance Event	emevd_event	16003763	m16_00_00_00	1
16002757	NPC332火山館の幽霊_移動後_自動会話イベント	NPC332 Ghost in the Volcano Hall_After movement_Automatic conversation event	emevd_event	16003765	m16_00_00_00	1
16002758		set by NPC talk 332001600 on m16_00_00_00	esd_talk	332001600	m16_00_00_00	1
16002801	グールの王出現	The Ghoul King Appears	emevd_event	16002810	m16_00_00_00	1
16002802	グールの王激昂	Ghoul King Fury	emevd_event	16002811	m16_00_00_00	1
16002803	グールの王出現	The Ghoul King Appears	emevd_event	16002810	m16_00_00_00	1
16007690	ストームルーラー宝死体_待機	Storm Ruler Treasure Corpse_Waiting	emevd_event	16002690	m16_00_00_00	1
16008540	NPC313火山館の勧誘者_火山館へ招待_ワープ実行_EV前	NPC313 Volcano Hall Recruiter_Invite to Volcano Hall_Execute warp_Before EV	emevd_event	1038503703	m60_38_50_00	2
16009205	NPC300火山館の女主人_NPC初期化イベント_火山館	NPC300 Volcano Hall Mistress_NPC Initialization Event_Volcano Hall	emevd_event	16003700	m16_00_00_00	2
16009206		set by NPC talk 300001600 on m16_00_00_00	esd_talk	300001600	m16_00_00_00	1
16009207		set by NPC talk 300001600 on m16_00_00_00	esd_talk	300001600	m16_00_00_00	1
16009208		set by NPC talk 300001600 on m16_00_00_00	esd_talk	300001600	m16_00_00_00	1
16009213	グールの王へワープ	Warp to the Ghoul King	emevd_event	16009000	m16_00_00_00	1
16009215		set by NPC talk 300001600 on m16_00_00_00	esd_talk	300001600	m16_00_00_00	1
16009216		set by NPC talk 300001600 on m16_00_00_00	esd_talk	300001600	m16_00_00_00	1
16009217		set by NPC talk 300001600 on m16_00_00_00	esd_talk	300001600	m16_00_00_00	1
16009219		set by NPC talk 300001600 on m16_00_00_00	esd_talk	300001600	m16_00_00_00	1
16009220		set by NPC talk 300001600 on m16_00_00_00	esd_talk	300001600	m16_00_00_00	1
16009221		set by NPC talk 300001600 on m16_00_00_00	esd_talk	300001600	m16_00_00_00	1
16009222		set by NPC talk 300001600 on m16_00_00_00	esd_talk	300001600	m16_00_00_00	1
16009223		set by NPC talk 300001600 on m16_00_00_00	esd_talk	300001600	m16_00_00_00	1
16009224		set by NPC talk 300001600 on m16_00_00_00	esd_talk	300001600	m16_00_00_00	1
16009235		set by NPC talk 300001600 on m16_00_00_00	esd_talk	300001600	m16_00_00_00	1
16009236		set by NPC talk 300001600 on m16_00_00_00	esd_talk	300001600	m16_00_00_00	1
16009237		set by NPC talk 300001600 on m16_00_00_00	esd_talk	300001600	m16_00_00_00	1
16009245		set by NPC talk 300001600 on m16_00_00_00	esd_talk	300001600	m16_00_00_00	1
16009246		set by NPC talk 300001600 on m16_00_00_00	esd_talk	300001600	m16_00_00_00	1
16009255		set by NPC talk 300001600 on m16_00_00_00	esd_talk	300001600	m16_00_00_00	1
16009256		set by NPC talk 300001600 on m16_00_00_00	esd_talk	300001600	m16_00_00_00	1
16009258		set by NPC talk 300001600 on m16_00_00_00	esd_talk	300001600	m16_00_00_00	1
16009264	NPC230女主人の護衛_戦闘終了	NPC230 Mistress Escort_Battle ends	emevd_event	16003706	m16_00_00_00	1
16009265	NPC230女主人の護衛_戦闘準備	NPC230 Mistress Escort_Battle Preparation	emevd_event	16003705	m16_00_00_00	1
16009266	NPC300火山館の女主人_護衛撃破後アイテム出現	NPC300 Mistress of the Volcano Hall_Items appear after defeating the escort	emevd_event	16003708	m16_00_00_00	1
16009267	NPC300火山館の女主人_依頼未達成でライカード撃破後対応	NPC300 Mistress of the Volcano Hall_Respond after defeating Rykard without completing the request.	emevd_event	16003709	m16_00_00_00	1
16009268	NPC300火山館の女主人_依頼未達成でライカード撃破後対応	NPC300 Mistress of the Volcano Hall_Respond after defeating Rykard without completing the request.	emevd_event	16003709	m16_00_00_00	1
16009269	NPC300火山館の女主人_依頼未達成でライカード撃破後対応	NPC300 Mistress of the Volcano Hall_Respond after defeating Rykard without completing the request.	emevd_event	16003709	m16_00_00_00	1
16009305		set by NPC talk 313001600 on m16_00_00_00	esd_talk	313001600	m16_00_00_00	2
16009306		set by NPC talk 313001600 on m16_00_00_00	esd_talk	313001600	m16_00_00_00	2
16009307		set by NPC talk 313001600 on m16_00_00_00	esd_talk	313001600	m16_00_00_00	2
16009308		set by NPC talk 313001600 on m16_00_00_00	esd_talk	313001600	m16_00_00_00	2
16009309	NPC313火山館の勧誘者_PCがワープしてきたアニメ再生	NPC313 Volcano Hall Recruiter_Anime playback where the PC warped	emevd_event	16003726	m16_00_00_00	1
16009315		set by NPC talk 313001600 on m16_00_00_00	esd_talk	313001600	m16_00_00_00	2
16009316	NPC313火山館の勧誘者_火山牢の秘密を知った判定	NPC313 Volcano Hall Recruiter_Judgment of knowing the secret of the Volcano Prison	emevd_event	16003724	m16_00_00_00	1
16009318		set by NPC talk 313001600 on m16_00_00_00	esd_talk	313001600	m16_00_00_00	2
16009319		set by NPC talk 313001600 on m16_00_00_00	esd_talk	313001600	m16_00_00_00	2
16009326		set by NPC talk 313001600 on m16_00_00_00	esd_talk	313001600	m16_00_00_00	2
16009327		set by NPC talk 313001600 on m16_00_00_00	esd_talk	313001600	m16_00_00_00	2
16009328		set by NPC talk 313001600 on m16_00_00_00	esd_talk	313001600	m16_00_00_00	2
16009329	NPC313火山館の勧誘者_NPC初期化イベント_火山牢にいる	NPC313 Volcano Hall Recruiter_NPC Initialization Event_In Volcano Prison	emevd_event	16003722	m16_00_00_00	1
16009335		set by NPC talk 313001600 on m16_00_00_00	esd_talk	313001600	m16_00_00_00	2
16009337	NPC313火山館の勧誘者_アイテムを残して立ち去るフラグ立て	NPC313 Volcano Hall Recruiter_ Flag to leave items behind	emevd_event	16003725	m16_00_00_00	1
16009338	NPC313火山館の勧誘者_アイテムを残して立ち去るフラグ立て	NPC313 Volcano Hall Recruiter_ Flag to leave items behind	emevd_event	16003725	m16_00_00_00	1
16009355		set by NPC talk 309001600 on m16_00_00_00	esd_talk	309001600	m16_00_00_00	3
16009356		set by NPC talk 309001600 on m16_00_00_00	esd_talk	309001600	m16_00_00_00	3
16009357		set by NPC talk 309001600 on m16_00_00_00	esd_talk	309001600	m16_00_00_00	3
16009358		set by NPC talk 309001600 on m16_00_00_00	esd_talk	309001600	m16_00_00_00	3
16009359		set by NPC talk 309001600 on m16_00_00_00	esd_talk	309001600	m16_00_00_00	3
16009360		set by NPC talk 309001600 on m16_00_00_00	esd_talk	309001600	m16_00_00_00	3
16009361		set by NPC talk 309001600 on m16_00_00_00	esd_talk	309001600	m16_00_00_00	3
16009362		set by NPC talk 309001600 on m16_00_00_00	esd_talk	309001600	m16_00_00_00	3
16009363		set by NPC talk 309001600 on m16_00_00_00	esd_talk	309001600	m16_00_00_00	3
16009364		set by NPC talk 309001600 on m16_00_00_00	esd_talk	309001600	m16_00_00_00	3
16009365		set by NPC talk 309001600 on m16_00_00_00	esd_talk	309001600	m16_00_00_00	3
16009366		set by NPC talk 309001600 on m16_00_00_00	esd_talk	309001600	m16_00_00_00	3
16009367		set by NPC talk 309001600 on m16_00_00_00	esd_talk	309001600	m16_00_00_00	3
16009400	NPC314ムノウ_NPC初期化イベント_火山館にいる	NPC314 Munou_NPC initialization event_In the volcano hall	emevd_event	16003730	m16_00_00_00	1
16009405		set by NPC talk 314001110 on m11_10_00_00	esd_talk	314001110	m11_10_00_00	3
16009406		set by NPC talk 314001110 on m11_10_00_00	esd_talk	314001110	m11_10_00_00	3
16009415		set by NPC talk 314001110 on m11_10_00_00	esd_talk	314001110	m11_10_00_00	3
16009416		set by NPC talk 314001110 on m11_10_00_00	esd_talk	314001110	m11_10_00_00	3
16009455		set by NPC talk 326001600 on m16_00_00_00	esd_talk	326001600	m16_00_00_00	2
16009456		set by NPC talk 326001600 on m16_00_00_00	esd_talk	326001600	m16_00_00_00	2
16009457		set by NPC talk 326001600 on m16_00_00_00	esd_talk	326001600	m16_00_00_00	2
16009458		set by NPC talk 326001600 on m16_00_00_00	esd_talk	326001600	m16_00_00_00	2
16009459		set by NPC talk 326001600 on m16_00_00_00	esd_talk	326001600	m16_00_00_00	2
16009460		set by NPC talk 326001600 on m16_00_00_00	esd_talk	326001600	m16_00_00_00	2
16009461		set by NPC talk 326001600 on m16_00_00_00	esd_talk	326001600	m16_00_00_00	2
16009463	NPC326火山館最強の騎士_アイテムを残して立ち去るフラグ立て	NPC326 Volcano Pavilion's Strongest Knight_ Flag to leave and leave items behind	emevd_event	16003743	m16_00_00_00	1
16009464	NPC326火山館最強の騎士_キャラ状態遷移	NPC326 Volcano Hall Strongest Knight_Character state transition	emevd_event	3899	common	1
16009503	NPC332火山館の幽霊_初期状態_NPC初期化イベント	NPC332 Ghost of the Volcano Hall_Initial state_NPC initialization event	emevd_event	16003760	m16_00_00_00	1
16009505		set by NPC talk 332001600 on m16_00_00_00	esd_talk	332001600	m16_00_00_00	1
16009506		set by NPC talk 332001600 on m16_00_00_00	esd_talk	332001600	m16_00_00_00	1
16009508	NPC332火山館の幽霊_未会話ショートワープ	NPC332 Ghost of the Volcano Hall_Unconversated short warp	emevd_event	16003761	m16_00_00_00	1
16009509	NPC332火山館の幽霊_出現イベント	NPC332 Volcano Hall Ghost Appearance Event	emevd_event	16003763	m16_00_00_00	1
16009510	NPC332火山館の幽霊_出現イベント	NPC332 Volcano Hall Ghost Appearance Event	emevd_event	16003763	m16_00_00_00	1
16009511	NPC332火山館の幽霊_出現イベント	NPC332 Volcano Hall Ghost Appearance Event	emevd_event	16003763	m16_00_00_00	1
18000400	チャリオット吊り下げ火炎樽で破壊_XX	Destroyed by Chariot hanging flame barrel_XX	emevd_event	18002450	m18_00_00_00	1
18000530	エレベーター用初期フラグ設定	Initial flag setting for elevator	emevd_event	18002520	m18_00_00_00	1
18000800	ボス撃破	Defeat the boss	emevd_event	18002800	m18_00_00_00	1
18000850	ボス撃破_チュートリアル	Boss defeat_tutorial	emevd_event	18002850	m18_00_00_00	1
19000100	エンディング_メリナ	Ending_Melina	emevd_event	19000100	m19_00_00_00	1
19000800	ラスボス撃破	Defeat the final boss	emevd_event	19002800	m19_00_00_00	1
19000801	ラスボス出現	Last boss appears	emevd_event	19002810	m19_00_00_00	1
19000802	ラスボス激昂	Last boss rage	emevd_event	19002811	m19_00_00_00	1
19000804	ラスボス撃破	Defeat the final boss	emevd_event	19002800	m19_00_00_00	1
19001100	ラスボス撃破	Defeat the final boss	emevd_event	19002800	m19_00_00_00	1
19002100	エンディング_メリナ	Ending_Melina	emevd_event	19000100	m19_00_00_00	1
19002500	黄金樹の封印	Seal of the Golden Tree	emevd_event	19002500	m19_00_00_00	1
19002801	ラスボス出現	Last boss appears	emevd_event	19002810	m19_00_00_00	1
19002802	ラスボス激昂	Last boss rage	emevd_event	19002811	m19_00_00_00	1
19002803	ラスボス覚醒	Last boss awakening	emevd_event	19002812	m19_00_00_00	1
19002806	ラスボス出現	Last boss appears	emevd_event	19002810	m19_00_00_00	1
20002700		set by NPC talk 413102000 on m20_00_00_00	esd_talk	413102000	m20_00_00_00	1
20002711		set by NPC talk 402002000 on m20_00_00_00	esd_talk	402002000	m20_00_00_00	1
20002712		set by NPC talk 402002000 on m20_00_00_00	esd_talk	402002000	m20_00_00_00	1
20002714		set by NPC talk 402002000 on m20_00_00_00	esd_talk	402002000	m20_00_00_00	1
20002715		set by NPC talk 402002000 on m20_00_00_00	esd_talk	402002000	m20_00_00_00	1
20002716		set by NPC talk 402002000 on m20_00_00_00	esd_talk	402002000	m20_00_00_00	1
20002717		set by NPC talk 402002000 on m20_00_00_00	esd_talk	402002000	m20_00_00_00	1
20002718		set by NPC talk 402002000 on m20_00_00_00	esd_talk	402002000	m20_00_00_00	1
20002719		set by NPC talk 402002000 on m20_00_00_00	esd_talk	402002000	m20_00_00_00	1
20002720		set by NPC talk 402002000 on m20_00_00_00	esd_talk	402002000	m20_00_00_00	1
20002721		set by NPC talk 402002000 on m20_00_00_00	esd_talk	402002000	m20_00_00_00	1
20002722		set by NPC talk 402002000 on m20_00_00_00	esd_talk	402002000	m20_00_00_00	1
20002725		set by NPC talk 402002000 on m20_00_00_00	esd_talk	402002000	m20_00_00_00	1
20002726		set by NPC talk 402002000 on m20_00_00_00	esd_talk	402002000	m20_00_00_00	1
20002727		set by NPC talk 402002000 on m20_00_00_00	esd_talk	402002000	m20_00_00_00	1
20002729		set by NPC talk 402002000 on m20_00_00_00	esd_talk	402002000	m20_00_00_00	1
20002733		set by NPC talk 402002000 on m20_00_00_00	esd_talk	402002000	m20_00_00_00	1
20002735		set by NPC talk 402002000 on m20_00_00_00	esd_talk	402002000	m20_00_00_00	1
20002736		set by NPC talk 402002000 on m20_00_00_00	esd_talk	402002000	m20_00_00_00	1
20002738		set by NPC talk 402002000 on m20_00_00_00	esd_talk	402002000	m20_00_00_00	1
20002739		set by NPC talk 402002000 on m20_00_00_00	esd_talk	402002000	m20_00_00_00	1
20002740		set by NPC talk 402002000 on m20_00_00_00	esd_talk	402002000	m20_00_00_00	1
20002741		set by NPC talk 402002000 on m20_00_00_00	esd_talk	402002000	m20_00_00_00	1
20002745		set by NPC talk 402002000 on m20_00_00_00	esd_talk	402002000	m20_00_00_00	1
20002746		set by NPC talk 402002000 on m20_00_00_00	esd_talk	402002000	m20_00_00_00	1
20002747		set by NPC talk 402002000 on m20_00_00_00	esd_talk	402002000	m20_00_00_00	1
20002748		set by NPC talk 402002000 on m20_00_00_00	esd_talk	402002000	m20_00_00_00	1
20009255		set by NPC talk 402002000 on m20_00_00_00	esd_talk	402002000	m20_00_00_00	1
20009256		set by NPC talk 402002000 on m20_00_00_00	esd_talk	402002000	m20_00_00_00	1
20009257		set by NPC talk 402002000 on m20_00_00_00	esd_talk	402002000	m20_00_00_00	1
20009258		set by NPC talk 402002000 on m20_00_00_00	esd_talk	402002000	m20_00_00_00	1
20009259		set by NPC talk 402002000 on m20_00_00_00	esd_talk	402002000	m20_00_00_00	1
20009260		set by NPC talk 402002000 on m20_00_00_00	esd_talk	402002000	m20_00_00_00	1
20009261		set by NPC talk 402002000 on m20_00_00_00	esd_talk	402002000	m20_00_00_00	1
20009262		set by NPC talk 402002000 on m20_00_00_00	esd_talk	402002000	m20_00_00_00	1
20009263		set by NPC talk 402002000 on m20_00_00_00	esd_talk	402002000	m20_00_00_00	1
20009264		set by NPC talk 402002000 on m20_00_00_00	esd_talk	402002000	m20_00_00_00	1
20009265		set by NPC talk 402002000 on m20_00_00_00	esd_talk	402002000	m20_00_00_00	1
20009266		set by NPC talk 402002000 on m20_00_00_00	esd_talk	402002000	m20_00_00_00	1
20009267		set by NPC talk 402002000 on m20_00_00_00	esd_talk	402002000	m20_00_00_00	1
20009268		set by NPC talk 402002000 on m20_00_00_00	esd_talk	402002000	m20_00_00_00	1
20009269		set by NPC talk 402002000 on m20_00_00_00	esd_talk	402002000	m20_00_00_00	1
20009270		set by NPC talk 402002000 on m20_00_00_00	esd_talk	402002000	m20_00_00_00	1
20009272		set by NPC talk 402002000 on m20_00_00_00	esd_talk	402002000	m20_00_00_00	1
20009273		set by NPC talk 402002000 on m20_00_00_00	esd_talk	402002000	m20_00_00_00	1
20009274		set by NPC talk 402002000 on m20_00_00_00	esd_talk	402002000	m20_00_00_00	1
20009275		set by NPC talk 402002000 on m20_00_00_00	esd_talk	402002000	m20_00_00_00	1
20009276		set by NPC talk 402002000 on m20_00_00_00	esd_talk	402002000	m20_00_00_00	1
20009278		set by NPC talk 402002000 on m20_00_00_00	esd_talk	402002000	m20_00_00_00	1
20009279		set by NPC talk 402002000 on m20_00_00_00	esd_talk	402002000	m20_00_00_00	1
20009280		set by NPC talk 402002000 on m20_00_00_00	esd_talk	402002000	m20_00_00_00	1
20009281		set by NPC talk 402002000 on m20_00_00_00	esd_talk	402002000	m20_00_00_00	1
20009282		set by NPC talk 402002000 on m20_00_00_00	esd_talk	402002000	m20_00_00_00	1
20009283		set by NPC talk 402002000 on m20_00_00_00	esd_talk	402002000	m20_00_00_00	1
20009284		set by NPC talk 402002000 on m20_00_00_00	esd_talk	402002000	m20_00_00_00	1
20009285		set by NPC talk 402002000 on m20_00_00_00	esd_talk	402002000	m20_00_00_00	1
20009286		set by NPC talk 402002000 on m20_00_00_00	esd_talk	402002000	m20_00_00_00	1
20009287		set by NPC talk 402002000 on m20_00_00_00	esd_talk	402002000	m20_00_00_00	1
20009294		set by NPC talk 402002000 on m20_00_00_00	esd_talk	402002000	m20_00_00_00	1
20009295		set by NPC talk 402002000 on m20_00_00_00	esd_talk	402002000	m20_00_00_00	1
20009299		set by NPC talk 402002000 on m20_00_00_00	esd_talk	402002000	m20_00_00_00	1
20009305		set by NPC talk 450002000 on m20_00_00_00	esd_talk	450002000	m20_00_00_00	1
20012710		set by NPC talk 418012001 on m20_01_00_00	esd_talk	418012001	m20_01_00_00	1
20012717		set by NPC talk 418152001 on m20_01_00_00	esd_talk	418152001	m20_01_00_00	1
20012718		set by NPC talk 418152001 on m20_01_00_00	esd_talk	418152001	m20_01_00_00	1
20012720		set by NPC talk 419152001 on m20_01_00_00	esd_talk	419152001	m20_01_00_00	1
20012721		set by NPC talk 419152001 on m20_01_00_00	esd_talk	419152001	m20_01_00_00	1
20012722		set by NPC talk 419152001 on m20_01_00_00	esd_talk	419152001	m20_01_00_00	1
20012723		set by NPC talk 419152001 on m20_01_00_00	esd_talk	419152001	m20_01_00_00	1
20012724		set by NPC talk 419152001 on m20_01_00_00	esd_talk	419152001	m20_01_00_00	1
20012725		set by NPC talk 419152001 on m20_01_00_00	esd_talk	419152001	m20_01_00_00	1
20012726		set by NPC talk 419152001 on m20_01_00_00	esd_talk	419152001	m20_01_00_00	1
20012727		set by NPC talk 419152001 on m20_01_00_00	esd_talk	419152001	m20_01_00_00	1
20012728		set by NPC talk 419152001 on m20_01_00_00	esd_talk	419152001	m20_01_00_00	1
20012729		set by NPC talk 419152001 on m20_01_00_00	esd_talk	419152001	m20_01_00_00	1
20012730		set by NPC talk 417152001 on m20_01_00_00	esd_talk	417152001	m20_01_00_00	1
20012731		set by NPC talk 417152001 on m20_01_00_00	esd_talk	417152001	m20_01_00_00	1
20012732		set by NPC talk 417152001 on m20_01_00_00	esd_talk	417152001	m20_01_00_00	1
20012733		set by NPC talk 417152001 on m20_01_00_00	esd_talk	417152001	m20_01_00_00	1
20012734		set by NPC talk 417152001 on m20_01_00_00	esd_talk	417152001	m20_01_00_00	1
20012735		set by NPC talk 417152001 on m20_01_00_00	esd_talk	417152001	m20_01_00_00	1
20012736		set by NPC talk 417152001 on m20_01_00_00	esd_talk	417152001	m20_01_00_00	1
20012737		set by NPC talk 417152001 on m20_01_00_00	esd_talk	417152001	m20_01_00_00	1
20012738		set by NPC talk 417152001 on m20_01_00_00	esd_talk	417152001	m20_01_00_00	1
20012739		set by NPC talk 417152001 on m20_01_00_00	esd_talk	417152001	m20_01_00_00	1
20012740		set by NPC talk 414152001 on m20_01_00_00	esd_talk	414152001	m20_01_00_00	1
20012743		set by NPC talk 414152001 on m20_01_00_00	esd_talk	414152001	m20_01_00_00	1
20012744		set by NPC talk 414152001 on m20_01_00_00	esd_talk	414152001	m20_01_00_00	1
20012745		set by NPC talk 414152001 on m20_01_00_00	esd_talk	414152001	m20_01_00_00	1
20012748		set by NPC talk 414152001 on m20_01_00_00	esd_talk	414152001	m20_01_00_00	1
20012749		set by NPC talk 414152001 on m20_01_00_00	esd_talk	414152001	m20_01_00_00	1
20012750		set by NPC talk 415152001 on m20_01_00_00	esd_talk	415152001	m20_01_00_00	1
20012751		set by NPC talk 415152001 on m20_01_00_00	esd_talk	415152001	m20_01_00_00	1
20012752		set by NPC talk 415152001 on m20_01_00_00	esd_talk	415152001	m20_01_00_00	1
20012753		set by NPC talk 415152001 on m20_01_00_00	esd_talk	415152001	m20_01_00_00	1
20012754		set by NPC talk 415152001 on m20_01_00_00	esd_talk	415152001	m20_01_00_00	1
20012755		set by NPC talk 415152001 on m20_01_00_00	esd_talk	415152001	m20_01_00_00	1
20012756		set by NPC talk 415152001 on m20_01_00_00	esd_talk	415152001	m20_01_00_00	1
20012757		set by NPC talk 415152001 on m20_01_00_00	esd_talk	415152001	m20_01_00_00	1
20012758		set by NPC talk 415152001 on m20_01_00_00	esd_talk	415152001	m20_01_00_00	1
20012760		set by NPC talk 425152001 on m20_01_00_00	esd_talk	425152001	m20_01_00_00	1
20012761		set by NPC talk 425152001 on m20_01_00_00	esd_talk	425152001	m20_01_00_00	1
20012770		set by NPC talk 410102001 on m20_01_00_00	esd_talk	410102001	m20_01_00_00	1
20012771		set by NPC talk 410102001 on m20_01_00_00	esd_talk	410102001	m20_01_00_00	1
20012772		set by NPC talk 410102001 on m20_01_00_00	esd_talk	410102001	m20_01_00_00	1
20019211		set by NPC talk 416002001 on m20_01_00_00	esd_talk	416002001	m20_01_00_00	1
20019212		set by NPC talk 416002001 on m20_01_00_00	esd_talk	416002001	m20_01_00_00	1
20019213		set by NPC talk 416002001 on m20_01_00_00	esd_talk	416002001	m20_01_00_00	1
20019214		set by NPC talk 416002001 on m20_01_00_00	esd_talk	416002001	m20_01_00_00	1
20019215		set by NPC talk 416002001 on m20_01_00_00	esd_talk	416002001	m20_01_00_00	1
20019235		set by NPC talk 416152001 on m20_01_00_00	esd_talk	416152001	m20_01_00_00	1
20019236		set by NPC talk 416152001 on m20_01_00_00	esd_talk	416152001	m20_01_00_00	1
20019237		set by NPC talk 416152001 on m20_01_00_00	esd_talk	416152001	m20_01_00_00	1
20019238		set by NPC talk 416152001 on m20_01_00_00	esd_talk	416152001	m20_01_00_00	1
20019239		set by NPC talk 416152001 on m20_01_00_00	esd_talk	416152001	m20_01_00_00	1
20019240		set by NPC talk 416152001 on m20_01_00_00	esd_talk	416152001	m20_01_00_00	1
20019243		set by NPC talk 416152001 on m20_01_00_00	esd_talk	416152001	m20_01_00_00	1
20019244		set by NPC talk 416152001 on m20_01_00_00	esd_talk	416152001	m20_01_00_00	1
20019245		set by NPC talk 416152001 on m20_01_00_00	esd_talk	416152001	m20_01_00_00	1
20019246		set by NPC talk 416152001 on m20_01_00_00	esd_talk	416152001	m20_01_00_00	1
20019247		set by NPC talk 416152001 on m20_01_00_00	esd_talk	416152001	m20_01_00_00	1
20019248		set by NPC talk 416152001 on m20_01_00_00	esd_talk	416152001	m20_01_00_00	1
20019249		set by NPC talk 416152001 on m20_01_00_00	esd_talk	416152001	m20_01_00_00	1
20019255		set by NPC talk 418001205 on m12_05_00_00	esd_talk	418001205	m12_05_00_00	3
20019258		set by NPC talk 418012001 on m20_01_00_00	esd_talk	418012001	m20_01_00_00	1
20019280		set by NPC talk 418152001 on m20_01_00_00	esd_talk	418152001	m20_01_00_00	1
20019281		set by NPC talk 418152001 on m20_01_00_00	esd_talk	418152001	m20_01_00_00	1
20019282		set by NPC talk 418152001 on m20_01_00_00	esd_talk	418152001	m20_01_00_00	1
20019283		set by NPC talk 418152001 on m20_01_00_00	esd_talk	418152001	m20_01_00_00	1
20019284		set by NPC talk 418152001 on m20_01_00_00	esd_talk	418152001	m20_01_00_00	1
20019285		set by NPC talk 418152001 on m20_01_00_00	esd_talk	418152001	m20_01_00_00	1
20019286		set by NPC talk 418152001 on m20_01_00_00	esd_talk	418152001	m20_01_00_00	1
20019287		set by NPC talk 418152001 on m20_01_00_00	esd_talk	418152001	m20_01_00_00	1
20019288		set by NPC talk 418152001 on m20_01_00_00	esd_talk	418152001	m20_01_00_00	1
20019289		set by NPC talk 418152001 on m20_01_00_00	esd_talk	418152001	m20_01_00_00	1
20019290		set by NPC talk 418152001 on m20_01_00_00	esd_talk	418152001	m20_01_00_00	1
20019291		set by NPC talk 418152001 on m20_01_00_00	esd_talk	418152001	m20_01_00_00	1
20019292		set by NPC talk 418152001 on m20_01_00_00	esd_talk	418152001	m20_01_00_00	1
20019293		set by NPC talk 418152001 on m20_01_00_00	esd_talk	418152001	m20_01_00_00	1
20019294		set by NPC talk 418152001 on m20_01_00_00	esd_talk	418152001	m20_01_00_00	1
20019295		set by NPC talk 418152001 on m20_01_00_00	esd_talk	418152001	m20_01_00_00	1
20019340		set by NPC talk 419152001 on m20_01_00_00	esd_talk	419152001	m20_01_00_00	1
20019341		set by NPC talk 419152001 on m20_01_00_00	esd_talk	419152001	m20_01_00_00	1
20019350		set by NPC talk 417152001 on m20_01_00_00	esd_talk	417152001	m20_01_00_00	1
20019351		set by NPC talk 417152001 on m20_01_00_00	esd_talk	417152001	m20_01_00_00	1
20019352		set by NPC talk 417152001 on m20_01_00_00	esd_talk	417152001	m20_01_00_00	1
20019353		set by NPC talk 417152001 on m20_01_00_00	esd_talk	417152001	m20_01_00_00	1
20019354		set by NPC talk 417152001 on m20_01_00_00	esd_talk	417152001	m20_01_00_00	1
20019355		set by NPC talk 417152001 on m20_01_00_00	esd_talk	417152001	m20_01_00_00	1
20019400		set by NPC talk 414152001 on m20_01_00_00	esd_talk	414152001	m20_01_00_00	1
20019401		set by NPC talk 414152001 on m20_01_00_00	esd_talk	414152001	m20_01_00_00	1
20019402		set by NPC talk 414152001 on m20_01_00_00	esd_talk	414152001	m20_01_00_00	1
20019533		set by NPC talk 414152001 on m20_01_00_00	esd_talk	414152001	m20_01_00_00	7
20019537		set by NPC talk 416152001 on m20_01_00_00	esd_talk	416152001	m20_01_00_00	1
21002702		set by NPC talk 413002100 on m21_00_00_00	esd_talk	413002100	m21_00_00_00	1
21002710		set by NPC talk 413002100 on m21_00_00_00	esd_talk	413002100	m21_00_00_00	1
21002713		set by NPC talk 413002100 on m21_00_00_00	esd_talk	413002100	m21_00_00_00	1
21002720		set by NPC talk 418132100 on m21_00_00_00	esd_talk	418132100	m21_00_00_00	1
21002721		set by NPC talk 418132100 on m21_00_00_00	esd_talk	418132100	m21_00_00_00	1
21002722		set by NPC talk 418132100 on m21_00_00_00	esd_talk	418132100	m21_00_00_00	1
21002730		set by NPC talk 418142100 on m21_00_00_00	esd_talk	418142100	m21_00_00_00	1
21002731		set by NPC talk 418142100 on m21_00_00_00	esd_talk	418142100	m21_00_00_00	1
21002732		set by NPC talk 418142100 on m21_00_00_00	esd_talk	418142100	m21_00_00_00	1
21002740		set by NPC talk 414132100 on m21_00_00_00	esd_talk	414132100	m21_00_00_00	1
21002741		set by NPC talk 414132100 on m21_00_00_00	esd_talk	414132100	m21_00_00_00	1
21002743		set by NPC talk 414132100 on m21_00_00_00	esd_talk	414132100	m21_00_00_00	1
21002750		set by NPC talk 414142100 on m21_00_00_00	esd_talk	414142100	m21_00_00_00	1
21002751		set by NPC talk 414142100 on m21_00_00_00	esd_talk	414142100	m21_00_00_00	1
21002752		set by NPC talk 414142100 on m21_00_00_00	esd_talk	414142100	m21_00_00_00	1
21009206		set by NPC talk 413002100 on m21_00_00_00	esd_talk	413002100	m21_00_00_00	1
21009207		set by NPC talk 413002100 on m21_00_00_00	esd_talk	413002100	m21_00_00_00	1
21009208		set by NPC talk 413002100 on m21_00_00_00	esd_talk	413002100	m21_00_00_00	1
21009209		set by NPC talk 413002100 on m21_00_00_00	esd_talk	413002100	m21_00_00_00	1
21009210		set by NPC talk 413002100 on m21_00_00_00	esd_talk	413002100	m21_00_00_00	1
21009211		set by NPC talk 413002100 on m21_00_00_00	esd_talk	413002100	m21_00_00_00	1
21009214		set by NPC talk 413002100 on m21_00_00_00	esd_talk	413002100	m21_00_00_00	1
21009222		set by NPC talk 413002100 on m21_00_00_00	esd_talk	413002100	m21_00_00_00	1
21009223		set by NPC talk 413002100 on m21_00_00_00	esd_talk	413002100	m21_00_00_00	1
21009240		set by NPC talk 413002100 on m21_00_00_00	esd_talk	413002100	m21_00_00_00	1
21009255		set by NPC talk 450002100 on m21_00_00_00	esd_talk	450002100	m21_00_00_00	1
21012703		set by NPC talk 414102101 on m21_01_00_00	esd_talk	414102101	m21_01_00_00	1
21012720		set by NPC talk 416002101 on m21_01_00_00	esd_talk	416002101	m21_01_00_00	1
21012722		set by NPC talk 416002101 on m21_01_00_00	esd_talk	416002101	m21_01_00_00	1
21012724		set by NPC talk 416002101 on m21_01_00_00	esd_talk	416002101	m21_01_00_00	1
21012727		set by NPC talk 416002101 on m21_01_00_00	esd_talk	416002101	m21_01_00_00	1
21012728		set by NPC talk 416002101 on m21_01_00_00	esd_talk	416002101	m21_01_00_00	1
21012729		set by NPC talk 416002101 on m21_01_00_00	esd_talk	416002101	m21_01_00_00	1
21012730		set by NPC talk 417002101 on m21_01_00_00	esd_talk	417002101	m21_01_00_00	2
21012731		set by NPC talk 417002101 on m21_01_00_00	esd_talk	417002101	m21_01_00_00	2
21012732		set by NPC talk 000001000 on m00_00_00_00	esd_talk	000001000	m00_00_00_00	3
21012733		set by NPC talk 417002101 on m21_01_00_00	esd_talk	417002101	m21_01_00_00	2
21012734		set by NPC talk 417002101 on m21_01_00_00	esd_talk	417002101	m21_01_00_00	2
21012736		set by NPC talk 417002101 on m21_01_00_00	esd_talk	417002101	m21_01_00_00	2
21012737		set by NPC talk 417002101 on m21_01_00_00	esd_talk	417002101	m21_01_00_00	2
21012738		set by NPC talk 417002101 on m21_01_00_00	esd_talk	417002101	m21_01_00_00	2
21012739		set by NPC talk 417002101 on m21_01_00_00	esd_talk	417002101	m21_01_00_00	2
21012740		set by NPC talk 418112101 on m21_01_00_00	esd_talk	418112101	m21_01_00_00	1
21012741		set by NPC talk 418112101 on m21_01_00_00	esd_talk	418112101	m21_01_00_00	1
21012742		set by NPC talk 418112101 on m21_01_00_00	esd_talk	418112101	m21_01_00_00	1
21012750		set by NPC talk 418122101 on m21_01_00_00	esd_talk	418122101	m21_01_00_00	1
21012751		set by NPC talk 418122101 on m21_01_00_00	esd_talk	418122101	m21_01_00_00	1
21012752		set by NPC talk 418122101 on m21_01_00_00	esd_talk	418122101	m21_01_00_00	1
21012760		set by NPC talk 416112101 on m21_01_00_00	esd_talk	416112101	m21_01_00_00	1
21012761		set by NPC talk 416112101 on m21_01_00_00	esd_talk	416112101	m21_01_00_00	1
21012763		set by NPC talk 416112101 on m21_01_00_00	esd_talk	416112101	m21_01_00_00	1
21012770		set by NPC talk 416122101 on m21_01_00_00	esd_talk	416122101	m21_01_00_00	1
21012771		set by NPC talk 416122101 on m21_01_00_00	esd_talk	416122101	m21_01_00_00	1
21012772		set by NPC talk 416122101 on m21_01_00_00	esd_talk	416122101	m21_01_00_00	1
21012781		set by NPC talk 417002101 on m21_01_00_00	esd_talk	417002101	m21_01_00_00	2
21012782		set by NPC talk 417002101 on m21_01_00_00	esd_talk	417002101	m21_01_00_00	2
21012783		set by NPC talk 417002101 on m21_01_00_00	esd_talk	417002101	m21_01_00_00	2
21019207		set by NPC talk 414002101 on m21_01_00_00	esd_talk	414002101	m21_01_00_00	2
21019208		set by NPC talk 414002101 on m21_01_00_00	esd_talk	414002101	m21_01_00_00	2
21019209		set by NPC talk 414002101 on m21_01_00_00	esd_talk	414002101	m21_01_00_00	2
21019210		set by NPC talk 414002101 on m21_01_00_00	esd_talk	414002101	m21_01_00_00	2
21019211		set by NPC talk 414002101 on m21_01_00_00	esd_talk	414002101	m21_01_00_00	2
21019212		set by NPC talk 414002101 on m21_01_00_00	esd_talk	414002101	m21_01_00_00	2
21019216		set by NPC talk 414002101 on m21_01_00_00	esd_talk	414002101	m21_01_00_00	2
21019225		set by NPC talk 414002101 on m21_01_00_00	esd_talk	414002101	m21_01_00_00	2
21019302		set by NPC talk 416002101 on m21_01_00_00	esd_talk	416002101	m21_01_00_00	1
21019305		set by NPC talk 416002101 on m21_01_00_00	esd_talk	416002101	m21_01_00_00	1
21019307		set by NPC talk 416002101 on m21_01_00_00	esd_talk	416002101	m21_01_00_00	1
21019308		set by NPC talk 416002101 on m21_01_00_00	esd_talk	416002101	m21_01_00_00	1
21019309		set by NPC talk 416002101 on m21_01_00_00	esd_talk	416002101	m21_01_00_00	1
21019310		set by NPC talk 416002101 on m21_01_00_00	esd_talk	416002101	m21_01_00_00	1
21019311		set by NPC talk 416002101 on m21_01_00_00	esd_talk	416002101	m21_01_00_00	1
21019312		set by NPC talk 416002101 on m21_01_00_00	esd_talk	416002101	m21_01_00_00	1
21019313		set by NPC talk 416002101 on m21_01_00_00	esd_talk	416002101	m21_01_00_00	1
21019314		set by NPC talk 416002101 on m21_01_00_00	esd_talk	416002101	m21_01_00_00	1
21019316		set by NPC talk 416002101 on m21_01_00_00	esd_talk	416002101	m21_01_00_00	1
21019317		set by NPC talk 416002101 on m21_01_00_00	esd_talk	416002101	m21_01_00_00	1
21019319		set by NPC talk 416002101 on m21_01_00_00	esd_talk	416002101	m21_01_00_00	1
21019320		set by NPC talk 416002101 on m21_01_00_00	esd_talk	416002101	m21_01_00_00	1
21019321		set by NPC talk 416002101 on m21_01_00_00	esd_talk	416002101	m21_01_00_00	1
21019322		set by NPC talk 416002101 on m21_01_00_00	esd_talk	416002101	m21_01_00_00	1
21019323		set by NPC talk 416002101 on m21_01_00_00	esd_talk	416002101	m21_01_00_00	1
21019324		set by NPC talk 416002101 on m21_01_00_00	esd_talk	416002101	m21_01_00_00	1
21019329		set by NPC talk 416002101 on m21_01_00_00	esd_talk	416002101	m21_01_00_00	1
21019352		set by NPC talk 417002101 on m21_01_00_00	esd_talk	417002101	m21_01_00_00	2
21019355		set by NPC talk 417002101 on m21_01_00_00	esd_talk	417002101	m21_01_00_00	2
21019356		set by NPC talk 417002101 on m21_01_00_00	esd_talk	417002101	m21_01_00_00	2
21019357		set by NPC talk 417002101 on m21_01_00_00	esd_talk	417002101	m21_01_00_00	2
21019360		set by NPC talk 417002101 on m21_01_00_00	esd_talk	417002101	m21_01_00_00	2
21019361		set by NPC talk 417002101 on m21_01_00_00	esd_talk	417002101	m21_01_00_00	2
21019363		set by NPC talk 417002101 on m21_01_00_00	esd_talk	417002101	m21_01_00_00	2
21019365		set by NPC talk 417002101 on m21_01_00_00	esd_talk	417002101	m21_01_00_00	2
21019366		set by NPC talk 417002101 on m21_01_00_00	esd_talk	417002101	m21_01_00_00	2
21019367		set by NPC talk 417002101 on m21_01_00_00	esd_talk	417002101	m21_01_00_00	2
21019370		set by NPC talk 417002101 on m21_01_00_00	esd_talk	417002101	m21_01_00_00	2
21019371		set by NPC talk 417002101 on m21_01_00_00	esd_talk	417002101	m21_01_00_00	2
22002701		set by NPC talk 419006100 on m61_00_00_00	esd_talk	419006100	m61_00_00_00	1
22002702		set by NPC talk 419002200 on m22_00_00_00	esd_talk	419002200	m22_00_00_00	2
22002703		set by NPC talk 419002200 on m22_00_00_00	esd_talk	419002200	m22_00_00_00	2
22002705		set by NPC talk 419002200 on m22_00_00_00	esd_talk	419002200	m22_00_00_00	2
22002708		set by NPC talk 419112200 on m22_00_00_00	esd_talk	419112200	m22_00_00_00	1
22002710		set by NPC talk 405002200 on m22_00_00_00	esd_talk	405002200	m22_00_00_00	1
22009208		set by NPC talk 419006100 on m61_00_00_00	esd_talk	419006100	m61_00_00_00	1
22009215		set by NPC talk 419002200 on m22_00_00_00	esd_talk	419002200	m22_00_00_00	2
22009218		set by NPC talk 419002200 on m22_00_00_00	esd_talk	419002200	m22_00_00_00	2
22009219		set by NPC talk 419002200 on m22_00_00_00	esd_talk	419002200	m22_00_00_00	2
22009221		set by NPC talk 419002200 on m22_00_00_00	esd_talk	419002200	m22_00_00_00	2
22009222		set by NPC talk 419002200 on m22_00_00_00	esd_talk	419002200	m22_00_00_00	2
22009223		set by NPC talk 419002200 on m22_00_00_00	esd_talk	419002200	m22_00_00_00	2
22009224		set by NPC talk 419002200 on m22_00_00_00	esd_talk	419002200	m22_00_00_00	2
22009225		set by NPC talk 419002200 on m22_00_00_00	esd_talk	419002200	m22_00_00_00	2
22009227		set by NPC talk 419002200 on m22_00_00_00	esd_talk	419002200	m22_00_00_00	2
22009228		set by NPC talk 419002200 on m22_00_00_00	esd_talk	419002200	m22_00_00_00	2
22009232		set by NPC talk 419002200 on m22_00_00_00	esd_talk	419002200	m22_00_00_00	2
22009235		set by NPC talk 419002200 on m22_00_00_00	esd_talk	419002200	m22_00_00_00	2
22009236		set by NPC talk 419002200 on m22_00_00_00	esd_talk	419002200	m22_00_00_00	2
22009237		set by NPC talk 419002200 on m22_00_00_00	esd_talk	419002200	m22_00_00_00	2
22009238		set by NPC talk 419002200 on m22_00_00_00	esd_talk	419002200	m22_00_00_00	2
22009239		set by NPC talk 419002200 on m22_00_00_00	esd_talk	419002200	m22_00_00_00	2
22009255		set by NPC talk 405002200 on m22_00_00_00	esd_talk	405002200	m22_00_00_00	1
22009256		set by NPC talk 405002200 on m22_00_00_00	esd_talk	405002200	m22_00_00_00	1
22009257		set by NPC talk 405002200 on m22_00_00_00	esd_talk	405002200	m22_00_00_00	1
22009285		set by NPC talk 405002200 on m22_00_00_00	esd_talk	405002200	m22_00_00_00	1
22009305		set by NPC talk 450002200 on m22_00_00_00	esd_talk	450002200	m22_00_00_00	1
22009306		set by NPC talk 450012200 on m22_00_00_00	esd_talk	450012200	m22_00_00_00	1
28002701		set by NPC talk 404102800 on m28_00_00_00	esd_talk	404102800	m28_00_00_00	1
28002702		set by NPC talk 404102800 on m28_00_00_00	esd_talk	404102800	m28_00_00_00	1
28002703		set by NPC talk 404102800 on m28_00_00_00	esd_talk	404102800	m28_00_00_00	1
28002704		set by NPC talk 404102800 on m28_00_00_00	esd_talk	404102800	m28_00_00_00	1
28002707		set by NPC talk 404102800 on m28_00_00_00	esd_talk	404102800	m28_00_00_00	1
28009205		set by NPC talk 404102800 on m28_00_00_00	esd_talk	404102800	m28_00_00_00	1
28009210		set by NPC talk 404102800 on m28_00_00_00	esd_talk	404102800	m28_00_00_00	1
28009211		set by NPC talk 404102800 on m28_00_00_00	esd_talk	404102800	m28_00_00_00	1
28009212		set by NPC talk 404102800 on m28_00_00_00	esd_talk	404102800	m28_00_00_00	1
28009255		set by NPC talk 450002800 on m28_00_00_00	esd_talk	450002800	m28_00_00_00	1
28009256		set by NPC talk 450012800 on m28_00_00_00	esd_talk	450012800	m28_00_00_00	1
30000500	m30_00_00_00用初期フラグ設定	Initial flag setting for m30_00_00_00	emevd_event	30000050	m30_00_00_00	2
30000800	m30_00ボス撃破	m30_00 boss defeated	emevd_event	30002800	m30_00_00_00	1
30002802	m30_00ボス激昂	m30_00Boss rage	emevd_event	30002811	m30_00_00_00	1
30010500	[小探索_墓3]トラップエレベータ	[Small exploration_grave 3] Trap elevator	emevd_event	30012500	m30_01_00_00	2
30010800	m30_01ボス撃破	Defeat m30_01 boss	emevd_event	30012800	m30_01_00_00	1
30012802	ボス激昂	boss rage	emevd_event	30012811	m30_01_00_00	1
30020500	m30_02_00_00用初期フラグ設定	Initial flag setting for m30_02_00_00	emevd_event	30020050	m30_02_00_00	1
30020505	m30_02_00_00用初期フラグ設定	Initial flag setting for m30_02_00_00	emevd_event	30020050	m30_02_00_00	1
30020800	m30_02ボス撃破	Defeat m30_02 boss	emevd_event	30022800	m30_02_00_00	1
30020801	m30_02ボス出現	m30_02 boss appears	emevd_event	30022810	m30_02_00_00	1
30022802	ボス激昂	boss rage	emevd_event	30022811	m30_02_00_00	1
30030500	m30_03_00_00用初期フラグ設定	Initial flag setting for m30_03_00_00	emevd_event	30030050	m30_03_00_00	1
30030800	白蛇つむり_ボス撃破	Tsumuri White Snake_Defeat the boss	emevd_event	30032800	m30_03_00_00	1
30032812	白蛇つむり_ボス出現	Tsumuri White Snake_Boss Appears	emevd_event	30032810	m30_03_00_00	1
30032813	白蛇つむり_16騎士本召喚	White Snake Tsumuri_16 Knight Main Summon	emevd_event	30032890	m30_03_00_00	1
30032814	白蛇つむり_16騎士本召喚	White Snake Tsumuri_16 Knight Main Summon	emevd_event	30032890	m30_03_00_00	1
30032815	白蛇つむり_16騎士本召喚	White Snake Tsumuri_16 Knight Main Summon	emevd_event	30032890	m30_03_00_00	1
30032816	白蛇つむり_16騎士本召喚	White Snake Tsumuri_16 Knight Main Summon	emevd_event	30032890	m30_03_00_00	1
30032817	白蛇つむり_16騎士本召喚	White Snake Tsumuri_16 Knight Main Summon	emevd_event	30032890	m30_03_00_00	1
30032822	白蛇つむり_ボス出現	Tsumuri White Snake_Boss Appears	emevd_event	30032810	m30_03_00_00	6
30032823	白蛇つむり_ボス出現	Tsumuri White Snake_Boss Appears	emevd_batch	30032810	m30_03_00_00	3
30032824	白蛇つむり_ボス出現	Tsumuri White Snake_Boss Appears	emevd_batch	30032810	m30_03_00_00	3
30032825	白蛇つむり_ボス出現	Tsumuri White Snake_Boss Appears	emevd_batch	30032810	m30_03_00_00	3
30032826	白蛇つむり_ボス出現	Tsumuri White Snake_Boss Appears	emevd_batch	30032810	m30_03_00_00	3
30032827	白蛇つむり_ボス出現	Tsumuri White Snake_Boss Appears	emevd_batch	30032810	m30_03_00_00	3
30032828	白蛇つむり_ボス出現	Tsumuri White Snake_Boss Appears	emevd_batch	30032810	m30_03_00_00	3
30032829	白蛇つむり_ボス出現	Tsumuri White Snake_Boss Appears	emevd_batch	30032810	m30_03_00_00	3
30032830	白蛇つむり_ボス出現	Tsumuri White Snake_Boss Appears	emevd_batch	30032810	m30_03_00_00	3
30032831	白蛇つむり_ボス出現	Tsumuri White Snake_Boss Appears	emevd_batch	30032810	m30_03_00_00	3
30032832	白蛇つむり_ボス出現	Tsumuri White Snake_Boss Appears	emevd_batch	30032810	m30_03_00_00	3
30032833	白蛇つむり_ボス出現	Tsumuri White Snake_Boss Appears	emevd_batch	30032810	m30_03_00_00	3
30032834	白蛇つむり_HP監視	White snake Tsumuri_HP monitoring	emevd_event	30032845	m30_03_00_00	4
30032835	白蛇つむり_ボス出現	Tsumuri White Snake_Boss Appears	emevd_batch	30032810	m30_03_00_00	2
30032836	白蛇つむり_ボス出現	Tsumuri White Snake_Boss Appears	emevd_batch	30032810	m30_03_00_00	2
30032837	白蛇つむり_ボス出現	Tsumuri White Snake_Boss Appears	emevd_batch	30032810	m30_03_00_00	2
30032838	白蛇つむり_ボス出現	Tsumuri White Snake_Boss Appears	emevd_batch	30032810	m30_03_00_00	2
30032839	白蛇つむり_ボス出現	Tsumuri White Snake_Boss Appears	emevd_event	30032810	m30_03_00_00	6
30032860	白蛇つむり_16騎士本召喚	White Snake Tsumuri_16 Knight Main Summon	emevd_event	30032890	m30_03_00_00	1
30032882	白蛇つむり_ボス出現	Tsumuri White Snake_Boss Appears	emevd_event	30032810	m30_03_00_00	2
30032883	白蛇つむり_16騎士本召喚	White Snake Tsumuri_16 Knight Main Summon	emevd_event	30032890	m30_03_00_00	1
30032884	白蛇つむり_16騎士本召喚	White Snake Tsumuri_16 Knight Main Summon	emevd_event	30032890	m30_03_00_00	1
30032885	白蛇つむり_16騎士本召喚	White Snake Tsumuri_16 Knight Main Summon	emevd_event	30032890	m30_03_00_00	1
30032886	白蛇つむり_16騎士本召喚	White Snake Tsumuri_16 Knight Main Summon	emevd_event	30032890	m30_03_00_00	1
30032887	白蛇つむり_16騎士本召喚	White Snake Tsumuri_16 Knight Main Summon	emevd_event	30032890	m30_03_00_00	1
30040800	ボス撃破	Defeat the boss	emevd_event	30042800	m30_04_00_00	1
30040801	ボス出現	Boss appears	emevd_event	30042810	m30_04_00_00	1
30042802	ボス激昂	boss rage	emevd_event	30042811	m30_04_00_00	1
30050800	ボス撃破	Defeat the boss	emevd_event	30052800	m30_05_00_00	1
30050850	隠しボス_ボス撃破	Hidden boss_defeat boss	emevd_event	30052850	m30_05_00_00	1
30050880	隠しボス含めてマルチ権限対応	Multi-authority support including hidden bosses	emevd_event	30052880	m30_05_00_00	1
30052802	ボス激昂	boss rage	emevd_event	30052811	m30_05_00_00	1
30052852	隠しボス激昂	Hidden boss rage	emevd_event	30052861	m30_05_00_00	1
30060510	エレベータ初期フラグ	Elevator initial flag	emevd_event	30060519	m30_06_00_00	1
30060800	ボス撃破	Defeat the boss	emevd_event	30062800	m30_06_00_00	1
30062802	ボス激昂	boss rage	emevd_event	30062811	m30_06_00_00	1
30070510	[小探索_墓3]トラップエレベータ	[Small exploration_grave 3] Trap elevator	emevd_event	30072510	m30_07_00_00	1
30070515	エレベータ初期フラグ	Elevator initial flag	emevd_event	30070519	m30_07_00_00	1
30070800	ボス撃破	Defeat the boss	emevd_event	30072800	m30_07_00_00	1
30072500	壺ゴーレム_奇襲	Pot Golem_Surprise Attack	emevd_event	30072501	m30_07_00_00	1
30072802	ボス激昂	boss rage	emevd_event	30072811	m30_07_00_00	1
30080400	剣闘士撃破判定イベント	Gladiator defeat judgment event	emevd_event	30082401	m30_08_00_00	1
30080510	エレベータ初期フラグ	Elevator initial flag	emevd_event	30080519	m30_08_00_00	1
30080800	ボス撃破	Defeat the boss	emevd_event	30082800	m30_08_00_00	1
30082501	ナズグル出現_本体	Nazgul Appears_Main Body	emevd_event	30082501	m30_08_00_00	1
30082550	ナズグル出現_ボス部屋手前まで進んだ判定	Nazgul Appears - Determined to have progressed to the front of the boss room	emevd_event	30082550	m30_08_00_00	1
30082802	ボス激昂	boss rage	emevd_event	30082811	m30_08_00_00	1
30090500	m30_09_00_00用初期フラグ設定	Initial flag setting for m30_09_00_00	emevd_event	30090050	m30_09_00_00	1
30090510	エレベータ初期フラグ	Elevator initial flag	emevd_event	30090519	m30_09_00_00	1
30090800	ボス撃破	Defeat the boss	emevd_event	30092800	m30_09_00_00	1
30092802	ボス激昂	boss rage	emevd_event	30092811	m30_09_00_00	1
30100465	チャリオット同士討ち	chariot battle	emevd_event	30102465	m30_10_00_00	1
30100510	エレベータ初期フラグ	Elevator initial flag	emevd_event	30100519	m30_10_00_00	1
30100550	火吹き像が下がっていた場合C通路にチャリオットがワープして来れるためのフラグ操作	If the fire-breathing statue is lowered, operate the flag so that the chariot can warp to passage C.	emevd_event	301002550	m30_10_00_00	1
30100800	ボス撃破	Defeat the boss	emevd_event	30102800	m30_10_00_00	1
30102445	チャリオットワープA通路	Chariot Warp A Passage	emevd_event	30102445	m30_10_00_00	5
30102450	チャリオットワープA通路	Chariot Warp A Passage	emevd_event	30102445	m30_10_00_00	4
30102455	チャリオットワープA通路	Chariot Warp A Passage	emevd_event	30102445	m30_10_00_00	4
30102460	チャリオットワープB通路中央	Chariot Warp B aisle center	emevd_event	30102460	m30_10_00_00	1
30102802	ボス激昂	boss rage	emevd_event	30102811	m30_10_00_00	1
30110800	m30_11ボス撃破	m30_11 boss defeated	emevd_event	30112800	m30_11_00_00	1
30112802	ボス激昂	boss rage	emevd_event	30112811	m30_11_00_00	1
30120800	ボス撃破	Defeat the boss	emevd_event	30122800	m30_12_00_00	1
30122502	忌み子奇襲_本体	Abominable child surprise attack_main body	emevd_event	30122501	m30_12_00_00	2
30122802	ボス激昂	boss rage	emevd_event	30122811	m30_12_00_00	1
30130510	エレベータ初期フラグ	Elevator initial flag	emevd_event	30130519	m30_13_00_00	1
30130800	ボス撃破	Defeat the boss	emevd_event	30132800	m30_13_00_00	1
30130810	ボス撃破2	Boss defeat 2	emevd_event	30132802	m30_13_00_00	1
30132802	ボス激昂	boss rage	emevd_event	30132811	m30_13_00_00	1
30140510	エレベータ初期フラグ	Elevator initial flag	emevd_event	30140519	m30_14_00_00	1
30140800	ボス撃破	Defeat the boss	emevd_event	30142800	m30_14_00_00	1
30142802	ボス激昂	boss rage	emevd_event	30142811	m30_14_00_00	1
30150800	ボス撃破	Defeat the boss	emevd_event	30152800	m30_15_00_00	1
30152802	ボス激昂	boss rage	emevd_event	30152811	m30_15_00_00	1
30160800	ボス撃破	Defeat the boss	emevd_event	30162800	m30_16_00_00	1
30162802	ボス激昂	boss rage	emevd_event	30162811	m30_16_00_00	1
30162803	ボス出現	Boss appears	emevd_event	30162810	m30_16_00_00	1
30170400	影トロル撃破判定イベント	Shadow troll defeat judgment event	emevd_event	30172600	m30_17_00_00	1
30170500	m30_10_00_00用初期フラグ設定	Initial flag setting for m30_10_00_00	emevd_event	30170050	m30_17_00_00	1
30170504	英雄の墓_火吹き像_移動処理_はじめは上にあがっているver	Tomb of the Hero_Fire-breathing statue_Movement process_Ver. upwards at first	emevd_event	30172501	m30_17_00_00	1
30170510	エレベータ初期フラグ	Elevator initial flag	emevd_event	30170519	m30_17_00_00	1
30170515	エレベータ初期フラグ	Elevator initial flag	emevd_event	30170519	m30_17_00_00	1
30170521	投影像エレベータと魔方陣SFX同期イベント	Projection elevator and magic square SFX synchronized event	emevd_event	30172520	m30_17_00_00	1
30170522	投影像エレベータと魔方陣SFX同期イベント	Projection elevator and magic square SFX synchronized event	emevd_event	30172520	m30_17_00_00	1
30170526	火吹き像と魔方陣SFX同期イベント	Fire-breathing statue and magic square SFX synchronized event	emevd_event	30172525	m30_17_00_00	1
30170530	エレベータ初期フラグ	Elevator initial flag	emevd_event	30170519	m30_17_00_00	1
30170800	ボス撃破	Defeat the boss	emevd_event	30172800	m30_17_00_00	1
30172802	ボス激昂	boss rage	emevd_event	30122811	m30_17_00_00	1
30180500	m30_18_00_00用初期フラグ設定	Initial flag setting for m30_18_00_00	emevd_event	30180050	m30_18_00_00	1
30180505	m30_18_00_00用初期フラグ設定	Initial flag setting for m30_18_00_00	emevd_event	30180050	m30_18_00_00	1
30180510	エレベータ初期フラグ	Elevator initial flag	emevd_event	30180519	m30_18_00_00	1
30180515	エレベータ初期フラグ	Elevator initial flag	emevd_event	30180519	m30_18_00_00	1
30180800	ボス撃破	Defeat the boss	emevd_event	30182800	m30_18_00_00	1
30180801	ボス出現	Boss appears	emevd_event	30182810	m30_18_00_00	1
30182220	帰り道にゴーレム君起動_本体_XX	On the way home, Golem-kun starts up_main unit_XX	emevd_event	30182219	m30_18_00_00	2
30182802	ボス激昂	boss rage	emevd_event	30182811	m30_18_00_00	1
30182803	ボス出現	Boss appears	emevd_event	30182810	m30_18_00_00	1
30190500	m30_19_00_00用初期フラグ設定	Initial flag setting for m30_19_00_00	emevd_event	30190050	m30_19_00_00	1
30190503	m30_19_00_00用初期フラグ設定	Initial flag setting for m30_19_00_00	emevd_event	30190050	m30_19_00_00	1
30190505	m30_19_00_00用初期フラグ設定	Initial flag setting for m30_19_00_00	emevd_event	30190050	m30_19_00_00	1
30190800	ボス撃破	Defeat the boss	emevd_event	30192800	m30_19_00_00	1
30192802	ボス激昂	boss rage	emevd_event	30192811	m30_19_00_00	1
30200800	m30_20ボス撃破	m30_20 boss defeated	emevd_event	30202800	m30_20_00_00	1
30202802	m30_20ボス激昂	m30_20 boss rage	emevd_event	30202811	m30_20_00_00	1
31000800	ボス撃破	Defeat the boss	emevd_event	31002800	m31_00_00_00	3
31000811	ボス出現	Boss appears	emevd_event	31002810	m31_00_00_00	2
31000845	ボス部屋セーブ制限対応	Supports boss room save restrictions	emevd_event	31002845	m31_00_00_00	1
31000850	ボス撃破_2回目	Boss defeat_2nd time	emevd_event	31002850	m31_00_00_00	3
31000861	ボス出現_2回目	Boss appearance_2nd time	emevd_event	31002860	m31_00_00_00	2
31002700	NPC309_盗賊の頭_新_湖で再会_土下座で敵対解除	NPC309_Head of the thieves_New_Reunion at the lake_Dismiss hostility by prostrate	emevd_event	1037423711	m60_37_42_00	5
31002701	NPC309_盗賊の頭_新_湖で再会_土下座で敵対解除	NPC309_Head of the thieves_New_Reunion at the lake_Dismiss hostility by prostrate	emevd_event	1037423711	m60_37_42_00	5
31002703		set by NPC talk 309001600 on m16_00_00_00	esd_talk	309001600	m16_00_00_00	3
31002704	NPC309_盗賊の頭_初期状態_降伏イベント	NPC309_Thief Head_Initial state_Surrender event	emevd_event	31003704	m31_00_00_00	1
31002705		set by NPC talk 309001600 on m16_00_00_00	esd_talk	309001600	m16_00_00_00	3
31002706		set by NPC talk 309001600 on m16_00_00_00	esd_talk	309001600	m16_00_00_00	3
31002707	NPC309_盗賊の頭_新_湖で再会_土下座で敵対解除	NPC309_Head of the thieves_New_Reunion at the lake_Dismiss hostility by prostrate	emevd_event	1037423711	m60_37_42_00	5
31002708		set by NPC talk 309001600 on m16_00_00_00	esd_talk	309001600	m16_00_00_00	3
31002710		set by NPC talk 309001600 on m16_00_00_00	esd_talk	309001600	m16_00_00_00	3
31002711		set by NPC talk 309001600 on m16_00_00_00	esd_talk	309001600	m16_00_00_00	3
31002712		set by NPC talk 309001600 on m16_00_00_00	esd_talk	309001600	m16_00_00_00	3
31002713	NPC309_盗賊の頭_初期状態_降伏後の攻撃回数監視	NPC309_Thief Head_Initial state_Monitor the number of attacks after surrender	emevd_event	31003705	m31_00_00_00	1
31002714	NPC309_盗賊の頭_NPC死亡処理_ボス用	NPC309_Thief's head_NPC death processing_For boss	emevd_event	31003706	m31_00_00_00	1
31002715	NPC309盗賊の頭_ボス戦2に遷移させない用フラグON	NPC309 Thief Head_Flag ON to prevent transition to boss battle 2	emevd_event	31003712	m31_00_00_00	1
31002720		set by NPC talk 309001600 on m16_00_00_00	esd_talk	309001600	m16_00_00_00	3
31002721	NPC309_盗賊の頭_追い剥ぎとして再会_降伏イベント	NPC309_Head of the Bandit_Reunion as a robber_Surrender event	emevd_event	31003714	m31_00_00_00	1
31002722	NPC309_盗賊の頭_追い剥ぎとして再会_降伏後の攻撃回数監視	NPC309_Head of the thieves_Reunited as a robber_Monitor the number of attacks after surrendering	emevd_event	31003715	m31_00_00_00	1
31002723	NPC309_盗賊の頭_NPC死亡処理_ボス二戦目用	NPC309_Thief's head_NPC death processing_For second boss battle	emevd_event	31003716	m31_00_00_00	1
31002724		set by NPC talk 309001600 on m16_00_00_00	esd_talk	309001600	m16_00_00_00	3
31002725		set by NPC talk 309001600 on m16_00_00_00	esd_talk	309001600	m16_00_00_00	3
31002726		set by NPC talk 309001600 on m16_00_00_00	esd_talk	309001600	m16_00_00_00	3
31002727		set by NPC talk 309001600 on m16_00_00_00	esd_talk	309001600	m16_00_00_00	3
31002728	NPC309_盗賊の頭_追い剥ぎとして再会_降伏イベント	NPC309_Head of the Bandit_Reunion as a robber_Surrender event	emevd_event	31003714	m31_00_00_00	1
31002730		set by NPC talk 309001600 on m16_00_00_00	esd_talk	309001600	m16_00_00_00	3
31008820	ボス出現	Boss appears	emevd_event	31002810	m31_00_00_00	1
31008821	ボス出現	Boss appears	emevd_event	31002810	m31_00_00_00	1
31008870	ボス出現_2回目	Boss appearance_2nd time	emevd_event	31002860	m31_00_00_00	1
31008871	ボス出現_2回目	Boss appearance_2nd time	emevd_event	31002860	m31_00_00_00	1
31009201	NPC309_盗賊の頭_初期状態_降伏イベント	NPC309_Thief Head_Initial state_Surrender event	emevd_event	31003704	m31_00_00_00	2
31009205	NPC301_戦場医師_NPC初期化イベント_バラの教会	NPC301_Battlefield Doctor_NPC Initialization Event_Rose Church	emevd_event	1035443700	m60_35_44_00	14
31009206		set by NPC talk 309001600 on m16_00_00_00	esd_talk	309001600	m16_00_00_00	3
31009207	NPC309盗賊の頭_キャラ状態遷移	NPC309 Thief Head_Character state transition	emevd_event	3699	common	1
31009208		set by NPC talk 309001600 on m16_00_00_00	esd_talk	309001600	m16_00_00_00	3
31009210		set by NPC talk 309001600 on m16_00_00_00	esd_talk	309001600	m16_00_00_00	3
31009211	NPC309_盗賊の頭_初期状態_降伏後の攻撃回数監視	NPC309_Thief Head_Initial state_Monitor the number of attacks after surrender	emevd_event	31003705	m31_00_00_00	1
31009212	NPC309_盗賊の頭_初期状態_降伏後の攻撃回数監視	NPC309_Thief Head_Initial state_Monitor the number of attacks after surrender	emevd_event	31003705	m31_00_00_00	1
31009213	NPC309_盗賊の頭_初期状態_降伏後の攻撃回数監視	NPC309_Thief Head_Initial state_Monitor the number of attacks after surrender	emevd_event	31003705	m31_00_00_00	1
31009214	NPC309_盗賊の頭_初戦開始前_敵対フラグON	NPC309_Head of the thieves_Before the start of the first battle_Hostile flag ON	emevd_event	31003703	m31_00_00_00	1
31009215	NPC309_盗賊の頭_初戦開始前_敵対フラグON	NPC309_Head of the thieves_Before the start of the first battle_Hostile flag ON	emevd_event	31003703	m31_00_00_00	2
31009217	NPC309_盗賊の頭_初戦開始前_敵対フラグON	NPC309_Head of the thieves_Before the start of the first battle_Hostile flag ON	emevd_event	31003703	m31_00_00_00	1
31009218		set by NPC talk 309001600 on m16_00_00_00	esd_talk	309001600	m16_00_00_00	3
31009219	NPC309_盗賊の頭_初戦開始前_敵対フラグON	NPC309_Head of the thieves_Before the start of the first battle_Hostile flag ON	emevd_event	31003703	m31_00_00_00	2
31009225		set by NPC talk 309001600 on m16_00_00_00	esd_talk	309001600	m16_00_00_00	3
31009226		set by NPC talk 309001600 on m16_00_00_00	esd_talk	309001600	m16_00_00_00	3
31009228		set by NPC talk 309001600 on m16_00_00_00	esd_talk	309001600	m16_00_00_00	3
31009229		set by NPC talk 309001600 on m16_00_00_00	esd_talk	309001600	m16_00_00_00	3
31009230		set by NPC talk 309001600 on m16_00_00_00	esd_talk	309001600	m16_00_00_00	3
31009231		set by NPC talk 309001600 on m16_00_00_00	esd_talk	309001600	m16_00_00_00	3
31009234		set by NPC talk 309001600 on m16_00_00_00	esd_talk	309001600	m16_00_00_00	3
31009235		set by NPC talk 309001600 on m16_00_00_00	esd_talk	309001600	m16_00_00_00	3
31009236		set by NPC talk 309001600 on m16_00_00_00	esd_talk	309001600	m16_00_00_00	3
31009237		set by NPC talk 309001600 on m16_00_00_00	esd_talk	309001600	m16_00_00_00	3
31009238		set by NPC talk 309001600 on m16_00_00_00	esd_talk	309001600	m16_00_00_00	3
31009240		set by NPC talk 309001600 on m16_00_00_00	esd_talk	309001600	m16_00_00_00	3
31009241		set by NPC talk 309001600 on m16_00_00_00	esd_talk	309001600	m16_00_00_00	3
31009242		set by NPC talk 309001600 on m16_00_00_00	esd_talk	309001600	m16_00_00_00	3
31009243		set by NPC talk 309001600 on m16_00_00_00	esd_talk	309001600	m16_00_00_00	3
31009244		set by NPC talk 309001600 on m16_00_00_00	esd_talk	309001600	m16_00_00_00	3
31009245		set by NPC talk 309001600 on m16_00_00_00	esd_talk	309001600	m16_00_00_00	3
31009246		set by NPC talk 309001600 on m16_00_00_00	esd_talk	309001600	m16_00_00_00	3
31009255		set by NPC talk 309001600 on m16_00_00_00	esd_talk	309001600	m16_00_00_00	3
31009256		set by NPC talk 309001600 on m16_00_00_00	esd_talk	309001600	m16_00_00_00	3
31009257		set by NPC talk 309001600 on m16_00_00_00	esd_talk	309001600	m16_00_00_00	3
31009258		set by NPC talk 309001600 on m16_00_00_00	esd_talk	309001600	m16_00_00_00	3
31009266	NPC309盗賊の頭_キャラ状態遷移	NPC309 Thief Head_Character state transition	emevd_event	3699	common	1
31009267		set by NPC talk 309001600 on m16_00_00_00	esd_talk	309001600	m16_00_00_00	3
31009269	NPC309_盗賊の頭_追い剥ぎとして再会_2戦目開始前準備	NPC309_Head of the thieves_Reunited as a robber_Preparation before the start of the second battle	emevd_event	31003713	m31_00_00_00	2
31009275		set by NPC talk 309001600 on m16_00_00_00	esd_talk	309001600	m16_00_00_00	3
31009810	NPC309_盗賊の頭_初戦開始前_敵対フラグON	NPC309_Head of the thieves_Before the start of the first battle_Hostile flag ON	emevd_event	31003703	m31_00_00_00	2
31009811	NPC309_盗賊の頭_初期状態_降伏イベント	NPC309_Thief Head_Initial state_Surrender event	emevd_event	31003704	m31_00_00_00	1
31009889	NPC309_盗賊の頭_追い剥ぎとして再会_2戦目開始前準備	NPC309_Head of the thieves_Reunited as a robber_Preparation before the start of the second battle	emevd_event	31003713	m31_00_00_00	2
31010500	落とし穴	Pitfall	emevd_event	31012500	m31_01_00_00	1
31010800	ボス撃破	Defeat the boss	emevd_event	31012800	m31_01_00_00	1
31010801	ボス出現	Boss appears	emevd_event	31012810	m31_01_00_00	1
31012802	ボス激昂	boss rage	emevd_event	31012811	m31_01_00_00	1
31020800	ボス撃破	Defeat the boss	emevd_event	31022800	m31_02_00_00	1
31020801	ボス出現	Boss appears	emevd_event	31022810	m31_02_00_00	1
31022802	ボス激昂	boss rage	emevd_event	31022811	m31_02_00_00	1
31030800	ボス撃破	Defeat the boss	emevd_event	31032800	m31_03_00_00	1
31030801	ボス出現	Boss appears	emevd_event	31032810	m31_03_00_00	1
31032802	ボス激昂	boss rage	emevd_event	31032811	m31_03_00_00	1
31040800	ボス撃破	Defeat the boss	emevd_event	31042800	m31_04_00_00	1
31042802	ボス激昂	boss rage	emevd_event	31042811	m31_04_00_00	1
31050800	ボス撃破	Defeat the boss	emevd_event	31052800	m31_05_00_00	1
31050801	ボス出現	Boss appears	emevd_event	31052810	m31_05_00_00	1
31052802	ボス激昂	boss rage	emevd_event	31052811	m31_05_00_00	1
31060800	ボス撃破	Defeat the boss	emevd_event	31062800	m31_06_00_00	1
31060801	ボス出現	Boss appears	emevd_event	31062810	m31_06_00_00	1
31062842	ボス激昂	boss rage	emevd_event	31062811	m31_06_00_00	1
31070800	ボス撃破	Defeat the boss	emevd_event	31072800	m31_07_00_00	1
31070801	ボス出現	Boss appears	emevd_event	31042810	m31_07_00_00	1
31072842	ボス激昂	boss rage	emevd_event	31072811	m31_07_00_00	1
31090800	ボス撃破	Defeat the boss	emevd_event	31092800	m31_09_00_00	1
31092802	ボス激昂	boss rage	emevd_event	31092811	m31_09_00_00	1
31100800	ボス撃破	Defeat the boss	emevd_event	31102800	m31_10_00_00	1
31100801	ボス出現	Boss appears	emevd_event	31102810	m31_10_00_00	1
31102805	ホストがボス部屋入場	Host enters boss room	emevd_event	31102815	m31_10_00_00	1
31102842	ボス激昂	boss rage	emevd_event	31102811	m31_10_00_00	1
31102865	ホスト入場フラグ_2回目以上	Host entry flag_2nd or more time	emevd_event	31102860	m31_10_00_00	1
31110800	ボス撃破	Defeat the boss	emevd_event	31112800	m31_11_00_00	1
31112842	ボス激昂	boss rage	emevd_event	31112811	m31_11_00_00	1
31118700	輝石鍵の封印壁	Seal wall of pyroxene key	emevd_event	31112400	m31_11_00_00	1
31120800	ボス撃破	Defeat the boss	emevd_event	31122800	m31_12_00_00	1
31122802	ボス激昂	boss rage	emevd_event	31122811	m31_12_00_00	1
31150800	ボス撃破	Defeat the boss	emevd_event	31152800	m31_15_00_00	1
31150815	ボス出現	Boss appears	emevd_event	31152810	m31_15_00_00	1
31152700	NPC223亜人針子_洞窟で倒れている_能動会話再生済リセット	NPC223 Ajin seamstress_Collapsed in the cave_Active conversation played reset	emevd_event	31153701	m31_15_00_00	1
31152805	ボス出現	Boss appears	emevd_event	31152810	m31_15_00_00	1
31152815	ボス出現	Boss appears	emevd_event	31152810	m31_15_00_00	2
31152842	ボス激昂	boss rage	emevd_event	31152811	m31_15_00_00	1
31159200	NPC223亜人針子_NPC初期化イベント_洞窟で倒れている	NPC223 Demi-Shimiko_NPC initialization event_Collapsed in the cave	emevd_event	31153700	m31_15_00_00	1
31159202		set by NPC talk 223001100 on m11_00_00_00	esd_talk	223001100	m11_00_00_00	5
31159205		set by NPC talk 223001100 on m11_00_00_00	esd_talk	223001100	m11_00_00_00	5
31159206		set by NPC talk 223001100 on m11_00_00_00	esd_talk	223001100	m11_00_00_00	5
31159250	NPC345火山館の依頼ターゲット1_白霊召喚許可フラグ立て	NPC345 Volcano Hall Request Target 1_ White Spirit Summon Permission Flag Set	emevd_event	31153710	m31_15_00_00	1
31170800	ボス撃破	Defeat the boss	emevd_event	31172800	m31_17_00_00	1
31170801	ボス出現	Boss appears	emevd_event	31172810	m31_17_00_00	1
31172499	ボス演出用特殊判定	Special judgment for boss production	emevd_event	31172499	m31_17_00_00	1
31172802	ボス激昂	boss rage	emevd_event	31172811	m31_17_00_00	1
31180400	アステール撃破	Defeat Aster	emevd_event	31182401	m31_18_00_00	1
31180800	ボス撃破	Defeat the boss	emevd_event	31182800	m31_18_00_00	1
31182842	ボス激昂	boss rage	emevd_event	31182811	m31_18_00_00	1
31190800	ボス撃破	Defeat the boss	emevd_event	31192800	m31_19_00_00	1
31190850	隠しボス_ボス撃破	Hidden boss_defeat boss	emevd_event	31192850	m31_19_00_00	1
31190890	隠しボスマルチ権限対応	Hidden boss multi-authority support	emevd_event	31192880	m31_19_00_00	1
31192802	ボス激昂	boss rage	emevd_event	31192811	m31_19_00_00	1
31192852	隠しボス激昂	Hidden boss rage	emevd_event	31192861	m31_19_00_00	1
31192870	隠しボス_敵ジェネレータAを有効化	Hidden boss_enable enemy generator A	emevd_event	31192862	m31_19_00_00	1
31192871	隠しボス激昂	Hidden boss rage	emevd_event	31192861	m31_19_00_00	1
31192875	マルチドーピング対応_XX	Multi-doping compatible_XX	emevd_event	31192863	m31_19_00_00	1
31200800	ボス撃破	Defeat the boss	emevd_event	31202800	m31_20_00_00	1
31202842	ボス激昂	boss rage	emevd_event	31202811	m31_20_00_00	1
31210500	落とし穴壊れたら周回まで復活しない	If the pit breaks, it won't come back until the lap.	emevd_event	31212500	m31_21_00_00	1
31210800	ボス撃破	Defeat the boss	emevd_event	31212800	m31_21_00_00	1
31210801	ボス出現	Boss appears	emevd_event	31212810	m31_21_00_00	1
31212805	ホストがボス部屋入場	Host enters boss room	emevd_event	31212815	m31_21_00_00	1
31212852	ボス激昂	boss rage	emevd_event	312112811	m31_21_00_00	1
31212865	ホスト入場フラグ_2回目以上	Host entry flag_2nd or more time	emevd_event	31212860	m31_21_00_00	1
31220500	落とし穴	Pitfall	emevd_event	31222500	m31_22_00_00	1
31220800	ボス撃破	Defeat the boss	emevd_event	31222800	m31_22_00_00	1
31222301	狼召喚_穴通路	Wolf summon_hole passage	emevd_event	31222301	m31_22_00_00	1
31222820	ボス出現_神父アナザー	Boss appearance_Priest Another	emevd_event	31222811	m31_22_00_00	1
31222821	ボス出現_白蛇つむり	Boss appearance_White snake Tsumuri	emevd_event	31222812	m31_22_00_00	1
31222842	ボス出現_神父アナザー	Boss appearance_Priest Another	emevd_event	31222811	m31_22_00_00	1
32000510	エレベータ初期フラグ設定	Elevator initial flag setting	emevd_event	32000519	m32_00_00_00	1
32000800	ボス撃破	Defeat the boss	emevd_event	32002800	m32_00_00_00	1
32000801	ボス出現	Boss appears	emevd_event	32002810	m32_00_00_00	1
32002802	ボス激昂	boss rage	emevd_event	32002811	m32_00_00_00	1
32009203	壺マイヤー_移動処理_一方通行扉前_裏口	Tsubo Meyer_Movement process_In front of one-way door_Back door	emevd_event	32073701	m32_07_00_00	2
32009205		set by NPC talk 220001300 on m13_00_00_00	esd_talk	220001300	m13_00_00_00	5
32009206		set by NPC talk 220001300 on m13_00_00_00	esd_talk	220001300	m13_00_00_00	5
32010510	プリコンストラクタ	preconstructor	emevd_event	50	m32_01_00_00	1
32010515	プリコンストラクタ	preconstructor	emevd_event	50	m32_01_00_00	1
32010519	アセットバッグリートデバッグ用	For asset bag ret debugging	emevd_event	32012920	m32_01_00_00	1
32010520	プリコンストラクタ	preconstructor	emevd_event	50	m32_01_00_00	1
32010800	ボス撃破	Defeat the boss	emevd_event	32012800	m32_01_00_00	1
32010801	ボス出現	Boss appears	emevd_event	32012810	m32_01_00_00	1
32012802	ボス激昂	boss rage	emevd_event	32012811	m32_01_00_00	1
32018590	ボス閉鎖	boss closure	emevd_event	32012820	m32_01_00_00	1
32020510	エレベータ初期フラグ設定	Elevator initial flag setting	emevd_event	32020519	m32_02_00_00	1
32020520	エレベータ初期フラグ設定	Elevator initial flag setting	emevd_event	32020519	m32_02_00_00	1
32020525	エレベータ初期フラグ設定	Elevator initial flag setting	emevd_event	32020519	m32_02_00_00	1
32020800	ボス撃破	Defeat the boss	emevd_event	32022800	m32_02_00_00	1
32022802	ボス激昂	boss rage	emevd_event	32022811	m32_02_00_00	1
32040510	エレベータ初期フラグ設定	Elevator initial flag setting	emevd_event	32040519	m32_04_00_00	1
32040800	ボス撃破	Defeat the boss	emevd_event	32042800	m32_04_00_00	1
32042802	ボス激昂	boss rage	emevd_event	32042811	m32_04_00_00	1
32050510	エレベータ初期フラグ	Elevator initial flag	emevd_event	32050519	m32_05_00_00	1
32050800	ボス撃破	Defeat the boss	emevd_event	32052800	m32_05_00_00	1
32050801	ボス出現	Boss appears	emevd_event	32052810	m32_05_00_00	1
32052802	ボス激昂	boss rage	emevd_event	32052811	m32_05_00_00	1
32058590	ボス閉鎖	boss closure	emevd_event	32052820	m32_05_00_00	1
32070800	ボス撃破	Defeat the boss	emevd_event	32072800	m32_07_00_00	1
32070801	ボス出現	Boss appears	emevd_event	32072810	m32_07_00_00	1
32072802	ボス激昂	boss rage	emevd_event	32072811	m32_07_00_00	1
32078540	ボス閉鎖	boss closure	emevd_event	32072820	m32_07_00_00	1
32080650	宝箱ワープトラップ	treasure chest warp trap	emevd_event	1043362510	m60_43_36_00	2
32080800	ボス撃破	Defeat the boss	emevd_event	32082800	m32_08_00_00	1
32080801	ボス出現	Boss appears	emevd_event	32082810	m32_08_00_00	1
32082802	ボス激昂	boss rage	emevd_event	32082811	m32_08_00_00	1
32088590	ボス閉鎖	boss closure	emevd_event	32082820	m32_08_00_00	1
32110510	エレベーター初期フラグ設定	Elevator initial flag setting	emevd_event	32110519	m32_11_00_00	1
32110800	ボス撃破	Defeat the boss	emevd_event	32112800	m32_11_00_00	1
32110801	ボス出現	Boss appears	emevd_event	32112810	m32_11_00_00	1
32112802	ボス激昂	boss rage	emevd_event	32112811	m32_11_00_00	1
34100800	ボス撃破	Defeat the boss	emevd_event	34102800	m34_10_00_00	1
34100801	ボス出現	Boss appears	emevd_event	34102810	m34_10_00_00	1
34110520	神の塔への移動	Move to the Tower of God	emevd_event	34112151	m34_11_00_00	2
34110800	ボス撃破	Defeat the boss	emevd_event	34112800	m34_11_00_00	1
34112155	搭反転イベント	Tower reversal event	emevd_event	34112150	m34_11_00_00	1
34112485	敵対NPC_反転前_一回目ワープ	Hostile NPC_Before reversal_First warp	emevd_event	34112410	m34_11_00_00	1
34112486	敵対NPC_反転前_二回目ワープ	Hostile NPC_Before reversal_Second warp	emevd_event	34112420	m34_11_00_00	1
34112487	敵対NPC_反転前_三回目ワープ	Hostile NPC_Before reversal_Third warp	emevd_event	34112430	m34_11_00_00	1
34112488	敵対NPC_反転後_一回目ワープ	Hostile NPC_After reversal_First warp	emevd_event	34112465	m34_11_00_00	1
34120510	エレベータ初期フラグ	Elevator initial flag	emevd_event	34120519	m34_12_00_00	1
34120800	ボス撃破	Defeat the boss	emevd_event	34122800	m34_12_00_00	1
34120801	ボス出現	Boss appears	emevd_event	34122810	m34_12_00_00	1
34122802	ボス激昂	boss rage	emevd_event	34122811	m34_12_00_00	1
34130520	m34_13_00_00用初期フラグ設定	Initial flag setting for m34_13_00_00	emevd_event	34130519	m34_13_00_00	1
34130800	ボス撃破	Defeat the boss	emevd_event	34132800	m34_13_00_00	1
34140510	エレベーター初期フラグ設定	Elevator initial flag setting	emevd_event	34140519	m34_14_00_00	1
34140550	神の塔前_霧壁封印	In front of the Tower of God_Mist wall seal	emevd_event	34142550	m34_14_00_00	1
34140850	忌み子タッグ撃破	Defeat the Abominable Tag Team	emevd_event	34142850	m34_14_00_00	1
34140851	忌み子タッグ出現	Abandoned child tag appears	emevd_event	34140860	m34_14_00_00	1
34140865	忌み子たち撃破後_ワープイベント	After defeating the Abominable Children_Warp event	emevd_event	34142865	m34_14_00_00	1
34142550	神の塔前_霧壁封印	In front of the Tower of God_Mist wall seal	emevd_event	34142550	m34_14_00_00	1
34142855	忌み子タッグ出現	Abandoned child tag appears	emevd_event	34140860	m34_14_00_00	1
34149200	大昇降機中間地点地図ポイント非表示	Large elevator intermediate point map point hidden	emevd_event	34140700	m34_14_00_00	1
34149201	ロルドの大昇降機中間地点地図ポイント	Roldo's Great Elevator Midway Map Point	emevd_event	3089	common	1
34150800	ボス撃破	Defeat the boss	emevd_event	34152800	m34_15_00_00	1
35000350	動く彫像	moving statue	emevd_event	35002530	m35_00_00_00	1
35000500	狂い火の受領	Receiving crazy fire	emevd_event	35002500	m35_00_00_00	1
35000501	狂い火の受領	Receiving crazy fire	emevd_event	35002500	m35_00_00_00	1
35000504	最下層の封印	bottom seal	emevd_event	35002504	m35_00_00_00	1
35000506	疑下層の崩落	Collapse of the lower layer of suspicion	emevd_event	35002506	m35_00_00_00	1
35000510	エレベータ初期フラグ	Elevator initial flag	emevd_event	35000519	m35_00_00_00	1
35000520	エレベータ初期フラグ	Elevator initial flag	emevd_event	35000519	m35_00_00_00	1
35000670	m35_00_00_00用初期フラグ設定	Initial flag setting for m35_00_00_00	emevd_event	35000050	m35_00_00_00	1
35000675	m35_00_00_00用初期フラグ設定	Initial flag setting for m35_00_00_00	emevd_event	35000050	m35_00_00_00	1
35000701		set by NPC talk 310003500 on m35_00_00_00	esd_talk	310003500	m35_00_00_00	2
35000800	幻影グレーター_撃破	Phantom Greater_Defeated	emevd_event	35002800	m35_00_00_00	1
35000801	幻影グレーター_出現	Phantom Greater Appearance	emevd_event	35002810	m35_00_00_00	1
35000820	ボス部屋祭壇の移動	Moving the boss room altar	emevd_event	35002820	m35_00_00_00	1
35000850	地下墓地ボス撃破	Defeat the catacomb boss	emevd_event	35002850	m35_00_00_00	1
35002504	最下層の封印	bottom seal	emevd_event	35002504	m35_00_00_00	1
35002700		set by NPC talk 310003500 on m35_00_00_00	esd_talk	310003500	m35_00_00_00	2
35002701		set by NPC talk 310003500 on m35_00_00_00	esd_talk	310003500	m35_00_00_00	2
35002705		set by NPC talk 310003500 on m35_00_00_00	esd_talk	310003500	m35_00_00_00	2
35002708		set by NPC talk 310003500 on m35_00_00_00	esd_talk	310003500	m35_00_00_00	2
35002710		set by NPC talk 800001100 on m11_00_00_00	esd_talk	800001100	m11_00_00_00	3
35002721		set by NPC talk 323003500 on m35_00_00_00	esd_talk	323003500	m35_00_00_00	1
35002722		set by NPC talk 323003500 on m35_00_00_00	esd_talk	323003500	m35_00_00_00	1
35002723		set by NPC talk 323003500 on m35_00_00_00	esd_talk	323003500	m35_00_00_00	1
35002724		set by NPC talk 323003500 on m35_00_00_00	esd_talk	323003500	m35_00_00_00	1
35002725	NPC323糞喰い_呪い使用イベント	NPC323 Shit-eater_Curse use event	emevd_event	35003722	m35_00_00_00	1
35002726	NPC323糞喰い_呪い使用イベント	NPC323 Shit-eater_Curse use event	emevd_event	35003722	m35_00_00_00	1
35002727		set by NPC talk 323006000 on m60_00_00_00	esd_talk	323006000	m60_00_00_00	1
35002732		set by NPC talk 000003000 on m00_00_00_00	esd_talk	000003000	m00_00_00_00	1
35002733		set by NPC talk 000003000 on m00_00_00_00	esd_talk	000003000	m00_00_00_00	1
35002802	幻影グレーター_出現	Phantom Greater Appearance	emevd_event	35002810	m35_00_00_00	1
35008540	世界樹炎上後の変化	Changes after the World Tree went up in flames	emevd_event	35002600	m35_00_00_00	1
35009202		set by NPC talk 310003500 on m35_00_00_00	esd_talk	310003500	m35_00_00_00	2
35009205		set by NPC talk 310003500 on m35_00_00_00	esd_talk	310003500	m35_00_00_00	2
35009206		set by NPC talk 310003500 on m35_00_00_00	esd_talk	310003500	m35_00_00_00	2
35009208		set by NPC talk 310003500 on m35_00_00_00	esd_talk	310003500	m35_00_00_00	2
35009209		set by NPC talk 310003500 on m35_00_00_00	esd_talk	310003500	m35_00_00_00	2
35009210		set by NPC talk 310003500 on m35_00_00_00	esd_talk	310003500	m35_00_00_00	2
35009211	NPC310城主の娘_アイテム光出現タイミング調整	NPC310 Castle Lord's Daughter_Item light appearance timing adjustment	emevd_event	35000703	m35_00_00_00	1
35009250	NPC800_赤目商人カーレ_三本指の前_リアルタイム遷移	NPC800_Red-Eyed Merchant Kare_In front of three fingers_Real-time transition	emevd_event	35003714	m35_00_00_00	1
35009254		set by NPC talk 800001100 on m11_00_00_00	esd_talk	800001100	m11_00_00_00	3
35009255		set by NPC talk 800001100 on m11_00_00_00	esd_talk	800001100	m11_00_00_00	3
35009256		set by NPC talk 800001100 on m11_00_00_00	esd_talk	800001100	m11_00_00_00	3
35009257		set by NPC talk 800001100 on m11_00_00_00	esd_talk	800001100	m11_00_00_00	3
35009261	NPC800_赤目商人カーレ_三本指の前_リアルタイム遷移	NPC800_Red-Eyed Merchant Kare_In front of three fingers_Real-time transition	emevd_event	35003714	m35_00_00_00	1
35009270		set by NPC talk 800001100 on m11_00_00_00	esd_talk	800001100	m11_00_00_00	3
35009303	NPC323糞喰い_ﾌｪｰｽﾞ2_NPC初期化イベント	NPC323 Shit-eating_Phase 2_NPC initialization event	emevd_event	35003720	m35_00_00_00	1
35009306		set by NPC talk 323003500 on m35_00_00_00	esd_talk	323003500	m35_00_00_00	1
35009307		set by NPC talk 323003500 on m35_00_00_00	esd_talk	323003500	m35_00_00_00	1
35009308		set by NPC talk 323003500 on m35_00_00_00	esd_talk	323003500	m35_00_00_00	1
35009315	NPC323糞喰い_侵入条件	NPC323 Shit-eater_Entry conditions	emevd_event	1044523712	m60_44_52_00	2
35009316		set by NPC talk 323006000 on m60_00_00_00	esd_talk	323006000	m60_00_00_00	1
35009317	NPC323糞喰い_共闘サイン停止イベント	NPC323 Shit Eating_Cooperative Sign Stopping Event	emevd_event	11003740	m11_00_00_00	3
35009318	NPC323糞喰い_共闘サイン停止イベント	NPC323 Shit Eating_Cooperative Sign Stopping Event	emevd_event	11003740	m11_00_00_00	3
35009323	NPC323糞喰い_呪い使用イベント	NPC323 Shit-eater_Curse use event	emevd_event	35003722	m35_00_00_00	1
35009325		set by NPC talk 323003500 on m35_00_00_00	esd_talk	323003500	m35_00_00_00	1
35009326		set by NPC talk 323003500 on m35_00_00_00	esd_talk	323003500	m35_00_00_00	1
35009327		set by NPC talk 323003500 on m35_00_00_00	esd_talk	323003500	m35_00_00_00	1
35009328		set by NPC talk 323003500 on m35_00_00_00	esd_talk	323003500	m35_00_00_00	1
35009329		set by NPC talk 323003500 on m35_00_00_00	esd_talk	323003500	m35_00_00_00	1
35009330		set by NPC talk 323003500 on m35_00_00_00	esd_talk	323003500	m35_00_00_00	1
35009333	NPC323糞喰い_ﾌｪｰｽﾞ5_NPC初期化イベント	NPC323 Shit Eating_Phase 5_NPC Initialization Event	emevd_event	35003721	m35_00_00_00	2
35009334		set by NPC talk 323003500 on m35_00_00_00	esd_talk	323003500	m35_00_00_00	1
35009336	NPC323糞喰い_呪いのアイテム使用後に再訪	NPC323 Shit Eater_Revisit after using cursed item	emevd_event	35003723	m35_00_00_00	1
35009337	NPC323糞喰い_攻撃殺害	NPC323 Shit-eater_Attack and kill	emevd_event	35003725	m35_00_00_00	1
35009338		set by NPC talk 323003500 on m35_00_00_00	esd_talk	323003500	m35_00_00_00	1
35009350		set by NPC talk 000001000 on m00_00_00_00	esd_talk	000001000	m00_00_00_00	1
35009351		set by NPC talk 000003000 on m00_00_00_00	esd_talk	000003000	m00_00_00_00	1
35009352		set by NPC talk 000001000 on m00_00_00_00	esd_talk	000001000	m00_00_00_00	1
35009353		set by NPC talk 000003000 on m00_00_00_00	esd_talk	000003000	m00_00_00_00	1
35009355		set by NPC talk 000001000 on m00_00_00_00	esd_talk	000001000	m00_00_00_00	1
35009356		set by NPC talk 000003000 on m00_00_00_00	esd_talk	000003000	m00_00_00_00	1
35009357		set by NPC talk 000003000 on m00_00_00_00	esd_talk	000003000	m00_00_00_00	1
35009358		set by NPC talk 000001000 on m00_00_00_00	esd_talk	000001000	m00_00_00_00	1
35009359		set by NPC talk 000003000 on m00_00_00_00	esd_talk	000003000	m00_00_00_00	1
35009360		set by NPC talk 000003000 on m00_00_00_00	esd_talk	000003000	m00_00_00_00	1
39200800	王の土竜_撃破	King's Earth Dragon_Defeated	emevd_event	39202800	m39_20_00_00	1
39200801	王の土竜_出現	King's Earth Dragon_Appearance	emevd_event	39202810	m39_20_00_00	1
39202104	NPC疑似マルチ_トラゴス_開始	NPC pseudo multi_tragos_start	emevd_event	39202145	m39_20_00_00	1
39209200	NPC344_トラゴス_侵入サイン出現フラグを立てる	NPC344_Tragos_ Set intrusion sign appearance flag	emevd_event	39203700	m39_20_00_00	1
39209201	NPC344_トラゴス_侵入トラゴス戦を開始した	NPC344_Tragos_ Invasion Tragos battle has started.	emevd_event	39203701	m39_20_00_00	1
39209250	NPC331_ならず者_共闘サイン出現フラグを立てる	NPC331_Rogue_Set the cooperation sign appearance flag	emevd_event	39203720	m39_20_00_00	1
41009205		set by NPC talk 450004100 on m41_00_00_00	esd_talk	450004100	m41_00_00_00	1
41029205		set by NPC talk 450004102 on m41_02_00_00	esd_talk	450004102	m41_02_00_00	1
42009205		set by NPC talk 450004200 on m42_00_00_00	esd_talk	450004200	m42_00_00_00	1
42029205		set by NPC talk 450004202 on m42_02_00_00	esd_talk	450004202	m42_02_00_00	1
45000110	PC死亡復活時_バディ召喚済みフラグ折る	When PC dies and revives_Fold buddy summoned flag	emevd_event	45002200	m45_00_00_00	2
45010110	PC死亡復活時_バディ召喚済みフラグ折る	When PC dies and revives_Fold buddy summoned flag	emevd_event	45012200	m45_01_00_00	2
45020110	PC死亡復活時_バディ召喚済みフラグ折る	When PC dies and revives_Fold buddy summoned flag	emevd_event	45022200	m45_02_00_00	2
1033400510	エレベーター初期フラグ	Elevator initial flag	emevd_event	1033400519	m60_33_40_00	1
1033420610	空飛ぶ亀イベント	flying turtle event	emevd_event	1033422211	m60_33_42_00	1
1033452201	スカラベ_メタル個体ミニゲーム_イベント	Scarab_Metal Individual Mini Game_Event	emevd_event	1033452200	m60_33_45_00	1
1033452202	スカラベ_メタル個体ミニゲーム_イベント	Scarab_Metal Individual Mini Game_Event	emevd_event	1033452200	m60_33_45_00	1
1033460610	鐘楼群のガーゴイル像_会話	Gargoyle statues in the bell towers_Conversation	emevd_event	1033462611	m60_33_46_00	1
1033470610	鐘楼群ワープOBJイベント_開始	Bell tower group warp OBJ event_start	emevd_event	1033472610	m60_33_47_00	2
1034410510	エレベータ初期フラグ	Elevator initial flag	emevd_event	1034410519	m60_34_41_00	1
1034422800	ワイバーン出現イベント	Wyvern appearance event	emevd_event	1034422800	m60_34_42_00	1
1034429205		set by NPC talk 334001000 on m10_00_00_00	esd_talk	334001000	m10_00_00_00	3
1034429209	NPC334百智卿の娘_ﾌｪｰｽﾞ3_白霊召喚停止イベント	NPC334 Daughter of Lord Hyakuchi_Phase 3_White Spirit Summoning Stop Event	emevd_event	1034420701	m60_34_42_00	3
1034432616	魔術師塔イベント_ヒントテキスト表示	Magician Tower Event_Hint text display	emevd_event	1034432612	m60_33_40_00	1
1034470610	鐘楼群のガーゴイル像_会話	Gargoyle statues in the bell towers_Conversation	emevd_event	1034472611	m60_34_47_00	1
1034480800	ボス撃破	Defeat the boss	emevd_event	1034482800	m60_34_48_00	1
1034492284	アローレインラダーンベース_XX	Arrow Rain Radan Base_XX	emevd_event	1034492290	m60_34_49_00	1
1034492700		set by NPC talk 224006000 on m60_00_00_00	esd_talk	224006000	m60_00_00_00	1
1034492701		set by NPC talk 224006000 on m60_00_00_00	esd_talk	224006000	m60_00_00_00	1
1034492702		set by NPC talk 224006000 on m60_00_00_00	esd_talk	224006000	m60_00_00_00	1
1034492703		set by NPC talk 224006000 on m60_00_00_00	esd_talk	224006000	m60_00_00_00	1
1034499202	NPC224爺や_NPC初期化イベント_初期状態	NPC224 Grandpa_NPC initialization event_initial state	emevd_event	1034490700	m60_34_49_00	2
1034499204	NPC224爺や_NPC初期化イベント_ラニの仲間になった後	NPC224 Old Man_NPC Initialization Event_After becoming Rani's friend	emevd_event	1034490701	m60_34_49_00	2
1034499205		set by NPC talk 224006000 on m60_00_00_00	esd_talk	224006000	m60_00_00_00	1
1034499206		set by NPC talk 224006000 on m60_00_00_00	esd_talk	224006000	m60_00_00_00	1
1034499207		set by NPC talk 224006000 on m60_00_00_00	esd_talk	224006000	m60_00_00_00	1
1034499208		set by NPC talk 224006000 on m60_00_00_00	esd_talk	224006000	m60_00_00_00	2
1034499209		set by NPC talk 224006000 on m60_00_00_00	esd_talk	224006000	m60_00_00_00	1
1034499210		set by NPC talk 224006000 on m60_00_00_00	esd_talk	224006000	m60_00_00_00	1
1034499211		set by NPC talk 224006000 on m60_00_00_00	esd_talk	224006000	m60_00_00_00	1
1034499212		set by NPC talk 224006000 on m60_00_00_00	esd_talk	224006000	m60_00_00_00	1
1034499213		set by NPC talk 224006000 on m60_00_00_00	esd_talk	224006000	m60_00_00_00	1
1034499214		set by NPC talk 224006000 on m60_00_00_00	esd_talk	224006000	m60_00_00_00	1
1034499215		set by NPC talk 224006000 on m60_00_00_00	esd_talk	224006000	m60_00_00_00	1
1034499216		set by NPC talk 224006000 on m60_00_00_00	esd_talk	224006000	m60_00_00_00	1
1034499220		set by NPC talk 224006000 on m60_00_00_00	esd_talk	224006000	m60_00_00_00	1
1034499221		set by NPC talk 224006000 on m60_00_00_00	esd_talk	224006000	m60_00_00_00	1
1034499222		set by NPC talk 224006000 on m60_00_00_00	esd_talk	224006000	m60_00_00_00	1
1034499223		set by NPC talk 224006000 on m60_00_00_00	esd_talk	224006000	m60_00_00_00	1
1034499224		set by NPC talk 224006000 on m60_00_00_00	esd_talk	224006000	m60_00_00_00	1
1034499225		set by NPC talk 224006000 on m60_00_00_00	esd_talk	224006000	m60_00_00_00	1
1034499226		set by NPC talk 224006000 on m60_00_00_00	esd_talk	224006000	m60_00_00_00	1
1034499227		set by NPC talk 224006000 on m60_00_00_00	esd_talk	224006000	m60_00_00_00	1
1034499228		set by NPC talk 224006000 on m60_00_00_00	esd_talk	224006000	m60_00_00_00	1
1034499229		set by NPC talk 224006000 on m60_00_00_00	esd_talk	224006000	m60_00_00_00	1
1034499230		set by NPC talk 224006000 on m60_00_00_00	esd_talk	224006000	m60_00_00_00	1
1034499231		set by NPC talk 224006000 on m60_00_00_00	esd_talk	224006000	m60_00_00_00	1
1034499232		set by NPC talk 224006000 on m60_00_00_00	esd_talk	224006000	m60_00_00_00	1
1034499233		set by NPC talk 224006000 on m60_00_00_00	esd_talk	224006000	m60_00_00_00	1
1034499234		set by NPC talk 224006000 on m60_00_00_00	esd_talk	224006000	m60_00_00_00	1
1034499235		set by NPC talk 224006000 on m60_00_00_00	esd_talk	224006000	m60_00_00_00	1
1034499238		set by NPC talk 224006000 on m60_00_00_00	esd_talk	224006000	m60_00_00_00	1
1034499239		set by NPC talk 224006000 on m60_00_00_00	esd_talk	224006000	m60_00_00_00	1
1034499240		set by NPC talk 224006000 on m60_00_00_00	esd_talk	224006000	m60_00_00_00	1
1034499241		set by NPC talk 224006000 on m60_00_00_00	esd_talk	224006000	m60_00_00_00	1
1034499242		set by NPC talk 224006000 on m60_00_00_00	esd_talk	224006000	m60_00_00_00	1
1034499243		set by NPC talk 224006000 on m60_00_00_00	esd_talk	224006000	m60_00_00_00	1
1034499244		set by NPC talk 224006000 on m60_00_00_00	esd_talk	224006000	m60_00_00_00	1
1034499245		set by NPC talk 224006000 on m60_00_00_00	esd_talk	224006000	m60_00_00_00	1
1034499246		set by NPC talk 224006000 on m60_00_00_00	esd_talk	224006000	m60_00_00_00	1
1034499247		set by NPC talk 224006000 on m60_00_00_00	esd_talk	224006000	m60_00_00_00	1
1034499248		set by NPC talk 224006000 on m60_00_00_00	esd_talk	224006000	m60_00_00_00	1
1034499249		set by NPC talk 224006000 on m60_00_00_00	esd_talk	224006000	m60_00_00_00	1
1034500510	エレベーター初期フラグ	Elevator initial flag	emevd_event	1034500519	m60_34_50_00	1
1034500703	NPC106ラニ_キャラ状態遷移	NPC106 Rani_Character state transition	emevd_event	3759	common	1
1034500736	ラニ塔囲みアセットイベント	Rani Tower Surrounding Asset Event	emevd_event	1034502610	m60_34_50_00	1
1034500738	NPC106ラニ_リアルタイム状態遷移_顔合わせ開始	NPC106 Rani_Real-time state transition_Meeting begins	emevd_event	1034500732	m60_34_50_00	2
1034500739	NPC106ラニ_リアルタイム状態遷移_顔合わせ終了	NPC106 Rani_Real-time state transition_Meeting finished	emevd_event	1034500733	m60_34_50_00	1
1034500800	ワイバーン既に二回目倒されていたら消す処理	Process to erase the Wyvern if it has already been defeated for the second time	emevd_event	1034502802	m60_34_50_00	2
1034502700	NPC216狼頭の戦士_戦闘開始会話	NPC216 Wolf Head Warrior_Battle Start Conversation	emevd_event	1034500702	m60_34_50_00	1
1034502720		set by NPC talk 307006000 on m60_00_00_00	esd_talk	307006000	m60_00_00_00	1
1034502721		set by NPC talk 307006000 on m60_00_00_00	esd_talk	307006000	m60_00_00_00	1
1034502722		set by NPC talk 307006000 on m60_00_00_00	esd_talk	307006000	m60_00_00_00	1
1034502726	NPC307傀儡師_高度な魔術を学んだ	NPC307 Puppeteer_Learned advanced magic	emevd_event	1034500719	m60_34_50_00	1
1034502740		set by NPC talk 106016000 on m60_00_00_00	esd_talk	106016000	m60_00_00_00	1
1034502741		set by NPC talk 106016000 on m60_00_00_00	esd_talk	106016000	m60_00_00_00	1
1034502742		set by NPC talk 106016000 on m60_00_00_00	esd_talk	106016000	m60_00_00_00	1
1034502745	NPC106ラニ_NPC初期化イベント_ラニの塔	NPC106 Rani_NPC initialization event_Rani's Tower	emevd_event	1034500730	m60_34_50_00	1
1034502748	NPC106ラニ_NPC初期化イベント_ラニの塔	NPC106 Rani_NPC initialization event_Rani's Tower	emevd_event	1034500730	m60_34_50_00	1
1034509205		set by NPC talk 216016000 on m60_00_00_00	esd_talk	216016000	m60_00_00_00	1
1034509225		set by NPC talk 216001202 on m12_02_00_00	esd_talk	216001202	m12_02_00_00	2
1034509226		set by NPC talk 216001202 on m12_02_00_00	esd_talk	216001202	m12_02_00_00	2
1034509253	NPC316学院の女魔術師_新しい身体_NPC初期化イベント	NPC316 Academy Female Magician_New Body_NPC Initialization Event	emevd_event	1034503705	m60_34_50_00	2
1034509254	拠点入場時ダイアログ表示	Dialog display when entering base	emevd_event	11103775	m11_10_00_00	2
1034509255		set by NPC talk 316206000 on m60_00_00_00	esd_talk	316206000	m60_00_00_00	2
1034509256		set by NPC talk 316206000 on m60_00_00_00	esd_talk	316206000	m60_00_00_00	1
1034509257		set by NPC talk 316206000 on m60_00_00_00	esd_talk	316206000	m60_00_00_00	2
1034509258	NPC316学院の女魔術師_新しい身体_NPC初期化イベント	NPC316 Academy Female Magician_New Body_NPC Initialization Event	emevd_event	1034503705	m60_34_50_00	1
1034509259	NPC316学院の女魔術師_白霊召喚停止イベント	NPC316 Academy Female Magician_White Spirit Summoning Stop Event	emevd_event	14000714	m14_00_00_00	2
1034509267	NPC312平原砦の領主_キャラ状態遷移	NPC312 Lord of Plains Fort_Character state transition	emevd_event	3379	common	2
1034509269	NPC312平原砦の領主_キャラ状態遷移	NPC312 Lord of Plains Fort_Character state transition	emevd_event	3379	common	2
1034509302	NPC307傀儡師_NPC初期化イベント_セルブスの塔	NPC307 Puppet Master_NPC Initialization Event_Tower of Serbs	emevd_event	1034500716	m60_34_50_00	2
1034509305		set by NPC talk 307306000 on m60_00_00_00	esd_talk	307306000	m60_00_00_00	1
1034509306		set by NPC talk 307306000 on m60_00_00_00	esd_talk	307306000	m60_00_00_00	1
1034509310		set by NPC talk 307006000 on m60_00_00_00	esd_talk	307006000	m60_00_00_00	1
1034509311		set by NPC talk 307006000 on m60_00_00_00	esd_talk	307006000	m60_00_00_00	1
1034509312		set by NPC talk 307006000 on m60_00_00_00	esd_talk	307006000	m60_00_00_00	1
1034509313		set by NPC talk 307006000 on m60_00_00_00	esd_talk	307006000	m60_00_00_00	1
1034509314		set by NPC talk 307006000 on m60_00_00_00	esd_talk	307006000	m60_00_00_00	1
1034509315		set by NPC talk 307006000 on m60_00_00_00	esd_talk	307006000	m60_00_00_00	1
1034509316		set by NPC talk 307006000 on m60_00_00_00	esd_talk	307006000	m60_00_00_00	1
1034509317		set by NPC talk 307006000 on m60_00_00_00	esd_talk	307006000	m60_00_00_00	1
1034509318		set by NPC talk 307006000 on m60_00_00_00	esd_talk	307006000	m60_00_00_00	1
1034509319		set by NPC talk 307006000 on m60_00_00_00	esd_talk	307006000	m60_00_00_00	1
1034509320		set by NPC talk 307006000 on m60_00_00_00	esd_talk	307006000	m60_00_00_00	1
1034509321		set by NPC talk 307006000 on m60_00_00_00	esd_talk	307006000	m60_00_00_00	1
1034509322		set by NPC talk 307006000 on m60_00_00_00	esd_talk	307006000	m60_00_00_00	1
1034509323		set by NPC talk 307006000 on m60_00_00_00	esd_talk	307006000	m60_00_00_00	1
1034509324		set by NPC talk 307006000 on m60_00_00_00	esd_talk	307006000	m60_00_00_00	1
1034509325		set by NPC talk 307006000 on m60_00_00_00	esd_talk	307006000	m60_00_00_00	1
1034509326		set by NPC talk 307006000 on m60_00_00_00	esd_talk	307006000	m60_00_00_00	1
1034509327		set by NPC talk 307006000 on m60_00_00_00	esd_talk	307006000	m60_00_00_00	1
1034509328		set by NPC talk 307006000 on m60_00_00_00	esd_talk	307006000	m60_00_00_00	1
1034509329		set by NPC talk 307006000 on m60_00_00_00	esd_talk	307006000	m60_00_00_00	1
1034509330		set by NPC talk 307006000 on m60_00_00_00	esd_talk	307006000	m60_00_00_00	1
1034509331		set by NPC talk 307006000 on m60_00_00_00	esd_talk	307006000	m60_00_00_00	1
1034509332		set by NPC talk 307006000 on m60_00_00_00	esd_talk	307006000	m60_00_00_00	1
1034509333		set by NPC talk 307006000 on m60_00_00_00	esd_talk	307006000	m60_00_00_00	1
1034509334		set by NPC talk 307006000 on m60_00_00_00	esd_talk	307006000	m60_00_00_00	1
1034509335		set by NPC talk 307006000 on m60_00_00_00	esd_talk	307006000	m60_00_00_00	1
1034509336		set by NPC talk 307006000 on m60_00_00_00	esd_talk	307006000	m60_00_00_00	1
1034509337		set by NPC talk 307006000 on m60_00_00_00	esd_talk	307006000	m60_00_00_00	1
1034509338		set by NPC talk 307006000 on m60_00_00_00	esd_talk	307006000	m60_00_00_00	1
1034509345	NPC307傀儡師_X個以上傀儡購入	NPC307 Puppeteer_Purchase more than X puppets	emevd_event	1034500718	m60_34_50_00	1
1034509346	NPC307傀儡師_NPC初期化イベント_セルブスの塔	NPC307 Puppet Master_NPC Initialization Event_Tower of Serbs	emevd_event	1034500716	m60_34_50_00	1
1034509347		set by NPC talk 307006000 on m60_00_00_00	esd_talk	307006000	m60_00_00_00	1
1034509349	NPC307傀儡師_キャラ状態遷移	NPC307 Puppeteer_Character state transition	emevd_event	3579	common	1
1034509355		set by NPC talk 224206000 on m60_00_00_00	esd_talk	224206000	m60_00_00_00	1
1034509356		set by NPC talk 224206000 on m60_00_00_00	esd_talk	224206000	m60_00_00_00	1
1034509357		set by NPC talk 224206000 on m60_00_00_00	esd_talk	224206000	m60_00_00_00	1
1034509358		set by NPC talk 224206000 on m60_00_00_00	esd_talk	224206000	m60_00_00_00	1
1034509360	NPC224爺や_キャラ状態遷移	NPC224 Grandpa_Character state transition	emevd_batch	3779	common	1
1034509361	NPC224爺や_キャラ状態遷移	NPC224 Grandpa_Character state transition	emevd_batch	3779	common	1
1034509403	NPC106ラニ_NPC初期化イベント_ラニの塔	NPC106 Rani_NPC initialization event_Rani's Tower	emevd_event	1034500730	m60_34_50_00	3
1034509405		set by NPC talk 106016000 on m60_00_00_00	esd_talk	106016000	m60_00_00_00	1
1034509406		set by NPC talk 106026000 on m60_00_00_00	esd_talk	106026000	m60_00_00_00	1
1034509407		set by NPC talk 000001000 on m00_00_00_00	esd_talk	000001000	m00_00_00_00	1
1034509409		set by NPC talk 106016000 on m60_00_00_00	esd_talk	106016000	m60_00_00_00	1
1034509410		set by NPC talk 106016000 on m60_00_00_00	esd_talk	106016000	m60_00_00_00	1
1034509411		set by NPC talk 106016000 on m60_00_00_00	esd_talk	106016000	m60_00_00_00	1
1034509412	NPC106ラニ_リアルタイム状態遷移_顔合わせ開始	NPC106 Rani_Real-time state transition_Meeting begins	emevd_event	1034500732	m60_34_50_00	1
1034509413		set by NPC talk 106016000 on m60_00_00_00	esd_talk	106016000	m60_00_00_00	1
1034509415		set by NPC talk 106016000 on m60_00_00_00	esd_talk	106016000	m60_00_00_00	1
1034509416	NPC106ラニ_リアルタイム状態遷移_顔合わせ終了	NPC106 Rani_Real-time state transition_Meeting finished	emevd_event	1034500733	m60_34_50_00	1
1034509417	NPC106ラニ_顔合わせ完了	NPC106 Rani_Meeting completed	emevd_event	1034500734	m60_34_50_00	1
1034509418		set by NPC talk 106016000 on m60_00_00_00	esd_talk	106016000	m60_00_00_00	1
1034509419	NPC106ラニ_リアルタイム状態遷移_ラニの塔	NPC106 Rani_Real-time state transition_Rani's Tower	emevd_event	1034500731	m60_34_50_00	1
1034509420		set by NPC talk 106016000 on m60_00_00_00	esd_talk	106016000	m60_00_00_00	1
1034509421		set by NPC talk 106016000 on m60_00_00_00	esd_talk	106016000	m60_00_00_00	1
1034509422		set by NPC talk 106016000 on m60_00_00_00	esd_talk	106016000	m60_00_00_00	1
1034509423		set by NPC talk 106016000 on m60_00_00_00	esd_talk	106016000	m60_00_00_00	1
1034509424		set by NPC talk 106016000 on m60_00_00_00	esd_talk	106016000	m60_00_00_00	1
1034509425	NPC106ラニ_キャラ状態遷移	NPC106 Rani_Character state transition	emevd_event	3759	common	1
1034509426		set by NPC talk 106016000 on m60_00_00_00	esd_talk	106016000	m60_00_00_00	1
1034509427		set by NPC talk 106016000 on m60_00_00_00	esd_talk	106016000	m60_00_00_00	1
1034509428		set by NPC talk 106016000 on m60_00_00_00	esd_talk	106016000	m60_00_00_00	1
1034509429		set by NPC talk 106016000 on m60_00_00_00	esd_talk	106016000	m60_00_00_00	1
1034509430	NPC106ラニ_キャラ状態遷移	NPC106 Rani_Character state transition	emevd_event	3759	common	1
1034509431		set by NPC talk 106016000 on m60_00_00_00	esd_talk	106016000	m60_00_00_00	1
1034509432		set by NPC talk 106016000 on m60_00_00_00	esd_talk	106016000	m60_00_00_00	1
1034509433	NPC106ラニ_キャラ状態遷移	NPC106 Rani_Character state transition	emevd_event	3759	common	1
1034510739	NPC106ラニ_キャラ状態遷移	NPC106 Rani_Character state transition	emevd_event	3759	common	1
1035420150	ラニとの契り	Pact with Rani	emevd_event	1035422150	m60_35_42_00	1
1035420701	NPC219_足萎え村のNPC_擬態解除	NPC219_NPC of the withered village_Mimicry canceled	emevd_event	1035420701	m60_35_42_00	1
1035422700		set by NPC talk 219006000 on m60_00_00_00	esd_talk	219006000	m60_00_00_00	1
1035422701		set by NPC talk 219006000 on m60_00_00_00	esd_talk	219006000	m60_00_00_00	1
1035422710		set by NPC talk 106026000 on m60_00_00_00	esd_talk	106026000	m60_00_00_00	1
1035422711		set by NPC talk 106026000 on m60_00_00_00	esd_talk	106026000	m60_00_00_00	1
1035422712		set by NPC talk 106026000 on m60_00_00_00	esd_talk	106026000	m60_00_00_00	1
1035422714	NPC106_ラニ_カットシーン直後_現れる	NPC106_Rani_Appears immediately after the cutscene	emevd_event	1035420712	m60_35_42_00	1
1035429205	NPC219_足萎え村のNPC_NPC初期化イベント_初期状態	NPC219_NPC of Withered Village_NPC initialization event_Initial state	emevd_event	1035423700	m60_35_42_00	1
1035429206		set by NPC talk 219006000 on m60_00_00_00	esd_talk	219006000	m60_00_00_00	2
1035429207		set by NPC talk 219006000 on m60_00_00_00	esd_talk	219006000	m60_00_00_00	1
1035429209		set by NPC talk 219006000 on m60_00_00_00	esd_talk	219006000	m60_00_00_00	1
1035429210		set by NPC talk 219006000 on m60_00_00_00	esd_talk	219006000	m60_00_00_00	1
1035429211	暗黒円卓空間_暗黒時	Dark Round Table Space_Dark Hours	emevd_event	11100680	m11_10_00_00	2
1035429212		set by NPC talk 219006000 on m60_00_00_00	esd_talk	219006000	m60_00_00_00	1
1035429213	暗黒円卓空間キックフラグ操作	Dark round table space kick flag operation	emevd_event	3056	common	1
1035429252	NPC106_ラニ_NPC初期化イベント_カットシーン直後	NPC106_Rani_NPC initialization event_Immediately after cutscene	emevd_event	1035420710	m60_35_42_00	1
1035429255	NPC106_ラニ_カットシーン直後_会話後に消える	NPC106_Rani_Immediately after cutscene_Disappears after conversation	emevd_event	1035420711	m60_35_42_00	2
1035442705		set by NPC talk 301006000 on m60_00_00_00	esd_talk	301006000	m60_00_00_00	1
1035442708		set by NPC talk 301006000 on m60_00_00_00	esd_talk	301006000	m60_00_00_00	1
1035449205		set by NPC talk 301006000 on m60_00_00_00	esd_talk	301006000	m60_00_00_00	1
1035449206		set by NPC talk 301006000 on m60_00_00_00	esd_talk	301006000	m60_00_00_00	1
1035449207		set by NPC talk 301006000 on m60_00_00_00	esd_talk	301006000	m60_00_00_00	1
1035449208		set by NPC talk 301006000 on m60_00_00_00	esd_talk	301006000	m60_00_00_00	1
1035449215		set by NPC talk 301006000 on m60_00_00_00	esd_talk	301006000	m60_00_00_00	1
1035449216		set by NPC talk 301006000 on m60_00_00_00	esd_talk	301006000	m60_00_00_00	1
1035449225		set by NPC talk 301006000 on m60_00_00_00	esd_talk	301006000	m60_00_00_00	1
1035449226		set by NPC talk 301006000 on m60_00_00_00	esd_talk	301006000	m60_00_00_00	1
1035449227		set by NPC talk 301006000 on m60_00_00_00	esd_talk	301006000	m60_00_00_00	1
1035449235	侵入回数カウント_自世界	Count the number of intrusions_own world	emevd_event	3059	common	1
1035452700		set by NPC talk 801176000 on m60_00_00_00	esd_talk	801176000	m60_00_00_00	1
1035452705		set by NPC talk 801176000 on m60_00_00_00	esd_talk	801176000	m60_00_00_00	1
1035452707		set by NPC talk 801176000 on m60_00_00_00	esd_talk	801176000	m60_00_00_00	1
1035459200		set by NPC talk 801176000 on m60_00_00_00	esd_talk	801176000	m60_00_00_00	1
1035459205		set by NPC talk 801176000 on m60_00_00_00	esd_talk	801176000	m60_00_00_00	1
1035469205	NPC340_ある潰れ指_侵入サイン表示	NPC340_A certain crushed finger_Intrusion sign display	emevd_event	1035463701	m60_35_46_00	1
1035469206		set by NPC talk 318001110 on m11_10_00_00	esd_talk	318001110	m11_10_00_00	2
1035469207		set by NPC talk 318001110 on m11_10_00_00	esd_talk	318001110	m11_10_00_00	2
1035469208		set by NPC talk 318001110 on m11_10_00_00	esd_talk	318001110	m11_10_00_00	2
1035469209	NPC318_混沌の宿主_混沌に乗っ取られた_リアルタイム遷移	NPC318_Host of Chaos_Hijacked by Chaos_Real-time transition	emevd_event	1049533701	m60_49_53_00	1
1035470200	魔術師塔イベント_木の上亀	Magician Tower Event_Turtle on the Tree	emevd_event	1035472205	m60_35_47_00	1
1035470215	魔術師塔イベント_扉解除	Magician Tower Event_Door Release	emevd_event	1035472220	m60_35_47_00	1
1035470220	魔術師塔イベント_木の上亀	Magician Tower Event_Turtle on the Tree	emevd_event	1035472205	m60_35_47_00	1
1035472211	魔術師塔イベント_ヒントテキスト表示	Magician Tower Event_Hint text display	emevd_event	1035472222	m60_35_47_00	1
1035472241	スカラベ_メタル個体ミニゲーム_イベント	Scarab_Metal Individual Mini Game_Event	emevd_event	1035472240	m60_35_47_00	1
1035472242	スカラベ_メタル個体ミニゲーム_イベント	Scarab_Metal Individual Mini Game_Event	emevd_event	1035472240	m60_35_47_00	1
1035500510	エレベーター初期フラグ	Elevator initial flag	emevd_event	1035502514	m60_35_50_00	1
1035500514	エレベーター初期フラグ	Elevator initial flag	emevd_event	1035502514	m60_35_50_00	1
1035500800	ボス撃破	Defeat the boss	emevd_event	1035500800	m60_35_50_00	1
1035500801	ボス出現	Boss appears	emevd_event	1035502810	m60_35_50_00	1
1035502499	帰り道屍起動フラグ用	For the corpse activation flag on the way back	emevd_event	1035502401	m60_35_50_00	1
1035502700	NPC307傀儡師_NPC初期化イベント_本体	NPC307 Puppeteer_NPC initialization event_Body	emevd_event	1035500700	m60_35_50_00	2
1035502701	NPC307傀儡師_NPC初期化イベント_本体	NPC307 Puppeteer_NPC initialization event_Body	emevd_event	1035500700	m60_35_50_00	2
1035502702	NPC307傀儡師_NPC初期化イベント_本体	NPC307 Puppeteer_NPC initialization event_Body	emevd_event	1035500700	m60_35_50_00	2
1035502703		set by NPC talk 307106000 on m60_00_00_00	esd_talk	307106000	m60_00_00_00	1
1035502821	ツリーガード魔術師盾なし_ワープイベント_ワープ先を決める	Tree Guard Magician No Shield_Warp Event_Determine the warp destination	emevd_event	1035502840	m60_35_50_00	2
1035502822	ツリーガード魔術師盾なし_ワープイベント_ワープ先を決める	Tree Guard Magician No Shield_Warp Event_Determine the warp destination	emevd_event	1035502840	m60_35_50_00	2
1035502823	ツリーガード魔術師盾なし_ワープイベント_ワープ先を決める	Tree Guard Magician No Shield_Warp Event_Determine the warp destination	emevd_event	1035502840	m60_35_50_00	2
1035502824	ツリーガード魔術師盾なし_ワープイベント_ワープ先を決める	Tree Guard Magician No Shield_Warp Event_Determine the warp destination	emevd_event	1035502840	m60_35_50_00	2
1035502825	ツリーガード魔術師盾なし_ワープイベント_ワープ先を決める	Tree Guard Magician No Shield_Warp Event_Determine the warp destination	emevd_event	1035502840	m60_35_50_00	2
1035502826	ツリーガード魔術師盾なし_ワープイベント_ワープ先を決める	Tree Guard Magician No Shield_Warp Event_Determine the warp destination	emevd_event	1035502840	m60_35_50_00	2
1035502839	ツリーガード魔術師盾なし_ワープイベント_タイマー	Tree Guard Magician No Shield_Warp Event_Timer	emevd_event	1035502842	m60_35_50_00	1
1035509205		set by NPC talk 307106000 on m60_00_00_00	esd_talk	307106000	m60_00_00_00	1
1035509206		set by NPC talk 307106000 on m60_00_00_00	esd_talk	307106000	m60_00_00_00	1
1035509208	NPC307傀儡師_本体_購入数チェック	NPC307 Puppet Master_Main Unit_Check number of purchases	emevd_event	1035500702	m60_35_50_00	1
1035509210		set by NPC talk 307106000 on m60_00_00_00	esd_talk	307106000	m60_00_00_00	1
1035509211		set by NPC talk 307106000 on m60_00_00_00	esd_talk	307106000	m60_00_00_00	1
1035509215	NPC307傀儡師_キャラ状態遷移	NPC307 Puppeteer_Character state transition	emevd_event	3579	common	1
1035509216	NPC307傀儡師_キャラ状態遷移	NPC307 Puppeteer_Character state transition	emevd_event	3579	common	1
1035530340	土竜_ワープ判定	Earth Dragon_Warp Judgment	emevd_event	1035532340	m60_35_53_00	1
1035532702		set by NPC talk 220001300 on m13_00_00_00	esd_talk	220001300	m13_00_00_00	6
1035532703		set by NPC talk 220001300 on m13_00_00_00	esd_talk	220001300	m13_00_00_00	6
1035532709		set by NPC talk 220001300 on m13_00_00_00	esd_talk	220001300	m13_00_00_00	5
1035539204	壺マイヤー_溶岩風呂での雄叫びイベント_溶岩風呂	Tsubomayer_Lava bath roar event_Lava bath	emevd_event	1035533701	m60_35_53_00	2
1035539205		set by NPC talk 220001300 on m13_00_00_00	esd_talk	220001300	m13_00_00_00	6
1035539206	壺マイヤー_溶岩風呂での雄叫びイベント_溶岩風呂	Tsubomayer_Lava bath roar event_Lava bath	emevd_event	1035533701	m60_35_53_00	1
1035539207	壺マイヤー_溶岩風呂での雄叫びイベント_溶岩風呂	Tsubomayer_Lava bath roar event_Lava bath	emevd_event	1035533701	m60_35_53_00	1
1035539208	NPC220壺マイヤー_キャラ状態遷移	NPC220 Tsubo Meyer_Character state transition	emevd_event	3679	common	1
1035539209	NPC220壺マイヤー_白霊召喚停止イベント	NPC220 Jarmeyer_White Spirit Summoning Stop Event	emevd_event	1052533701	m60_52_53_00	2
1035542201	巨人の火の僧兵vs王軍_交戦イベント	Giant Fire Monk vs Royal Army_Battle Event	emevd_event	1035542201	m60_35_54_00	1
1035542700		set by NPC talk 702226000 on m60_00_00_00	esd_talk	702226000	m60_00_00_00	1
1035542701		set by NPC talk 702226000 on m60_00_00_00	esd_talk	702226000	m60_00_00_00	1
1035542702		set by NPC talk 702226000 on m60_00_00_00	esd_talk	702226000	m60_00_00_00	1
1035549201		set by NPC talk 702226000 on m60_00_00_00	esd_talk	702226000	m60_00_00_00	1
1035549202		set by NPC talk 702226000 on m60_00_00_00	esd_talk	702226000	m60_00_00_00	1
1036412701		set by NPC talk 228006000 on m60_00_00_00	esd_talk	228006000	m60_00_00_00	1
1036412702		set by NPC talk 228006000 on m60_00_00_00	esd_talk	228006000	m60_00_00_00	1
1036412703		set by NPC talk 228006000 on m60_00_00_00	esd_talk	228006000	m60_00_00_00	1
1036419203	NPC228ウルフライダー_NPC初期化イベント_初期状態	NPC228 Wolf Rider_NPC initialization event_Initial state	emevd_event	1036413700	m60_36_41_00	2
1036419205		set by NPC talk 228006000 on m60_00_00_00	esd_talk	228006000	m60_00_00_00	1
1036419206		set by NPC talk 228006000 on m60_00_00_00	esd_talk	228006000	m60_00_00_00	1
1036419207		set by NPC talk 228006000 on m60_00_00_00	esd_talk	228006000	m60_00_00_00	1
1036419208		set by NPC talk 228006000 on m60_00_00_00	esd_talk	228006000	m60_00_00_00	1
1036419209		set by NPC talk 228006000 on m60_00_00_00	esd_talk	228006000	m60_00_00_00	1
1036419210		set by NPC talk 228006000 on m60_00_00_00	esd_talk	228006000	m60_00_00_00	1
1036419211		set by NPC talk 228006000 on m60_00_00_00	esd_talk	228006000	m60_00_00_00	1
1036419215	NPC228ウルフライダー_NPC初期化イベント_初期状態	NPC228 Wolf Rider_NPC initialization event_Initial state	emevd_event	1036413700	m60_36_41_00	1
1036432700		set by NPC talk 331006000 on m60_00_00_00	esd_talk	331006000	m60_00_00_00	1
1036432701		set by NPC talk 331006000 on m60_00_00_00	esd_talk	331006000	m60_00_00_00	1
1036432702		set by NPC talk 331006000 on m60_00_00_00	esd_talk	331006000	m60_00_00_00	1
1036432703		set by NPC talk 331006000 on m60_00_00_00	esd_talk	331006000	m60_00_00_00	1
1036439203	NPC331ならず者_NPC初期化イベント_初期状態	NPC331 Rogue_NPC initialization event_Initial state	emevd_event	1036433700	m60_36_43_00	5
1036439205		set by NPC talk 331006000 on m60_00_00_00	esd_talk	331006000	m60_00_00_00	1
1036439206		set by NPC talk 331006000 on m60_00_00_00	esd_talk	331006000	m60_00_00_00	1
1036439207		set by NPC talk 331006000 on m60_00_00_00	esd_talk	331006000	m60_00_00_00	1
1036439208		set by NPC talk 331006000 on m60_00_00_00	esd_talk	331006000	m60_00_00_00	1
1036439209		set by NPC talk 331006000 on m60_00_00_00	esd_talk	331006000	m60_00_00_00	1
1036439210		set by NPC talk 331006000 on m60_00_00_00	esd_talk	331006000	m60_00_00_00	1
1036439211		set by NPC talk 331006000 on m60_00_00_00	esd_talk	331006000	m60_00_00_00	1
1036439212		set by NPC talk 331006000 on m60_00_00_00	esd_talk	331006000	m60_00_00_00	1
1036439213		set by NPC talk 331006000 on m60_00_00_00	esd_talk	331006000	m60_00_00_00	1
1036439214		set by NPC talk 331006000 on m60_00_00_00	esd_talk	331006000	m60_00_00_00	1
1036449200		set by NPC talk 101236000 on m60_00_00_00	esd_talk	101236000	m60_00_00_00	1
1036450340	救済対応_壱	Relief response_1	emevd_event	6901	common	1
1036479200		set by NPC talk 603016000 on m60_00_00_00	esd_talk	603016000	m60_00_00_00	1
1036480340	救済対応_壱	Relief response_1	emevd_event	6901	common	1
1036487400	救済対応_壱	Relief response_1	emevd_event	6901	common	1
1036489205		set by NPC talk 223001100 on m11_00_00_00	esd_talk	223001100	m11_00_00_00	5
1036489206		set by NPC talk 223001100 on m11_00_00_00	esd_talk	223001100	m11_00_00_00	5
1036489207		set by NPC talk 223001100 on m11_00_00_00	esd_talk	223001100	m11_00_00_00	5
1036489208		set by NPC talk 223001100 on m11_00_00_00	esd_talk	223001100	m11_00_00_00	5
1036489209		set by NPC talk 223001100 on m11_00_00_00	esd_talk	223001100	m11_00_00_00	5
1036489210		set by NPC talk 223001100 on m11_00_00_00	esd_talk	223001100	m11_00_00_00	5
1036489211		set by NPC talk 223001100 on m11_00_00_00	esd_talk	223001100	m11_00_00_00	5
1036489213	NPC223亜人針子_NPC初期化イベント_紋章関門前の篝火近く	NPC223 Demi-Seamiko_NPC initialization event_Near the bonfire in front of the coat of arms gate	emevd_event	1036483700	m60_36_48_00	1
1036489250		set by NPC talk 000001000 on m00_00_00_00	esd_talk	000001000	m00_00_00_00	1
1036489251		set by NPC talk 000003000 on m00_00_00_00	esd_talk	000003000	m00_00_00_00	1
1036489300		set by NPC talk 101206000 on m60_00_00_00	esd_talk	101206000	m60_00_00_00	1
1036492700		set by NPC talk 310003500 on m35_00_00_00	esd_talk	310003500	m35_00_00_00	2
1036492701		set by NPC talk 310003500 on m35_00_00_00	esd_talk	310003500	m35_00_00_00	2
1036492715		set by NPC talk 801186000 on m60_00_00_00	esd_talk	801186000	m60_00_00_00	1
1036499202	NPC310城主の娘_NPC初期化イベント_指痕のブドウ渡し	NPC310 Castle Lord's Daughter_NPC Initialization Event_Fingerprint Grape Passing	emevd_event	1036493700	m60_36_49_00	2
1036499205		set by NPC talk 310003500 on m35_00_00_00	esd_talk	310003500	m35_00_00_00	2
1036499206		set by NPC talk 310003500 on m35_00_00_00	esd_talk	310003500	m35_00_00_00	2
1036499207		set by NPC talk 310003500 on m35_00_00_00	esd_talk	310003500	m35_00_00_00	2
1036499250		set by NPC talk 801186000 on m60_00_00_00	esd_talk	801186000	m60_00_00_00	1
1036499255		set by NPC talk 801186000 on m60_00_00_00	esd_talk	801186000	m60_00_00_00	1
1036540800	ボス撃破	Defeat the boss	emevd_event	1036542801	m60_36_54_00	1
1036540801	ボス出現	Boss appears	emevd_event	1036542810	m60_36_54_00	1
1036540805	アステール襲来	Aster Invasion	emevd_event	1036542800	m60_36_54_00	1
1037420340	救済対応_壱	Relief response_1	emevd_event	6901	common	1
1037422701		set by NPC talk 313001600 on m16_00_00_00	esd_talk	313001600	m16_00_00_00	2
1037422702	NPC313火山館の勧誘者_初期状態_被ダメ系会話再生処理	NPC313 Volcano Hall Recruiter_Initial state_Damaged conversation playback processing	emevd_event	1037423703	m60_37_42_00	1
1037422703		set by NPC talk 313001600 on m16_00_00_00	esd_talk	313001600	m16_00_00_00	2
1037422705		set by NPC talk 313001600 on m16_00_00_00	esd_talk	313001600	m16_00_00_00	2
1037422706	NPC313火山館の勧誘者_初期状態_被ダメ系会話再生処理	NPC313 Volcano Hall Recruiter_Initial state_Damaged conversation playback processing	emevd_event	1037423703	m60_37_42_00	1
1037422707		set by NPC talk 313001600 on m16_00_00_00	esd_talk	313001600	m16_00_00_00	2
1037422708	NPC313火山館の勧誘者_初期状態_被ダメ系会話再生処理	NPC313 Volcano Hall Recruiter_Initial state_Damaged conversation playback processing	emevd_event	1037423703	m60_37_42_00	1
1037422709		set by NPC talk 313001600 on m16_00_00_00	esd_talk	313001600	m16_00_00_00	2
1037422710		set by NPC talk 800001100 on m11_00_00_00	esd_talk	800001100	m11_00_00_00	3
1037422720		set by NPC talk 313001600 on m16_00_00_00	esd_talk	313001600	m16_00_00_00	2
1037422721		set by NPC talk 313001600 on m16_00_00_00	esd_talk	313001600	m16_00_00_00	2
1037422730		set by NPC talk 309001600 on m16_00_00_00	esd_talk	309001600	m16_00_00_00	3
1037422732		set by NPC talk 309001600 on m16_00_00_00	esd_talk	309001600	m16_00_00_00	3
1037422733		set by NPC talk 309001600 on m16_00_00_00	esd_talk	309001600	m16_00_00_00	3
1037429205		set by NPC talk 313001600 on m16_00_00_00	esd_talk	313001600	m16_00_00_00	2
1037429207		set by NPC talk 313001600 on m16_00_00_00	esd_talk	313001600	m16_00_00_00	2
1037429209		set by NPC talk 313001600 on m16_00_00_00	esd_talk	313001600	m16_00_00_00	2
1037429210		set by NPC talk 313001600 on m16_00_00_00	esd_talk	313001600	m16_00_00_00	2
1037429211		set by NPC talk 313001600 on m16_00_00_00	esd_talk	313001600	m16_00_00_00	2
1037429255		set by NPC talk 800001100 on m11_00_00_00	esd_talk	800001100	m11_00_00_00	3
1037429256		set by NPC talk 800001100 on m11_00_00_00	esd_talk	800001100	m11_00_00_00	3
1037429258		set by NPC talk 800001100 on m11_00_00_00	esd_talk	800001100	m11_00_00_00	3
1037429260		set by NPC talk 800001100 on m11_00_00_00	esd_talk	800001100	m11_00_00_00	3
1037429261		set by NPC talk 800001100 on m11_00_00_00	esd_talk	800001100	m11_00_00_00	3
1037429262		set by NPC talk 800001100 on m11_00_00_00	esd_talk	800001100	m11_00_00_00	3
1037429263		set by NPC talk 800001100 on m11_00_00_00	esd_talk	800001100	m11_00_00_00	3
1037429264		set by NPC talk 800001100 on m11_00_00_00	esd_talk	800001100	m11_00_00_00	3
1037429265		set by NPC talk 800001100 on m11_00_00_00	esd_talk	800001100	m11_00_00_00	3
1037429266		set by NPC talk 800001100 on m11_00_00_00	esd_talk	800001100	m11_00_00_00	3
1037429267		set by NPC talk 800001100 on m11_00_00_00	esd_talk	800001100	m11_00_00_00	3
1037442700		set by NPC talk 314001110 on m11_10_00_00	esd_talk	314001110	m11_10_00_00	3
1037442701	NPC314ムノウ_リアルタイム遷移_従者の死	NPC314 Munou_Real-time transition_Death of the servant	emevd_event	1037443701	m60_37_44_00	1
1037449205		set by NPC talk 314001110 on m11_10_00_00	esd_talk	314001110	m11_10_00_00	3
1037460701		set by NPC talk 330006000 on m60_00_00_00	esd_talk	330006000	m60_00_00_00	1
1037462710		set by NPC talk 330006000 on m60_00_00_00	esd_talk	330006000	m60_00_00_00	1
1037462711		set by NPC talk 330006000 on m60_00_00_00	esd_talk	330006000	m60_00_00_00	1
1037462712		set by NPC talk 330006000 on m60_00_00_00	esd_talk	330006000	m60_00_00_00	1
1037462713		set by NPC talk 330006000 on m60_00_00_00	esd_talk	330006000	m60_00_00_00	1
1037462714		set by NPC talk 330006000 on m60_00_00_00	esd_talk	330006000	m60_00_00_00	1
1037462715		set by NPC talk 330006000 on m60_00_00_00	esd_talk	330006000	m60_00_00_00	1
1037462716	NPC330_贖罪司祭_NPC初期化イベント_初期状態	NPC330_Atonement Priest_NPC initialization event_Initial state	emevd_event	1037460700	m60_37_46_00	1
1037462717	NPC330_贖罪司祭_NPC初期化イベント_初期状態	NPC330_Atonement Priest_NPC initialization event_Initial state	emevd_event	1037460700	m60_37_46_00	1
1037462719		set by NPC talk 330006000 on m60_00_00_00	esd_talk	330006000	m60_00_00_00	1
1037469256		set by NPC talk 330006000 on m60_00_00_00	esd_talk	330006000	m60_00_00_00	1
1037469257		set by NPC talk 330006000 on m60_00_00_00	esd_talk	330006000	m60_00_00_00	1
1037469259		set by NPC talk 330006000 on m60_00_00_00	esd_talk	330006000	m60_00_00_00	1
1037469260		set by NPC talk 330006000 on m60_00_00_00	esd_talk	330006000	m60_00_00_00	1
1037469261		set by NPC talk 330006000 on m60_00_00_00	esd_talk	330006000	m60_00_00_00	1
1037469262		set by NPC talk 330006000 on m60_00_00_00	esd_talk	330006000	m60_00_00_00	1
1037469263		set by NPC talk 330006000 on m60_00_00_00	esd_talk	330006000	m60_00_00_00	1
1037469264		set by NPC talk 330006000 on m60_00_00_00	esd_talk	330006000	m60_00_00_00	1
1037469265		set by NPC talk 330006000 on m60_00_00_00	esd_talk	330006000	m60_00_00_00	1
1037469266		set by NPC talk 330006000 on m60_00_00_00	esd_talk	330006000	m60_00_00_00	1
1037469267		set by NPC talk 330006000 on m60_00_00_00	esd_talk	330006000	m60_00_00_00	1
1037469268		set by NPC talk 330006000 on m60_00_00_00	esd_talk	330006000	m60_00_00_00	1
1037469270		set by NPC talk 330006000 on m60_00_00_00	esd_talk	330006000	m60_00_00_00	1
1037469271		set by NPC talk 330006000 on m60_00_00_00	esd_talk	330006000	m60_00_00_00	1
1037469272		set by NPC talk 330006000 on m60_00_00_00	esd_talk	330006000	m60_00_00_00	1
1037469273		set by NPC talk 330006000 on m60_00_00_00	esd_talk	330006000	m60_00_00_00	1
1037469274		set by NPC talk 330006000 on m60_00_00_00	esd_talk	330006000	m60_00_00_00	1
1037469275		set by NPC talk 330006000 on m60_00_00_00	esd_talk	330006000	m60_00_00_00	1
1037469277	NPC330_贖罪司祭_免罪実行	NPC330_Atonement Priest_Performing absolution	emevd_event	1037460719	m60_37_46_00	1
1037469289		set by NPC talk 330016000 on m60_00_00_00	esd_talk	330016000	m60_00_00_00	1
1037489200		set by NPC talk 603216000 on m60_00_00_00	esd_talk	603216000	m60_00_00_00	1
1037510810	守護者の末裔_飛び去り後の無効設定	Descendants of the Guardian_Disable settings after flying away	emevd_event	1037512301	m60_37_51_00	1
1037519200		set by NPC talk 000001000 on m00_00_00_00	esd_talk	000001000	m00_00_00_00	1
1037519201		set by NPC talk 000003000 on m00_00_00_00	esd_talk	000003000	m00_00_00_00	1
1037540810	ボス撃破	Defeat the boss	emevd_event	1037542801	m60_37_54_00	1
1037542702		set by NPC talk 309001600 on m16_00_00_00	esd_talk	309001600	m16_00_00_00	3
1037542703		set by NPC talk 309001600 on m16_00_00_00	esd_talk	309001600	m16_00_00_00	3
1037542705	NPC309_盗賊の頭_火山館蹴落とし_蹴落とし前に殺害した	NPC309_Thief Head_Kicking down the Volcano Hall_Killed before kicking down	emevd_event	1037543706	m60_37_54_00	1
1037542712		set by NPC talk 801216000 on m60_00_00_00	esd_talk	801216000	m60_00_00_00	1
1037542715		set by NPC talk 801216000 on m60_00_00_00	esd_talk	801216000	m60_00_00_00	1
1037542717		set by NPC talk 801216000 on m60_00_00_00	esd_talk	801216000	m60_00_00_00	1
1037542810	蛇霊出現	Snake spirit appears	emevd_event	1037542810	m60_37_54_00	1
1037549206		set by NPC talk 309001600 on m16_00_00_00	esd_talk	309001600	m16_00_00_00	3
1037549207		set by NPC talk 309001600 on m16_00_00_00	esd_talk	309001600	m16_00_00_00	3
1037549209	NPC309盗賊の頭_キャラ状態遷移	NPC309 Thief Head_Character state transition	emevd_event	3699	common	1
1037549210	NPC309_盗賊の頭_蹴落としカットシーン再生	NPC309_Thief's Head_Kick off cutscene playback	emevd_event	1037543701	m60_37_54_00	1
1037549211	NPC309_盗賊の頭_火山館蹴落とし_リアルタイム遷移	NPC309_Thief's Head_Kicking down the Volcano Hall_Real-time transition	emevd_event	1037543703	m60_37_54_00	1
1037549212	NPC309_盗賊の頭_火山館蹴落とし_血文字と灯り石表示	NPC309_Thief's Head_Kicking down the Volcano Hall_Blood letters and light stone display	emevd_event	1037543705	m60_37_54_00	1
1037549213		set by NPC talk 309001600 on m16_00_00_00	esd_talk	309001600	m16_00_00_00	3
1037549250		set by NPC talk 801216000 on m60_00_00_00	esd_talk	801216000	m60_00_00_00	1
1037549255		set by NPC talk 801216000 on m60_00_00_00	esd_talk	801216000	m60_00_00_00	1
1038412700		set by NPC talk 310003500 on m35_00_00_00	esd_talk	310003500	m35_00_00_00	2
1038412701		set by NPC talk 310003500 on m35_00_00_00	esd_talk	310003500	m35_00_00_00	2
1038419200		set by NPC talk 310006000 on m60_00_00_00	esd_talk	310006000	m60_00_00_00	1
1038419202	NPC310城主の娘_NPC初期化イベント_ブドウ渡し場所B	NPC310 Castle lord's daughter_NPC initialization event_Grape passing place B	emevd_event	1038413700	m60_38_41_00	1
1038419205		set by NPC talk 310003500 on m35_00_00_00	esd_talk	310003500	m35_00_00_00	2
1038419254	NPC309_盗賊の頭_新_湖で再会_リアルタイム遷移	NPC309_Thief Head_New_Reunion at the lake_Real-time transition	emevd_event	1037423712	m60_37_42_00	2
1038419255		set by NPC talk 309001600 on m16_00_00_00	esd_talk	309001600	m16_00_00_00	3
1038419258		set by NPC talk 309001600 on m16_00_00_00	esd_talk	309001600	m16_00_00_00	3
1038419259		set by NPC talk 309001600 on m16_00_00_00	esd_talk	309001600	m16_00_00_00	3
1038419262		set by NPC talk 309001600 on m16_00_00_00	esd_talk	309001600	m16_00_00_00	3
1038419263		set by NPC talk 309001600 on m16_00_00_00	esd_talk	309001600	m16_00_00_00	3
1038419265	NPC309盗賊の頭_キャラ状態遷移	NPC309 Thief Head_Character state transition	emevd_event	3699	common	1
1038419266		set by NPC talk 309001600 on m16_00_00_00	esd_talk	309001600	m16_00_00_00	3
1038419267		set by NPC talk 309001600 on m16_00_00_00	esd_talk	309001600	m16_00_00_00	3
1038419270	NPC309盗賊の頭_キャラ状態遷移	NPC309 Thief Head_Character state transition	emevd_event	3699	common	1
1038419271	NPC309盗賊の頭_キャラ状態遷移	NPC309 Thief Head_Character state transition	emevd_event	3699	common	1
1038432700		set by NPC talk 310003500 on m35_00_00_00	esd_talk	310003500	m35_00_00_00	2
1038432701		set by NPC talk 310003500 on m35_00_00_00	esd_talk	310003500	m35_00_00_00	2
1038432709	NPC310城主の娘_ブドウ渡し場所C出現要求	NPC310 Castle Lord's Daughter_Grape passing place C appearance request	emevd_event	1038430702	m60_38_43_00	1
1038439200		set by NPC talk 310006000 on m60_00_00_00	esd_talk	310006000	m60_00_00_00	1
1038439202	NPC310城主の娘_NPC初期化イベント_ブドウ渡し場所C	NPC310 Castle Lord's Daughter_NPC Initialization Event_Grape Transfer Location C	emevd_event	1038430700	m60_38_43_00	1
1038439205		set by NPC talk 310003500 on m35_00_00_00	esd_talk	310003500	m35_00_00_00	2
1038439206		set by NPC talk 310003500 on m35_00_00_00	esd_talk	310003500	m35_00_00_00	2
1038439207		set by NPC talk 310003500 on m35_00_00_00	esd_talk	310003500	m35_00_00_00	2
1038439209		set by NPC talk 310003500 on m35_00_00_00	esd_talk	310003500	m35_00_00_00	2
1038460650	エレベーター初期フラグ設定	Elevator initial flag setting	emevd_event	1038460519	m60_38_46_00	1
1038479200		set by NPC talk 603206000 on m60_00_00_00	esd_talk	603206000	m60_00_00_00	1
1038490201	邪眼魔術師死亡	evil eye magician death	emevd_event	1038492304	m60_38_49_00	1
1038492206	m60_38_49_00用初期フラグ設定	Initial flag setting for m60_38_49_00	emevd_event	1038492305	m60_38_49_00	2
1038492207	実際に邪眼を操作するイベント	An event where you can actually manipulate the evil eye	emevd_event	1038492300	m60_38_49_00	3
1038492208	実際に邪眼を操作するイベント	An event where you can actually manipulate the evil eye	emevd_event	1038492300	m60_38_49_00	4
1038492209	実際に邪眼を操作するイベント	An event where you can actually manipulate the evil eye	emevd_event	1038492300	m60_38_49_00	2
1038492210	m60_38_49_00用初期フラグ設定	Initial flag setting for m60_38_49_00	emevd_event	1038492305	m60_38_49_00	3
1038492211	m60_38_49_00用初期フラグ設定	Initial flag setting for m60_38_49_00	emevd_event	1038492305	m60_38_49_00	1
1038492212	実際に邪眼を操作するイベント	An event where you can actually manipulate the evil eye	emevd_event	1038492300	m60_38_49_00	1
1038500500	高山入り口_イントロ再生_大EV側判定	Takayama entrance_Intro play_Large EV side judgment	emevd_event	1038502500	m60_38_50_00	2
1038502700	NPC313火山館の勧誘者_NPC初期化イベント_火山館へ招待_EV前	NPC313 Volcano Hall Recruiter_NPC Initialization Event_Invite to Volcano Hall_Before EV	emevd_event	1038503700	m60_38_50_00	1
1038502705		set by NPC talk 313001600 on m16_00_00_00	esd_talk	313001600	m16_00_00_00	2
1038502708		set by NPC talk 313001600 on m16_00_00_00	esd_talk	313001600	m16_00_00_00	2
1038509205	NPC313火山館の勧誘者_火山館へ招待_エレベーター前に近づいた判定	NPC313 Volcano Pavilion Recruiter_Invite to Volcano Pavilion_Judgment for approaching the elevator	emevd_event	1038503701	m60_38_50_00	1
1038509250		set by NPC talk 000001000 on m00_00_00_00	esd_talk	000001000	m00_00_00_00	1
1038509251		set by NPC talk 000003000 on m00_00_00_00	esd_talk	000003000	m00_00_00_00	1
1038509252		set by NPC talk 000003000 on m00_00_00_00	esd_talk	000003000	m00_00_00_00	1
1038510800	ボス撃破	Defeat the boss	emevd_event	1038512800	m60_38_51_00	1
1038512700	NPC313火山館の勧誘者_火山館へ招待_EV前_被ダメ系会話再生処理	NPC313 Volcano Pavilion Recruiter_Invite to Volcano Pavilion_Before EV_Damaged conversation playback processing	emevd_event	1038503702	m60_38_50_00	2
1038512701		set by NPC talk 313001600 on m16_00_00_00	esd_talk	313001600	m16_00_00_00	2
1038512702	NPC313火山館の勧誘者_火山館へ招待_EV前_被ダメ系会話再生処理	NPC313 Volcano Pavilion Recruiter_Invite to Volcano Pavilion_Before EV_Damaged conversation playback processing	emevd_event	1038503702	m60_38_50_00	2
1038512703		set by NPC talk 313001600 on m16_00_00_00	esd_talk	313001600	m16_00_00_00	2
1038512704	NPC313火山館の勧誘者_火山館へ招待_EV前_被ダメ系会話再生処理	NPC313 Volcano Pavilion Recruiter_Invite to Volcano Pavilion_Before EV_Damaged conversation playback processing	emevd_event	1038503702	m60_38_50_00	2
1038512705		set by NPC talk 313001600 on m16_00_00_00	esd_talk	313001600	m16_00_00_00	2
1038512706		set by NPC talk 313001600 on m16_00_00_00	esd_talk	313001600	m16_00_00_00	2
1038512707		set by NPC talk 313001600 on m16_00_00_00	esd_talk	313001600	m16_00_00_00	2
1038512720	NPC313火山館の勧誘者_NPC初期化イベント_火山館へ招待_遺跡	NPC313 Volcano Hall Recruiter_NPC Initialization Event_Invitation to Volcano Hall_Ruins	emevd_event	1038513700	m60_38_51_00	1
1038512725		set by NPC talk 313001600 on m16_00_00_00	esd_talk	313001600	m16_00_00_00	2
1038512728		set by NPC talk 313001600 on m16_00_00_00	esd_talk	313001600	m16_00_00_00	2
1038519203	NPC313火山館の勧誘者_NPC初期化イベント_初期状態	NPC313 Volcano Hall Recruiter_NPC initialization event_Initial state	emevd_event	1037423700	m60_37_42_00	5
1038519205		set by NPC talk 313001600 on m16_00_00_00	esd_talk	313001600	m16_00_00_00	2
1038519206		set by NPC talk 313001600 on m16_00_00_00	esd_talk	313001600	m16_00_00_00	2
1038519207	NPC313火山館の勧誘者_火山館へ招待_遺跡に近づいた判定	NPC313 Volcano Pavilion Recruiter_Invite to Volcano Pavilion_Judgment of approaching the ruins	emevd_event	1038513701	m60_38_51_00	1
1038519255	NPC348マレニアの娘_ﾌｪｰｽﾞ3_NPC初期化イベント	NPC348 Marenia's Daughter_Phase 3_NPC initialization event	emevd_event	1038513705	m60_38_51_00	2
1038519256		set by NPC talk 348001500 on m15_00_00_00	esd_talk	348001500	m15_00_00_00	2
1038519257		set by NPC talk 348001500 on m15_00_00_00	esd_talk	348001500	m15_00_00_00	2
1038519258		set by NPC talk 348001500 on m15_00_00_00	esd_talk	348001500	m15_00_00_00	2
1038520340	夜の王の眷属ワープ処理_XX	Night King's Heir Warp Process_XX	emevd_event	1038522342	m60_38_52_00	2
1038520341	眷属関連の非揮発フラグ立ちっぱなしになってたら折るイベント	An event to fold if a non-volatile flag related to a dependent is left standing.	emevd_event	1038522349	m60_38_52_00	1
1038520343	眷属関連の非揮発フラグ立ちっぱなしになってたら折るイベント	An event to fold if a non-volatile flag related to a dependent is left standing.	emevd_event	1038522349	m60_38_52_00	1
1038522230	夜の王の眷属土葬スケルトン呼び_XX	Night King's Heir Burial Skeleton Call_XX	emevd_event	1038522341	m60_38_52_00	1
1038540400	救済対応_壱	Relief response_1	emevd_event	6901	common	1
1038547100	救済対応_壱	Relief response_1	emevd_event	6901	common	1
1039392701		set by NPC talk 333006000 on m60_00_00_00	esd_talk	333006000	m60_00_00_00	1
1039392702		set by NPC talk 333006000 on m60_00_00_00	esd_talk	333006000	m60_00_00_00	1
1039392703		set by NPC talk 333006000 on m60_00_00_00	esd_talk	333006000	m60_00_00_00	1
1039392704		set by NPC talk 333006000 on m60_00_00_00	esd_talk	333006000	m60_00_00_00	1
1039399203	NPC333戻れない輝石魔術師_初期状態_NPC初期化イベント	NPC333 Pyroxene magician who cannot return_Initial state_NPC initialization event	emevd_event	1039393700	m60_39_39_00	1
1039399205		set by NPC talk 333006000 on m60_00_00_00	esd_talk	333006000	m60_00_00_00	1
1039399206		set by NPC talk 333006000 on m60_00_00_00	esd_talk	333006000	m60_00_00_00	1
1039399207		set by NPC talk 333006000 on m60_00_00_00	esd_talk	333006000	m60_00_00_00	1
1039399208		set by NPC talk 333006000 on m60_00_00_00	esd_talk	333006000	m60_00_00_00	1
1039399209		set by NPC talk 333006000 on m60_00_00_00	esd_talk	333006000	m60_00_00_00	1
1039399210		set by NPC talk 333006000 on m60_00_00_00	esd_talk	333006000	m60_00_00_00	1
1039399211		set by NPC talk 333006000 on m60_00_00_00	esd_talk	333006000	m60_00_00_00	1
1039399213		set by NPC talk 333006000 on m60_00_00_00	esd_talk	333006000	m60_00_00_00	1
1039399214		set by NPC talk 333006000 on m60_00_00_00	esd_talk	333006000	m60_00_00_00	1
1039399215		set by NPC talk 333006000 on m60_00_00_00	esd_talk	333006000	m60_00_00_00	1
1039399216		set by NPC talk 333006000 on m60_00_00_00	esd_talk	333006000	m60_00_00_00	1
1039399218	NPC333戻れない輝石魔術師_購入魔術数チェック	NPC333 Shining stone magician who cannot return_Check the number of purchased magics	emevd_event	1039393701	m60_39_39_00	1
1039399220		set by NPC talk 333006000 on m60_00_00_00	esd_talk	333006000	m60_00_00_00	1
1039399221		set by NPC talk 333006000 on m60_00_00_00	esd_talk	333006000	m60_00_00_00	1
1039399223		set by NPC talk 333006000 on m60_00_00_00	esd_talk	333006000	m60_00_00_00	1
1039399225		set by NPC talk 333006000 on m60_00_00_00	esd_talk	333006000	m60_00_00_00	1
1039399226		set by NPC talk 333006000 on m60_00_00_00	esd_talk	333006000	m60_00_00_00	1
1039402700		set by NPC talk 310003500 on m35_00_00_00	esd_talk	310003500	m35_00_00_00	2
1039402701		set by NPC talk 310003500 on m35_00_00_00	esd_talk	310003500	m35_00_00_00	2
1039402710	NPC223亜人針子_母の声イベント	NPC223 Demi-human seamstress_Mother's voice event	emevd_event	1036483701	m60_36_48_00	5
1039402711		set by NPC talk 223001100 on m11_00_00_00	esd_talk	223001100	m11_00_00_00	5
1039402712		set by NPC talk 223001100 on m11_00_00_00	esd_talk	223001100	m11_00_00_00	5
1039409202	NPC310城主の娘_NPC初期化イベント_ブドウ渡し場所A	NPC310 Castle lord's daughter_NPC initialization event_Grape passing place A	emevd_event	1039400700	m60_39_40_00	1
1039409205		set by NPC talk 310003500 on m35_00_00_00	esd_talk	310003500	m35_00_00_00	2
1039409206		set by NPC talk 310003500 on m35_00_00_00	esd_talk	310003500	m35_00_00_00	2
1039409250	NPC223亜人針子_NPC初期化イベント_最初の篝火近く	NPC223 Demi-Shipper_NPC initialization event_near the first bonfire	emevd_event	1039403710	m60_39_40_00	1
1039409255		set by NPC talk 223001100 on m11_00_00_00	esd_talk	223001100	m11_00_00_00	5
1039409256		set by NPC talk 223001100 on m11_00_00_00	esd_talk	223001100	m11_00_00_00	5
1039409257		set by NPC talk 223001100 on m11_00_00_00	esd_talk	223001100	m11_00_00_00	5
1039409258		set by NPC talk 223001100 on m11_00_00_00	esd_talk	223001100	m11_00_00_00	5
1039409259		set by NPC talk 223001100 on m11_00_00_00	esd_talk	223001100	m11_00_00_00	5
1039409260		set by NPC talk 223001100 on m11_00_00_00	esd_talk	223001100	m11_00_00_00	5
1039409261		set by NPC talk 223001100 on m11_00_00_00	esd_talk	223001100	m11_00_00_00	5
1039409264	NPC223亜人針子_NPC初期化イベント_最初の篝火近く	NPC223 Demi-Shipper_NPC initialization event_near the first bonfire	emevd_event	1039403710	m60_39_40_00	1
1039418540	救済対応_陸	Relief response_land	emevd_event	6906	common	1
1039422200	戦場跡_交戦イベント	Battlefield Ruins_Battle Event	emevd_event	1039422200	m60_39_42_00	1
1039440735	敵壺A_NPC初期化イベント	Enemy pot A_NPC initialization event	emevd_event	1039443740	m60_39_44_00	2
1039440736	敵壺A_NPC初期化イベント	Enemy pot A_NPC initialization event	emevd_batch	1039443740	m60_39_44_00	1
1039440737	敵壺B_NPC初期化イベント	Enemy pot B_NPC initialization event	emevd_event	1039443741	m60_39_44_00	2
1039440738	敵壺B_NPC初期化イベント	Enemy pot B_NPC initialization event	emevd_batch	1039443741	m60_39_44_00	1
1039440745	敵壺C_NPC初期化イベント	Enemy pot C_NPC initialization event	emevd_event	1039443742	m60_39_44_00	2
1039440746	敵壺C_NPC初期化イベント	Enemy pot C_NPC initialization event	emevd_batch	1039443742	m60_39_44_00	1
1039440747	敵壺D_NPC初期化イベント	Enemy pot D_NPC initialization event	emevd_event	1039443743	m60_39_44_00	2
1039440748	敵壺D_NPC初期化イベント	Enemy pot D_NPC initialization event	emevd_batch	1039443743	m60_39_44_00	1
1039440749	敵壺E_NPC初期化イベント	Enemy pot E_NPC initialization event	emevd_event	1039443744	m60_39_44_00	2
1039440750	敵壺E_NPC初期化イベント	Enemy pot E_NPC initialization event	emevd_batch	1039443744	m60_39_44_00	1
1039440751	敵壺F_NPC初期化イベント	Enemy pot F_NPC initialization event	emevd_event	1039443745	m60_39_44_00	2
1039440752	敵壺F_NPC初期化イベント	Enemy pot F_NPC initialization event	emevd_batch	1039443745	m60_39_44_00	1
1039440753	敵壺G_NPC初期化イベント	Enemy pot G_NPC initialization event	emevd_event	1039443746	m60_39_44_00	2
1039440754	敵壺G_NPC初期化イベント	Enemy pot G_NPC initialization event	emevd_batch	1039443746	m60_39_44_00	1
1039442702	壺マイヤー_助けを呼ぶイベント_二回目の穴	Pot Mayor_Event that calls for help_Second hole	emevd_event	1039443702	m60_39_44_00	1
1039442703	壺マイヤー_助けを呼ぶイベント_二回目の穴	Pot Mayor_Event that calls for help_Second hole	emevd_event	1039443702	m60_39_44_00	1
1039442704		set by NPC talk 220001300 on m13_00_00_00	esd_talk	220001300	m13_00_00_00	5
1039442705		set by NPC talk 220001300 on m13_00_00_00	esd_talk	220001300	m13_00_00_00	5
1039442710		set by NPC talk 226006000 on m60_00_00_00	esd_talk	226006000	m60_00_00_00	1
1039442711		set by NPC talk 226006000 on m60_00_00_00	esd_talk	226006000	m60_00_00_00	1
1039442712		set by NPC talk 226006000 on m60_00_00_00	esd_talk	226006000	m60_00_00_00	1
1039442713		set by NPC talk 226006000 on m60_00_00_00	esd_talk	226006000	m60_00_00_00	1
1039442715	NPC226_生きている小壺_睡眠抽選	NPC226_Living pot_Sleep lottery	emevd_event	1039443731	m60_39_44_00	1
1039442716	生きている小壺_NPC初期化イベント_初期位置	Living pot_NPC initialization event_Initial position	emevd_event	1039443720	m60_39_44_00	1
1039442721		set by NPC talk 314001110 on m11_10_00_00	esd_talk	314001110	m11_10_00_00	3
1039442730	NPC226_生きている小壺_睡眠抽選	NPC226_Living pot_Sleep lottery	emevd_batch	1039443731	m60_39_44_00	1
1039442731	NPC226_生きている小壺_睡眠抽選	NPC226_Living pot_Sleep lottery	emevd_batch	1039443731	m60_39_44_00	1
1039442732	NPC226_生きている小壺_睡眠抽選	NPC226_Living pot_Sleep lottery	emevd_batch	1039443731	m60_39_44_00	1
1039442733	NPC226_生きている小壺_睡眠抽選	NPC226_Living pot_Sleep lottery	emevd_batch	1039443731	m60_39_44_00	1
1039442734	NPC226_生きている小壺_睡眠抽選	NPC226_Living pot_Sleep lottery	emevd_batch	1039443731	m60_39_44_00	1
1039442735	NPC226_生きている小壺_睡眠抽選	NPC226_Living pot_Sleep lottery	emevd_batch	1039443731	m60_39_44_00	1
1039442736	NPC226_生きている小壺_睡眠抽選	NPC226_Living pot_Sleep lottery	emevd_batch	1039443731	m60_39_44_00	1
1039442737	NPC226_生きている小壺_睡眠抽選	NPC226_Living pot_Sleep lottery	emevd_batch	1039443731	m60_39_44_00	1
1039442738	NPC226_生きている小壺_睡眠抽選	NPC226_Living pot_Sleep lottery	emevd_batch	1039443731	m60_39_44_00	1
1039442739	NPC226_生きている小壺_睡眠抽選	NPC226_Living pot_Sleep lottery	emevd_batch	1039443731	m60_39_44_00	1
1039449205		set by NPC talk 220001300 on m13_00_00_00	esd_talk	220001300	m13_00_00_00	5
1039449206		set by NPC talk 220001300 on m13_00_00_00	esd_talk	220001300	m13_00_00_00	5
1039449207	壺マイヤー_油まみれイベント	Tsubo Meyer_Oil covered event	emevd_event	1039443705	m60_39_44_00	1
1039449208		set by NPC talk 220001300 on m13_00_00_00	esd_talk	220001300	m13_00_00_00	5
1039449209		set by NPC talk 220001300 on m13_00_00_00	esd_talk	220001300	m13_00_00_00	5
1039449210		set by NPC talk 220001300 on m13_00_00_00	esd_talk	220001300	m13_00_00_00	5
1039449211		set by NPC talk 220001300 on m13_00_00_00	esd_talk	220001300	m13_00_00_00	5
1039449214		set by NPC talk 220001300 on m13_00_00_00	esd_talk	220001300	m13_00_00_00	5
1039449251	壺村全体敵対イベント	Tsubomura-wide hostile event	emevd_event	1039443729	m60_39_44_00	1
1039449253	生きている小壺_NPC初期化イベント_初期位置	Living pot_NPC initialization event_Initial position	emevd_event	1039443720	m60_39_44_00	3
1039449255		set by NPC talk 226006000 on m60_00_00_00	esd_talk	226006000	m60_00_00_00	1
1039449256		set by NPC talk 226006000 on m60_00_00_00	esd_talk	226006000	m60_00_00_00	1
1039449258		set by NPC talk 226006000 on m60_00_00_00	esd_talk	226006000	m60_00_00_00	1
1039449260		set by NPC talk 226006000 on m60_00_00_00	esd_talk	226006000	m60_00_00_00	1
1039449261		set by NPC talk 226006000 on m60_00_00_00	esd_talk	226006000	m60_00_00_00	1
1039449263		set by NPC talk 226006000 on m60_00_00_00	esd_talk	226006000	m60_00_00_00	1
1039449265		set by NPC talk 226006000 on m60_00_00_00	esd_talk	226006000	m60_00_00_00	1
1039449266		set by NPC talk 226006000 on m60_00_00_00	esd_talk	226006000	m60_00_00_00	1
1039449270		set by NPC talk 226006000 on m60_00_00_00	esd_talk	226006000	m60_00_00_00	1
1039449274	壺村襲撃までカウントダウンイベント	Countdown event until Tsubomura attack	emevd_event	1039443727	m60_39_44_00	1
1039449275	壺村襲撃までカウントダウンイベント	Countdown event until Tsubomura attack	emevd_event	1039443727	m60_39_44_00	1
1039449276	壺村襲撃までカウントダウンイベント	Countdown event until Tsubomura attack	emevd_event	1039443727	m60_39_44_00	1
1039449277	壺村襲撃までカウントダウンイベント	Countdown event until Tsubomura attack	emevd_event	1039443727	m60_39_44_00	1
1039449278	壺村襲撃までカウントダウンイベント	Countdown event until Tsubomura attack	emevd_event	1039443727	m60_39_44_00	1
1039449280		set by NPC talk 226006000 on m60_00_00_00	esd_talk	226006000	m60_00_00_00	1
1039449282		set by NPC talk 226006000 on m60_00_00_00	esd_talk	226006000	m60_00_00_00	1
1039449285		set by NPC talk 226006000 on m60_00_00_00	esd_talk	226006000	m60_00_00_00	1
1039449289		set by NPC talk 226006000 on m60_00_00_00	esd_talk	226006000	m60_00_00_00	1
1039449290		set by NPC talk 226006000 on m60_00_00_00	esd_talk	226006000	m60_00_00_00	1
1039449291		set by NPC talk 226006000 on m60_00_00_00	esd_talk	226006000	m60_00_00_00	1
1039449296	NPC226生きている小壺_キャラ状態遷移	NPC226 Living Small Pot_Character state transition	emevd_event	3839	common	1
1039449301	壺村全体敵対イベント	Tsubomura-wide hostile event	emevd_event	1039443729	m60_39_44_00	1
1039449305		set by NPC talk 314001110 on m11_10_00_00	esd_talk	314001110	m11_10_00_00	3
1039449315		set by NPC talk 314001110 on m11_10_00_00	esd_talk	314001110	m11_10_00_00	3
1039449316	NPC314ムノウ_キャラ状態遷移	NPC314 Munou_Character state transition	emevd_event	3459	common	1
1039480510	エレベーター初期フラグ	Elevator initial flag	emevd_event	1039480519	m60_39_48_00	1
1039480610	魔術師の塔扉解除	Sorcerer's Tower Door Unlocked	emevd_event	1039482610	m60_39_48_00	1
1039488540	救済対応_漆	Relief response_lacquer	emevd_event	6907	common	1
1039510451	救済対応_壱	Relief response_1	emevd_event	6901	common	1
1039519205		set by NPC talk 223001100 on m11_00_00_00	esd_talk	223001100	m11_00_00_00	5
1039519206		set by NPC talk 223001100 on m11_00_00_00	esd_talk	223001100	m11_00_00_00	5
1039519207		set by NPC talk 223001100 on m11_00_00_00	esd_talk	223001100	m11_00_00_00	5
1039519208		set by NPC talk 223001100 on m11_00_00_00	esd_talk	223001100	m11_00_00_00	5
1039519209	NPC223亜人針子_NPC初期化イベント_三叉路の篝火近く	NPC223 Demi-Seamiko_NPC initialization event_Near the bonfire at the three-way intersection	emevd_event	1039513700	m60_39_51_00	1
1039519250		set by NPC talk 000001000 on m00_00_00_00	esd_talk	000001000	m00_00_00_00	1
1039519251		set by NPC talk 000003000 on m00_00_00_00	esd_talk	000003000	m00_00_00_00	1
1039520502	魔術師の塔_装置を防衛するゴーレム	Magician's Tower_Golem defending the device	emevd_event	1039522700	m60_39_52_00	1
1039520655	魔術師の塔_ギミック装置の停止	Magician's Tower_Stopping the gimmick device	emevd_event	1039522660	m60_39_52_00	1
1039522701	魔術師の塔_装置を防衛するゴーレム	Magician's Tower_Golem defending the device	emevd_event	1039522700	m60_39_52_00	1
1039529205		set by NPC talk 318001110 on m11_10_00_00	esd_talk	318001110	m11_10_00_00	2
1039529207	NPC318_混沌の宿主_エレオノーラにやられる_死亡処理	NPC318_Host of Chaos_Killed by Eleonora_Death processing	emevd_event	1039523701	m60_39_52_00	1
1039529208	NPC318_混沌の宿主_血のり出現処理	NPC318_Host of Chaos_Blood appearance processing	emevd_event	1039523703	m60_39_52_00	1
1039529209	NPC318_混沌の宿主_エレオノーラにやられる_死亡処理	NPC318_Host of Chaos_Killed by Eleonora_Death processing	emevd_event	1039523701	m60_39_52_00	2
1039530505	魔術師の塔_消滅演出	Magician's Tower_Disappearance Production	emevd_event	1039532500	m60_39_53_00	1
1039530510	魔術師の塔_本体アセットの消去	Magician's Tower_Delete main body assets	emevd_event	1039532400	m60_39_53_00	1
1039530655	魔術師の塔_ギミック装置の停止	Magician's Tower_Stopping the gimmick device	emevd_event	1039532660	m60_39_53_00	1
1039539200	NPC346火山館ターゲット2_侵入許可フラグ立て	NPC346 Volcano Hall Target 2_Intrusion permission flag setting	emevd_event	1039533700	m60_39_53_00	1
1039540800	ボス撃破	Defeat the boss	emevd_event	1039542800	m60_39_54_00	1
1039542802	ボス激昂	boss rage	emevd_event	1039542811	m60_39_54_00	1
1039549205		set by NPC talk 309001600 on m16_00_00_00	esd_talk	309001600	m16_00_00_00	3
1039549206		set by NPC talk 309001600 on m16_00_00_00	esd_talk	309001600	m16_00_00_00	3
1039549207		set by NPC talk 309001600 on m16_00_00_00	esd_talk	309001600	m16_00_00_00	3
1040370101	【18．2末版】小篝火補充数リセット	[18.2 end version] Small bonfire replenishment number reset	emevd_batch	9910	common	1
1040370111	【18．2末版】小篝火補充数リセット	[18.2 end version] Small bonfire replenishment number reset	emevd_batch	9910	common	1
1040522710		set by NPC talk 351001100 on m11_00_00_00	esd_talk	351001100	m11_00_00_00	4
1040522711		set by NPC talk 351001100 on m11_00_00_00	esd_talk	351001100	m11_00_00_00	4
1040522712		set by NPC talk 351001100 on m11_00_00_00	esd_talk	351001100	m11_00_00_00	4
1040522720		set by NPC talk 801206000 on m60_00_00_00	esd_talk	801206000	m60_00_00_00	1
1040522725		set by NPC talk 801206000 on m60_00_00_00	esd_talk	801206000	m60_00_00_00	1
1040529200	NPC318_混沌の宿主_NPC初期化イベント_エレオノーラにやられる	NPC318_Host of Chaos_NPC initialization event_Defeated by Eleonora	emevd_event	1040523700	m60_40_52_00	1
1040529207	NPC318_混沌の宿主_エレオノーラにやられる_死亡処理	NPC318_Host of Chaos_Killed by Eleonora_Death processing	emevd_event	1040523701	m60_40_52_00	1
1040529253	NPC351金仮面の従者_NPC初期化イベント	NPC351 Gold Masked Squire_NPC initialization event	emevd_event	1040523705	m60_40_52_00	4
1040529255		set by NPC talk 351001100 on m11_00_00_00	esd_talk	351001100	m11_00_00_00	4
1040529256		set by NPC talk 351001100 on m11_00_00_00	esd_talk	351001100	m11_00_00_00	4
1040529258		set by NPC talk 351001100 on m11_00_00_00	esd_talk	351001100	m11_00_00_00	4
1040529259		set by NPC talk 351001100 on m11_00_00_00	esd_talk	351001100	m11_00_00_00	4
1040529300		set by NPC talk 801206000 on m60_00_00_00	esd_talk	801206000	m60_00_00_00	1
1040529305		set by NPC talk 801206000 on m60_00_00_00	esd_talk	801206000	m60_00_00_00	1
1040529350		set by NPC talk 101306000 on m60_00_00_00	esd_talk	101306000	m60_00_00_00	1
1040530655	魔術師の塔_ギミック装置の停止	Magician's Tower_Stopping the gimmick device	emevd_event	1040532660	m60_40_53_00	1
1040530680	魔術師の塔_消える岩_攻撃	Magician's Tower_Disappearing Rock_Attack	emevd_event	1040532680	m60_40_53_00	1
1040530800	ボス撃破	Defeat the boss	emevd_event	1040532800	m60_40_53_00	1
1040532140	NPC疑似マルチ_サイン調べ	NPC pseudo multi_sign investigation	emevd_event	1040532700	m60_40_53_00	1
1040532141	NPC疑似マルチ_サイン調べ	NPC pseudo multi_sign investigation	emevd_event	1040532700	m60_40_53_00	1
1040532142	NPC疑似マルチ_サイン調べ	NPC pseudo multi_sign investigation	emevd_event	1040532700	m60_40_53_00	1
1040532701	魔術師の塔_装置を防衛するゴーレム	Magician's Tower_Golem defending the device	emevd_event	1040532690	m60_40_53_00	1
1040542201	キャラバン通過後検問を敷く_XX	A checkpoint will be set up after the caravan passes_XX	emevd_event	1040542201	m60_40_54_00	1
1040542210	キャラバン終着後陣形変更_XX	Formation change after caravan ends_XX	emevd_event	1040542210	m60_40_54_00	1
1040542702		set by NPC talk 351001100 on m11_00_00_00	esd_talk	351001100	m11_00_00_00	4
1040542710	NPC112金仮面の探究者_死亡イベント	NPC112 Gold Masked Seeker_Death Event	emevd_event	1040542706	m60_40_54_00	3
1040549205		set by NPC talk 351001100 on m11_00_00_00	esd_talk	351001100	m11_00_00_00	4
1040549206		set by NPC talk 351001100 on m11_00_00_00	esd_talk	351001100	m11_00_00_00	4
1040549207		set by NPC talk 351001100 on m11_00_00_00	esd_talk	351001100	m11_00_00_00	4
1040549254	NPC112金仮面の探究者_NPC初期化イベント	NPC112 Gold Masked Seeker_NPC initialization event	emevd_event	1040542705	m60_40_54_00	4
1040549255		set by NPC talk 112001100 on m11_00_00_00	esd_talk	112001100	m11_00_00_00	2
1041320321	[亡霊ＮＰＣイベント5]クリアー	[Ghost NPC Event 5] Cleared	emevd_event	1041320301	m60_41_32_00	1
1041322320	[亡霊ＮＰＣイベント5]起動	[Ghost NPC Event 5] Activated	emevd_event	1041320300	m60_41_32_00	2
1041322700		set by NPC talk 801166000 on m60_00_00_00	esd_talk	801166000	m60_00_00_00	1
1041322705		set by NPC talk 801166000 on m60_00_00_00	esd_talk	801166000	m60_00_00_00	1
1041322707		set by NPC talk 801166000 on m60_00_00_00	esd_talk	801166000	m60_00_00_00	1
1041329200		set by NPC talk 801166000 on m60_00_00_00	esd_talk	801166000	m60_00_00_00	1
1041329205		set by NPC talk 801166000 on m60_00_00_00	esd_talk	801166000	m60_00_00_00	1
1041330800	ボス撃破	Defeat the boss	emevd_event	1041332800	m60_41_33_00	1
1041332700		set by NPC talk 316106000 on m60_00_00_00	esd_talk	316106000	m60_00_00_00	1
1041332701		set by NPC talk 316106000 on m60_00_00_00	esd_talk	316106000	m60_00_00_00	1
1041339206		set by NPC talk 316106000 on m60_00_00_00	esd_talk	316106000	m60_00_00_00	1
1041339253	NPC312平原砦の領主_ﾌｪｰｽﾞ5_NPC初期化イベント	NPC312 Lord of Plains Fort_Phase 5_NPC initialization event	emevd_event	1041333705	m60_41_33_00	4
1041339255		set by NPC talk 312001400 on m14_00_00_00	esd_talk	312001400	m14_00_00_00	3
1041339256		set by NPC talk 312001400 on m14_00_00_00	esd_talk	312001400	m14_00_00_00	3
1041339259	NPC312平原砦の領主_キャラ状態遷移	NPC312 Lord of Plains Fort_Character state transition	emevd_event	3379	common	1
1041359950	竜餐教会血文字表示	Dragon Supper Church Blood Letter Display	emevd_event	1041353702	m60_41_35_00	1
1041362700		set by NPC talk 800026000 on m60_00_00_00	esd_talk	800026000	m60_00_00_00	4
1041362703		set by NPC talk 800026000 on m60_00_00_00	esd_talk	800026000	m60_00_00_00	4
1041362705		set by NPC talk 800026000 on m60_00_00_00	esd_talk	800026000	m60_00_00_00	5
1041362706		set by NPC talk 800026000 on m60_00_00_00	esd_talk	800026000	m60_00_00_00	4
1041362708	NPC802赤目商人3_ロバ被ダメ台詞再生	NPC802 Red-Eyed Merchant 3_ Donkey Damage Line Playback	emevd_event	1041363706	m60_41_36_00	5
1041369200	NPC802赤目商人3_初期化イベント	NPC802 Red Eye Merchant 3_Initialization event	emevd_event	1041363700	m60_41_36_00	1
1041369203	NPC802赤目商人3_初期化イベント	NPC802 Red Eye Merchant 3_Initialization event	emevd_event	1041363700	m60_41_36_00	1
1041369204		set by NPC talk 800026000 on m60_00_00_00	esd_talk	800026000	m60_00_00_00	4
1041369205		set by NPC talk 800026000 on m60_00_00_00	esd_talk	800026000	m60_00_00_00	5
1041369208		set by NPC talk 800026000 on m60_00_00_00	esd_talk	800026000	m60_00_00_00	4
1041369220		set by NPC talk 800026000 on m60_00_00_00	esd_talk	800026000	m60_00_00_00	4
1041369221		set by NPC talk 800026000 on m60_00_00_00	esd_talk	800026000	m60_00_00_00	4
1041369222		set by NPC talk 800026000 on m60_00_00_00	esd_talk	800026000	m60_00_00_00	4
1041369223		set by NPC talk 800026000 on m60_00_00_00	esd_talk	800026000	m60_00_00_00	4
1041369224		set by NPC talk 800026000 on m60_00_00_00	esd_talk	800026000	m60_00_00_00	4
1041369225	NPC802赤目商人3_キャラ状態遷移	NPC802 Red Eye Merchant 3_Character state transition	emevd_event	4759	common	1
1041369226	NPC802赤目商人3_キャラ状態遷移	NPC802 Red Eye Merchant 3_Character state transition	emevd_event	4759	common	1
1041369248	NPC802赤目商人3_初期化イベント	NPC802 Red Eye Merchant 3_Initialization event	emevd_event	1043393700	m60_43_39_00	2
1041369252		set by NPC talk 801516000 on m60_00_00_00	esd_talk	801516000	m60_00_00_00	1
1041370670	星見台	Star viewing platform	emevd_event	1041372670	m60_41_37_00	1
1041380741		set by NPC talk 335006000 on m60_00_00_00	esd_talk	335006000	m60_00_00_00	1
1041382200	ストームオオカミ出現_XX	Storm wolf appears_XX	emevd_event	1043372250	m60_43_37_00	1
1041382731		set by NPC talk 320001110 on m11_10_00_00	esd_talk	320001110	m11_10_00_00	2
1041382732		set by NPC talk 320001110 on m11_10_00_00	esd_talk	320001110	m11_10_00_00	2
1041382733		set by NPC talk 320001110 on m11_10_00_00	esd_talk	320001110	m11_10_00_00	2
1041382735		set by NPC talk 320001110 on m11_10_00_00	esd_talk	320001110	m11_10_00_00	2
1041382736	NPC320ファルネーゼ_被ダメ会話イベント	NPC320 Farnese_Damage conversation event	emevd_event	1041383731	m60_41_38_00	1
1041382737	NPC320ファルネーゼ_被ダメ会話イベント	NPC320 Farnese_Damage conversation event	emevd_event	1041383731	m60_41_38_00	1
1041382738	NPC320ファルネーゼ_被ダメ会話イベント	NPC320 Farnese_Damage conversation event	emevd_event	1041383731	m60_41_38_00	1
1041382740		set by NPC talk 335006000 on m60_00_00_00	esd_talk	335006000	m60_00_00_00	1
1041382741		set by NPC talk 335006000 on m60_00_00_00	esd_talk	335006000	m60_00_00_00	1
1041382742		set by NPC talk 335006000 on m60_00_00_00	esd_talk	335006000	m60_00_00_00	1
1041389334	NPC310城主の娘_場所C固定	NPC310 Castle Lord's Daughter_Location C fixed	emevd_event	1038430701	m60_38_43_00	1
1041389406		set by NPC talk 320001110 on m11_10_00_00	esd_talk	320001110	m11_10_00_00	2
1041389407		set by NPC talk 320001110 on m11_10_00_00	esd_talk	320001110	m11_10_00_00	2
1041389408		set by NPC talk 320001110 on m11_10_00_00	esd_talk	320001110	m11_10_00_00	2
1041389409		set by NPC talk 320001110 on m11_10_00_00	esd_talk	320001110	m11_10_00_00	2
1041389411		set by NPC talk 320001110 on m11_10_00_00	esd_talk	320001110	m11_10_00_00	2
1041389412		set by NPC talk 320001110 on m11_10_00_00	esd_talk	320001110	m11_10_00_00	2
1041389413		set by NPC talk 320001110 on m11_10_00_00	esd_talk	320001110	m11_10_00_00	2
1041389414	NPC320ファルネーゼ_NPC初期化イベント_初期状態	NPC320 Farnese_NPC initialization event_initial state	emevd_event	1041383730	m60_41_38_00	1
1041389415	NPC320_ファルネーゼ_調霊回数チェックイベント	NPC320_Farnese_Number of spiritual training check event	emevd_event	11103713	m11_10_00_00	1
1041389416	NPC320_ファルネーゼ_調霊回数チェックイベント	NPC320_Farnese_Number of spiritual training check event	emevd_event	11103713	m11_10_00_00	1
1041389452		set by NPC talk 335006000 on m60_00_00_00	esd_talk	335006000	m60_00_00_00	1
1041389455		set by NPC talk 335006000 on m60_00_00_00	esd_talk	335006000	m60_00_00_00	1
1041389456		set by NPC talk 335006000 on m60_00_00_00	esd_talk	335006000	m60_00_00_00	1
1041389457		set by NPC talk 335006000 on m60_00_00_00	esd_talk	335006000	m60_00_00_00	1
1041389458		set by NPC talk 335006000 on m60_00_00_00	esd_talk	335006000	m60_00_00_00	1
1041389459		set by NPC talk 335006000 on m60_00_00_00	esd_talk	335006000	m60_00_00_00	1
1041389460		set by NPC talk 335006000 on m60_00_00_00	esd_talk	335006000	m60_00_00_00	1
1041389461		set by NPC talk 335006000 on m60_00_00_00	esd_talk	335006000	m60_00_00_00	1
1041389462		set by NPC talk 335006000 on m60_00_00_00	esd_talk	335006000	m60_00_00_00	1
1041389463		set by NPC talk 335006000 on m60_00_00_00	esd_talk	335006000	m60_00_00_00	1
1041399200		set by NPC talk 101006000 on m60_00_00_00	esd_talk	101006000	m60_00_00_00	1
1041512815	ツリーガード_BGMHU管理	Tree guard_BGMHU management	emevd_event	1041512320	m60_41_51_00	1
1041520820	守護者の末裔_出現演出	Descendants of the Guardian_Appearance	emevd_event	1041522300	m60_41_52_00	1
1041522810	守護者の末裔_出現演出	Descendants of the Guardian_Appearance	emevd_event	1041522300	m60_41_52_00	1
1042320101	【18．2末版】小篝火補充数リセット	[18.2 end version] Small bonfire replenishment number reset	emevd_batch	9910	common	1
1042320102	【18．2末版】小篝火補充数リセット	[18.2 end version] Small bonfire replenishment number reset	emevd_batch	9910	common	1
1042320400	[小探索_塔1]封印の扉	[Small Exploration_Tower 1] Sealed Door	emevd_event	1042322400	m60_42_32_00	1
1042330101	【18．2末版】小篝火補充数リセット	[18.2 end version] Small bonfire replenishment number reset	emevd_batch	9910	common	1
1042330102	【18．2末版】小篝火補充数リセット	[18.2 end version] Small bonfire replenishment number reset	emevd_batch	9910	common	1
1042339200		set by NPC talk 603006000 on m60_00_00_00	esd_talk	603006000	m60_00_00_00	1
1042350101	【18．2末版】小篝火補充数リセット	[18.2 end version] Small bonfire replenishment number reset	emevd_batch	9910	common	1
1042350102	【18．2末版】小篝火補充数リセット	[18.2 end version] Small bonfire replenishment number reset	emevd_batch	9910	common	1
1042362700		set by NPC talk 301006000 on m60_00_00_00	esd_talk	301006000	m60_00_00_00	1
1042362701		set by NPC talk 301006000 on m60_00_00_00	esd_talk	301006000	m60_00_00_00	1
1042362710		set by NPC talk 800001100 on m11_00_00_00	esd_talk	800001100	m11_00_00_00	3
1042362711		set by NPC talk 800001100 on m11_00_00_00	esd_talk	800001100	m11_00_00_00	3
1042362712		set by NPC talk 800001100 on m11_00_00_00	esd_talk	800001100	m11_00_00_00	3
1042362713		set by NPC talk 800001100 on m11_00_00_00	esd_talk	800001100	m11_00_00_00	3
1042362714		set by NPC talk 800001100 on m11_00_00_00	esd_talk	800001100	m11_00_00_00	3
1042362716		set by NPC talk 800001100 on m11_00_00_00	esd_talk	800001100	m11_00_00_00	3
1042362730		set by NPC talk 106006000 on m60_00_00_00	esd_talk	106006000	m60_00_00_00	1
1042362731		set by NPC talk 106006000 on m60_00_00_00	esd_talk	106006000	m60_00_00_00	1
1042362732		set by NPC talk 106006000 on m60_00_00_00	esd_talk	106006000	m60_00_00_00	1
1042362733		set by NPC talk 106006000 on m60_00_00_00	esd_talk	106006000	m60_00_00_00	1
1042362734	NPC106_ラニ_教会から消える	NPC106_Rani_Disappears from the church	emevd_event	1042360712	m60_42_36_00	1
1042369205	NPC301戦場医師_NPC初期化イベント	NPC301 Battlefield Doctor_NPC initialization event	emevd_event	1042363700	m60_42_36_00	2
1042369206		set by NPC talk 301006000 on m60_00_00_00	esd_talk	301006000	m60_00_00_00	1
1042369207		set by NPC talk 301006000 on m60_00_00_00	esd_talk	301006000	m60_00_00_00	1
1042369208		set by NPC talk 301006000 on m60_00_00_00	esd_talk	301006000	m60_00_00_00	1
1042369225		set by NPC talk 301006000 on m60_00_00_00	esd_talk	301006000	m60_00_00_00	1
1042369226		set by NPC talk 301006000 on m60_00_00_00	esd_talk	301006000	m60_00_00_00	1
1042369227		set by NPC talk 301006000 on m60_00_00_00	esd_talk	301006000	m60_00_00_00	1
1042369235		set by NPC talk 301006000 on m60_00_00_00	esd_talk	301006000	m60_00_00_00	1
1042369249	NPC301_戦場医師_湖に移動した血文字出現	NPC301_Battlefield Doctor_Blood letters appear in the lake	emevd_event	1042363701	m60_42_36_00	1
1042369259	NPC301_戦場医師_地下迷宮での戦闘_侵入サイン表示	NPC301_Battlefield doctor_Battle in the underground labyrinth_Intrusion sign display	emevd_event	12053712	m12_05_00_00	1
1042369283	NPC800_赤目商人カーレ_NPC初期化イベント_王都地下へ行きたい	NPC800_Red-eyed merchant Kare_NPC initialization event_I want to go to the underground of the royal capital	emevd_event	11003725	m11_00_00_00	1
1042369302		set by NPC talk 800001100 on m11_00_00_00	esd_talk	800001100	m11_00_00_00	2
1042369303	NPC800_赤目商人カーレ_NPC初期化イベント_初期状態	NPC800_Red-Eyed Merchant Kaare_NPC initialization event_Initial state	emevd_event	1042363720	m60_42_36_00	1
1042369306		set by NPC talk 800001100 on m11_00_00_00	esd_talk	800001100	m11_00_00_00	3
1042369307		set by NPC talk 800001100 on m11_00_00_00	esd_talk	800001100	m11_00_00_00	3
1042369308		set by NPC talk 800001100 on m11_00_00_00	esd_talk	800001100	m11_00_00_00	3
1042369309		set by NPC talk 800001100 on m11_00_00_00	esd_talk	800001100	m11_00_00_00	3
1042369310		set by NPC talk 800001100 on m11_00_00_00	esd_talk	800001100	m11_00_00_00	3
1042369311		set by NPC talk 800001100 on m11_00_00_00	esd_talk	800001100	m11_00_00_00	3
1042369313		set by NPC talk 800001100 on m11_00_00_00	esd_talk	800001100	m11_00_00_00	3
1042369314		set by NPC talk 800001100 on m11_00_00_00	esd_talk	800001100	m11_00_00_00	3
1042369315		set by NPC talk 800001100 on m11_00_00_00	esd_talk	800001100	m11_00_00_00	3
1042369317		set by NPC talk 800001100 on m11_00_00_00	esd_talk	800001100	m11_00_00_00	3
1042369319		set by NPC talk 800001100 on m11_00_00_00	esd_talk	800001100	m11_00_00_00	3
1042369320		set by NPC talk 800001100 on m11_00_00_00	esd_talk	800001100	m11_00_00_00	3
1042369321		set by NPC talk 800001100 on m11_00_00_00	esd_talk	800001100	m11_00_00_00	3
1042369322		set by NPC talk 800001100 on m11_00_00_00	esd_talk	800001100	m11_00_00_00	3
1042369325		set by NPC talk 800001100 on m11_00_00_00	esd_talk	800001100	m11_00_00_00	3
1042369328		set by NPC talk 800001100 on m11_00_00_00	esd_talk	800001100	m11_00_00_00	3
1042369329		set by NPC talk 800001100 on m11_00_00_00	esd_talk	800001100	m11_00_00_00	3
1042369405		set by NPC talk 106006000 on m60_00_00_00	esd_talk	106006000	m60_00_00_00	1
1042369406		set by NPC talk 106006000 on m60_00_00_00	esd_talk	106006000	m60_00_00_00	1
1042369407		set by NPC talk 106006000 on m60_00_00_00	esd_talk	106006000	m60_00_00_00	1
1042369408		set by NPC talk 106006000 on m60_00_00_00	esd_talk	106006000	m60_00_00_00	1
1042369409		set by NPC talk 106006000 on m60_00_00_00	esd_talk	106006000	m60_00_00_00	1
1042369410	NPC106_ラニ_教会から消える	NPC106_Rani_Disappears from the church	emevd_event	1042360712	m60_42_36_00	1
1042369411	NPC106_ラニ_教会出現監視イベント	NPC106_Rani_Church appearance monitoring event	emevd_event	1042360711	m60_42_36_00	2
1042369412		set by NPC talk 106006000 on m60_00_00_00	esd_talk	106006000	m60_00_00_00	1
1042369413	NPC106_ラニ_教会から消える	NPC106_Rani_Disappears from the church	emevd_event	1042360712	m60_42_36_00	2
1042369414	NPC106ラニ_キャラ状態遷移	NPC106 Rani_Character state transition	emevd_event	3759	common	2
1042369415	NPC106_ラニ_教会から消える	NPC106_Rani_Disappears from the church	emevd_event	1042360712	m60_42_36_00	3
1042369416	NPC106ラニ_キャラ状態遷移	NPC106 Rani_Character state transition	emevd_event	3759	common	1
1042370101	【18．2末版】小篝火補充数リセット	[18.2 end version] Small bonfire replenishment number reset	emevd_batch	9910	common	1
1042372700		set by NPC talk 000003000 on m00_00_00_00	esd_talk	000003000	m00_00_00_00	1
1042372701	NPC100娘マリカ_導き会話許可_マルギット前	NPC100 daughter Marika_guidance conversation permission_in front of Margit	emevd_event	10003770	m10_00_00_00	5
1042372702	NPC100娘マリカ_目的会話再生禁止_マルギット前	NPC100 Daughter Marika_Objective conversation playback prohibited_In front of Margit	emevd_event	10003773	m10_00_00_00	5
1042372703		set by NPC talk 000003000 on m00_00_00_00	esd_talk	000003000	m00_00_00_00	1
1042379200		set by NPC talk 000001000 on m00_00_00_00	esd_talk	000001000	m00_00_00_00	1
1042379201		set by NPC talk 000003000 on m00_00_00_00	esd_talk	000003000	m00_00_00_00	1
1042379202		set by NPC talk 000001000 on m00_00_00_00	esd_talk	000001000	m00_00_00_00	1
1042379203		set by NPC talk 000003000 on m00_00_00_00	esd_talk	000003000	m00_00_00_00	1
1042379206		set by NPC talk 000001000 on m00_00_00_00	esd_talk	000001000	m00_00_00_00	1
1042379207		set by NPC talk 000003000 on m00_00_00_00	esd_talk	000003000	m00_00_00_00	1
1042379208		set by NPC talk 000001000 on m00_00_00_00	esd_talk	000001000	m00_00_00_00	1
1042379209		set by NPC talk 000003000 on m00_00_00_00	esd_talk	000003000	m00_00_00_00	1
1042380340	救済対応_壱	Relief response_1	emevd_event	6901	common	1
1042380701		set by NPC talk 326001600 on m16_00_00_00	esd_talk	326001600	m16_00_00_00	2
1042382700		set by NPC talk 800016000 on m60_00_00_00	esd_talk	800016000	m60_00_00_00	1
1042382705		set by NPC talk 800016000 on m60_00_00_00	esd_talk	800016000	m60_00_00_00	1
1042382706		set by NPC talk 800016000 on m60_00_00_00	esd_talk	800016000	m60_00_00_00	1
1042382710		set by NPC talk 326006000 on m60_00_00_00	esd_talk	326006000	m60_00_00_00	1
1042382711		set by NPC talk 326006000 on m60_00_00_00	esd_talk	326006000	m60_00_00_00	1
1042382712		set by NPC talk 326001600 on m16_00_00_00	esd_talk	326001600	m16_00_00_00	2
1042382713		set by NPC talk 326001600 on m16_00_00_00	esd_talk	326001600	m16_00_00_00	2
1042382718	NPC326火山館最強の騎士_NPC初期化イベント_初期状態	NPC326 Volcano Hall Strongest Knight_NPC initialization event_Initial state	emevd_event	1042383700	m60_42_38_00	1
1042382719	NPC326火山館最強の騎士_NPC初期化イベント_初期状態	NPC326 Volcano Hall Strongest Knight_NPC initialization event_Initial state	emevd_event	1042383700	m60_42_38_00	1
1042389204		set by NPC talk 800016000 on m60_00_00_00	esd_talk	800016000	m60_00_00_00	1
1042389205		set by NPC talk 800016000 on m60_00_00_00	esd_talk	800016000	m60_00_00_00	1
1042389208		set by NPC talk 800016000 on m60_00_00_00	esd_talk	800016000	m60_00_00_00	1
1042389220		set by NPC talk 800016000 on m60_00_00_00	esd_talk	800016000	m60_00_00_00	1
1042389221		set by NPC talk 800016000 on m60_00_00_00	esd_talk	800016000	m60_00_00_00	1
1042389248		set by NPC talk 800016000 on m60_00_00_00	esd_talk	800016000	m60_00_00_00	1
1042389253	NPC326火山館最強の騎士_NPC初期化イベント_初期状態	NPC326 Volcano Hall Strongest Knight_NPC initialization event_Initial state	emevd_event	1042383700	m60_42_38_00	2
1042389255		set by NPC talk 326001600 on m16_00_00_00	esd_talk	326001600	m16_00_00_00	2
1042389256		set by NPC talk 326001600 on m16_00_00_00	esd_talk	326001600	m16_00_00_00	2
1042389257		set by NPC talk 326001600 on m16_00_00_00	esd_talk	326001600	m16_00_00_00	2
1042389258		set by NPC talk 326001600 on m16_00_00_00	esd_talk	326001600	m16_00_00_00	2
1042390101	【18．2末版】小篝火補充数リセット	[18.2 end version] Small bonfire replenishment number reset	emevd_batch	9910	common	1
1042390102	【18．2末版】小篝火補充数リセット	[18.2 end version] Small bonfire replenishment number reset	emevd_batch	9910	common	1
1042390103	【18．2末版】小篝火補充数リセット	[18.2 end version] Small bonfire replenishment number reset	emevd_batch	9910	common	1
1042392700		set by NPC talk 800066000 on m60_00_00_00	esd_talk	800066000	m60_00_00_00	3
1042392705		set by NPC talk 800076000 on m60_00_00_00	esd_talk	800076000	m60_00_00_00	2
1042392706		set by NPC talk 800076000 on m60_00_00_00	esd_talk	800076000	m60_00_00_00	2
1042392707		set by NPC talk 800076000 on m60_00_00_00	esd_talk	800076000	m60_00_00_00	2
1042392708		set by NPC talk 800076000 on m60_00_00_00	esd_talk	800076000	m60_00_00_00	2
1042392709		set by NPC talk 800076000 on m60_00_00_00	esd_talk	800076000	m60_00_00_00	2
1042399201		set by NPC talk 800076000 on m60_00_00_00	esd_talk	800076000	m60_00_00_00	2
1042399202		set by NPC talk 800076000 on m60_00_00_00	esd_talk	800076000	m60_00_00_00	2
1042399204		set by NPC talk 800076000 on m60_00_00_00	esd_talk	800076000	m60_00_00_00	2
1042399205		set by NPC talk 800076000 on m60_00_00_00	esd_talk	800076000	m60_00_00_00	2
1042399206		set by NPC talk 800076000 on m60_00_00_00	esd_talk	800076000	m60_00_00_00	2
1042399210		set by NPC talk 800076000 on m60_00_00_00	esd_talk	800076000	m60_00_00_00	2
1042399211		set by NPC talk 800076000 on m60_00_00_00	esd_talk	800076000	m60_00_00_00	2
1042399216		set by NPC talk 800076000 on m60_00_00_00	esd_talk	800076000	m60_00_00_00	2
1042399220		set by NPC talk 800076000 on m60_00_00_00	esd_talk	800076000	m60_00_00_00	2
1042399221		set by NPC talk 800076000 on m60_00_00_00	esd_talk	800076000	m60_00_00_00	2
1042399222		set by NPC talk 800076000 on m60_00_00_00	esd_talk	800076000	m60_00_00_00	2
1042399225		set by NPC talk 800076000 on m60_00_00_00	esd_talk	800076000	m60_00_00_00	2
1042399226		set by NPC talk 800076000 on m60_00_00_00	esd_talk	800076000	m60_00_00_00	2
1042399227		set by NPC talk 800076000 on m60_00_00_00	esd_talk	800076000	m60_00_00_00	2
1042399241		set by NPC talk 800066000 on m60_00_00_00	esd_talk	800066000	m60_00_00_00	3
1042399243		set by NPC talk 800076000 on m60_00_00_00	esd_talk	800076000	m60_00_00_00	5
1042399244		set by NPC talk 800076000 on m60_00_00_00	esd_talk	800076000	m60_00_00_00	2
1042399245		set by NPC talk 800076000 on m60_00_00_00	esd_talk	800076000	m60_00_00_00	2
1042399247		set by NPC talk 800066000 on m60_00_00_00	esd_talk	800066000	m60_00_00_00	3
1042399248		set by NPC talk 800066000 on m60_00_00_00	esd_talk	800066000	m60_00_00_00	3
1042399250	NPC369火山館モブ_闇霊侵入許可フラグ立て	NPC369 Volcano Hall Mob_Dark spirit invasion permission flag set	emevd_event	1042393700	m60_42_39_00	1
1042399300	NPC345火山館ターゲット1_侵入許可フラグ立て	NPC345 Volcano Hall Target 1_Intrusion permission flag setting	emevd_event	1042393710	m60_42_39_00	1
1042399700	NPC世界への侵入中	Invading the NPC world	emevd_event	1042392301	m60_42_39_00	1
1042399710	NPC世界への侵入中	Invading the NPC world	emevd_event	1042392301	m60_42_39_00	1
1042510300	救済対応_壱	Relief response_1	emevd_event	6901	common	1
1042549710		set by NPC talk 209006000 on m60_00_00_00	esd_talk	209006000	m60_00_00_00	1
1042559204	NPC348マレニアの娘_共闘して勝利イベント	NPC348 Daughter of Marenia_Fight together and win event	emevd_event	1042553711	m60_42_55_00	1
1042559205		set by NPC talk 348001500 on m15_00_00_00	esd_talk	348001500	m15_00_00_00	2
1042559206	NPC348マレニアの娘_土竜戦_白霊召喚停止イベント	NPC348 Daughter of Marenia_Earth Dragon Battle_White Spirit Summoning Stop Event	emevd_event	39203710	m39_20_00_00	2
1042559207	NPC348マレニアの娘_キャラ状態遷移	NPC348 Marenia's Daughter_Character state transition	emevd_event	4199	common	5
1042559208	NPC348マレニアの娘_キャラ状態遷移	NPC348 Marenia's Daughter_Character state transition	emevd_event	4199	common	5
1042559209	NPC348マレニアの娘_キャラ状態遷移	NPC348 Marenia's Daughter_Character state transition	emevd_event	4199	common	5
1043300800	ボス撃破	Defeat the boss	emevd_event	1043302800	m60_43_30_00	1
1043310510	エレベーター初期フラグ	Elevator initial flag	emevd_event	1043310519	m60_43_31_00	1
1043312223	処刑塔屋上_交戦イベント	Execution Tower Rooftop_Battle Event	emevd_event	1043312223	m60_43_31_00	1
1043312240	サブ屋上_交戦イベント	Sub rooftop_battle event	emevd_event	1043312242	m60_43_31_00	1
1043312700		set by NPC talk 311006000 on m60_00_00_00	esd_talk	311006000	m60_00_00_00	1
1043312701		set by NPC talk 311006000 on m60_00_00_00	esd_talk	311006000	m60_00_00_00	1
1043319202	半島砦の城主_NPC初期化イベント_初期状態	Peninsula Fort Castle Lord_NPC initialization event_Initial state	emevd_event	1043310705	m60_43_31_00	2
1043319205		set by NPC talk 311006000 on m60_00_00_00	esd_talk	311006000	m60_00_00_00	1
1043319206		set by NPC talk 311006000 on m60_00_00_00	esd_talk	311006000	m60_00_00_00	1
1043319207		set by NPC talk 311006000 on m60_00_00_00	esd_talk	311006000	m60_00_00_00	1
1043319208	半島砦の城主_NPC初期化イベント_初期状態	Peninsula Fort Castle Lord_NPC initialization event_Initial state	emevd_event	1043310705	m60_43_31_00	1
1043319209	NPC311半島砦の城主_キャラ状態遷移	NPC311 Peninsula Fort Castle Lord_Character state transition	emevd_event	3419	common	1
1043320101	【18．2末版】小篝火補充数リセット	[18.2 end version] Small bonfire replenishment number reset	emevd_batch	9910	common	1
1043330101	【18．2末版】小篝火補充数リセット	[18.2 end version] Small bonfire replenishment number reset	emevd_batch	9910	common	1
1043330610	m60_43_33_00用初期フラグ設定	Initial flag setting for m60_43_33_00	emevd_event	1043330050	m60_43_33_00	1
1043330650	エレベーター初期フラグ設定	Elevator initial flag setting	emevd_event	1043330510	m60_43_33_00	1
1043332705		set by NPC talk 801156000 on m60_00_00_00	esd_talk	801156000	m60_00_00_00	1
1043332707		set by NPC talk 801156000 on m60_00_00_00	esd_talk	801156000	m60_00_00_00	1
1043339200		set by NPC talk 801156000 on m60_00_00_00	esd_talk	801156000	m60_00_00_00	1
1043339205		set by NPC talk 801156000 on m60_00_00_00	esd_talk	801156000	m60_00_00_00	1
1043349250		set by NPC talk 000001000 on m00_00_00_00	esd_talk	000001000	m00_00_00_00	1
1043349251		set by NPC talk 000003000 on m00_00_00_00	esd_talk	000003000	m00_00_00_00	1
1043349252		set by NPC talk 000003000 on m00_00_00_00	esd_talk	000003000	m00_00_00_00	1
1043352270	王軍VS亜人_交戦イベント	Royal Army VS Ajin_Battle Event	emevd_event	1043352270	m60_43_35_00	1
1043352700		set by NPC talk 303001000 on m10_00_00_00	esd_talk	303001000	m10_00_00_00	4
1043352701		set by NPC talk 303001000 on m10_00_00_00	esd_talk	303001000	m10_00_00_00	4
1043352702		set by NPC talk 303001000 on m10_00_00_00	esd_talk	303001000	m10_00_00_00	8
1043359201		set by NPC talk 303001000 on m10_00_00_00	esd_talk	303001000	m10_00_00_00	4
1043359202		set by NPC talk 303001000 on m10_00_00_00	esd_talk	303001000	m10_00_00_00	4
1043359203		set by NPC talk 303001000 on m10_00_00_00	esd_talk	303001000	m10_00_00_00	4
1043359204		set by NPC talk 303001000 on m10_00_00_00	esd_talk	303001000	m10_00_00_00	4
1043359210		set by NPC talk 303001000 on m10_00_00_00	esd_talk	303001000	m10_00_00_00	4
1043359211		set by NPC talk 303001000 on m10_00_00_00	esd_talk	303001000	m10_00_00_00	4
1043359213		set by NPC talk 303001000 on m10_00_00_00	esd_talk	303001000	m10_00_00_00	4
1043359217		set by NPC talk 303001000 on m10_00_00_00	esd_talk	303001000	m10_00_00_00	4
1043359220		set by NPC talk 303001000 on m10_00_00_00	esd_talk	303001000	m10_00_00_00	8
1043359221		set by NPC talk 303001000 on m10_00_00_00	esd_talk	303001000	m10_00_00_00	8
1043359245		set by NPC talk 303001000 on m10_00_00_00	esd_talk	303001000	m10_00_00_00	4
1043359248		set by NPC talk 303001000 on m10_00_00_00	esd_talk	303001000	m10_00_00_00	4
1043359252		set by NPC talk 318001110 on m11_10_00_00	esd_talk	318001110	m11_10_00_00	2
1043359255		set by NPC talk 318001110 on m11_10_00_00	esd_talk	318001110	m11_10_00_00	2
1043359256		set by NPC talk 318001110 on m11_10_00_00	esd_talk	318001110	m11_10_00_00	2
1043359257		set by NPC talk 318001110 on m11_10_00_00	esd_talk	318001110	m11_10_00_00	2
1043359258	NPC318_混沌の宿主_飛竜アギールに攻撃した	NPC318_Host of Chaos_Attacked the flying dragon Agir.	emevd_event	1043363700	m60_43_36_00	1
1043359259	NPC318_混沌の宿主_混沌に乗っ取られた_リアルタイム遷移	NPC318_Host of Chaos_Hijacked by Chaos_Real-time transition	emevd_event	1049533701	m60_49_53_00	1
1043359300		set by NPC talk 101316000 on m60_00_00_00	esd_talk	101316000	m60_00_00_00	1
1043360101	【18．2末版】小篝火補充数リセット	[18.2 end version] Small bonfire replenishment number reset	emevd_batch	9910	common	1
1043360102	【18．2末版】小篝火補充数リセット	[18.2 end version] Small bonfire replenishment number reset	emevd_batch	9910	common	1
1043360340	ワイバーン着地_ワープ判定_XX	Wyvern landing_warp judgment_XX	emevd_event	1043362340	m60_43_36_00	1
1043360380	ワイバーン初回出現後_貴人無効化	After Wyvern appears for the first time_nobility disabled	emevd_event	1043362380	m60_43_36_00	1
1043362379	ワイバーン着地_ワープ判定_XX	Wyvern landing_warp judgment_XX	emevd_event	1043362340	m60_43_36_00	1
1043369200	NPC318_混沌の宿主_アギール湖_召喚可否監視	NPC318_Host of Chaos_Lake Agir_Monitoring whether or not it is possible to summon	emevd_event	1043363702	m60_43_36_00	6
1043369201	NPC318_混沌の宿主_竜撃破後処理	NPC318_Host of Chaos_Processing after defeating the dragon	emevd_event	1043363704	m60_43_36_00	1
1043370101	【18．2末版】小篝火補充数リセット	[18.2 end version] Small bonfire replenishment number reset	emevd_batch	9910	common	1
1043370340	救済対応_壱	Relief response_1	emevd_event	6901	common	1
1043372700		set by NPC talk 800906000 on m60_00_00_00	esd_talk	800906000	m60_00_00_00	1
1043372705		set by NPC talk 800906000 on m60_00_00_00	esd_talk	800906000	m60_00_00_00	1
1043372706		set by NPC talk 800906000 on m60_00_00_00	esd_talk	800906000	m60_00_00_00	1
1043372708	NPC800赤目商人1_ロバ被ダメ台詞再生	NPC800 Red-Eyed Merchant 1_ Donkey Damage Line Playback	emevd_event	1043373706	m60_43_37_00	1
1043372710		set by NPC talk 318001110 on m11_10_00_00	esd_talk	318001110	m11_10_00_00	2
1043372711		set by NPC talk 318001110 on m11_10_00_00	esd_talk	318001110	m11_10_00_00	2
1043372713		set by NPC talk 318016000 on m60_00_00_00	esd_talk	318016000	m60_00_00_00	1
1043372714	NPC318_混沌の宿主_ネリウス戦中_切り替え処理	NPC318_Host of Chaos_During the battle with Nerius_Switching process	emevd_event	1043373722	m60_43_37_00	1
1043372717	NPC318混沌の宿主_ネリウス戦白霊_召喚解散切り替え	NPC318 Host of Chaos_Nerius Battle Spirit_Summon and Disband Switch	emevd_event	1043383700	m60_43_38_00	1
1043372718	NPC318混沌の宿主_ネリウス戦白霊_召喚解散切り替え	NPC318 Host of Chaos_Nerius Battle Spirit_Summon and Disband Switch	emevd_event	1043383700	m60_43_38_00	1
1043372719		set by NPC talk 318001110 on m11_10_00_00	esd_talk	318001110	m11_10_00_00	2
1043372722	NPC700話す死体⑨_自動会話イベント	NPC700 Talking Corpse⑨_Automatic conversation event	emevd_event	1043373711	m60_43_37_00	1
1043372723		set by NPC talk 700086000 on m60_00_00_00	esd_talk	700086000	m60_00_00_00	1
1043372730		set by NPC talk 223001100 on m11_00_00_00	esd_talk	223001100	m11_00_00_00	4
1043372731		set by NPC talk 223001100 on m11_00_00_00	esd_talk	223001100	m11_00_00_00	4
1043372732	NPC223亜人針子_初期状態_能動会話再生済リセット	NPC223 Ajin seamstress_Initial state_Active conversation played reset	emevd_event	1043373731	m60_43_37_00	1
1043372733	NPC223亜人針子_初期状態_能動会話再生済リセット	NPC223 Ajin seamstress_Initial state_Active conversation played reset	emevd_event	1043373731	m60_43_37_00	1
1043372734	NPC223亜人針子_初期状態_能動会話再生済リセット	NPC223 Ajin seamstress_Initial state_Active conversation played reset	emevd_event	1043373731	m60_43_37_00	1
1043372735	NPC223亜人針子_初期状態_能動会話再生済リセット	NPC223 Ajin seamstress_Initial state_Active conversation played reset	emevd_event	1043373731	m60_43_37_00	1
1043372736	NPC223亜人針子_初期状態_能動会話再生済リセット	NPC223 Ajin seamstress_Initial state_Active conversation played reset	emevd_event	1043373731	m60_43_37_00	1
1043372737	NPC223亜人針子_初期状態_能動会話再生済リセット	NPC223 Ajin seamstress_Initial state_Active conversation played reset	emevd_event	1043373731	m60_43_37_00	1
1043372738		set by NPC talk 223001100 on m11_00_00_00	esd_talk	223001100	m11_00_00_00	4
1043372740	NPC318_混沌の宿主_ネリウス戦中_切り替え処理	NPC318_Host of Chaos_During the battle with Nerius_Switching process	emevd_event	1043373722	m60_43_37_00	1
1043372741	NPC318_混沌の宿主_ネリウス戦中_切り替え処理	NPC318_Host of Chaos_During the battle with Nerius_Switching process	emevd_event	1043373722	m60_43_37_00	1
1043379200	NPC800赤目商人1_初期化イベント	NPC800 Red Eye Merchant 1_Initialization event	emevd_event	1043373700	m60_43_37_00	1
1043379203		set by NPC talk 800906000 on m60_00_00_00	esd_talk	800906000	m60_00_00_00	1
1043379204		set by NPC talk 800906000 on m60_00_00_00	esd_talk	800906000	m60_00_00_00	1
1043379205		set by NPC talk 800906000 on m60_00_00_00	esd_talk	800906000	m60_00_00_00	1
1043379208		set by NPC talk 800906000 on m60_00_00_00	esd_talk	800906000	m60_00_00_00	1
1043379220		set by NPC talk 800906000 on m60_00_00_00	esd_talk	800906000	m60_00_00_00	1
1043379221		set by NPC talk 800906000 on m60_00_00_00	esd_talk	800906000	m60_00_00_00	1
1043379222		set by NPC talk 800906000 on m60_00_00_00	esd_talk	800906000	m60_00_00_00	1
1043379223		set by NPC talk 800906000 on m60_00_00_00	esd_talk	800906000	m60_00_00_00	1
1043379224		set by NPC talk 800906000 on m60_00_00_00	esd_talk	800906000	m60_00_00_00	1
1043379229	NPC800赤目商人1_地図ポイント発見	NPC800 Red Eye Merchant 1_Map point discovery	emevd_event	1043373701	m60_43_37_00	1
1043379248	NPC800赤目商人1_初期化イベント	NPC800 Red Eye Merchant 1_Initialization event	emevd_event	1043373700	m60_43_37_00	1
1043379255	NPC318_混沌の宿主_NPC初期化イベント_ある潰れ指勝利後	NPC318_Host of Chaos_NPC initialization event_After victory with a crushed finger	emevd_event	1035463700	m60_35_46_00	7
1043379260		set by NPC talk 318001110 on m11_10_00_00	esd_talk	318001110	m11_10_00_00	2
1043379262	NPC318_混沌の宿主_ネリウス戦中_切り替え処理	NPC318_Host of Chaos_During the battle with Nerius_Switching process	emevd_event	1043373722	m60_43_37_00	1
1043379263	NPC318_混沌の宿主_ネリウス戦中_切り替え処理	NPC318_Host of Chaos_During the battle with Nerius_Switching process	emevd_event	1043373722	m60_43_37_00	1
1043379305		set by NPC talk 700086000 on m60_00_00_00	esd_talk	700086000	m60_00_00_00	1
1043379306		set by NPC talk 700086000 on m60_00_00_00	esd_talk	700086000	m60_00_00_00	1
1043379307		set by NPC talk 700086000 on m60_00_00_00	esd_talk	700086000	m60_00_00_00	1
1043379352		set by NPC talk 223001100 on m11_00_00_00	esd_talk	223001100	m11_00_00_00	5
1043379353	NPC223亜人針子_NPC初期化イベント_紋章関門前の篝火近く	NPC223 Demi-Seamiko_NPC initialization event_Near the bonfire in front of the coat of arms gate	emevd_event	1036483700	m60_36_48_00	7
1043379355		set by NPC talk 223001100 on m11_00_00_00	esd_talk	223001100	m11_00_00_00	5
1043379356		set by NPC talk 223001100 on m11_00_00_00	esd_talk	223001100	m11_00_00_00	5
1043379357	NPC223亜人針子_初期状態_擬態解除	NPC223 Demi-human seamstress_initial state_mimetic release	emevd_event	1043373732	m60_43_37_00	1
1043379358		set by NPC talk 223001100 on m11_00_00_00	esd_talk	223001100	m11_00_00_00	4
1043390101	【18．2末版】小篝火補充数リセット	[18.2 end version] Small bonfire replenishment number reset	emevd_batch	9910	common	1
1043390102	【18．2末版】小篝火補充数リセット	[18.2 end version] Small bonfire replenishment number reset	emevd_batch	9910	common	1
1043392711		set by NPC talk 220001300 on m13_00_00_00	esd_talk	220001300	m13_00_00_00	6
1043392712	壺マイヤー_助けを呼ぶイベント_初期状態	Pot Mayor_Event that calls for help_Initial state	emevd_event	1043393722	m60_43_39_00	1
1043392713	壺マイヤー_助けを呼ぶイベント_初期状態	Pot Mayor_Event that calls for help_Initial state	emevd_event	1043393722	m60_43_39_00	1
1043392715		set by NPC talk 220001300 on m13_00_00_00	esd_talk	220001300	m13_00_00_00	6
1043392716		set by NPC talk 220001300 on m13_00_00_00	esd_talk	220001300	m13_00_00_00	5
1043399200	NPC802赤目商人3_初期化イベント	NPC802 Red Eye Merchant 3_Initialization event	emevd_event	1043393700	m60_43_39_00	1
1043399220	NPC802赤目商人3_キャラ状態遷移	NPC802 Red Eye Merchant 3_Character state transition	emevd_event	4759	common	1
1043399221	NPC802赤目商人3_キャラ状態遷移	NPC802 Red Eye Merchant 3_Character state transition	emevd_event	4759	common	1
1043399222	NPC802赤目商人3_ここで死亡監視	NPC802 Red Eye Merchant 3_Death monitoring here	emevd_event	1043393702	m60_43_39_00	1
1043399223		set by NPC talk 800026000 on m60_00_00_00	esd_talk	800026000	m60_00_00_00	4
1043399224		set by NPC talk 800026000 on m60_00_00_00	esd_talk	800026000	m60_00_00_00	4
1043399225		set by NPC talk 800026000 on m60_00_00_00	esd_talk	800026000	m60_00_00_00	4
1043399229	NPC802赤目商人3_地図ポイント発見	NPC802 Red Eye Merchant 3_Map point discovery	emevd_event	1043393704	m60_43_39_00	1
1043399303	壺マイヤー_NPC初期化イベント_溶岩風呂	Pot Mayor_NPC initialization event_Lava bath	emevd_event	1035533700	m60_35_53_00	7
1043399305		set by NPC talk 220001300 on m13_00_00_00	esd_talk	220001300	m13_00_00_00	5
1043399306		set by NPC talk 220001300 on m13_00_00_00	esd_talk	220001300	m13_00_00_00	5
1043399307		set by NPC talk 220001300 on m13_00_00_00	esd_talk	220001300	m13_00_00_00	5
1043399308		set by NPC talk 220001300 on m13_00_00_00	esd_talk	220001300	m13_00_00_00	5
1043399309		set by NPC talk 220001300 on m13_00_00_00	esd_talk	220001300	m13_00_00_00	5
1043399311		set by NPC talk 220001300 on m13_00_00_00	esd_talk	220001300	m13_00_00_00	5
1043399312		set by NPC talk 220001300 on m13_00_00_00	esd_talk	220001300	m13_00_00_00	5
1043399313		set by NPC talk 220001300 on m13_00_00_00	esd_talk	220001300	m13_00_00_00	6
1043399314	壺マイヤー_穴に埋まっているフラグ操作	Tsubo Meyer_Flag operation buried in the hole	emevd_event	1039443706	m60_39_44_00	2
1043399356	話す死体6_墓地に入った会話再生許可	Talking corpse 6_Conversation playback permission after entering the graveyard	emevd_event	1043343702	m60_43_39_00	1
1043509200		set by NPC talk 000001000 on m00_00_00_00	esd_talk	000001000	m00_00_00_00	1
1043509201		set by NPC talk 000003000 on m00_00_00_00	esd_talk	000003000	m00_00_00_00	1
1043509202		set by NPC talk 000003000 on m00_00_00_00	esd_talk	000003000	m00_00_00_00	1
1043520505	救済対応_壱	Relief response_1	emevd_event	6901	common	1
1043520506	救済対応_壱	Relief response_1	emevd_event	6901	common	1
1043522506	マルギット憑依変身_予兆	Margit Possessed Transformation_Omen	emevd_event	1043522500	m60_43_52_00	1
1043522700	マルギット憑依変身_セリフ用フラグ操作	Margit Possessed Transformation_Speech flag operation	emevd_event	1043522510	m60_43_52_00	1
1043527500	救済対応_壱	Relief response_1	emevd_event	6901	common	1
1043530701		set by NPC talk 801196000 on m60_00_00_00	esd_talk	801196000	m60_00_00_00	1
1043532700		set by NPC talk 801196000 on m60_00_00_00	esd_talk	801196000	m60_00_00_00	1
1043532705		set by NPC talk 801196000 on m60_00_00_00	esd_talk	801196000	m60_00_00_00	1
1043532707		set by NPC talk 801196000 on m60_00_00_00	esd_talk	801196000	m60_00_00_00	1
1043532708	NPC801モブ赤目09_NPC初期化イベント	NPC801 mob red eye 09_NPC initialization event	emevd_event	1043530700	m60_43_53_00	1
1043532709	NPC801モブ赤目09_NPC初期化イベント	NPC801 mob red eye 09_NPC initialization event	emevd_event	1043530700	m60_43_53_00	1
1043539205	NPC801モブ赤目09_NPC初期化イベント	NPC801 mob red eye 09_NPC initialization event	emevd_event	1043530700	m60_43_53_00	1
1043539250		set by NPC talk 000001000 on m00_00_00_00	esd_talk	000001000	m00_00_00_00	1
1043539251		set by NPC talk 000003000 on m00_00_00_00	esd_talk	000003000	m00_00_00_00	1
1043539252		set by NPC talk 000003000 on m00_00_00_00	esd_talk	000003000	m00_00_00_00	1
1044320101	【18．2末版】小篝火補充数リセット	[18.2 end version] Small bonfire replenishment number reset	emevd_batch	9910	common	1
1044320340	救済対応_壱	Relief response_1	emevd_event	6901	common	1
1044320342	救済対応_壱	Relief response_1	emevd_event	6901	common	1
1044322201	スカラベ_メタル個体ミニゲーム_イベント	Scarab_Metal Individual Mini Game_Event	emevd_event	1044322200	m60_44_32_00	1
1044322202	スカラベ_メタル個体ミニゲーム_イベント	Scarab_Metal Individual Mini Game_Event	emevd_event	1044322200	m60_44_32_00	1
1044327410	救済対応_壱	Relief response_1	emevd_event	6901	common	1
1044330101	【18．2末版】小篝火補充数リセット	[18.2 end version] Small bonfire replenishment number reset	emevd_batch	9910	common	1
1044330300	[亡霊ＮＰＣイベント1]開始	[Ghost NPC Event 1] Start	emevd_event	1044332300	m60_44_33_00	1
1044330321	[亡霊ＮＰＣイベント1]クリアー	[Ghost NPC Event 1] Cleared	emevd_event	1044332301	m60_44_33_00	1
1044332320	[亡霊ＮＰＣイベント1]開始	[Ghost NPC Event 1] Start	emevd_event	1044332300	m60_44_33_00	2
1044332322	[亡霊ＮＰＣイベント1]敵登場	[Ghost NPC Event 1] Enemy Appears	emevd_event	1044332302	m60_44_33_00	1
1044332330	[亡霊ＮＰＣイベント1]敵登場	[Ghost NPC Event 1] Enemy Appears	emevd_event	1044332302	m60_44_33_00	2
1044332331	[亡霊ＮＰＣイベント1]敵撃破	[Ghost NPC Event 1] Defeating the enemy	emevd_event	1044332303	m60_44_33_00	1
1044332700		set by NPC talk 801146000 on m60_00_00_00	esd_talk	801146000	m60_00_00_00	1
1044332705		set by NPC talk 801146000 on m60_00_00_00	esd_talk	801146000	m60_00_00_00	1
1044332707		set by NPC talk 801146000 on m60_00_00_00	esd_talk	801146000	m60_00_00_00	1
1044339200		set by NPC talk 801146000 on m60_00_00_00	esd_talk	801146000	m60_00_00_00	1
1044339205		set by NPC talk 801146000 on m60_00_00_00	esd_talk	801146000	m60_00_00_00	1
1044342300	亜人擬態イベント_XX	Demihuman mimicry event_XX	emevd_event	1043342220	m60_43_34_00	1
1044342700		set by NPC talk 216001202 on m12_02_00_00	esd_talk	216001202	m12_02_00_00	2
1044342701		set by NPC talk 216001202 on m12_02_00_00	esd_talk	216001202	m12_02_00_00	2
1044349200	NPC802赤目商人3_初期化イベント	NPC802 Red Eye Merchant 3_Initialization event	emevd_event	1044343700	m60_44_34_00	1
1044349220	NPC802赤目商人3_キャラ状態遷移	NPC802 Red Eye Merchant 3_Character state transition	emevd_event	4759	common	1
1044349221	NPC802赤目商人3_キャラ状態遷移	NPC802 Red Eye Merchant 3_Character state transition	emevd_event	4759	common	1
1044349222	NPC802赤目商人3_ここで死亡監視	NPC802 Red Eye Merchant 3_Death monitoring here	emevd_event	1044343701	m60_44_34_00	1
1044349223		set by NPC talk 800026000 on m60_00_00_00	esd_talk	800026000	m60_00_00_00	4
1044349224		set by NPC talk 800026000 on m60_00_00_00	esd_talk	800026000	m60_00_00_00	4
1044349225		set by NPC talk 800026000 on m60_00_00_00	esd_talk	800026000	m60_00_00_00	4
1044349229	NPC802赤目商人3_地図ポイント発見	NPC802 Red Eye Merchant 3_Map point discovery	emevd_event	1044343703	m60_44_34_00	1
1044349252	NPC216_狼頭の戦士_NPC初期化イベント_ダリウィルとの共闘直後	NPC216_Wolf-headed Warrior_NPC Initialization Event_Immediately after the joint fight with Daliwill	emevd_event	1044343710	m60_44_34_00	2
1044349255		set by NPC talk 216001202 on m12_02_00_00	esd_talk	216001202	m12_02_00_00	2
1044349256		set by NPC talk 216001202 on m12_02_00_00	esd_talk	216001202	m12_02_00_00	2
1044349257	NPC216狼頭の戦士_キャラ状態遷移	NPC216 Wolf-Headed Warrior_Character state transition	emevd_event	3619	common	1
1044349258	NPC216_狼頭の戦士_ダリウィル撃破時に召喚していたかを見る	NPC216_Wolf Head Warrior_See if it was summoned when defeating Dariwill	emevd_event	1044350713	m60_44_35_00	1
1044352710		set by NPC talk 216001202 on m12_02_00_00	esd_talk	216001202	m12_02_00_00	2
1044352711		set by NPC talk 216001202 on m12_02_00_00	esd_talk	216001202	m12_02_00_00	2
1044352715	NPC216_狼頭の戦士_ダリウィル戦自動会話キック	NPC216_Wolf-Headed Warrior_Dariwill battle automatic conversation kick	emevd_event	1044350712	m60_44_35_00	1
1044352716		set by NPC talk 216026000 on m60_00_00_00	esd_talk	216026000	m60_00_00_00	1
1044352717	NPC216_狼頭の戦士_ダリウィル戦_召喚可否監視	NPC216_Wolf Head Warrior_Daliwill Battle_Monitoring whether or not to summon	emevd_event	1044350711	m60_44_35_00	1
1044352720	NPCNPC801赤目モブ１_NPC初期化イベント	NPCNPC801 Red Eye Mob 1_NPC Initialization Event	emevd_event	1044353720	m60_44_35_00	1
1044359201		set by NPC talk 303001000 on m10_00_00_00	esd_talk	303001000	m10_00_00_00	4
1044359252	NPC216_狼頭の戦士_NPC初期化イベント_牢に囚われている	NPC216_Wolf Head Warrior_NPC initialization event_Captive in prison	emevd_event	1044350710	m60_44_35_00	1
1044359255		set by NPC talk 216036000 on m60_00_00_00	esd_talk	216036000	m60_00_00_00	1
1044359256		set by NPC talk 216001202 on m12_02_00_00	esd_talk	216001202	m12_02_00_00	2
1044359257		set by NPC talk 216036000 on m60_00_00_00	esd_talk	216036000	m60_00_00_00	1
1044359258		set by NPC talk 216036000 on m60_00_00_00	esd_talk	216036000	m60_00_00_00	1
1044359259	NPC216狼頭の戦士_キャラ状態遷移	NPC216 Wolf-Headed Warrior_Character state transition	emevd_event	3619	common	1
1044359260	NPC216_狼頭の戦士_牢に囚われている_封牢から解放	NPC216_Wolf-Headed Warrior_Captive in prison_Release from imprisonment	emevd_event	1044350715	m60_44_35_00	1
1044359300	NPCNPC801赤目モブ１_NPC初期化イベント	NPCNPC801 Red Eye Mob 1_NPC Initialization Event	emevd_event	1044353720	m60_44_35_00	1
1044360800	ボス撃破	Defeat the boss	emevd_event	1044362800	m60_44_36_00	2
1044362701		set by NPC talk 316006000 on m60_00_00_00	esd_talk	316006000	m60_00_00_00	1
1044362702		set by NPC talk 316106000 on m60_00_00_00	esd_talk	316106000	m60_00_00_00	1
1044362705		set by NPC talk 316006000 on m60_00_00_00	esd_talk	316006000	m60_00_00_00	4
1044362706		set by NPC talk 316206000 on m60_00_00_00	esd_talk	316206000	m60_00_00_00	2
1044362707		set by NPC talk 316006000 on m60_00_00_00	esd_talk	316006000	m60_00_00_00	4
1044362708		set by NPC talk 316106000 on m60_00_00_00	esd_talk	316106000	m60_00_00_00	1
1044369202		set by NPC talk 316006000 on m60_00_00_00	esd_talk	316006000	m60_00_00_00	1
1044369206		set by NPC talk 316006000 on m60_00_00_00	esd_talk	316006000	m60_00_00_00	1
1044369207		set by NPC talk 316006000 on m60_00_00_00	esd_talk	316006000	m60_00_00_00	1
1044369208		set by NPC talk 316006000 on m60_00_00_00	esd_talk	316006000	m60_00_00_00	1
1044369209		set by NPC talk 316006000 on m60_00_00_00	esd_talk	316006000	m60_00_00_00	1
1044369210		set by NPC talk 316006000 on m60_00_00_00	esd_talk	316006000	m60_00_00_00	1
1044369211		set by NPC talk 316006000 on m60_00_00_00	esd_talk	316006000	m60_00_00_00	1
1044369212		set by NPC talk 316006000 on m60_00_00_00	esd_talk	316006000	m60_00_00_00	1
1044369213		set by NPC talk 316006000 on m60_00_00_00	esd_talk	316006000	m60_00_00_00	1
1044369214		set by NPC talk 316006000 on m60_00_00_00	esd_talk	316006000	m60_00_00_00	3
1044369215		set by NPC talk 316006000 on m60_00_00_00	esd_talk	316006000	m60_00_00_00	1
1044369216		set by NPC talk 316006000 on m60_00_00_00	esd_talk	316006000	m60_00_00_00	1
1044369217		set by NPC talk 316006000 on m60_00_00_00	esd_talk	316006000	m60_00_00_00	1
1044369218		set by NPC talk 316006000 on m60_00_00_00	esd_talk	316006000	m60_00_00_00	1
1044369219		set by NPC talk 316006000 on m60_00_00_00	esd_talk	316006000	m60_00_00_00	1
1044369220		set by NPC talk 316006000 on m60_00_00_00	esd_talk	316006000	m60_00_00_00	1
1044369221		set by NPC talk 316006000 on m60_00_00_00	esd_talk	316006000	m60_00_00_00	1
1044369222		set by NPC talk 316006000 on m60_00_00_00	esd_talk	316006000	m60_00_00_00	1
1044369223		set by NPC talk 316006000 on m60_00_00_00	esd_talk	316006000	m60_00_00_00	3
1044369224		set by NPC talk 316006000 on m60_00_00_00	esd_talk	316006000	m60_00_00_00	1
1044369225		set by NPC talk 316006000 on m60_00_00_00	esd_talk	316006000	m60_00_00_00	1
1044369226		set by NPC talk 316006000 on m60_00_00_00	esd_talk	316006000	m60_00_00_00	1
1044369227		set by NPC talk 316006000 on m60_00_00_00	esd_talk	316006000	m60_00_00_00	1
1044369228		set by NPC talk 316006000 on m60_00_00_00	esd_talk	316006000	m60_00_00_00	1
1044369229		set by NPC talk 316006000 on m60_00_00_00	esd_talk	316006000	m60_00_00_00	1
1044369230		set by NPC talk 316006000 on m60_00_00_00	esd_talk	316006000	m60_00_00_00	1
1044369231		set by NPC talk 316106000 on m60_00_00_00	esd_talk	316106000	m60_00_00_00	1
1044369232		set by NPC talk 316106000 on m60_00_00_00	esd_talk	316106000	m60_00_00_00	1
1044369233		set by NPC talk 316106000 on m60_00_00_00	esd_talk	316106000	m60_00_00_00	1
1044369234		set by NPC talk 316006000 on m60_00_00_00	esd_talk	316006000	m60_00_00_00	2
1044369235	NPC316学院の女魔術師_購入魔術数チェック	NPC316 Academy female magician_Check the number of purchased magics	emevd_event	1044363713	m60_44_36_00	2
1044369236		set by NPC talk 316006000 on m60_00_00_00	esd_talk	316006000	m60_00_00_00	1
1044369237	NPC316学院の女魔術師_購入魔術数チェック	NPC316 Academy female magician_Check the number of purchased magics	emevd_event	1044363713	m60_44_36_00	2
1044369238		set by NPC talk 316006000 on m60_00_00_00	esd_talk	316006000	m60_00_00_00	4
1044369239		set by NPC talk 316006000 on m60_00_00_00	esd_talk	316006000	m60_00_00_00	4
1044369240		set by NPC talk 316006000 on m60_00_00_00	esd_talk	316006000	m60_00_00_00	4
1044369243		set by NPC talk 316006000 on m60_00_00_00	esd_talk	316006000	m60_00_00_00	4
1044369244		set by NPC talk 316006000 on m60_00_00_00	esd_talk	316006000	m60_00_00_00	4
1044369245		set by NPC talk 316006000 on m60_00_00_00	esd_talk	316006000	m60_00_00_00	4
1044369249		set by NPC talk 316006000 on m60_00_00_00	esd_talk	316006000	m60_00_00_00	1
1044369250		set by NPC talk 316006000 on m60_00_00_00	esd_talk	316006000	m60_00_00_00	4
1044370101	【18．2末版】小篝火補充数リセット	[18.2 end version] Small bonfire replenishment number reset	emevd_batch	9910	common	1
1044370102	【18．2末版】小篝火補充数リセット	[18.2 end version] Small bonfire replenishment number reset	emevd_batch	9910	common	1
1044370111	【18．2末版】小篝火補充数リセット	[18.2 end version] Small bonfire replenishment number reset	emevd_batch	9910	common	1
1044370112	【18．2末版】小篝火補充数リセット	[18.2 end version] Small bonfire replenishment number reset	emevd_batch	9910	common	1
1044372711		set by NPC talk 988006000 on m60_00_00_00	esd_talk	988006000	m60_00_00_00	1
1044372712		set by NPC talk 988006000 on m60_00_00_00	esd_talk	988006000	m60_00_00_00	1
1044372713		set by NPC talk 988006000 on m60_00_00_00	esd_talk	988006000	m60_00_00_00	1
1044372714		set by NPC talk 988006000 on m60_00_00_00	esd_talk	988006000	m60_00_00_00	1
1044372717		set by NPC talk 988006000 on m60_00_00_00	esd_talk	988006000	m60_00_00_00	1
1044379252		set by NPC talk 988006000 on m60_00_00_00	esd_talk	988006000	m60_00_00_00	1
1044379255	しゃべスラ_永遠の都へ案内会話再生	Chat Sura_Guide to the Eternal City Conversation Playback	emevd_event	1044373716	m60_44_37_00	2
1044379256		set by NPC talk 218001202 on m12_02_00_00	esd_talk	218001202	m12_02_00_00	3
1044379257		set by NPC talk 988006000 on m60_00_00_00	esd_talk	988006000	m60_00_00_00	1
1044379258		set by NPC talk 988006000 on m60_00_00_00	esd_talk	988006000	m60_00_00_00	1
1044379260		set by NPC talk 988006000 on m60_00_00_00	esd_talk	988006000	m60_00_00_00	1
1044379262		set by NPC talk 988006000 on m60_00_00_00	esd_talk	988006000	m60_00_00_00	1
1044379270		set by NPC talk 988006000 on m60_00_00_00	esd_talk	988006000	m60_00_00_00	1
1044379271		set by NPC talk 988006000 on m60_00_00_00	esd_talk	988006000	m60_00_00_00	1
1044380220	霊クラゲNPCいる時に消すイベント	An event that disappears when a spirit jellyfish NPC is present	emevd_event	1044382220	m60_44_38_00	2
1044382712		set by NPC talk 988006000 on m60_00_00_00	esd_talk	988006000	m60_00_00_00	1
1044389202		set by NPC talk 318001110 on m11_10_00_00	esd_talk	318001110	m11_10_00_00	2
1044389206		set by NPC talk 318001110 on m11_10_00_00	esd_talk	318001110	m11_10_00_00	2
1044389208		set by NPC talk 318001110 on m11_10_00_00	esd_talk	318001110	m11_10_00_00	2
1044389209	NPC318_混沌の宿主_混沌に乗っ取られた_リアルタイム遷移	NPC318_Host of Chaos_Hijacked by Chaos_Real-time transition	emevd_event	1049533701	m60_49_53_00	1
1044389211		set by NPC talk 318001110 on m11_10_00_00	esd_talk	318001110	m11_10_00_00	2
1044389252		set by NPC talk 988006000 on m60_00_00_00	esd_talk	988006000	m60_00_00_00	1
1044389253		set by NPC talk 988006000 on m60_00_00_00	esd_talk	988006000	m60_00_00_00	1
1044389254		set by NPC talk 988006000 on m60_00_00_00	esd_talk	988006000	m60_00_00_00	1
1044389255		set by NPC talk 988006000 on m60_00_00_00	esd_talk	988006000	m60_00_00_00	1
1044389256		set by NPC talk 988006000 on m60_00_00_00	esd_talk	988006000	m60_00_00_00	1
1044389257		set by NPC talk 988006000 on m60_00_00_00	esd_talk	988006000	m60_00_00_00	1
1044389263		set by NPC talk 988006000 on m60_00_00_00	esd_talk	988006000	m60_00_00_00	1
1044392700		set by NPC talk 319001110 on m11_10_00_00	esd_talk	319001110	m11_10_00_00	2
1044392701		set by NPC talk 319001110 on m11_10_00_00	esd_talk	319001110	m11_10_00_00	2
1044392710	NPCNPC801赤目モブ２_NPC初期化イベント	NPCNPC801 Red Eye Mob 2_NPC initialization event	emevd_event	1044393710	m60_44_39_10	2
1044392715		set by NPC talk 801116000 on m60_00_00_00	esd_talk	801116000	m60_00_00_00	1
1044399202	NPC319ダヴィド_NPC初期化イベント	NPC319 David_NPC initialization event	emevd_event	1044390715	m60_44_39_10	4
1044399205		set by NPC talk 319001110 on m11_10_00_00	esd_talk	319001110	m11_10_00_00	2
1044399206		set by NPC talk 319001110 on m11_10_00_00	esd_talk	319001110	m11_10_00_00	2
1044399207		set by NPC talk 319001110 on m11_10_00_00	esd_talk	319001110	m11_10_00_00	2
1044399210		set by NPC talk 319001110 on m11_10_00_00	esd_talk	319001110	m11_10_00_00	2
1044399211		set by NPC talk 319001110 on m11_10_00_00	esd_talk	319001110	m11_10_00_00	2
1044399212		set by NPC talk 319001110 on m11_10_00_00	esd_talk	319001110	m11_10_00_00	2
1044399213		set by NPC talk 319001110 on m11_10_00_00	esd_talk	319001110	m11_10_00_00	2
1044399250	NPCNPC801赤目モブ２_NPC初期化イベント	NPCNPC801 Red Eye Mob 2_NPC initialization event	emevd_event	1044393710	m60_44_39_10	2
1044399255		set by NPC talk 801116000 on m60_00_00_00	esd_talk	801116000	m60_00_00_00	1
1044399265	NPC801赤目モブ１_血文字表示	NPC801 Red Eye Mob 1_Blood text display	emevd_event	1045363715	m60_45_36_00	2
1044522700		set by NPC talk 331006000 on m60_00_00_00	esd_talk	331006000	m60_00_00_00	1
1044522701	NPC331ならず者_再会カニ売り_アセット埋まり対策	NPC331 Rogue_Reunion crab seller_Asset filling measures	emevd_event	1044523700	m60_44_52_10	2
1044529255	NPC331ならず者_高山のショップラインナップ解放	NPC331 Rogue_Takayama shop lineup released	emevd_event	1044523705	m60_44_52_00	2
1044529256		set by NPC talk 331006000 on m60_00_00_00	esd_talk	331006000	m60_00_00_00	1
1044529257		set by NPC talk 331006000 on m60_00_00_00	esd_talk	331006000	m60_00_00_00	1
1044529258		set by NPC talk 331006000 on m60_00_00_00	esd_talk	331006000	m60_00_00_00	1
1044529259		set by NPC talk 331006000 on m60_00_00_00	esd_talk	331006000	m60_00_00_00	1
1044529261		set by NPC talk 331006000 on m60_00_00_00	esd_talk	331006000	m60_00_00_00	1
1044529262		set by NPC talk 331006000 on m60_00_00_00	esd_talk	331006000	m60_00_00_00	1
1044529263		set by NPC talk 331006000 on m60_00_00_00	esd_talk	331006000	m60_00_00_00	1
1044529264		set by NPC talk 331006000 on m60_00_00_00	esd_talk	331006000	m60_00_00_00	1
1044529270		set by NPC talk 331206000 on m60_00_00_00	esd_talk	331206000	m60_00_00_00	1
1044529271		set by NPC talk 331206000 on m60_00_00_00	esd_talk	331206000	m60_00_00_00	1
1044529272	NPC331ならず者_糞喰いに殺された_アイテム光出現フラグ立て	NPC331 Rogue_Killed by a shit eater_Item light appearance flag set	emevd_event	1044523706	m60_44_52_00	2
1044530300	救済対応_壱	Relief response_1	emevd_event	6901	common	1
1045330101	【18．2末版】小篝火補充数リセット	[18.2 end version] Small bonfire replenishment number reset	emevd_batch	9910	common	1
1045330102	【18．2末版】小篝火補充数リセット	[18.2 end version] Small bonfire replenishment number reset	emevd_batch	9910	common	1
1045332621	魔術師塔イベント_ヒントテキスト表示	Magician Tower Event_Hint text display	emevd_event	1045332254	m60_45_33_00	1
1045332901	隕石跡イベントボス出現	Meteorite Ruin Event Boss Appears	emevd_event	1045332920	m60_45_33_00	1
1045342700		set by NPC talk 310003500 on m35_00_00_00	esd_talk	310003500	m35_00_00_00	2
1045342701		set by NPC talk 310003500 on m35_00_00_00	esd_talk	310003500	m35_00_00_00	2
1045342710		set by NPC talk 311006000 on m60_00_00_00	esd_talk	311006000	m60_00_00_00	1
1045342711		set by NPC talk 311006000 on m60_00_00_00	esd_talk	311006000	m60_00_00_00	1
1045342719	NPC311半島砦の城主_出現要求	NPC311 Peninsula Fort Castle Lord_Appearance Request	emevd_event	1045340706	m60_45_34_00	1
1045349202	NPC310城主の娘_NPC初期化イベント_初期状態	NPC310 Castle Lord's Daughter_NPC initialization event_Initial state	emevd_event	1045340700	m60_45_34_00	1
1045349205		set by NPC talk 310003500 on m35_00_00_00	esd_talk	310003500	m35_00_00_00	2
1045349206		set by NPC talk 310003500 on m35_00_00_00	esd_talk	310003500	m35_00_00_00	2
1045349207		set by NPC talk 310003500 on m35_00_00_00	esd_talk	310003500	m35_00_00_00	2
1045349215		set by NPC talk 310003500 on m35_00_00_00	esd_talk	310003500	m35_00_00_00	4
1045349252		set by NPC talk 311006000 on m60_00_00_00	esd_talk	311006000	m60_00_00_00	1
1045349255		set by NPC talk 311006000 on m60_00_00_00	esd_talk	311006000	m60_00_00_00	1
1045349256	NPC311半島砦の城主_被ダメで固定化	NPC311 Lord of Peninsula Fort_Fixed due to damage	emevd_event	1045340707	m60_45_34_00	2
1045349258	NPC311半島砦の城主_NPC初期化イベント_娘の遺体発見	NPC311 Lord of the Peninsula Fort_NPC initialization event_Daughter's body discovered	emevd_event	1045340705	m60_45_34_00	1
1045349259	NPC311半島砦の城主_キャラ状態遷移	NPC311 Peninsula Fort Castle Lord_Character state transition	emevd_event	3419	common	1
1045350101	【18．2末版】小篝火補充数リセット	[18.2 end version] Small bonfire replenishment number reset	emevd_batch	9910	common	1
1045360500	隕石アイコンの非表示フラグをON	Turn on the hide flag of the meteorite icon	emevd_event	1045362400	m60_45_36_10	2
1045362702		set by NPC talk 801126000 on m60_00_00_00	esd_talk	801126000	m60_00_00_00	1
1045362705		set by NPC talk 801126000 on m60_00_00_00	esd_talk	801126000	m60_00_00_00	1
1045362707		set by NPC talk 801126000 on m60_00_00_00	esd_talk	801126000	m60_00_00_00	1
1045369200	NPC802赤目商人3_初期化イベント	NPC802 Red Eye Merchant 3_Initialization event	emevd_event	1045363700	m60_45_36_00	2
1045369220	NPC802赤目商人3_キャラ状態遷移	NPC802 Red Eye Merchant 3_Character state transition	emevd_event	4759	common	1
1045369221	NPC802赤目商人3_キャラ状態遷移	NPC802 Red Eye Merchant 3_Character state transition	emevd_event	4759	common	1
1045369222	NPC802赤目商人3_ここで死亡監視	NPC802 Red Eye Merchant 3_Death monitoring here	emevd_event	1045363702	m60_45_36_10	2
1045369223		set by NPC talk 800026000 on m60_00_00_00	esd_talk	800026000	m60_00_00_00	4
1045369224		set by NPC talk 800026000 on m60_00_00_00	esd_talk	800026000	m60_00_00_00	4
1045369225		set by NPC talk 800026000 on m60_00_00_00	esd_talk	800026000	m60_00_00_00	4
1045369229	NPC802赤目商人3_地図ポイント発見	NPC802 Red Eye Merchant 3_Map point discovery	emevd_event	1045363704	m60_45_36_00	2
1045369300		set by NPC talk 801126000 on m60_00_00_00	esd_talk	801126000	m60_00_00_00	1
1045369305		set by NPC talk 801126000 on m60_00_00_00	esd_talk	801126000	m60_00_00_00	1
1045372700		set by NPC talk 216001202 on m12_02_00_00	esd_talk	216001202	m12_02_00_00	2
1045372701		set by NPC talk 216001202 on m12_02_00_00	esd_talk	216001202	m12_02_00_00	2
1045372705		set by NPC talk 216001202 on m12_02_00_00	esd_talk	216001202	m12_02_00_00	2
1045372706	NPC216_狼頭の戦士_近距離遠吠え再開	NPC216_Wolf-Headed Warrior_Resumes short-range howling	emevd_event	1045370713	m60_45_37_00	2
1045372707	NPC216_狼頭の戦士_樹から飛び降りてくる	NPC216_Wolf-Headed Warrior_Jumping down from the tree	emevd_event	1045370711	m60_45_37_00	2
1045379202	NPC216_狼頭の戦士_NPC初期化イベント_初期状態	NPC216_Wolf Head Warrior_NPC initialization event_Initial state	emevd_event	1045370710	m60_45_37_00	3
1045379205		set by NPC talk 216001202 on m12_02_00_00	esd_talk	216001202	m12_02_00_00	2
1045379206		set by NPC talk 216001202 on m12_02_00_00	esd_talk	216001202	m12_02_00_00	2
1045379207	NPC216狼頭の戦士_キャラ状態遷移	NPC216 Wolf-Headed Warrior_Character state transition	emevd_event	3619	common	1
1045379208		set by NPC talk 216001202 on m12_02_00_00	esd_talk	216001202	m12_02_00_00	4
1045379209	ラニ一味敵対	Rani gang is hostile	emevd_event	3049	common	2
1045379220	NPC216_狼頭の戦士_広範囲遠吠え再生	NPC216_Wolf Head Warrior_Wide range howling playback	emevd_event	1045370712	m60_45_37_10	2
1045379222		set by NPC talk 216001202 on m12_02_00_00	esd_talk	216001202	m12_02_00_00	2
1045379250	NPC309_盗賊の頭_ワープ禁止実行	NPC309_Thief's Head_Warp prohibition execution	emevd_event	1045370720	m60_45_37_10	2
1045382701		set by NPC talk 321001000 on m10_00_00_00	esd_talk	321001000	m10_00_00_00	2
1045382704		set by NPC talk 321001000 on m10_00_00_00	esd_talk	321001000	m10_00_00_00	2
1045382705		set by NPC talk 321001000 on m10_00_00_00	esd_talk	321001000	m10_00_00_00	2
1045389203	NPC321見張り塔の貴人_初期状態_NPC初期化イベント	NPC321 Watchtower Noble_Initial state_NPC initialization event	emevd_event	1045383700	m60_45_38_10	4
1045389205		set by NPC talk 321001000 on m10_00_00_00	esd_talk	321001000	m10_00_00_00	2
1045389206		set by NPC talk 321001000 on m10_00_00_00	esd_talk	321001000	m10_00_00_00	2
1045389207		set by NPC talk 321001000 on m10_00_00_00	esd_talk	321001000	m10_00_00_00	2
1045389208		set by NPC talk 321001000 on m10_00_00_00	esd_talk	321001000	m10_00_00_00	2
1045389220		set by NPC talk 321001000 on m10_00_00_00	esd_talk	321001000	m10_00_00_00	2
1045389221		set by NPC talk 321001000 on m10_00_00_00	esd_talk	321001000	m10_00_00_00	2
1045389222		set by NPC talk 321001000 on m10_00_00_00	esd_talk	321001000	m10_00_00_00	2
1045389223		set by NPC talk 321001000 on m10_00_00_00	esd_talk	321001000	m10_00_00_00	2
1045389224		set by NPC talk 321001000 on m10_00_00_00	esd_talk	321001000	m10_00_00_00	2
1045392280	オオカミVSルーンベア_交戦イベント	Wolf VS Rune Bear_Battle Event	emevd_event	1045392280	m60_45_39_00	2
1045392700		set by NPC talk 319001110 on m11_10_00_00	esd_talk	319001110	m11_10_00_00	2
1045392701		set by NPC talk 319001110 on m11_10_00_00	esd_talk	319001110	m11_10_00_00	2
1045399202		set by NPC talk 319001110 on m11_10_00_00	esd_talk	319001110	m11_10_00_00	2
1045399205		set by NPC talk 319001110 on m11_10_00_00	esd_talk	319001110	m11_10_00_00	2
1045399206		set by NPC talk 319001110 on m11_10_00_00	esd_talk	319001110	m11_10_00_00	2
1045399207		set by NPC talk 319001110 on m11_10_00_00	esd_talk	319001110	m11_10_00_00	2
1045399208		set by NPC talk 319001110 on m11_10_00_00	esd_talk	319001110	m11_10_00_00	2
1045399209		set by NPC talk 319001110 on m11_10_00_00	esd_talk	319001110	m11_10_00_00	2
1045510620	英雄の墓扉開いたらひらきっぱにする	Open the hero's tomb door when it opens.	emevd_event	1045512620	m60_45_51_00	1
1045520500	王都の封印	Seal of the Royal Capital	emevd_event	1045522500	m60_45_52_00	2
1045522550	王都の封印	Seal of the Royal Capital	emevd_event	1045522500	m60_45_52_00	2
1045529250	NPC344_トラゴス_白霊共闘許可フラグ立て	NPC344_Tragos_White spirit cooperation permission flag setting	emevd_event	1045520720	m60_45_52_00	2
1046360320	見張り塔強敵撃破で王軍兵士出さない	No royal soldiers will be sent out after defeating a strong enemy in the guard tower.	emevd_event	1046362300	m60_46_36_10	2
1046360330	見張り塔亜人に占拠される	Watchtower occupied by demihumans	emevd_event	1046362310	m60_46_36_10	2
1046360705	見張り塔強敵撃破で王軍兵士出さない	No royal soldiers will be sent out after defeating a strong enemy in the guard tower.	emevd_event	1046362300	m60_46_36_10	2
1046360706	NPC321見張り塔の貴族_キャラ状態遷移	NPC321 Watchtower Noble_Character state transition	emevd_event	3599	common	1
1046362260	王軍VS亜人_交戦イベント	Royal Army VS Ajin_Battle Event	emevd_event	1046362260	m60_46_36_10	2
1046362320	見張り塔強敵撃破で王軍兵士出さない	No royal soldiers will be sent out after defeating a strong enemy in the guard tower.	emevd_event	1046362300	m60_46_36_10	2
1046362330	見張り塔亜人に占拠される	Watchtower occupied by demihumans	emevd_event	1046362310	m60_46_36_10	2
1046369205		set by NPC talk 321001000 on m10_00_00_00	esd_talk	321001000	m10_00_00_00	2
1046369206		set by NPC talk 321001000 on m10_00_00_00	esd_talk	321001000	m10_00_00_00	2
1046369207		set by NPC talk 321001000 on m10_00_00_00	esd_talk	321001000	m10_00_00_00	2
1046382700		set by NPC talk 000003000 on m00_00_00_00	esd_talk	000003000	m00_00_00_00	1
1046389200		set by NPC talk 000003000 on m00_00_00_00	esd_talk	000003000	m00_00_00_00	1
1046389201		set by NPC talk 000001000 on m00_00_00_00	esd_talk	000001000	m00_00_00_00	1
1046389202		set by NPC talk 000003000 on m00_00_00_00	esd_talk	000003000	m00_00_00_00	1
1046389203		set by NPC talk 000003000 on m00_00_00_00	esd_talk	000003000	m00_00_00_00	1
1047408540	救済対応_陸	Relief response_land	emevd_event	6906	common	1
1047412350	巨大壺イベント_サイン	Giant pot event_sign	emevd_event	1047412300	m60_47_41_00	1
1047419200		set by NPC talk 221006000 on m60_00_00_00	esd_talk	221006000	m60_00_00_00	1
1047419201	巨大壺イベント_イベント終了フラグを立たせる	Giant pot event_raise event end flag	emevd_event	1047412301	m60_47_41_00	1
1047582700	NPC228ウルフライダー_バディ召喚に見える動作	NPC228 Wolf Rider_Action that looks like buddy summoning	emevd_event	1047583701	m60_47_58_00	1
1047582701		set by NPC talk 228106000 on m60_00_00_00	esd_talk	228106000	m60_00_00_00	1
1047589205		set by NPC talk 228106000 on m60_00_00_00	esd_talk	228106000	m60_00_00_00	1
1047589206		set by NPC talk 228106000 on m60_00_00_00	esd_talk	228106000	m60_00_00_00	1
1047589210	NPC228ウルフライダー_消滅アニメ再生待ち	NPC228 Wolf Rider_Waiting for extinction animation to play	emevd_event	1047583703	m60_47_58_00	1
1047589250	雪山霊廟救済	snowy mountain mausoleum relief	emevd_event	4612	common	1
1048372201	スカラベ_メタル個体ミニゲーム_イベント	Scarab_Metal Individual Mini Game_Event	emevd_event	1048372200	m60_48_37_00	1
1048372202	スカラベ_メタル個体ミニゲーム_イベント	Scarab_Metal Individual Mini Game_Event	emevd_event	1048372200	m60_48_37_00	1
1048382702		set by NPC talk 801226000 on m60_00_00_00	esd_talk	801226000	m60_00_00_00	1
1048382705		set by NPC talk 801226000 on m60_00_00_00	esd_talk	801226000	m60_00_00_00	1
1048382707		set by NPC talk 801226000 on m60_00_00_00	esd_talk	801226000	m60_00_00_00	1
1048389200		set by NPC talk 801226000 on m60_00_00_00	esd_talk	801226000	m60_00_00_00	1
1048389205		set by NPC talk 801226000 on m60_00_00_00	esd_talk	801226000	m60_00_00_00	1
1048399200		set by NPC talk 101406000 on m60_00_00_00	esd_talk	101406000	m60_00_00_00	1
1048400800	ボス撃破	Defeat the boss	emevd_event	1048402800	m60_48_40_00	1
1048410701		set by NPC talk 801256000 on m60_00_00_00	esd_talk	801256000	m60_00_00_00	1
1048412700		set by NPC talk 801256000 on m60_00_00_00	esd_talk	801256000	m60_00_00_00	1
1048412705		set by NPC talk 801256000 on m60_00_00_00	esd_talk	801256000	m60_00_00_00	1
1048412707		set by NPC talk 801256000 on m60_00_00_00	esd_talk	801256000	m60_00_00_00	1
1048412708	NPC801モブ赤目15_NPC初期化イベント	NPC801 mob red eye 15_NPC initialization event	emevd_event	1048410700	m60_48_41_00	1
1048412709	NPC801モブ赤目15_NPC初期化イベント	NPC801 mob red eye 15_NPC initialization event	emevd_event	1048410700	m60_48_41_00	1
1048419205	NPC801モブ赤目15_NPC初期化イベント	NPC801 mob red eye 15_NPC initialization event	emevd_event	1048410700	m60_48_41_00	1
1048510300	救済対応_壱	Relief response_1	emevd_event	6901	common	1
1048570310	ガーゴイル像_ヒントテキスト表示	Gargoyle statue_hint text display	emevd_event	1048572310	m60_48_57_00	1
1048570320	救済対応_壱	Relief response_1	emevd_event	6901	common	1
1048570350	雪街_霧壁解除_最奥	Snow town_fog wall removed_deepest	emevd_event	1048572350	m60_48_57_00	1
1048572305	雪街_封牢_ワープイベント	Snow Town_Confinement_Warp Event	emevd_event	1048572300	m60_48_57_00	1
1048572306	雪街_封牢_ワープイベント	Snow Town_Confinement_Warp Event	emevd_event	1048572300	m60_48_57_00	1
1048572307	雪街_封牢_ワープイベント	Snow Town_Confinement_Warp Event	emevd_event	1048572300	m60_48_57_00	1
1048572308	雪街_封牢_ワープイベント	Snow Town_Confinement_Warp Event	emevd_event	1048572300	m60_48_57_00	1
1048572309	雪街_封牢_ワープイベント	Snow Town_Confinement_Warp Event	emevd_event	1048572300	m60_48_57_00	1
1049362310	交戦後用巡回ルート付与_XX	Add patrol route for battle_XX	emevd_event	1049362300	m60_49_36_00	1
1049362400	砦前_交戦イベント_王軍	In front of the fort_Battle event_King's army	emevd_event	1049362400	m60_49_36_00	1
1049362410	砦前_交戦イベント_野犬ティラノ	In front of the fort_Battle event_Wild dog Tyranno	emevd_event	1049362410	m60_49_36_00	1
1049370290	救済対応_壱	Relief response_1	emevd_event	6901	common	1
1049370292	救済対応_壱	Relief response_1	emevd_event	6901	common	1
1049370299	救済対応_壱	Relief response_1	emevd_event	6901	common	1
1049372700		set by NPC talk 801236000 on m60_00_00_00	esd_talk	801236000	m60_00_00_00	1
1049372705		set by NPC talk 801236000 on m60_00_00_00	esd_talk	801236000	m60_00_00_00	1
1049372707		set by NPC talk 801236000 on m60_00_00_00	esd_talk	801236000	m60_00_00_00	1
1049379200		set by NPC talk 801236000 on m60_00_00_00	esd_talk	801236000	m60_00_00_00	1
1049379205		set by NPC talk 801236000 on m60_00_00_00	esd_talk	801236000	m60_00_00_00	1
1049382300	老いた宿将イベント_お供の喪失兵士を呼び出す	Old Commander Event_Calling the Lost Soldier to Accompany	emevd_event	1049382820	m60_49_38_00	1
1049382301	老いた宿将イベント_お供の喪失兵士を呼び出す_第二波	Old Commander Event_Calling Lost Soldiers to Accompany_Second Wave	emevd_event	1049382824	m60_49_38_00	1
1049390800	ボス撃破	Defeat the boss	emevd_event	1049390800	m60_49_39_00	1
1049392201	スカラベ_メタル個体ミニゲーム_イベント	Scarab_Metal Individual Mini Game_Event	emevd_event	1049392350	m60_49_39_00	1
1049392202	スカラベ_メタル個体ミニゲーム_イベント	Scarab_Metal Individual Mini Game_Event	emevd_event	1049392350	m60_49_39_00	1
1049532500		set by NPC talk 610006000 on m60_00_00_00	esd_talk	610006000	m60_00_00_00	1
1049532504		set by NPC talk 610006000 on m60_00_00_00	esd_talk	610006000	m60_00_00_00	1
1049539205		set by NPC talk 318001110 on m11_10_00_00	esd_talk	318001110	m11_10_00_00	2
1049539206		set by NPC talk 318001110 on m11_10_00_00	esd_talk	318001110	m11_10_00_00	2
1049539207		set by NPC talk 318001110 on m11_10_00_00	esd_talk	318001110	m11_10_00_00	2
1049539208		set by NPC talk 318001110 on m11_10_00_00	esd_talk	318001110	m11_10_00_00	2
1049539209		set by NPC talk 318001110 on m11_10_00_00	esd_talk	318001110	m11_10_00_00	2
1049539210	NPC318_混沌の宿主_混沌に乗っ取られた_リアルタイム遷移	NPC318_Host of Chaos_Hijacked by Chaos_Real-time transition	emevd_event	1049533701	m60_49_53_00	2
1049539212	NPC318_混沌の宿主_混沌に乗っ取られた_死亡会話途切れ防止	NPC318_Host of Chaos_Hijacked by Chaos_Death conversation interruption prevention	emevd_event	1049533703	m60_49_53_00	2
1049539300		set by NPC talk 101506000 on m60_00_00_00	esd_talk	101506000	m60_00_00_00	1
1049540510	エレベータ初期フラグ	Elevator initial flag	emevd_event	1049540519	m60_49_54_00	1
1049542700		set by NPC talk 228306000 on m60_00_00_00	esd_talk	228306000	m60_00_00_00	1
1049549002		set by NPC talk 335006000 on m60_00_00_00	esd_talk	335006000	m60_00_00_00	1
1049549005		set by NPC talk 335006000 on m60_00_00_00	esd_talk	335006000	m60_00_00_00	1
1049549006		set by NPC talk 335006000 on m60_00_00_00	esd_talk	335006000	m60_00_00_00	1
1049549007		set by NPC talk 335006000 on m60_00_00_00	esd_talk	335006000	m60_00_00_00	1
1049549008		set by NPC talk 335006000 on m60_00_00_00	esd_talk	335006000	m60_00_00_00	1
1049549200	NPC228ウルフライダー_教会への誘導会話再生	NPC228 Wolf Rider_Church guidance conversation playback	emevd_event	1049543700	m60_49_54_00	1
1049549201		set by NPC talk 228306000 on m60_00_00_00	esd_talk	228306000	m60_00_00_00	1
1049552200	ブリザードエリア_交戦イベント	Blizzard area_battle event	emevd_event	1049552200	m60_49_55_00	1
1049552700		set by NPC talk 335006000 on m60_00_00_00	esd_talk	335006000	m60_00_00_00	1
1049552701		set by NPC talk 335006000 on m60_00_00_00	esd_talk	335006000	m60_00_00_00	1
1049552702		set by NPC talk 335006000 on m60_00_00_00	esd_talk	335006000	m60_00_00_00	1
1050302710		set by NPC talk 800106000 on m60_00_00_00	esd_talk	800106000	m60_00_00_00	3
1050302715		set by NPC talk 800106000 on m60_00_00_00	esd_talk	800106000	m60_00_00_00	3
1050302716		set by NPC talk 800106000 on m60_00_00_00	esd_talk	800106000	m60_00_00_00	3
1050302717		set by NPC talk 800106000 on m60_00_00_00	esd_talk	800106000	m60_00_00_00	3
1050302718		set by NPC talk 800106000 on m60_00_00_00	esd_talk	800106000	m60_00_00_00	3
1050302719		set by NPC talk 800106000 on m60_00_00_00	esd_talk	800106000	m60_00_00_00	3
1050309251		set by NPC talk 800106000 on m60_00_00_00	esd_talk	800106000	m60_00_00_00	3
1050309252		set by NPC talk 800106000 on m60_00_00_00	esd_talk	800106000	m60_00_00_00	3
1050309254		set by NPC talk 800106000 on m60_00_00_00	esd_talk	800106000	m60_00_00_00	3
1050309255		set by NPC talk 800106000 on m60_00_00_00	esd_talk	800106000	m60_00_00_00	3
1050309256		set by NPC talk 800106000 on m60_00_00_00	esd_talk	800106000	m60_00_00_00	3
1050309260		set by NPC talk 800106000 on m60_00_00_00	esd_talk	800106000	m60_00_00_00	3
1050309261		set by NPC talk 800106000 on m60_00_00_00	esd_talk	800106000	m60_00_00_00	3
1050309266		set by NPC talk 800106000 on m60_00_00_00	esd_talk	800106000	m60_00_00_00	3
1050309270		set by NPC talk 800106000 on m60_00_00_00	esd_talk	800106000	m60_00_00_00	3
1050309271		set by NPC talk 800106000 on m60_00_00_00	esd_talk	800106000	m60_00_00_00	3
1050309272		set by NPC talk 800106000 on m60_00_00_00	esd_talk	800106000	m60_00_00_00	3
1050309275		set by NPC talk 800106000 on m60_00_00_00	esd_talk	800106000	m60_00_00_00	3
1050309276		set by NPC talk 800106000 on m60_00_00_00	esd_talk	800106000	m60_00_00_00	3
1050309277		set by NPC talk 800106000 on m60_00_00_00	esd_talk	800106000	m60_00_00_00	3
1050309291		set by NPC talk 800106000 on m60_00_00_00	esd_talk	800106000	m60_00_00_00	3
1050309294		set by NPC talk 800106000 on m60_00_00_00	esd_talk	800106000	m60_00_00_00	3
1050309295		set by NPC talk 800106000 on m60_00_00_00	esd_talk	800106000	m60_00_00_00	3
1050309297		set by NPC talk 800106000 on m60_00_00_00	esd_talk	800106000	m60_00_00_00	3
1050309298		set by NPC talk 800106000 on m60_00_00_00	esd_talk	800106000	m60_00_00_00	3
1050362400	砦前_交戦イベント	In front of the fort_battle event	emevd_event	1050362400	m60_50_36_00	1
1050382702	NPC349腐敗長老_キャラ状態遷移	NPC349 Corrupt Elder_Character state transition	emevd_event	4179	common	1
1050382703		set by NPC talk 349006000 on m60_00_00_00	esd_talk	349006000	m60_00_00_00	1
1050382704		set by NPC talk 349006000 on m60_00_00_00	esd_talk	349006000	m60_00_00_00	1
1050382711		set by NPC talk 348001500 on m15_00_00_00	esd_talk	348001500	m15_00_00_00	2
1050382712		set by NPC talk 348001500 on m15_00_00_00	esd_talk	348001500	m15_00_00_00	2
1050382713	NPC348マレニアの娘_自動会話イベント	NPC348 Marenia's Daughter_Automatic Conversation Event	emevd_event	1050383714	m60_50_38_00	1
1050382715		set by NPC talk 348001500 on m15_00_00_00	esd_talk	348001500	m15_00_00_00	2
1050382716		set by NPC talk 348001500 on m15_00_00_00	esd_talk	348001500	m15_00_00_00	2
1050382717	NPC348マレニアの娘_デモ再生	NPC348 Marenia's Daughter_Demo playback	emevd_event	1050383713	m60_50_38_00	1
1050382718		set by NPC talk 348001500 on m15_00_00_00	esd_talk	348001500	m15_00_00_00	2
1050382719		set by NPC talk 348001500 on m15_00_00_00	esd_talk	348001500	m15_00_00_00	2
1050389203		set by NPC talk 349006000 on m60_00_00_00	esd_talk	349006000	m60_00_00_00	1
1050389205		set by NPC talk 349006000 on m60_00_00_00	esd_talk	349006000	m60_00_00_00	1
1050389206		set by NPC talk 349006000 on m60_00_00_00	esd_talk	349006000	m60_00_00_00	1
1050389207		set by NPC talk 349006000 on m60_00_00_00	esd_talk	349006000	m60_00_00_00	1
1050389208		set by NPC talk 349006000 on m60_00_00_00	esd_talk	349006000	m60_00_00_00	1
1050389209	NPC349腐敗長老_キャラ状態遷移	NPC349 Corrupt Elder_Character state transition	emevd_event	4179	common	1
1050389210		set by NPC talk 349006000 on m60_00_00_00	esd_talk	349006000	m60_00_00_00	1
1050389211		set by NPC talk 349006000 on m60_00_00_00	esd_talk	349006000	m60_00_00_00	1
1050389215		set by NPC talk 349006000 on m60_00_00_00	esd_talk	349006000	m60_00_00_00	1
1050389216		set by NPC talk 349006000 on m60_00_00_00	esd_talk	349006000	m60_00_00_00	1
1050389217		set by NPC talk 349006000 on m60_00_00_00	esd_talk	349006000	m60_00_00_00	1
1050389218		set by NPC talk 349006000 on m60_00_00_00	esd_talk	349006000	m60_00_00_00	1
1050389219		set by NPC talk 349006000 on m60_00_00_00	esd_talk	349006000	m60_00_00_00	1
1050389220		set by NPC talk 349006000 on m60_00_00_00	esd_talk	349006000	m60_00_00_00	1
1050389221		set by NPC talk 349006000 on m60_00_00_00	esd_talk	349006000	m60_00_00_00	1
1050389222		set by NPC talk 349006000 on m60_00_00_00	esd_talk	349006000	m60_00_00_00	1
1050389223		set by NPC talk 349006000 on m60_00_00_00	esd_talk	349006000	m60_00_00_00	1
1050389224		set by NPC talk 349006000 on m60_00_00_00	esd_talk	349006000	m60_00_00_00	1
1050389225		set by NPC talk 349006000 on m60_00_00_00	esd_talk	349006000	m60_00_00_00	1
1050389226		set by NPC talk 349006000 on m60_00_00_00	esd_talk	349006000	m60_00_00_00	1
1050389227		set by NPC talk 349006000 on m60_00_00_00	esd_talk	349006000	m60_00_00_00	1
1050389228	NPC349腐敗長老_購入魔術チェック	NPC349 Corrupt Elder_Purchase magic check	emevd_event	1050383702	m60_50_38_00	1
1050389229		set by NPC talk 349006000 on m60_00_00_00	esd_talk	349006000	m60_00_00_00	1
1050389230		set by NPC talk 349006000 on m60_00_00_00	esd_talk	349006000	m60_00_00_00	1
1050389231		set by NPC talk 349006000 on m60_00_00_00	esd_talk	349006000	m60_00_00_00	1
1050389233		set by NPC talk 349006000 on m60_00_00_00	esd_talk	349006000	m60_00_00_00	1
1050389234		set by NPC talk 349006000 on m60_00_00_00	esd_talk	349006000	m60_00_00_00	1
1050389235		set by NPC talk 349006000 on m60_00_00_00	esd_talk	349006000	m60_00_00_00	1
1050389236		set by NPC talk 349006000 on m60_00_00_00	esd_talk	349006000	m60_00_00_00	1
1050389237		set by NPC talk 349006000 on m60_00_00_00	esd_talk	349006000	m60_00_00_00	1
1050389238	NPC349腐敗長老_死体表示	NPC349 Rotten elder_corpse display	emevd_event	1050383703	m60_50_38_00	1
1050389253	NPC348マレニアの娘_ﾌｪｰｽﾞ3_NPC初期化イベント	NPC348 Marenia's Daughter_Phase 3_NPC initialization event	emevd_event	1038513705	m60_38_51_00	7
1050389255		set by NPC talk 348001500 on m15_00_00_00	esd_talk	348001500	m15_00_00_00	2
1050389256		set by NPC talk 348001500 on m15_00_00_00	esd_talk	348001500	m15_00_00_00	2
1050389257		set by NPC talk 348001500 on m15_00_00_00	esd_talk	348001500	m15_00_00_00	2
1050389258		set by NPC talk 348001500 on m15_00_00_00	esd_talk	348001500	m15_00_00_00	2
1050389259	NPC348マレニアの娘_キャラ状態遷移	NPC348 Marenia's Daughter_Character state transition	emevd_event	4199	common	1
1050389265	NPC348マレニアの娘_ﾌｪｰｽﾞ3_NPC初期化イベント	NPC348 Marenia's Daughter_Phase 3_NPC initialization event	emevd_event	1038513705	m60_38_51_00	2
1050389266		set by NPC talk 348001500 on m15_00_00_00	esd_talk	348001500	m15_00_00_00	2
1050390200	焚火を起動_小用_XX	Start a bonfire_Small_XX	emevd_event	1049392303	m60_49_39_00	1
1050400599	巨大ワイバーンが死んだらレッサーも死ぬ_XX	If the giant wyvern dies, the lesser will also die_XX	emevd_event	1050402202	m60_50_40_00	1
1050402599	巨大ワイバーン初期設定	Giant Wyvern initial settings	emevd_event	1050402800	m60_50_40_00	1
1050558540	救済対応_漆	Relief response_lacquer	emevd_event	6907	common	1
1050562200	火の信徒vs王軍_交戦イベント	Fire Believers vs Royal Army_Battle Event	emevd_event	1035532200	m60_35_53_00	5
1050569000	NPC347火山館ターゲット3_侵入許可フラグ立て	NPC347 Volcano Hall Target 3_Intrusion permission flag setting	emevd_event	1050563700	m60_50_56_00	1
1051360230	領主後ろの扉がラダーン祭り終了後特定条件で開く判定	The door behind the lord will open under certain conditions after the Radan Festival ends.	emevd_event	1051362230	m60_51_36_00	1
1051360290	救済対応_壱	Relief response_1	emevd_event	6901	common	1
1051360291	救済対応_壱	Relief response_1	emevd_event	6901	common	1
1051360292	救済対応_壱	Relief response_1	emevd_event	6901	common	1
1051360510	エレベーター初期フラグ	Elevator initial flag	emevd_event	1051362519	m60_51_36_00	1
1051360514	エレベーター初期フラグ	Elevator initial flag	emevd_event	1051362519	m60_51_36_00	1
1051360519	エレベーター初期フラグ	Elevator initial flag	emevd_event	1051362519	m60_51_36_00	1
1051360800	ボス撃破	Defeat the boss	emevd_event	1051362800	m60_51_36_00	1
1051362340	トロル飛び降りイベント	troll jumping event	emevd_event	1051362340	m60_51_36_00	1
1051362700	平原砦の領主_祭り会話挨拶自動会話	Lord of Plains Fort_Festival Conversation Greeting Automatic Conversation	emevd_event	1051363727	m60_51_36_00	1
1051362701		set by NPC talk 312001400 on m14_00_00_00	esd_talk	312001400	m14_00_00_00	2
1051362702	ラダーン祭り状態管理	Ladhan festival status management	emevd_event	3040	common	1
1051362730		set by NPC talk 216001202 on m12_02_00_00	esd_talk	216001202	m12_02_00_00	2
1051362731		set by NPC talk 216001202 on m12_02_00_00	esd_talk	216001202	m12_02_00_00	2
1051362735	トラゴス_NPC初期化イベント_ラダーン祭り準備会場	Tragos_NPC Initialization Event_Ladan Festival Preparation Venue	emevd_event	1051360735	m60_51_36_00	1
1051362739	NPC216_狼頭の戦士_リアルタイム遷移_ラダーン祭り参加待ち	NPC216_Wolf-Headed Warrior_Real-time transition_Waiting for Radan Festival participation	emevd_event	1051360721	m60_51_36_00	1
1051369203	平原砦の領主_ﾌｪｰｽﾞ1_3_NPC初期化イベント	Lord of Plains Fort_Phase 1_3_NPC initialization event	emevd_event	1051363725	m60_51_36_00	2
1051369204	NPC312平原砦の領主_セレン殺害までのボス撃破カウント	NPC312 Lord of Plains Fort_Boss defeat count until Seren is killed	emevd_event	3098	common	1
1051369205		set by NPC talk 312001400 on m14_00_00_00	esd_talk	312001400	m14_00_00_00	3
1051369206		set by NPC talk 312001400 on m14_00_00_00	esd_talk	312001400	m14_00_00_00	3
1051369210		set by NPC talk 312001400 on m14_00_00_00	esd_talk	312001400	m14_00_00_00	3
1051369211		set by NPC talk 312001400 on m14_00_00_00	esd_talk	312001400	m14_00_00_00	3
1051369227		set by NPC talk 312006000 on m60_00_00_00	esd_talk	312006000	m60_00_00_00	1
1051369235		set by NPC talk 312001400 on m14_00_00_00	esd_talk	312001400	m14_00_00_00	3
1051369236		set by NPC talk 312001400 on m14_00_00_00	esd_talk	312001400	m14_00_00_00	3
1051369239	NPC312平原砦の領主_キャラ状態遷移	NPC312 Lord of Plains Fort_Character state transition	emevd_event	3379	common	2
1051369255		set by NPC talk 220001300 on m13_00_00_00	esd_talk	220001300	m13_00_00_00	5
1051369259	NPC220壺マイヤー_キャラ状態遷移	NPC220 Tsubo Meyer_Character state transition	emevd_event	3679	common	1
1051369265		set by NPC talk 220001300 on m13_00_00_00	esd_talk	220001300	m13_00_00_00	5
1051369266		set by NPC talk 220001300 on m13_00_00_00	esd_talk	220001300	m13_00_00_00	5
1051369267		set by NPC talk 220001300 on m13_00_00_00	esd_talk	220001300	m13_00_00_00	5
1051369352	NPC216_狼頭の戦士_NPC初期化イベント_ラダーン祭り参加待ち	NPC216_Wolf-headed Warrior_NPC Initialization Event_Waiting to participate in the Radhan Festival	emevd_event	1051360720	m60_51_36_00	2
1051369355		set by NPC talk 216001202 on m12_02_00_00	esd_talk	216001202	m12_02_00_00	2
1051369357	NPC216狼頭の戦士_キャラ状態遷移	NPC216 Wolf-Headed Warrior_Character state transition	emevd_event	3619	common	1
1051369358	NPC216狼頭の戦士_キャラ状態遷移	NPC216 Wolf-Headed Warrior_Character state transition	emevd_event	3619	common	1
1051369359	NPC216狼頭の戦士_キャラ状態遷移	NPC216 Wolf-Headed Warrior_Character state transition	emevd_event	3619	common	1
1051369360	NPC312平原砦の領主_キャラ状態遷移	NPC312 Lord of Plains Fort_Character state transition	emevd_event	3379	common	1
1051369361	NPC220壺マイヤー_キャラ状態遷移	NPC220 Tsubo Meyer_Character state transition	emevd_event	3679	common	1
1051369950		set by NPC talk 906006000 on m60_00_00_00	esd_talk	906006000	m60_00_00_00	1
1051430210	汎用ワープ	General purpose warp	emevd_event	1035472200	m60_46_39_00	3
1051432702		set by NPC talk 202006000 on m60_00_00_00	esd_talk	202006000	m60_00_00_00	1
1051432703	NPC202_マリケス_NPC初期化イベント	NPC202_Marikes_NPC initialization event	emevd_event	1051430700	m60_51_43_00	1
1051432704		set by NPC talk 202006000 on m60_00_00_00	esd_talk	202006000	m60_00_00_00	1
1051432705		set by NPC talk 202006000 on m60_00_00_00	esd_talk	202006000	m60_00_00_00	1
1051432706		set by NPC talk 202006000 on m60_00_00_00	esd_talk	202006000	m60_00_00_00	1
1051432707		set by NPC talk 202006000 on m60_00_00_00	esd_talk	202006000	m60_00_00_00	1
1051432709		set by NPC talk 202006000 on m60_00_00_00	esd_talk	202006000	m60_00_00_00	1
1051439201	NPC202_マリケス_敵対状態リセット	NPC202_Marikes_hostile status reset	emevd_event	1051433705	m60_51_43_00	1
1051439202	NPC202_マリケス_NPC初期化イベント	NPC202_Marikes_NPC initialization event	emevd_event	1051430700	m60_51_43_00	1
1051439205		set by NPC talk 202006000 on m60_00_00_00	esd_talk	202006000	m60_00_00_00	1
1051439206		set by NPC talk 202006000 on m60_00_00_00	esd_talk	202006000	m60_00_00_00	1
1051439207		set by NPC talk 202006000 on m60_00_00_00	esd_talk	202006000	m60_00_00_00	1
1051439211		set by NPC talk 202006000 on m60_00_00_00	esd_talk	202006000	m60_00_00_00	1
1051439212	NPC202_マリケス_NPC初期化イベント	NPC202_Marikes_NPC initialization event	emevd_event	1051430700	m60_51_43_00	4
1051439240	NPC202_マリケス_NPC初期化イベント	NPC202_Marikes_NPC initialization event	emevd_batch	1051430700	m60_51_43_00	1
1051439241	NPC202_マリケス_NPC初期化イベント	NPC202_Marikes_NPC initialization event	emevd_batch	1051430700	m60_51_43_00	1
1051439242	NPC202_マリケス_NPC初期化イベント	NPC202_Marikes_NPC initialization event	emevd_batch	1051430700	m60_51_43_00	1
1051439243	NPC202_マリケス_NPC初期化イベント	NPC202_Marikes_NPC initialization event	emevd_batch	1051430700	m60_51_43_00	1
1051439244	NPC202_マリケス_NPC初期化イベント	NPC202_Marikes_NPC initialization event	emevd_batch	1051430700	m60_51_43_00	1
1051439245	NPC202_マリケス_NPC初期化イベント	NPC202_Marikes_NPC initialization event	emevd_batch	1051430700	m60_51_43_00	1
1051439246	NPC202_マリケス_NPC初期化イベント	NPC202_Marikes_NPC initialization event	emevd_batch	1051430700	m60_51_43_00	1
1051439247	NPC202_マリケス_NPC初期化イベント	NPC202_Marikes_NPC initialization event	emevd_batch	1051430700	m60_51_43_00	1
1051439248	NPC202_マリケス_NPC初期化イベント	NPC202_Marikes_NPC initialization event	emevd_batch	1051430700	m60_51_43_00	1
1051439249	NPC202_マリケス_NPC初期化イベント	NPC202_Marikes_NPC initialization event	emevd_batch	1051430700	m60_51_43_00	1
1051532221	スカラベ_メタル個体ミニゲーム_イベント	Scarab_Metal Individual Mini Game_Event	emevd_event	1051532220	m60_51_53_00	1
1051532222	スカラベ_メタル個体ミニゲーム_イベント	Scarab_Metal Individual Mini Game_Event	emevd_event	1051532220	m60_51_53_00	1
1051562702	NPC227霊クラゲの少女_能動会話再生済リセット	NPC227 Spirit Jellyfish Girl_Active conversation replayed reset	emevd_event	1051563702	m60_51_56_00	1
1051562703	NPC227霊クラゲの少女_能動会話再生済リセット	NPC227 Spirit Jellyfish Girl_Active conversation replayed reset	emevd_event	1051563702	m60_51_56_00	1
1051562704	NPC227霊クラゲの少女_能動会話再生済リセット	NPC227 Spirit Jellyfish Girl_Active conversation replayed reset	emevd_event	1051563702	m60_51_56_00	1
1051562705	NPC227霊クラゲの少女_能動会話再生済リセット	NPC227 Spirit Jellyfish Girl_Active conversation replayed reset	emevd_event	1051563702	m60_51_56_00	1
1051562706	NPC227霊クラゲの少女_能動会話再生済リセット	NPC227 Spirit Jellyfish Girl_Active conversation replayed reset	emevd_event	1051563702	m60_51_56_00	1
1051562707	NPC227霊クラゲの少女_能動会話再生済リセット	NPC227 Spirit Jellyfish Girl_Active conversation replayed reset	emevd_event	1051563702	m60_51_56_00	1
1051562708	NPC227霊クラゲの少女_バディクラゲが近づいた判定	NPC227 Spirit jellyfish girl_Buddy jellyfish approaching judgment	emevd_event	1051563701	m60_51_56_00	1
1051562709		set by NPC talk 227006000 on m60_00_00_00	esd_talk	227006000	m60_00_00_00	1
1051562720		set by NPC talk 228206000 on m60_00_00_00	esd_talk	228206000	m60_00_00_00	1
1051562732		set by NPC talk 351001100 on m11_00_00_00	esd_talk	351001100	m11_00_00_00	4
1051562740		set by NPC talk 801266000 on m60_00_00_00	esd_talk	801266000	m60_00_00_00	1
1051562745		set by NPC talk 801266000 on m60_00_00_00	esd_talk	801266000	m60_00_00_00	1
1051562747		set by NPC talk 801266000 on m60_00_00_00	esd_talk	801266000	m60_00_00_00	1
1051569204	NPC227霊クラゲの少女_NPC初期化イベント	NPC227 Spirit Jellyfish Girl_NPC initialization event	emevd_event	1051563700	m60_51_56_00	1
1051569206	NPC227霊クラゲの少女_バディクラゲが近づいた判定	NPC227 Spirit jellyfish girl_Buddy jellyfish approaching judgment	emevd_event	1051563701	m60_51_56_00	1
1051569255		set by NPC talk 348001500 on m15_00_00_00	esd_talk	348001500	m15_00_00_00	2
1051569256		set by NPC talk 348001500 on m15_00_00_00	esd_talk	348001500	m15_00_00_00	2
1051569300	NPC228ウルフライダー_城砦への誘導会話再生	NPC228 Wolf Rider_Conversation playback leading to the castle	emevd_event	1051563720	m60_51_56_00	1
1051569301		set by NPC talk 228206000 on m60_00_00_00	esd_talk	228206000	m60_00_00_00	1
1051569355		set by NPC talk 351001100 on m11_00_00_00	esd_talk	351001100	m11_00_00_00	4
1051569356		set by NPC talk 351001100 on m11_00_00_00	esd_talk	351001100	m11_00_00_00	4
1051569357		set by NPC talk 351001100 on m11_00_00_00	esd_talk	351001100	m11_00_00_00	4
1051569358		set by NPC talk 351001100 on m11_00_00_00	esd_talk	351001100	m11_00_00_00	4
1051569359		set by NPC talk 351001100 on m11_00_00_00	esd_talk	351001100	m11_00_00_00	4
1051569360		set by NPC talk 351001100 on m11_00_00_00	esd_talk	351001100	m11_00_00_00	4
1051569361		set by NPC talk 351001100 on m11_00_00_00	esd_talk	351001100	m11_00_00_00	4
1051569362		set by NPC talk 351001100 on m11_00_00_00	esd_talk	351001100	m11_00_00_00	4
1051569400		set by NPC talk 801266000 on m60_00_00_00	esd_talk	801266000	m60_00_00_00	1
1051569405		set by NPC talk 801266000 on m60_00_00_00	esd_talk	801266000	m60_00_00_00	1
1051569454	NPC112金仮面の探究者_NPC初期化イベント	NPC112 Gold Masked Seeker_NPC initialization event	emevd_event	1040542705	m60_40_54_00	4
1051569455		set by NPC talk 112001100 on m11_00_00_00	esd_talk	112001100	m11_00_00_00	2
1051570310	救済対応_壱	Relief response_1	emevd_event	6901	common	1
1051570311	救済対応_壱	Relief response_1	emevd_event	6901	common	1
1051570510	エレベーター初期フラグ	Elevator initial flag	emevd_event	1051570519	m60_51_57_00	1
1051570800	老いた宿将撃破	Defeat the old innkeeper	emevd_event	1051572800	m60_51_57_00	1
1051570801	老いた宿将出現	An old innkeeper appears	emevd_event	1051572810	m60_51_57_00	1
1051572802	老いた宿将激昂	Old innkeeper enraged	emevd_event	1051572811	m60_51_57_00	1
1051579200	雪山霊廟救済	snowy mountain mausoleum relief	emevd_event	4612	common	1
1051579201	雪山霊廟救済	snowy mountain mausoleum relief	emevd_event	4612	common	1
1051580510	エレベーター初期フラグ	Elevator initial flag	emevd_event	1051580519	m60_51_58_00	1
1052382602	ワープ装置イベント_開始	Warp device event_start	emevd_event	1051372598	m60_51_37_00	1
1052382720		set by NPC talk 216001202 on m12_02_00_00	esd_talk	216001202	m12_02_00_00	2
1052382721		set by NPC talk 216001202 on m12_02_00_00	esd_talk	216001202	m12_02_00_00	2
1052382805	ワープ装置イベント_開始	Warp device event_start	emevd_event	1051372598	m60_51_37_00	1
1052382806	ワープ装置イベント_開始_マルチ用	Warp device event_start_for multi	emevd_event	1051372599	m60_51_37_00	1
1052389200	NPC344トラゴス_白霊召喚許可フラグ立て	NPC344 Tragos_ White Spirit Summon Permission Flag Set	emevd_event	1252380710	m60_52_38_00	1
1052389250	NPC309盗賊の頭_白霊召喚許可フラグ立て	NPC309 Thief Head_ White Spirit Summon Permission Flag Set	emevd_event	1252380720	m60_52_38_00	1
1052389302	NPC216狼頭の戦士_NPC初期化イベント_ラダーン祭り後	NPC216 Wolf-Headed Warrior_NPC Initialization Event_After Ladan Festival	emevd_event	1252380700	m60_52_38_00	2
1052389305		set by NPC talk 216001202 on m12_02_00_00	esd_talk	216001202	m12_02_00_00	2
1052389306		set by NPC talk 216001202 on m12_02_00_00	esd_talk	216001202	m12_02_00_00	2
1052389307		set by NPC talk 216001202 on m12_02_00_00	esd_talk	216001202	m12_02_00_00	2
1052410290	救済対応_壱	Relief response_1	emevd_event	6901	common	1
1052410510	エレベーター初期フラグ	Elevator initial flag	emevd_event	1052410519	m60_52_41_00	1
1052522820	巨人部位破壊_内側	Giant part destruction_inside	emevd_event	1052522815	m60_52_52_00	1
1052522822	巨人部位破壊_内側	Giant part destruction_inside	emevd_event	1052522815	m60_52_52_00	1
1052522823	巨人部位破壊_内側	Giant part destruction_inside	emevd_event	1052522815	m60_52_52_00	1
1052522824	巨人部位破壊_内側	Giant part destruction_inside	emevd_event	1052522815	m60_52_52_00	1
1052522825	巨人部位破壊_内側	Giant part destruction_inside	emevd_event	1052522815	m60_52_52_00	1
1052522826	巨人部位破壊_内側	Giant part destruction_inside	emevd_event	1052522815	m60_52_52_00	1
1052522827	巨人部位破壊_内側	Giant part destruction_inside	emevd_event	1052522815	m60_52_52_00	1
1052522828	巨人部位破壊_内側	Giant part destruction_inside	emevd_event	1052522815	m60_52_52_00	1
1052522830	巨人部位破壊_外側	Giant part destruction_outside	emevd_event	1052522816	m60_52_52_00	1
1052522831	巨人部位破壊_外側	Giant part destruction_outside	emevd_event	1052522816	m60_52_52_00	1
1052522832	巨人部位破壊_外側	Giant part destruction_outside	emevd_event	1052522816	m60_52_52_00	1
1052522833	巨人部位破壊_外側	Giant part destruction_outside	emevd_event	1052522816	m60_52_52_00	1
1052522834	巨人部位破壊_外側	Giant part destruction_outside	emevd_event	1052522816	m60_52_52_00	1
1052522835	巨人部位破壊_外側	Giant part destruction_outside	emevd_event	1052522816	m60_52_52_00	1
1052522836	巨人部位破壊_外側	Giant part destruction_outside	emevd_event	1052522816	m60_52_52_00	1
1052522837	巨人部位破壊_外側	Giant part destruction_outside	emevd_event	1052522816	m60_52_52_00	1
1052522838	巨人部位破壊_外側	Giant part destruction_outside	emevd_event	1052522816	m60_52_52_00	1
1052570210	魔術師塔イベント_霧壁解除	Magician Tower Event_Fog Wall Release	emevd_event	1052572210	m60_52_57_00	1
1052570510	エレベーター初期フラグ	Elevator initial flag	emevd_event	1052570519	m60_52_57_00	1
1054530500	巨人の火取得	Get giant fire	emevd_event	1054532500	m60_54_53_00	1
1054532700	娘マリカ_巨人の火入手許可判定	Daughter Marika_Giant fire acquisition permission determination	emevd_event	1054533700	m60_54_53_00	1
1054532701	娘マリカ_狂い火入手許可判定	Daughter Marika_Crazy fire acquisition permission determination	emevd_event	1054533701	m60_54_53_00	1
1054532703	娘マリカ_下り遺跡篝火監視	Daughter Marika_Descent ruins bonfire monitoring	emevd_event	1054530703	m60_54_53_00	1
1054539200	娘マリカ_カットシーン暴発防止	Daughter Marika_Cutscene explosion prevention	emevd_event	1054533703	m60_54_53_00	1
1054539201	娘マリカ_カットシーン暴発防止	Daughter Marika_Cutscene explosion prevention	emevd_event	1054533703	m60_54_53_00	1
1054539205	娘マリカ_カットシーン暴発防止	Daughter Marika_Cutscene explosion prevention	emevd_event	1054533703	m60_54_53_00	1
1054539206	天変地異_メリナ炎上_救済	Natural disaster_Melina in flames_Relief	emevd_event	902	common	1
1054539210		set by NPC talk 000001000 on m00_00_00_00	esd_talk	000001000	m00_00_00_00	1
1054539211		set by NPC talk 000003000 on m00_00_00_00	esd_talk	000003000	m00_00_00_00	1
1054539215		set by NPC talk 000001000 on m00_00_00_00	esd_talk	000001000	m00_00_00_00	1
1054539216		set by NPC talk 000003000 on m00_00_00_00	esd_talk	000003000	m00_00_00_00	1
1054559200		set by NPC talk 000001000 on m00_00_00_00	esd_talk	000001000	m00_00_00_00	1
1054559201		set by NPC talk 000003000 on m00_00_00_00	esd_talk	000003000	m00_00_00_00	1
1054559202		set by NPC talk 000003000 on m00_00_00_00	esd_talk	000003000	m00_00_00_00	1
1054562820	アイスワイバーン_特殊待機解除	Ice Wyvern_Special standby canceled	emevd_event	1054562820	m60_54_56_00	1
1099002100	【共通】円形サークルボス出現	[Common] Circular circle boss appears	emevd_event	90005882	common_func	1
1099002980	いんちきランダム配置パターン選択	Bogus random placement pattern selection	emevd_event	980	common	1
1247582350	魔法霊廟_足踏み開始	Magic Mausoleum_Start of stepping	emevd_event	1247582350	m60_47_58_00	1
1248550380	救済対応_壱	Relief response_1	emevd_event	6901	common	1
1248550381	救済対応_壱	Relief response_1	emevd_event	6901	common	1
1248552815	ツリーガード_BGMHU管理	Tree guard_BGMHU management	emevd_event	1248552320	m60_48_55_00	1
1252380800	ボス撃破	Defeat the boss	emevd_event	1252382800	m60_52_38_00	1
1252380801	ボス出現	Boss appears	emevd_event	1252382810	m60_52_38_00	1
1252382699	ジェスチャー入手用イベントフラグ制御	Event flag control for gesture acquisition	emevd_event	1252382696	m60_52_38_00	1
1252382815	ボス出現	Boss appears	emevd_event	1252382810	m60_52_38_00	1
1252382890	ボス激昂_メテオ制御	Boss rage_meteo control	emevd_event	1252382820	m60_52_38_00	1
1252382895	ボス激昂_メテオ制御	Boss rage_meteo control	emevd_event	1252382820	m60_52_38_00	1
1252520800	巨人撃破イベント	Giant defeat event	emevd_event	1052520800	m60_52_52_00	1
1252520801	巨人出現イベント	Giant appearance event	emevd_event	1052522810	m60_52_52_00	1
1252520804	巨人出現イベント	Giant appearance event	emevd_event	1052522810	m60_52_52_00	2
1252522802	巨人激昂イベント	giant rage event	emevd_event	1052522811	m60_52_52_00	1
2044469205		set by NPC talk 450076100 on m61_00_00_00	esd_talk	450076100	m61_00_00_00	1
2045409200		set by NPC talk 430036100 on m61_00_00_00	esd_talk	430036100	m61_00_00_00	1
2045422700		set by NPC talk 416006100 on m61_00_00_00	esd_talk	416006100	m61_00_00_00	1
2045422713		set by NPC talk 415006100 on m61_00_00_00	esd_talk	415006100	m61_00_00_00	1
2045422714		set by NPC talk 415006100 on m61_00_00_00	esd_talk	415006100	m61_00_00_00	1
2045422715		set by NPC talk 415006100 on m61_00_00_00	esd_talk	415006100	m61_00_00_00	1
2045422717		set by NPC talk 415006100 on m61_00_00_00	esd_talk	415006100	m61_00_00_00	1
2045429206		set by NPC talk 416006100 on m61_00_00_00	esd_talk	416006100	m61_00_00_00	1
2045429207		set by NPC talk 416006100 on m61_00_00_00	esd_talk	416006100	m61_00_00_00	1
2045429208		set by NPC talk 416006100 on m61_00_00_00	esd_talk	416006100	m61_00_00_00	1
2045429209		set by NPC talk 416006100 on m61_00_00_00	esd_talk	416006100	m61_00_00_00	1
2045429210		set by NPC talk 416006100 on m61_00_00_00	esd_talk	416006100	m61_00_00_00	1
2045429211		set by NPC talk 416006100 on m61_00_00_00	esd_talk	416006100	m61_00_00_00	1
2045429213		set by NPC talk 416006100 on m61_00_00_00	esd_talk	416006100	m61_00_00_00	1
2045429214		set by NPC talk 416006100 on m61_00_00_00	esd_talk	416006100	m61_00_00_00	1
2045429215		set by NPC talk 416006100 on m61_00_00_00	esd_talk	416006100	m61_00_00_00	1
2045429216		set by NPC talk 416006100 on m61_00_00_00	esd_talk	416006100	m61_00_00_00	1
2045429220		set by NPC talk 416006100 on m61_00_00_00	esd_talk	416006100	m61_00_00_00	1
2045429221		set by NPC talk 416006100 on m61_00_00_00	esd_talk	416006100	m61_00_00_00	1
2045429222		set by NPC talk 416006100 on m61_00_00_00	esd_talk	416006100	m61_00_00_00	1
2045429225		set by NPC talk 416006100 on m61_00_00_00	esd_talk	416006100	m61_00_00_00	1
2045429227		set by NPC talk 416006100 on m61_00_00_00	esd_talk	416006100	m61_00_00_00	1
2045429255		set by NPC talk 415006100 on m61_00_00_00	esd_talk	415006100	m61_00_00_00	1
2045429256		set by NPC talk 415006100 on m61_00_00_00	esd_talk	415006100	m61_00_00_00	1
2045429257		set by NPC talk 415006100 on m61_00_00_00	esd_talk	415006100	m61_00_00_00	1
2045429258		set by NPC talk 415006100 on m61_00_00_00	esd_talk	415006100	m61_00_00_00	1
2045429259		set by NPC talk 415016100 on m61_00_00_00	esd_talk	415016100	m61_00_00_00	1
2045429261		set by NPC talk 415006100 on m61_00_00_00	esd_talk	415006100	m61_00_00_00	1
2045429262		set by NPC talk 415006100 on m61_00_00_00	esd_talk	415006100	m61_00_00_00	1
2045429263		set by NPC talk 415006100 on m61_00_00_00	esd_talk	415006100	m61_00_00_00	1
2045429264		set by NPC talk 415006100 on m61_00_00_00	esd_talk	415006100	m61_00_00_00	1
2045429265		set by NPC talk 415006100 on m61_00_00_00	esd_talk	415006100	m61_00_00_00	1
2045429266		set by NPC talk 415006100 on m61_00_00_00	esd_talk	415006100	m61_00_00_00	1
2045429267		set by NPC talk 415006100 on m61_00_00_00	esd_talk	415006100	m61_00_00_00	1
2045429268		set by NPC talk 415006100 on m61_00_00_00	esd_talk	415006100	m61_00_00_00	1
2045429269		set by NPC talk 415006100 on m61_00_00_00	esd_talk	415006100	m61_00_00_00	1
2045429271		set by NPC talk 415006100 on m61_00_00_00	esd_talk	415006100	m61_00_00_00	1
2045429272		set by NPC talk 415006100 on m61_00_00_00	esd_talk	415006100	m61_00_00_00	1
2045429273		set by NPC talk 415006100 on m61_00_00_00	esd_talk	415006100	m61_00_00_00	1
2045429274		set by NPC talk 415006100 on m61_00_00_00	esd_talk	415006100	m61_00_00_00	1
2045429275		set by NPC talk 415006100 on m61_00_00_00	esd_talk	415006100	m61_00_00_00	1
2045429276		set by NPC talk 415006100 on m61_00_00_00	esd_talk	415006100	m61_00_00_00	1
2045429300		set by NPC talk 415006100 on m61_00_00_00	esd_talk	415006100	m61_00_00_00	1
2045429301		set by NPC talk 415006100 on m61_00_00_00	esd_talk	415006100	m61_00_00_00	1
2045429302		set by NPC talk 415006100 on m61_00_00_00	esd_talk	415006100	m61_00_00_00	1
2045429303		set by NPC talk 415006100 on m61_00_00_00	esd_talk	415006100	m61_00_00_00	1
2045429309		set by NPC talk 415006100 on m61_00_00_00	esd_talk	415006100	m61_00_00_00	1
2045429318		set by NPC talk 415016100 on m61_00_00_00	esd_talk	415016100	m61_00_00_00	1
2045429320		set by NPC talk 415006100 on m61_00_00_00	esd_talk	415006100	m61_00_00_00	1
2045429321		set by NPC talk 415006100 on m61_00_00_00	esd_talk	415006100	m61_00_00_00	1
2045429322		set by NPC talk 415006100 on m61_00_00_00	esd_talk	415006100	m61_00_00_00	1
2045429330		set by NPC talk 415006100 on m61_00_00_00	esd_talk	415006100	m61_00_00_00	4
2045429331		set by NPC talk 415006100 on m61_00_00_00	esd_talk	415006100	m61_00_00_00	3
2046422700		set by NPC talk 414002101 on m21_01_00_00	esd_talk	414002101	m21_01_00_00	2
2046422701		set by NPC talk 414002101 on m21_01_00_00	esd_talk	414002101	m21_01_00_00	2
2046422707		set by NPC talk 414002101 on m21_01_00_00	esd_talk	414002101	m21_01_00_00	2
2046422721		set by NPC talk 417002101 on m21_01_00_00	esd_talk	417002101	m21_01_00_00	2
2046422722		set by NPC talk 417002101 on m21_01_00_00	esd_talk	417002101	m21_01_00_00	2
2046429205		set by NPC talk 414002101 on m21_01_00_00	esd_talk	414002101	m21_01_00_00	2
2046429206		set by NPC talk 414002101 on m21_01_00_00	esd_talk	414002101	m21_01_00_00	2
2046429207		set by NPC talk 414002101 on m21_01_00_00	esd_talk	414002101	m21_01_00_00	2
2046429209		set by NPC talk 414002101 on m21_01_00_00	esd_talk	414002101	m21_01_00_00	2
2046429210		set by NPC talk 414002101 on m21_01_00_00	esd_talk	414002101	m21_01_00_00	2
2046429211		set by NPC talk 414002101 on m21_01_00_00	esd_talk	414002101	m21_01_00_00	2
2046429217		set by NPC talk 414002101 on m21_01_00_00	esd_talk	414002101	m21_01_00_00	2
2046429218		set by NPC talk 414002101 on m21_01_00_00	esd_talk	414002101	m21_01_00_00	2
2046429219		set by NPC talk 414002101 on m21_01_00_00	esd_talk	414002101	m21_01_00_00	2
2046429220		set by NPC talk 414002101 on m21_01_00_00	esd_talk	414002101	m21_01_00_00	2
2046429221		set by NPC talk 414002101 on m21_01_00_00	esd_talk	414002101	m21_01_00_00	2
2046429355		set by NPC talk 417002101 on m21_01_00_00	esd_talk	417002101	m21_01_00_00	2
2046429356		set by NPC talk 417002101 on m21_01_00_00	esd_talk	417002101	m21_01_00_00	2
2046429357		set by NPC talk 417002101 on m21_01_00_00	esd_talk	417002101	m21_01_00_00	2
2046429358		set by NPC talk 417002101 on m21_01_00_00	esd_talk	417002101	m21_01_00_00	2
2046429360		set by NPC talk 417002101 on m21_01_00_00	esd_talk	417002101	m21_01_00_00	2
2046429361		set by NPC talk 417002101 on m21_01_00_00	esd_talk	417002101	m21_01_00_00	2
2046429362		set by NPC talk 417002101 on m21_01_00_00	esd_talk	417002101	m21_01_00_00	2
2046429363		set by NPC talk 417002101 on m21_01_00_00	esd_talk	417002101	m21_01_00_00	2
2046429364		set by NPC talk 417002101 on m21_01_00_00	esd_talk	417002101	m21_01_00_00	2
2046429365		set by NPC talk 417002101 on m21_01_00_00	esd_talk	417002101	m21_01_00_00	2
2046429366		set by NPC talk 417002101 on m21_01_00_00	esd_talk	417002101	m21_01_00_00	2
2046429368		set by NPC talk 417002101 on m21_01_00_00	esd_talk	417002101	m21_01_00_00	2
2046429369		set by NPC talk 417002101 on m21_01_00_00	esd_talk	417002101	m21_01_00_00	2
2046429371		set by NPC talk 417002101 on m21_01_00_00	esd_talk	417002101	m21_01_00_00	2
2046429373		set by NPC talk 417002101 on m21_01_00_00	esd_talk	417002101	m21_01_00_00	2
2046429374		set by NPC talk 417002101 on m21_01_00_00	esd_talk	417002101	m21_01_00_00	2
2046429378		set by NPC talk 417002101 on m21_01_00_00	esd_talk	417002101	m21_01_00_00	2
2046449205		set by NPC talk 450016100 on m61_00_00_00	esd_talk	450016100	m61_00_00_00	1
2047419205		set by NPC talk 450026100 on m61_00_00_00	esd_talk	450026100	m61_00_00_00	1
2047419206		set by NPC talk 450046100 on m61_00_00_00	esd_talk	450046100	m61_00_00_00	1
2047419207		set by NPC talk 450086100 on m61_00_00_00	esd_talk	450086100	m61_00_00_00	1
2047449205		set by NPC talk 450056100 on m61_00_00_00	esd_talk	450056100	m61_00_00_00	1
2047462700		set by NPC talk 413106100 on m61_00_00_00	esd_talk	413106100	m61_00_00_00	1
2047469250		set by NPC talk 430056100 on m61_00_00_00	esd_talk	430056100	m61_00_00_00	1
2048419200		set by NPC talk 430046100 on m61_00_00_00	esd_talk	430046100	m61_00_00_00	1
2048422701		set by NPC talk 403006100 on m61_00_00_00	esd_talk	403006100	m61_00_00_00	1
2048422702		set by NPC talk 403006100 on m61_00_00_00	esd_talk	403006100	m61_00_00_00	1
2048422705		set by NPC talk 403006100 on m61_00_00_00	esd_talk	403006100	m61_00_00_00	1
2048422706		set by NPC talk 403006100 on m61_00_00_00	esd_talk	403006100	m61_00_00_00	1
2048422707		set by NPC talk 403006100 on m61_00_00_00	esd_talk	403006100	m61_00_00_00	1
2048422708		set by NPC talk 403006100 on m61_00_00_00	esd_talk	403006100	m61_00_00_00	1
2048422709		set by NPC talk 000001000 on m00_00_00_00	esd_talk	000001000	m00_00_00_00	2
2048429202		set by NPC talk 403006100 on m61_00_00_00	esd_talk	403006100	m61_00_00_00	1
2048429208		set by NPC talk 403006100 on m61_00_00_00	esd_talk	403006100	m61_00_00_00	1
2048429209		set by NPC talk 403006100 on m61_00_00_00	esd_talk	403006100	m61_00_00_00	1
2048429210		set by NPC talk 403006100 on m61_00_00_00	esd_talk	403006100	m61_00_00_00	1
2048429211		set by NPC talk 403006100 on m61_00_00_00	esd_talk	403006100	m61_00_00_00	1
2048429219		set by NPC talk 403006100 on m61_00_00_00	esd_talk	403006100	m61_00_00_00	1
2048429220		set by NPC talk 403006100 on m61_00_00_00	esd_talk	403006100	m61_00_00_00	1
2048432705		set by NPC talk 419006100 on m61_00_00_00	esd_talk	419006100	m61_00_00_00	1
2048432709		set by NPC talk 419002200 on m22_00_00_00	esd_talk	419002200	m22_00_00_00	2
2048439205		set by NPC talk 419002200 on m22_00_00_00	esd_talk	419002200	m22_00_00_00	2
2048439206		set by NPC talk 419002200 on m22_00_00_00	esd_talk	419002200	m22_00_00_00	2
2048439213		set by NPC talk 419002200 on m22_00_00_00	esd_talk	419002200	m22_00_00_00	2
2048439215		set by NPC talk 419002200 on m22_00_00_00	esd_talk	419002200	m22_00_00_00	2
2048439216		set by NPC talk 419002200 on m22_00_00_00	esd_talk	419002200	m22_00_00_00	2
2048439217		set by NPC talk 419002200 on m22_00_00_00	esd_talk	419002200	m22_00_00_00	2
2048439218		set by NPC talk 419002200 on m22_00_00_00	esd_talk	419002200	m22_00_00_00	2
2048439219		set by NPC talk 419002200 on m22_00_00_00	esd_talk	419002200	m22_00_00_00	2
2048439222		set by NPC talk 419002200 on m22_00_00_00	esd_talk	419002200	m22_00_00_00	2
2048439223		set by NPC talk 419002200 on m22_00_00_00	esd_talk	419002200	m22_00_00_00	2
2048439225		set by NPC talk 419002200 on m22_00_00_00	esd_talk	419002200	m22_00_00_00	2
2048439226		set by NPC talk 419002200 on m22_00_00_00	esd_talk	419002200	m22_00_00_00	2
2048439228		set by NPC talk 419002200 on m22_00_00_00	esd_talk	419002200	m22_00_00_00	2
2048439229		set by NPC talk 419002200 on m22_00_00_00	esd_talk	419002200	m22_00_00_00	2
2048439230		set by NPC talk 419002200 on m22_00_00_00	esd_talk	419002200	m22_00_00_00	2
2048439232		set by NPC talk 419002200 on m22_00_00_00	esd_talk	419002200	m22_00_00_00	2
2048439233		set by NPC talk 419002200 on m22_00_00_00	esd_talk	419002200	m22_00_00_00	2
2048439235		set by NPC talk 419002200 on m22_00_00_00	esd_talk	419002200	m22_00_00_00	2
2048439236		set by NPC talk 419002200 on m22_00_00_00	esd_talk	419002200	m22_00_00_00	2
2048439250		set by NPC talk 430066100 on m61_00_00_00	esd_talk	430066100	m61_00_00_00	1
2048449300		set by NPC talk 430006100 on m61_00_00_00	esd_talk	430006100	m61_00_00_00	1
2048452700		set by NPC talk 414002101 on m21_01_00_00	esd_talk	414002101	m21_01_00_00	2
2048452701		set by NPC talk 414002101 on m21_01_00_00	esd_talk	414002101	m21_01_00_00	2
2048452707		set by NPC talk 414002101 on m21_01_00_00	esd_talk	414002101	m21_01_00_00	2
2048452715		set by NPC talk 418001205 on m12_05_00_00	esd_talk	418001205	m12_05_00_00	2
2048452717		set by NPC talk 418001205 on m12_05_00_00	esd_talk	418001205	m12_05_00_00	2
2048459205		set by NPC talk 414002101 on m21_01_00_00	esd_talk	414002101	m21_01_00_00	2
2048459206		set by NPC talk 414002101 on m21_01_00_00	esd_talk	414002101	m21_01_00_00	2
2048459207		set by NPC talk 414002101 on m21_01_00_00	esd_talk	414002101	m21_01_00_00	2
2048459208		set by NPC talk 414002101 on m21_01_00_00	esd_talk	414002101	m21_01_00_00	2
2048459209		set by NPC talk 414002101 on m21_01_00_00	esd_talk	414002101	m21_01_00_00	2
2048459210		set by NPC talk 414002101 on m21_01_00_00	esd_talk	414002101	m21_01_00_00	2
2048459211		set by NPC talk 414002101 on m21_01_00_00	esd_talk	414002101	m21_01_00_00	2
2048459212		set by NPC talk 414002101 on m21_01_00_00	esd_talk	414002101	m21_01_00_00	2
2048459215		set by NPC talk 414002101 on m21_01_00_00	esd_talk	414002101	m21_01_00_00	2
2048459219		set by NPC talk 414002101 on m21_01_00_00	esd_talk	414002101	m21_01_00_00	2
2048459220		set by NPC talk 414002101 on m21_01_00_00	esd_talk	414002101	m21_01_00_00	2
2048459221		set by NPC talk 414002101 on m21_01_00_00	esd_talk	414002101	m21_01_00_00	2
2048459226		set by NPC talk 414002101 on m21_01_00_00	esd_talk	414002101	m21_01_00_00	2
2048459227		set by NPC talk 414002101 on m21_01_00_00	esd_talk	414002101	m21_01_00_00	2
2048459228		set by NPC talk 414002101 on m21_01_00_00	esd_talk	414002101	m21_01_00_00	2
2048459229		set by NPC talk 414002101 on m21_01_00_00	esd_talk	414002101	m21_01_00_00	2
2048459255		set by NPC talk 418001205 on m12_05_00_00	esd_talk	418001205	m12_05_00_00	2
2048459257		set by NPC talk 418001205 on m12_05_00_00	esd_talk	418001205	m12_05_00_00	2
2048459258		set by NPC talk 418001205 on m12_05_00_00	esd_talk	418001205	m12_05_00_00	2
2048459260		set by NPC talk 418001205 on m12_05_00_00	esd_talk	418001205	m12_05_00_00	2
2048459261		set by NPC talk 418001205 on m12_05_00_00	esd_talk	418001205	m12_05_00_00	2
2048459262		set by NPC talk 418001205 on m12_05_00_00	esd_talk	418001205	m12_05_00_00	2
2048459263		set by NPC talk 418001205 on m12_05_00_00	esd_talk	418001205	m12_05_00_00	2
2048459264		set by NPC talk 418001205 on m12_05_00_00	esd_talk	418001205	m12_05_00_00	2
2048459265		set by NPC talk 418001205 on m12_05_00_00	esd_talk	418001205	m12_05_00_00	2
2048459266		set by NPC talk 418001205 on m12_05_00_00	esd_talk	418001205	m12_05_00_00	2
2048459267		set by NPC talk 418001205 on m12_05_00_00	esd_talk	418001205	m12_05_00_00	2
2048459268		set by NPC talk 418001205 on m12_05_00_00	esd_talk	418001205	m12_05_00_00	2
2048459269		set by NPC talk 418001205 on m12_05_00_00	esd_talk	418001205	m12_05_00_00	2
2048459270		set by NPC talk 418001205 on m12_05_00_00	esd_talk	418001205	m12_05_00_00	2
2048459271		set by NPC talk 418001205 on m12_05_00_00	esd_talk	418001205	m12_05_00_00	2
2048459272		set by NPC talk 418001205 on m12_05_00_00	esd_talk	418001205	m12_05_00_00	2
2048459275		set by NPC talk 418001205 on m12_05_00_00	esd_talk	418001205	m12_05_00_00	2
2048459277		set by NPC talk 418001205 on m12_05_00_00	esd_talk	418001205	m12_05_00_00	2
2048459278		set by NPC talk 418001205 on m12_05_00_00	esd_talk	418001205	m12_05_00_00	2
2048459279		set by NPC talk 418001205 on m12_05_00_00	esd_talk	418001205	m12_05_00_00	2
2048459280		set by NPC talk 418001205 on m12_05_00_00	esd_talk	418001205	m12_05_00_00	2
2048459281		set by NPC talk 418001205 on m12_05_00_00	esd_talk	418001205	m12_05_00_00	2
2048459282		set by NPC talk 418001205 on m12_05_00_00	esd_talk	418001205	m12_05_00_00	2
2048459294		set by NPC talk 418001205 on m12_05_00_00	esd_talk	418001205	m12_05_00_00	2
2048459297		set by NPC talk 418001205 on m12_05_00_00	esd_talk	418001205	m12_05_00_00	2
2049389205		set by NPC talk 450036100 on m61_00_00_00	esd_talk	450036100	m61_00_00_00	1
2049392700		set by NPC talk 406006100 on m61_00_00_00	esd_talk	406006100	m61_00_00_00	1
2049392701		set by NPC talk 406006100 on m61_00_00_00	esd_talk	406006100	m61_00_00_00	1
2049392702		set by NPC talk 406006100 on m61_00_00_00	esd_talk	406006100	m61_00_00_00	1
2049392703		set by NPC talk 406006100 on m61_00_00_00	esd_talk	406006100	m61_00_00_00	1
2049392704		set by NPC talk 406006100 on m61_00_00_00	esd_talk	406006100	m61_00_00_00	1
2049392707		set by NPC talk 406006100 on m61_00_00_00	esd_talk	406006100	m61_00_00_00	1
2049392710		set by NPC talk 000001000 on m00_00_00_00	esd_talk	000001000	m00_00_00_00	1
2049392711		set by NPC talk 406006100 on m61_00_00_00	esd_talk	406006100	m61_00_00_00	1
2049392712		set by NPC talk 406006100 on m61_00_00_00	esd_talk	406006100	m61_00_00_00	1
2049399705		set by NPC talk 406006100 on m61_00_00_00	esd_talk	406006100	m61_00_00_00	1
2049399706		set by NPC talk 406006100 on m61_00_00_00	esd_talk	406006100	m61_00_00_00	1
2049399707		set by NPC talk 406006100 on m61_00_00_00	esd_talk	406006100	m61_00_00_00	1
2049399708		set by NPC talk 406006100 on m61_00_00_00	esd_talk	406006100	m61_00_00_00	1
2049399709		set by NPC talk 406006100 on m61_00_00_00	esd_talk	406006100	m61_00_00_00	1
2049399710		set by NPC talk 406006100 on m61_00_00_00	esd_talk	406006100	m61_00_00_00	1
2049399712		set by NPC talk 406006100 on m61_00_00_00	esd_talk	406006100	m61_00_00_00	1
2049399713		set by NPC talk 406006100 on m61_00_00_00	esd_talk	406006100	m61_00_00_00	1
2049399714		set by NPC talk 406006100 on m61_00_00_00	esd_talk	406006100	m61_00_00_00	1
2049399715		set by NPC talk 406006100 on m61_00_00_00	esd_talk	406006100	m61_00_00_00	1
2049399716		set by NPC talk 406006100 on m61_00_00_00	esd_talk	406006100	m61_00_00_00	1
2049399718		set by NPC talk 406006100 on m61_00_00_00	esd_talk	406006100	m61_00_00_00	1
2049399722		set by NPC talk 406006100 on m61_00_00_00	esd_talk	406006100	m61_00_00_00	1
2049399727		set by NPC talk 406006100 on m61_00_00_00	esd_talk	406006100	m61_00_00_00	1
2049399728		set by NPC talk 406006100 on m61_00_00_00	esd_talk	406006100	m61_00_00_00	1
2049399735		set by NPC talk 406006100 on m61_00_00_00	esd_talk	406006100	m61_00_00_00	1
2049399738		set by NPC talk 406006100 on m61_00_00_00	esd_talk	406006100	m61_00_00_00	1
2049399739		set by NPC talk 406006100 on m61_00_00_00	esd_talk	406006100	m61_00_00_00	1
2049399740		set by NPC talk 406006100 on m61_00_00_00	esd_talk	406006100	m61_00_00_00	1
2049399741		set by NPC talk 406006100 on m61_00_00_00	esd_talk	406006100	m61_00_00_00	1
2049399742		set by NPC talk 406006100 on m61_00_00_00	esd_talk	406006100	m61_00_00_00	1
2049399743		set by NPC talk 406006100 on m61_00_00_00	esd_talk	406006100	m61_00_00_00	1
2049399744		set by NPC talk 406006100 on m61_00_00_00	esd_talk	406006100	m61_00_00_00	1
2049399745		set by NPC talk 406006100 on m61_00_00_00	esd_talk	406006100	m61_00_00_00	1
2049399749		set by NPC talk 406006100 on m61_00_00_00	esd_talk	406006100	m61_00_00_00	1
2049429205		set by NPC talk 450006100 on m61_00_00_00	esd_talk	450006100	m61_00_00_00	1
2049442701		set by NPC talk 425006100 on m61_00_00_00	esd_talk	425006100	m61_00_00_00	1
2049442702		set by NPC talk 425006100 on m61_00_00_00	esd_talk	425006100	m61_00_00_00	1
2049442704		set by NPC talk 425006100 on m61_00_00_00	esd_talk	425006100	m61_00_00_00	1
2049449205		set by NPC talk 425006100 on m61_00_00_00	esd_talk	425006100	m61_00_00_00	1
2049449215		set by NPC talk 425006100 on m61_00_00_00	esd_talk	425006100	m61_00_00_00	1
2049449220		set by NPC talk 425006100 on m61_00_00_00	esd_talk	425006100	m61_00_00_00	1
2049469200		set by NPC talk 430016100 on m61_00_00_00	esd_talk	430016100	m61_00_00_00	1
2050449205		set by NPC talk 450066100 on m61_00_00_00	esd_talk	450066100	m61_00_00_00	1
2050459250		set by NPC talk 631006100 on m61_00_00_00	esd_talk	631006100	m61_00_00_00	1
2050479200		set by NPC talk 430026100 on m61_00_00_00	esd_talk	430026100	m61_00_00_00	1
2051399200		set by NPC talk 631026100 on m61_00_00_00	esd_talk	631026100	m61_00_00_00	1
2051452701		set by NPC talk 409106100 on m61_00_00_00	esd_talk	409106100	m61_00_00_00	1
2051452705		set by NPC talk 409106100 on m61_00_00_00	esd_talk	409106100	m61_00_00_00	1
2051452710		set by NPC talk 420106100 on m61_00_00_00	esd_talk	420106100	m61_00_00_00	1
2051452711		set by NPC talk 420006100 on m61_00_00_00	esd_talk	420006100	m61_00_00_00	1
2051452712		set by NPC talk 420006100 on m61_00_00_00	esd_talk	420006100	m61_00_00_00	1
2051452715		set by NPC talk 420006100 on m61_00_00_00	esd_talk	420006100	m61_00_00_00	1
2051452716		set by NPC talk 420006100 on m61_00_00_00	esd_talk	420006100	m61_00_00_00	1
2051452717		set by NPC talk 420006100 on m61_00_00_00	esd_talk	420006100	m61_00_00_00	1
2051452718		set by NPC talk 420006100 on m61_00_00_00	esd_talk	420006100	m61_00_00_00	1
2051452720		set by NPC talk 409006100 on m61_00_00_00	esd_talk	409006100	m61_00_00_00	1
2051452723		set by NPC talk 409006100 on m61_00_00_00	esd_talk	409006100	m61_00_00_00	1
2051452726		set by NPC talk 409006100 on m61_00_00_00	esd_talk	409006100	m61_00_00_00	1
2051452733		set by NPC talk 420106100 on m61_00_00_00	esd_talk	420106100	m61_00_00_00	1
2051452734		set by NPC talk 420106100 on m61_00_00_00	esd_talk	420106100	m61_00_00_00	1
2051452735		set by NPC talk 420006100 on m61_00_00_00	esd_talk	420006100	m61_00_00_00	1
2051452736		set by NPC talk 420006100 on m61_00_00_00	esd_talk	420006100	m61_00_00_00	1
2051452737		set by NPC talk 420006100 on m61_00_00_00	esd_talk	420006100	m61_00_00_00	1
2051459201		set by NPC talk 420006100 on m61_00_00_00	esd_talk	420006100	m61_00_00_00	1
2051459202		set by NPC talk 420006100 on m61_00_00_00	esd_talk	420006100	m61_00_00_00	1
2051459205		set by NPC talk 420006100 on m61_00_00_00	esd_talk	420006100	m61_00_00_00	1
2051459208		set by NPC talk 420006100 on m61_00_00_00	esd_talk	420006100	m61_00_00_00	1
2051459209		set by NPC talk 420006100 on m61_00_00_00	esd_talk	420006100	m61_00_00_00	1
2051459210		set by NPC talk 420006100 on m61_00_00_00	esd_talk	420006100	m61_00_00_00	1
2051459218		set by NPC talk 420006100 on m61_00_00_00	esd_talk	420006100	m61_00_00_00	1
2051459219		set by NPC talk 420006100 on m61_00_00_00	esd_talk	420006100	m61_00_00_00	1
2051459220		set by NPC talk 420006100 on m61_00_00_00	esd_talk	420006100	m61_00_00_00	1
2051459221		set by NPC talk 420006100 on m61_00_00_00	esd_talk	420006100	m61_00_00_00	1
2051459222		set by NPC talk 420006100 on m61_00_00_00	esd_talk	420006100	m61_00_00_00	1
2051459223		set by NPC talk 420006100 on m61_00_00_00	esd_talk	420006100	m61_00_00_00	1
2051459224		set by NPC talk 420006100 on m61_00_00_00	esd_talk	420006100	m61_00_00_00	1
2051459225		set by NPC talk 420006100 on m61_00_00_00	esd_talk	420006100	m61_00_00_00	1
2051459226		set by NPC talk 420006100 on m61_00_00_00	esd_talk	420006100	m61_00_00_00	1
2051459227		set by NPC talk 420006100 on m61_00_00_00	esd_talk	420006100	m61_00_00_00	1
2051459228		set by NPC talk 420006100 on m61_00_00_00	esd_talk	420006100	m61_00_00_00	1
2051459229		set by NPC talk 420006100 on m61_00_00_00	esd_talk	420006100	m61_00_00_00	1
2051459230		set by NPC talk 420006100 on m61_00_00_00	esd_talk	420006100	m61_00_00_00	1
2051459231		set by NPC talk 420006100 on m61_00_00_00	esd_talk	420006100	m61_00_00_00	1
2051459232		set by NPC talk 420006100 on m61_00_00_00	esd_talk	420006100	m61_00_00_00	1
2051459233		set by NPC talk 420006100 on m61_00_00_00	esd_talk	420006100	m61_00_00_00	1
2051459234		set by NPC talk 420006100 on m61_00_00_00	esd_talk	420006100	m61_00_00_00	1
2051459235		set by NPC talk 420006100 on m61_00_00_00	esd_talk	420006100	m61_00_00_00	1
2051459236		set by NPC talk 420006100 on m61_00_00_00	esd_talk	420006100	m61_00_00_00	1
2051459237		set by NPC talk 420006100 on m61_00_00_00	esd_talk	420006100	m61_00_00_00	1
2051459238		set by NPC talk 420006100 on m61_00_00_00	esd_talk	420006100	m61_00_00_00	1
2051459239		set by NPC talk 420006100 on m61_00_00_00	esd_talk	420006100	m61_00_00_00	1
2051459240		set by NPC talk 420006100 on m61_00_00_00	esd_talk	420006100	m61_00_00_00	1
2051459241		set by NPC talk 420006100 on m61_00_00_00	esd_talk	420006100	m61_00_00_00	1
2051459242		set by NPC talk 420006100 on m61_00_00_00	esd_talk	420006100	m61_00_00_00	1
2051459243		set by NPC talk 420006100 on m61_00_00_00	esd_talk	420006100	m61_00_00_00	1
2051459244		set by NPC talk 420006100 on m61_00_00_00	esd_talk	420006100	m61_00_00_00	1
2051459245		set by NPC talk 420006100 on m61_00_00_00	esd_talk	420006100	m61_00_00_00	1
2051459246		set by NPC talk 420006100 on m61_00_00_00	esd_talk	420006100	m61_00_00_00	1
2051459247		set by NPC talk 420006100 on m61_00_00_00	esd_talk	420006100	m61_00_00_00	1
2051459248		set by NPC talk 420006100 on m61_00_00_00	esd_talk	420006100	m61_00_00_00	1
2051459249		set by NPC talk 420006100 on m61_00_00_00	esd_talk	420006100	m61_00_00_00	1
2051459704		set by NPC talk 409006100 on m61_00_00_00	esd_talk	409006100	m61_00_00_00	1
2051459705		set by NPC talk 409006100 on m61_00_00_00	esd_talk	409006100	m61_00_00_00	1
2051459706		set by NPC talk 409006100 on m61_00_00_00	esd_talk	409006100	m61_00_00_00	1
2051459707		set by NPC talk 409006100 on m61_00_00_00	esd_talk	409006100	m61_00_00_00	1
2051459708		set by NPC talk 409006100 on m61_00_00_00	esd_talk	409006100	m61_00_00_00	1
2051459709		set by NPC talk 409006100 on m61_00_00_00	esd_talk	409006100	m61_00_00_00	1
2051459710		set by NPC talk 409006100 on m61_00_00_00	esd_talk	409006100	m61_00_00_00	1
2051459711		set by NPC talk 409006100 on m61_00_00_00	esd_talk	409006100	m61_00_00_00	1
2051459712		set by NPC talk 409006100 on m61_00_00_00	esd_talk	409006100	m61_00_00_00	1
2051459713		set by NPC talk 409006100 on m61_00_00_00	esd_talk	409006100	m61_00_00_00	1
2051459714		set by NPC talk 409006100 on m61_00_00_00	esd_talk	409006100	m61_00_00_00	1
2051459715		set by NPC talk 409006100 on m61_00_00_00	esd_talk	409006100	m61_00_00_00	1
2051459717		set by NPC talk 409006100 on m61_00_00_00	esd_talk	409006100	m61_00_00_00	1
2051459718		set by NPC talk 409006100 on m61_00_00_00	esd_talk	409006100	m61_00_00_00	1
2051459719		set by NPC talk 409006100 on m61_00_00_00	esd_talk	409006100	m61_00_00_00	1
2051459720		set by NPC talk 409006100 on m61_00_00_00	esd_talk	409006100	m61_00_00_00	1
2051459722		set by NPC talk 409006100 on m61_00_00_00	esd_talk	409006100	m61_00_00_00	1
2051459726		set by NPC talk 409006100 on m61_00_00_00	esd_talk	409006100	m61_00_00_00	1
2051459729		set by NPC talk 409006100 on m61_00_00_00	esd_talk	409006100	m61_00_00_00	1
2051459730		set by NPC talk 409006100 on m61_00_00_00	esd_talk	409006100	m61_00_00_00	1
2051459731		set by NPC talk 409106100 on m61_00_00_00	esd_talk	409106100	m61_00_00_00	1
2051459734		set by NPC talk 409006100 on m61_00_00_00	esd_talk	409006100	m61_00_00_00	1
2051459735		set by NPC talk 409106100 on m61_00_00_00	esd_talk	409106100	m61_00_00_00	1
2051459736		set by NPC talk 409106100 on m61_00_00_00	esd_talk	409106100	m61_00_00_00	1
2051459737		set by NPC talk 409106100 on m61_00_00_00	esd_talk	409106100	m61_00_00_00	1
2051459738		set by NPC talk 412006100 on m61_00_00_00	esd_talk	412006100	m61_00_00_00	1
2051459739		set by NPC talk 412006100 on m61_00_00_00	esd_talk	412006100	m61_00_00_00	1
2051459740		set by NPC talk 412006100 on m61_00_00_00	esd_talk	412006100	m61_00_00_00	1
2051459741		set by NPC talk 409106100 on m61_00_00_00	esd_talk	409106100	m61_00_00_00	1
2051459742		set by NPC talk 409006100 on m61_00_00_00	esd_talk	409006100	m61_00_00_00	1
2051459743		set by NPC talk 409006100 on m61_00_00_00	esd_talk	409006100	m61_00_00_00	1
2051459744		set by NPC talk 409006100 on m61_00_00_00	esd_talk	409006100	m61_00_00_00	1
2051459745		set by NPC talk 409006100 on m61_00_00_00	esd_talk	409006100	m61_00_00_00	1
2051459746		set by NPC talk 409006100 on m61_00_00_00	esd_talk	409006100	m61_00_00_00	1
2051459747		set by NPC talk 409006100 on m61_00_00_00	esd_talk	409006100	m61_00_00_00	1
2051459748		set by NPC talk 409006100 on m61_00_00_00	esd_talk	409006100	m61_00_00_00	1
2051459760		set by NPC talk 409006100 on m61_00_00_00	esd_talk	409006100	m61_00_00_00	1
2052402701		set by NPC talk 403006100 on m61_00_00_00	esd_talk	403006100	m61_00_00_00	1
2052402702		set by NPC talk 403006100 on m61_00_00_00	esd_talk	403006100	m61_00_00_00	1
2052402703		set by NPC talk 403006100 on m61_00_00_00	esd_talk	403006100	m61_00_00_00	1
2052402705		set by NPC talk 403006100 on m61_00_00_00	esd_talk	403006100	m61_00_00_00	1
2052402706		set by NPC talk 403006100 on m61_00_00_00	esd_talk	403006100	m61_00_00_00	1
2052402707		set by NPC talk 403006100 on m61_00_00_00	esd_talk	403006100	m61_00_00_00	1
2052409202		set by NPC talk 403006100 on m61_00_00_00	esd_talk	403006100	m61_00_00_00	1
2052409205		set by NPC talk 403006100 on m61_00_00_00	esd_talk	403006100	m61_00_00_00	1
2052409206		set by NPC talk 403006100 on m61_00_00_00	esd_talk	403006100	m61_00_00_00	1
2052409207		set by NPC talk 403006100 on m61_00_00_00	esd_talk	403006100	m61_00_00_00	1
2052409208		set by NPC talk 403006100 on m61_00_00_00	esd_talk	403006100	m61_00_00_00	1
2052409209		set by NPC talk 403006100 on m61_00_00_00	esd_talk	403006100	m61_00_00_00	1
2053489200		set by NPC talk 631016100 on m61_00_00_00	esd_talk	631016100	m61_00_00_00	1
2054392705		set by NPC talk 403106100 on m61_00_00_00	esd_talk	403106100	m61_00_00_00	1
2054399208		set by NPC talk 403106100 on m61_00_00_00	esd_talk	403106100	m61_00_00_00	1
