# nearest_grace.tsv -- AUTO-GENERATED by tools/build_nearest_grace.py. DO NOT hand-edit;
# manual fixes go in greenfield/location_descriptions.tsv (layer 1, wins). See
# docs/specs/SPEC-location-descriptions.md.
# grace_key is the grace's own warpUnlockFlag. GROUP ON IT, not on grace_name:
# seven names are shared by two different graces, so name-keyed grouping merges them.
flag	grace_name	grace_key
114	Raya Lucaria Grand Library	71400
9502	Prince of Death's Throne	71230
60020	Third Church of Marika	76104
60130	Gatefront	76111
60220	Stranded Graveyard	71801
60240	Warmaster's Shack	76118
60260	Volcano Manor	71602
60400	Beside the Crater-Pocked Glade	76155
60410	Converted Tower	76237
60420	Sorcerer's Isle	76211
60430	Manor Lower Level	76231
60460	Lenne's Rise	76455
62010	Gatefront	76111
62011	Castle Morne Rampart	76151
62012	Mistwood Outskirts	76114
62020	Liurnia Lake Shore	76201
62021	Academy Gate Town	76204
62022	Northern Liurnia Lake Shore	76212
62030	Altus Highway Junction	76303
62031	Outer Wall Phantom Tree	76309
62032	Road of Iniquity	76353
62040	Southern Aeonia Swamp Bank	76411
62041	Dragonbarrow West	76450
62050	Zamor Ruins	76501
62051	Giants' Gravepost	76506
62052	Inner Consecrated Snowfield	76551
62060	Ainsel River Downstream	71213
62061	Lake of Rot Shoreside	71216
62062	Dynasty Mausoleum Entrance	71252
62063	Siofra River Bank	71222
62064	Across the Roots	71235
62080	Scorched Ruins	76801
62081	Highroad Cross	76900
62082	Cerulean Coast Cross	76835
62083	Temple Town Ruins	76913
62084	Church Ruins	76864
65030	Hermit Merchant's Shack	76311
65120	Hermit Merchant's Shack	76311
65140	Fort Haight West	76105
65150	Southern Aeonia Swamp Bank	76411
65200	Giants' Gravepost	76506
65210	Warmaster's Shack	76118
65220	Boilprawn Shack	76216
65230	Main Caria Manor Gate	76214
65240	Church of Pilgrimage	76150
65640	Redmane Castle Plaza	76419
65660	Fortified Manor, First Floor	71108
65680	Schoolhouse Classroom	71403
65720	Night's Sacred Ground	71226
66000	Groveside Cave	73103
66080	Jarburg	76245
66090	Jarburg	76245
66100	Jarburg	76245
66110	Royal Moongazing Grounds	76232
66120	Debate Parlor	71401
66130	Avenue Balcony	71104
66140	Auriza Side Tomb	73013
66150	Auriza Side Tomb	73013
66160	Auriza Side Tomb	73013
66170	Auriza Side Tomb	73013
66190	Rotview Balcony	76401
66410	Debate Parlor	71401
66420	Laskyar Ruins	76202
66430	Jarburg	76245
66440	Jarburg	76245
66470	Auriza Side Tomb	73013
66480	Auriza Side Tomb	73013
66490	Underground Roadside	73501
66700	Volcano Manor	71602
66710	Queen's Bedchamber	71107
66720	Queen's Bedchamber	71107
66730	Craftsman's Shack	76356
66740	Craftsman's Shack	76356
66760	Altus Highway Junction	76303
66770	Shaded Castle Ramparts	76320
66780	Perfumer's Grotto	73118
66790	Aeonia Swamp Shore	76406
66900	Belurat Gaol	74100
66910	Belurat Gaol	74100
66920	Belurat Gaol	74100
66930	Bonny Gaol	74101
66940	Lamenter's Gaol	74102
66950	Scorched Ruins	76801
66960	Bonny Village	76903
66970	Recluses' River Downstream	76918
66980	West Rampart	72120
67020	Fort Haight West	76105
67050	Stormhill Shack	76102
67060	Fallen Ruins of the Lake	76236
67070	Forest-Spanning Greatbridge	76304
67090	Consecrated Snowfield	76550
67120	Volcano Manor	71602
67130	Temple of Eiglay	71601
67200	Murkwater Cave	73100
67250	Seethewater Terminus	76355
67260	Chamber Outside the Plaza	76420
67300	Siofra River Bank	71222
67310	Chamber Outside the Plaza	76420
67400	Academy Gate Town	76204
67410	Liurnia Lake Shore	76201
67420	Debate Parlor	71401
67430	Tombsward Catacombs	73000
67440	Inner Consecrated Snowfield	76551
67450	Laskyar Ruins	76202
67460	Main Caria Manor Gate	76214
67480	Gate Town Bridge	76222
67630	Aqueduct-Facing Cliffs	71225
67640	Minor Erdtree Church	76310
67650	Smoldering Church	76400
67800	Mistwood Outskirts	76114
67840	Craftsman's Shack	76356
67850	Castellan's Hall	76322
67860	Auriza Side Tomb	73013
67870	Smoldering Church	76400
67890	Grand Cloister	71218
67910	Palace Approach Ledge-Road	71251
68000	Wyndham Catacombs	73007
68020	Tempest-Facing Balcony	71305
68030	Cathedral of Dragon Communion	76404
68200	Summonwater Village Outskirts	76119
68400	Frenzied Flame Village Outskirts	76239
68410	Cathedral of the Forsaken	73500
68570	Jagged Peak Mountainside	76851
68580	Cathedral of Manus Metyr	76906
68590	Scorched Ruins	76801
68600	Cathedral of Manus Metyr	76906
68610	Gravesite Plain	76800
68620	Ellac River Cave	76812
68630	Pillar Path Cross	76810
68640	Church of the Bud, Main Entrance	76943
68650	Greatbridge, North	76805
68660	Belurat Gaol	74100
68670	Abyssal Woods	76860
68680	Ravine North	76914
68690	Scadu Altus, West	76907
68700	Ruined Forge Lava Intake	74200
68710	Cerulean Coast	76831
68720	Foot of the Jagged Peak	76850
68730	Greatbridge, North	76805
68740	Fog Rift Catacombs	74000
68750	Divided Falls	76861
68760	Cerulean Coast Cross	76835
68770	Moorth Ruins	76902
68780	Scorpion River Catacombs	74001
68790	Castle Ensis Checkpoint	76821
68800	Church District Entrance	72106
68810	Grand Altar of Dragon Communion	76840
68820	Behind the Fort of Reprimand	76910
68840	Garden of Deep Purple	72200
68850	Grand Altar of Dragon Communion	76840
68880	Manse Hall	72801
68890	Ancient Ruins Base	76912
68900	Castle Front	76813
68920	Grand Altar of Dragon Communion	76840
68930	West Rampart	72120
68940	Cerulean Coast West	76832
68950	The Fissure	76833
69740	Frenzied Flame Proscription	73504
69760	Frenzied Flame Village Outskirts	76239
580300	Seaside Ruins	76113
580310	Manor Upper Level	76230
580320	Rampartside Path	76305
580330	Ancient Snow Valley Ruins	76503
580340	Church of Pilgrimage	76150
580350	Windmill Heights	76313
580360	Fort Faroth	76453
580400	Greatbridge, North	76805
580410	Scadu Altus, West	76907
580420	Jagged Peak Mountainside	76851
580600	Scaduview Cross	76911
590200	Murkwater Cave	73100
11007000	East Capital Rampart	71122
11007005	Fortified Manor, First Floor	71108
11007010	East Capital Rampart	71122
11007015	Erdtree Sanctuary	71121
11007020	Avenue Balcony	71104
11007025	Erdtree Sanctuary	71121
11007030	East Capital Rampart	71122
11007035	Lower Capital Church	71103
11007040	East Capital Rampart	71122
11007045	Lower Capital Church	71103
11007050	Queen's Bedchamber	71107
11007055	Fortified Manor, First Floor	71108
11007060	Avenue Balcony	71104
11007065	Fortified Manor, First Floor	71108
11007070	Lower Capital Church	71103
11007075	Fortified Manor, First Floor	71108
11007080	Queen's Bedchamber	71107
11007085	Avenue Balcony	71104
11007090	Queen's Bedchamber	71107
11007095	Avenue Balcony	71104
11007100	Avenue Balcony	71104
11007105	Fortified Manor, First Floor	71108
11007110	Avenue Balcony	71104
11007115	Erdtree Sanctuary	71121
11007120	Avenue Balcony	71104
11007125	Fortified Manor, First Floor	71108
11007135	West Capital Rampart	71105
11007140	Avenue Balcony	71104
11007145	Fortified Manor, First Floor	71108
11007150	Avenue Balcony	71104
11007155	East Capital Rampart	71102
11007160	Avenue Balcony	71104
11007165	Queen's Bedchamber	71107
11007170	Lower Capital Church	71103
11007175	West Capital Rampart	71105
11007180	Avenue Balcony	71104
11007190	Avenue Balcony	71104
11007200	Queen's Bedchamber	71107
11007205	West Capital Rampart	71105
11007210	Queen's Bedchamber	71107
11007215	East Capital Rampart	71122
11007220	Avenue Balcony	71104
11007225	Lower Capital Church	71103
11007230	West Capital Rampart	71105
11007235	West Capital Rampart	71105
11007240	West Capital Rampart	71105
11007245	Leyndell, Capital of Ash	71123
11007250	West Capital Rampart	71105
11007260	West Capital Rampart	71105
11007270	West Capital Rampart	71105
11007280	Avenue Balcony	71104
11007290	Avenue Balcony	71104
11007300	East Capital Rampart	71102
11007310	Avenue Balcony	71104
11007320	East Capital Rampart	71102
11007330	East Capital Rampart	71102
11007340	Avenue Balcony	71104
11007350	Avenue Balcony	71104
11007360	Avenue Balcony	71104
11007370	Avenue Balcony	71104
11007380	East Capital Rampart	71102
11007390	East Capital Rampart	71102
11007400	East Capital Rampart	71102
11007410	East Capital Rampart	71122
11007420	East Capital Rampart	71122
11007430	East Capital Rampart	71122
11007440	East Capital Rampart	71122
11007450	East Capital Rampart	71102
11007460	East Capital Rampart	71102
11007480	Avenue Balcony	71104
11007490	Avenue Balcony	71104
11007500	Avenue Balcony	71104
11007510	Avenue Balcony	71104
11007520	Avenue Balcony	71104
11007530	Avenue Balcony	71104
11007540	Avenue Balcony	71104
11007550	Avenue Balcony	71104
11007570	Lower Capital Church	71103
11007580	Avenue Balcony	71104
11007590	Lower Capital Church	71103
11007600	Lower Capital Church	71103
11007610	Lower Capital Church	71103
11007620	Avenue Balcony	71104
11007630	Lower Capital Church	71103
11007640	Avenue Balcony	71104
11007650	Lower Capital Church	71103
11007660	Avenue Balcony	71104
11007670	Avenue Balcony	71104
11007680	Avenue Balcony	71104
11007690	Fortified Manor, First Floor	71108
11007700	Fortified Manor, First Floor	71108
11007710	West Capital Rampart	71105
11007720	Fortified Manor, First Floor	71108
11007730	Lower Capital Church	71103
11007740	Fortified Manor, First Floor	71108
11007750	Lower Capital Church	71103
11007760	Fortified Manor, First Floor	71108
11007770	Lower Capital Church	71103
11007780	Fortified Manor, First Floor	71108
11007790	Fortified Manor, First Floor	71108
11007800	Fortified Manor, First Floor	71108
11007810	Lower Capital Church	71103
11007820	Erdtree Sanctuary	71121
11007830	Leyndell, Capital of Ash	71123
11007840	Leyndell, Capital of Ash	71123
11007850	Divine Bridge	71125
11007860	Erdtree Sanctuary	71121
11007870	Divine Bridge	71125
11007880	Erdtree Sanctuary	71121
11007890	Erdtree Sanctuary	71121
11007900	Erdtree Sanctuary	71121
11007910	Erdtree Sanctuary	71121
11007920	Erdtree Sanctuary	71121
11007930	Erdtree Sanctuary	71121
11007940	Erdtree Sanctuary	71101
11007950	Leyndell, Capital of Ash	71123
11007960	Fortified Manor, First Floor	71108
11007970	Fortified Manor, First Floor	71108
11007980	Avenue Balcony	71104
11007990	Erdtree Sanctuary	71121
11007991	Queen's Bedchamber	71107
11007994	Divine Bridge	71125
11007996	Divine Bridge	71125
11007997	West Capital Rampart	71105
11057000	Queen's Bedchamber	71124
11057010	Divine Bridge	71125
11057020	Leyndell, Capital of Ash	71123
11057030	Leyndell, Capital of Ash	71123
11057040	Leyndell, Capital of Ash	71123
11057050	Erdtree Sanctuary	71121
11057100	Queen's Bedchamber	71124
11107000	Table of Lost Grace	71190
11107700	Table of Lost Grace	71190
11107710	Table of Lost Grace	71190
12017030	Grand Cloister	71218
12017040	Ainsel River Sluice Gate	71212
12017050	Ainsel River Sluice Gate	71212
12017060	Ainsel River Sluice Gate	71212
12017070	Ainsel River Well Depths	71211
12017080	Ainsel River Sluice Gate	71212
12017090	Lake of Rot Shoreside	71216
12017100	Nokstella Waterfall Basin	71219
12017110	Lake of Rot Shoreside	71216
12017120	Lake of Rot Shoreside	71216
12017130	Lake of Rot Shoreside	71216
12017140	Grand Cloister	71218
12017150	Ainsel River Sluice Gate	71212
12017160	Ainsel River Sluice Gate	71212
12017170	Ainsel River Well Depths	71211
12017180	Ainsel River Downstream	71213
12017190	Ainsel River Well Depths	71211
12017200	Ainsel River Sluice Gate	71212
12017210	Ainsel River Sluice Gate	71212
12017220	Ainsel River Downstream	71213
12017230	Ainsel River Downstream	71213
12017240	Ainsel River Downstream	71213
12017250	Ainsel River Downstream	71213
12017260	Ainsel River Downstream	71213
12017270	Ainsel River Sluice Gate	71212
12017280	Ainsel River Downstream	71213
12017290	Ainsel River Downstream	71213
12017300	Ainsel River Downstream	71213
12017310	Ainsel River Downstream	71213
12017320	Ainsel River Downstream	71213
12017330	Ainsel River Downstream	71213
12017340	Ainsel River Downstream	71213
12017350	Ainsel River Sluice Gate	71212
12017360	Ainsel River Well Depths	71211
12017370	Lake of Rot Shoreside	71216
12017380	Lake of Rot Shoreside	71216
12017390	Ainsel River Sluice Gate	71212
12017400	Ainsel River Downstream	71213
12017410	Ainsel River Downstream	71213
12017420	Ainsel River Downstream	71213
12017430	Ainsel River Downstream	71213
12017440	Ainsel River Downstream	71213
12017450	Lake of Rot Shoreside	71216
12017460	Grand Cloister	71218
12017470	Grand Cloister	71218
12017480	Lake of Rot Shoreside	71216
12017490	Lake of Rot Shoreside	71216
12017500	Ainsel River Main	71214
12017510	Ainsel River Main	71214
12017520	Nokstella, Eternal City	71215
12017530	Ainsel River Main	71214
12017540	Nokstella, Eternal City	71215
12017550	Nokstella, Eternal City	71215
12017560	Nokstella, Eternal City	71215
12017570	Ainsel River Downstream	71213
12017580	Ainsel River Main	71214
12017590	Ainsel River Main	71214
12017600	Dragonkin Soldier of Nokstella	71210
12017610	Nokstella, Eternal City	71215
12017620	Nokstella, Eternal City	71215
12017630	Nokstella, Eternal City	71215
12017640	Dragonkin Soldier of Nokstella	71210
12017650	Dragonkin Soldier of Nokstella	71210
12017660	Nokstella, Eternal City	71215
12017670	Dragonkin Soldier of Nokstella	71210
12017680	Dragonkin Soldier of Nokstella	71210
12017690	Dragonkin Soldier of Nokstella	71210
12017700	Dragonkin Soldier of Nokstella	71210
12017710	Ainsel River Well Depths	71211
12017720	Nokstella Waterfall Basin	71219
12017730	Nokstella, Eternal City	71215
12017740	Nokstella, Eternal City	71215
12017750	Dragonkin Soldier of Nokstella	71210
12017760	Dragonkin Soldier of Nokstella	71210
12017770	Dragonkin Soldier of Nokstella	71210
12017780	Dragonkin Soldier of Nokstella	71210
12017790	Nokstella Waterfall Basin	71219
12017800	Nokstella Waterfall Basin	71219
12017810	Nokstella Waterfall Basin	71219
12017820	Grand Cloister	71218
12017830	Grand Cloister	71218
12017840	Grand Cloister	71218
12017850	Grand Cloister	71218
12017860	Grand Cloister	71218
12017870	Grand Cloister	71218
12017880	Lake of Rot Shoreside	71216
12017890	Lake of Rot Shoreside	71216
12017900	Ainsel River Downstream	71213
12017910	Dragonkin Soldier of Nokstella	71210
12017920	Grand Cloister	71218
12017940	Dragonkin Soldier of Nokstella	71210
12017950	Dragonkin Soldier of Nokstella	71210
12017960	Nokstella Waterfall Basin	71219
12017970	Nokstella, Eternal City	71215
12017980	Nokstella, Eternal City	71215
12017990	Dragonkin Soldier of Nokstella	71210
12027000	Worshippers' Woods	71223
12027030	Siofra River Bank	71222
12027040	Below the Well	71227
12027050	Aqueduct-Facing Cliffs	71225
12027070	Worshippers' Woods	71223
12027080	Ancestral Woods	71224
12027090	Aqueduct-Facing Cliffs	71225
12027100	Siofra River Bank	71222
12027110	Siofra River Bank	71222
12027120	Siofra River Bank	71222
12027140	Siofra River Bank	71222
12027150	Siofra River Bank	71222
12027160	Siofra River Bank	71222
12027170	Worshippers' Woods	71223
12027180	Worshippers' Woods	71223
12027190	Worshippers' Woods	71223
12027200	Worshippers' Woods	71223
12027210	Worshippers' Woods	71223
12027220	Worshippers' Woods	71223
12027230	Worshippers' Woods	71223
12027240	Worshippers' Woods	71223
12027250	Siofra River Bank	71222
12027260	Siofra River Bank	71222
12027270	Worshippers' Woods	71223
12027280	Siofra River Bank	71222
12027290	Siofra River Bank	71222
12027300	Worshippers' Woods	71223
12027310	Worshippers' Woods	71223
12027320	Siofra River Bank	71222
12027330	Worshippers' Woods	71223
12027340	Worshippers' Woods	71223
12027350	Worshippers' Woods	71223
12027360	Worshippers' Woods	71223
12027370	Siofra River Bank	71222
12027380	Worshippers' Woods	71223
12027390	Worshippers' Woods	71223
12027400	Worshippers' Woods	71223
12027410	Worshippers' Woods	71223
12027420	Siofra River Bank	71222
12027430	Below the Well	71227
12027440	Below the Well	71227
12027450	Below the Well	71227
12027460	Great Waterfall Basin	71220
12027470	Below the Well	71227
12027480	Siofra River Bank	71222
12027490	Worshippers' Woods	71223
12027500	Mimic Tear	71221
12027510	Ancestral Woods	71224
12027520	Ancestral Woods	71224
12027530	Ancestral Woods	71224
12027540	Ancestral Woods	71224
12027550	Ancestral Woods	71224
12027560	Ancestral Woods	71224
12027570	Ancestral Woods	71224
12027580	Ancestral Woods	71224
12027590	Ancestral Woods	71224
12027600	Ancestral Woods	71224
12027610	Ancestral Woods	71224
12027620	Aqueduct-Facing Cliffs	71225
12027630	Aqueduct-Facing Cliffs	71225
12027640	Aqueduct-Facing Cliffs	71225
12027650	Ancestral Woods	71224
12027660	Ancestral Woods	71224
12027670	Ancestral Woods	71224
12027680	Ancestral Woods	71224
12027690	Aqueduct-Facing Cliffs	71225
12027710	Ancestral Woods	71224
12027720	Ancestral Woods	71224
12027730	Worshippers' Woods	71223
12027740	Worshippers' Woods	71223
12027750	Aqueduct-Facing Cliffs	71225
12027760	Aqueduct-Facing Cliffs	71225
12027770	Aqueduct-Facing Cliffs	71225
12027780	Aqueduct-Facing Cliffs	71225
12027790	Aqueduct-Facing Cliffs	71225
12027800	Aqueduct-Facing Cliffs	71225
12027810	Great Waterfall Basin	71220
12027820	Great Waterfall Basin	71220
12027830	Great Waterfall Basin	71220
12027850	Ancestral Woods	71224
12027860	Ancestral Woods	71224
12027870	Ancestral Woods	71224
12027880	Night's Sacred Ground	71226
12027890	Ancestral Woods	71224
12027900	Night's Sacred Ground	71226
12027910	Night's Sacred Ground	71226
12027920	Night's Sacred Ground	71226
12027930	Night's Sacred Ground	71226
12027940	Night's Sacred Ground	71226
12027950	Worshippers' Woods	71223
12027960	Siofra River Bank	71222
12027970	Worshippers' Woods	71223
12027980	Ancestral Woods	71224
12027990	Aqueduct-Facing Cliffs	71225
12037010	The Nameless Eternal City	71234
12037020	Root-Facing Cliffs	71231
12037030	Great Waterfall Crest	71232
12037040	Great Waterfall Crest	71232
12037050	Great Waterfall Crest	71232
12037060	Great Waterfall Crest	71232
12037070	Great Waterfall Crest	71232
12037080	Great Waterfall Crest	71232
12037090	Deeproot Depths	71233
12037100	Deeproot Depths	71233
12037110	Deeproot Depths	71233
12037120	Deeproot Depths	71233
12037130	Deeproot Depths	71233
12037140	Across the Roots	71235
12037150	Deeproot Depths	71233
12037160	The Nameless Eternal City	71234
12037170	The Nameless Eternal City	71234
12037180	The Nameless Eternal City	71234
12037190	The Nameless Eternal City	71234
12037200	Across the Roots	71235
12037210	Across the Roots	71235
12037220	Across the Roots	71235
12037230	The Nameless Eternal City	71234
12037240	The Nameless Eternal City	71234
12037250	The Nameless Eternal City	71234
12037260	The Nameless Eternal City	71234
12037270	The Nameless Eternal City	71234
12037280	The Nameless Eternal City	71234
12037290	The Nameless Eternal City	71234
12037300	The Nameless Eternal City	71234
12037310	Root-Facing Cliffs	71231
12037320	Root-Facing Cliffs	71231
12037330	Across the Roots	71235
12037340	Across the Roots	71235
12037350	Across the Roots	71235
12037360	Across the Roots	71235
12037370	The Nameless Eternal City	71234
12037380	The Nameless Eternal City	71234
12037390	The Nameless Eternal City	71234
12037400	The Nameless Eternal City	71234
12037410	The Nameless Eternal City	71234
12037420	The Nameless Eternal City	71234
12037430	The Nameless Eternal City	71234
12037440	The Nameless Eternal City	71234
12037450	The Nameless Eternal City	71234
12037460	The Nameless Eternal City	71234
12037470	The Nameless Eternal City	71234
12037480	The Nameless Eternal City	71234
12037490	The Nameless Eternal City	71234
12037500	Across the Roots	71235
12037510	Across the Roots	71235
12037520	Prince of Death's Throne	71230
12037530	The Nameless Eternal City	71234
12037540	The Nameless Eternal City	71234
12037550	Great Waterfall Crest	71232
12057010	Dynasty Mausoleum Midpoint	71253
12057020	Palace Approach Ledge-Road	71251
12057030	Palace Approach Ledge-Road	71251
12057040	Palace Approach Ledge-Road	71251
12057060	Palace Approach Ledge-Road	71251
12057070	Dynasty Mausoleum Entrance	71252
12057080	Dynasty Mausoleum Entrance	71252
12057090	Dynasty Mausoleum Entrance	71252
12057100	Palace Approach Ledge-Road	71251
12057110	Dynasty Mausoleum Entrance	71252
12057120	Dynasty Mausoleum Entrance	71252
12057130	Dynasty Mausoleum Entrance	71252
12057140	Dynasty Mausoleum Entrance	71252
12057150	Dynasty Mausoleum Entrance	71252
12057160	Dynasty Mausoleum Entrance	71252
12057170	Dynasty Mausoleum Entrance	71252
12057180	Dynasty Mausoleum Entrance	71252
12057190	Dynasty Mausoleum Entrance	71252
12057210	Dynasty Mausoleum Entrance	71252
12057290	Palace Approach Ledge-Road	71251
12057300	Dynasty Mausoleum Entrance	71252
12057310	Dynasty Mausoleum Entrance	71252
12057320	Dynasty Mausoleum Entrance	71252
12057330	Dynasty Mausoleum Entrance	71252
12057340	Dynasty Mausoleum Entrance	71252
12057350	Dynasty Mausoleum Entrance	71252
12057360	Palace Approach Ledge-Road	71251
12057370	Dynasty Mausoleum Midpoint	71253
12057590	Dynasty Mausoleum Midpoint	71253
12057600	Dynasty Mausoleum Midpoint	71253
12057610	Dynasty Mausoleum Midpoint	71253
12057620	Dynasty Mausoleum Midpoint	71253
12057630	Dynasty Mausoleum Midpoint	71253
12057640	Cocoon of the Empyrean	71250
12057650	Dynasty Mausoleum Entrance	71252
12057670	Dynasty Mausoleum Midpoint	71253
12057680	Palace Approach Ledge-Road	71251
12057690	Dynasty Mausoleum Midpoint	71253
12057700	Dynasty Mausoleum Entrance	71252
12057900	Dynasty Mausoleum Midpoint	71253
12077000	Siofra River Well Depths	71270
12077010	Siofra River Well Depths	71270
12077020	Siofra River Well Depths	71270
12077030	Siofra River Well Depths	71270
12077040	Siofra River Well Depths	71270
12077050	Siofra River Well Depths	71270
12077060	Siofra River Well Depths	71270
12077070	Siofra River Well Depths	71270
12077080	Siofra River Well Depths	71270
12077090	Siofra River Well Depths	71270
12077100	Siofra River Well Depths	71270
12077110	Siofra River Well Depths	71270
12077120	Siofra River Well Depths	71270
12077130	Siofra River Well Depths	71270
12077140	Siofra River Well Depths	71270
12077150	Siofra River Well Depths	71270
12077160	Siofra River Well Depths	71270
12077170	Siofra River Well Depths	71270
12077180	Siofra River Well Depths	71270
12077300	Nokron, Eternal City	71271
12077310	Nokron, Eternal City	71271
12077320	Nokron, Eternal City	71271
12077330	Nokron, Eternal City	71271
12077340	Nokron, Eternal City	71271
12077350	Nokron, Eternal City	71271
12077360	Nokron, Eternal City	71271
12077370	Nokron, Eternal City	71271
12077380	Nokron, Eternal City	71271
12077390	Nokron, Eternal City	71271
12077400	Nokron, Eternal City	71271
12077410	Nokron, Eternal City	71271
12077420	Nokron, Eternal City	71271
12077430	Nokron, Eternal City	71271
12077440	Nokron, Eternal City	71271
12077450	Nokron, Eternal City	71271
12077460	Nokron, Eternal City	71271
12077470	Nokron, Eternal City	71271
12077480	Nokron, Eternal City	71271
12077490	Nokron, Eternal City	71271
12077500	Nokron, Eternal City	71271
13007000	Crumbling Beast Grave	71303
13007005	Maliketh, the Black Blade	71300
13007010	Crumbling Beast Grave	71303
13007015	Dragon Temple Altar	71302
13007020	Crumbling Beast Grave	71303
13007025	Dragon Temple	71306
13007030	Crumbling Beast Grave	71303
13007035	Tempest-Facing Balcony	71305
13007040	Crumbling Beast Grave	71303
13007050	Crumbling Beast Grave	71303
13007060	Crumbling Beast Grave Depths	71304
13007070	Tempest-Facing Balcony	71305
13007080	Crumbling Beast Grave Depths	71304
13007090	Crumbling Beast Grave Depths	71304
13007100	Crumbling Beast Grave Depths	71304
13007110	Tempest-Facing Balcony	71305
13007120	Tempest-Facing Balcony	71305
13007130	Crumbling Beast Grave Depths	71304
13007140	Tempest-Facing Balcony	71305
13007150	Tempest-Facing Balcony	71305
13007160	Tempest-Facing Balcony	71305
13007170	Crumbling Beast Grave Depths	71304
13007180	Crumbling Beast Grave Depths	71304
13007190	Crumbling Beast Grave Depths	71304
13007200	Crumbling Beast Grave Depths	71304
13007210	Crumbling Beast Grave Depths	71304
13007220	Crumbling Beast Grave Depths	71304
13007230	Crumbling Beast Grave Depths	71304
13007240	Crumbling Beast Grave	71303
13007250	Tempest-Facing Balcony	71305
13007260	Tempest-Facing Balcony	71305
13007270	Dragon Temple	71306
13007280	Dragon Temple	71306
13007290	Dragon Temple	71306
13007300	Dragon Temple	71306
13007310	Dragon Temple	71306
13007320	Dragon Temple	71306
13007330	Dragon Temple	71306
13007340	Dragon Temple	71306
13007350	Dragon Temple Altar	71302
13007360	Dragon Temple Altar	71302
13007370	Dragon Temple	71306
13007380	Dragon Temple	71306
13007390	Dragon Temple	71306
13007400	Dragon Temple Transept	71307
13007410	Dragon Temple Altar	71302
13007420	Dragon Temple Lift	71308
13007430	Dragon Temple Lift	71308
13007440	Dragon Temple Lift	71308
13007450	Dragon Temple Lift	71308
13007460	Dragon Temple Lift	71308
13007470	Dragon Temple Lift	71308
13007480	Dragon Temple Lift	71308
13007490	Beside the Great Bridge	71310
13007500	Beside the Great Bridge	71310
13007510	Dragon Temple Rooftop	71309
13007520	Dragon Temple Rooftop	71309
13007530	Dragon Temple Lift	71308
13007540	Dragon Temple Lift	71308
13007550	Dragon Temple Altar	71302
13007560	Dragon Temple Altar	71302
13007570	Dragon Temple Altar	71302
13007580	Dragon Temple Altar	71302
13007590	Dragon Temple	71306
13007600	Dragon Temple	71306
13007610	Dragon Temple Transept	71307
13007620	Dragon Temple	71306
13007630	Dragon Temple	71306
13007640	Tempest-Facing Balcony	71305
13007660	Tempest-Facing Balcony	71305
13007670	Dragon Temple Rooftop	71309
13007680	Dragon Temple Rooftop	71309
13007690	Dragon Temple Rooftop	71309
13007700	Dragon Temple Rooftop	71309
13007710	Beside the Great Bridge	71310
13007720	Beside the Great Bridge	71310
13007730	Beside the Great Bridge	71310
13007740	Dragon Temple Rooftop	71309
13007750	Beside the Great Bridge	71310
13007760	Dragon Temple Rooftop	71309
13007770	Beside the Great Bridge	71310
13007780	Beside the Great Bridge	71310
13007790	Beside the Great Bridge	71310
13007800	Dragon Temple Altar	71302
13007810	Dragon Temple Transept	71307
13007820	Dragon Temple Rooftop	71309
13007830	Dragon Temple Lift	71308
13007850	Crumbling Beast Grave Depths	71304
13007860	Tempest-Facing Balcony	71305
13007870	Dragon Temple	71306
13007880	Tempest-Facing Balcony	71305
13007890	Dragon Temple Transept	71307
13007900	Maliketh, the Black Blade	71300
13007910	Crumbling Beast Grave Depths	71304
13007920	Dragon Temple Rooftop	71309
13007930	Beside the Great Bridge	71310
13007940	Dragon Temple Rooftop	71309
13007950	Dragon Temple Rooftop	71309
13007980	Beside the Great Bridge	71310
13007990	Dragon Temple Altar	71302
14007000	Church of the Cuckoo	71402
14007015	Schoolhouse Classroom	71403
14007020	Church of the Cuckoo	71402
14007030	Church of the Cuckoo	71402
14007040	Church of the Cuckoo	71402
14007070	Church of the Cuckoo	71402
14007090	Church of the Cuckoo	71402
14007120	Church of the Cuckoo	71402
14007150	Church of the Cuckoo	71402
14007160	Church of the Cuckoo	71402
14007190	Schoolhouse Classroom	71403
14007200	Church of the Cuckoo	71402
14007220	Schoolhouse Classroom	71403
14007250	Schoolhouse Classroom	71403
14007280	Church of the Cuckoo	71402
14007290	Church of the Cuckoo	71402
14007300	Church of the Cuckoo	71402
14007320	Schoolhouse Classroom	71403
14007330	Schoolhouse Classroom	71403
14007350	Schoolhouse Classroom	71403
14007360	Debate Parlor	71401
14007370	Debate Parlor	71401
14007380	Schoolhouse Classroom	71403
14007390	Schoolhouse Classroom	71403
14007410	Debate Parlor	71401
14007420	Schoolhouse Classroom	71403
14007430	Schoolhouse Classroom	71403
14007440	Raya Lucaria Grand Library	71400
14007450	Raya Lucaria Grand Library	71400
14007460	Debate Parlor	71401
14007470	Schoolhouse Classroom	71403
14007480	Schoolhouse Classroom	71403
14007490	Schoolhouse Classroom	71403
14007510	Schoolhouse Classroom	71403
14007520	Schoolhouse Classroom	71403
14007530	Schoolhouse Classroom	71403
14007540	Schoolhouse Classroom	71403
14007560	Raya Lucaria Grand Library	71400
14007600	Schoolhouse Classroom	71403
14007620	Schoolhouse Classroom	71403
14007630	Church of the Cuckoo	71402
14007660	Church of the Cuckoo	71402
14007670	Church of the Cuckoo	71402
14007710	Church of the Cuckoo	71402
14007720	Church of the Cuckoo	71402
14007740	Church of the Cuckoo	71402
14007750	Church of the Cuckoo	71402
14007760	Church of the Cuckoo	71402
14007770	Church of the Cuckoo	71402
14007840	Church of the Cuckoo	71402
14007850	Church of the Cuckoo	71402
14007860	Schoolhouse Classroom	71403
14007870	Church of the Cuckoo	71402
14007880	Schoolhouse Classroom	71403
14007890	Debate Parlor	71401
14007910	Raya Lucaria Grand Library	71400
14007920	Raya Lucaria Grand Library	71400
14007930	Church of the Cuckoo	71402
14007940	Debate Parlor	71401
14007970	Church of the Cuckoo	71402
14007990	Schoolhouse Classroom	71403
15007000	Haligtree Canopy	71506
15007010	Haligtree Canopy	71506
15007020	Haligtree Canopy	71506
15007030	Haligtree Canopy	71506
15007040	Haligtree Canopy	71506
15007050	Haligtree Canopy	71506
15007060	Haligtree Canopy	71506
15007070	Haligtree Canopy	71506
15007080	Haligtree Canopy	71506
15007090	Haligtree Canopy	71506
15007100	Haligtree Canopy	71506
15007110	Haligtree Canopy	71506
15007120	Haligtree Town	71507
15007130	Haligtree Town	71507
15007140	Haligtree Town	71507
15007150	Haligtree Town	71507
15007160	Haligtree Town	71507
15007170	Haligtree Town	71507
15007180	Haligtree Town	71507
15007190	Haligtree Town	71507
15007200	Haligtree Town	71507
15007210	Haligtree Town Plaza	71508
15007220	Haligtree Town	71507
15007230	Haligtree Town Plaza	71508
15007240	Haligtree Town Plaza	71508
15007250	Haligtree Town Plaza	71508
15007260	Haligtree Town Plaza	71508
15007270	Haligtree Town Plaza	71508
15007280	Haligtree Town Plaza	71508
15007290	Haligtree Town Plaza	71508
15007300	Haligtree Town Plaza	71508
15007310	Haligtree Town Plaza	71508
15007320	Haligtree Town Plaza	71508
15007330	Haligtree Town Plaza	71508
15007340	Haligtree Town Plaza	71508
15007350	Haligtree Town Plaza	71508
15007360	Haligtree Town	71507
15007370	Haligtree Town	71507
15007380	Haligtree Town	71507
15007390	Haligtree Town	71507
15007400	Haligtree Town	71507
15007410	Haligtree Town	71507
15007420	Haligtree Town	71507
15007430	Haligtree Town	71507
15007440	Haligtree Town	71507
15007460	Haligtree Promenade	71505
15007470	Haligtree Promenade	71505
15007480	Haligtree Promenade	71505
15007490	Drainage Channel	71503
15007500	Prayer Room	71501
15007510	Prayer Room	71501
15007520	Prayer Room	71501
15007530	Prayer Room	71501
15007540	Drainage Channel	71503
15007550	Drainage Channel	71503
15007560	Prayer Room	71501
15007570	Drainage Channel	71503
15007580	Drainage Channel	71503
15007590	Elphael Inner Wall	71502
15007600	Drainage Channel	71503
15007610	Prayer Room	71501
15007620	Drainage Channel	71503
15007630	Drainage Channel	71503
15007640	Drainage Channel	71503
15007650	Elphael Inner Wall	71502
15007660	Elphael Inner Wall	71502
15007670	Elphael Inner Wall	71502
15007680	Elphael Inner Wall	71502
15007690	Elphael Inner Wall	71502
15007700	Elphael Inner Wall	71502
15007710	Elphael Inner Wall	71502
15007720	Elphael Inner Wall	71502
15007730	Elphael Inner Wall	71502
15007740	Drainage Channel	71503
15007750	Drainage Channel	71503
15007760	Drainage Channel	71503
15007770	Drainage Channel	71503
15007780	Drainage Channel	71503
15007790	Drainage Channel	71503
15007800	Prayer Room	71501
15007810	Drainage Channel	71503
15007820	Elphael Inner Wall	71502
15007830	Elphael Inner Wall	71502
15007840	Elphael Inner Wall	71502
15007850	Elphael Inner Wall	71502
15007860	Elphael Inner Wall	71502
15007870	Elphael Inner Wall	71502
15007880	Elphael Inner Wall	71502
15007890	Prayer Room	71501
15007900	Drainage Channel	71503
15007910	Haligtree Roots	71504
15007920	Haligtree Roots	71504
15007930	Haligtree Roots	71504
15007940	Haligtree Roots	71504
15007950	Drainage Channel	71503
15007960	Drainage Channel	71503
15007970	Haligtree Roots	71504
15007980	Haligtree Roots	71504
15007990	Malenia, Goddess of Rot	71500
16007000	Volcano Manor	71602
16007010	Volcano Manor	71602
16007020	Volcano Manor	71602
16007030	Volcano Manor	71602
16007040	Prison Town Church	71603
16007050	Prison Town Church	71603
16007060	Prison Town Church	71603
16007070	Guest Hall	71604
16007080	Prison Town Church	71603
16007100	Prison Town Church	71603
16007120	Prison Town Church	71603
16007130	Prison Town Church	71603
16007140	Prison Town Church	71603
16007150	Prison Town Church	71603
16007160	Prison Town Church	71603
16007170	Guest Hall	71604
16007190	Guest Hall	71604
16007200	Guest Hall	71604
16007210	Guest Hall	71604
16007220	Guest Hall	71604
16007230	Guest Hall	71604
16007240	Guest Hall	71604
16007250	Guest Hall	71604
16007270	Temple of Eiglay	71601
16007280	Temple of Eiglay	71601
16007290	Temple of Eiglay	71601
16007310	Temple of Eiglay	71601
16007320	Temple of Eiglay	71601
16007330	Guest Hall	71604
16007350	Prison Town Church	71603
16007360	Prison Town Church	71603
16007380	Prison Town Church	71603
16007390	Temple of Eiglay	71601
16007400	Temple of Eiglay	71601
16007410	Temple of Eiglay	71601
16007420	Guest Hall	71604
16007430	Guest Hall	71604
16007440	Temple of Eiglay	71601
16007480	Temple of Eiglay	71601
16007490	Temple of Eiglay	71601
16007500	Prison Town Church	71603
16007510	Volcano Manor	71602
16007520	Volcano Manor	71602
16007530	Volcano Manor	71602
16007540	Guest Hall	71604
16007550	Subterranean Inquisition Chamber	71607
16007560	Subterranean Inquisition Chamber	71607
16007610	Prison Town Church	71603
16007620	Prison Town Church	71603
16007700	Prison Town Church	71603
16007710	Temple of Eiglay	71601
16007730	Rykard, Lord of Blasphemy	71600
18007000	Cave of Knowledge	71800
18007010	Cave of Knowledge	71800
18007020	Cave of Knowledge	71800
18007030	Cave of Knowledge	71800
18007040	Cave of Knowledge	71800
18007050	Cave of Knowledge	71800
18007060	Cave of Knowledge	71800
18007070	Cave of Knowledge	71800
20007000	Small Private Altar	72002
20007010	Small Private Altar	72002
20007020	Belurat, Tower Settlement	72001
20007030	Belurat, Tower Settlement	72001
20007040	Belurat, Tower Settlement	72001
20007050	Belurat, Tower Settlement	72001
20007060	Belurat, Tower Settlement	72001
20007070	Small Private Altar	72002
20007080	Small Private Altar	72002
20007090	Small Private Altar	72002
20007100	Small Private Altar	72002
20007110	Small Private Altar	72002
20007120	Small Private Altar	72002
20007130	Small Private Altar	72002
20007140	Small Private Altar	72002
20007150	Small Private Altar	72002
20007160	Small Private Altar	72002
20007170	Small Private Altar	72002
20007180	Small Private Altar	72002
20007190	Small Private Altar	72002
20007200	Belurat, Tower Settlement	72001
20007210	Belurat, Tower Settlement	72001
20007220	Belurat, Tower Settlement	72001
20007230	Belurat, Tower Settlement	72001
20007240	Belurat, Tower Settlement	72001
20007250	Belurat, Tower Settlement	72001
20007260	Small Private Altar	72002
20007270	Belurat, Tower Settlement	72001
20007280	Belurat, Tower Settlement	72001
20007290	Belurat, Tower Settlement	72001
20007300	Belurat, Tower Settlement	72001
20007310	Belurat, Tower Settlement	72001
20007320	Belurat, Tower Settlement	72001
20007330	Belurat, Tower Settlement	72001
20007340	Belurat, Tower Settlement	72001
20007350	Belurat, Tower Settlement	72001
20007360	Belurat, Tower Settlement	72001
20007370	Belurat, Tower Settlement	72001
20007380	Small Private Altar	72002
20007390	Belurat, Tower Settlement	72001
20007400	Small Private Altar	72002
20007410	Small Private Altar	72002
20007420	Small Private Altar	72002
20007430	Small Private Altar	72002
20007440	Small Private Altar	72002
20007450	Small Private Altar	72002
20007460	Belurat, Tower Settlement	72001
20007470	Belurat, Tower Settlement	72001
20007480	Belurat, Tower Settlement	72001
20007490	Belurat, Tower Settlement	72001
20007500	Belurat, Tower Settlement	72001
20007510	Small Private Altar	72002
20007520	Belurat, Tower Settlement	72001
20007530	Small Private Altar	72002
20007540	Small Private Altar	72002
20007550	Small Private Altar	72002
20007560	Small Private Altar	72002
20007570	Small Private Altar	72002
20007580	Small Private Altar	72002
20007590	Small Private Altar	72002
20007600	Stagefront	72003
20007610	Stagefront	72003
20007620	Stagefront	72003
20007630	Stagefront	72003
20007640	Belurat, Tower Settlement	72001
20007650	Stagefront	72003
20007660	Stagefront	72003
20007670	Belurat, Tower Settlement	72001
20007680	Stagefront	72003
20007690	Stagefront	72003
20007700	Stagefront	72003
20007710	Stagefront	72003
20007730	Small Private Altar	72002
20007740	Stagefront	72003
20007750	Stagefront	72003
20007760	Stagefront	72003
20007770	Stagefront	72003
20007780	Stagefront	72003
20007790	Stagefront	72003
20007800	Theatre of the Divine Beast	72000
20007810	Theatre of the Divine Beast	72000
20007820	Stagefront	72003
20007830	Theatre of the Divine Beast	72000
20017000	Enir-Ilim: Outer Wall	72012
20017010	Enir-Ilim: Outer Wall	72012
20017020	First Rise	72013
20017030	First Rise	72013
20017040	First Rise	72013
20017050	First Rise	72013
20017060	First Rise	72013
20017070	First Rise	72013
20017080	First Rise	72013
20017090	First Rise	72013
20017100	First Rise	72013
20017110	First Rise	72013
20017120	First Rise	72013
20017130	First Rise	72013
20017140	First Rise	72013
20017150	First Rise	72013
20017160	First Rise	72013
20017170	First Rise	72013
20017180	First Rise	72013
20017190	First Rise	72013
20017200	First Rise	72013
20017210	First Rise	72013
20017220	First Rise	72013
20017230	First Rise	72013
20017240	First Rise	72013
20017250	First Rise	72013
20017260	First Rise	72013
20017270	First Rise	72013
20017280	First Rise	72013
20017290	First Rise	72013
20017300	First Rise	72013
20017310	Spiral Rise	72014
20017320	Spiral Rise	72014
20017330	Spiral Rise	72014
20017340	Spiral Rise	72014
20017350	Spiral Rise	72014
20017360	Spiral Rise	72014
20017370	Spiral Rise	72014
20017380	Spiral Rise	72014
20017390	Spiral Rise	72014
20017400	Spiral Rise	72014
20017410	Spiral Rise	72014
20017420	Spiral Rise	72014
20017430	Spiral Rise	72014
20017440	Spiral Rise	72014
20017450	Spiral Rise	72014
20017460	Spiral Rise	72014
20017470	Spiral Rise	72014
20017480	Spiral Rise	72014
20017490	Spiral Rise	72014
20017500	Spiral Rise	72014
20017510	Spiral Rise	72014
20017520	Spiral Rise	72014
20017530	Cleansing Chamber Anteroom	72015
20017540	Cleansing Chamber Anteroom	72015
20017550	Cleansing Chamber Anteroom	72015
20017560	First Rise	72013
20017570	First Rise	72013
20017580	First Rise	72013
20017590	First Rise	72013
20017600	First Rise	72013
20017610	First Rise	72013
20017620	First Rise	72013
20017630	First Rise	72013
20017640	First Rise	72013
20017650	First Rise	72013
20017660	First Rise	72013
21007000	Main Gate Plaza	72101
21007010	Main Gate Plaza	72101
21007020	Main Gate Plaza	72101
21007030	Main Gate Plaza	72101
21007040	Main Gate Plaza	72101
21007050	Main Gate Plaza	72101
21007060	Main Gate Plaza	72101
21007070	Main Gate Plaza	72101
21007080	Main Gate Plaza	72101
21007090	Main Gate Plaza	72101
21007100	Main Gate Plaza	72101
21007110	Main Gate Plaza	72101
21007120	Main Gate Plaza	72101
21007130	Main Gate Plaza	72101
21007140	Main Gate Plaza	72101
21007160	Main Gate Plaza	72101
21007170	Main Gate Plaza	72101
21007180	Main Gate Plaza	72101
21007190	Main Gate Plaza	72101
21007200	Main Gate Plaza	72101
21007210	Main Gate Plaza	72101
21007220	Main Gate Plaza	72101
21007230	Main Gate Plaza	72101
21007240	Main Gate Plaza	72101
21007250	Main Gate Plaza	72101
21007260	Main Gate Plaza	72101
21007270	Main Gate Plaza	72101
21007280	Main Gate Plaza	72101
21007290	Main Gate Plaza	72101
21007300	Church District Entrance	72106
21007310	Church District Entrance	72106
21007320	Sunken Chapel	72107
21007330	Church District Entrance	72106
21007340	Church District Entrance	72106
21007350	Sunken Chapel	72107
21007360	Sunken Chapel	72107
21007370	Sunken Chapel	72107
21007380	Sunken Chapel	72107
21007390	Sunken Chapel	72107
21007400	Sunken Chapel	72107
21007410	Sunken Chapel	72107
21007420	Church District Entrance	72106
21007430	Sunken Chapel	72107
21007440	Sunken Chapel	72107
21007450	Sunken Chapel	72107
21007460	Sunken Chapel	72107
21007470	Sunken Chapel	72107
21007480	Sunken Chapel	72107
21007490	Sunken Chapel	72107
21007500	Sunken Chapel	72107
21007510	Sunken Chapel	72107
21007520	Sunken Chapel	72107
21007530	Sunken Chapel	72107
21007540	Sunken Chapel	72107
21007550	Sunken Chapel	72107
21007560	Sunken Chapel	72107
21007570	Sunken Chapel	72107
21007580	Sunken Chapel	72107
21007590	Sunken Chapel	72107
21007600	Church District Entrance	72106
21007610	Church District Entrance	72106
21007620	Church District Entrance	72106
21007630	Church District Entrance	72106
21007640	Sunken Chapel	72107
21007650	Sunken Chapel	72107
21007670	Church District Entrance	72106
21007680	Church District Entrance	72106
21007690	Church District Entrance	72106
21007700	Church District Entrance	72106
21007710	Church District Entrance	72106
21007720	Church District Entrance	72106
21007730	Church District Entrance	72106
21007740	Church District Entrance	72106
21007750	Church District Entrance	72106
21007760	Church District Entrance	72106
21007770	Church District Entrance	72106
21007780	Church District Entrance	72106
21007790	Church District Entrance	72106
21007800	Tree-Worship Sanctum	72109
21007810	Tree-Worship Sanctum	72109
21007820	Tree-Worship Sanctum	72109
21007830	Tree-Worship Sanctum	72109
21007840	Tree-Worship Sanctum	72109
21007850	Tree-Worship Sanctum	72109
21007860	Tree-Worship Sanctum	72109
21007870	Tree-Worship Sanctum	72109
21007880	Tree-Worship Sanctum	72109
21007890	Tree-Worship Sanctum	72109
21017000	Storehouse, Back Section	72116
21017010	Storehouse, First Floor	72111
21017020	Storehouse, Back Section	72116
21017030	Storehouse, Back Section	72116
21017040	Storehouse, Back Section	72116
21017050	Storehouse, Back Section	72116
21017060	Storehouse, First Floor	72111
21017070	Storehouse, Seventh Floor	72113
21017080	Storehouse, Back Section	72116
21017090	Storehouse, Back Section	72116
21017100	Storehouse, Back Section	72116
21017110	Storehouse, Fourth Floor	72112
21017120	Storehouse, Seventh Floor	72113
21017130	Storehouse, Back Section	72116
21017140	Storehouse, Back Section	72116
21017150	Storehouse, Back Section	72116
21017160	Storehouse, Back Section	72116
21017170	Storehouse, First Floor	72111
21017180	Storehouse, Fourth Floor	72112
21017200	Storehouse, Fourth Floor	72112
21017210	Storehouse, First Floor	72111
21017220	Storehouse, First Floor	72111
21017230	Storehouse, First Floor	72111
21017240	Storehouse, First Floor	72111
21017250	Storehouse, First Floor	72111
21017260	Storehouse, First Floor	72111
21017270	Storehouse, First Floor	72111
21017280	Storehouse, First Floor	72111
21017290	Storehouse, First Floor	72111
21017300	Storehouse, Fourth Floor	72112
21017310	Storehouse, Loft	72117
21017320	Storehouse, Back Section	72116
21017330	Storehouse, Back Section	72116
21017340	Storehouse, Back Section	72116
21017350	Storehouse, Back Section	72116
21017360	Storehouse, Back Section	72116
21017370	Storehouse, Back Section	72116
21017380	Storehouse, Back Section	72116
21017390	Storehouse, Back Section	72116
21017400	Storehouse, Loft	72117
21017410	Storehouse, Back Section	72116
21017420	Storehouse, Seventh Floor	72113
21017430	Storehouse, Seventh Floor	72113
21017440	Storehouse, Seventh Floor	72113
21017450	Storehouse, Seventh Floor	72113
21017460	Storehouse, Seventh Floor	72113
21017470	Storehouse, Seventh Floor	72113
21017480	Storehouse, Seventh Floor	72113
21017490	Storehouse, Seventh Floor	72113
21017500	Dark Chamber Entrance	72114
21017510	Storehouse, Fourth Floor	72112
21017520	Dark Chamber Entrance	72114
21017530	Dark Chamber Entrance	72114
21017540	Dark Chamber Entrance	72114
21017550	Dark Chamber Entrance	72114
21017560	Dark Chamber Entrance	72114
21017570	Dark Chamber Entrance	72114
21017580	Dark Chamber Entrance	72114
21017590	Dark Chamber Entrance	72114
21017600	Storehouse, Back Section	72116
21017610	Storehouse, First Floor	72111
21017620	Storehouse, Fourth Floor	72112
21017630	Storehouse, Loft	72117
21017640	Storehouse, Loft	72117
21017650	Storehouse, Loft	72117
21017660	Storehouse, Loft	72117
21017670	Storehouse, Loft	72117
21017680	Storehouse, Loft	72117
21017690	Storehouse, Loft	72117
21017700	Storehouse, Loft	72117
21017710	Storehouse, Loft	72117
21017720	Storehouse, Loft	72117
21017730	Storehouse, Loft	72117
21017740	Storehouse, Loft	72117
21017750	Storehouse, Seventh Floor	72113
21017760	Storehouse, Loft	72117
21017770	Storehouse, Seventh Floor	72113
21017780	Storehouse, Loft	72117
21017790	Storehouse, Loft	72117
21017800	Storehouse, Seventh Floor	72113
21027000	West Rampart	72120
21027010	West Rampart	72120
21027020	West Rampart	72120
21027040	West Rampart	72120
21027050	West Rampart	72120
21027170	West Rampart	72120
21027180	West Rampart	72120
21027190	West Rampart	72120
21027200	West Rampart	72120
21027210	West Rampart	72120
21027220	West Rampart	72120
21027230	West Rampart	72120
21027240	West Rampart	72120
21027250	West Rampart	72120
21027260	West Rampart	72120
21027270	West Rampart	72120
22007000	Fissure Cross	72202
22007100	Stone Coffin Fissure	72201
22007110	Stone Coffin Fissure	72201
22007120	Stone Coffin Fissure	72201
22007130	Fissure Cross	72202
22007140	Fissure Waypoint	72203
22007150	Fissure Cross	72202
22007160	Fissure Cross	72202
22007170	Fissure Cross	72202
22007190	Fissure Waypoint	72203
22007200	Fissure Waypoint	72203
22007210	Fissure Waypoint	72203
22007220	Fissure Waypoint	72203
22007230	Fissure Waypoint	72203
22007240	Fissure Cross	72202
28007000	Manse Hall	72801
28007010	Manse Hall	72801
28007020	Manse Hall	72801
28007030	Discussion Chamber	72800
28007040	Discussion Chamber	72800
28007050	Discussion Chamber	72800
28007070	Midra's Library	72802
28007080	Midra's Library	72802
28007090	Midra's Library	72802
28007100	Second Floor Chamber	72803
28007110	Midra's Library	72802
30007010	Tombsward Catacombs	73000
30007020	Tombsward Catacombs	73000
30007040	Tombsward Catacombs	73000
30017010	Impaler's Catacombs	73001
30017020	Impaler's Catacombs	73001
30027000	Stormfoot Catacombs	73002
30027010	Stormfoot Catacombs	73002
30027020	Stormfoot Catacombs	73002
30027030	Stormfoot Catacombs	73002
30037000	Road's End Catacombs	73003
30037010	Road's End Catacombs	73003
30037020	Road's End Catacombs	73003
30037030	Road's End Catacombs	73003
30037040	Road's End Catacombs	73003
30047000	Murkwater Catacombs	73004
30057000	Black Knife Catacombs	73005
30057010	Black Knife Catacombs	73005
30057030	Black Knife Catacombs	73005
30057040	Black Knife Catacombs	73005
30067000	Cliffbottom Catacombs	73006
30067010	Cliffbottom Catacombs	73006
30067020	Cliffbottom Catacombs	73006
30067030	Cliffbottom Catacombs	73006
30067040	Cliffbottom Catacombs	73006
30067050	Cliffbottom Catacombs	73006
30067060	Cliffbottom Catacombs	73006
30067070	Cliffbottom Catacombs	73006
30067080	Cliffbottom Catacombs	73006
30077010	Wyndham Catacombs	73007
30077020	Wyndham Catacombs	73007
30077600	Wyndham Catacombs	73007
30087010	Sainted Hero's Grave	73008
30087020	Sainted Hero's Grave	73008
30087030	Sainted Hero's Grave	73008
30087040	Sainted Hero's Grave	73008
30087050	Sainted Hero's Grave	73008
30087060	Sainted Hero's Grave	73008
30097000	Gelmir Hero's Grave	73009
30097010	Gelmir Hero's Grave	73009
30097020	Gelmir Hero's Grave	73009
30097030	Gelmir Hero's Grave	73009
30097040	Gelmir Hero's Grave	73009
30097050	Gelmir Hero's Grave	73009
30097060	Gelmir Hero's Grave	73009
30097070	Gelmir Hero's Grave	73009
30107010	Auriza Hero's Grave	73010
30107020	Auriza Hero's Grave	73010
30107030	Auriza Hero's Grave	73010
30107040	Auriza Hero's Grave	73010
30107050	Auriza Hero's Grave	73010
30107060	Auriza Hero's Grave	73010
30107070	Auriza Hero's Grave	73010
30107080	Auriza Hero's Grave	73010
30117000	Deathtouched Catacombs	73011
30117010	Deathtouched Catacombs	73011
30117020	Deathtouched Catacombs	73011
30127010	Unsightly Catacombs	73012
30127020	Unsightly Catacombs	73012
30127030	Unsightly Catacombs	73012
30137020	Auriza Side Tomb	73013
30137030	Auriza Side Tomb	73013
30137040	Auriza Side Tomb	73013
30147000	Minor Erdtree Catacombs	73014
30147010	Minor Erdtree Catacombs	73014
30147020	Minor Erdtree Catacombs	73014
30147030	Minor Erdtree Catacombs	73014
30147040	Minor Erdtree Catacombs	73014
30157000	Caelid Catacombs	73015
30167000	War-Dead Catacombs	73016
30167010	War-Dead Catacombs	73016
30167020	War-Dead Catacombs	73016
30167030	War-Dead Catacombs	73016
30167040	War-Dead Catacombs	73016
30207000	Hidden Path to the Haligtree	73020
30207010	Hidden Path to the Haligtree	73020
30207020	Hidden Path to the Haligtree	73020
30207030	Hidden Path to the Haligtree	73020
30207040	Hidden Path to the Haligtree	73020
30207050	Hidden Path to the Haligtree	73020
30207060	Hidden Path to the Haligtree	73020
30207900	Hidden Path to the Haligtree	73020
30207910	Hidden Path to the Haligtree	73020
31017000	Earthbore Cave	73101
31017010	Earthbore Cave	73101
31017020	Earthbore Cave	73101
31017030	Earthbore Cave	73101
31017040	Earthbore Cave	73101
31017060	Earthbore Cave	73101
31037000	Groveside Cave	73103
31037010	Groveside Cave	73103
31047000	Stillwater Cave	73104
31047010	Stillwater Cave	73104
31047020	Stillwater Cave	73104
31047030	Stillwater Cave	73104
31047040	Stillwater Cave	73104
31047050	Stillwater Cave	73104
31047060	Stillwater Cave	73104
31057000	Lakeside Crystal Cave	73105
31057010	Lakeside Crystal Cave	73105
31057020	Lakeside Crystal Cave	73105
31057030	Lakeside Crystal Cave	73105
31057040	Lakeside Crystal Cave	73105
31057050	Lakeside Crystal Cave	73105
31057060	Lakeside Crystal Cave	73105
31057070	Lakeside Crystal Cave	73105
31057100	Lakeside Crystal Cave	73105
31067000	Academy Crystal Cave	73106
31067010	Academy Crystal Cave	73106
31067030	Academy Crystal Cave	73106
31067100	Academy Crystal Cave	73106
31077000	Seethewater Cave	73107
31077010	Seethewater Cave	73107
31077020	Seethewater Cave	73107
31077030	Seethewater Cave	73107
31077040	Seethewater Cave	73107
31077050	Seethewater Cave	73107
31077060	Seethewater Cave	73107
31077070	Seethewater Cave	73107
31097000	Volcano Cave	73109
31097010	Volcano Cave	73109
31097020	Volcano Cave	73109
31097030	Volcano Cave	73109
31097040	Volcano Cave	73109
31107000	Dragonbarrow Cave	73110
31107010	Dragonbarrow Cave	73110
31107050	Dragonbarrow Cave	73110
31107110	Dragonbarrow Cave	73110
31107120	Dragonbarrow Cave	73110
31117000	Sellia Hideaway	73111
31117010	Sellia Hideaway	73111
31117020	Sellia Hideaway	73111
31117030	Sellia Hideaway	73111
31117040	Sellia Hideaway	73111
31117080	Sellia Hideaway	73111
31117090	Sellia Hideaway	73111
31117100	Sellia Hideaway	73111
31117110	Sellia Hideaway	73111
31117200	Sellia Hideaway	73111
31117220	Sellia Hideaway	73111
31127000	Cave of the Forlorn	73112
31127010	Cave of the Forlorn	73112
31127020	Cave of the Forlorn	73112
31127030	Cave of the Forlorn	73112
31127040	Cave of the Forlorn	73112
31127050	Cave of the Forlorn	73112
31127060	Cave of the Forlorn	73112
31127070	Cave of the Forlorn	73112
31127080	Cave of the Forlorn	73112
31127090	Cave of the Forlorn	73112
31127100	Cave of the Forlorn	73112
31127110	Cave of the Forlorn	73112
31127120	Cave of the Forlorn	73112
31157010	Coastal Cave	73115
31157020	Coastal Cave	73115
31177010	Highroad Cave	73117
31177020	Highroad Cave	73117
31177030	Highroad Cave	73117
31177040	Highroad Cave	73117
31177050	Highroad Cave	73117
31177060	Highroad Cave	73117
31177070	Highroad Cave	73117
31177080	Highroad Cave	73117
31187020	Perfumer's Grotto	73118
31187030	Perfumer's Grotto	73118
31187040	Perfumer's Grotto	73118
31187050	Perfumer's Grotto	73118
31187060	Perfumer's Grotto	73118
31187070	Perfumer's Grotto	73118
31187080	Perfumer's Grotto	73118
31197000	Sage's Cave	73119
31197010	Sage's Cave	73119
31197030	Sage's Cave	73119
31197040	Sage's Cave	73119
31197050	Sage's Cave	73119
31197060	Sage's Cave	73119
31197080	Sage's Cave	73119
31197090	Sage's Cave	73119
31197100	Sage's Cave	73119
31197110	Sage's Cave	73119
31197120	Sage's Cave	73119
31197130	Sage's Cave	73119
31197200	Sage's Cave	73119
31197210	Sage's Cave	73119
31207000	Abandoned Cave	73120
31207010	Abandoned Cave	73120
31207020	Abandoned Cave	73120
31207030	Abandoned Cave	73120
31217000	Gaol Cave	73121
31217030	Gaol Cave	73121
31217040	Gaol Cave	73121
31217070	Gaol Cave	73121
31217080	Gaol Cave	73121
31217090	Gaol Cave	73121
31217100	Gaol Cave	73121
31217110	Gaol Cave	73121
31217120	Gaol Cave	73121
31217140	Gaol Cave	73121
31217150	Gaol Cave	73121
31217160	Gaol Cave	73121
31217190	Gaol Cave	73121
31217200	Gaol Cave	73121
31217210	Gaol Cave	73121
31217350	Gaol Cave	73121
31217400	Gaol Cave	73121
32007000	Morne Tunnel	73200
32007010	Morne Tunnel	73200
32007020	Morne Tunnel	73200
32007030	Morne Tunnel	73200
32007060	Morne Tunnel	73200
32007070	Morne Tunnel	73200
32007900	Morne Tunnel	73200
32057000	Altus Tunnel	73205
32057010	Altus Tunnel	73205
32057020	Altus Tunnel	73205
32057030	Altus Tunnel	73205
32057040	Altus Tunnel	73205
32057910	Altus Tunnel	73205
32077000	Rear Gael Tunnel Entrance	73257
32077010	Rear Gael Tunnel Entrance	73257
32077020	Rear Gael Tunnel Entrance	73257
32077030	Rear Gael Tunnel Entrance	73257
32077060	Rear Gael Tunnel Entrance	73257
32077070	Rear Gael Tunnel Entrance	73257
32087000	Sellia Crystal Tunnel	73208
32087020	Sellia Crystal Tunnel	73208
32087030	Sellia Crystal Tunnel	73208
32087050	Sellia Crystal Tunnel	73208
32087060	Sellia Crystal Tunnel	73208
32087070	Sellia Crystal Tunnel	73208
32087100	Sellia Crystal Tunnel	73208
32087110	Sellia Crystal Tunnel	73208
32087120	Sellia Crystal Tunnel	73208
32087900	Sellia Crystal Tunnel	73208
32087910	Sellia Crystal Tunnel	73208
34107000	Limgrave Tower Bridge	73410
34107010	Limgrave Tower Bridge	73410
34107070	Divine Tower of Limgrave	73412
34107080	Divine Tower of Limgrave	73412
34107090	Divine Tower of Limgrave	73412
34107100	Limgrave Tower Bridge	73410
34107110	Limgrave Tower Bridge	73410
34117010	Study Hall Entrance	73420
34117060	Study Hall Entrance	73420
34117080	Study Hall Entrance	73420
34117100	Study Hall Entrance	73420
34117110	Study Hall Entrance	73420
34117120	Study Hall Entrance	73420
34117200	Study Hall Entrance	73420
34117500	Divine Tower of Liurnia	73422
34127010	Divine Tower of West Altus: Gate	73432
34127020	Divine Tower of West Altus: Gate	73432
34127040	Divine Tower of West Altus: Gate	73432
34127050	Divine Tower of West Altus: Gate	73432
34127060	Divine Tower of West Altus: Gate	73432
34127070	Divine Tower of West Altus: Gate	73432
34127080	Divine Tower of West Altus: Gate	73432
34127090	Divine Tower of West Altus: Gate	73432
34127100	Divine Tower of West Altus: Gate	73432
34127110	Divine Tower of West Altus: Gate	73432
34127120	Divine Tower of West Altus: Gate	73432
34127130	Divine Tower of West Altus: Gate	73432
34127150	Divine Tower of West Altus: Gate	73432
34127160	Divine Tower of West Altus: Gate	73432
34127900	Divine Tower of West Altus: Gate	73432
34137000	Divine Tower of Caelid: Center	73441
34137010	Divine Tower of Caelid: Center	73441
34137020	Divine Tower of Caelid: Center	73441
34137900	Divine Tower of Caelid: Basement	73440
34147000	Divine Tower of East Altus: Gate	73450
34147010	Divine Tower of East Altus: Gate	73450
34147020	Divine Tower of East Altus: Gate	73450
34147800	Divine Tower of East Altus: Gate	73450
34147810	Divine Tower of East Altus: Gate	73450
35007000	Underground Roadside	73501
35007030	Underground Roadside	73501
35007040	Underground Roadside	73501
35007050	Underground Roadside	73501
35007060	Cathedral of the Forsaken	73500
35007080	Underground Roadside	73501
35007090	Underground Roadside	73501
35007110	Leyndell Catacombs	73503
35007120	Underground Roadside	73501
35007130	Underground Roadside	73501
35007150	Underground Roadside	73501
35007160	Underground Roadside	73501
35007170	Underground Roadside	73501
35007180	Underground Roadside	73501
35007190	Underground Roadside	73501
35007200	Underground Roadside	73501
35007210	Underground Roadside	73501
35007220	Underground Roadside	73501
35007240	Underground Roadside	73501
35007250	Underground Roadside	73501
35007260	Underground Roadside	73501
35007270	Underground Roadside	73501
35007280	Leyndell Catacombs	73503
35007300	Leyndell Catacombs	73503
35007310	Leyndell Catacombs	73503
35007320	Leyndell Catacombs	73503
35007330	Leyndell Catacombs	73503
35007340	Leyndell Catacombs	73503
35007350	Underground Roadside	73501
35007370	Underground Roadside	73501
35007380	Underground Roadside	73501
35007390	Leyndell Catacombs	73503
35007400	Underground Roadside	73501
35007410	Leyndell Catacombs	73503
35007420	Underground Roadside	73501
35007430	Leyndell Catacombs	73503
35007450	Leyndell Catacombs	73503
35007460	Leyndell Catacombs	73503
35007470	Leyndell Catacombs	73503
35007480	Leyndell Catacombs	73503
35007510	Leyndell Catacombs	73503
35007530	Underground Roadside	73501
35007540	Underground Roadside	73501
35007550	Underground Roadside	73501
35007560	Leyndell Catacombs	73503
35007570	Underground Roadside	73501
35007590	Leyndell Catacombs	73503
35007600	Leyndell Catacombs	73503
35007630	Cathedral of the Forsaken	73500
35007650	Cathedral of the Forsaken	73500
35007660	Cathedral of the Forsaken	73500
35007670	Cathedral of the Forsaken	73500
35007680	Frenzied Flame Proscription	73504
35007700	Cathedral of the Forsaken	73500
35007710	Cathedral of the Forsaken	73500
35007720	Frenzied Flame Proscription	73504
35007730	Underground Roadside	73501
35007740	Underground Roadside	73501
35007780	Frenzied Flame Proscription	73504
35007900	Leyndell Catacombs	73503
35007910	Leyndell Catacombs	73503
35007930	Leyndell Catacombs	73503
35007940	Leyndell Catacombs	73503
35007950	Leyndell Catacombs	73503
39207000	Ruin-Strewn Precipice Overlook	73902
39207010	Ruin-Strewn Precipice	73901
39207020	Ruin-Strewn Precipice	73901
39207030	Ruin-Strewn Precipice	73901
39207040	Ruin-Strewn Precipice	73901
39207050	Ruin-Strewn Precipice	73901
39207060	Ruin-Strewn Precipice	73901
39207070	Ruin-Strewn Precipice Overlook	73902
39207080	Ruin-Strewn Precipice Overlook	73902
39207090	Ruin-Strewn Precipice	73901
39207100	Ruin-Strewn Precipice	73901
39207110	Ruin-Strewn Precipice	73901
39207120	Ruin-Strewn Precipice Overlook	73902
39207130	Ruin-Strewn Precipice Overlook	73902
39207140	Ruin-Strewn Precipice	73901
39207150	Ruin-Strewn Precipice	73901
39207160	Ruin-Strewn Precipice	73901
40007000	Fog Rift Catacombs	74000
40007020	Fog Rift Catacombs	74000
40007040	Fog Rift Catacombs	74000
40007050	Fog Rift Catacombs	74000
40007060	Fog Rift Catacombs	74000
40007070	Fog Rift Catacombs	74000
40007080	Fog Rift Catacombs	74000
40007090	Fog Rift Catacombs	74000
40007100	Fog Rift Catacombs	74000
40007110	Fog Rift Catacombs	74000
40007120	Fog Rift Catacombs	74000
40007800	Fog Rift Catacombs	74000
40007810	Fog Rift Catacombs	74000
40007820	Fog Rift Catacombs	74000
40007900	Fog Rift Catacombs	74000
40017000	Scorpion River Catacombs	74001
40017010	Scorpion River Catacombs	74001
40017020	Scorpion River Catacombs	74001
40017030	Scorpion River Catacombs	74001
40017040	Scorpion River Catacombs	74001
40017050	Scorpion River Catacombs	74001
40017060	Scorpion River Catacombs	74001
40017070	Scorpion River Catacombs	74001
40017080	Scorpion River Catacombs	74001
40017090	Scorpion River Catacombs	74001
40017100	Scorpion River Catacombs	74001
40017110	Scorpion River Catacombs	74001
40017120	Scorpion River Catacombs	74001
40017130	Scorpion River Catacombs	74001
40017140	Scorpion River Catacombs	74001
40017150	Scorpion River Catacombs	74001
40027000	Darklight Catacombs	74002
40027010	Darklight Catacombs	74002
40027020	Darklight Catacombs	74002
40027100	Darklight Catacombs	74002
40027110	Darklight Catacombs	74002
40027120	Darklight Catacombs	74002
40027130	Darklight Catacombs	74002
40027140	Darklight Catacombs	74002
40027200	Darklight Catacombs	74002
40027210	Darklight Catacombs	74002
40027220	Darklight Catacombs	74002
41007000	Belurat Gaol	74100
41007010	Belurat Gaol	74100
41007020	Belurat Gaol	74100
41007100	Belurat Gaol	74100
41007110	Belurat Gaol	74100
41007120	Belurat Gaol	74100
41007130	Belurat Gaol	74100
41007200	Belurat Gaol	74100
41007210	Belurat Gaol	74100
41007250	Belurat Gaol	74100
41007260	Belurat Gaol	74100
41007270	Belurat Gaol	74100
41017010	Bonny Gaol	74101
41017020	Bonny Gaol	74101
41017030	Bonny Gaol	74101
41017040	Bonny Gaol	74101
41017100	Bonny Gaol	74101
41017110	Bonny Gaol	74101
41017120	Bonny Gaol	74101
41017130	Bonny Gaol	74101
41017200	Bonny Gaol	74101
41017210	Bonny Gaol	74101
41017220	Bonny Gaol	74101
41017230	Bonny Gaol	74101
41017240	Bonny Gaol	74101
41017250	Bonny Gaol	74101
41017260	Bonny Gaol	74101
41017300	Bonny Gaol	74101
41017310	Bonny Gaol	74101
41027000	Lamenter's Gaol	74102
41027010	Lamenter's Gaol	74102
41027050	Lamenter's Gaol	74102
41027060	Lamenter's Gaol	74102
41027070	Lamenter's Gaol	74102
41027100	Lamenter's Gaol	74102
41027110	Lamenter's Gaol	74102
41027120	Lamenter's Gaol	74102
41027130	Lamenter's Gaol	74102
41027150	Lamenter's Gaol	74102
41027160	Lamenter's Gaol	74102
41027200	Lamenter's Gaol	74102
41027210	Lamenter's Gaol	74102
41027300	Lamenter's Gaol	74102
41027320	Lamenter's Gaol	74102
42007100	Ruined Forge Lava Intake	74200
42007110	Ruined Forge Lava Intake	74200
42007130	Ruined Forge Lava Intake	74200
42007140	Ruined Forge Lava Intake	74200
42007150	Ruined Forge Lava Intake	74200
42007160	Ruined Forge Lava Intake	74200
42007170	Ruined Forge Lava Intake	74200
42007180	Ruined Forge Lava Intake	74200
42027010	Ruined Forge of Starfall Past	74202
42027020	Ruined Forge of Starfall Past	74202
42027030	Ruined Forge of Starfall Past	74202
42027040	Ruined Forge of Starfall Past	74202
42027050	Ruined Forge of Starfall Past	74202
42027060	Ruined Forge of Starfall Past	74202
42027070	Ruined Forge of Starfall Past	74202
42027080	Ruined Forge of Starfall Past	74202
42037100	Taylew's Ruined Forge	74203
42037110	Taylew's Ruined Forge	74203
42037120	Taylew's Ruined Forge	74203
42037130	Taylew's Ruined Forge	74203
42037140	Taylew's Ruined Forge	74203
42037150	Taylew's Ruined Forge	74203
42037160	Taylew's Ruined Forge	74203
42037170	Taylew's Ruined Forge	74203
42037180	Taylew's Ruined Forge	74203
43007000	Rivermouth Cave	74300
43007010	Rivermouth Cave	74300
43007020	Rivermouth Cave	74300
43007030	Rivermouth Cave	74300
43007040	Rivermouth Cave	74300
43007050	Rivermouth Cave	74300
43017000	Dragon's Pit	74301
43017010	Dragon's Pit	74301
43017020	Dragon's Pit	74301
43017030	Dragon's Pit	74301
43017040	Dragon's Pit Terminus	74351
1033407100	Altar South	76252
1033417000	Altar South	76252
1033417010	Altar South	76252
1033417020	Altar South	76252
1033447000	Revenger's Shack	76218
1033447010	Revenger's Shack	76218
1033447020	Revenger's Shack	76218
1033447030	Revenger's Shack	76218
1033447040	Revenger's Shack	76218
1033467000	Foot of the Four Belfries	76210
1033467030	Foot of the Four Belfries	76210
1033467040	Foot of the Four Belfries	76210
1033477000	The Four Belfries	76227
1033477010	The Four Belfries	76227
1033477020	The Four Belfries	76227
1033477030	The Four Belfries	76227
1033477200	Altar South	76252
1033477900	The Four Belfries	76227
1033477910	The Four Belfries	76227
1034417000	Moonlight Altar	76250
1034427000	Moonlight Altar	76250
1034427010	Moonlight Altar	76250
1034427020	Village of the Albinaurics	76220
1034427030	Village of the Albinaurics	76220
1034427040	Moonlight Altar	76250
1034427050	Village of the Albinaurics	76220
1034427060	Village of the Albinaurics	76220
1034427100	Village of the Albinaurics	76220
1034437000	Converted Tower	76237
1034437300	Converted Tower	76237
1034447000	Temple Quarter	76241
1034447010	Temple Quarter	76241
1034447900	Temple Quarter	76241
1034457010	Crystalline Woods	76243
1034457020	Crystalline Woods	76243
1034457100	Crystalline Woods	76243
1034467100	Crystalline Woods	76243
1034477000	The Four Belfries	76227
1034477110	Sorcerer's Isle	76211
1034477120	Sorcerer's Isle	76211
1034477130	Sorcerer's Isle	76211
1034477140	Sorcerer's Isle	76211
1034477150	Sorcerer's Isle	76211
1034477160	Sorcerer's Isle	76211
1034477170	Sorcerer's Isle	76211
1034477180	Sorcerer's Isle	76211
1034477190	Sorcerer's Isle	76211
1034477200	Sorcerer's Isle	76211
1034477210	Sorcerer's Isle	76211
1034477220	Sorcerer's Isle	76211
1034477500	Sorcerer's Isle	76211
1034487000	Road to the Manor	76213
1034487010	Road to the Manor	76213
1034487100	Northern Liurnia Lake Shore	76212
1034497010	Road to the Manor	76213
1034507010	Ranni's Rise	76228
1034507020	Ranni's Rise	76228
1034507030	Ranni's Rise	76228
1034507040	Ranni's Rise	76228
1034507050	Ranni's Rise	76228
1034507060	Ranni's Rise	76228
1034507070	Ranni's Rise	76228
1034507080	Ranni's Rise	76228
1034507090	Manor Lower Level	76231
1034517900	Royal Moongazing Grounds	76232
1035417000	Cathedral of Manus Celes	76251
1035417010	Cathedral of Manus Celes	76251
1035417100	Cathedral of Manus Celes	76251
1035417110	Cathedral of Manus Celes	76251
1035427010	Folly on the Lake	76219
1035427030	Village of the Albinaurics	76220
1035427040	Village of the Albinaurics	76220
1035427100	Cathedral of Manus Celes	76251
1035427110	Cathedral of Manus Celes	76251
1035427120	Cathedral of Manus Celes	76251
1035427130	Cathedral of Manus Celes	76251
1035427140	Cathedral of Manus Celes	76251
1035427150	Cathedral of Manus Celes	76251
1035427160	Cathedral of Manus Celes	76251
1035427170	Cathedral of Manus Celes	76251
1035427180	Cathedral of Manus Celes	76251
1035427190	Cathedral of Manus Celes	76251
1035427200	Cathedral of Manus Celes	76251
1035437010	Folly on the Lake	76219
1035447000	South Raya Lucaria Gate	76205
1035447010	South Raya Lucaria Gate	76205
1035447020	South Raya Lucaria Gate	76205
1035447030	South Raya Lucaria Gate	76205
1035447040	South Raya Lucaria Gate	76205
1035447050	South Raya Lucaria Gate	76205
1035447060	South Raya Lucaria Gate	76205
1035447070	South Raya Lucaria Gate	76205
1035447080	South Raya Lucaria Gate	76205
1035447090	South Raya Lucaria Gate	76205
1035447100	South Raya Lucaria Gate	76205
1035447110	South Raya Lucaria Gate	76205
1035447120	South Raya Lucaria Gate	76205
1035457000	South Raya Lucaria Gate	76205
1035457030	South Raya Lucaria Gate	76205
1035457100	South Raya Lucaria Gate	76205
1035467020	Main Academy Gate	76206
1035467100	East Gate Bridge Trestle	76242
1035477010	East Gate Bridge Trestle	76242
1035487010	Sorcerer's Isle	76211
1035487020	The Ravine	76235
1035487030	East Raya Lucaria Gate	76207
1035497020	The Ravine	76235
1035507000	Manor Upper Level	76230
1035507010	Main Caria Manor Gate	76214
1035507020	Main Caria Manor Gate	76214
1035507030	Manor Lower Level	76231
1035507050	Main Caria Manor Gate	76214
1035507060	Manor Upper Level	76230
1035507070	Royal Moongazing Grounds	76232
1035507080	Behind Caria Manor	76238
1035507090	Manor Lower Level	76231
1035507100	Manor Upper Level	76230
1035507110	Manor Lower Level	76231
1035507120	Main Caria Manor Gate	76214
1035507130	Main Caria Manor Gate	76214
1035507140	Manor Lower Level	76231
1035507150	Main Caria Manor Gate	76214
1035507160	Manor Upper Level	76230
1035507170	Royal Moongazing Grounds	76232
1035507180	Manor Lower Level	76231
1035507190	Manor Lower Level	76231
1035507200	Manor Upper Level	76230
1035507220	Manor Upper Level	76230
1035507230	Royal Moongazing Grounds	76232
1035507240	Behind Caria Manor	76238
1035507250	Main Caria Manor Gate	76214
1035507260	Main Caria Manor Gate	76214
1035507270	Manor Lower Level	76231
1035507280	Main Caria Manor Gate	76214
1035507300	Manor Upper Level	76230
1035507900	Main Caria Manor Gate	76214
1035527010	Craftsman's Shack	76356
1035527020	Craftsman's Shack	76356
1035527030	Craftsman's Shack	76356
1035527040	Craftsman's Shack	76356
1035537000	Seethewater Terminus	76355
1035537010	Seethewater Terminus	76355
1035537020	Altar South	76252
1035537030	Seethewater Terminus	76355
1035537040	Seethewater Terminus	76355
1035537050	Seethewater Terminus	76355
1035547000	Road of Iniquity	76353
1035547010	Road of Iniquity	76353
1035547020	Seethewater Terminus	76355
1035547050	Seethewater Terminus	76355
1035547060	Seethewater Terminus	76355
1035547070	Seethewater Terminus	76355
1036417000	Slumbering Wolf's Shack	76215
1036417010	Slumbering Wolf's Shack	76215
1036417020	Slumbering Wolf's Shack	76215
1036437000	Fallen Ruins of the Lake	76236
1036437020	Fallen Ruins of the Lake	76236
1036437030	Academy Gate Town	76204
1036447000	Academy Gate Town	76204
1036447010	Academy Gate Town	76204
1036447040	Fallen Ruins of the Lake	76236
1036447050	South Raya Lucaria Gate	76205
1036447060	South Raya Lucaria Gate	76205
1036447300	Fallen Ruins of the Lake	76236
1036457020	South Raya Lucaria Gate	76205
1036457110	South Raya Lucaria Gate	76205
1036477000	East Raya Lucaria Gate	76207
1036487000	Bellum Church	76208
1036497000	Bellum Church	76208
1036507010	Behind Caria Manor	76238
1036507020	Behind Caria Manor	76238
1036507030	Manor Upper Level	76230
1036517000	Craftsman's Shack	76356
1036527000	Craftsman's Shack	76356
1036527010	Craftsman's Shack	76356
1036527020	Craftsman's Shack	76356
1036527030	Craftsman's Shack	76356
1036527040	Craftsman's Shack	76356
1036527050	Craftsman's Shack	76356
1036527060	Craftsman's Shack	76356
1036537000	Seethewater Terminus	76355
1036547000	Ninth Mt. Gelmir Campsite	76352
1036547010	Road of Iniquity	76353
1036547020	Road of Iniquity	76353
1036547030	Road of Iniquity	76353
1036547040	Ninth Mt. Gelmir Campsite	76352
1036547050	Road of Iniquity	76353
1036547400	Road of Iniquity	76353
1037417010	Slumbering Wolf's Shack	76215
1037427000	Laskyar Ruins	76202
1037427010	Laskyar Ruins	76202
1037427030	Scenic Isle	76203
1037427900	Laskyar Ruins	76202
1037437000	Academy Gate Town	76204
1037437010	Academy Gate Town	76204
1037447000	Academy Gate Town	76204
1037447010	Academy Gate Town	76204
1037457100	Eastern Liurnia Lake Shore	76223
1037467000	Church of Vows	76224
1037467010	Church of Vows	76224
1037477000	Ruined Labyrinth	76225
1037477010	Raya Lucaria Crystal Tunnel	73202
1037477020	Mausoleum Compound	76226
1037477030	Ruined Labyrinth	76225
1037487000	Bellum Church	76208
1037487010	Mausoleum Compound	76226
1037487020	Mausoleum Compound	76226
1037487030	Mausoleum Compound	76226
1037487040	Mausoleum Compound	76226
1037487050	Mausoleum Compound	76226
1037487060	Mausoleum Compound	76226
1037487070	Mausoleum Compound	76226
1037487080	Mausoleum Compound	76226
1037497000	Church of Inhibition	76240
1037497010	Bellum Church	76208
1037497020	Church of Inhibition	76240
1037497030	Church of Inhibition	76240
1037497100	Church of Inhibition	76240
1037497200	Church of Inhibition	76240
1037507000	Ravine-Veiled Village	76229
1037507100	Ravine-Veiled Village	76229
1037517000	Abandoned Coffin	76300
1037517010	Abandoned Coffin	76300
1037517020	Abandoned Coffin	76300
1037527020	Seethewater River	76354
1037527030	Craftsman's Shack	76356
1037527040	Primeval Sorcerer Azur	76357
1037527050	Primeval Sorcerer Azur	76357
1037527060	Seethewater River	76354
1037527070	Primeval Sorcerer Azur	76357
1037527080	Seethewater River	76354
1037527090	Primeval Sorcerer Azur	76357
1037527100	Primeval Sorcerer Azur	76357
1037537000	Primeval Sorcerer Azur	76357
1037537010	Primeval Sorcerer Azur	76357
1037537020	Primeval Sorcerer Azur	76357
1037537400	Primeval Sorcerer Azur	76357
1037547000	First Mt. Gelmir Campsite	76351
1037547010	First Mt. Gelmir Campsite	76351
1037547020	Ninth Mt. Gelmir Campsite	76352
1037547030	Road of Iniquity	76353
1037547040	Ninth Mt. Gelmir Campsite	76352
1037547050	Primeval Sorcerer Azur	76357
1037547060	Primeval Sorcerer Azur	76357
1037547070	Primeval Sorcerer Azur	76357
1037547080	Primeval Sorcerer Azur	76357
1037547090	Primeval Sorcerer Azur	76357
1037547100	First Mt. Gelmir Campsite	76351
1037547110	Ninth Mt. Gelmir Campsite	76352
1037547120	Ninth Mt. Gelmir Campsite	76352
1037547130	Ninth Mt. Gelmir Campsite	76352
1037547140	Ninth Mt. Gelmir Campsite	76352
1037547150	Ninth Mt. Gelmir Campsite	76352
1037557000	Ninth Mt. Gelmir Campsite	76352
1038397000	Lake-Facing Cliffs	76200
1038407000	Liurnia Lake Shore	76201
1038417010	Liurnia Lake Shore	76201
1038427000	Gate Town Bridge	76222
1038427010	Gate Town Bridge	76222
1038427020	Gate Town Bridge	76222
1038437000	Gate Town Bridge	76222
1038437010	Gate Town Bridge	76222
1038437020	Gate Town Bridge	76222
1038447030	Eastern Liurnia Lake Shore	76223
1038447040	Artist's Shack	76217
1038457000	Eastern Tableland	76234
1038457010	Eastern Tableland	76234
1038457020	Artist's Shack	76217
1038467000	Eastern Tableland	76234
1038477010	Ruined Labyrinth	76225
1038477030	Ruined Labyrinth	76225
1038487020	Frenzied Flame Village Outskirts	76239
1038487030	Frenzied Flame Village Outskirts	76239
1038487100	Frenzied Flame Village Outskirts	76239
1038487120	Frenzied Flame Village Outskirts	76239
1038487130	Frenzied Flame Village Outskirts	76239
1038497000	Church of Inhibition	76240
1038497010	Church of Inhibition	76240
1038497030	Frenzied Flame Village Outskirts	76239
1038497040	Frenzied Flame Village Outskirts	76239
1038497900	Frenzied Flame Village Outskirts	76239
1038507000	Ravine-Veiled Village	76229
1038507010	Grand Lift of Dectus	76209
1038517000	Erdtree-Gazing Hill	76302
1038517010	Altus Plateau	76301
1038517020	Altus Plateau	76301
1038517030	Altar South	76252
1038517040	Erdtree-Gazing Hill	76302
1038517050	Erdtree-Gazing Hill	76302
1038517060	Erdtree-Gazing Hill	76302
1038517070	Erdtree-Gazing Hill	76302
1038517080	Erdtree-Gazing Hill	76302
1038517090	Altar South	76252
1038517400	Erdtree-Gazing Hill	76302
1038527000	Seethewater River	76354
1038527010	Seethewater River	76354
1038527020	Seethewater River	76354
1038527030	Old Altus Tunnel	73204
1038527040	Seethewater River	76354
1038527050	Old Altus Tunnel	73204
1038527060	Seethewater River	76354
1038527070	Seethewater River	76354
1038537000	First Mt. Gelmir Campsite	76351
1038537010	First Mt. Gelmir Campsite	76351
1038537020	First Mt. Gelmir Campsite	76351
1038537030	First Mt. Gelmir Campsite	76351
1038537040	First Mt. Gelmir Campsite	76351
1038537050	First Mt. Gelmir Campsite	76351
1038547000	First Mt. Gelmir Campsite	76351
1038547010	First Mt. Gelmir Campsite	76351
1038547020	First Mt. Gelmir Campsite	76351
1038547030	First Mt. Gelmir Campsite	76351
1038547050	First Mt. Gelmir Campsite	76351
1038547060	First Mt. Gelmir Campsite	76351
1038547070	First Mt. Gelmir Campsite	76351
1038547080	First Mt. Gelmir Campsite	76351
1038547090	Shaded Castle Inner Gate	76321
1038547110	First Mt. Gelmir Campsite	76351
1039397000	Lake-Facing Cliffs	76200
1039407000	Lake-Facing Cliffs	76200
1039417000	Liurnia Highway North	76221
1039417010	Liurnia Highway North	76221
1039417020	Liurnia Highway South	76244
1039417030	Liurnia Highway South	76244
1039417100	Liurnia Highway North	76221
1039417200	Liurnia Highway North	76221
1039427000	Liurnia Highway North	76221
1039427010	Liurnia Highway North	76221
1039427020	Liurnia Highway North	76221
1039427030	Liurnia Highway North	76221
1039427040	Liurnia Highway North	76221
1039427050	Liurnia Highway North	76221
1039437010	Jarburg	76245
1039437020	Jarburg	76245
1039437030	Jarburg	76245
1039437040	Jarburg	76245
1039437050	Jarburg	76245
1039437060	Jarburg	76245
1039437100	Gate Town Bridge	76222
1039447000	Jarburg	76245
1039447010	Artist's Shack	76217
1039447020	Jarburg	76245
1039447030	Jarburg	76245
1039447040	Jarburg	76245
1039487000	Frenzied Flame Village Outskirts	76239
1039487100	Frenzied Flame Village Outskirts	76239
1039507000	Altus Plateau	76301
1039507010	Altus Plateau	76301
1039507020	Altus Highway Junction	76303
1039517010	Altus Highway Junction	76303
1039517020	Altus Highway Junction	76303
1039517030	Altus Highway Junction	76303
1039517040	Altus Highway Junction	76303
1039517400	Altus Highway Junction	76303
1039527000	Old Altus Tunnel	73204
1039527020	Old Altus Tunnel	73204
1039527400	Old Altus Tunnel	73204
1039537000	Bridge of Iniquity	76350
1039537010	Bridge of Iniquity	76350
1039537020	Old Altus Tunnel	73204
1039537030	Bridge of Iniquity	76350
1039537040	Bridge of Iniquity	76350
1039537050	Bower of Bounty	76306
1039537060	Bower of Bounty	76306
1039537070	Bower of Bounty	76306
1039547010	Shaded Castle Ramparts	76320
1039547020	Shaded Castle Ramparts	76320
1039547030	Shaded Castle Ramparts	76320
1039547050	Shaded Castle Ramparts	76320
1039547060	Shaded Castle Ramparts	76320
1039547070	Shaded Castle Ramparts	76320
1039547080	Shaded Castle Inner Gate	76321
1039547090	Shaded Castle Inner Gate	76321
1039547100	Shaded Castle Ramparts	76320
1039547110	Shaded Castle Ramparts	76320
1039547120	Shaded Castle Inner Gate	76321
1039547130	Shaded Castle Inner Gate	76321
1039547140	Shaded Castle Inner Gate	76321
1039547150	Shaded Castle Ramparts	76320
1039547160	Shaded Castle Inner Gate	76321
1039547170	Shaded Castle Ramparts	76320
1039547180	Castellan's Hall	76322
1039547200	Castellan's Hall	76322
1039547210	Castellan's Hall	76322
1039547220	Shaded Castle Ramparts	76320
1039547230	Shaded Castle Inner Gate	76321
1039547240	Shaded Castle Ramparts	76320
1039547250	Shaded Castle Inner Gate	76321
1039547260	Shaded Castle Inner Gate	76321
1039547300	Shaded Castle Inner Gate	76321
1039547350	Shaded Castle Inner Gate	76321
1039570000	Shaded Castle Inner Gate	76321
1040387000	Stormhill Shack	76102
1040407000	Altar South	76252
1040507000	Altus Highway Junction	76303
1040517000	Rampartside Path	76305
1040517010	Altus Highway Junction	76303
1040517020	Altus Highway Junction	76303
1040517030	Altus Highway Junction	76303
1040517040	Altus Highway Junction	76303
1040517400	Altus Highway Junction	76303
1040527000	Forest-Spanning Greatbridge	76304
1040527010	Forest-Spanning Greatbridge	76304
1040527020	Forest-Spanning Greatbridge	76304
1040527030	Forest-Spanning Greatbridge	76304
1040527040	Forest-Spanning Greatbridge	76304
1040527050	Forest-Spanning Greatbridge	76304
1040537000	Bower of Bounty	76306
1040537010	Shaded Castle Ramparts	76320
1040537020	Bower of Bounty	76306
1040537030	Forest-Spanning Greatbridge	76304
1040537040	Forest-Spanning Greatbridge	76304
1040537050	Bower of Bounty	76306
1040537060	Bower of Bounty	76306
1040547000	Altar South	76252
1040547010	Shaded Castle Ramparts	76320
1040547030	Road of Iniquity Side Path	76307
1040547050	Altar South	76252
1040547090	Road of Iniquity Side Path	76307
1040557000	Road of Iniquity Side Path	76307
1041327000	Isolated Merchant's Shack	76156
1041327010	Isolated Merchant's Shack	76156
1041327020	Isolated Merchant's Shack	76156
1041327030	Isolated Merchant's Shack	76156
1041327040	Isolated Merchant's Shack	76156
1041327050	Isolated Merchant's Shack	76156
1041337000	Fourth Church of Marika	76162
1041337010	Isolated Merchant's Shack	76156
1041337030	Fourth Church of Marika	76162
1041337100	Fourth Church of Marika	76162
1041337200	Fourth Church of Marika	76162
1041357000	Church of Dragon Communion	76110
1041357010	Church of Dragon Communion	76110
1041357020	Church of Dragon Communion	76110
1041367000	Church of Elleh	76100
1041377000	Stormhill Shack	76102
1041377020	Church of Elleh	76100
1041387010	Stormhill Shack	76102
1041387030	Stormhill Shack	76102
1041387040	Stormhill Shack	76102
1041387050	Stormhill Shack	76102
1041387100	Stormhill Shack	76102
1041387200	Stormhill Shack	76102
1041397000	Stormhill Shack	76102
1041517000	Outer Wall Phantom Tree	76309
1041517010	Outer Wall Phantom Tree	76309
1041517020	Outer Wall Phantom Tree	76309
1041517030	Altus Highway Junction	76303
1041527000	Rampartside Path	76305
1041527010	Rampartside Path	76305
1041527020	Rampartside Path	76305
1041527030	Rampartside Path	76305
1041527040	Rampartside Path	76305
1041527070	Forest-Spanning Greatbridge	76304
1041527080	Rampartside Path	76305
1041527090	Rampartside Path	76305
1041537010	Forest-Spanning Greatbridge	76304
1041537020	Rampartside Path	76305
1041537030	Forest-Spanning Greatbridge	76304
1041537040	Forest-Spanning Greatbridge	76304
1041537060	Windmill Village	76308
1041537070	Forest-Spanning Greatbridge	76304
1041537080	Windmill Village	76308
1041547000	Windmill Village	76308
1041547400	Road of Iniquity Side Path	76307
1041557000	Road of Iniquity Side Path	76307
1041557010	Windmill Village	76308
1041557020	Road of Iniquity Side Path	76307
1042327000	Tombsward	76152
1042327020	Tombsward	76152
1042337000	Tombsward	76152
1042347000	Church of Pilgrimage	76150
1042347010	Tombsward Cave	73102
1042347020	Tombsward Cave	73102
1042347030	Church of Pilgrimage	76150
1042347100	Tombsward Cave	73102
1042357000	Seaside Ruins	76113
1042357010	The First Step	76101
1042357020	Church of Pilgrimage	76150
1042357030	Church of Pilgrimage	76150
1042367010	The First Step	76101
1042367030	Church of Elleh	76100
1042367040	Church of Elleh	76100
1042367050	The First Step	76101
1042367060	Church of Elleh	76100
1042377000	Gatefront	76111
1042377010	Limgrave Tunnels	73201
1042377060	Isolated Merchant's Shack	76156
1042377070	Isolated Merchant's Shack	76156
1042377300	Gatefront	76111
1042387000	Warmaster's Shack	76118
1042387010	Gatefront	76111
1042387020	Warmaster's Shack	76118
1042387030	Warmaster's Shack	76118
1042387040	Warmaster's Shack	76118
1042387050	Warmaster's Shack	76118
1042387070	Warmaster's Shack	76118
1042387080	Warmaster's Shack	76118
1042387090	Warmaster's Shack	76118
1042387100	Warmaster's Shack	76118
1042387110	Warmaster's Shack	76118
1042387120	Gatefront	76111
1042387140	Gatefront	76111
1042387200	Gatefront	76111
1042387600	Warmaster's Shack	76118
1042397010	Warmaster's Shack	76118
1042397900	Warmaster's Shack	76118
1042507000	Altar South	76252
1042517000	Outer Wall Phantom Tree	76309
1042517400	Outer Wall Phantom Tree	76309
1042517410	Outer Wall Phantom Tree	76309
1042527000	Rampartside Path	76305
1042527010	Rampartside Path	76305
1042527020	Rampartside Path	76305
1042527030	Rampartside Path	76305
1042527040	Outer Wall Battleground	76312
1042537000	Rampartside Path	76305
1042537010	Rampartside Path	76305
1042547000	Windmill Village	76308
1042547010	Windmill Village	76308
1042547020	Windmill Heights	76313
1042547030	Windmill Village	76308
1042547040	Windmill Village	76308
1042547050	Windmill Village	76308
1042547060	Windmill Village	76308
1042547070	Windmill Heights	76313
1042547080	Windmill Heights	76313
1042547090	Windmill Heights	76313
1042547100	Windmill Village	76308
1042547400	Windmill Village	76308
1042557000	Windmill Heights	76313
1043307000	Beside the Rampart Gaol	76160
1043307010	Beside the Rampart Gaol	76160
1043317000	Behind the Castle	76159
1043317010	Behind the Castle	76159
1043317020	Castle Morne Lift	76158
1043317030	Behind the Castle	76159
1043317040	Behind the Castle	76159
1043317050	Behind the Castle	76159
1043317060	Behind the Castle	76159
1043317070	Behind the Castle	76159
1043317080	Behind the Castle	76159
1043317090	Behind the Castle	76159
1043317100	Behind the Castle	76159
1043317110	Behind the Castle	76159
1043317120	Behind the Castle	76159
1043317130	Behind the Castle	76159
1043317140	Behind the Castle	76159
1043317150	Behind the Castle	76159
1043317160	Behind the Castle	76159
1043317170	Behind the Castle	76159
1043317180	Behind the Castle	76159
1043317190	Behind the Castle	76159
1043317200	Behind the Castle	76159
1043317210	Behind the Castle	76159
1043317220	Beside the Rampart Gaol	76160
1043317230	Beside the Rampart Gaol	76160
1043317240	Beside the Rampart Gaol	76160
1043317250	Beside the Rampart Gaol	76160
1043317260	Beside the Rampart Gaol	76160
1043317270	Beside the Rampart Gaol	76160
1043317280	Beside the Rampart Gaol	76160
1043317290	Behind the Castle	76159
1043317300	Behind the Castle	76159
1043317310	Behind the Castle	76159
1043317320	Behind the Castle	76159
1043317330	Behind the Castle	76159
1043317340	Behind the Castle	76159
1043317350	Behind the Castle	76159
1043317370	Beside the Rampart Gaol	76160
1043317400	Castle Morne Lift	76158
1043317900	Behind the Castle	76159
1043317910	Behind the Castle	76159
1043327000	Ailing Village Outskirts	76154
1043327010	Tombsward	76152
1043337000	Ailing Village Outskirts	76154
1043337010	Ailing Village Outskirts	76154
1043347000	Church of Pilgrimage	76150
1043347040	Ailing Village Outskirts	76154
1043347050	Ailing Village Outskirts	76154
1043347100	Church of Pilgrimage	76150
1043357000	Seaside Ruins	76113
1043357010	Seaside Ruins	76113
1043357030	Seaside Ruins	76113
1043357100	Church of Pilgrimage	76150
1043367010	Seaside Ruins	76113
1043367020	Seaside Ruins	76113
1043367040	Seaside Ruins	76113
1043367070	Seaside Ruins	76113
1043367110	Seaside Ruins	76113
1043377000	Murkwater Cave	73100
1043377010	Murkwater Cave	73100
1043377020	Agheel Lake North	76108
1043387010	Murkwater Coast	76116
1043387020	Murkwater Coast	76116
1043397010	Warmaster's Shack	76118
1043397020	Saintsbridge	76117
1043397030	Saintsbridge	76117
1043397200	Saintsbridge	76117
1043407000	Saintsbridge	76117
1043407010	Saintsbridge	76117
1043507000	Minor Erdtree Church	76310
1043507010	Sealed Tunnel	73431
1043527000	Outer Wall Battleground	76312
1043527030	Outer Wall Battleground	76312
1043527400	Outer Wall Battleground	76312
1043527410	Outer Wall Battleground	76312
1043537000	Hermit Merchant's Shack	76311
1043537010	Hermit Merchant's Shack	76311
1043537020	Hermit Merchant's Shack	76311
1043537030	Hermit Merchant's Shack	76311
1043537040	Hermit Merchant's Shack	76311
1043537050	Hermit Merchant's Shack	76311
1043537060	Outer Wall Battleground	76312
1043537070	Outer Wall Battleground	76312
1044317010	Castle Morne Lift	76158
1044317020	Castle Morne Lift	76158
1044317030	Castle Morne Lift	76158
1044327010	Castle Morne Rampart	76151
1044327020	Castle Morne Rampart	76151
1044327030	Castle Morne Rampart	76151
1044327040	Castle Morne Rampart	76151
1044337000	Ailing Village Outskirts	76154
1044337020	South of the Lookout Tower	76153
1044337030	South of the Lookout Tower	76153
1044337040	Beside the Crater-Pocked Glade	76155
1044337050	South of the Lookout Tower	76153
1044337060	South of the Lookout Tower	76153
1044337080	Ailing Village Outskirts	76154
1044337100	Ailing Village Outskirts	76154
1044337200	South of the Lookout Tower	76153
1044337210	Isolated Merchant's Shack	76156
1044347000	Bridge of Sacrifice	76157
1044347010	Bridge of Sacrifice	76157
1044347040	South of the Lookout Tower	76153
1044347050	Bridge of Sacrifice	76157
1044347060	Bridge of Sacrifice	76157
1044347070	Bridge of Sacrifice	76157
1044347080	Bridge of Sacrifice	76157
1044347100	South of the Lookout Tower	76153
1044357000	Agheel Lake South	76106
1044357010	Agheel Lake South	76106
1044357020	Agheel Lake South	76106
1044357030	Agheel Lake South	76106
1044357040	Agheel Lake South	76106
1044357060	Agheel Lake South	76106
1044357070	Agheel Lake South	76106
1044357900	Agheel Lake South	76106
1044367000	Waypoint Ruins Cellar	76120
1044367010	Waypoint Ruins Cellar	76120
1044367020	Waypoint Ruins Cellar	76120
1044367030	Waypoint Ruins Cellar	76120
1044367040	Waypoint Ruins Cellar	76120
1044367100	Waypoint Ruins Cellar	76120
1044367200	Isolated Merchant's Shack	76156
1044367300	Waypoint Ruins Cellar	76120
1044367310	Waypoint Ruins Cellar	76120
1044367320	Waypoint Ruins Cellar	76120
1044367330	Waypoint Ruins Cellar	76120
1044367340	Waypoint Ruins Cellar	76120
1044377010	Mistwood Outskirts	76114
1044377020	Waypoint Ruins Cellar	76120
1044377200	Waypoint Ruins Cellar	76120
1044387010	Artist's Shack	76103
1044387040	Murkwater Coast	76116
1044387100	Murkwater Coast	76116
1044527000	Capital Rampart	76314
1044527010	Capital Rampart	76314
1044527020	Hermit Merchant's Shack	76311
1044537010	Hermit Merchant's Shack	76311
1045337000	Beside the Crater-Pocked Glade	76155
1045347000	Bridge of Sacrifice	76157
1045357000	Fort Haight West	76105
1045357020	Fort Haight West	76105
1045357030	Fort Haight West	76105
1045357040	Fort Haight West	76105
1045357050	Fort Haight West	76105
1045357060	Fort Haight West	76105
1045357070	Fort Haight West	76105
1045357080	Fort Haight West	76105
1045357090	Fort Haight West	76105
1045377000	Waypoint Ruins Cellar	76120
1045377010	Waypoint Ruins Cellar	76120
1045377050	Mistwood Outskirts	76114
1045377060	Mistwood Outskirts	76114
1045377070	Mistwood Outskirts	76114
1045377080	Mistwood Outskirts	76114
1045377090	Mistwood Outskirts	76114
1045377100	Waypoint Ruins Cellar	76120
1045387000	Mistwood Outskirts	76114
1045387020	Summonwater Village Outskirts	76119
1045387030	Summonwater Village Outskirts	76119
1045387040	Summonwater Village Outskirts	76119
1045387050	Summonwater Village Outskirts	76119
1045387060	Summonwater Village Outskirts	76119
1045387070	Summonwater Village Outskirts	76119
1045387080	Summonwater Village Outskirts	76119
1045397000	Summonwater Village Outskirts	76119
1045397020	Summonwater Village Outskirts	76119
1045397040	Summonwater Village Outskirts	76119
1045397050	Third Church of Marika	76104
1045397060	Third Church of Marika	76104
1045397070	Summonwater Village Outskirts	76119
1045397080	Third Church of Marika	76104
1045397090	Third Church of Marika	76104
1045397100	Summonwater Village Outskirts	76119
1045397110	Third Church of Marika	76104
1045397120	Summonwater Village Outskirts	76119
1045397140	Summonwater Village Outskirts	76119
1045527000	Altar South	76252
1045527010	Capital Rampart	76314
1045527020	Capital Rampart	76314
1045527030	Capital Rampart	76314
1046367000	Fort Haight West	76105
1046367010	Fort Haight West	76105
1046367030	Fort Haight West	76105
1046367100	Fort Haight West	76105
1046367500	Fort Haight West	76105
1046377000	Third Church of Marika	76104
1046387010	Fort Gael North	76402
1046387100	Third Church of Marika	76104
1046397000	Gael Tunnel	73207
1046397010	Gael Tunnel	73207
1046397020	Gael Tunnel	73207
1046407000	Rotview Balcony	76401
1046407010	Rotview Balcony	76401
1046407020	Rotview Balcony	76401
1046407040	Rotview Balcony	76401
1046407060	Rotview Balcony	76401
1046577300	Apostate Derelict	76653
1046577800	Apostate Derelict	76653
1047377000	Caelid Highway South	76405
1047377010	Caelid Highway South	76405
1047377020	Caelid Highway South	76405
1047377030	Caelid Highway South	76405
1047377040	Caelid Highway South	76405
1047377050	Caelid Highway South	76405
1047387010	Astray from Caelid Highway North	76407
1047387030	Astray from Caelid Highway North	76407
1047387040	Caelid Highway South	76405
1047387070	Fort Gael North	76402
1047387080	Fort Gael North	76402
1047387100	Fort Gael North	76402
1047387110	Fort Gael North	76402
1047387120	Fort Gael North	76402
1047387130	Fort Gael North	76402
1047387900	Fort Gael North	76402
1047387910	Astray from Caelid Highway North	76407
1047387920	Fort Gael North	76402
1047397000	Fort Gael North	76402
1047397040	Smoldering Wall	76409
1047397080	Smoldering Wall	76409
1047407000	Rotview Balcony	76401
1047407020	Rotview Balcony	76401
1047407030	Isolated Merchant's Shack	76451
1047407040	Caelem Ruins	76403
1047407070	Caelem Ruins	76403
1047407080	Caelem Ruins	76403
1047407900	Caelem Ruins	76403
1047407910	Rotview Balcony	76401
1047407920	Morne Moangrave	76161
1047517000	Forbidden Lands	76500
1047517010	Forbidden Lands	76500
1047517300	Forbidden Lands	76500
1047557000	Yelough Anix Tunnel	73211
1047557010	Yelough Anix Tunnel	73211
1047557020	Yelough Anix Tunnel	73211
1047557030	Yelough Anix Tunnel	73211
1047557900	Yelough Anix Tunnel	73211
1047567300	Yelough Anix Tunnel	73211
1047567310	Yelough Anix Tunnel	73211
1047567320	Altar South	76252
1047567330	Yelough Anix Tunnel	73211
1047577300	Apostate Derelict	76653
1047577310	Apostate Derelict	76653
1047587000	Apostate Derelict	76653
1047587800	Apostate Derelict	76653
1048377000	Southern Aeonia Swamp Bank	76411
1048377020	Caelid Highway South	76405
1048377030	Aeonia Swamp Shore	76406
1048387000	Aeonia Swamp Shore	76406
1048387010	Aeonia Swamp Shore	76406
1048387020	Aeonia Swamp Shore	76406
1048387030	Aeonia Swamp Shore	76406
1048397000	Smoldering Wall	76409
1048397010	Deep Siofra Well	76410
1048397040	Smoldering Wall	76409
1048397050	Deep Siofra Well	76410
1048397900	Astray from Caelid Highway North	76407
1048407010	Deep Siofra Well	76410
1048407020	Deep Siofra Well	76410
1048407030	Deep Siofra Well	76410
1048407040	Smoldering Wall	76409
1048407050	Caelem Ruins	76403
1048407060	Caelem Ruins	76403
1048407900	Caelem Ruins	76403
1048517000	Grand Lift of Rold	76502
1048547800	Consecrated Snowfield	76550
1048547810	Consecrated Snowfield	76550
1048547820	Consecrated Snowfield	76550
1048547830	Consecrated Snowfield	76550
1048547840	Consecrated Snowfield	76550
1048557300	Yelough Anix Tunnel	73211
1048557600	Yelough Anix Tunnel	73211
1048557900	Altar South	76252
1048567300	Inner Consecrated Snowfield	76551
1048577000	Ordina, Liturgical Town	76652
1048577010	Ordina, Liturgical Town	76652
1048577020	Ordina, Liturgical Town	76652
1048577030	Ordina, Liturgical Town	76652
1048577040	Ordina, Liturgical Town	76652
1048577050	Ordina, Liturgical Town	76652
1048577060	Ordina, Liturgical Town	76652
1048577070	Ordina, Liturgical Town	76652
1048577080	Ordina, Liturgical Town	76652
1048577090	Ordina, Liturgical Town	76652
1048577300	Ordina, Liturgical Town	76652
1048577310	Ordina, Liturgical Town	76652
1048577800	Ordina, Liturgical Town	76652
1048577810	Ordina, Liturgical Town	76652
1048587300	Apostate Derelict	76653
1049367000	Impassable Greatbridge	76417
1049367010	Southern Aeonia Swamp Bank	76411
1049377010	Southern Aeonia Swamp Bank	76411
1049377020	Southern Aeonia Swamp Bank	76411
1049377050	Southern Aeonia Swamp Bank	76411
1049377070	Southern Aeonia Swamp Bank	76411
1049387010	Heart of Aeonia	76412
1049387020	Heart of Aeonia	76412
1049387030	Southern Aeonia Swamp Bank	76411
1049387040	Southern Aeonia Swamp Bank	76411
1049387060	Southern Aeonia Swamp Bank	76411
1049387070	Southern Aeonia Swamp Bank	76411
1049387080	Heart of Aeonia	76412
1049387110	Southern Aeonia Swamp Bank	76411
1049387120	Southern Aeonia Swamp Bank	76411
1049387800	Heart of Aeonia	76412
1049397000	Sellia Under-Stair	76416
1049397010	Sellia Under-Stair	76416
1049397020	Sellia Under-Stair	76416
1049397030	Sellia Under-Stair	76416
1049397040	Sellia Under-Stair	76416
1049397900	Chair-Crypt of Sellia	76415
1049397910	Sellia Under-Stair	76416
1049407000	Dragonbarrow West	76450
1049407010	Dragonbarrow West	76450
1049407020	Dragonbarrow West	76450
1049407040	Deep Siofra Well	76410
1049417040	Dragonbarrow West	76450
1049417070	Dragonbarrow West	76450
1049417080	Dragonbarrow West	76450
1049417090	Dragonbarrow West	76450
1049417100	Dragonbarrow Fork	76452
1049527000	Grand Lift of Rold	76502
1049527800	Grand Lift of Rold	76502
1049537000	Zamor Ruins	76501
1049537010	Zamor Ruins	76501
1049537020	Zamor Ruins	76501
1049537030	Zamor Ruins	76501
1049537300	Zamor Ruins	76501
1049537900	Zamor Ruins	76501
1049547300	Consecrated Snowfield	76550
1049547310	Consecrated Snowfield	76550
1049547900	Altar South	76252
1049557300	Inner Consecrated Snowfield	76551
1049557310	Consecrated Snowfield Catacombs	73019
1049557320	Consecrated Snowfield Catacombs	73019
1049557330	Inner Consecrated Snowfield	76551
1049557800	Consecrated Snowfield	76550
1049557810	Consecrated Snowfield Catacombs	73019
1049567300	Inner Consecrated Snowfield	76551
1049567310	Inner Consecrated Snowfield	76551
1049567320	Inner Consecrated Snowfield	76551
1049567330	Ordina, Liturgical Town	76652
1049567340	Inner Consecrated Snowfield	76551
1049567350	Ordina, Liturgical Town	76652
1050367000	Impassable Greatbridge	76417
1050367900	Impassable Greatbridge	76417
1050387000	Church of the Plague	76418
1050387010	Church of the Plague	76418
1050387020	Church of the Plague	76418
1050397000	Sellia Under-Stair	76416
1050397010	Sellia Under-Stair	76416
1050397020	Sellia Backstreets	76414
1050397030	Sellia Backstreets	76414
1050397040	Sellia Backstreets	76414
1050397050	Sellia Backstreets	76414
1050397060	Church of the Plague	76418
1050397070	Sellia Under-Stair	76416
1050397090	Fort Faroth	76453
1050397100	Sellia Backstreets	76414
1050397900	Sellia Under-Stair	76416
1050397910	Sellia Under-Stair	76416
1050537000	Giants' Mountaintop Catacombs	73018
1050537300	Giants' Mountaintop Catacombs	73018
1050547000	Consecrated Snowfield Catacombs	73019
1050547800	Giants' Mountaintop Catacombs	73018
1050547810	Giants' Mountaintop Catacombs	73018
1050557300	Consecrated Snowfield Catacombs	73019
1050557310	Consecrated Snowfield Catacombs	73019
1050557320	Consecrated Snowfield Catacombs	73019
1050557800	Consecrated Snowfield Catacombs	73019
1050557900	Consecrated Snowfield Catacombs	73019
1050567300	Inner Consecrated Snowfield	76551
1050567500	Ancient Snow Valley Ruins	76503
1050567510	Ancient Snow Valley Ruins	76503
1050567520	Ancient Snow Valley Ruins	76503
1050567600	Consecrated Snowfield Catacombs	73019
1050567620	Ancient Snow Valley Ruins	76503
1050567800	Inner Consecrated Snowfield	76551
1050567820	Consecrated Snowfield Catacombs	73019
1050577300	Ordina, Liturgical Town	76652
1050577800	Castle Sol Main Gate	76522
1051357000	Chamber Outside the Plaza	76420
1051367000	Chamber Outside the Plaza	76420
1051367020	Chamber Outside the Plaza	76420
1051367030	Chamber Outside the Plaza	76420
1051367040	Chamber Outside the Plaza	76420
1051367050	Chamber Outside the Plaza	76420
1051367060	Chamber Outside the Plaza	76420
1051367080	Chamber Outside the Plaza	76420
1051367090	Chamber Outside the Plaza	76420
1051367100	Redmane Castle Plaza	76419
1051367110	Redmane Castle Plaza	76419
1051367130	Chamber Outside the Plaza	76420
1051367910	Chamber Outside the Plaza	76420
1051387000	Starscourge Radahn	76422
1051387010	Starscourge Radahn	76422
1051387020	Starscourge Radahn	76422
1051397040	Fort Faroth	76453
1051397050	Fort Faroth	76453
1051397060	Fort Faroth	76453
1051397900	Fort Faroth	76453
1051407040	Fort Faroth	76453
1051417000	Bestial Sanctum	76454
1051417010	Bestial Sanctum	76454
1051417030	Bestial Sanctum	76454
1051437020	Farum Greatbridge	76456
1051537000	Church of Repose	76507
1051537010	Foot of the Forge	76508
1051537300	Giants' Mountaintop Catacombs	73018
1051537600	Church of Repose	76507
1051537800	Church of Repose	76507
1051537810	Foot of the Forge	76508
1051547000	Giants' Mountaintop Catacombs	73018
1051547800	Foot of the Forge	76508
1051557300	Consecrated Snowfield Catacombs	73019
1051557310	Ancient Snow Valley Ruins	76503
1051557320	Ancient Snow Valley Ruins	76503
1051557330	Ancient Snow Valley Ruins	76503
1051567020	Ancient Snow Valley Ruins	76503
1051567030	Ancient Snow Valley Ruins	76503
1051567300	Ancient Snow Valley Ruins	76503
1051567310	Ancient Snow Valley Ruins	76503
1051567320	Ancient Snow Valley Ruins	76503
1051567800	Ancient Snow Valley Ruins	76503
1051567810	Ancient Snow Valley Ruins	76503
1051567900	Ancient Snow Valley Ruins	76503
1051577000	Castle Sol Main Gate	76522
1051577010	Castle Sol Main Gate	76522
1051577020	Church of the Eclipse	76523
1051577030	Church of the Eclipse	76523
1051577040	Castle Sol Main Gate	76522
1051577050	Castle Sol Rooftop	76524
1051577060	Church of the Eclipse	76523
1051577070	Castle Sol Main Gate	76522
1051577080	Church of the Eclipse	76523
1051577090	Church of the Eclipse	76523
1051577100	Church of the Eclipse	76523
1051577110	Castle Sol Main Gate	76522
1051577120	Castle Sol Main Gate	76522
1051577130	Castle Sol Main Gate	76522
1051577140	Castle Sol Main Gate	76522
1051577150	Church of the Eclipse	76523
1051577160	Church of the Eclipse	76523
1051577170	Church of the Eclipse	76523
1051577180	Church of the Eclipse	76523
1051577190	Church of the Eclipse	76523
1051577200	Castle Sol Rooftop	76524
1051577210	Church of the Eclipse	76523
1051577220	Church of the Eclipse	76523
1051577230	Snow Valley Ruins Overlook	76521
1051577300	Castle Sol Rooftop	76524
1051577600	Church of the Eclipse	76523
1051587800	Castle Sol Rooftop	76524
1052417000	Lenne's Rise	76455
1052417010	Lenne's Rise	76455
1052417020	Lenne's Rise	76455
1052417030	Lenne's Rise	76455
1052437000	Farum Greatbridge	76456
1052537000	Foot of the Forge	76508
1052537800	Foot of the Forge	76508
1052547000	Giants' Gravepost	76506
1052547010	Giants' Gravepost	76506
1052547020	Giants' Gravepost	76506
1052547800	Giants' Gravepost	76506
1052557000	Whiteridge Road	76520
1052557010	Whiteridge Road	76520
1052557020	Whiteridge Road	76520
1052557030	Whiteridge Road	76520
1052557300	Whiteridge Road	76520
1052557310	Whiteridge Road	76520
1052557800	Whiteridge Road	76520
1052557900	Whiteridge Road	76520
1052567300	Whiteridge Road	76520
1052567310	Snow Valley Ruins Overlook	76521
1052577000	Freezing Lake	76504
1052577300	Freezing Lake	76504
1052577310	Freezing Lake	76504
1052577800	Spiritcaller Cave	73122
1052577810	Freezing Lake	76504
1052577900	Spiritcaller Cave	73122
1052587800	Castle Sol Rooftop	76524
1052587810	Castle Sol Rooftop	76524
1052587820	Castle Sol Rooftop	76524
1053567300	Spiritcaller Cave	73122
1053567310	First Church of Marika	76505
1053567800	First Church of Marika	76505
1053567810	First Church of Marika	76505
1053577300	Spiritcaller Cave	73122
1054557000	First Church of Marika	76505
1054557310	First Church of Marika	76505
1054557800	First Church of Marika	76505
2044417000	Cliffroad Terminus	76804
2044457000	Ancient Ruins, Grand Stairway	76944
2044457010	Ancient Ruins, Grand Stairway	76944
2044457020	Ancient Ruins, Grand Stairway	76944
2044457900	Ancient Ruins, Grand Stairway	76944
2044467000	Ancient Ruins, Grand Stairway	76944
2044467010	Church of the Bud, Main Entrance	76943
2044467020	Church of the Bud, Main Entrance	76943
2044467030	Ancient Ruins, Grand Stairway	76944
2044467040	Church of the Bud, Main Entrance	76943
2044467050	Church of the Bud, Main Entrance	76943
2044467060	Church of the Bud, Main Entrance	76943
2044467070	Church of the Bud, Main Entrance	76943
2044467080	Church of the Bud, Main Entrance	76943
2044467110	Church of the Bud, Main Entrance	76943
2044477000	Ravine North	76914
2044477010	Ravine North	76914
2044477020	Ravine North	76914
2044477030	Ravine North	76914
2044477040	Ravine North	76914
2044477050	Ravine North	76914
2044477900	Ravine North	76914
2045417000	Cliffroad Terminus	76804
2045417010	Cliffroad Terminus	76804
2045417020	Cliffroad Terminus	76804
2045417030	Cliffroad Terminus	76804
2045417040	Cliffroad Terminus	76804
2045417050	Cliffroad Terminus	76804
2045417700	Cliffroad Terminus	76804
2045417710	Cliffroad Terminus	76804
2045417800	Cliffroad Terminus	76804
2045417900	Cliffroad Terminus	76804
2045427000	Main Gate Cross	76803
2045427700	Main Gate Cross	76803
2045437000	Greatbridge, North	76805
2045437700	Greatbridge, North	76805
2045447000	Greatbridge, North	76805
2045447010	Greatbridge, North	76805
2045447020	Greatbridge, North	76805
2045457000	Ancient Ruins, Grand Stairway	76944
2045457010	Temple Town Ruins	76913
2045457020	Ancient Ruins, Grand Stairway	76944
2045467000	Church of the Bud, Main Entrance	76943
2045467020	Rauh Ancient Ruins, West	76942
2045467040	Church of the Bud, Main Entrance	76943
2045467050	Rauh Ancient Ruins, East	76941
2045467060	Temple Town Ruins	76913
2045467070	Ravine North	76914
2045467080	Temple Town Ruins	76913
2045467090	Ravine North	76914
2045467900	Rauh Ancient Ruins, East	76941
2045467910	Temple Town Ruins	76913
2045477010	Rauh Ancient Ruins, East	76941
2045477020	Rauh Ancient Ruins, East	76941
2045477040	Ravine North	76914
2045477050	Rauh Ancient Ruins, East	76941
2045477060	Rauh Ancient Ruins, East	76941
2045477070	Rauh Ancient Ruins, East	76941
2045487000	Rauh Ancient Ruins, East	76941
2046387000	Cerulean Coast West	76832
2046387010	Cerulean Coast West	76832
2046387020	Cerulean Coast West	76832
2046387030	Cerulean Coast West	76832
2046387040	Cerulean Coast West	76832
2046387050	Cerulean Coast West	76832
2046387070	Cerulean Coast West	76832
2046397000	Cerulean Coast West	76832
2046397020	Cerulean Coast West	76832
2046397030	Cerulean Coast West	76832
2046397040	Cerulean Coast West	76832
2046397050	Cerulean Coast West	76832
2046407000	Gravesite Plain	76800
2046407040	Cerulean Coast West	76832
2046407050	Gravesite Plain	76800
2046407060	Gravesite Plain	76800
2046407700	Gravesite Plain	76800
2046427700	Three-Path Cross	76802
2046437000	Castle Front	76813
2046437010	Castle Front	76813
2046437020	Castle Front	76813
2046437040	Greatbridge, North	76805
2046437700	Greatbridge, North	76805
2046437710	Greatbridge, North	76805
2046447000	Greatbridge, North	76805
2046447010	Greatbridge, North	76805
2046447020	Greatbridge, North	76805
2046447030	Greatbridge, North	76805
2046447050	Greatbridge, North	76805
2046447060	Castle Front	76813
2046447070	Greatbridge, North	76805
2046447700	Greatbridge, North	76805
2046447710	Greatbridge, North	76805
2046447900	Greatbridge, North	76805
2046457000	Temple Town Ruins	76913
2046457020	Temple Town Ruins	76913
2046457030	Temple Town Ruins	76913
2046457040	Temple Town Ruins	76913
2046457050	Temple Town Ruins	76913
2046457060	Temple Town Ruins	76913
2046457070	Temple Town Ruins	76913
2046457720	Greatbridge, North	76805
2046457910	Temple Town Ruins	76913
2046457920	Temple Town Ruins	76913
2046467000	Rauh Ancient Ruins, East	76941
2046467010	Rauh Ancient Ruins, East	76941
2046467020	Temple Town Ruins	76913
2046467800	Scadu Altus, West	76907
2046477000	Rauh Ancient Ruins, East	76941
2046477010	Rauh Ancient Ruins, East	76941
2046477020	Viaduct Minor Tower	76940
2046477030	Rauh Ancient Ruins, East	76941
2046477060	Rauh Ancient Ruins, East	76941
2046477070	Rauh Ancient Ruins, East	76941
2046477090	Viaduct Minor Tower	76940
2046477100	Viaduct Minor Tower	76940
2046477120	Viaduct Minor Tower	76940
2046477130	Viaduct Minor Tower	76940
2046477140	Rauh Ancient Ruins, East	76941
2046477150	Rauh Ancient Ruins, East	76941
2046477160	Rauh Ancient Ruins, East	76941
2046477700	Viaduct Minor Tower	76940
2046477720	Rauh Ancient Ruins, East	76941
2046477750	Rauh Ancient Ruins, East	76941
2046487000	Viaduct Minor Tower	76940
2046487010	Viaduct Minor Tower	76940
2047357000	The Fissure	76833
2047367000	The Fissure	76833
2047367010	The Fissure	76833
2047377000	Cerulean Coast Cross	76835
2047387000	Cerulean Coast West	76832
2047387010	Cerulean Coast	76831
2047397000	Cerulean Coast	76831
2047397040	Cerulean Coast	76831
2047397050	Cerulean Coast West	76832
2047397080	Cerulean Coast	76831
2047397090	Cerulean Coast	76831
2047407000	Gravesite Plain	76800
2047407010	Ellac River Downstream	76830
2047407020	Ellac River Downstream	76830
2047407030	Gravesite Plain	76800
2047407100	Cerulean Coast West	76832
2047407710	Scorched Ruins	76801
2047407900	Gravesite Plain	76800
2047417000	Scorched Ruins	76801
2047417010	Scorched Ruins	76801
2047417020	Scorched Ruins	76801
2047417030	Scorched Ruins	76801
2047417060	Scorched Ruins	76801
2047417100	Ellac River Downstream	76830
2047417110	Ellac River Downstream	76830
2047417700	Scorched Ruins	76801
2047417800	Scorched Ruins	76801
2047427000	Ellac River Cave	76812
2047427030	Ellac River Downstream	76830
2047427040	Ellac River Cave	76812
2047427700	Scorched Ruins	76801
2047437000	Castle-Lord's Chamber	76822
2047437010	Castle Front	76813
2047437020	Castle Front	76813
2047437030	Castle Front	76813
2047437040	Ellac River Cave	76812
2047437050	Ellac River Cave	76812
2047437700	Ellac River Cave	76812
2047447010	Castle Front	76813
2047447020	Castle Front	76813
2047447030	Castle Ensis Checkpoint	76821
2047447040	Castle Ensis Checkpoint	76821
2047447050	Castle Ensis Checkpoint	76821
2047447060	Castle Ensis Checkpoint	76821
2047447070	Castle Ensis Checkpoint	76821
2047447080	Ensis Moongazing Grounds	76823
2047447090	Castle Ensis Checkpoint	76821
2047447100	Castle Front	76813
2047447110	Castle Front	76813
2047447120	Castle-Lord's Chamber	76822
2047447130	Castle Ensis Checkpoint	76821
2047447140	Castle Ensis Checkpoint	76821
2047447150	Castle Ensis Checkpoint	76821
2047447160	Castle Front	76813
2047447170	Ensis Moongazing Grounds	76823
2047447190	Castle Front	76813
2047447200	Castle Ensis Checkpoint	76821
2047447210	Castle Ensis Checkpoint	76821
2047447600	Castle Ensis Checkpoint	76821
2047447610	Castle Ensis Checkpoint	76821
2047447620	Castle Ensis Checkpoint	76821
2047447700	Castle-Lord's Chamber	76822
2047447710	Castle Ensis Checkpoint	76821
2047447720	Castle Ensis Checkpoint	76821
2047447730	Castle Ensis Checkpoint	76821
2047447750	Castle Front	76813
2047447800	Castle Ensis Checkpoint	76821
2047447820	Castle Ensis Checkpoint	76821
2047447830	Castle Ensis Checkpoint	76821
2047447840	Castle Front	76813
2047457000	Scadu Altus, West	76907
2047457010	Scadu Altus, West	76907
2047457020	Scadu Altus, West	76907
2047457040	Scadu Altus, West	76907
2047457070	Scadu Altus, West	76907
2047457080	Scadu Altus, West	76907
2047457180	Castle Ensis Checkpoint	76821
2047457800	Scadu Altus, West	76907
2047457900	Scadu Altus, West	76907
2047457910	Scadu Altus, West	76907
2047457920	Scadu Altus, West	76907
2047467000	Scadu Altus, West	76907
2047467010	Ancient Ruins Base	76912
2047467030	Ancient Ruins Base	76912
2047467500	Scadu Altus, West	76907
2047477000	Rauh Ancient Ruins, East	76941
2047477010	Viaduct Minor Tower	76940
2047477020	Viaduct Minor Tower	76940
2047477030	Ancient Ruins Base	76912
2047477040	Ancient Ruins Base	76912
2047477050	Ancient Ruins Base	76912
2047477070	Ancient Ruins Base	76912
2047477900	Ancient Ruins Base	76912
2048377010	Cerulean Coast Cross	76835
2048377020	Cerulean Coast Cross	76835
2048377030	Cerulean Coast Cross	76835
2048377050	Cerulean Coast Cross	76835
2048387000	Cerulean Coast	76831
2048387010	Cerulean Coast Cross	76835
2048387030	Charo's Hidden Grave	76841
2048397000	Cerulean Coast	76831
2048397010	Cerulean Coast	76831
2048397020	Cerulean Coast	76831
2048397030	Charo's Hidden Grave	76841
2048397040	Grand Altar of Dragon Communion	76840
2048397050	Charo's Hidden Grave	76841
2048407000	Charo's Hidden Grave	76841
2048407010	Ellac River Downstream	76830
2048407020	Ellac River Downstream	76830
2048417000	Ellac River Downstream	76830
2048417010	Ellac River Downstream	76830
2048417030	Scorched Ruins	76801
2048417700	Ellac River Downstream	76830
2048417800	Pillar Path Waypoint	76811
2048427000	Pillar Path Waypoint	76811
2048427020	Pillar Path Waypoint	76811
2048427900	Pillar Path Waypoint	76811
2048437000	Ellac River Cave	76812
2048437010	Pillar Path Cross	76810
2048437020	Pillar Path Cross	76810
2048437030	Pillar Path Cross	76810
2048437700	Pillar Path Cross	76810
2048447000	Castle Ensis Checkpoint	76821
2048447010	Castle-Lord's Chamber	76822
2048447020	Castle-Lord's Chamber	76822
2048447030	Castle Ensis Checkpoint	76821
2048447040	Castle-Lord's Chamber	76822
2048447050	Castle-Lord's Chamber	76822
2048447060	Castle-Lord's Chamber	76822
2048447070	Castle-Lord's Chamber	76822
2048447080	Castle-Lord's Chamber	76822
2048447500	Highroad Cross	76900
2048447800	Castle-Lord's Chamber	76822
2048447810	Castle-Lord's Chamber	76822
2048457000	Highroad Cross	76900
2048457510	Highroad Cross	76900
2048457520	Moorth Ruins	76902
2048467010	Ancient Ruins Base	76912
2048467030	Castle Watering Hole	76916
2048467040	Ancient Ruins Base	76912
2048467050	Ancient Ruins Base	76912
2048467060	Ancient Ruins Base	76912
2048467090	Ancient Ruins Base	76912
2048467500	Ancient Ruins Base	76912
2048467510	Ancient Ruins Base	76912
2049377000	Finger Ruins of Rhia	76834
2049387000	Grand Altar of Dragon Communion	76840
2049387010	Grand Altar of Dragon Communion	76840
2049387020	Grand Altar of Dragon Communion	76840
2049387030	Grand Altar of Dragon Communion	76840
2049387060	Finger Ruins of Rhia	76834
2049397000	Grand Altar of Dragon Communion	76840
2049427000	Behind the Fort of Reprimand	76910
2049427010	Divided Falls	76861
2049437000	Moorth Highway, South	76908
2049437200	Moorth Highway, South	76908
2049437210	Fort of Reprimand	76909
2049437220	Fort of Reprimand	76909
2049437230	Behind the Fort of Reprimand	76910
2049437240	Fort of Reprimand	76909
2049437250	Fort of Reprimand	76909
2049437260	Fort of Reprimand	76909
2049437270	Behind the Fort of Reprimand	76910
2049437280	Behind the Fort of Reprimand	76910
2049437290	Fort of Reprimand	76909
2049437300	Behind the Fort of Reprimand	76910
2049437310	Fort of Reprimand	76909
2049437320	Fort of Reprimand	76909
2049437330	Fort of Reprimand	76909
2049437340	Fort of Reprimand	76909
2049437350	Fort of Reprimand	76909
2049437360	Fort of Reprimand	76909
2049437370	Fort of Reprimand	76909
2049437380	Behind the Fort of Reprimand	76910
2049437500	Behind the Fort of Reprimand	76910
2049437520	Fort of Reprimand	76909
2049437600	Behind the Fort of Reprimand	76910
2049437620	Behind the Fort of Reprimand	76910
2049447020	Bonny Village	76903
2049447030	Bonny Village	76903
2049447040	Moorth Ruins	76902
2049447050	Bonny Village	76903
2049447060	Bonny Village	76903
2049447070	Moorth Highway, South	76908
2049447090	Bonny Village	76903
2049447500	Bonny Village	76903
2049447530	Moorth Ruins	76902
2049447900	Bonny Village	76903
2049457000	Recluses' River Upstream	76917
2049457010	Recluses' River Upstream	76917
2049457050	Moorth Ruins	76902
2049457200	Recluses' River Upstream	76917
2049457500	Recluses' River Upstream	76917
2049457510	Recluses' River Upstream	76917
2049467010	Castle Watering Hole	76916
2049467510	Castle Watering Hole	76916
2049467520	Castle Watering Hole	76916
2049467530	Castle Watering Hole	76916
2049467540	Castle Watering Hole	76916
2049467550	Castle Watering Hole	76916
2049467560	Castle Watering Hole	76916
2049467570	Castle Watering Hole	76916
2049467580	Castle Watering Hole	76916
2049467590	Castle Watering Hole	76916
2049467600	Castle Watering Hole	76916
2049467900	Castle Watering Hole	76916
2049477000	Castle Watering Hole	76916
2049477500	Castle Watering Hole	76916
2049477510	Castle Watering Hole	76916
2049487000	Shadow Keep, Back Gate	76931
2049497500	Scaduview	76930
2049497510	Scaduview	76930
2049497520	Scaduview	76930
2049497530	Scaduview	76930
2049497540	Scaduview	76930
2049497550	Scaduview	76930
2050387000	Finger Ruins of Rhia	76834
2050387010	Finger Ruins of Rhia	76834
2050417010	Abyssal Woods	76860
2050437000	Recluses' River Downstream	76918
2050437010	Abyssal Woods	76860
2050437040	Abyssal Woods	76860
2050437220	Behind the Fort of Reprimand	76910
2050437500	Scaduview Cross	76911
2050437720	Bonny Village	76903
2050447000	Recluses' River Downstream	76918
2050447010	Recluses' River Downstream	76918
2050447020	Bonny Village	76903
2050447030	Bonny Village	76903
2050447040	Recluses' River Downstream	76918
2050447050	Bonny Village	76903
2050447060	Bonny Village	76903
2050447070	Recluses' River Downstream	76918
2050447090	Bonny Village	76903
2050447100	Bonny Village	76903
2050447120	Recluses' River Downstream	76918
2050447140	Recluses' River Downstream	76918
2050447500	Bonny Village	76903
2050447710	Recluses' River Downstream	76918
2050447720	Recluses' River Downstream	76918
2050447730	Recluses' River Downstream	76918
2050457000	Recluses' River Upstream	76917
2050457020	Recluses' River Downstream	76918
2050457060	Recluses' River Upstream	76917
2050457080	Recluses' River Upstream	76917
2050457730	Recluses' River Upstream	76917
2050467000	Castle Watering Hole	76916
2050467020	Castle Watering Hole	76916
2050467030	Castle Watering Hole	76916
2050467040	Recluses' River Upstream	76917
2050467700	Recluses' River Upstream	76917
2050467710	Castle Watering Hole	76916
2050467720	Castle Watering Hole	76916
2050467730	Castle Watering Hole	76916
2050467800	Church District Highroad	76905
2050467900	Castle Watering Hole	76916
2050467910	Castle Watering Hole	76916
2050477010	Church District Highroad	76905
2050477020	Church District Highroad	76905
2051417000	Church Ruins	76864
2051427000	Woodland Trail	76863
2051447000	Recluses' River Downstream	76918
2051447010	Recluses' River Downstream	76918
2051447020	Bridge Leading to the Village	76904
2051447030	Bridge Leading to the Village	76904
2051447040	Recluses' River Downstream	76918
2051457000	Cathedral of Manus Metyr	76906
2051457530	Cathedral of Manus Metyr	76906
2051467020	Church District Highroad	76905
2051467500	Church District Highroad	76905
2051467900	Church District Highroad	76905
2051477010	Hinterland Bridge	76937
2051477020	Hinterland Bridge	76937
2051477030	Hinterland Bridge	76937
2051477500	Hinterland Bridge	76937
2051477510	Church District Highroad	76905
2052407010	Church Ruins	76864
2052417000	Church Ruins	76864
2052417010	Church Ruins	76864
2053397000	Jagged Peak Summit	76852
2053397010	Jagged Peak Mountainside	76851
2053397020	Jagged Peak Mountainside	76851
2053407000	Jagged Peak Mountainside	76851
2053417000	Church Ruins	76864
2053417020	Church Ruins	76864
2053417500	Church Ruins	76864
2053487000	Fingerstone Hill	76936
2053487010	Fingerstone Hill	76936
