# AUTO-GENERATED by tools/build_questline_dag.py -- DO NOT EDIT, re-emit.
# TIER 1 of docs/specs/SPEC-questline-dag-20260728.md: EMIT THE GRAPH, ASSERT NOTHING.
# Directed edges over EVENT FLAGS. target_flag is always a live AP check.
#   sense=set     the source must be SET   -> a PREREQUISITE. A CANDIDATE access rule, not one yet.
#   sense=clear   the source must be CLEAR -> an EXCLUSION. Never an access rule; this is the
#                 argument FOR the missable tag.
#   sense=unknown the corpus does not encode the polarity. UNUSABLE. Tallied, never guessed.
# 🛑 NOTHING IN THE WORLD READS THIS FILE. Every check named here keeps its missable tag.
# 🛑 An edge is CO-OCCURRENCE + a polarity rule, not proof: datamine_lot_gates pairs every flag test
#   in an event with every award in it, so a test on a branch that never reaches the award is here.
# 🛑 ABSENCE IS NOT SAFETY. Every corpus below reads an AWARD SITE. A questline that gates whether a
#   FIGHT EXISTS leaves no award-site trace -- f510110 (Fortissax), the case this spec was written
#   from, is absent BY CONSTRUCTION and the tool asserts that absence out loud.
# alt_group groups edges READ AT ONE SITE; `group_semantics` says what that grouping MEANS, and it
#   is `unknown` unless the data proves otherwise -- `any` only for separate call sites of one
#   common event (f400191's three triggers), `all` only for the `&&` conjuncts of one enabler
#   condition (f1039537050's three). 🛑 An earlier version called EVERY group "alternatives"; that
#   was OUR claim wearing the game's clothes, and an OR read of a conjunction is an
#   UNDER-constrained rule. A consumer may act on `any` / `all` only.
# source_locator: how the source's region was placed -- flag_decode > setter_map > common_map >
#   test_map (WEAKEST: where the flag MATTERS, not where it lives -- good enough for a missable tag,
#   never for an access rule). Empty = unplaced.
# MEASURED THIS RUN (recomputed on every emit; the tool hard-fails on a degenerate parse):
#   edges 300 over 164 target check(s) | sense: set 153, clear 22, unknown 125
#   by tool: esd_gifts 112, lot_gates 176, treasure_enablers 12
#   source kind: check 5, npc_state 106, world 189
#   targets: 116 with a PREREQUISITE (sense=set), 16 with an EXCLUSION (sense=clear)
#   CORROBORATION: 88 of 164 target check(s) are ALREADY missable-tagged (54%); the tag set holds 289 checks in total
#   cross-region edges: 59 (10 whose target is NOT missable-tagged)
#   alt_group semantics: all 2, any 11, single 164, unknown 39 (a group claims OR/AND only where the DATA proves it)
#   edges DEGRADED to unusable by a guard (each is a refusal, not a loss): context-branch-unresolved 7, enabler-not-an-eventflag-test-above-the-enable 2, esd-paths-disagree 3, esd-received-memo 83, lot_gates-senses-disagree 2, treasure-verb-crossproduct 28
#   source flags LABELLED from FromSoft's own event names: 201 of 300 edge(s) (67%); by emevd_batch 1, emevd_event 95, esd_talk 105
#   source region located by: none 120, esd_talk_map 40, flag_decode 83, setter_map 42, test_map 15
#   dropped rows (a filter with no tally is a lie): esd_gifts:duplicate-row 3, esd_gifts:lot-has-no-flag 51, esd_gifts:self-loop 1, esd_gifts:sentinel-source 2, esd_gifts:target-not-a-live-check 129, lot_gates:duplicate-row 51, treasure_enablers:duplicate-row 3, treasure_enablers:no-entity-handle 66
#   contexts with NO polarity rule (-> unknown, never guessed): !EventFlag 1, ? 6, EventFlag 1, GotoIf 2, if 1
# ACCEPTANCE (SPEC §7, asserted on the finished pipeline by name):
#   [ok] f400191 Golden Seed / Stormhill Shack -- 3 triggers in ONE alt_group with semantics=any (separate call sites of one common event); found gates [3708, 3709, 1041389414] in 1 group(s), semantics ['any']
#   [ok] f400191 polarity -- every trigger is a POSITIVE prerequisite (commonarg/WaitFor); senses ['set']
#   [ok] f1039537050 Gelmir enabler -- a CONJUNCTION, not alternatives -- three `&&` conjuncts of one WaitFor must read semantics=all; got ['all']
#   [ok] f400001 Rold Medallion (Melina handover) -- the easy end of the graph: 1 ESD-gift edge(s)
#   [ok] f65660 <- 11007992 -- the EndIf INVERSION -- `EndIf(EventFlag(X))` ends the event when X is SET, so the award below needs X CLEAR; reading it the naive way mints a false prerequisite. senses ['clear']
#   [ok] f400470 <- 1047419201 -- the ESD gate_sense=1 mapping -- Great-Jar's Arsenal is handed over behind a SET flag; if the 1/0 mapping inverts, this is the fixture that says so. senses ['set']
#   [ok] f580600 <- 9146 (treasure enabler) -- the one known real cross-region prerequisite; senses ['set']
#   [ok] f510110 Fortissax -- ABSENT BY CONSTRUCTION -- no award-site corpus can see an arena-existence gate; absence here is the BLIND SPOT, never evidence of safety (SPEC §5)
source_flag	target_flag	sense	evidence	tool	source_label	source_label_ja	label_source	label_setters	basis	alt_group	group_semantics	source_kind	source_region	source_locator	target_region	cross_region	target_ap_id	target_name
11059206	9500	set	$InitializeCommonEvent(90005750) arg5	lot_gates	NPC112 Gold Masked Seeker_NPC initialization event	NPC112金仮面の探究者_NPC初期化イベント	emevd_event	1	commonarg-positive-by-construction	lot_gates:9500:90005750	single	world	Leyndell	setter_map	Ashen Capital	yes	7770008	Ashen Capital :: Mending Rune of Perfect Order - around Elden Throne, may be sweep-granted by Godfrey, First Elden Lord (m11_05) [f9500]
4131	9502	set	$InitializeCommonEvent(90005750) arg5	lot_gates	NPC322 Yuria_Character state transition	NPC322ユリア_キャラ状態遷移	emevd_event	4	commonarg-positive-by-construction	lot_gates:9502:90005750	single	world			Deeproot Depths	unknown	7770009	Deeproot Depths :: Mending Rune of the Death-Prince - near Prince of Death's Throne, may be sweep-granted by Crucible Knight Siluria (m12_03) [f9502]
1042369408	60110	unknown	talk 106006000 gate_sense=0 lot 103900	esd_gifts	set by NPC talk 106006000 on m60_00_00_00		esd_talk	1	esd-paths-disagree	esd_gifts:60110:106006000	unknown	npc_state	Limgrave	flag_decode	Limgrave	no	7770012	Limgrave :: Spirit Calling Bell - from Twin Maiden Husks [f60110]
1042369413	60110	set	$InitializeCommonEvent(90005750) arg5	lot_gates	NPC106_Rani_Disappears from the church	NPC106_ラニ_教会から消える	emevd_event	2	commonarg-positive-by-construction	lot_gates:60110:90005750	single	world	Limgrave	flag_decode	Limgrave	no	7770012	Limgrave :: Spirit Calling Bell - from Twin Maiden Husks [f60110]
11102180	60300	set	$InitializeCommonEvent(90005792) arg1	lot_gates					commonarg-positive-by-construction	lot_gates:60300:90005792	single	world			Roundtable Hold	unknown	7770017	Roundtable Hold :: Taunter's Tongue - around Table of Lost Grace [f60300]
11109370	60500	unknown	talk 102001110 gate_sense=0 lot 101100	esd_gifts	set by NPC talk 102001110 on m11_10_00_00		esd_talk	1	esd-received-memo	esd_gifts:60500:102001110	single	npc_state	Roundtable Hold	esd_talk_map	Roundtable Hold	no	7770025	Roundtable Hold :: Talisman Pouch - from Twin Maiden Husks [f60500]
1039522181	65270	set	$InitializeCommonEvent(90005792) arg1	lot_gates					commonarg-positive-by-construction	lot_gates:65270:90005792	single	world			Altus	unknown	7770039	Altus :: Purifying Crystal Tear - m60_39_52 (region unconfirmed), may be sweep-granted by Sanguine Noble (m60_40_53) [f65270]
11007992	65660	clear	002696, Restart, function() { EndIf(EventFlag(11007992)); Wai	lot_gates					endif-bailout-inverts	lot_gates:65660:11002696	single	check	Leyndell	flag_decode	Leyndell	no	7770043	Leyndell :: Sanctified Whetblade - near Fortified Manor, First Floor, may be sweep-granted by Morgott, the Omen King (m11_00) [f65660]
110	68210	clear	talk 324001110 gate_sense=0 lot 102840	esd_gifts	Natural disaster_Melina goes up in flames	天変地異_メリナ炎上	emevd_event	1	esd-walk-gate-sense	esd_gifts:68210:324001110	unknown	world			Roundtable Hold	unknown	7770135	Roundtable Hold :: Fevor's Cookbook [3] - from Twin Maiden Husks [f68210]
11109662	68210	unknown	talk 324001110 gate_sense=1 lot 102840	esd_gifts	set by NPC talk 324001110 on m11_10_00_00		esd_talk	1	esd-received-memo	esd_gifts:68210:324001110	unknown	npc_state	Roundtable Hold	esd_talk_map	Roundtable Hold	no	7770135	Roundtable Hold :: Fevor's Cookbook [3] - from Twin Maiden Husks [f68210]
108	400001	clear	talk 3000 gate_sense=0 lot 100010	esd_gifts	Receiving crazy fire	狂い火の受領	emevd_event	1	esd-walk-gate-sense	esd_gifts:400001:3000	single	world			Leyndell	unknown	7770556	Leyndell :: Rold Medallion - talk to Melina after killing Morgott [f400001]
10009305	400020	unknown	talk 304001000 gate_sense=1 lot 100200	esd_gifts	set by NPC talk 304001000 on m10_00_00_00		esd_talk	1	esd-received-memo	esd_gifts:400020:304001000	single	npc_state			Stormveil	unknown	7773703	Stormveil :: Neutralizing Boluses - around Castleward Tunnel [f400020]
1035449216	400031	unknown	talk 301006000 gate_sense=0 lot 100310	esd_gifts	set by NPC talk 301006000 on m60_00_00_00		esd_talk	1	esd-received-memo	esd_gifts:400031:301006000	single	npc_state			Liurnia	unknown	7770557	Liurnia :: Lord of Blood's Favor - m10_01 (1) [f400031]
1035449226	400032	unknown	talk 301006000 gate_sense=0 lot 100320	esd_gifts	set by NPC talk 301006000 on m60_00_00_00		esd_talk	1	esd-received-memo	esd_gifts:400032:301006000	single	npc_state			Liurnia	unknown	7773704	Liurnia :: Pureblood Knight's Medal [f400032]
3383	400033	unknown	EndIf(EventFlag(400033)); EndIf(EventFlag(3383)); Wai	lot_gates	NPC310 Castle Lord's Daughter_Character state transition	NPC310城主の娘_キャラ状態遷移	emevd_event	3	lot_gates-senses-disagree	lot_gates:400033:3051	unknown	world	Liurnia	setter_map	Liurnia	no	7770558	Liurnia :: Lord of Blood's Favor - m10_01 (2) [f400033]
400031	400033	set	EndIf(EventFlag(400033)); EndIf(!EventFlag(400031)); Wai	lot_gates					endif-negated-bailout	lot_gates:400033:10010791	single	check			Liurnia	unknown	7770558	Liurnia :: Lord of Blood's Favor - m10_01 (2) [f400033]
400031	400033	set	EndIf(EventFlag(400033)); EndIf(!EventFlag(400031)); Wai	lot_gates					endif-negated-bailout	lot_gates:400033:1037493700	single	check			Liurnia	unknown	7770558	Liurnia :: Lord of Blood's Favor - m10_01 (2) [f400033]
400031	400033	set	EndIf(EventFlag(3383)); WaitFor(EventFlag(400031) && EventF	lot_gates					waitfor-blocks-until-set	lot_gates:400033:3051	unknown	check			Liurnia	unknown	7770558	Liurnia :: Lord of Blood's Favor - m10_01 (2) [f400033]
35009209	400033	clear	ventFlag(400031) && EventFlag(3383) && !EventFlag(35009209)); End	lot_gates	set by NPC talk 310003500 on m35_00_00_00		esd_talk	2	waitfor-negated	lot_gates:400033:3051	unknown	npc_state	Leyndell	test_map	Liurnia	yes	7770558	Liurnia :: Lord of Blood's Favor - m10_01 (2) [f400033]
12059166	400037	set	$InitializeCommonEvent(90005750) arg5	lot_gates	set by NPC talk 301101205 on m12_05_00_00		esd_talk	1	commonarg-positive-by-construction	lot_gates:400037:90005750	single	npc_state			Mohgwyn	unknown	7770560	Mohgwyn :: Varre's Bouquet - around Palace Approach Ledge-Road, may be sweep-granted by Mohg, Lord of Blood (m12_05) [f400037]
10009360	400050	unknown	talk 302001000 gate_sense=0 lot 100500	esd_gifts	set by NPC talk 302001000 on m10_00_00_00		esd_talk	7	esd-received-memo	esd_gifts:400050:302001000	single	npc_state			Limgrave	unknown	7770561	Limgrave :: Grace Mimic - around Waypoint Ruins Cellar, may be sweep-granted by Mad Pumpkin Head (m60_44_36) [f400050]
10009360	400050	unknown	talk 302011000 gate_sense=0 lot 100500	esd_gifts	set by NPC talk 302001000 on m10_00_00_00		esd_talk	7	esd-received-memo	esd_gifts:400050:302011000	single	npc_state			Limgrave	unknown	7770561	Limgrave :: Grace Mimic - around Waypoint Ruins Cellar, may be sweep-granted by Mad Pumpkin Head (m60_44_36) [f400050]
10009360	400050	unknown	talk 302021000 gate_sense=0 lot 100500	esd_gifts	set by NPC talk 302001000 on m10_00_00_00		esd_talk	7	esd-received-memo	esd_gifts:400050:302021000	single	npc_state			Limgrave	unknown	7770561	Limgrave :: Grace Mimic - around Waypoint Ruins Cellar, may be sweep-granted by Mad Pumpkin Head (m60_44_36) [f400050]
10009360	400050	unknown	talk 302031000 gate_sense=0 lot 100500	esd_gifts	set by NPC talk 302001000 on m10_00_00_00		esd_talk	7	esd-received-memo	esd_gifts:400050:302031000	single	npc_state			Limgrave	unknown	7770561	Limgrave :: Grace Mimic - around Waypoint Ruins Cellar, may be sweep-granted by Mad Pumpkin Head (m60_44_36) [f400050]
10009360	400050	unknown	talk 302041000 gate_sense=0 lot 100500	esd_gifts	set by NPC talk 302001000 on m10_00_00_00		esd_talk	7	esd-received-memo	esd_gifts:400050:302041000	single	npc_state			Limgrave	unknown	7770561	Limgrave :: Grace Mimic - around Waypoint Ruins Cellar, may be sweep-granted by Mad Pumpkin Head (m60_44_36) [f400050]
10009360	400050	unknown	talk 302051000 gate_sense=0 lot 100500	esd_gifts	set by NPC talk 302001000 on m10_00_00_00		esd_talk	7	esd-received-memo	esd_gifts:400050:302051000	single	npc_state			Limgrave	unknown	7770561	Limgrave :: Grace Mimic - around Waypoint Ruins Cellar, may be sweep-granted by Mad Pumpkin Head (m60_44_36) [f400050]
10009360	400050	unknown	talk 302061000 gate_sense=0 lot 100500	esd_gifts	set by NPC talk 302001000 on m10_00_00_00		esd_talk	7	esd-received-memo	esd_gifts:400050:302061000	single	npc_state			Limgrave	unknown	7770561	Limgrave :: Grace Mimic - around Waypoint Ruins Cellar, may be sweep-granted by Mad Pumpkin Head (m60_44_36) [f400050]
1033442181	400061	set	$InitializeCommonEvent(90005792) arg1	lot_gates					commonarg-positive-by-construction	lot_gates:400061:90005792	single	world	Liurnia	flag_decode	Liurnia	no	7900005	Liurnia :: Rancorcall - around Revenger's Shack, may be sweep-granted by Erdtree Avatar (m60_33_43) [f400061]
1043319208	400061	set	$InitializeCommonEvent(90005750) arg5	lot_gates	Peninsula Fort Castle Lord_NPC initialization event_Initial state	半島砦の城主_NPC初期化イベント_初期状態	emevd_event	1	commonarg-positive-by-construction	lot_gates:400061:90005750	any	world	Weeping	flag_decode	Liurnia	yes	7900005	Liurnia :: Rancorcall - around Revenger's Shack, may be sweep-granted by Erdtree Avatar (m60_33_43) [f400061]
1045349258	400061	set	$InitializeCommonEvent(90005750) arg5	lot_gates	NPC311 Lord of the Peninsula Fort_NPC initialization event_Daughter's body discovered	NPC311半島砦の城主_NPC初期化イベント_娘の遺体発見	emevd_event	1	commonarg-positive-by-construction	lot_gates:400061:90005750	any	world			Liurnia	unknown	7900005	Liurnia :: Rancorcall - around Revenger's Shack, may be sweep-granted by Erdtree Avatar (m60_33_43) [f400061]
16009215	400070	unknown	talk 300001600 gate_sense=1 lot 100700	esd_gifts	set by NPC talk 300001600 on m16_00_00_00		esd_talk	1	esd-received-memo	esd_gifts:400070:300001600	unknown	npc_state	Mt. Gelmir	esd_talk_map	Altus	yes	7770563	Altus :: Tonic of Forgetfulness - around Road of Iniquity Side Path, may be sweep-granted by Wormface (m60_41_53) [f400070]
16009221	400070	unknown	talk 300001600 gate_sense=1 lot 100700	esd_gifts	set by NPC talk 300001600 on m16_00_00_00		esd_talk	1	esd-received-memo	esd_gifts:400070:300001600	unknown	npc_state	Mt. Gelmir	esd_talk_map	Altus	yes	7770563	Altus :: Tonic of Forgetfulness - around Road of Iniquity Side Path, may be sweep-granted by Wormface (m60_41_53) [f400070]
2048439206	400070	unknown	talk 419002200 gate_sense=1 lot 100700	esd_gifts	set by NPC talk 419002200 on m22_00_00_00		esd_talk	2	esd-received-memo	esd_gifts:400070:419002200	unknown	npc_state	Gravesite	flag_decode	Altus	yes	7770563	Altus :: Tonic of Forgetfulness - around Road of Iniquity Side Path, may be sweep-granted by Wormface (m60_41_53) [f400070]
2048439225	400070	unknown	talk 419002200 gate_sense=1 lot 100700	esd_gifts	set by NPC talk 419002200 on m22_00_00_00		esd_talk	2	esd-received-memo	esd_gifts:400070:419002200	unknown	npc_state	Gravesite	flag_decode	Altus	yes	7770563	Altus :: Tonic of Forgetfulness - around Road of Iniquity Side Path, may be sweep-granted by Wormface (m60_41_53) [f400070]
2048439228	400070	unknown	talk 419002200 gate_sense=1 lot 100700	esd_gifts	set by NPC talk 419002200 on m22_00_00_00		esd_talk	2	esd-received-memo	esd_gifts:400070:419002200	unknown	npc_state	Gravesite	flag_decode	Altus	yes	7770563	Altus :: Tonic of Forgetfulness - around Road of Iniquity Side Path, may be sweep-granted by Wormface (m60_41_53) [f400070]
2048439235	400070	unknown	talk 419002200 gate_sense=1 lot 100700	esd_gifts	set by NPC talk 419002200 on m22_00_00_00		esd_talk	2	esd-received-memo	esd_gifts:400070:419002200	unknown	npc_state	Gravesite	flag_decode	Altus	yes	7770563	Altus :: Tonic of Forgetfulness - around Road of Iniquity Side Path, may be sweep-granted by Wormface (m60_41_53) [f400070]
16009266	400071	set	$InitializeCommonEvent(90005750) arg5	lot_gates	NPC300 Mistress of the Volcano Hall_Items appear after defeating the escort	NPC300火山館の女主人_護衛撃破後アイテム出現	emevd_event	1	commonarg-positive-by-construction	lot_gates:400071:90005750	single	world	Mt. Gelmir	setter_map	Mt. Gelmir	no	7900006	Mt. Gelmir :: Consort's Robe - around Volcano Manor, may be sweep-granted by Abductor Virgin (Swinging Sickle) (m16_00) [f400071]
16009208	400072	unknown	talk 300001600 gate_sense=0 lot 100720	esd_gifts	set by NPC talk 300001600 on m16_00_00_00		esd_talk	1	esd-received-memo	esd_gifts:400072:300001600	single	npc_state	Mt. Gelmir	esd_talk_map	Mt. Gelmir	no	7770565	Mt. Gelmir :: Drawing-Room Key - Talk to Tanith [f400072]
16009270	400072	set	$InitializeCommonEvent(90005750) arg5	lot_gates					commonarg-positive-by-construction	lot_gates:400072:90005750	single	world			Mt. Gelmir	unknown	7770565	Mt. Gelmir :: Drawing-Room Key - Talk to Tanith [f400072]
16009208	400073	set	$InitializeCommonEvent(90005750) arg5	lot_gates	set by NPC talk 300001600 on m16_00_00_00		esd_talk	1	commonarg-positive-by-construction	lot_gates:400073:90005750	single	npc_state			Mt. Gelmir	unknown	7770566	Mt. Gelmir :: Letter from Volcano Manor - around Volcano Manor (1), may be sweep-granted by Abductor Virgin (Swinging Sickle) (m16_00) [f400073]
16009216	400074	set	$InitializeCommonEvent(90005750) arg5	lot_gates	set by NPC talk 300001600 on m16_00_00_00		esd_talk	1	commonarg-positive-by-construction	lot_gates:400074:90005750	single	npc_state			Mt. Gelmir	unknown	7770567	Mt. Gelmir :: Letter from Volcano Manor - around Volcano Manor (2), may be sweep-granted by Rykard, Lord of Blasphemy (m16_00) [f400074]
16009217	400075	set	$InitializeCommonEvent(90005750) arg5	lot_gates	set by NPC talk 300001600 on m16_00_00_00		esd_talk	1	commonarg-positive-by-construction	lot_gates:400075:90005750	single	npc_state			Mt. Gelmir	unknown	7770568	Mt. Gelmir :: Red Letter - around Volcano Manor, may be sweep-granted by Godskin Noble (m16_00) [f400075]
16009215	400076	unknown	talk 300001600 gate_sense=1 lot 100760	esd_gifts	set by NPC talk 300001600 on m16_00_00_00		esd_talk	1	esd-received-memo	esd_gifts:400076:300001600	single	npc_state	Mt. Gelmir	esd_talk_map	Mt. Gelmir	no	7770569	Mt. Gelmir :: [Sorcery] Magma Shot - around Volcano Manor, may be sweep-granted by Abductor Virgin (Swinging Sickle) (m16_00) [f400076]
16009267	400076	set	$InitializeCommonEvent(90005750) arg5	lot_gates	NPC300 Mistress of the Volcano Hall_Respond after defeating Rykard without completing the request.	NPC300火山館の女主人_依頼未達成でライカード撃破後対応	emevd_event	1	commonarg-positive-by-construction	lot_gates:400076:90005750	single	world	Mt. Gelmir	setter_map	Mt. Gelmir	no	7770569	Mt. Gelmir :: [Sorcery] Magma Shot - around Volcano Manor, may be sweep-granted by Abductor Virgin (Swinging Sickle) (m16_00) [f400076]
16009215	400077	unknown	talk 300001600 gate_sense=1 lot 100770	esd_gifts	set by NPC talk 300001600 on m16_00_00_00		esd_talk	1	esd-received-memo	esd_gifts:400077:300001600	single	npc_state	Mt. Gelmir	esd_talk_map	Mt. Gelmir	no	7770570	Mt. Gelmir :: Serpentbone Blade - around Volcano Manor, may be sweep-granted by Rykard, Lord of Blasphemy (m16_00) [f400077]
16009268	400077	set	$InitializeCommonEvent(90005750) arg5	lot_gates	NPC300 Mistress of the Volcano Hall_Respond after defeating Rykard without completing the request.	NPC300火山館の女主人_依頼未達成でライカード撃破後対応	emevd_event	1	commonarg-positive-by-construction	lot_gates:400077:90005750	single	world	Mt. Gelmir	setter_map	Mt. Gelmir	no	7770570	Mt. Gelmir :: Serpentbone Blade - around Volcano Manor, may be sweep-granted by Rykard, Lord of Blasphemy (m16_00) [f400077]
16009237	400078	unknown	talk 300001600 gate_sense=0 lot 100780	esd_gifts	set by NPC talk 300001600 on m16_00_00_00		esd_talk	1	esd-received-memo	esd_gifts:400078:300001600	single	npc_state	Mt. Gelmir	esd_talk_map	Mt. Gelmir	no	7770571	Mt. Gelmir :: Taker's Cameo - around Volcano Manor, may be sweep-granted by Godskin Noble (m16_00) [f400078]
16009269	400078	set	$InitializeCommonEvent(90005750) arg5	lot_gates	NPC300 Mistress of the Volcano Hall_Respond after defeating Rykard without completing the request.	NPC300火山館の女主人_依頼未達成でライカード撃破後対応	emevd_event	1	commonarg-positive-by-construction	lot_gates:400078:90005750	single	world	Mt. Gelmir	setter_map	Mt. Gelmir	no	7770571	Mt. Gelmir :: Taker's Cameo - around Volcano Manor, may be sweep-granted by Godskin Noble (m16_00) [f400078]
1045349207	400080	unknown	talk 310003500 gate_sense=0 lot 100800	esd_gifts	set by NPC talk 310003500 on m35_00_00_00		esd_talk	2	esd-received-memo	esd_gifts:400080:310003500	single	npc_state	Leyndell	esd_talk_map	Weeping	yes	7773707	Weeping :: Irina's Letter - m60_45_34 (region unconfirmed), may be sweep-granted by Night's Cavalry (m60_44_32) [f400080]
1045349207	400080	unknown	talk 310006000 gate_sense=0 lot 100800	esd_gifts	set by NPC talk 310003500 on m35_00_00_00		esd_talk	2	esd-received-memo	esd_gifts:400080:310006000	single	npc_state	Leyndell	esd_talk_map	Weeping	yes	7773707	Weeping :: Irina's Letter - m60_45_34 (region unconfirmed), may be sweep-granted by Night's Cavalry (m60_44_32) [f400080]
35009211	400089	set	$InitializeCommonEvent(90005750) arg5	lot_gates	NPC310 Castle Lord's Daughter_Item light appearance timing adjustment	NPC310城主の娘_アイテム光出現タイミング調整	emevd_event	1	commonarg-positive-by-construction	lot_gates:400089:90005750	single	world	Leyndell	setter_map	Leyndell	no	7770572	Leyndell :: Frenzied Flame Seal - around Underground Roadside, may be sweep-granted by Mohg, the Omen (m35_00) [f400089]
1037429210	400090	unknown	talk 313001600 gate_sense=0 lot 100900	esd_gifts	set by NPC talk 313001600 on m16_00_00_00		esd_talk	2	esd-received-memo	esd_gifts:400090:313001600	single	npc_state	Liurnia	flag_decode	Mt. Gelmir	yes	7773708	Mt. Gelmir :: Volcano Manor Invitation - around Volcano Manor, may be sweep-granted by Rykard, Lord of Blasphemy (m16_00) [f400090]
1037429210	400090	unknown	talk 313006000 gate_sense=0 lot 100900	esd_gifts	set by NPC talk 313001600 on m16_00_00_00		esd_talk	2	esd-received-memo	esd_gifts:400090:313006000	single	npc_state	Liurnia	flag_decode	Mt. Gelmir	yes	7773708	Mt. Gelmir :: Volcano Manor Invitation - around Volcano Manor, may be sweep-granted by Rykard, Lord of Blasphemy (m16_00) [f400090]
16009337	400091	set	$InitializeCommonEvent(90005750) arg5	lot_gates	NPC313 Volcano Hall Recruiter_ Flag to leave items behind	NPC313火山館の勧誘者_アイテムを残して立ち去るフラグ立て	emevd_event	1	commonarg-positive-by-construction	lot_gates:400091:90005750	any	world	Mt. Gelmir	setter_map	Mt. Gelmir	no	7900007	Mt. Gelmir :: Daedicar's Woe - around Volcano Manor, may be sweep-granted by Rykard, Lord of Blasphemy (m16_00) [f400091]
16009338	400091	set	$InitializeCommonEvent(90005750) arg5	lot_gates	NPC313 Volcano Hall Recruiter_ Flag to leave items behind	NPC313火山館の勧誘者_アイテムを残して立ち去るフラグ立て	emevd_event	1	commonarg-positive-by-construction	lot_gates:400091:90005750	any	world	Mt. Gelmir	setter_map	Mt. Gelmir	no	7900007	Mt. Gelmir :: Daedicar's Woe - around Volcano Manor, may be sweep-granted by Rykard, Lord of Blasphemy (m16_00) [f400091]
14009266	400101	unknown	talk 316206000 gate_sense=0 lot 101010	esd_gifts	set by NPC talk 316206000 on m60_00_00_00		esd_talk	2	esd-received-memo	esd_gifts:400101:316206000	single	npc_state	Raya Lucaria Academy	esd_talk_map	Raya Lucaria Academy	no	7773709	Raya Lucaria Academy :: Glintstone Kris - around Church of the Cuckoo, may be sweep-granted by Red Wolf of Radagon (m14_00) [f400101]
14009266	400101	unknown	talk 316211400 gate_sense=0 lot 101010	esd_gifts	set by NPC talk 316206000 on m60_00_00_00		esd_talk	2	esd-received-memo	esd_gifts:400101:316211400	single	npc_state	Raya Lucaria Academy	esd_talk_map	Raya Lucaria Academy	no	7773709	Raya Lucaria Academy :: Glintstone Kris - around Church of the Cuckoo, may be sweep-granted by Red Wolf of Radagon (m14_00) [f400101]
14009259	400103	unknown	talk 316206000 gate_sense=1 lot 101030	esd_gifts	set by NPC talk 316206000 on m60_00_00_00		esd_talk	2	esd-received-memo	esd_gifts:400103:316206000	single	npc_state	Raya Lucaria Academy	esd_talk_map	Raya Lucaria Academy	no	7773710	Raya Lucaria Academy :: Starlight Shards - around Church of the Cuckoo, may be sweep-granted by Rennala, Queen of the Full Moon (m14_00) [f400103]
14009259	400103	unknown	talk 316211400 gate_sense=1 lot 101030	esd_gifts	set by NPC talk 316206000 on m60_00_00_00		esd_talk	2	esd-received-memo	esd_gifts:400103:316211400	single	npc_state	Raya Lucaria Academy	esd_talk_map	Raya Lucaria Academy	no	7773710	Raya Lucaria Academy :: Starlight Shards - around Church of the Cuckoo, may be sweep-granted by Rennala, Queen of the Full Moon (m14_00) [f400103]
1044369219	400103	unknown	talk 316006000 gate_sense=1 lot 101030	esd_gifts	set by NPC talk 316006000 on m60_00_00_00		esd_talk	1	esd-received-memo	esd_gifts:400103:316006000	single	npc_state	Limgrave	flag_decode	Raya Lucaria Academy	yes	7773710	Raya Lucaria Academy :: Starlight Shards - around Church of the Cuckoo, may be sweep-granted by Rennala, Queen of the Full Moon (m14_00) [f400103]
7608	400106	set	106)); WaitFor(ElapsedSeconds(2) && EventFlag(7608)); Awa	lot_gates					waitfor-blocks-until-set	lot_gates:400106:14000731	single	world			Raya Lucaria Academy	unknown	7770574	Raya Lucaria Academy :: Sellen's Bell Bearing - Table of Lost Grace, may be sweep-granted by Rennala, Queen of the Full Moon (m14_00) [f400106]
3469	400107	set	$InitializeCommonEvent(90005750) arg5	lot_gates	NPC316 Academy Female Magician_Character state transition	NPC316学院の女魔術師_キャラ状態遷移	emevd_event	2	commonarg-positive-by-construction	lot_gates:400107:90005750	single	world	Weeping	test_map	Raya Lucaria Academy	yes	7770575	Raya Lucaria Academy :: Witch's Glintstone Crown - around Church of the Cuckoo, may be sweep-granted by Red Wolf of Radagon (m14_00) [f400107]
1035429209	400130	unknown	talk 219006000 gate_sense=0 lot 101300	esd_gifts	set by NPC talk 219006000 on m60_00_00_00		esd_talk	1	esd-received-memo	esd_gifts:400130:219006000	single	npc_state	Liurnia	flag_decode	Liurnia	no	7773711	Liurnia :: Haligtree Secret Medallion (Right) - Kill albinauric disguised as pot (or, talk to him) [f400130]
3569	400148	set	$InitializeCommonEvent(90005750) arg5	lot_gates	NPC307 Puppeteer_Character state transition	NPC307傀儡師_キャラ状態遷移	emevd_event	2	commonarg-positive-by-construction	lot_gates:400148:90005750	single	world			Liurnia	unknown	7900011	Liurnia :: Preceptor's Trousers - near Royal Moongazing Grounds, may be sweep-granted by Glintstone Dragon Adula (m60_34_50) [f400148]
1035509215	400149	set	$InitializeCommonEvent(90005750) arg5	lot_gates	NPC307 Puppeteer_Character state transition	NPC307傀儡師_キャラ状態遷移	emevd_event	1	commonarg-positive-by-construction	lot_gates:400149:90005750	any	world	Liurnia	flag_decode	Liurnia	no	7770577	Liurnia :: Pidia's Bell Bearing - near Royal Moongazing Grounds, may be sweep-granted by Royal Knight Loretta (m60_35_50) [f400149]
1035509216	400149	set	$InitializeCommonEvent(90005750) arg5	lot_gates	NPC307 Puppeteer_Character state transition	NPC307傀儡師_キャラ状態遷移	emevd_event	1	commonarg-positive-by-construction	lot_gates:400149:90005750	any	world	Liurnia	flag_decode	Liurnia	no	7770577	Liurnia :: Pidia's Bell Bearing - near Royal Moongazing Grounds, may be sweep-granted by Royal Knight Loretta (m60_35_50) [f400149]
12012716	400159	clear	)); WaitFor(EventFlag(12019280) && !EventFlag(12012716)); Rem	lot_gates	NPC106 Rani_Shadow Head Death Monitor	NPC106ラニ_影狼頭死亡監視	emevd_event	1	waitfor-negated	lot_gates:400159:3050	unknown	npc_state	Ainsel River	setter_map	Ainsel River	no	7773713	Ainsel River :: Discarded Palace Key [f400159]
12019280	400159	set	EndIf(EventFlag(400159)); WaitFor(EventFlag(12019280) && !Event	lot_gates	NPC106 Rani_Shadow Head Death Monitor	NPC106ラニ_影狼頭死亡監視	emevd_event	1	waitfor-blocks-until-set	lot_gates:400159:3050	unknown	world	Ainsel River	setter_map	Ainsel River	no	7773713	Ainsel River :: Discarded Palace Key [f400159]
1039529205	400163	set	$InitializeCommonEvent(90005750) arg5	lot_gates	set by NPC talk 318001110 on m11_10_00_00		esd_talk	2	commonarg-positive-by-construction	lot_gates:400163:90005750	single	npc_state			Altus	unknown	7770578	Altus :: [Sorcery] Tibia's Summons - m60_39_52 (region unconfirmed), may be sweep-granted by Black Knife Assassin (m60_40_52) [f400163]
3671	400174	set	dIf(!PlayerIsInOwnWorld()); WaitFor(EventFlag(3671) && EventF	lot_gates	NPC220 Tsubo Meyer_Character state transition	NPC220壺マイヤー_キャラ状態遷移	emevd_event	2	waitfor-blocks-until-set	lot_gates:400174:13003711	unknown	world			Farum Azula	unknown	7900018	Farum Azula :: Alexander's Innards - around Crumbling Beast Grave, may be sweep-granted by Dragonlord Placidusax (m13_00) [f400174]
13009254	400174	set	$InitializeCommonEvent(90005750) arg5	lot_gates	Tsubomayer_The Last Battle	壺マイヤー_最後の戦い	emevd_event	1	commonarg-positive-by-construction	lot_gates:400174:90005750	single	world	Farum Azula	setter_map	Farum Azula	no	7900018	Farum Azula :: Alexander's Innards - around Crumbling Beast Grave, may be sweep-granted by Dragonlord Placidusax (m13_00) [f400174]
13009256	400174	set	orld()); WaitFor(EventFlag(3671) && EventFlag(13009256)); Set	lot_gates	set by NPC talk 220001300 on m13_00_00_00		esd_talk	5	waitfor-blocks-until-set	lot_gates:400174:13003711	unknown	npc_state			Farum Azula	unknown	7900018	Farum Azula :: Alexander's Innards - around Crumbling Beast Grave, may be sweep-granted by Dragonlord Placidusax (m13_00) [f400174]
13009257	400174	unknown	flagHp &= EventFlag(13009258) && !EventFlag(13009257);	lot_gates	set by NPC talk 220001300 on m13_00_00_00		esd_talk	5	context-branch-unresolved	lot_gates:400174:13003711	unknown	npc_state			Farum Azula	unknown	7900018	Farum Azula :: Alexander's Innards - around Crumbling Beast Grave, may be sweep-granted by Dragonlord Placidusax (m13_00) [f400174]
13009258	400174	unknown	GotoIf(L2, flagHp); flag &= EventFlag(13009258) && EventF	lot_gates	set by NPC talk 220001300 on m13_00_00_00		esd_talk	5	context-branch-unresolved	lot_gates:400174:13003711	unknown	npc_state			Farum Azula	unknown	7900018	Farum Azula :: Alexander's Innards - around Crumbling Beast Grave, may be sweep-granted by Dragonlord Placidusax (m13_00) [f400174]
13009260	400174	unknown	lity(chrEntityId); WaitFor( EventFlag(13009260)	lot_gates	set by NPC talk 220001300 on m13_00_00_00		esd_talk	5	context-branch-unresolved	lot_gates:400174:13003711	unknown	npc_state			Farum Azula	unknown	7900018	Farum Azula :: Alexander's Innards - around Crumbling Beast Grave, may be sweep-granted by Dragonlord Placidusax (m13_00) [f400174]
16000800	400180	clear	talk 309001600 gate_sense=0 lot 101800	esd_gifts	Defeat the Ghoul King	グールの王撃破	emevd_event	1	esd-walk-gate-sense	esd_gifts:400180:309001600	single	world			Mt. Gelmir	unknown	7770581	Mt. Gelmir :: Letter to Patches - around Volcano Manor, may be sweep-granted by Rykard, Lord of Blasphemy (m16_00) [f400180]
16000800	400180	clear	talk 309003100 gate_sense=0 lot 101800	esd_gifts	Defeat the Ghoul King	グールの王撃破	emevd_event	1	esd-walk-gate-sense	esd_gifts:400180:309003100	single	world			Mt. Gelmir	unknown	7770581	Mt. Gelmir :: Letter to Patches - around Volcano Manor, may be sweep-granted by Rykard, Lord of Blasphemy (m16_00) [f400180]
16000800	400180	clear	talk 309006000 gate_sense=0 lot 101800	esd_gifts	Defeat the Ghoul King	グールの王撃破	emevd_event	1	esd-walk-gate-sense	esd_gifts:400180:309006000	single	world			Mt. Gelmir	unknown	7770581	Mt. Gelmir :: Letter to Patches - around Volcano Manor, may be sweep-granted by Rykard, Lord of Blasphemy (m16_00) [f400180]
3683	400183	clear	on() { EndIf(EventFlag(31000800) || EventFlag(3683) || EventF	lot_gates	NPC309_Head of the Thief_When defeating Rykard_Event status check	NPC309_盗賊の頭_ライカード撃破時_イベント状態チェック	emevd_event	13	endif-bailout-inverts	lot_gates:400183:31002800	unknown	world	Mt. Gelmir	setter_map	Limgrave	yes	7770582	Limgrave :: Golden Rune [1] - Murkwater Cave [f400183]
3683	400183	clear	on() { EndIf(EventFlag(31000800) || EventFlag(3683) || EventF	lot_gates	NPC309_Head of the Thief_When defeating Rykard_Event status check	NPC309_盗賊の頭_ライカード撃破時_イベント状態チェック	emevd_event	13	endif-bailout-inverts	lot_gates:400183:31002811	unknown	world	Mt. Gelmir	setter_map	Limgrave	yes	7770582	Limgrave :: Golden Rune [1] - Murkwater Cave [f400183]
3691	400183	clear	entFlag(31000800) || EventFlag(3683) || EventFlag(3691)); Wai	lot_gates	NPC309 Thief Head_Character state transition	NPC309盗賊の頭_キャラ状態遷移	emevd_event	2	endif-bailout-inverts	lot_gates:400183:31002800	unknown	world	Mt. Gelmir	test_map	Limgrave	yes	7770582	Limgrave :: Golden Rune [1] - Murkwater Cave [f400183]
3691	400183	clear	entFlag(31000800) || EventFlag(3683) || EventFlag(3691)); Wai	lot_gates	NPC309 Thief Head_Character state transition	NPC309盗賊の頭_キャラ状態遷移	emevd_event	2	endif-bailout-inverts	lot_gates:400183:31002811	unknown	world	Mt. Gelmir	test_map	Limgrave	yes	7770582	Limgrave :: Golden Rune [1] - Murkwater Cave [f400183]
31000800	400183	unknown	asSpEffect(10000, 9646)) || EventFlag(31000800));	lot_gates	Defeat the boss	ボス撃破	emevd_event	3	context-branch-unresolved	lot_gates:400183:31002800	unknown	world	Limgrave	setter_map	Limgrave	no	7770582	Limgrave :: Golden Rune [1] - Murkwater Cave [f400183]
31000800	400183	unknown	002811, Restart, function() { EndIf(EventFlag(31000800) || EventF	lot_gates	Defeat the boss	ボス撃破	emevd_event	3	lot_gates-senses-disagree	lot_gates:400183:31002811	unknown	world	Limgrave	setter_map	Limgrave	no	7770582	Limgrave :: Golden Rune [1] - Murkwater Cave [f400183]
31009810	400183	set	(3683) || EventFlag(3691)); WaitFor(EventFlag(31009810)); Set	lot_gates	NPC309_Head of the thieves_Before the start of the first battle_Hostile flag ON	NPC309_盗賊の頭_初戦開始前_敵対フラグON	emevd_event	2	waitfor-blocks-until-set	lot_gates:400183:31002811	unknown	world	Limgrave	setter_map	Limgrave	no	7770582	Limgrave :: Golden Rune [1] - Murkwater Cave [f400183]
3708	400190	set	talk 320001110 gate_sense=1 lot 101900	esd_gifts	NPC320 Farnese_Character state transition	NPC320ファルネーゼ_キャラ状態遷移	emevd_event	2	esd-walk-gate-sense	esd_gifts:400190:320001110	unknown	world			Limgrave	unknown	7773715	Limgrave :: Spirit Jellyfish Ashes [f400190]
3708	400190	set	talk 320006000 gate_sense=1 lot 101900	esd_gifts	NPC320 Farnese_Character state transition	NPC320ファルネーゼ_キャラ状態遷移	emevd_event	2	esd-walk-gate-sense	esd_gifts:400190:320006000	unknown	world			Limgrave	unknown	7773715	Limgrave :: Spirit Jellyfish Ashes [f400190]
1041389407	400190	unknown	talk 320001110 gate_sense=1 lot 101900	esd_gifts	set by NPC talk 320001110 on m11_10_00_00		esd_talk	2	esd-received-memo	esd_gifts:400190:320001110	unknown	npc_state	Limgrave	flag_decode	Limgrave	no	7773715	Limgrave :: Spirit Jellyfish Ashes [f400190]
1041389407	400190	unknown	talk 320006000 gate_sense=1 lot 101900	esd_gifts	set by NPC talk 320001110 on m11_10_00_00		esd_talk	2	esd-received-memo	esd_gifts:400190:320006000	unknown	npc_state	Limgrave	flag_decode	Limgrave	no	7773715	Limgrave :: Spirit Jellyfish Ashes [f400190]
3707	400191	set	talk 320001110 gate_sense=1 lot 101910	esd_gifts	NPC320 Farnese_Character state transition	NPC320ファルネーゼ_キャラ状態遷移	emevd_event	2	esd-walk-gate-sense	esd_gifts:400191:320001110	single	world			Limgrave	unknown	7770583	Limgrave :: Golden Seed - Roderika leaves this behind after she goes to Roundtable, which is triggered by entering Liurnia, may be sweep-granted by Deathbird (m60_42_38) [f400191]
3707	400191	set	talk 320006000 gate_sense=1 lot 101910	esd_gifts	NPC320 Farnese_Character state transition	NPC320ファルネーゼ_キャラ状態遷移	emevd_event	2	esd-walk-gate-sense	esd_gifts:400191:320006000	single	world			Limgrave	unknown	7770583	Limgrave :: Golden Seed - Roderika leaves this behind after she goes to Roundtable, which is triggered by entering Liurnia, may be sweep-granted by Deathbird (m60_42_38) [f400191]
3708	400191	set	$InitializeCommonEvent(90005750) arg5	lot_gates	NPC320 Farnese_Character state transition	NPC320ファルネーゼ_キャラ状態遷移	emevd_event	2	commonarg-positive-by-construction	lot_gates:400191:90005750	any	world	Roundtable Hold	test_map	Limgrave	yes	7770583	Limgrave :: Golden Seed - Roderika leaves this behind after she goes to Roundtable, which is triggered by entering Liurnia, may be sweep-granted by Deathbird (m60_42_38) [f400191]
3709	400191	set	$InitializeCommonEvent(90005750) arg5	lot_gates	NPC320 Farnese_Character state transition	NPC320ファルネーゼ_キャラ状態遷移	emevd_event	2	commonarg-positive-by-construction	lot_gates:400191:90005750	any	world	Roundtable Hold	test_map	Limgrave	yes	7770583	Limgrave :: Golden Seed - Roderika leaves this behind after she goes to Roundtable, which is triggered by entering Liurnia, may be sweep-granted by Deathbird (m60_42_38) [f400191]
1041389414	400191	set	$InitializeCommonEvent(90005750) arg5	lot_gates	NPC320 Farnese_NPC initialization event_initial state	NPC320ファルネーゼ_NPC初期化イベント_初期状態	emevd_event	1	commonarg-positive-by-construction	lot_gates:400191:90005750	any	world	Limgrave	flag_decode	Limgrave	no	7770583	Limgrave :: Golden Seed - Roderika leaves this behind after she goes to Roundtable, which is triggered by entering Liurnia, may be sweep-granted by Deathbird (m60_42_38) [f400191]
1045389220	400221	unknown	talk 321001000 gate_sense=1 lot 102200	esd_gifts	set by NPC talk 321001000 on m10_00_00_00		esd_talk	2	esd-received-memo	esd_gifts:400221:321001000	single	npc_state			Stormveil	unknown	7773718	Stormveil :: Erdsteel Dagger - around Castleward Tunnel, may be sweep-granted by Margit, the Fell Omen (m10_00) [f400221]
1045389220	400221	unknown	talk 321006000 gate_sense=1 lot 102200	esd_gifts	set by NPC talk 321001000 on m10_00_00_00		esd_talk	2	esd-received-memo	esd_gifts:400221:321006000	single	npc_state			Stormveil	unknown	7773718	Stormveil :: Erdsteel Dagger - around Castleward Tunnel, may be sweep-granted by Margit, the Fell Omen (m10_00) [f400221]
3647	400230	set	talk 202006000 gate_sense=1 lot 102310	esd_gifts	NPC202 Marikes_Character state transition	NPC202マリケス_キャラ状態遷移	emevd_event	2	esd-walk-gate-sense	esd_gifts:400230:202006000	single	world			Caelid	unknown	7773719	Caelid :: Ancient Dragon Smithing Stone [f400230]
3647	400235	clear	talk 202006000 gate_sense=0 lot 102300	esd_gifts	NPC202 Marikes_Character state transition	NPC202マリケス_キャラ状態遷移	emevd_event	2	esd-walk-gate-sense	esd_gifts:400235:202006000	single	world			Caelid	unknown	7773724	Caelid :: Ash of War: Beast's Roar [f400235]
3768	400240	set	$InitializeCommonEvent(90005750) arg5	lot_gates	NPC224 Grandpa_Character state transition	NPC224爺や_キャラ状態遷移	emevd_event	2	commonarg-positive-by-construction	lot_gates:400240:90005750	single	world			Liurnia	unknown	7770585	Liurnia :: Iji's Bell Bearing - around Road to the Manor, may be sweep-granted by Royal Revenant (m60_34_48) [f400240]
11009210	400260	unknown	talk 337001100 gate_sense=0 lot 102600	esd_gifts	set by NPC talk 337001100 on m11_00_00_00		esd_talk	1	esd-received-memo	esd_gifts:400260:337001100	single	npc_state	Leyndell	esd_talk_map	Caelid	yes	7773729	Caelid :: Glowstone - around Caelem Ruins [f400260]
11109698	400281	set	talk 324001100 gate_sense=1 lot 102810	esd_gifts	set by NPC talk 324001110 on m11_10_00_00		esd_talk	1	esd-walk-gate-sense	esd_gifts:400281:324001100	single	npc_state	Roundtable Hold	esd_talk_map	Leyndell	yes	7770587	Leyndell :: Scepter of the All-Knowing [f400281]
110	400282	clear	talk 324001110 gate_sense=0 lot 102820	esd_gifts	Natural disaster_Melina goes up in flames	天変地異_メリナ炎上	emevd_event	1	esd-walk-gate-sense	esd_gifts:400282:324001110	unknown	world			Roundtable Hold	unknown	7900020	Roundtable Hold :: All-Knowing Helm - around Table of Lost Grace [f400282]
11109662	400282	unknown	talk 324001110 gate_sense=1 lot 102820	esd_gifts	set by NPC talk 324001110 on m11_10_00_00		esd_talk	1	esd-received-memo	esd_gifts:400282:324001110	unknown	npc_state	Roundtable Hold	esd_talk_map	Roundtable Hold	no	7900020	Roundtable Hold :: All-Knowing Helm - around Table of Lost Grace [f400282]
110	400283	clear	talk 324001110 gate_sense=0 lot 102830	esd_gifts	Natural disaster_Melina goes up in flames	天変地異_メリナ炎上	emevd_event	1	esd-walk-gate-sense	esd_gifts:400283:324001110	unknown	world			Roundtable Hold	unknown	7900021	Roundtable Hold :: All-Knowing Armor - around Table of Lost Grace [f400283]
11109662	400283	unknown	talk 324001110 gate_sense=1 lot 102830	esd_gifts	set by NPC talk 324001110 on m11_10_00_00		esd_talk	1	esd-received-memo	esd_gifts:400283:324001110	unknown	npc_state	Roundtable Hold	esd_talk_map	Roundtable Hold	no	7900021	Roundtable Hold :: All-Knowing Armor - around Table of Lost Grace [f400283]
11109550	400285	unknown	talk 324001110 gate_sense=0 lot 102850	esd_gifts	set by NPC talk 324001110 on m11_10_00_00		esd_talk	1	esd-received-memo	esd_gifts:400285:324001110	single	npc_state	Roundtable Hold	esd_talk_map	Roundtable Hold	no	7900022	Roundtable Hold :: All-Knowing Greaves - around Table of Lost Grace [f400285]
16009460	400290	unknown	talk 326001600 gate_sense=0 lot 102900	esd_gifts	set by NPC talk 326001600 on m16_00_00_00		esd_talk	2	esd-received-memo	esd_gifts:400290:326001600	single	npc_state	Mt. Gelmir	esd_talk_map	Mt. Gelmir	no	7770592	Mt. Gelmir :: Letter to Bernahl - around Volcano Manor, may be sweep-granted by Godskin Noble (m16_00) [f400290]
16009460	400290	unknown	talk 326006000 gate_sense=0 lot 102900	esd_gifts	set by NPC talk 326001600 on m16_00_00_00		esd_talk	2	esd-received-memo	esd_gifts:400290:326006000	single	npc_state	Mt. Gelmir	esd_talk_map	Mt. Gelmir	no	7770592	Mt. Gelmir :: Letter to Bernahl - around Volcano Manor, may be sweep-granted by Godskin Noble (m16_00) [f400290]
16009460	400291	unknown	talk 326001600 gate_sense=0 lot 102910	esd_gifts	set by NPC talk 326001600 on m16_00_00_00		esd_talk	2	esd-received-memo	esd_gifts:400291:326001600	single	npc_state	Mt. Gelmir	esd_talk_map	Mt. Gelmir	no	7770593	Mt. Gelmir :: [Sorcery] Gelmir's Fury - around Volcano Manor, may be sweep-granted by Abductor Virgin (Swinging Sickle) (m16_00) [f400291]
16009460	400291	unknown	talk 326006000 gate_sense=0 lot 102910	esd_gifts	set by NPC talk 326001600 on m16_00_00_00		esd_talk	2	esd-received-memo	esd_gifts:400291:326006000	single	npc_state	Mt. Gelmir	esd_talk_map	Mt. Gelmir	no	7770593	Mt. Gelmir :: [Sorcery] Gelmir's Fury - around Volcano Manor, may be sweep-granted by Abductor Virgin (Swinging Sickle) (m16_00) [f400291]
16009463	400291	set	$InitializeCommonEvent(90005750) arg5	lot_gates	NPC326 Volcano Pavilion's Strongest Knight_ Flag to leave and leave items behind	NPC326火山館最強の騎士_アイテムを残して立ち去るフラグ立て	emevd_event	1	commonarg-positive-by-construction	lot_gates:400291:90005750	single	world	Mt. Gelmir	setter_map	Mt. Gelmir	no	7770593	Mt. Gelmir :: [Sorcery] Gelmir's Fury - around Volcano Manor, may be sweep-granted by Abductor Virgin (Swinging Sickle) (m16_00) [f400291]
13002181	400292	set	$InitializeCommonEvent(90005792) arg1	lot_gates					commonarg-positive-by-construction	lot_gates:400292:90005792	single	world			Farum Azula	unknown	7770594	Farum Azula :: Blasphemous Claw - around Crumbling Beast Grave, may be sweep-granted by Maliketh, the Black Blade (m13_00) [f400292]
1044529272	400308	set	$InitializeCommonEvent(90005750) arg5	lot_gates	NPC331 Rogue_Killed by a shit eater_Item light appearance flag set	NPC331ならず者_糞喰いに殺された_アイテム光出現フラグ立て	emevd_event	2	commonarg-positive-by-construction	lot_gates:400308:90005750	any	world			Altus	unknown	7770596	Altus :: Seedbed Curse - m60_44_52 (region unconfirmed), may be sweep-granted by Draconic Tree Sentinel (m60_45_52) [f400308]
1050389210	400310	unknown	talk 349006000 gate_sense=0 lot 103100	esd_gifts	set by NPC talk 349006000 on m60_00_00_00		esd_talk	1	esd-received-memo	esd_gifts:400310:349006000	single	npc_state	Caelid	flag_decode	Caelid	no	7773731	Caelid :: Unalloyed Gold Needle - around Caelem Ruins [f400310]
1050389207	400311	unknown	talk 349006000 gate_sense=0 lot 103110	esd_gifts	set by NPC talk 349006000 on m60_00_00_00		esd_talk	1	esd-received-memo	esd_gifts:400311:349006000	single	npc_state	Caelid	flag_decode	Caelid	no	7773732	Caelid :: Sellia's Secret - around Caelem Ruins [f400311]
7611	400312	set	$InitializeCommonEvent(90005750) arg5	lot_gates					commonarg-positive-by-construction	lot_gates:400312:90005750	any	world	Haligtree	test_map	Caelid	yes	7900025	Caelid :: Gowry's Bell Bearing - around Church of the Plague, may be sweep-granted by Night's Cavalry (m60_49_37) [f400312]
1050389238	400312	set	$InitializeCommonEvent(90005750) arg5	lot_gates	NPC349 Rotten elder_corpse display	NPC349腐敗長老_死体表示	emevd_event	1	commonarg-positive-by-construction	lot_gates:400312:90005750	any	world	Caelid	flag_decode	Caelid	no	7900025	Caelid :: Gowry's Bell Bearing - around Church of the Plague, may be sweep-granted by Night's Cavalry (m60_49_37) [f400312]
1050389257	400320	unknown	talk 348001500 gate_sense=0 lot 103200	esd_gifts	set by NPC talk 348001500 on m15_00_00_00		esd_talk	2	esd-received-memo	esd_gifts:400320:348001500	single	npc_state	Caelid	flag_decode	Haligtree	yes	7770598	Haligtree :: Prosthesis-Wearer Heirloom [f400320]
1050389257	400320	unknown	talk 348006000 gate_sense=0 lot 103200	esd_gifts	set by NPC talk 348001500 on m15_00_00_00		esd_talk	2	esd-received-memo	esd_gifts:400320:348006000	single	npc_state	Caelid	flag_decode	Haligtree	yes	7770598	Haligtree :: Prosthesis-Wearer Heirloom [f400320]
4192	400321	set	$InitializeCommonEvent(90005750) arg5	lot_gates	NPC348 Marenia's Daughter_Character state transition	NPC348マレニアの娘_キャラ状態遷移	emevd_event	2	commonarg-positive-by-construction	lot_gates:400321:90005750	single	world			Haligtree	unknown	7770599	Haligtree :: Unalloyed Gold Needle - around Prayer Room, may be sweep-granted by Malenia, Blade of Miquella (m15_00) [f400321]
7611	400323	set	323)); WaitFor(ElapsedSeconds(2) && EventFlag(7611)); Awa	lot_gates					waitfor-blocks-until-set	lot_gates:400323:15000714	single	world			Haligtree	unknown	7770600	Haligtree :: Millicent's Prosthesis - around Prayer Room, may be sweep-granted by Loretta, Knight of the Haligtree (m15_00) [f400323]
7611	400323	set	$InitializeCommonEvent(90005774) arg0	lot_gates					commonarg-positive-by-construction	lot_gates:400323:90005774	single	world			Haligtree	unknown	7770600	Haligtree :: Millicent's Prosthesis - around Prayer Room, may be sweep-granted by Loretta, Knight of the Haligtree (m15_00) [f400323]
15009212	400324	unknown	&& !EventFlag(400324) && EventFlag(15009212)	lot_gates	NPC203 Marenia_Flower	NPC203マレニア_花化	emevd_event	1	context-branch-unresolved	lot_gates:400324:15000713	single	world	Haligtree	setter_map	Haligtree	no	7770601	Haligtree :: Miquella's Needle - around Prayer Room, may be sweep-granted by Malenia, Blade of Miquella (m15_00) [f400324]
12039162	400339	set	$InitializeCommonEvent(90005750) arg5	lot_gates	NPC322 Yuria_Character state transition	NPC322ユリア_キャラ状態遷移	emevd_event	1	commonarg-positive-by-construction	lot_gates:400339:90005750	single	world			Deeproot Depths	unknown	7900026	Deeproot Depths :: Fia's Robe - around Root-Facing Cliffs, may be sweep-granted by Crucible Knight Siluria (m12_03) [f400339]
4067	400348	set	$InitializeCommonEvent(90005750) arg5	lot_gates	NPC319 Danny_Character state transition	NPC319ダニー_キャラ状態遷移	emevd_event	2	commonarg-positive-by-construction	lot_gates:400348:90005750	single	world			Deeproot Depths	unknown	7900030	Deeproot Depths :: Twinned Greaves - around Root-Facing Cliffs, may be sweep-granted by Fia's Champion (m12_03) [f400348]
4048	400349	set	$InitializeCommonEvent(90005750) arg5	lot_gates	NPC322 Yuria_Character state transition	NPC322ユリア_キャラ状態遷移	emevd_event	3	commonarg-positive-by-construction	lot_gates:400349:90005750	single	world	Siofra River	test_map	Roundtable Hold	yes	7900034	Roundtable Hold :: Twinned Greaves - around Table of Lost Grace [f400349]
11109505	400357	unknown	talk 325001000 gate_sense=1 lot 103510	esd_gifts	set by NPC talk 325001000 on m10_00_00_00		esd_talk	2	esd-received-memo	esd_gifts:400357:325001000	single	npc_state	Roundtable Hold	esd_talk_map	Leyndell	yes	7770607	Leyndell :: Black Knifeprint [f400357]
11109505	400357	unknown	talk 325001110 gate_sense=1 lot 103510	esd_gifts	set by NPC talk 325001000 on m10_00_00_00		esd_talk	2	esd-received-memo	esd_gifts:400357:325001110	single	npc_state	Roundtable Hold	esd_talk_map	Leyndell	yes	7770607	Leyndell :: Black Knifeprint [f400357]
10009606	400358	unknown	talk 325001000 gate_sense=0 lot 103500	esd_gifts	set by NPC talk 325001000 on m10_00_00_00		esd_talk	2	esd-paths-disagree	esd_gifts:400358:325001000	unknown	npc_state	Roundtable Hold	esd_talk_map	Roundtable Hold	no	7770608	Roundtable Hold :: [Sorcery] Explosive Ghostflame - around Table of Lost Grace [f400358]
10009606	400358	unknown	talk 325001110 gate_sense=0 lot 103500	esd_gifts	set by NPC talk 325001000 on m10_00_00_00		esd_talk	2	esd-paths-disagree	esd_gifts:400358:325001110	unknown	npc_state	Roundtable Hold	esd_talk_map	Roundtable Hold	no	7770608	Roundtable Hold :: [Sorcery] Explosive Ghostflame - around Table of Lost Grace [f400358]
10009616	400358	unknown	talk 325001000 gate_sense=1 lot 103500	esd_gifts	set by NPC talk 325001000 on m10_00_00_00		esd_talk	2	esd-received-memo	esd_gifts:400358:325001000	unknown	npc_state	Roundtable Hold	esd_talk_map	Roundtable Hold	no	7770608	Roundtable Hold :: [Sorcery] Explosive Ghostflame - around Table of Lost Grace [f400358]
10009616	400358	unknown	talk 325001110 gate_sense=1 lot 103500	esd_gifts	set by NPC talk 325001000 on m10_00_00_00		esd_talk	2	esd-received-memo	esd_gifts:400358:325001110	unknown	npc_state	Roundtable Hold	esd_talk_map	Roundtable Hold	no	7770608	Roundtable Hold :: [Sorcery] Explosive Ghostflame - around Table of Lost Grace [f400358]
11109505	400358	unknown	talk 325001000 gate_sense=1 lot 103500	esd_gifts	set by NPC talk 325001000 on m10_00_00_00		esd_talk	2	esd-received-memo	esd_gifts:400358:325001000	unknown	npc_state	Roundtable Hold	esd_talk_map	Roundtable Hold	no	7770608	Roundtable Hold :: [Sorcery] Explosive Ghostflame - around Table of Lost Grace [f400358]
11109505	400358	unknown	talk 325001110 gate_sense=1 lot 103500	esd_gifts	set by NPC talk 325001000 on m10_00_00_00		esd_talk	2	esd-received-memo	esd_gifts:400358:325001110	unknown	npc_state	Roundtable Hold	esd_talk_map	Roundtable Hold	no	7770608	Roundtable Hold :: [Sorcery] Explosive Ghostflame - around Table of Lost Grace [f400358]
11109530	400358	unknown	talk 325001000 gate_sense=1 lot 103500	esd_gifts	set by NPC talk 325001000 on m10_00_00_00		esd_talk	2	esd-received-memo	esd_gifts:400358:325001000	unknown	npc_state	Roundtable Hold	esd_talk_map	Roundtable Hold	no	7770608	Roundtable Hold :: [Sorcery] Explosive Ghostflame - around Table of Lost Grace [f400358]
11109530	400358	unknown	talk 325001110 gate_sense=1 lot 103500	esd_gifts	set by NPC talk 325001000 on m10_00_00_00		esd_talk	2	esd-received-memo	esd_gifts:400358:325001110	unknown	npc_state	Roundtable Hold	esd_talk_map	Roundtable Hold	no	7770608	Roundtable Hold :: [Sorcery] Explosive Ghostflame - around Table of Lost Grace [f400358]
400359	400358	set	$InitializeCommonEvent(90005750) arg5	lot_gates					commonarg-positive-by-construction	lot_gates:400358:90005750	single	check			Roundtable Hold	unknown	7770608	Roundtable Hold :: [Sorcery] Explosive Ghostflame - around Table of Lost Grace [f400358]
3909	400359	set	$InitializeCommonEvent(90005750) arg5	lot_gates	NPC325 Roger_Character state transition	NPC325ロジェール_キャラ状態遷移	emevd_event	2	commonarg-positive-by-construction	lot_gates:400359:90005750	single	world			Roundtable Hold	unknown	7900038	Roundtable Hold :: Spellblade's Trousers - around Table of Lost Grace [f400359]
3806	400360	set	$InitializeCommonEvent(90005750) arg5	lot_gates	NPC333 Pyroxene magician who cannot return_Character state transition	NPC333戻れない輝石魔術師_キャラ状態遷移	emevd_event	2	commonarg-positive-by-construction	lot_gates:400360:90005750	single	world			Raya Lucaria Academy	unknown	7770610	Raya Lucaria Academy :: Thops's Bell Bearing - around Church of the Cuckoo, may be sweep-granted by Rennala, Queen of the Full Moon (m14_00) [f400360]
11109957	400380	unknown	talk 323001110 gate_sense=0 lot 103800	esd_gifts	set by NPC talk 323001110 on m11_10_00_00		esd_talk	1	esd-received-memo	esd_gifts:400380:323001110	single	npc_state	Roundtable Hold	esd_talk_map	Roundtable Hold	no	7773735	Roundtable Hold :: Sewer-Gaol Key - around Table of Lost Grace (region unconfirmed) [f400380]
35009337	400381	set	$InitializeCommonEvent(90005750) arg5	lot_gates	NPC323 Shit-eater_Attack and kill	NPC323糞喰い_攻撃殺害	emevd_event	1	commonarg-positive-by-construction	lot_gates:400381:90005750	single	world	Leyndell	setter_map	Leyndell	no	7770613	Leyndell :: Sword of Milos - around Underground Roadside, may be sweep-granted by Esgar, Priest of Blood (m35_00) [f400381]
1045522181	400381	set	$InitializeCommonEvent(90005792) arg1	lot_gates					commonarg-positive-by-construction	lot_gates:400381:90005792	any	world	Altus	flag_decode	Leyndell	yes	7770613	Leyndell :: Sword of Milos - around Underground Roadside, may be sweep-granted by Esgar, Priest of Blood (m35_00) [f400381]
35009336	400382	set	$InitializeCommonEvent(90005750) arg5	lot_gates	NPC323 Shit Eater_Revisit after using cursed item	NPC323糞喰い_呪いのアイテム使用後に再訪	emevd_event	1	commonarg-positive-by-construction	lot_gates:400382:90005750	single	world	Leyndell	setter_map	Leyndell	no	7900043	Leyndell :: Omen Greaves - around Underground Roadside, may be sweep-granted by Esgar, Priest of Blood (m35_00) [f400382]
1034509421	400391	unknown	talk 106016000 gate_sense=0 lot 103910	esd_gifts	set by NPC talk 106016000 on m60_00_00_00		esd_talk	1	esd-received-memo	esd_gifts:400391:106016000	single	npc_state	Liurnia	flag_decode	Roundtable Hold	yes	7773736	Roundtable Hold :: Carian Inverted Statue (region unconfirmed) [f400391]
1035429255	400393	set	$InitializeCommonEvent(90005750) arg5	lot_gates	NPC106_Rani_Immediately after cutscene_Disappears after conversation	NPC106_ラニ_カットシーン直後_会話後に消える	emevd_event	2	commonarg-positive-by-construction	lot_gates:400393:90005750	single	world	Liurnia	flag_decode	Liurnia	no	7770616	Liurnia :: Dark Moon Greatsword - near Cathedral of Manus Celes, may be sweep-granted by Omenkiller (m60_35_42) [f400393]
1034509430	400394	set	$InitializeCommonEvent(90005750) arg5	lot_gates	NPC106 Rani_Character state transition	NPC106ラニ_キャラ状態遷移	emevd_event	1	commonarg-positive-by-construction	lot_gates:400394:90005750	single	world	Liurnia	flag_decode	Ainsel River	yes	7770617	Ainsel River :: Miniature Ranni - around Dragonkin Soldier of Nokstella, may be sweep-granted by Dragonkin Soldier (m12_01) [f400394]
3371	400400	set	talk 312001400 gate_sense=1 lot 104000	esd_gifts	NPC312 Lord of Plains Fort_Character state transition	NPC312平原砦の領主_キャラ状態遷移	emevd_event	2	esd-walk-gate-sense	esd_gifts:400400:312001400	single	world			Caelid	unknown	7773738	Caelid :: Ancient Dragon Smithing Stone - around Smoldering Church [f400400]
3371	400400	set	talk 312006000 gate_sense=1 lot 104000	esd_gifts	NPC312 Lord of Plains Fort_Character state transition	NPC312平原砦の領主_キャラ状態遷移	emevd_event	2	esd-walk-gate-sense	esd_gifts:400400:312006000	single	world			Caelid	unknown	7773738	Caelid :: Ancient Dragon Smithing Stone - around Smoldering Church [f400400]
3371	400400	set	talk 312026000 gate_sense=1 lot 104000	esd_gifts	NPC312 Lord of Plains Fort_Character state transition	NPC312平原砦の領主_キャラ状態遷移	emevd_event	2	esd-walk-gate-sense	esd_gifts:400400:312026000	single	world			Caelid	unknown	7773738	Caelid :: Ancient Dragon Smithing Stone - around Smoldering Church [f400400]
7609	400401	set	401)); WaitFor(ElapsedSeconds(2) && EventFlag(7609));	lot_gates					waitfor-blocks-until-set	lot_gates:400401:14000712	single	world			Raya Lucaria Academy	unknown	7900046	Raya Lucaria Academy :: Eccentric's Breeches - around Church of the Cuckoo, may be sweep-granted by Rennala, Queen of the Full Moon (m14_00) [f400401]
4103	400410	clear	EndIf(EventFlag(400410)); EndIf(EventFlag(4103)); Wai	lot_gates	NPC330_Atonement Priest_Performing absolution	NPC330_贖罪司祭_免罪実行	emevd_batch	2	endif-bailout-inverts	lot_gates:400410:3052	unknown	world	Liurnia	setter_map	Liurnia	no	7770619	Liurnia :: Latenna the Albinauric - around Slumbering Wolf's Shack, may be sweep-granted by Deathbird (m60_37_42) [f400410]
1036412703	400410	clear	; WaitFor(EventFlag(1036419209) && !EventFlag(1036412703)); Awa	lot_gates	set by NPC talk 228006000 on m60_00_00_00		esd_talk	1	waitfor-negated	lot_gates:400410:3052	unknown	npc_state	Liurnia	flag_decode	Liurnia	no	7770619	Liurnia :: Latenna the Albinauric - around Slumbering Wolf's Shack, may be sweep-granted by Deathbird (m60_37_42) [f400410]
1036419209	400410	set	EndIf(EventFlag(4103)); WaitFor(EventFlag(1036419209) && !Event	lot_gates	set by NPC talk 228006000 on m60_00_00_00		esd_talk	1	waitfor-blocks-until-set	lot_gates:400410:3052	unknown	npc_state	Liurnia	flag_decode	Liurnia	no	7770619	Liurnia :: Latenna the Albinauric - around Slumbering Wolf's Shack, may be sweep-granted by Deathbird (m60_37_42) [f400410]
1036419215	400410	set	$InitializeCommonEvent(90005750) arg5	lot_gates	NPC228 Wolf Rider_NPC initialization event_Initial state	NPC228ウルフライダー_NPC初期化イベント_初期状態	emevd_event	1	commonarg-positive-by-construction	lot_gates:400410:90005750	single	world	Liurnia	flag_decode	Liurnia	no	7770619	Liurnia :: Latenna the Albinauric - around Slumbering Wolf's Shack, may be sweep-granted by Deathbird (m60_37_42) [f400410]
1047589206	400411	unknown	talk 228106000 gate_sense=0 lot 104110	esd_gifts	set by NPC talk 228106000 on m60_00_00_00		esd_talk	1	esd-received-memo	esd_gifts:400411:228106000	single	npc_state	Consecrated Snowfield	flag_decode	Consecrated Snowfield	no	7770620	Consecrated Snowfield :: Somber Ancient Dragon Smithing Stone - around Apostate Derelict, may be sweep-granted by Death Rite Bird (m60_48_57) [f400411]
1047589210	400411	set	$InitializeCommonEvent(90005750) arg5	lot_gates	NPC228 Wolf Rider_Waiting for extinction animation to play	NPC228ウルフライダー_消滅アニメ再生待ち	emevd_event	1	commonarg-positive-by-construction	lot_gates:400411:90005750	single	world	Consecrated Snowfield	flag_decode	Consecrated Snowfield	no	7770620	Consecrated Snowfield :: Somber Ancient Dragon Smithing Stone - around Apostate Derelict, may be sweep-granted by Death Rite Bird (m60_48_57) [f400411]
3829	400460	set	$InitializeCommonEvent(90005750) arg5	lot_gates	NPC226 Living Small Pot_Character state transition	NPC226生きている小壺_キャラ状態遷移	emevd_event	2	commonarg-positive-by-construction	lot_gates:400460:90005750	single	world			Liurnia	unknown	7770623	Liurnia :: Companion Jar - near Jarburg, may be sweep-granted by Tibia Mariner (m60_39_44) [f400460]
1047419201	400470	set	talk 221006000 gate_sense=1 lot 104700	esd_gifts	Giant pot event_raise event end flag	巨大壺イベント_イベント終了フラグを立たせる	emevd_event	1	esd-walk-gate-sense	esd_gifts:400470:221006000	single	world			Caelid	unknown	7770624	Caelid :: Great-Jar's Arsenal - m60_47_41 (region unconfirmed), may be sweep-granted by Putrid Avatar (m60_47_40) [f400470]
7610	400480	set	$InitializeCommonEvent(90005774) arg0	lot_gates					commonarg-positive-by-construction	lot_gates:400480:90005774	single	world			Haligtree	unknown	7770625	Haligtree :: Rotten Winged Sword Insignia - around Prayer Room, may be sweep-granted by Loretta, Knight of the Haligtree (m15_00) [f400480]
11109656	400490	set	$InitializeCommonEvent(90005750) arg5	lot_gates	Dark Round Table Space_Dark Hours	暗黒円卓空間_暗黒時	emevd_event	1	commonarg-positive-by-construction	lot_gates:400490:90005750	single	world	Roundtable Hold	setter_map	Roundtable Hold	no	7900057	Roundtable Hold :: Royal Remains Greaves - around Table of Lost Grace [f400490]
11059305	400500	set	$InitializeCommonEvent(90005750) arg5	lot_gates	NPC112 Golden Masked Seeker_Item Light_Revisited	NPC112金仮面の探究者_アイテム光_再訪	emevd_event	1	commonarg-positive-by-construction	lot_gates:400500:90005750	single	world	Leyndell	setter_map	Ashen Capital	yes	7900059	Ashen Capital :: Gold Waistwrap - around Elden Throne, may be sweep-granted by Sir Gideon Ofnir, the All-Knowing (m11_05) [f400500]
7612	400510	set	$InitializeCommonEvent(90005774) arg0	lot_gates					commonarg-positive-by-construction	lot_gates:400510:90005774	single	world			Altus	unknown	7770628	Altus :: Great Stars - around Bower of Bounty, may be sweep-granted by Sanguine Noble (m60_40_53) [f400510]
4927	400590	set	talk 418001205 gate_sense=1 lot 105900	esd_gifts					esd-walk-gate-sense	esd_gifts:400590:418001205	single	world			Scadu Altus	unknown	7773742	Scadu Altus :: Lacerating Crossed-Tree - around Highroad Cross, may be sweep-granted by Dryleaf Dane (m61_49_44) [f400590]
4927	400590	set	talk 418006100 gate_sense=1 lot 105900	esd_gifts					esd-walk-gate-sense	esd_gifts:400590:418006100	single	world			Scadu Altus	unknown	7773742	Scadu Altus :: Lacerating Crossed-Tree - around Highroad Cross, may be sweep-granted by Dryleaf Dane (m61_49_44) [f400590]
4927	400592	set	talk 418001205 gate_sense=1 lot 105910	esd_gifts					esd-walk-gate-sense	esd_gifts:400592:418001205	single	world			Scadu Altus	unknown	7773743	Scadu Altus :: Retaliatory Crossed-Tree - around Highroad Cross, may be sweep-granted by Ralva the Great Red Bear (m61_49_45) [f400592]
4927	400592	set	talk 418006100 gate_sense=1 lot 105910	esd_gifts					esd-walk-gate-sense	esd_gifts:400592:418006100	single	world			Scadu Altus	unknown	7773743	Scadu Altus :: Retaliatory Crossed-Tree - around Highroad Cross, may be sweep-granted by Ralva the Great Red Bear (m61_49_45) [f400592]
7624	400594	set	$InitializeCommonEvent(90005776) arg1	lot_gates					commonarg-positive-by-construction	lot_gates:400594:90005776	single	world			Scadu Altus	unknown	7770629	Scadu Altus :: Ash of War: Swift Slash - around Shadow Keep Main Gate, may be sweep-granted by Golden Hippopotamus (m21_00) [f400594]
7622	400595	set	$InitializeCommonEvent(90005776) arg1	lot_gates					commonarg-positive-by-construction	lot_gates:400595:90005776	single	world			Shadow Keep	unknown	7770630	Shadow Keep :: Ansbach's Longbow - around Storehouse, First Floor (1), may be sweep-granted by Base Serpent Messmer (m21_01) [f400595]
4448	400598	set	$InitializeCommonEvent(90005750) arg5	lot_gates					commonarg-positive-by-construction	lot_gates:400598:90005750	single	world			Enir Ilim	unknown	7770631	Enir Ilim :: Leda's Armor - near Gate of Divinity, may be sweep-granted by Radahn, Consort of Miquella (m20_01) [f400598]
21019365	400600	unknown	talk 417002101 gate_sense=0 lot 106000	esd_gifts	set by NPC talk 417002101 on m21_01_00_00		esd_talk	2	esd-received-memo	esd_gifts:400600:417002101	single	npc_state	Shadow Keep	esd_talk_map	Enir Ilim	yes	7773745	Enir Ilim :: Golden Lion Shield - m60_49_40 (region unconfirmed) [f400600]
21019365	400600	unknown	talk 417006100 gate_sense=0 lot 106000	esd_gifts	set by NPC talk 417002101 on m21_01_00_00		esd_talk	2	esd-received-memo	esd_gifts:400600:417006100	single	npc_state	Shadow Keep	esd_talk_map	Enir Ilim	yes	7773745	Enir Ilim :: Golden Lion Shield - m60_49_40 (region unconfirmed) [f400600]
4427	400602	set	$InitializeCommonEvent(90005750) arg5	lot_gates					commonarg-positive-by-construction	lot_gates:400602:90005750	any	world			Enir Ilim	unknown	7900063	Enir Ilim :: Freyja's Greaves - near Cleansing Chamber Anteroom, may be sweep-granted by Radahn, Consort of Miquella (m20_01) [f400602]
2046429375	400602	set	$InitializeCommonEvent(90005750) arg5	lot_gates					commonarg-positive-by-construction	lot_gates:400602:90005750	any	world	Gravesite	flag_decode	Enir Ilim	yes	7900063	Enir Ilim :: Freyja's Greaves - near Cleansing Chamber Anteroom, may be sweep-granted by Radahn, Consort of Miquella (m20_01) [f400602]
2046429206	400610	unknown	talk 414002101 gate_sense=0 lot 106100	esd_gifts	set by NPC talk 414002101 on m21_01_00_00		esd_talk	2	esd-received-memo	esd_gifts:400610:414002101	unknown	npc_state	Gravesite	flag_decode	Gravesite	no	7773746	Gravesite :: Cross Map - around Altar South [f400610]
2046429206	400610	unknown	talk 414006100 gate_sense=0 lot 106100	esd_gifts	set by NPC talk 414002101 on m21_01_00_00		esd_talk	2	esd-received-memo	esd_gifts:400610:414006100	unknown	npc_state	Gravesite	flag_decode	Gravesite	no	7773746	Gravesite :: Cross Map - around Altar South [f400610]
2046429210	400610	unknown	talk 414002101 gate_sense=1 lot 106120	esd_gifts	set by NPC talk 414002101 on m21_01_00_00		esd_talk	2	esd-received-memo	esd_gifts:400610:414002101	unknown	npc_state	Gravesite	flag_decode	Gravesite	no	7773746	Gravesite :: Cross Map - around Altar South [f400610]
2046429210	400610	unknown	talk 414006100 gate_sense=1 lot 106120	esd_gifts	set by NPC talk 414002101 on m21_01_00_00		esd_talk	2	esd-received-memo	esd_gifts:400610:414006100	unknown	npc_state	Gravesite	flag_decode	Gravesite	no	7773746	Gravesite :: Cross Map - around Altar South [f400610]
2048459205	400610	unknown	talk 414002101 gate_sense=0 lot 106120	esd_gifts	set by NPC talk 414002101 on m21_01_00_00		esd_talk	2	esd-received-memo	esd_gifts:400610:414002101	unknown	npc_state	Scadu Altus	flag_decode	Gravesite	yes	7773746	Gravesite :: Cross Map - around Altar South [f400610]
2048459205	400610	unknown	talk 414006100 gate_sense=0 lot 106120	esd_gifts	set by NPC talk 414002101 on m21_01_00_00		esd_talk	2	esd-received-memo	esd_gifts:400610:414006100	unknown	npc_state	Scadu Altus	flag_decode	Gravesite	yes	7773746	Gravesite :: Cross Map - around Altar South [f400610]
2046422700	400612	unknown	talk 414002101 gate_sense=1 lot 106110	esd_gifts	set by NPC talk 414002101 on m21_01_00_00		esd_talk	2	esd-received-memo	esd_gifts:400612:414002101	unknown	npc_state	Gravesite	flag_decode	Shadow Keep	yes	7773748	Shadow Keep :: Furnace Visage - around Storehouse, First Floor, may be sweep-granted by Base Serpent Messmer (m21_01) [f400612]
2046422700	400612	unknown	talk 414006100 gate_sense=1 lot 106110	esd_gifts	set by NPC talk 414002101 on m21_01_00_00		esd_talk	2	esd-received-memo	esd_gifts:400612:414006100	unknown	npc_state	Gravesite	flag_decode	Shadow Keep	yes	7773748	Shadow Keep :: Furnace Visage - around Storehouse, First Floor, may be sweep-granted by Base Serpent Messmer (m21_01) [f400612]
2048452700	400612	unknown	talk 414002101 gate_sense=1 lot 106110	esd_gifts	set by NPC talk 414002101 on m21_01_00_00		esd_talk	2	esd-received-memo	esd_gifts:400612:414002101	unknown	npc_state	Scadu Altus	flag_decode	Shadow Keep	yes	7773748	Shadow Keep :: Furnace Visage - around Storehouse, First Floor, may be sweep-granted by Base Serpent Messmer (m21_01) [f400612]
2048452700	400612	unknown	talk 414006100 gate_sense=1 lot 106110	esd_gifts	set by NPC talk 414002101 on m21_01_00_00		esd_talk	2	esd-received-memo	esd_gifts:400612:414006100	unknown	npc_state	Scadu Altus	flag_decode	Shadow Keep	yes	7773748	Shadow Keep :: Furnace Visage - around Storehouse, First Floor, may be sweep-granted by Base Serpent Messmer (m21_01) [f400612]
4370	400614	set	$InitializeCommonEvent(90005750) arg5	lot_gates					commonarg-positive-by-construction	lot_gates:400614:90005750	single	world			Enir Ilim	unknown	7900067	Enir Ilim :: Soiled Loincloth - around Gate of Divinity, may be sweep-granted by Radahn, Consort of Miquella (m20_01) [f400614]
7623	400614	set	$InitializeCommonEvent(90005776) arg1	lot_gates					commonarg-positive-by-construction	lot_gates:400614:90005776	single	world	Scadu Altus	test_map	Enir Ilim	yes	7900067	Enir Ilim :: Soiled Loincloth - around Gate of Divinity, may be sweep-granted by Radahn, Consort of Miquella (m20_01) [f400614]
2044460180	400614	set	$InitializeCommonEvent(90005774) arg0	lot_gates					commonarg-positive-by-construction	lot_gates:400614:90005774	any	world	Ancient Ruins	flag_decode	Enir Ilim	yes	7900067	Enir Ilim :: Soiled Loincloth - around Gate of Divinity, may be sweep-granted by Radahn, Consort of Miquella (m20_01) [f400614]
21019316	400620	unknown	talk 416002101 gate_sense=0 lot 106200	esd_gifts	set by NPC talk 416002101 on m21_01_00_00		esd_talk	1	esd-received-memo	esd_gifts:400620:416002101	unknown	npc_state	Shadow Keep	esd_talk_map	Shadow Keep	no	7770634	Shadow Keep :: Letter for Freyja - around Storehouse, First Floor, may be sweep-granted by Base Serpent Messmer (m21_01) [f400620]
21019317	400620	unknown	talk 416002101 gate_sense=0 lot 106200	esd_gifts	set by NPC talk 416002101 on m21_01_00_00		esd_talk	1	esd-received-memo	esd_gifts:400620:416002101	unknown	npc_state	Shadow Keep	esd_talk_map	Shadow Keep	no	7770634	Shadow Keep :: Letter for Freyja - around Storehouse, First Floor, may be sweep-granted by Base Serpent Messmer (m21_01) [f400620]
21019328	400620	set	$InitializeCommonEvent(90005750) arg5	lot_gates					commonarg-positive-by-construction	lot_gates:400620:90005750	single	world			Shadow Keep	unknown	7770634	Shadow Keep :: Letter for Freyja - around Storehouse, First Floor, may be sweep-granted by Base Serpent Messmer (m21_01) [f400620]
7621	400622	set	$InitializeCommonEvent(90005776) arg1	lot_gates					commonarg-positive-by-construction	lot_gates:400622:90005776	single	world	Scadu Altus	test_map	Shadow Keep	yes	7900070	Shadow Keep :: Ansbach's Boots - around Storehouse, First Floor, may be sweep-granted by Base Serpent Messmer (m21_01) [f400622]
21019331	400622	set	$InitializeCommonEvent(90005750) arg5	lot_gates					commonarg-positive-by-construction	lot_gates:400622:90005750	single	world			Shadow Keep	unknown	7900070	Shadow Keep :: Ansbach's Boots - around Storehouse, First Floor, may be sweep-granted by Base Serpent Messmer (m21_01) [f400622]
4408	400624	set	$InitializeCommonEvent(90005750) arg5	lot_gates					commonarg-positive-by-construction	lot_gates:400624:90005750	single	world			Enir Ilim	unknown	7900075	Enir Ilim :: Furious Blade of Ansbach - near Gate of Divinity, may be sweep-granted by Needle Knight Leda (m20_01) [f400624]
21019332	400625	set	$InitializeCommonEvent(90005750) arg5	lot_gates					commonarg-positive-by-construction	lot_gates:400625:90005750	single	world			Shadow Keep	unknown	7900080	Shadow Keep :: Letter for Freyja - around Storehouse, First Floor, may be sweep-granted by Base Serpent Messmer (m21_01) [f400625]
2048439206	400630	unknown	talk 419006100 gate_sense=1 lot 106300	esd_gifts	set by NPC talk 419002200 on m22_00_00_00		esd_talk	2	esd-received-memo	esd_gifts:400630:419006100	unknown	npc_state	Gravesite	flag_decode	Gravesite	no	7773750	Gravesite :: Thiollier's Concoction [f400630]
2048439207	400630	set	talk 419006100 gate_sense=1 lot 106300	esd_gifts					esd-walk-gate-sense	esd_gifts:400630:419006100	unknown	world	Gravesite	flag_decode	Gravesite	no	7773750	Gravesite :: Thiollier's Concoction [f400630]
2048439225	400630	unknown	talk 419006100 gate_sense=1 lot 106300	esd_gifts	set by NPC talk 419002200 on m22_00_00_00		esd_talk	2	esd-received-memo	esd_gifts:400630:419006100	unknown	npc_state	Gravesite	flag_decode	Gravesite	no	7773750	Gravesite :: Thiollier's Concoction [f400630]
2048439228	400630	unknown	talk 419006100 gate_sense=1 lot 106300	esd_gifts	set by NPC talk 419002200 on m22_00_00_00		esd_talk	2	esd-received-memo	esd_gifts:400630:419006100	unknown	npc_state	Gravesite	flag_decode	Gravesite	no	7773750	Gravesite :: Thiollier's Concoction [f400630]
22000496	400632	set	$InitializeCommonEvent(90005774) arg0	lot_gates					commonarg-positive-by-construction	lot_gates:400632:90005774	single	world	Cerulean	setter_map	Cerulean	no	7770639	Cerulean :: St. Trina's Smile - near Garden of Deep Purple, may be sweep-granted by Putrescent Knight (m22_00) [f400632]
4469	400634	set	$InitializeCommonEvent(90005750) arg5	lot_gates					commonarg-positive-by-construction	lot_gates:400634:90005750	single	world			Enir Ilim	unknown	7900088	Enir Ilim :: Thiollier's Trousers - near Gate of Divinity, may be sweep-granted by Needle Knight Leda (m20_01) [f400634]
4385	400642	set	talk 415006100 gate_sense=1 lot 106410	esd_gifts					esd-walk-gate-sense	esd_gifts:400642:415006100	single	world			Gravesite	unknown	7773752	Gravesite :: Black Syrup [f400642]
4386	400644	set	$InitializeCommonEvent(90005750) arg5	lot_gates					commonarg-positive-by-construction	lot_gates:400644:90005750	any	world			Enir Ilim	unknown	7770641	Enir Ilim :: Moore's Bell Bearing - near Cleansing Chamber Anteroom, may be sweep-granted by Needle Knight Leda (m20_01) [f400644]
4387	400644	set	$InitializeCommonEvent(90005750) arg5	lot_gates					commonarg-positive-by-construction	lot_gates:400644:90005750	any	world			Enir Ilim	unknown	7770641	Enir Ilim :: Moore's Bell Bearing - near Cleansing Chamber Anteroom, may be sweep-granted by Needle Knight Leda (m20_01) [f400644]
2045429280	400644	set	$InitializeCommonEvent(90005750) arg5	lot_gates					commonarg-positive-by-construction	lot_gates:400644:90005750	any	world	Gravesite	flag_decode	Enir Ilim	yes	7770641	Enir Ilim :: Moore's Bell Bearing - near Cleansing Chamber Anteroom, may be sweep-granted by Needle Knight Leda (m20_01) [f400644]
2045410180	400645	set	$InitializeCommonEvent(90005774) arg0	lot_gates					commonarg-positive-by-construction	lot_gates:400645:90005774	any	world	Gravesite	flag_decode	Enir Ilim	yes	7900095	Enir Ilim :: Verdigris Greaves - around Gate of Divinity, may be sweep-granted by Needle Knight Leda (m20_01) [f400645]
2045429297	400645	set	$InitializeCommonEvent(90005774) arg0	lot_gates					commonarg-positive-by-construction	lot_gates:400645:90005774	any	world	Gravesite	flag_decode	Enir Ilim	yes	7900095	Enir Ilim :: Verdigris Greaves - around Gate of Divinity, may be sweep-granted by Needle Knight Leda (m20_01) [f400645]
2047460184	400645	set	$InitializeCommonEvent(90005774) arg0	lot_gates					commonarg-positive-by-construction	lot_gates:400645:90005774	any	world			Enir Ilim	unknown	7900095	Enir Ilim :: Verdigris Greaves - around Gate of Divinity, may be sweep-granted by Needle Knight Leda (m20_01) [f400645]
2048400180	400645	set	$InitializeCommonEvent(90005774) arg0	lot_gates					commonarg-positive-by-construction	lot_gates:400645:90005774	any	world			Enir Ilim	unknown	7900095	Enir Ilim :: Verdigris Greaves - around Gate of Divinity, may be sweep-granted by Needle Knight Leda (m20_01) [f400645]
2048440180	400645	set	$InitializeCommonEvent(90005774) arg0	lot_gates					commonarg-positive-by-construction	lot_gates:400645:90005774	any	world	Ensis	flag_decode	Enir Ilim	yes	7900095	Enir Ilim :: Verdigris Greaves - around Gate of Divinity, may be sweep-granted by Needle Knight Leda (m20_01) [f400645]
2049460180	400645	set	$InitializeCommonEvent(90005774) arg0	lot_gates					commonarg-positive-by-construction	lot_gates:400645:90005774	any	world			Enir Ilim	unknown	7900095	Enir Ilim :: Verdigris Greaves - around Gate of Divinity, may be sweep-granted by Needle Knight Leda (m20_01) [f400645]
2050470180	400645	set	$InitializeCommonEvent(90005774) arg0	lot_gates					commonarg-positive-by-construction	lot_gates:400645:90005774	any	world			Enir Ilim	unknown	7900095	Enir Ilim :: Verdigris Greaves - around Gate of Divinity, may be sweep-granted by Needle Knight Leda (m20_01) [f400645]
2051459220	400660	unknown	talk 420006100 gate_sense=0 lot 106600	esd_gifts	set by NPC talk 420006100 on m61_00_00_00		esd_talk	1	esd-received-memo	esd_gifts:400660:420006100	single	npc_state	Scadu Altus	flag_decode	Scadu Altus	no	7773753	Scadu Altus :: Hole-Laden Necklace [f400660]
2051459208	400661	unknown	talk 420006100 gate_sense=0 lot 106630	esd_gifts	set by NPC talk 420006100 on m61_00_00_00		esd_talk	1	esd-received-memo	esd_gifts:400661:420006100	unknown	npc_state	Scadu Altus	flag_decode	Scadu Altus	no	7900096	Scadu Altus :: Beloved Stardust [f400661]
2051459217	400661	clear	talk 420006100 gate_sense=0 lot 106610	esd_gifts					esd-walk-gate-sense	esd_gifts:400661:420006100	unknown	world	Scadu Altus	flag_decode	Scadu Altus	no	7900096	Scadu Altus :: Beloved Stardust [f400661]
2051459208	400662	unknown	talk 420006100 gate_sense=1 lot 106620	esd_gifts	set by NPC talk 420006100 on m61_00_00_00		esd_talk	1	esd-received-memo	esd_gifts:400662:420006100	single	npc_state	Scadu Altus	flag_decode	Scadu Altus	no	7773755	Scadu Altus :: Ruins Map (3rd) [f400662]
2051450800	400666	set	$InitializeCommonEvent(90005750) arg5	lot_gates					commonarg-positive-by-construction	lot_gates:400666:90005750	single	world	Scadu Altus	flag_decode	Scadu Altus	no	7773757	Scadu Altus :: [Sorcery] Cherishing Fingers - around Recluses' River Upstream, may be sweep-granted by Ralva the Great Red Bear (m61_49_45) [f400666]
2051459742	400671	set	$InitializeCommonEvent(90005750) arg5	lot_gates	set by NPC talk 409006100 on m61_00_00_00		esd_talk	1	commonarg-positive-by-construction	lot_gates:400671:90005750	single	npc_state	Scadu Altus	flag_decode	Scadu Altus	no	7773759	Scadu Altus :: Sword of Night - near Cathedral of Manus Metyr, may be sweep-granted by Rakshasa (m61_51_44) [f400671]
2051450180	400672	set	$InitializeCommonEvent(90005774) arg0	lot_gates					commonarg-positive-by-construction	lot_gates:400672:90005774	single	world	Scadu Altus	flag_decode	Scadu Altus	no	7773760	Scadu Altus :: Claws of Night - near Cathedral of Manus Metyr, may be sweep-granted by Rakshasa (m61_51_44) [f400672]
21009210	400690	unknown	!EventFlag(21009214))); GotoIf(L1, EventFlag(21009210)); Got	lot_gates	set by NPC talk 413002100 on m21_00_00_00		esd_talk	1	context-branch-unresolved	lot_gates:400690:4931	unknown	npc_state			Scadu Altus	unknown	7770643	Scadu Altus :: Fire Knight Queelign - around Shadow Keep Main Gate, may be sweep-granted by Golden Hippopotamus (m21_00) [f400690]
21009211	400690	unknown	1, EventFlag(21009210)); GotoIf(L2, EventFlag(21009211)); End	lot_gates	set by NPC talk 413002100 on m21_00_00_00		esd_talk	1	context-branch-unresolved	lot_gates:400690:4931	unknown	npc_state			Scadu Altus	unknown	7770643	Scadu Altus :: Fire Knight Queelign - around Shadow Keep Main Gate, may be sweep-granted by Golden Hippopotamus (m21_00) [f400690]
21009214	400690	set	)); EndIf(!(EventFlag(21009240) && !EventFlag(21009214))); Go	lot_gates	set by NPC talk 413002100 on m21_00_00_00		esd_talk	1	endif-negated-bailout	lot_gates:400690:4931	unknown	npc_state			Scadu Altus	unknown	7770643	Scadu Altus :: Fire Knight Queelign - around Shadow Keep Main Gate, may be sweep-granted by Golden Hippopotamus (m21_00) [f400690]
21009240	400690	clear	dIf(!PlayerIsInOwnWorld()); EndIf(!(EventFlag(21009240) && !Event	lot_gates	set by NPC talk 413002100 on m21_00_00_00		esd_talk	1	endif-bailout-inverts	lot_gates:400690:4931	unknown	npc_state			Scadu Altus	unknown	7770643	Scadu Altus :: Fire Knight Queelign - around Shadow Keep Main Gate, may be sweep-granted by Golden Hippopotamus (m21_00) [f400690]
21009213	400692	set	$InitializeCommonEvent(90005750) arg5	lot_gates					commonarg-positive-by-construction	lot_gates:400692:90005750	single	world			Scadu Altus	unknown	7770644	Scadu Altus :: Queelign's Greatsword - around Shadow Keep Main Gate, may be sweep-granted by Golden Hippopotamus (m21_00) [f400692]
2049399741	400702	unknown	talk 406006100 gate_sense=0 lot 107020	esd_gifts	set by NPC talk 406006100 on m61_00_00_00		esd_talk	1	esd-received-memo	esd_gifts:400702:406006100	single	npc_state	Jagged Peak	flag_decode	Jagged Peak	no	7773762	Jagged Peak :: [Incantation] Dragonbolt of Florissax [f400702]
2049399729	400704	set	$InitializeCommonEvent(90005750) arg5	lot_gates					commonarg-positive-by-construction	lot_gates:400704:90005750	single	world	Jagged Peak	flag_decode	Jagged Peak	no	7900102	Jagged Peak :: Flowerstone Gavel - near Rest of the Dread Dragon, may be sweep-granted by Jagged Peak Drake (m61_49_41) [f400704]
4267	400710	set	talk 403006100 gate_sense=1 lot 107100	esd_gifts					esd-walk-gate-sense	esd_gifts:400710:403006100	unknown	world			Jagged Peak	unknown	7773764	Jagged Peak :: Igon's Furled Finger - around Foot of the Jagged Peak, may be sweep-granted by Bayle the Dread (m61_54_39) [f400710]
2052409207	400710	unknown	talk 403006100 gate_sense=0 lot 107100	esd_gifts	set by NPC talk 403006100 on m61_00_00_00		esd_talk	1	esd-received-memo	esd_gifts:400710:403006100	unknown	npc_state	Jagged Peak	flag_decode	Jagged Peak	no	7773764	Jagged Peak :: Igon's Furled Finger - around Foot of the Jagged Peak, may be sweep-granted by Bayle the Dread (m61_54_39) [f400710]
2052409211	400712	set	$InitializeCommonEvent(90005750) arg5	lot_gates					commonarg-positive-by-construction	lot_gates:400712:90005750	single	world	Jagged Peak	flag_decode	Jagged Peak	no	7773766	Jagged Peak :: Igon's Greatbow with Ash of War: Igon's Drake Hunt - near Foot of the Jagged Peak, may be sweep-granted by Bayle the Dread (m61_54_39) [f400712]
2052409212	400714	set	$InitializeCommonEvent(90005750) arg5	lot_gates					commonarg-positive-by-construction	lot_gates:400714:90005750	single	world	Jagged Peak	flag_decode	Jagged Peak	no	7900112	Jagged Peak :: Igon's Bell Bearing - near Foot of the Jagged Peak, may be sweep-granted by Bayle the Dread (m61_54_39) [f400714]
20009263	400721	unknown	talk 402002000 gate_sense=0 lot 107211	esd_gifts	set by NPC talk 402002000 on m20_00_00_00		esd_talk	1	esd-received-memo	esd_gifts:400721:402002000	single	npc_state	Belurat	esd_talk_map	Belurat	no	7770648	Belurat :: [Sorcery] Watchful Spirit - around Belurat, Tower Settlement, may be sweep-granted by Divine Beast Dancing Lion (m20_00) [f400721]
20009272	400722	unknown	talk 402002000 gate_sense=0 lot 107220	esd_gifts	set by NPC talk 402002000 on m20_00_00_00		esd_talk	1	esd-received-memo	esd_gifts:400722:402002000	single	npc_state	Belurat	esd_talk_map	Gravesite	yes	7770649	Gravesite :: Gourmet Scorpion Stew [f400722]
20009293	400723	set	$InitializeCommonEvent(90005750) arg5	lot_gates					commonarg-positive-by-construction	lot_gates:400723:90005750	single	world			Belurat	unknown	7770650	Belurat :: Gourmet Scorpion Stew - near Theatre of the Divine Beast, may be sweep-granted by Divine Beast Dancing Lion (m20_00) [f400723]
2049449211	400730	set	$InitializeCommonEvent(90005750) arg5	lot_gates					commonarg-positive-by-construction	lot_gates:400730:90005750	single	world	Scadu Altus	flag_decode	Scadu Altus	no	7773768	Scadu Altus :: Dryleaf Arts with Ash of War: Palm Blast - around Moorth Ruins, may be sweep-granted by Dryleaf Dane (m61_49_44) [f400730]
4566	400732	set	$InitializeCommonEvent(90005750) arg5	lot_gates					commonarg-positive-by-construction	lot_gates:400732:90005750	single	world			Enir Ilim	unknown	7770651	Enir Ilim :: Dane's Footwork - near Gate of Divinity, may be sweep-granted by Needle Knight Leda (m20_01) [f400732]
4286	400740	set	$InitializeCommonEvent(90005750) arg5	lot_gates					commonarg-positive-by-construction	lot_gates:400740:90005750	single	world			Cerulean	unknown	7770652	Cerulean :: St. Trina's Blossom - near Garden of Deep Purple, may be sweep-granted by Putrescent Knight (m22_00) [f400740]
2047440360	530865	clear	442360, Restart, function() { EndIf(EventFlag(2047440360)); Wai	lot_gates					endif-bailout-inverts	lot_gates:530865:2047442360	unknown	world	Gravesite	flag_decode	Gravesite	no	7773873	Gravesite :: Moonrithyll's Knight Sword - around Castle Front, may be sweep-granted by Ghostflame Dragon (m61_45_44) [f530865]
9146	580600	set	EndIf(!PlayerIsInOwnWorld()); ;; EndIf(EventFlag(580600)); ;; WaitFor(EventFlag(580600) || EventFlag(9146)); ;; EndIf(EventFlag(580600)); ;; > WaitFor(EventFlag(580600));	treasure_enablers					enabler-alternation-with-the-checks-own-flag	treasure_enablers:580600:900005580	unknown	world	Shadow Keep	setter_map	Belurat	yes	7770810	Belurat :: Message from Leda - near Scaduview Cross, may be sweep-granted by Divine Beast Dancing Lion (m20_00) [f580600]
7605	11007985	set	$InitializeCommonEvent(90005774) arg0	lot_gates					commonarg-positive-by-construction	lot_gates:11007985:90005774	single	world	Mt. Gelmir	test_map	Leyndell	yes	7900180	Leyndell :: Raging Wolf Greaves - around East Capital Rampart, may be sweep-granted by Morgott, the Omen King (m11_00) [f11007985]
11109656	11107900	set	$InitializeCommonEvent(90005774) arg0	lot_gates	Dark Round Table Space_Dark Hours	暗黒円卓空間_暗黒時	emevd_event	1	commonarg-positive-by-construction	lot_gates:11107900:90005774	single	world	Roundtable Hold	setter_map	Roundtable Hold	no	7771041	Roundtable Hold :: Clinging Bone - around Table of Lost Grace [f11107900]
12010593	12017090	unknown	); WaitFor(PlayerIsInOwnWorld() && !EventFlag(12010593) && InArea	lot_gates	Great poison swamp ruins appearance event 2	大毒沼遺跡出現イベント2	emevd_event	1	treasure-verb-crossproduct	lot_gates:12017090:12012593	unknown	world	Ainsel River	setter_map	Ainsel River	no	7771048	Ainsel River :: Somber Smithing Stone [9] - near Lake of Rot Shoreside, may be sweep-granted by Astel, Naturalborn of the Void (m12_04) [f12017090]
12052412	12057950	set	$InitializeCommonEvent(90005792) arg1	lot_gates					commonarg-positive-by-construction	lot_gates:12057950:90005792	single	world			Mohgwyn	unknown	7900187	Mohgwyn :: War Surgeon Trousers - around Palace Approach Ledge-Road, may be sweep-granted by Mohg, Lord of Blood (m12_05) [f12057950]
15000800	15007990	set	if (EventFlag(15000800)) { ;; > if (!EventFlag(15000801)) { ;; > WaitFor(EventFlag(15002805) && InArea(10000, 15002800)); ;; > if (PlayerIsInOwnWorld()) { ;; > if (PlayerIsInOwnWor	treasure_enablers	Defeat Arbitrator Marenia	調停者マレニア撃破	emevd_event	1	enabler-conjunctive-eventflag-test	treasure_enablers:15007990:15002810	unknown	world			Haligtree	unknown	7771665	Haligtree :: Miquella's Needle - near Malenia, Goddess of Rot, may be sweep-granted by Loretta, Knight of the Haligtree (m15_00) [f15007990]
15002805	15007990	unknown	if (EventFlag(15000800)) { ;; > if (!EventFlag(15000801)) { ;; > WaitFor(EventFlag(15002805) && InArea(10000, 15002800)); ;; > if (PlayerIsInOwnWorld()) { ;; > if (PlayerIsInOwnWor	treasure_enablers					enabler-not-an-eventflag-test-above-the-enable	treasure_enablers:15007990:15002810	unknown	world			Haligtree	unknown	7771665	Haligtree :: Miquella's Needle - near Malenia, Goddess of Rot, may be sweep-granted by Loretta, Knight of the Haligtree (m15_00) [f15007990]
16000800	16007690	clear	, assetEntityId2, entityId) { EndIf(EventFlag(16000800) || !Playe	lot_gates	Defeat the Ghoul King	グールの王撃破	emevd_event	1	endif-bailout-inverts	lot_gates:16007690:16002691	unknown	world	Mt. Gelmir	setter_map	Mt. Gelmir	no	7771715	Mt. Gelmir :: Serpent-Hunter - around Volcano Manor, may be sweep-granted by Rykard, Lord of Blasphemy (m16_00) [f16007690]
16002696	16007690	set	onButtonInArea(9532, assetEntityId2) && EventFlag(16002696)); Del	lot_gates	Storm Ruler derivative weapon possession check	ストームルーラー派生武器所持チェック	emevd_event	1	waitfor-blocks-until-set	lot_gates:16007690:16002691	unknown	world	Mt. Gelmir	setter_map	Mt. Gelmir	no	7771715	Mt. Gelmir :: Serpent-Hunter - around Volcano Manor, may be sweep-granted by Rykard, Lord of Blasphemy (m16_00) [f16007690]
16000850	16007710	unknown	002850, Restart, function() { EndIf(EventFlag(16000850)); Wai	lot_gates	Defeat mid-boss	中ボス撃破	emevd_event	1	treasure-verb-crossproduct	lot_gates:16007710:16002850	single	world	Mt. Gelmir	setter_map	Mt. Gelmir	no	7771717	Mt. Gelmir :: Serpent's Amnion - near Temple of Eiglay, may be sweep-granted by Abductor Virgin (Swinging Sickle) (m16_00) [f16007710]
16000850	16007710	unknown	16002855, Restart, function() { if (EventFlag(16000850)) {	lot_gates	Defeat mid-boss	中ボス撃破	emevd_event	1	treasure-verb-crossproduct	lot_gates:16007710:16002855	unknown	world	Mt. Gelmir	setter_map	Mt. Gelmir	no	7771717	Mt. Gelmir :: Serpent's Amnion - near Temple of Eiglay, may be sweep-granted by Abductor Virgin (Swinging Sickle) (m16_00) [f16007710]
16000851	16007710	unknown	DisableCharacterAI(16000850); if (!EventFlag(16000851)) {	lot_gates	Mid-boss appears	中ボス出現	emevd_event	1	treasure-verb-crossproduct	lot_gates:16007710:16002855	unknown	world	Mt. Gelmir	setter_map	Mt. Gelmir	no	7771717	Mt. Gelmir :: Serpent's Amnion - near Temple of Eiglay, may be sweep-granted by Abductor Virgin (Swinging Sickle) (m16_00) [f16007710]
16002855	16007710	unknown	alse); } else { L1: WaitFor(EventFlag(16002855) && InArea	lot_gates					treasure-verb-crossproduct	lot_gates:16007710:16002855	unknown	world			Mt. Gelmir	unknown	7771717	Mt. Gelmir :: Serpent's Amnion - near Temple of Eiglay, may be sweep-granted by Abductor Virgin (Swinging Sickle) (m16_00) [f16007710]
16002181	16007940	set	$InitializeCommonEvent(90005792) arg1	lot_gates					commonarg-positive-by-construction	lot_gates:16007940:90005792	single	world			Mt. Gelmir	unknown	7771719	Mt. Gelmir :: Ghiza's Wheel - around Volcano Manor, may be sweep-granted by Godskin Noble (m16_00) [f16007940]
16009264	16007950	clear	(chrEntityId, chrEntityId2) { EndIf(EventFlag(16009264)); Wai	lot_gates	NPC230 Mistress Escort_Battle ends	NPC230女主人の護衛_戦闘終了	emevd_event	1	endif-bailout-inverts	lot_gates:16007950:16003706	single	world	Mt. Gelmir	setter_map	Mt. Gelmir	no	7771720	Mt. Gelmir :: [Incantation] Aspects of the Crucible: Breath - around Volcano Manor, may be sweep-granted by Abductor Virgin (Swinging Sickle) (m16_00) [f16007950]
20000544	20007810	unknown	cterFadeOnEnable(20000800); if (EventFlag(20000544)) {	lot_gates					treasure-verb-crossproduct	lot_gates:20007810:20002810	unknown	world			Belurat	unknown	7771809	Belurat :: Divine Beast Head - near Theatre of the Divine Beast, may be sweep-granted by Divine Beast Dancing Lion (m20_00) [f20007810]
20000800	20007810	unknown	asSpEffect(10000, 9646)) || EventFlag(20000800)); Han	lot_gates					treasure-verb-crossproduct	lot_gates:20007810:20002800	unknown	world	Belurat	setter_map	Belurat	no	7771809	Belurat :: Divine Beast Head - near Theatre of the Divine Beast, may be sweep-granted by Divine Beast Dancing Lion (m20_00) [f20007810]
20000800	20007810	unknown	20002810, Restart, function() { if (EventFlag(20000800)) {	lot_gates					treasure-verb-crossproduct	lot_gates:20007810:20002810	unknown	world	Belurat	setter_map	Belurat	no	7771809	Belurat :: Divine Beast Head - near Theatre of the Divine Beast, may be sweep-granted by Divine Beast Dancing Lion (m20_00) [f20007810]
20000801	20007810	unknown	000, TargetType.BluePhantom)); if (!EventFlag(20000801)) {	lot_gates					treasure-verb-crossproduct	lot_gates:20007810:20002810	unknown	world	Belurat	setter_map	Belurat	no	7771809	Belurat :: Divine Beast Head - near Theatre of the Divine Beast, may be sweep-granted by Divine Beast Dancing Lion (m20_00) [f20007810]
20002739	20007810	unknown	layerIsInOwnWorld()) { if (!EventFlag(20002739)) {	lot_gates	set by NPC talk 402002000 on m20_00_00_00		esd_talk	1	treasure-verb-crossproduct	lot_gates:20007810:20002810	unknown	npc_state			Belurat	unknown	7771809	Belurat :: Divine Beast Head - near Theatre of the Divine Beast, may be sweep-granted by Divine Beast Dancing Lion (m20_00) [f20007810]
20002805	20007810	unknown	); } else { WaitFor(EventFlag(20002805) || InArea	lot_gates					treasure-verb-crossproduct	lot_gates:20007810:20002810	unknown	world			Belurat	unknown	7771809	Belurat :: Divine Beast Head - near Theatre of the Divine Beast, may be sweep-granted by Divine Beast Dancing Lion (m20_00) [f20007810]
72112	21017120	unknown	GotoIf(L0, !(EventFlag(21010500) && (EventFlag(72112) || EventF	lot_gates					treasure-verb-crossproduct	lot_gates:21017120:21012500	unknown	world			Shadow Keep	unknown	7771943	Shadow Keep :: Pearldrake Talisman +3 - near Storehouse, Seventh Floor, may be sweep-granted by Base Serpent Messmer (m21_01) [f21017120]
72113	21017120	unknown	tFlag(21010500) && (EventFlag(72112) || EventFlag(72113))));	lot_gates					treasure-verb-crossproduct	lot_gates:21017120:21012500	unknown	world			Shadow Keep	unknown	7771943	Shadow Keep :: Pearldrake Talisman +3 - near Storehouse, Seventh Floor, may be sweep-granted by Base Serpent Messmer (m21_01) [f21017120]
21010500	21017120	unknown	PlayerIsInOwnWorld()); GotoIf(L0, !(EventFlag(21010500) && (Event	lot_gates					treasure-verb-crossproduct	lot_gates:21017120:21012500	unknown	world	Shadow Keep	setter_map	Shadow Keep	no	7771943	Shadow Keep :: Pearldrake Talisman +3 - near Storehouse, Seventh Floor, may be sweep-granted by Base Serpent Messmer (m21_01) [f21017120]
21010501	21017120	unknown	; L1: GotoIf(L0, !EventFlag(21010501)); For	lot_gates					treasure-verb-crossproduct	lot_gates:21017120:21012500	unknown	world	Shadow Keep	setter_map	Shadow Keep	no	7771943	Shadow Keep :: Pearldrake Talisman +3 - near Storehouse, Seventh Floor, may be sweep-granted by Base Serpent Messmer (m21_01) [f21017120]
30090800	30097000	set	if (EventFlag(30090800)) { ;; > WaitFor(PlayerIsInOwnWorld() && EventFlag(30090800) && !ThisEventSlot());	treasure_enablers	Defeat the boss	ボス撃破	emevd_event	1	enabler-conjunctive-eventflag-test	treasure_enablers:30097000:30090790	single	world	Mt. Gelmir	setter_map	Mt. Gelmir	no	7772061	Mt. Gelmir :: Deathroot - near Gelmir Hero's Grave, may be sweep-granted by Red Wolf of the Champion (m30_09) [f30097000]
30100465	30107100	set	EndIf(EventFlag(30107100)); WaitFor(EventFlag(30100465)); End	lot_gates	chariot battle	チャリオット同士討ち	emevd_event	1	waitfor-blocks-until-set	lot_gates:30107100:30102490	single	world	Altus	setter_map	Altus	no	7900209	Altus :: Tree Sentinel Greaves - around Auriza Hero's Grave, may be sweep-granted by Crucible Knight Ordovis (m30_10) [f30107100]
3691	31007010	unknown	1002875, Restart, function() { if (!EventFlag(3691)) {	lot_gates	NPC309 Thief Head_Character state transition	NPC309盗賊の頭_キャラ状態遷移	emevd_event	2	treasure-verb-crossproduct	lot_gates:31007010:31002875	unknown	world	Mt. Gelmir	test_map	Limgrave	yes	7900210	Limgrave :: Cloth Trousers - treasure · Murkwater Cave [f31007010]
31008521	31007010	unknown	EnableAsset(31001521); if (!EventFlag(31008521)) {	lot_gates					treasure-verb-crossproduct	lot_gates:31007010:31002875	unknown	world			Limgrave	unknown	7900210	Limgrave :: Cloth Trousers - treasure · Murkwater Cave [f31007010]
31008523	31007010	unknown	1); EnableAsset(31001523); if (!EventFlag(31008523)) {	lot_gates					treasure-verb-crossproduct	lot_gates:31007010:31002875	unknown	world			Limgrave	unknown	7900210	Limgrave :: Cloth Trousers - treasure · Murkwater Cave [f31007010]
3691	31007030	unknown	1002875, Restart, function() { if (!EventFlag(3691)) {	lot_gates	NPC309 Thief Head_Character state transition	NPC309盗賊の頭_キャラ状態遷移	emevd_event	2	treasure-verb-crossproduct	lot_gates:31007030:31002875	unknown	world	Mt. Gelmir	test_map	Limgrave	yes	7772114	Limgrave :: Glass Shard - treasure · Murkwater Cave [f31007030]
31008521	31007030	unknown	EnableAsset(31001521); if (!EventFlag(31008521)) {	lot_gates					treasure-verb-crossproduct	lot_gates:31007030:31002875	unknown	world			Limgrave	unknown	7772114	Limgrave :: Glass Shard - treasure · Murkwater Cave [f31007030]
31008523	31007030	unknown	1); EnableAsset(31001523); if (!EventFlag(31008523)) {	lot_gates					treasure-verb-crossproduct	lot_gates:31007030:31002875	unknown	world			Limgrave	unknown	7772114	Limgrave :: Glass Shard - treasure · Murkwater Cave [f31007030]
300	35007000	unknown	35002600, Restart, function() { if (EventFlag(300)) {	lot_gates	Natural disaster_World tree in flames	天変地異_世界樹炎上	emevd_event	1	treasure-verb-crossproduct	lot_gates:35007000:35002600	unknown	world			Leyndell	unknown	7772348	Leyndell :: Poisonbone Dart - near Underground Roadside, may be sweep-granted by Esgar, Priest of Blood (m35_00) [f35007000]
35008540	35007000	unknown	If(!PlayerIsInOwnWorld()); if (!EventFlag(35008540)) {	lot_gates	Changes after the World Tree went up in flames	世界樹炎上後の変化	emevd_event	1	treasure-verb-crossproduct	lot_gates:35007000:35002600	unknown	world	Leyndell	setter_map	Leyndell	no	7772348	Leyndell :: Poisonbone Dart - near Underground Roadside, may be sweep-granted by Esgar, Priest of Blood (m35_00) [f35007000]
7606	39207500	set	$InitializeCommonEvent(90005774) arg0	lot_gates					commonarg-positive-by-construction	lot_gates:39207500:90005774	single	world			Liurnia	unknown	7900224	Liurnia :: Bull-Goat Greaves - near Magma Wyrm Makar, may be sweep-granted by Magma Wyrm Makar (m39_20) [f39207500]
1035432220	1035437100	set	$InitializeCommonEvent(90005390) arg1	lot_gates					commonarg-positive-by-construction	lot_gates:1035437100:90005390	single	world	Liurnia	flag_decode	Liurnia	no	7772534	Liurnia :: Larval Tear - around Folly on the Lake, may be sweep-granted by Glintstone Dragon Adula (m60_34_42) [f1035437100]
7607	1035467700	set	$InitializeCommonEvent(90005774) arg0	lot_gates					commonarg-positive-by-construction	lot_gates:1035467700:90005774	single	world			Raya Lucaria Academy	unknown	7772550	Raya Lucaria Academy :: Ash of War: Raptor of the Mists - around Main Academy Gate, may be sweep-granted by Red Wolf of Radagon (m14_00) [f1035467700]
1037492181	1037497300	set	$InitializeCommonEvent(90005792) arg1	lot_gates					commonarg-positive-by-construction	lot_gates:1037497300:90005792	single	world	Liurnia	flag_decode	Liurnia	no	7900238	Liurnia :: Vyke's War Spear - around Church of Inhibition, may be sweep-granted by Erdtree Avatar (m60_38_48) [f1037497300]
1038542410	1038547700	set	$InitializeCommonEvent(90005792) arg1	lot_gates					commonarg-positive-by-construction	lot_gates:1038547700:90005792	single	world	Mt. Gelmir	flag_decode	Mt. Gelmir	no	7772709	Mt. Gelmir :: Sacred Butchering Knife - around First Mt. Gelmir Campsite, may be sweep-granted by Ulcerated Tree Spirit (m60_37_54) [f1038547700]
1039520655	1039537050	set	if (!EventFlag(1039530510)) { ;; WaitFor( EventFlag(1039530655) && EventFlag(1039520655) && EventFlag(1040530655) && !AllPlayersInArea(1039532260));	treasure_enablers	Magician's Tower_Stopping the gimmick device	魔術師の塔_ギミック装置の停止	emevd_event	1	enabler-conjunctive-eventflag-test	treasure_enablers:1039537050:1039532400	all	world			Mt. Gelmir	unknown	7900245	Mt. Gelmir :: Unseen Form - near Bower of Bounty, may be sweep-granted by Ulcerated Tree Spirit (m60_37_54) [f1039537050]
1039530655	1039537050	set	if (!EventFlag(1039530510)) { ;; WaitFor( EventFlag(1039530655) && EventFlag(1039520655) && EventFlag(1040530655) && !AllPlayersInArea(1039532260));	treasure_enablers	Magician's Tower_Stopping the gimmick device	魔術師の塔_ギミック装置の停止	emevd_event	1	enabler-conjunctive-eventflag-test	treasure_enablers:1039537050:1039532400	all	world	Mt. Gelmir	flag_decode	Mt. Gelmir	no	7900245	Mt. Gelmir :: Unseen Form - near Bower of Bounty, may be sweep-granted by Ulcerated Tree Spirit (m60_37_54) [f1039537050]
1040530655	1039537050	set	if (!EventFlag(1039530510)) { ;; WaitFor( EventFlag(1039530655) && EventFlag(1039520655) && EventFlag(1040530655) && !AllPlayersInArea(1039532260));	treasure_enablers	Magician's Tower_Stopping the gimmick device	魔術師の塔_ギミック装置の停止	emevd_event	1	enabler-conjunctive-eventflag-test	treasure_enablers:1039537050:1039532400	all	world	Altus	flag_decode	Mt. Gelmir	yes	7900245	Mt. Gelmir :: Unseen Form - near Bower of Bounty, may be sweep-granted by Ulcerated Tree Spirit (m60_37_54) [f1039537050]
1039520655	1039537060	set	if (!EventFlag(1039530510)) { ;; WaitFor( EventFlag(1039530655) && EventFlag(1039520655) && EventFlag(1040530655) && !AllPlayersInArea(1039532260));	treasure_enablers	Magician's Tower_Stopping the gimmick device	魔術師の塔_ギミック装置の停止	emevd_event	1	enabler-conjunctive-eventflag-test	treasure_enablers:1039537060:1039532400	all	world			Mt. Gelmir	unknown	7772751	Mt. Gelmir :: Slumbering Egg - near Bower of Bounty, may be sweep-granted by Ulcerated Tree Spirit (m60_37_54) [f1039537060]
1039530655	1039537060	set	if (!EventFlag(1039530510)) { ;; WaitFor( EventFlag(1039530655) && EventFlag(1039520655) && EventFlag(1040530655) && !AllPlayersInArea(1039532260));	treasure_enablers	Magician's Tower_Stopping the gimmick device	魔術師の塔_ギミック装置の停止	emevd_event	1	enabler-conjunctive-eventflag-test	treasure_enablers:1039537060:1039532400	all	world	Mt. Gelmir	flag_decode	Mt. Gelmir	no	7772751	Mt. Gelmir :: Slumbering Egg - near Bower of Bounty, may be sweep-granted by Ulcerated Tree Spirit (m60_37_54) [f1039537060]
1040530655	1039537060	set	if (!EventFlag(1039530510)) { ;; WaitFor( EventFlag(1039530655) && EventFlag(1039520655) && EventFlag(1040530655) && !AllPlayersInArea(1039532260));	treasure_enablers	Magician's Tower_Stopping the gimmick device	魔術師の塔_ギミック装置の停止	emevd_event	1	enabler-conjunctive-eventflag-test	treasure_enablers:1039537060:1039532400	all	world	Altus	flag_decode	Mt. Gelmir	yes	7772751	Mt. Gelmir :: Slumbering Egg - near Bower of Bounty, may be sweep-granted by Ulcerated Tree Spirit (m60_37_54) [f1039537060]
7603	1039537700	set	$InitializeCommonEvent(90005774) arg0	lot_gates					commonarg-positive-by-construction	lot_gates:1039537700:90005774	single	world			Mt. Gelmir	unknown	7900246	Mt. Gelmir :: Black-Key Bolt - around Bridge of Iniquity, may be sweep-granted by Demi-Human Queen Maggie (m60_37_53) [f1039537700]
1040403500	1040407000	unknown	if (EventFlag(1040408500)) { ;; > WaitFor( (PlayerIsInOwnWorld() && ObjActEventFlag(1040403500)) || AssetDestroyed(1040401500));	treasure_enablers					enabler-not-an-eventflag-test-above-the-enable	treasure_enablers:1040407000:90005422	unknown	world			Liurnia	unknown	7774286	Liurnia :: Treespear - near Lake-Facing Cliffs (region unconfirmed), may be sweep-granted by Adan, Thief of Fire (m60_38_41) [f1040407000]
1040408500	1040407000	set	if (EventFlag(1040408500)) { ;; > WaitFor( (PlayerIsInOwnWorld() && ObjActEventFlag(1040403500)) || AssetDestroyed(1040401500));	treasure_enablers					enabler-conjunctive-eventflag-test	treasure_enablers:1040407000:90005422	unknown	world			Liurnia	unknown	7774286	Liurnia :: Treespear - near Lake-Facing Cliffs (region unconfirmed), may be sweep-granted by Adan, Thief of Fire (m60_38_41) [f1040407000]
1043379262	1042377700	set	$InitializeCommonEvent(90005774) arg0	lot_gates	NPC318_Host of Chaos_During the battle with Nerius_Switching process	NPC318_混沌の宿主_ネリウス戦中_切り替え処理	emevd_event	1	commonarg-positive-by-construction	lot_gates:1042377700:90005774	single	world	Limgrave	flag_decode	Limgrave	no	7772824	Limgrave :: Reduvia - near Murkwater Cave, may be sweep-granted by Night's Cavalry (m60_43_37) [f1042377700]
7602	1042397500	set	$InitializeCommonEvent(90005774) arg0	lot_gates					commonarg-positive-by-construction	lot_gates:1042397500:90005774	single	world	Mt. Gelmir	test_map	Limgrave	yes	7900255	Limgrave :: Scaled Greaves - m60_42_39 (region unconfirmed), may be sweep-granted by Bell Bearing Hunter (m60_42_38) [f1042397500]
1042392181	1042397700	set	$InitializeCommonEvent(90005792) arg1	lot_gates					commonarg-positive-by-construction	lot_gates:1042397700:90005792	single	world			Limgrave	unknown	7772844	Limgrave :: Hammer Talisman - m60_42_39 (region unconfirmed), may be sweep-granted by Deathbird (m60_42_38) [f1042397700]
1042532350	1043537100	set	$InitializeCommonEvent(90005390) arg1	lot_gates					commonarg-positive-by-construction	lot_gates:1043537100:90005390	single	world			Altus	unknown	7772900	Altus :: Larval Tear - m60_42_53 (region unconfirmed), may be sweep-granted by Wormface (m60_41_53) [f1043537100]
1035432270	1044357100	set	$InitializeCommonEvent(90005390) arg1	lot_gates					commonarg-positive-by-construction	lot_gates:1044357100:90005390	single	world	Liurnia	flag_decode	Limgrave	yes	7772922	Limgrave :: Larval Tear - around Agheel Lake South, may be sweep-granted by Bloodhound Knight Darriwil (m60_44_35) [f1044357100]
1046402181	1046407700	set	$InitializeCommonEvent(90005792) arg1	lot_gates					commonarg-positive-by-construction	lot_gates:1046407700:90005792	single	world	Caelid	flag_decode	Caelid	no	7772967	Caelid :: Sacred Scorpion Charm - around Smoldering Church, may be sweep-granted by Putrid Avatar (m60_47_40) [f1046407700]
1047562181	1047567700	set	$InitializeCommonEvent(90005792) arg1	lot_gates					commonarg-positive-by-construction	lot_gates:1047567700:90005792	single	world			Consecrated Snowfield	unknown	7900259	Consecrated Snowfield :: Sanguine Noble Waistcloth - m60_47_56 (region unconfirmed), may be sweep-granted by Night's Cavalry (Glaive) (m60_48_55) [f1047567700]
1048382181	1048387500	set	$InitializeCommonEvent(90005792) arg1	lot_gates					commonarg-positive-by-construction	lot_gates:1048387500:90005792	single	world	Caelid	flag_decode	Caelid	no	7773014	Caelid :: Sacramental Bud - around Aeonia Swamp Shore, may be sweep-granted by Death Rite Bird (m60_49_37) [f1048387500]
1048562181	1048567800	set	$InitializeCommonEvent(90005792) arg1	lot_gates					commonarg-positive-by-construction	lot_gates:1048567800:90005792	single	world			Consecrated Snowfield	unknown	7774452	Consecrated Snowfield :: Somber Ancient Dragon Smithing Stone - m60_48_56 (region unconfirmed), may be sweep-granted by Death Rite Bird (m60_48_57) [f1048567800]
1048570310	1048577810	unknown	WaitForEventFlag(ON, TargetEventFlagType.EventFlag, 1048570310)	lot_gates	Gargoyle statue_hint text display	ガーゴイル像_ヒントテキスト表示	emevd_event	1	treasure-verb-crossproduct	lot_gates:1048577810:1048572300	unknown	world	Consecrated Snowfield	flag_decode	Consecrated Snowfield	no	7900266	Consecrated Snowfield :: Black Knife Greaves - near Ordina, Liturgical Town, may be sweep-granted by Death Rite Bird (m60_48_57) [f1048577810]
1048570350	1048577810	unknown	EndIf(EventFlag(1048572309)); EndIf(EventFlag(1048570350)); Wai	lot_gates	Snow town_fog wall removed_deepest	雪街_霧壁解除_最奥	emevd_event	1	treasure-verb-crossproduct	lot_gates:1048577810:1048572300	unknown	world	Consecrated Snowfield	flag_decode	Consecrated Snowfield	no	7900266	Consecrated Snowfield :: Black Knife Greaves - near Ordina, Liturgical Town, may be sweep-granted by Death Rite Bird (m60_48_57) [f1048577810]
1048572306	1048577810	unknown	; if (!EventFlag(1048572306)) {	lot_gates	Snow Town_Confinement_Warp Event	雪街_封牢_ワープイベント	emevd_event	1	treasure-verb-crossproduct	lot_gates:1048577810:1048572300	unknown	world	Consecrated Snowfield	flag_decode	Consecrated Snowfield	no	7900266	Consecrated Snowfield :: Black Knife Greaves - near Ordina, Liturgical Town, may be sweep-granted by Death Rite Bird (m60_48_57) [f1048577810]
1048572308	1048577810	unknown	DisableNetworkSync(); GotoIf(L5, EventFlag(1048572308)); Got	lot_gates	Snow Town_Confinement_Warp Event	雪街_封牢_ワープイベント	emevd_event	1	treasure-verb-crossproduct	lot_gates:1048577810:1048572300	unknown	world	Consecrated Snowfield	flag_decode	Consecrated Snowfield	no	7900266	Consecrated Snowfield :: Black Knife Greaves - near Ordina, Liturgical Town, may be sweep-granted by Death Rite Bird (m60_48_57) [f1048577810]
1048572309	1048577810	unknown	EndIf(!PlayerIsInOwnWorld()); EndIf(EventFlag(1048572309)); End	lot_gates	Snow Town_Confinement_Warp Event	雪街_封牢_ワープイベント	emevd_event	1	treasure-verb-crossproduct	lot_gates:1048577810:1048572300	unknown	world	Consecrated Snowfield	flag_decode	Consecrated Snowfield	no	7900266	Consecrated Snowfield :: Black Knife Greaves - near Ordina, Liturgical Town, may be sweep-granted by Death Rite Bird (m60_48_57) [f1048577810]
7604	1050567700	set	$InitializeCommonEvent(90005774) arg0	lot_gates					commonarg-positive-by-construction	lot_gates:1050567700:90005774	single	world	Mt. Gelmir	test_map	Consecrated Snowfield	yes	7900274	Consecrated Snowfield :: Hoslow's Greaves - near Consecrated Snowfield Catacombs (region unconfirmed), may be sweep-granted by Great Wyrm Theodorix (m60_50_56) [f1050567700]
1051532181	1051537500	set	$InitializeCommonEvent(90005792) arg1	lot_gates					commonarg-positive-by-construction	lot_gates:1051537500:90005792	single	world	Mountaintops of the Giants	flag_decode	Mountaintops of the Giants	no	7900275	Mountaintops of the Giants :: Okina Mask - around Church of Repose, may be sweep-granted by Fire Giant (m60_52_52) [f1051537500]
