kind	group	flag	ap_ids	name	status	region	maps	evidence	sites	graces	note	question
region	route-65420	65420	7773682	Scadu Altus :: Crimson-Sapping Cracked Tear [f65420]	review	Scadu Altus					No complete exact placement coverage; a tile default, seam or nearest grace alone cannot settle a locked boundary.	Which acquisition site and prerequisite chain should define the AP check, including relocation/death and existing sweeps?
region	route-65460	65460	7773686	Gravesite :: Glovewort Crystal Tear [f65460]	review	Gravesite					No complete exact placement coverage; a tile default, seam or nearest grace alone cannot settle a locked boundary.	Which acquisition site and prerequisite chain should define the AP check, including relocation/death and existing sweeps?
region	ground-m60_36_51	66730	7773693	Liurnia :: Perfume Bottle - near Craftsman's Shack (region unconfirmed), may be sweep-granted by Onyx Lord (m60_36_50) [f66730]	review	Liurnia	m60_36_51	none buckets=-	m60_36_51:treasure:lot1036510020	Craftsman's Shack via=	No complete exact placement coverage; a tile default, seam or nearest grace alone cannot settle a locked boundary.	At the listed pickup, which region lock permits standing and collection? Record the player play-region bucket and approach grace; distinguish elevation/locked access from the tile.
region	ground-m60_36_52	66740	7770072	Mt. Gelmir :: Perfume Bottle - near Craftsman's Shack, may be sweep-granted by Magma Wyrm (m60_35_53) [f66740]	review	Mt. Gelmir	m60_36_52	none buckets=-	m60_36_52:treasure:lot1036520070	Craftsman's Shack via=	No complete exact placement coverage; a tile default, seam or nearest grace alone cannot settle a locked boundary.	At the listed pickup, which region lock permits standing and collection? Record the player play-region bucket and approach grace; distinguish elevation/locked access from the tile.
region	ground-m60_46_40	67650	7770118	Caelid :: Missionary's Cookbook [3] - near Smoldering Church, may be sweep-granted by Putrid Avatar (m60_47_40) [f67650]	review	Caelid	m60_46_40	none buckets=-	m60_46_40:treasure:lot1046400030	Smoldering Church via=	No complete exact placement coverage; a tile default, seam or nearest grace alone cannot settle a locked boundary.	At the listed pickup, which region lock permits standing and collection? Record the player play-region bucket and approach grace; distinguish elevation/locked access from the tile.
region	ground-m60_36_51	67840	7770121	Liurnia :: Perfumer's Cookbook [1] - near Craftsman's Shack (region unconfirmed), may be sweep-granted by Onyx Lord (m60_36_50) [f67840]	review	Liurnia	m60_36_51	none buckets=-	m60_36_51:treasure:lot1036510010	Craftsman's Shack via=	No complete exact placement coverage; a tile default, seam or nearest grace alone cannot settle a locked boundary.	At the listed pickup, which region lock permits standing and collection? Record the player play-region bucket and approach grace; distinguish elevation/locked access from the tile.
region	ground-m61_50_41	68670	7770150	Scadu Altus :: Mad Craftsman's Cookbook [2] - near Abyssal Woods, may be sweep-granted by Black Knight Edredd (m61_49_43) [f68670]	review	Scadu Altus	m61_50_41	none buckets=-	m61_50_41:treasure:lot2050410000	Abyssal Woods via=	No complete exact placement coverage; a tile default, seam or nearest grace alone cannot settle a locked boundary.	At the listed pickup, which region lock permits standing and collection? Record the player play-region bucket and approach grace; distinguish elevation/locked access from the tile.
region	ground-m61_51_41	68720	7770155	Scadu Altus :: Greater Potentate's Cookbook [6] - near Foot of the Jagged Peak, may be sweep-granted by Jori, Elder Inquisitor (m61_52_43) [f68720]	review	Scadu Altus	m61_51_41	none buckets=-	m61_51_41:treasure:lot2051410010	Foot of the Jagged Peak via=	No complete exact placement coverage; a tile default, seam or nearest grace alone cannot settle a locked boundary.	At the listed pickup, which region lock permits standing and collection? Record the player play-region bucket and approach grace; distinguish elevation/locked access from the tile.
region	ground-m61_47_44	68790	7770162	Gravesite :: Loyal Knight's Cookbook - near Castle Ensis Checkpoint, may be sweep-granted by Ghostflame Dragon (m61_45_44) [f68790]	review	Gravesite	m61_47_44	tile-default buckets=68100;68200; tile-default buckets=68100;68200	m61_47_44:treasure:lot2047440810	Castle Ensis Checkpoint via=	No complete exact placement coverage; a tile default, seam or nearest grace alone cannot settle a locked boundary.	At the listed pickup, which region lock permits standing and collection? Record the player play-region bucket and approach grace; distinguish elevation/locked access from the tile.
region	ground-m21_00	68800	7770163	Shadow Keep :: Battlefield Priest's Cookbook [1] - near Church District Entrance [f68800]	confirmed	Shadow Keep	m21_00	interior-vol:プレイ領域 2100012-5 buckets=21000	m21_00:treasure:lot21000660	Church District Entrance via=	All available placement maps covered by exact point-in-volume rows agreeing with the current region.	
region	ground-m61_49_38	68850	7770167	Jagged Peak :: Grave Keeper's Cookbook [2] - near Grand Altar of Dragon Communion, may be sweep-granted by Jagged Peak Drake (m61_49_41) [f68850]	review	Jagged Peak	m61_49_38	none buckets=-	m61_49_38:treasure:lot2049380040	Grand Altar of Dragon Communion via=	No complete exact placement coverage; a tile default, seam or nearest grace alone cannot settle a locked boundary.	At the listed pickup, which region lock permits standing and collection? Record the player play-region bucket and approach grace; distinguish elevation/locked access from the tile.
region	route-400050	400050	7770561	Limgrave :: Grace Mimic - around Waypoint Ruins Cellar, may be sweep-granted by Mad Pumpkin Head (m60_44_36) [f400050]	review	Limgrave					No complete exact placement coverage; a tile default, seam or nearest grace alone cannot settle a locked boundary.	Which acquisition site and prerequisite chain should define the AP check, including relocation/death and existing sweeps?
region	route-400070	400070	7770563	Altus :: Tonic of Forgetfulness - around Road of Iniquity Side Path, may be sweep-granted by Wormface (m60_41_53) [f400070]	review	Altus					No complete exact placement coverage; a tile default, seam or nearest grace alone cannot settle a locked boundary.	Which acquisition site and prerequisite chain should define the AP check, including relocation/death and existing sweeps?
region	route-400090	400090	7773705	Mt. Gelmir :: Volcano Manor Invitation - around Volcano Manor, may be sweep-granted by Rykard, Lord of Blasphemy (m16_00) [f400090]	review	Mt. Gelmir					No complete exact placement coverage; a tile default, seam or nearest grace alone cannot settle a locked boundary.	Which acquisition site and prerequisite chain should define the AP check, including relocation/death and existing sweeps?
region	route-400103	400103	7773707	Raya Lucaria Academy :: Starlight Shards - around Church of the Cuckoo, may be sweep-granted by Rennala, Queen of the Full Moon (m14_00) [f400103]	review	Raya Lucaria Academy					No complete exact placement coverage; a tile default, seam or nearest grace alone cannot settle a locked boundary.	Which acquisition site and prerequisite chain should define the AP check, including relocation/death and existing sweeps?
region	route-400106	400106	7770574	Raya Lucaria Academy :: Sellen's Bell Bearing - Table of Lost Grace, may be sweep-granted by Rennala, Queen of the Full Moon (m14_00) [f400106]	review	Raya Lucaria Academy	m14_00;m60_34_50	none buckets=-	m14_00:event:lot101060; m60_34_50:enemy:lot111000		No complete exact placement coverage; a tile default, seam or nearest grace alone cannot settle a locked boundary.	Which acquisition site and prerequisite chain should define the AP check, including relocation/death and existing sweeps?
region	route-400163	400163	7770578	Altus :: Nagakiba with Ash of War: Piercing Fang - m60_39_52 (region unconfirmed), may be sweep-granted by Black Knife Assassin (m60_40_52) [f400163]	review	Altus	m60_35_46;m60_39_52;m60_43_35;m60_44_38	volume:プレイ領域 モンサン前階段03 buckets=14000; none buckets=-; none buckets=-; none buckets=-; none buckets=-	m60_35_46:enemy:lot111600; m60_39_52:event:lot101630; m60_39_52:enemy:lot111600; m60_43_35:enemy:lot111600; m60_44_38:enemy:lot111600		No complete exact placement coverage; a tile default, seam or nearest grace alone cannot settle a locked boundary.	Which acquisition site and prerequisite chain should define the AP check, including relocation/death and existing sweeps?
region	route-400175	400175	7770580	Farum Azula :: Warrior Jar Shard - near Starscourge Radahn, may be sweep-granted by Godskin Duo (m13_00) [f400175]	review	Farum Azula	m13_00;m32_07;m60_35_53;m60_39_44;m60_43_39;m60_51_36;m60_52_38	interior-vol:プレイ領域 1300002 →1300019 下層と揃える buckets=13000; interior-vol:パーツ プレイ領域 3207003 buckets=-1;32070; tile-default buckets=63020; none buckets=-; none buckets=-; volume:プレイ領域 Compositeパーツ 6409010 A buckets=64000; tile-default buckets=64000	m13_00:enemy:lot111700; m32_07:enemy:lot111700; m60_35_53:enemy:lot111700; m60_39_44:enemy:lot111700; m60_43_39:enemy:lot111700; m60_51_36:enemy:lot111700; m60_52_38:enemy:lot111700	Starscourge Radahn via=	No complete exact placement coverage; a tile default, seam or nearest grace alone cannot settle a locked boundary.	Which acquisition site and prerequisite chain should define the AP check, including relocation/death and existing sweeps?
region	route-400260	400260	7773726	Caelid :: Glowstone - around Caelem Ruins [f400260]	review	Caelid					No complete exact placement coverage; a tile default, seam or nearest grace alone cannot settle a locked boundary.	Which acquisition site and prerequisite chain should define the AP check, including relocation/death and existing sweeps?
region	route-400281	400281	7770587	Leyndell :: Scepter of the All-Knowing [f400281]	review	Leyndell					No complete exact placement coverage; a tile default, seam or nearest grace alone cannot settle a locked boundary.	Which acquisition site and prerequisite chain should define the AP check, including relocation/death and existing sweeps?
region	route-400309	400309	7770597	Caelid :: [Sorcery] Death Lightning - m60_44_52 (region unconfirmed) [f400309]	review	Caelid					No complete exact placement coverage; a tile default, seam or nearest grace alone cannot settle a locked boundary.	Which acquisition site and prerequisite chain should define the AP check, including relocation/death and existing sweeps?
region	route-400309	400309	7900023	Caelid :: Blackguard's Iron Mask - m60_44_52 (region unconfirmed) [f400309]	review	Caelid					No complete exact placement coverage; a tile default, seam or nearest grace alone cannot settle a locked boundary.	Which acquisition site and prerequisite chain should define the AP check, including relocation/death and existing sweeps?
region	route-400309	400309	7900024	Caelid :: Blackguard's Bell Bearing - m60_44_52 (region unconfirmed) [f400309]	review	Caelid					No complete exact placement coverage; a tile default, seam or nearest grace alone cannot settle a locked boundary.	Which acquisition site and prerequisite chain should define the AP check, including relocation/death and existing sweeps?
region	route-400320	400320	7770598	Haligtree :: Prosthesis-Wearer Heirloom [f400320]	review	Haligtree					No complete exact placement coverage; a tile default, seam or nearest grace alone cannot settle a locked boundary.	Which acquisition site and prerequisite chain should define the AP check, including relocation/death and existing sweeps?
region	route-400357	400357	7770607	Leyndell :: Black Knifeprint [f400357]	review	Leyndell					No complete exact placement coverage; a tile default, seam or nearest grace alone cannot settle a locked boundary.	Which acquisition site and prerequisite chain should define the AP check, including relocation/death and existing sweeps?
region	route-400391	400391	7773733	Roundtable Hold :: Carian Inverted Statue (region unconfirmed) [f400391]	review	Roundtable Hold					No complete exact placement coverage; a tile default, seam or nearest grace alone cannot settle a locked boundary.	Which acquisition site and prerequisite chain should define the AP check, including relocation/death and existing sweeps?
region	route-400400	400400	7773735	Caelid :: Ancient Dragon Smithing Stone - around Smoldering Church [f400400]	review	Caelid					No complete exact placement coverage; a tile default, seam or nearest grace alone cannot settle a locked boundary.	Which acquisition site and prerequisite chain should define the AP check, including relocation/death and existing sweeps?
region	route-400600	400600	7773742	Enir Ilim :: Golden Lion Shield - m60_49_40 (region unconfirmed) [f400600]	review	Enir Ilim					No complete exact placement coverage; a tile default, seam or nearest grace alone cannot settle a locked boundary.	Which acquisition site and prerequisite chain should define the AP check, including relocation/death and existing sweeps?
region	route-400612	400612	7773745	Shadow Keep :: Furnace Visage - around Storehouse, First Floor, may be sweep-granted by Base Serpent Messmer (m21_01) [f400612]	review	Shadow Keep					No complete exact placement coverage; a tile default, seam or nearest grace alone cannot settle a locked boundary.	Which acquisition site and prerequisite chain should define the AP check, including relocation/death and existing sweeps?
region	route-400645	400645	7770642	Enir Ilim :: Verdigris Greatshield - around Gate of Divinity, may be sweep-granted by Radahn, Consort of Miquella (m20_01) [f400645]	review	Enir Ilim	m61_45_41;m61_47_46;m61_48_40;m61_48_44;m61_49_46;m61_50_47		m61_45_41:event:lot116401; m61_47_46:event:lot116401; m61_48_40:event:lot116401; m61_48_44:event:lot116401; m61_49_46:event:lot116401; m61_50_47:event:lot116401		No complete exact placement coverage; a tile default, seam or nearest grace alone cannot settle a locked boundary.	Which acquisition site and prerequisite chain should define the AP check, including relocation/death and existing sweeps?
region	route-400645	400645	7900092	Enir Ilim :: Verdigris Helm - around Gate of Divinity, may be sweep-granted by Radahn, Consort of Miquella (m20_01) [f400645]	review	Enir Ilim	m61_45_41;m61_47_46;m61_48_40;m61_48_44;m61_49_46;m61_50_47		m61_45_41:event:lot116401; m61_47_46:event:lot116401; m61_48_40:event:lot116401; m61_48_44:event:lot116401; m61_49_46:event:lot116401; m61_50_47:event:lot116401		No complete exact placement coverage; a tile default, seam or nearest grace alone cannot settle a locked boundary.	Which acquisition site and prerequisite chain should define the AP check, including relocation/death and existing sweeps?
region	route-400645	400645	7900093	Enir Ilim :: Verdigris Armor - around Gate of Divinity, may be sweep-granted by Needle Knight Leda (m20_01) [f400645]	review	Enir Ilim	m61_45_41;m61_47_46;m61_48_40;m61_48_44;m61_49_46;m61_50_47		m61_45_41:event:lot116401; m61_47_46:event:lot116401; m61_48_40:event:lot116401; m61_48_44:event:lot116401; m61_49_46:event:lot116401; m61_50_47:event:lot116401		No complete exact placement coverage; a tile default, seam or nearest grace alone cannot settle a locked boundary.	Which acquisition site and prerequisite chain should define the AP check, including relocation/death and existing sweeps?
region	route-400645	400645	7900094	Enir Ilim :: Verdigris Gauntlets - around Gate of Divinity, may be sweep-granted by Radahn, Consort of Miquella (m20_01) [f400645]	review	Enir Ilim	m61_45_41;m61_47_46;m61_48_40;m61_48_44;m61_49_46;m61_50_47		m61_45_41:event:lot116401; m61_47_46:event:lot116401; m61_48_40:event:lot116401; m61_48_44:event:lot116401; m61_49_46:event:lot116401; m61_50_47:event:lot116401		No complete exact placement coverage; a tile default, seam or nearest grace alone cannot settle a locked boundary.	Which acquisition site and prerequisite chain should define the AP check, including relocation/death and existing sweeps?
region	route-400645	400645	7900095	Enir Ilim :: Verdigris Greaves - around Gate of Divinity, may be sweep-granted by Needle Knight Leda (m20_01) [f400645]	review	Enir Ilim	m61_45_41;m61_47_46;m61_48_40;m61_48_44;m61_49_46;m61_50_47		m61_45_41:event:lot116401; m61_47_46:event:lot116401; m61_48_40:event:lot116401; m61_48_44:event:lot116401; m61_49_46:event:lot116401; m61_50_47:event:lot116401		No complete exact placement coverage; a tile default, seam or nearest grace alone cannot settle a locked boundary.	Which acquisition site and prerequisite chain should define the AP check, including relocation/death and existing sweeps?
region	route-400722	400722	7770649	Gravesite :: Gourmet Scorpion Stew [f400722]	review	Gravesite					No complete exact placement coverage; a tile default, seam or nearest grace alone cannot settle a locked boundary.	Which acquisition site and prerequisite chain should define the AP check, including relocation/death and existing sweeps?
region	route-400907	400907	7773772	Raya Lucaria Academy :: Isolated Merchant's Bell Bearing [2] - around South Raya Lucaria Gate [f400907]	fixed	Raya Lucaria Academy	m60_35_45	volume:プレイ領域 モンサン前階段05 buckets=14000	m60_35_45:enemy:lot119030		Merchant death drop shares the Academy-key pocket.	
region	route-520800	520800	7773851	Roundtable Hold :: Bloodfiend Hexer's Ashes (region unconfirmed) [f520800]	review	Roundtable Hold	m34_10;m43_00		m34_10:event:lot20800; m43_00:event:lot20800		No complete exact placement coverage; a tile default, seam or nearest grace alone cannot settle a locked boundary.	Which acquisition site and prerequisite chain should define the AP check, including relocation/death and existing sweeps?
region	ground-m60_38_52	530385	7770712	Mt. Gelmir :: Deathroot - near Seethewater River (region unconfirmed) [f530385]	confirmed	Mt. Gelmir	m60_38_52		m60_38_52:event:lot30385	Seethewater River via=boss_arena	Retain the documented grace-ground/access ruling in gen_data.FLAG_REGION_OVERRIDE and region_overrides.tsv.	
region	ground-m60_38_52	530385	7900148	Mt. Gelmir :: Tibia's Summons - near Seethewater River (region unconfirmed) [f530385]	confirmed	Mt. Gelmir	m60_38_52		m60_38_52:event:lot30385	Seethewater River via=boss_arena	Retain the documented grace-ground/access ruling in gen_data.FLAG_REGION_OVERRIDE and region_overrides.tsv.	
region	ground-m61_47_44	530865	7773870	Gravesite :: Moonrithyll's Knight Sword - around Castle Front, may be sweep-granted by Ghostflame Dragon (m61_45_44) [f530865]	review	Gravesite	m61_47_44		m61_47_44:event:lot30865		No complete exact placement coverage; a tile default, seam or nearest grace alone cannot settle a locked boundary.	At the listed pickup, which region lock permits standing and collection? Record the player play-region bucket and approach grace; distinguish elevation/locked access from the tile.
region	route-530950	530950	7773876	Roundtable Hold :: Blessing of Marika (region unconfirmed) [f530950]	review	Roundtable Hold					No complete exact placement coverage; a tile default, seam or nearest grace alone cannot settle a locked boundary.	Which acquisition site and prerequisite chain should define the AP check, including relocation/death and existing sweeps?
region	ground-m60_46_39	540118	7770722	Caelid :: Ash of War: Sacred Blade - around Gael Tunnel, may be sweep-granted by Putrid Avatar (m60_47_40) [f540118]	review	Caelid	m60_46_39		m60_46_39:event:lot40118		No complete exact placement coverage; a tile default, seam or nearest grace alone cannot settle a locked boundary.	At the listed pickup, which region lock permits standing and collection? Record the player play-region bucket and approach grace; distinguish elevation/locked access from the tile.
region	ground-m60_51_54	540512	7773889	Mountaintops of the Giants :: Ash of War: Troll's Roar - m60_51_54 (region unconfirmed), may be sweep-granted by Roundtable Knight Vyke (m60_53_56) [f540512]	review	Mountaintops of the Giants	m60_51_54		m60_51_54:event:lot40512		No complete exact placement coverage; a tile default, seam or nearest grace alone cannot settle a locked boundary.	At the listed pickup, which region lock permits standing and collection? Record the player play-region bucket and approach grace; distinguish elevation/locked access from the tile.
region	ground-m61_48_44	540902	7773894	Ensis :: Ash of War: Piercing Throw - around Castle-Lord's Chamber, may be sweep-granted by Rellana, Twin Moon Knight (m61_48_44) [f540902]	review	Ensis	m61_48_44		m61_48_44:event:lot40902		No complete exact placement coverage; a tile default, seam or nearest grace alone cannot settle a locked boundary.	At the listed pickup, which region lock permits standing and collection? Record the player play-region bucket and approach grace; distinguish elevation/locked access from the tile.
region	ground-m61_48_44	540920	7774637	Ensis :: Somber Smithing Stone [8] - around Castle-Lord's Chamber (1), may be sweep-granted by Rellana, Twin Moon Knight (m61_48_44) [f540920]	review	Ensis	m61_48_44		m61_48_44:event:lot40920		No complete exact placement coverage; a tile default, seam or nearest grace alone cannot settle a locked boundary.	At the listed pickup, which region lock permits standing and collection? Record the player play-region bucket and approach grace; distinguish elevation/locked access from the tile.
region	ground-m61_48_44	540922	7774638	Ensis :: Somber Smithing Stone [8] - around Castle-Lord's Chamber (2), may be sweep-granted by Rellana, Twin Moon Knight (m61_48_44) [f540922]	review	Ensis	m61_48_44		m61_48_44:event:lot40922		No complete exact placement coverage; a tile default, seam or nearest grace alone cannot settle a locked boundary.	At the listed pickup, which region lock permits standing and collection? Record the player play-region bucket and approach grace; distinguish elevation/locked access from the tile.
region	route-580100	580100	7773901	"Belurat :: ""Incursion"" Painting [f580100]"	review	Belurat					No complete exact placement coverage; a tile default, seam or nearest grace alone cannot settle a locked boundary.	Which acquisition site and prerequisite chain should define the AP check, including relocation/death and existing sweeps?
region	route-580600	580600	7770809	Belurat :: Message from Leda - near Scaduview Cross, may be sweep-granted by Divine Beast Dancing Lion (m20_00) [f580600]	confirmed	Belurat	m20_00;m21_01;m22_00;m61_45_42;m61_46_42;m61_46_47;m61_47_44;m61_48_37;m61_48_43;m61_48_45;m61_49_44;m61_50_43	interior-map buckets=20000; interior-map buckets=21010; interior-map buckets=22000; none buckets=-; none buckets=-; tile-default buckets=69400; tile-default buckets=69400; tile-default buckets=68100;68200; tile-default buckets=68100;68200; none buckets=-; none buckets=-; tile-default buckets=69000; none buckets=-; volume:プレイ領域 6900000 buckets=69000	m20_00:treasure:lot80600; m21_01:treasure:lot80600; m22_00:treasure:lot80600; m61_45_42:treasure:lot80600; m61_46_42:treasure:lot80600; m61_46_47:treasure:lot80600; m61_47_44:treasure:lot80600; m61_48_37:treasure:lot80600; m61_48_43:treasure:lot80600; m61_48_45:treasure:lot80600; m61_49_44:treasure:lot80600; m61_50_43:treasure:lot80600	Scaduview Cross via=	Explicit #1059 Belurat/Dancing Lion alternate-grant ruling; moving to another NPC placement would erase the ruled route.	
region	route-10007452	10007452	7770858	Roundtable Hold :: Crimson Hood - around Table of Lost Grace [f10007452]	review	Roundtable Hold					No complete exact placement coverage; a tile default, seam or nearest grace alone cannot settle a locked boundary.	Which acquisition site and prerequisite chain should define the AP check, including relocation/death and existing sweeps?
region	ground-m11_00	11007195	7770949	Leyndell :: Somber Smithing Stone [6] - around East Capital Rampart (2), may be sweep-granted by Godfrey, First Elden Lord (m11_00) [f11007195]	review	Leyndell	m11_00		m11_00:event:lot11000195		No complete exact placement coverage; a tile default, seam or nearest grace alone cannot settle a locked boundary.	At the listed pickup, which region lock permits standing and collection? Record the player play-region bucket and approach grace; distinguish elevation/locked access from the tile.
region	ground-m14_00	14007920	7771548	Raya Lucaria Academy :: [Sorcery] Terra Magica - near Raya Lucaria Grand Library, may be sweep-granted by Red Wolf of Radagon (m14_00) [f14007920]	review	Raya Lucaria Academy	m14_00	interior-map buckets=14000	m14_00:treasure:lot14000920	Raya Lucaria Grand Library via=	No complete exact placement coverage; a tile default, seam or nearest grace alone cannot settle a locked boundary.	At the listed pickup, which region lock permits standing and collection? Record the player play-region bucket and approach grace; distinguish elevation/locked access from the tile.
region	ground-m35_00	35007030	7772350	Leyndell :: Crimson Amber Medallion +2 - near Underground Roadside, may be sweep-granted by Mohg, the Omen (m35_00) [f35007030]	review	Leyndell	m35_00	interior-map buckets=35000	m35_00:treasure:lot35000030	Underground Roadside via=	No complete exact placement coverage; a tile default, seam or nearest grace alone cannot settle a locked boundary.	At the listed pickup, which region lock permits standing and collection? Record the player play-region bucket and approach grace; distinguish elevation/locked access from the tile.
region	ground-m60_35_45	1035457000	7772547	Raya Lucaria Academy :: Celestial Dew - near South Raya Lucaria Gate, may be sweep-granted by Red Wolf of Radagon (m14_00) [f1035457000]	confirmed	Raya Lucaria Academy	m60_35_45	volume:プレイ領域 モンサン前階段06 buckets=14000	m60_35_45:treasure:lot1035450000	South Raya Lucaria Gate via=	All available placement maps covered by exact point-in-volume rows agreeing with the current region.	
region	ground-m60_35_45	1035457030	7774130	Raya Lucaria Academy :: Strip of White Flesh - near South Raya Lucaria Gate [f1035457030]	confirmed	Raya Lucaria Academy	m60_35_45	volume:プレイ領域 モンサン前階段04 buckets=14000	m60_35_45:treasure:lot1035450030	South Raya Lucaria Gate via=	All available placement maps covered by exact point-in-volume rows agreeing with the current region.	
region	ground-m60_35_45	1035457100	7772548	Raya Lucaria Academy :: Meeting Place Map - near South Raya Lucaria Gate, may be sweep-granted by Rennala, Queen of the Full Moon (m14_00) [f1035457100]	confirmed	Raya Lucaria Academy	m60_35_45	seam:プレイ領域 モンサン前階段06@5.3m buckets=14000	m60_35_45:treasure:lot1035450100	South Raya Lucaria Gate via=	Retain the documented grace-ground/access ruling in gen_data.FLAG_REGION_OVERRIDE and region_overrides.tsv.	
region	ground-m60_35_46	1035467700	7772549	Raya Lucaria Academy :: Ash of War: Raptor of the Mists - around Main Academy Gate, may be sweep-granted by Red Wolf of Radagon (m14_00) [f1035467700]	review	Raya Lucaria Academy	m60_35_46		m60_35_46:event:lot1035460700		No complete exact placement coverage; a tile default, seam or nearest grace alone cannot settle a locked boundary.	At the listed pickup, which region lock permits standing and collection? Record the player play-region bucket and approach grace; distinguish elevation/locked access from the tile.
region	ground-m60_36_51	1036517000	7774198	Liurnia :: Golden Rune [5] - near Craftsman's Shack (region unconfirmed), may be sweep-granted by Royal Knight Loretta (m60_35_50) [f1036517000]	review	Liurnia	m60_36_51	none buckets=-	m60_36_51:treasure:lot1036510000	Craftsman's Shack via=	No complete exact placement coverage; a tile default, seam or nearest grace alone cannot settle a locked boundary.	At the listed pickup, which region lock permits standing and collection? Record the player play-region bucket and approach grace; distinguish elevation/locked access from the tile.
region	ground-m60_36_51	1036517700	7774199	Liurnia :: Omenkiller Robe - m60_36_51 (region unconfirmed), may be sweep-granted by Onyx Lord (m60_36_50) [f1036517700]	review	Liurnia	m60_36_51	none buckets=-	m60_36_51:enemy:lot482000500		No complete exact placement coverage; a tile default, seam or nearest grace alone cannot settle a locked boundary.	At the listed pickup, which region lock permits standing and collection? Record the player play-region bucket and approach grace; distinguish elevation/locked access from the tile.
region	ground-m60_36_51	1036517700	7900234	Liurnia :: Omenkiller Long Gloves - m60_36_51 (region unconfirmed), may be sweep-granted by Royal Knight Loretta (m60_35_50) [f1036517700]	review	Liurnia	m60_36_51	none buckets=-	m60_36_51:enemy:lot482000500		No complete exact placement coverage; a tile default, seam or nearest grace alone cannot settle a locked boundary.	At the listed pickup, which region lock permits standing and collection? Record the player play-region bucket and approach grace; distinguish elevation/locked access from the tile.
region	ground-m60_36_51	1036517700	7900235	Liurnia :: Omenkiller Boots - m60_36_51 (region unconfirmed), may be sweep-granted by Onyx Lord (m60_36_50) [f1036517700]	review	Liurnia	m60_36_51	none buckets=-	m60_36_51:enemy:lot482000500		No complete exact placement coverage; a tile default, seam or nearest grace alone cannot settle a locked boundary.	At the listed pickup, which region lock permits standing and collection? Record the player play-region bucket and approach grace; distinguish elevation/locked access from the tile.
region	ground-m60_36_52	1036527000	7772584	Mt. Gelmir :: Smithing Stone [6] - near Craftsman's Shack, may be sweep-granted by Magma Wyrm (m60_35_53) [f1036527000]	confirmed	Mt. Gelmir	m60_36_52	volume:プレイエリア上書き領域 ゲルミア火山 パーツ２ buckets=63020	m60_36_52:treasure:lot1036520000	Craftsman's Shack via=	All available placement maps covered by exact point-in-volume rows agreeing with the current region.	
region	ground-m60_36_52	1036527010	7772585	Mt. Gelmir :: Perfumer's Talisman - near Craftsman's Shack, may be sweep-granted by Demi-Human Queen Maggie (m60_37_53) [f1036527010]	review	Mt. Gelmir	m60_36_52	none buckets=-	m60_36_52:treasure:lot1036520010	Craftsman's Shack via=	No complete exact placement coverage; a tile default, seam or nearest grace alone cannot settle a locked boundary.	At the listed pickup, which region lock permits standing and collection? Record the player play-region bucket and approach grace; distinguish elevation/locked access from the tile.
region	ground-m60_36_52	1036527020	7772586	Mt. Gelmir :: Budding Cave Moss - near Craftsman's Shack, may be sweep-granted by Magma Wyrm (m60_35_53) [f1036527020]	review	Mt. Gelmir	m60_36_52	none buckets=-	m60_36_52:treasure:lot1036520020	Craftsman's Shack via=	No complete exact placement coverage; a tile default, seam or nearest grace alone cannot settle a locked boundary.	At the listed pickup, which region lock permits standing and collection? Record the player play-region bucket and approach grace; distinguish elevation/locked access from the tile.
region	ground-m60_36_52	1036527030	7772587	Mt. Gelmir :: Nascent Butterfly - near Craftsman's Shack, may be sweep-granted by Demi-Human Queen Maggie (m60_37_53) [f1036527030]	review	Mt. Gelmir	m60_36_52	none buckets=-	m60_36_52:treasure:lot1036520030	Craftsman's Shack via=	No complete exact placement coverage; a tile default, seam or nearest grace alone cannot settle a locked boundary.	At the listed pickup, which region lock permits standing and collection? Record the player play-region bucket and approach grace; distinguish elevation/locked access from the tile.
region	ground-m60_36_52	1036527040	7772588	Mt. Gelmir :: Gravel Stone - near Craftsman's Shack, may be sweep-granted by Magma Wyrm (m60_35_53) [f1036527040]	confirmed	Mt. Gelmir	m60_36_52	volume:プレイエリア上書き領域 ゲルミア火山 パーツ３ buckets=63020	m60_36_52:treasure:lot1036520040	Craftsman's Shack via=	All available placement maps covered by exact point-in-volume rows agreeing with the current region.	
region	ground-m60_36_52	1036527050	7772589	Mt. Gelmir :: [Sorcery] Roiling Magma - near Craftsman's Shack, may be sweep-granted by Demi-Human Queen Maggie (m60_37_53) [f1036527050]	review	Mt. Gelmir	m60_36_52	seam:プレイエリア上書き領域 ゲルミア火山 パーツ２@3.5m buckets=63020	m60_36_52:treasure:lot1036520050	Craftsman's Shack via=	No complete exact placement coverage; a tile default, seam or nearest grace alone cannot settle a locked boundary.	At the listed pickup, which region lock permits standing and collection? Record the player play-region bucket and approach grace; distinguish elevation/locked access from the tile.
region	ground-m60_36_52	1036527060	7772590	Mt. Gelmir :: Pulley Crossbow - near Craftsman's Shack, may be sweep-granted by Magma Wyrm (m60_35_53) [f1036527060]	confirmed	Mt. Gelmir	m60_36_52	volume:プレイエリア上書き領域 ゲルミア火山 パーツ４ buckets=63020	m60_36_52:treasure:lot1036520060	Craftsman's Shack via=	All available placement maps covered by exact point-in-volume rows agreeing with the current region.	
region	ground-m60_37_52	1037527020	7772633	Mt. Gelmir :: Arrow - near Seethewater River, may be sweep-granted by Tibia Mariner (m60_38_52) [f1037527020]	review	Mt. Gelmir	m60_37_52	none buckets=-	m60_37_52:treasure:lot1037520020	Seethewater River via=	No complete exact placement coverage; a tile default, seam or nearest grace alone cannot settle a locked boundary.	At the listed pickup, which region lock permits standing and collection? Record the player play-region bucket and approach grace; distinguish elevation/locked access from the tile.
region	ground-m60_37_52	1037527030	7772634	Mt. Gelmir :: Sacramental Bud - near Craftsman's Shack, may be sweep-granted by Demi-Human Queen Maggie (m60_37_53) [f1037527030]	review	Mt. Gelmir	m60_37_52	none buckets=-	m60_37_52:treasure:lot1037520030	Craftsman's Shack via=	No complete exact placement coverage; a tile default, seam or nearest grace alone cannot settle a locked boundary.	At the listed pickup, which region lock permits standing and collection? Record the player play-region bucket and approach grace; distinguish elevation/locked access from the tile.
region	ground-m60_37_52	1037527040	7772635	Mt. Gelmir :: String - near Primeval Sorcerer Azur, may be sweep-granted by Tibia Mariner (m60_38_52) [f1037527040]	review	Mt. Gelmir	m60_37_52	none buckets=-	m60_37_52:treasure:lot1037520040	Primeval Sorcerer Azur via=	No complete exact placement coverage; a tile default, seam or nearest grace alone cannot settle a locked boundary.	At the listed pickup, which region lock permits standing and collection? Record the player play-region bucket and approach grace; distinguish elevation/locked access from the tile.
region	ground-m60_37_52	1037527050	7772636	Mt. Gelmir :: Gold-Tinged Excrement - near Primeval Sorcerer Azur, may be sweep-granted by Demi-Human Queen Maggie (m60_37_53) [f1037527050]	review	Mt. Gelmir	m60_37_52	none buckets=-	m60_37_52:treasure:lot1037520050	Primeval Sorcerer Azur via=	No complete exact placement coverage; a tile default, seam or nearest grace alone cannot settle a locked boundary.	At the listed pickup, which region lock permits standing and collection? Record the player play-region bucket and approach grace; distinguish elevation/locked access from the tile.
region	ground-m60_37_52	1037527060	7772637	Mt. Gelmir :: Gold Firefly - near Seethewater River, may be sweep-granted by Tibia Mariner (m60_38_52) [f1037527060]	review	Mt. Gelmir	m60_37_52	none buckets=-	m60_37_52:treasure:lot1037520060	Seethewater River via=	No complete exact placement coverage; a tile default, seam or nearest grace alone cannot settle a locked boundary.	At the listed pickup, which region lock permits standing and collection? Record the player play-region bucket and approach grace; distinguish elevation/locked access from the tile.
region	ground-m60_37_52	1037527080	7772639	Mt. Gelmir :: Starlight Shards - near Seethewater River, may be sweep-granted by Tibia Mariner (m60_38_52) [f1037527080]	review	Mt. Gelmir	m60_37_52	none buckets=-	m60_37_52:treasure:lot1037520080	Seethewater River via=	No complete exact placement coverage; a tile default, seam or nearest grace alone cannot settle a locked boundary.	At the listed pickup, which region lock permits standing and collection? Record the player play-region bucket and approach grace; distinguish elevation/locked access from the tile.
region	ground-m60_37_52	1037527090	7772640	Mt. Gelmir :: Hierodas Glintstone Crown - near Primeval Sorcerer Azur, may be sweep-granted by Demi-Human Queen Maggie (m60_37_53) [f1037527090]	review	Mt. Gelmir	m60_37_52	none buckets=-	m60_37_52:treasure:lot1037520090	Primeval Sorcerer Azur via=	No complete exact placement coverage; a tile default, seam or nearest grace alone cannot settle a locked boundary.	At the listed pickup, which region lock permits standing and collection? Record the player play-region bucket and approach grace; distinguish elevation/locked access from the tile.
region	ground-m60_37_52	1037527100	7772641	Mt. Gelmir :: Errant Sorcerer Manchettes - near Primeval Sorcerer Azur, may be sweep-granted by Tibia Mariner (m60_38_52) [f1037527100]	review	Mt. Gelmir	m60_37_52	none buckets=-	m60_37_52:treasure:lot1037520100	Primeval Sorcerer Azur via=	No complete exact placement coverage; a tile default, seam or nearest grace alone cannot settle a locked boundary.	At the listed pickup, which region lock permits standing and collection? Record the player play-region bucket and approach grace; distinguish elevation/locked access from the tile.
region	ground-m60_37_52	1037527100	7900240	Mt. Gelmir :: Errant Sorcerer Boots - near Primeval Sorcerer Azur, may be sweep-granted by Demi-Human Queen Maggie (m60_37_53) [f1037527100]	review	Mt. Gelmir	m60_37_52	none buckets=-	m60_37_52:treasure:lot1037520100	Primeval Sorcerer Azur via=	No complete exact placement coverage; a tile default, seam or nearest grace alone cannot settle a locked boundary.	At the listed pickup, which region lock permits standing and collection? Record the player play-region bucket and approach grace; distinguish elevation/locked access from the tile.
region	ground-m60_37_52	1037527100	7900241	Mt. Gelmir :: Errant Sorcerer Robe (Altered) - near Primeval Sorcerer Azur, may be sweep-granted by Tibia Mariner (m60_38_52) [f1037527100]	review	Mt. Gelmir	m60_37_52	none buckets=-	m60_37_52:treasure:lot1037520100	Primeval Sorcerer Azur via=	No complete exact placement coverage; a tile default, seam or nearest grace alone cannot settle a locked boundary.	At the listed pickup, which region lock permits standing and collection? Record the player play-region bucket and approach grace; distinguish elevation/locked access from the tile.
region	ground-m60_38_52	1038527000	7772687	Mt. Gelmir :: Pearldrake Talisman +1 - near Seethewater River (region unconfirmed), may be sweep-granted by Tibia Mariner (m60_38_52) [f1038527000]	confirmed	Mt. Gelmir	m60_38_52	none buckets=-	m60_38_52:treasure:lot1038520000	Seethewater River via=	Retain the documented grace-ground/access ruling in gen_data.FLAG_REGION_OVERRIDE and region_overrides.tsv.	
region	ground-m60_38_52	1038527010	7772688	Mt. Gelmir :: Smithing Stone [5] - near Seethewater River (region unconfirmed), may be sweep-granted by Tibia Mariner (m60_38_52) [f1038527010]	confirmed	Mt. Gelmir	m60_38_52	none buckets=-	m60_38_52:treasure:lot1038520010	Seethewater River via=	Retain the documented grace-ground/access ruling in gen_data.FLAG_REGION_OVERRIDE and region_overrides.tsv.	
region	ground-m60_38_52	1038527020	7772689	Mt. Gelmir :: Golden Rune [3] - near Seethewater River (region unconfirmed), may be sweep-granted by Tibia Mariner (m60_38_52) [f1038527020]	confirmed	Mt. Gelmir	m60_38_52	none buckets=-	m60_38_52:treasure:lot1038520020	Seethewater River via=	Retain the documented grace-ground/access ruling in gen_data.FLAG_REGION_OVERRIDE and region_overrides.tsv.	
region	ground-m60_38_52	1038527040	7772691	Mt. Gelmir :: Dappled White Cured Meat - near Seethewater River (region unconfirmed), may be sweep-granted by Tibia Mariner (m60_38_52) [f1038527040]	confirmed	Mt. Gelmir	m60_38_52	none buckets=-	m60_38_52:treasure:lot1038520040	Seethewater River via=	Retain the documented grace-ground/access ruling in gen_data.FLAG_REGION_OVERRIDE and region_overrides.tsv.	
region	ground-m60_38_52	1038527060	7772693	Mt. Gelmir :: Golden Rune [4] - near Seethewater River (region unconfirmed), may be sweep-granted by Tibia Mariner (m60_38_52) [f1038527060]	confirmed	Mt. Gelmir	m60_38_52	none buckets=-	m60_38_52:treasure:lot1038520060	Seethewater River via=	Retain the documented grace-ground/access ruling in gen_data.FLAG_REGION_OVERRIDE and region_overrides.tsv.	
region	ground-m60_38_52	1038527070	7772694	Mt. Gelmir :: Human Bone Shard - near Seethewater River (region unconfirmed), may be sweep-granted by Tibia Mariner (m60_38_52) [f1038527070]	confirmed	Mt. Gelmir	m60_38_52	none buckets=-	m60_38_52:treasure:lot1038520070	Seethewater River via=	Retain the documented grace-ground/access ruling in gen_data.FLAG_REGION_OVERRIDE and region_overrides.tsv.	
region	ground-m60_38_53	1038537000	7772695	Mt. Gelmir :: Golden Rune [2] - near First Mt. Gelmir Campsite, may be sweep-granted by Ulcerated Tree Spirit (m60_37_54) [f1038537000]	confirmed	Mt. Gelmir	m60_38_53	tile-default buckets=32040	m60_38_53:treasure:lot1038530000	First Mt. Gelmir Campsite via=	Retain the documented grace-ground/access ruling in gen_data.FLAG_REGION_OVERRIDE and region_overrides.tsv.	
region	ground-m60_38_53	1038537010	7774228	Mt. Gelmir :: Golden Rune [3] - near First Mt. Gelmir Campsite (1), may be sweep-granted by Ulcerated Tree Spirit (m60_37_54) [f1038537010]	confirmed	Mt. Gelmir	m60_38_53	tile-default buckets=32040	m60_38_53:treasure:lot1038530010	First Mt. Gelmir Campsite via=	Retain the documented grace-ground/access ruling in gen_data.FLAG_REGION_OVERRIDE and region_overrides.tsv.	
region	ground-m60_38_53	1038537020	7774229	Mt. Gelmir :: Golden Rune [4] - near First Mt. Gelmir Campsite, may be sweep-granted by Tibia Mariner (m60_38_52) [f1038537020]	confirmed	Mt. Gelmir	m60_38_53	tile-default buckets=32040	m60_38_53:treasure:lot1038530020	First Mt. Gelmir Campsite via=	Retain the documented grace-ground/access ruling in gen_data.FLAG_REGION_OVERRIDE and region_overrides.tsv.	
region	ground-m60_38_53	1038537030	7774230	Mt. Gelmir :: Golden Rune [7] - near First Mt. Gelmir Campsite, may be sweep-granted by Demi-Human Queen Maggie (m60_37_53) [f1038537030]	confirmed	Mt. Gelmir	m60_38_53	tile-default buckets=32040	m60_38_53:treasure:lot1038530030	First Mt. Gelmir Campsite via=	Retain the documented grace-ground/access ruling in gen_data.FLAG_REGION_OVERRIDE and region_overrides.tsv.	
region	ground-m60_38_53	1038537040	7774231	Mt. Gelmir :: Golden Rune [3] - near First Mt. Gelmir Campsite (2), may be sweep-granted by Ulcerated Tree Spirit (m60_37_54) [f1038537040]	confirmed	Mt. Gelmir	m60_38_53	tile-default buckets=32040	m60_38_53:treasure:lot1038530040	First Mt. Gelmir Campsite via=	Retain the documented grace-ground/access ruling in gen_data.FLAG_REGION_OVERRIDE and region_overrides.tsv.	
region	ground-m60_38_53	1038537050	7774232	Mt. Gelmir :: Somber Smithing Stone [6] - near First Mt. Gelmir Campsite, may be sweep-granted by Tibia Mariner (m60_38_52) [f1038537050]	confirmed	Mt. Gelmir	m60_38_53	tile-default buckets=32040	m60_38_53:treasure:lot1038530050	First Mt. Gelmir Campsite via=	Retain the documented grace-ground/access ruling in gen_data.FLAG_REGION_OVERRIDE and region_overrides.tsv.	
region	ground-m60_38_54	1038547000	7772696	Mt. Gelmir :: Bloodrose - near First Mt. Gelmir Campsite, may be sweep-granted by Demi-Human Queen Maggie (m60_37_53) [f1038547000]	review	Mt. Gelmir	m60_38_54	none buckets=-	m60_38_54:treasure:lot1038540000	First Mt. Gelmir Campsite via=	No complete exact placement coverage; a tile default, seam or nearest grace alone cannot settle a locked boundary.	At the listed pickup, which region lock permits standing and collection? Record the player play-region bucket and approach grace; distinguish elevation/locked access from the tile.
region	ground-m60_38_54	1038547010	7772697	Mt. Gelmir :: Explosive Greatbolt - near First Mt. Gelmir Campsite, may be sweep-granted by Ulcerated Tree Spirit (m60_37_54) [f1038547010]	review	Mt. Gelmir	m60_38_54	none buckets=-	m60_38_54:treasure:lot1038540010	First Mt. Gelmir Campsite via=	No complete exact placement coverage; a tile default, seam or nearest grace alone cannot settle a locked boundary.	At the listed pickup, which region lock permits standing and collection? Record the player play-region bucket and approach grace; distinguish elevation/locked access from the tile.
region	ground-m60_38_54	1038547020	7772698	Mt. Gelmir :: Golden Rune [8] - near First Mt. Gelmir Campsite, may be sweep-granted by Demi-Human Queen Maggie (m60_37_53) [f1038547020]	review	Mt. Gelmir	m60_38_54	none buckets=-	m60_38_54:treasure:lot1038540020	First Mt. Gelmir Campsite via=	No complete exact placement coverage; a tile default, seam or nearest grace alone cannot settle a locked boundary.	At the listed pickup, which region lock permits standing and collection? Record the player play-region bucket and approach grace; distinguish elevation/locked access from the tile.
region	ground-m60_38_54	1038547030	7772699	Mt. Gelmir :: Fire Arrow - near First Mt. Gelmir Campsite, may be sweep-granted by Ulcerated Tree Spirit (m60_37_54) [f1038547030]	review	Mt. Gelmir	m60_38_54	none buckets=-	m60_38_54:treasure:lot1038540030	First Mt. Gelmir Campsite via=	No complete exact placement coverage; a tile default, seam or nearest grace alone cannot settle a locked boundary.	At the listed pickup, which region lock permits standing and collection? Record the player play-region bucket and approach grace; distinguish elevation/locked access from the tile.
region	ground-m60_38_54	1038547050	7772700	Mt. Gelmir :: [Incantation] Golden Vow - near First Mt. Gelmir Campsite, may be sweep-granted by Demi-Human Queen Maggie (m60_37_53) [f1038547050]	review	Mt. Gelmir	m60_38_54	none buckets=-	m60_38_54:treasure:lot1038540050	First Mt. Gelmir Campsite via=	No complete exact placement coverage; a tile default, seam or nearest grace alone cannot settle a locked boundary.	At the listed pickup, which region lock permits standing and collection? Record the player play-region bucket and approach grace; distinguish elevation/locked access from the tile.
region	ground-m60_38_54	1038547060	7772701	Mt. Gelmir :: Arteria Leaf - near First Mt. Gelmir Campsite, may be sweep-granted by Ulcerated Tree Spirit (m60_37_54) [f1038547060]	confirmed	Mt. Gelmir	m60_38_54	volume:プレイエリア上書き領域 ゲルミア火山 パーツ3 buckets=63020	m60_38_54:treasure:lot1038540060	First Mt. Gelmir Campsite via=	All available placement maps covered by exact point-in-volume rows agreeing with the current region.	
region	ground-m60_38_54	1038547070	7772702	Mt. Gelmir :: Throwing Dagger - near First Mt. Gelmir Campsite, may be sweep-granted by Demi-Human Queen Maggie (m60_37_53) [f1038547070]	review	Mt. Gelmir	m60_38_54	none buckets=-	m60_38_54:treasure:lot1038540070	First Mt. Gelmir Campsite via=	No complete exact placement coverage; a tile default, seam or nearest grace alone cannot settle a locked boundary.	At the listed pickup, which region lock permits standing and collection? Record the player play-region bucket and approach grace; distinguish elevation/locked access from the tile.
region	ground-m60_38_54	1038547080	7772703	Mt. Gelmir :: Beast Blood - near First Mt. Gelmir Campsite, may be sweep-granted by Ulcerated Tree Spirit (m60_37_54) [f1038547080]	review	Mt. Gelmir	m60_38_54	none buckets=-	m60_38_54:treasure:lot1038540080	First Mt. Gelmir Campsite via=	No complete exact placement coverage; a tile default, seam or nearest grace alone cannot settle a locked boundary.	At the listed pickup, which region lock permits standing and collection? Record the player play-region bucket and approach grace; distinguish elevation/locked access from the tile.
region	ground-m60_38_54	1038547090	7772704	Mt. Gelmir :: Smithing Stone [5] - near Shaded Castle Inner Gate, may be sweep-granted by Demi-Human Queen Maggie (m60_37_53) [f1038547090]	review	Mt. Gelmir	m60_38_54	none buckets=-	m60_38_54:treasure:lot1038540090	Shaded Castle Inner Gate via=	No complete exact placement coverage; a tile default, seam or nearest grace alone cannot settle a locked boundary.	At the listed pickup, which region lock permits standing and collection? Record the player play-region bucket and approach grace; distinguish elevation/locked access from the tile.
region	ground-m60_38_54	1038547100	7772705	Mt. Gelmir :: Antspur Rapier - around First Mt. Gelmir Campsite, may be sweep-granted by Ulcerated Tree Spirit (m60_37_54) [f1038547100]	review	Mt. Gelmir	m60_38_54		m60_38_54:event:lot1038540100		No complete exact placement coverage; a tile default, seam or nearest grace alone cannot settle a locked boundary.	At the listed pickup, which region lock permits standing and collection? Record the player play-region bucket and approach grace; distinguish elevation/locked access from the tile.
region	ground-m60_38_54	1038547100	7900242	Mt. Gelmir :: Marais Mask - around First Mt. Gelmir Campsite, may be sweep-granted by Demi-Human Queen Maggie (m60_37_53) [f1038547100]	review	Mt. Gelmir	m60_38_54		m60_38_54:event:lot1038540100		No complete exact placement coverage; a tile default, seam or nearest grace alone cannot settle a locked boundary.	At the listed pickup, which region lock permits standing and collection? Record the player play-region bucket and approach grace; distinguish elevation/locked access from the tile.
region	ground-m60_38_54	1038547100	7900243	Mt. Gelmir :: Marais Robe - around First Mt. Gelmir Campsite, may be sweep-granted by Ulcerated Tree Spirit (m60_37_54) [f1038547100]	review	Mt. Gelmir	m60_38_54		m60_38_54:event:lot1038540100		No complete exact placement coverage; a tile default, seam or nearest grace alone cannot settle a locked boundary.	At the listed pickup, which region lock permits standing and collection? Record the player play-region bucket and approach grace; distinguish elevation/locked access from the tile.
region	ground-m60_38_54	1038547110	7772706	Mt. Gelmir :: Pulley Bow - near First Mt. Gelmir Campsite, may be sweep-granted by Demi-Human Queen Maggie (m60_37_53) [f1038547110]	review	Mt. Gelmir	m60_38_54	none buckets=-	m60_38_54:treasure:lot1038540110	First Mt. Gelmir Campsite via=	No complete exact placement coverage; a tile default, seam or nearest grace alone cannot settle a locked boundary.	At the listed pickup, which region lock permits standing and collection? Record the player play-region bucket and approach grace; distinguish elevation/locked access from the tile.
region	ground-m60_38_54	1038547700	7772707	Mt. Gelmir :: Sacred Butchering Knife - around First Mt. Gelmir Campsite, may be sweep-granted by Ulcerated Tree Spirit (m60_37_54) [f1038547700]	review	Mt. Gelmir	m60_38_54		m60_38_54:event:lot1038540700		No complete exact placement coverage; a tile default, seam or nearest grace alone cannot settle a locked boundary.	At the listed pickup, which region lock permits standing and collection? Record the player play-region bucket and approach grace; distinguish elevation/locked access from the tile.
region	ground-m60_39_53	1039537000	7772743	Mt. Gelmir :: Golden Rune [4] - near Bridge of Iniquity, may be sweep-granted by Tibia Mariner (m60_38_52) [f1039537000]	review	Mt. Gelmir	m60_39_53	none buckets=-	m60_39_53:treasure:lot1039530000	Bridge of Iniquity via=	No complete exact placement coverage; a tile default, seam or nearest grace alone cannot settle a locked boundary.	At the listed pickup, which region lock permits standing and collection? Record the player play-region bucket and approach grace; distinguish elevation/locked access from the tile.
region	ground-m60_39_53	1039537010	7772744	Mt. Gelmir :: Blood Grease - near Bridge of Iniquity, may be sweep-granted by Tibia Mariner (m60_38_52) [f1039537010]	review	Mt. Gelmir	m60_39_53	none buckets=-	m60_39_53:treasure:lot1039530010	Bridge of Iniquity via=	No complete exact placement coverage; a tile default, seam or nearest grace alone cannot settle a locked boundary.	At the listed pickup, which region lock permits standing and collection? Record the player play-region bucket and approach grace; distinguish elevation/locked access from the tile.
region	ground-m60_39_53	1039537020	7772745	Mt. Gelmir :: Golden Rune [3] - near Old Altus Tunnel, may be sweep-granted by Tibia Mariner (m60_38_52) [f1039537020]	review	Mt. Gelmir	m60_39_53	none buckets=-	m60_39_53:treasure:lot1039530020	Old Altus Tunnel via=	No complete exact placement coverage; a tile default, seam or nearest grace alone cannot settle a locked boundary.	At the listed pickup, which region lock permits standing and collection? Record the player play-region bucket and approach grace; distinguish elevation/locked access from the tile.
region	ground-m60_39_53	1039537030	7772746	Mt. Gelmir :: Miquella's Lily - near Bridge of Iniquity, may be sweep-granted by Tibia Mariner (m60_38_52) [f1039537030]	review	Mt. Gelmir	m60_39_53	none buckets=-	m60_39_53:treasure:lot1039530030	Bridge of Iniquity via=	No complete exact placement coverage; a tile default, seam or nearest grace alone cannot settle a locked boundary.	At the listed pickup, which region lock permits standing and collection? Record the player play-region bucket and approach grace; distinguish elevation/locked access from the tile.
region	ground-m60_39_53	1039537040	7772747	Altus :: Nascent Butterfly - near Bridge of Iniquity, may be sweep-granted by Sanguine Noble (m60_40_53) [f1039537040]	fixed	Altus	m60_39_53	volume:領域 マップ情報上書き用 (高山と火山の境界) {2} buckets=63000	m60_39_53:treasure:lot1039530040	Bridge of Iniquity via=	Single ground placement; exact volume6300001/6300040 -> play bucket63000 (Altus).	
region	ground-m60_39_53	1039537050	7772748	Altus :: [Sorcery] Unseen Blade - near Bower of Bounty, may be sweep-granted by Elemer of the Briar (m60_39_54) [f1039537050]	fixed	Altus	m60_39_53	volume:プレイ領域 6300040 高山 マルチプレイ禁止 魔術師の塔 buckets=63000	m60_39_53:treasure:lot1039530050	Bower of Bounty via=	Single ground placement; exact volume6300001/6300040 -> play bucket63000 (Altus).	
region	ground-m60_39_53	1039537050	7900245	Altus :: Unseen Form - near Bower of Bounty, may be sweep-granted by Elemer of the Briar (m60_39_54) [f1039537050]	fixed	Altus	m60_39_53	volume:プレイ領域 6300040 高山 マルチプレイ禁止 魔術師の塔 buckets=63000	m60_39_53:treasure:lot1039530050	Bower of Bounty via=	Single ground placement; exact volume6300001/6300040 -> play bucket63000 (Altus).	
region	ground-m60_39_53	1039537060	7772749	Altus :: Slumbering Egg - near Bower of Bounty, may be sweep-granted by Black Knife Assassin (m60_40_52) [f1039537060]	fixed	Altus	m60_39_53	volume:プレイ領域 6300040 高山 マルチプレイ禁止 魔術師の塔 buckets=63000	m60_39_53:treasure:lot1039530060	Bower of Bounty via=	Single ground placement; exact volume6300001/6300040 -> play bucket63000 (Altus).	
region	ground-m60_39_53	1039537070	7772750	Mt. Gelmir :: Golden Rune [3] - near Bower of Bounty, may be sweep-granted by Tibia Mariner (m60_38_52) [f1039537070]	review	Mt. Gelmir	m60_39_53	tile-default buckets=63000	m60_39_53:treasure:lot1039530070	Bower of Bounty via=	No complete exact placement coverage; a tile default, seam or nearest grace alone cannot settle a locked boundary.	At the listed pickup, which region lock permits standing and collection? Record the player play-region bucket and approach grace; distinguish elevation/locked access from the tile.
region	ground-m60_39_53	1039537080	7772751	Mt. Gelmir :: Mirage Riddle - around Bridge of Iniquity, may be sweep-granted by Tibia Mariner (m60_38_52) [f1039537080]	review	Mt. Gelmir	m60_39_53		m60_39_53:event:lot1039530080		No complete exact placement coverage; a tile default, seam or nearest grace alone cannot settle a locked boundary.	At the listed pickup, which region lock permits standing and collection? Record the player play-region bucket and approach grace; distinguish elevation/locked access from the tile.
region	ground-m60_39_53	1039537700	7772752	Mt. Gelmir :: Crepus's Vial - around Bridge of Iniquity, may be sweep-granted by Tibia Mariner (m60_38_52) [f1039537700]	review	Mt. Gelmir	m60_39_53		m60_39_53:event:lot1039530700		No complete exact placement coverage; a tile default, seam or nearest grace alone cannot settle a locked boundary.	At the listed pickup, which region lock permits standing and collection? Record the player play-region bucket and approach grace; distinguish elevation/locked access from the tile.
region	ground-m60_39_53	1039537700	7900246	Mt. Gelmir :: Black-Key Bolt - around Bridge of Iniquity, may be sweep-granted by Tibia Mariner (m60_38_52) [f1039537700]	review	Mt. Gelmir	m60_39_53		m60_39_53:event:lot1039530700		No complete exact placement coverage; a tile default, seam or nearest grace alone cannot settle a locked boundary.	At the listed pickup, which region lock permits standing and collection? Record the player play-region bucket and approach grace; distinguish elevation/locked access from the tile.
region	route-1039537750	1039537750	7774245	Mt. Gelmir :: Golden Rune [10] - around Bridge of Iniquity, may be sweep-granted by Tibia Mariner (m60_38_52) [f1039537750]	review	Mt. Gelmir					No complete exact placement coverage; a tile default, seam or nearest grace alone cannot settle a locked boundary.	Which acquisition site and prerequisite chain should define the AP check, including relocation/death and existing sweeps?
region	ground-m60_43_34	1043347000	7772871	Weeping :: Arteria Leaf - near Church of Pilgrimage, may be sweep-granted by Erdtree Avatar (m60_43_33) [f1043347000]	review	Weeping	m60_43_34	none buckets=-	m60_43_34:treasure:lot1043340000	Church of Pilgrimage via=	No complete exact placement coverage; a tile default, seam or nearest grace alone cannot settle a locked boundary.	At the listed pickup, which region lock permits standing and collection? Record the player play-region bucket and approach grace; distinguish elevation/locked access from the tile.
region	ground-m60_43_34	1043347040	7772872	Weeping :: Gold-Tinged Excrement - near Ailing Village Outskirts, may be sweep-granted by Ancient Hero of Zamor (m60_42_33) [f1043347040]	review	Weeping	m60_43_34	none buckets=-	m60_43_34:treasure:lot1043340040	Ailing Village Outskirts via=	No complete exact placement coverage; a tile default, seam or nearest grace alone cannot settle a locked boundary.	At the listed pickup, which region lock permits standing and collection? Record the player play-region bucket and approach grace; distinguish elevation/locked access from the tile.
region	ground-m60_43_34	1043347050	7772873	Weeping :: String - near Ailing Village Outskirts, may be sweep-granted by Erdtree Avatar (m60_43_33) [f1043347050]	review	Weeping	m60_43_34	none buckets=-	m60_43_34:treasure:lot1043340050	Ailing Village Outskirts via=	No complete exact placement coverage; a tile default, seam or nearest grace alone cannot settle a locked boundary.	At the listed pickup, which region lock permits standing and collection? Record the player play-region bucket and approach grace; distinguish elevation/locked access from the tile.
region	route-1043527750	1043527750	7774344	Altus :: Golden Rune [13] - m60_43_52 (region unconfirmed) (1), may be sweep-granted by Bell Bearing Hunter (m60_43_53) [f1043527750]	review	Altus					No complete exact placement coverage; a tile default, seam or nearest grace alone cannot settle a locked boundary.	Which acquisition site and prerequisite chain should define the AP check, including relocation/death and existing sweeps?
region	route-1043527760	1043527760	7774345	Altus :: Golden Rune [13] - m60_43_52 (region unconfirmed) (2), may be sweep-granted by Deathbird (m60_44_53) [f1043527760]	review	Altus					No complete exact placement coverage; a tile default, seam or nearest grace alone cannot settle a locked boundary.	Which acquisition site and prerequisite chain should define the AP check, including relocation/death and existing sweeps?
region	ground-m60_44_34	1044347000	7772918	Weeping :: Stonesword Key - near Bridge of Sacrifice, may be sweep-granted by Erdtree Avatar (m60_43_33) [f1044347000]	review	Weeping	m60_44_34	none buckets=-	m60_44_34:treasure:lot1044340000	Bridge of Sacrifice via=	No complete exact placement coverage; a tile default, seam or nearest grace alone cannot settle a locked boundary.	At the listed pickup, which region lock permits standing and collection? Record the player play-region bucket and approach grace; distinguish elevation/locked access from the tile.
region	ground-m60_44_34	1044347010	7774354	Weeping :: Smithing Stone [1] - near Bridge of Sacrifice, may be sweep-granted by Erdtree Avatar (m60_43_33) [f1044347010]	review	Weeping	m60_44_34	none buckets=-	m60_44_34:treasure:lot1044340010	Bridge of Sacrifice via=	No complete exact placement coverage; a tile default, seam or nearest grace alone cannot settle a locked boundary.	At the listed pickup, which region lock permits standing and collection? Record the player play-region bucket and approach grace; distinguish elevation/locked access from the tile.
region	ground-m60_44_34	1044347040	7774355	Weeping :: Rainbow Stone - near South of the Lookout Tower (2), may be sweep-granted by Erdtree Avatar (m60_43_33) [f1044347040]	review	Weeping	m60_44_34	none buckets=-	m60_44_34:treasure:lot1044340040	South of the Lookout Tower via=	No complete exact placement coverage; a tile default, seam or nearest grace alone cannot settle a locked boundary.	At the listed pickup, which region lock permits standing and collection? Record the player play-region bucket and approach grace; distinguish elevation/locked access from the tile.
region	ground-m60_44_34	1044347050	7774356	Weeping :: Ruin Fragment - near Bridge of Sacrifice, may be sweep-granted by Erdtree Avatar (m60_43_33) [f1044347050]	review	Weeping	m60_44_34	none buckets=-	m60_44_34:treasure:lot1044340050	Bridge of Sacrifice via=	No complete exact placement coverage; a tile default, seam or nearest grace alone cannot settle a locked boundary.	At the listed pickup, which region lock permits standing and collection? Record the player play-region bucket and approach grace; distinguish elevation/locked access from the tile.
region	ground-m60_44_34	1044347060	7774357	Weeping :: Golden Rune [1] - near Bridge of Sacrifice (1), may be sweep-granted by Erdtree Avatar (m60_43_33) [f1044347060]	review	Weeping	m60_44_34	none buckets=-	m60_44_34:treasure:lot1044340060	Bridge of Sacrifice via=	No complete exact placement coverage; a tile default, seam or nearest grace alone cannot settle a locked boundary.	At the listed pickup, which region lock permits standing and collection? Record the player play-region bucket and approach grace; distinguish elevation/locked access from the tile.
region	ground-m60_44_34	1044347070	7774358	Weeping :: Golden Rune [1] - near Bridge of Sacrifice (2), may be sweep-granted by Erdtree Avatar (m60_43_33) [f1044347070]	review	Weeping	m60_44_34	none buckets=-	m60_44_34:treasure:lot1044340070	Bridge of Sacrifice via=	No complete exact placement coverage; a tile default, seam or nearest grace alone cannot settle a locked boundary.	At the listed pickup, which region lock permits standing and collection? Record the player play-region bucket and approach grace; distinguish elevation/locked access from the tile.
region	ground-m60_44_34	1044347080	7774359	Weeping :: Large Club - near Bridge of Sacrifice, may be sweep-granted by Erdtree Avatar (m60_43_33) [f1044347080]	review	Weeping	m60_44_34	none buckets=-	m60_44_34:treasure:lot1044340080	Bridge of Sacrifice via=	No complete exact placement coverage; a tile default, seam or nearest grace alone cannot settle a locked boundary.	At the listed pickup, which region lock permits standing and collection? Record the player play-region bucket and approach grace; distinguish elevation/locked access from the tile.
region	ground-m60_46_39	1046397000	7772957	Caelid :: Golden Rune [1] - near Gael Tunnel, may be sweep-granted by Putrid Avatar (m60_47_40) [f1046397000]	review	Caelid	m60_46_39	seam:プレイ領域 平原側崖上 6400000 {2}@5.1m buckets=64000; seam:プレイ領域 平原側崖上 6400000 {2}@5.1m buckets=64000	m60_46_39:treasure:lot1046390000	Gael Tunnel via=	No complete exact placement coverage; a tile default, seam or nearest grace alone cannot settle a locked boundary.	At the listed pickup, which region lock permits standing and collection? Record the player play-region bucket and approach grace; distinguish elevation/locked access from the tile.
region	ground-m60_46_39	1046397010	7772958	Caelid :: Golden Rune [2] - near Gael Tunnel, may be sweep-granted by Putrid Avatar (m60_47_40) [f1046397010]	review	Caelid	m60_46_39	tile-default buckets=32070; tile-default buckets=32070	m60_46_39:treasure:lot1046390010	Gael Tunnel via=	No complete exact placement coverage; a tile default, seam or nearest grace alone cannot settle a locked boundary.	At the listed pickup, which region lock permits standing and collection? Record the player play-region bucket and approach grace; distinguish elevation/locked access from the tile.
region	ground-m60_46_39	1046397020	7772959	Caelid :: Golden Rune [3] - near Gael Tunnel, may be sweep-granted by Putrid Avatar (m60_47_40) [f1046397020]	review	Caelid	m60_46_39	seam:プレイ領域 平原側崖上 6400000 {2}@6.9m buckets=64000; seam:プレイ領域 平原側崖上 6400000 {2}@6.9m buckets=64000	m60_46_39:treasure:lot1046390020	Gael Tunnel via=	No complete exact placement coverage; a tile default, seam or nearest grace alone cannot settle a locked boundary.	At the listed pickup, which region lock permits standing and collection? Record the player play-region bucket and approach grace; distinguish elevation/locked access from the tile.
region	ground-m60_46_40	1046407000	7772960	Caelid :: Nascent Butterfly - near Rotview Balcony, may be sweep-granted by Putrid Avatar (m60_47_40) [f1046407000]	review	Caelid	m60_46_40	none buckets=-	m60_46_40:treasure:lot1046400000	Rotview Balcony via=	No complete exact placement coverage; a tile default, seam or nearest grace alone cannot settle a locked boundary.	At the listed pickup, which region lock permits standing and collection? Record the player play-region bucket and approach grace; distinguish elevation/locked access from the tile.
region	ground-m60_46_40	1046407010	7772961	Caelid :: Rune Arc - near Rotview Balcony, may be sweep-granted by Putrid Avatar (m60_47_40) [f1046407010]	review	Caelid	m60_46_40	none buckets=-	m60_46_40:treasure:lot1046400010	Rotview Balcony via=	No complete exact placement coverage; a tile default, seam or nearest grace alone cannot settle a locked boundary.	At the listed pickup, which region lock permits standing and collection? Record the player play-region bucket and approach grace; distinguish elevation/locked access from the tile.
region	ground-m60_46_40	1046407020	7772962	Caelid :: Golden Rune [3] - near Rotview Balcony, may be sweep-granted by Putrid Avatar (m60_47_40) [f1046407020]	review	Caelid	m60_46_40	none buckets=-	m60_46_40:treasure:lot1046400020	Rotview Balcony via=	No complete exact placement coverage; a tile default, seam or nearest grace alone cannot settle a locked boundary.	At the listed pickup, which region lock permits standing and collection? Record the player play-region bucket and approach grace; distinguish elevation/locked access from the tile.
region	ground-m60_46_40	1046407040	7772963	Caelid :: Preserving Boluses - near Rotview Balcony, may be sweep-granted by Putrid Avatar (m60_47_40) [f1046407040]	review	Caelid	m60_46_40	none buckets=-	m60_46_40:treasure:lot1046400040	Rotview Balcony via=	No complete exact placement coverage; a tile default, seam or nearest grace alone cannot settle a locked boundary.	At the listed pickup, which region lock permits standing and collection? Record the player play-region bucket and approach grace; distinguish elevation/locked access from the tile.
region	ground-m60_46_40	1046407060	7772964	Caelid :: Drawstring Lightning Grease - near Rotview Balcony, may be sweep-granted by Putrid Avatar (m60_47_40) [f1046407060]	review	Caelid	m60_46_40	none buckets=-	m60_46_40:treasure:lot1046400060	Rotview Balcony via=	No complete exact placement coverage; a tile default, seam or nearest grace alone cannot settle a locked boundary.	At the listed pickup, which region lock permits standing and collection? Record the player play-region bucket and approach grace; distinguish elevation/locked access from the tile.
region	ground-m60_46_40	1046407700	7772965	Caelid :: Sacred Scorpion Charm - around Smoldering Church, may be sweep-granted by Putrid Avatar (m60_47_40) [f1046407700]	review	Caelid	m60_46_40		m60_46_40:event:lot1046400700		No complete exact placement coverage; a tile default, seam or nearest grace alone cannot settle a locked boundary.	At the listed pickup, which region lock permits standing and collection? Record the player play-region bucket and approach grace; distinguish elevation/locked access from the tile.
region	ground-m60_50_56	1050567300	7773098	Consecrated Snowfield :: Tarnished Golden Sunflower - near Inner Consecrated Snowfield (region unconfirmed), may be sweep-granted by Great Wyrm Theodorix (m60_50_56) [f1050567300]	review	Consecrated Snowfield	m60_50_56	none buckets=-	m60_50_56:treasure:lot1050560300	Inner Consecrated Snowfield via=	No complete exact placement coverage; a tile default, seam or nearest grace alone cannot settle a locked boundary.	At the listed pickup, which region lock permits standing and collection? Record the player play-region bucket and approach grace; distinguish elevation/locked access from the tile.
region	ground-m60_50_56	1050567600	7773102	Consecrated Snowfield :: Ancient Dragon Smithing Stone - near Consecrated Snowfield Catacombs (region unconfirmed), may be sweep-granted by Great Wyrm Theodorix (m60_50_56) [f1050567600]	confirmed	Consecrated Snowfield	m60_50_56	volume:プレイ領域 6503000 構成パーツ1 buckets=65030	m60_50_56:treasure:lot1050560600	Consecrated Snowfield Catacombs via=	All available placement maps covered by exact point-in-volume rows agreeing with the current region.	
region	ground-m60_50_56	1050567700	7774491	Consecrated Snowfield :: Hoslow's Petal Whip - near Consecrated Snowfield Catacombs (region unconfirmed), may be sweep-granted by Great Wyrm Theodorix (m60_50_56) [f1050567700]	confirmed	Consecrated Snowfield	m60_50_56		m60_50_56:event:lot1050560700	Consecrated Snowfield Catacombs via=boss_arena	Retain the documented grace-ground/access ruling in gen_data.FLAG_REGION_OVERRIDE and region_overrides.tsv.	
region	ground-m60_50_56	1050567700	7900271	Consecrated Snowfield :: Hoslow's Helm - near Consecrated Snowfield Catacombs (region unconfirmed), may be sweep-granted by Great Wyrm Theodorix (m60_50_56) [f1050567700]	confirmed	Consecrated Snowfield	m60_50_56		m60_50_56:event:lot1050560700	Consecrated Snowfield Catacombs via=boss_arena	Retain the documented grace-ground/access ruling in gen_data.FLAG_REGION_OVERRIDE and region_overrides.tsv.	
region	ground-m60_50_56	1050567700	7900272	Consecrated Snowfield :: Hoslow's Armor - near Consecrated Snowfield Catacombs (region unconfirmed), may be sweep-granted by Great Wyrm Theodorix (m60_50_56) [f1050567700]	confirmed	Consecrated Snowfield	m60_50_56		m60_50_56:event:lot1050560700	Consecrated Snowfield Catacombs via=boss_arena	Retain the documented grace-ground/access ruling in gen_data.FLAG_REGION_OVERRIDE and region_overrides.tsv.	
region	ground-m60_50_56	1050567700	7900273	Consecrated Snowfield :: Hoslow's Gauntlets - near Consecrated Snowfield Catacombs (region unconfirmed), may be sweep-granted by Great Wyrm Theodorix (m60_50_56) [f1050567700]	confirmed	Consecrated Snowfield	m60_50_56		m60_50_56:event:lot1050560700	Consecrated Snowfield Catacombs via=boss_arena	Retain the documented grace-ground/access ruling in gen_data.FLAG_REGION_OVERRIDE and region_overrides.tsv.	
region	ground-m60_50_56	1050567700	7900274	Consecrated Snowfield :: Hoslow's Greaves - near Consecrated Snowfield Catacombs (region unconfirmed), may be sweep-granted by Great Wyrm Theodorix (m60_50_56) [f1050567700]	confirmed	Consecrated Snowfield	m60_50_56		m60_50_56:event:lot1050560700	Consecrated Snowfield Catacombs via=boss_arena	Retain the documented grace-ground/access ruling in gen_data.FLAG_REGION_OVERRIDE and region_overrides.tsv.	
region	ground-m60_50_56	1050567800	7773104	Consecrated Snowfield :: Smithing Stone [8] - near Inner Consecrated Snowfield (region unconfirmed), may be sweep-granted by Great Wyrm Theodorix (m60_50_56) [f1050567800]	review	Consecrated Snowfield	m60_50_56	none buckets=-	m60_50_56:treasure:lot1050560800	Inner Consecrated Snowfield via=	No complete exact placement coverage; a tile default, seam or nearest grace alone cannot settle a locked boundary.	At the listed pickup, which region lock permits standing and collection? Record the player play-region bucket and approach grace; distinguish elevation/locked access from the tile.
region	ground-m60_51_55	1051557300	7773136	Consecrated Snowfield :: Golden Rune [7] - near Consecrated Snowfield Catacombs (region unconfirmed), may be sweep-granted by Great Wyrm Theodorix (m60_50_56) [f1051557300]	review	Consecrated Snowfield	m60_51_55	none buckets=-	m60_51_55:treasure:lot1051550300	Consecrated Snowfield Catacombs via=	No complete exact placement coverage; a tile default, seam or nearest grace alone cannot settle a locked boundary.	At the listed pickup, which region lock permits standing and collection? Record the player play-region bucket and approach grace; distinguish elevation/locked access from the tile.
region	ground-m61_44_47	2044477050	7773226	Rauh Base :: Somber Smithing Stone [9] - near Ravine North, may be sweep-granted by Rugalea the Great Red Bear (m61_44_47) [f2044477050]	review	Rauh Base	m61_44_47	none buckets=-; none buckets=-	m61_44_47:treasure:lot2044470050	Ravine North via=	No complete exact placement coverage; a tile default, seam or nearest grace alone cannot settle a locked boundary.	At the listed pickup, which region lock permits standing and collection? Record the player play-region bucket and approach grace; distinguish elevation/locked access from the tile.
region	ground-m61_45_46	2045467020	7773249	Rauh Base :: Smithing Stone [7] - near Rauh Ancient Ruins, West, may be sweep-granted by Red Bear (m61_46_45) [f2045467020]	review	Rauh Base	m61_45_46	none buckets=-; none buckets=-	m61_45_46:treasure:lot2045460020	Rauh Ancient Ruins, West via=	No complete exact placement coverage; a tile default, seam or nearest grace alone cannot settle a locked boundary.	At the listed pickup, which region lock permits standing and collection? Record the player play-region bucket and approach grace; distinguish elevation/locked access from the tile.
region	ground-m61_45_46	2045467040	7773250	Rauh Base :: Golden Horn Tender - near Church of the Bud, Main Entrance, may be sweep-granted by Rugalea the Great Red Bear (m61_44_47) [f2045467040]	review	Rauh Base	m61_45_46	none buckets=-; none buckets=-	m61_45_46:treasure:lot2045460040	Church of the Bud, Main Entrance via=	No complete exact placement coverage; a tile default, seam or nearest grace alone cannot settle a locked boundary.	At the listed pickup, which region lock permits standing and collection? Record the player play-region bucket and approach grace; distinguish elevation/locked access from the tile.
region	ground-m61_45_46	2045467995	7773259	Rauh Base :: Sacred Bloody Flesh - around Temple Town Ruins, may be sweep-granted by Red Bear (m61_46_45) [f2045467995]	review	Rauh Base	m61_45_46	none buckets=-; none buckets=-	m61_45_46:enemy:lot508100700		No complete exact placement coverage; a tile default, seam or nearest grace alone cannot settle a locked boundary.	At the listed pickup, which region lock permits standing and collection? Record the player play-region bucket and approach grace; distinguish elevation/locked access from the tile.
region	ground-m61_45_47	2045477010	7773260	Rauh Base :: Shadow Realm Rune [7] - near Rauh Ancient Ruins, East, may be sweep-granted by Rugalea the Great Red Bear (m61_44_47) [f2045477010]	review	Rauh Base	m61_45_47	none buckets=-; none buckets=-	m61_45_47:treasure:lot2045470010	Rauh Ancient Ruins, East via=	No complete exact placement coverage; a tile default, seam or nearest grace alone cannot settle a locked boundary.	At the listed pickup, which region lock permits standing and collection? Record the player play-region bucket and approach grace; distinguish elevation/locked access from the tile.
region	ground-m61_45_47	2045477040	7773262	Rauh Base :: [Incantation] Aspects of the Crucible: Bloom - near Ravine North, may be sweep-granted by Rugalea the Great Red Bear (m61_44_47) [f2045477040]	review	Rauh Base	m61_45_47	none buckets=-; none buckets=-	m61_45_47:treasure:lot2045470040	Ravine North via=	No complete exact placement coverage; a tile default, seam or nearest grace alone cannot settle a locked boundary.	At the listed pickup, which region lock permits standing and collection? Record the player play-region bucket and approach grace; distinguish elevation/locked access from the tile.
region	ground-m61_45_47	2045477050	7773263	Rauh Base :: Broken Rune - near Rauh Ancient Ruins, East, may be sweep-granted by Rugalea the Great Red Bear (m61_44_47) [f2045477050]	review	Rauh Base	m61_45_47	none buckets=-; none buckets=-	m61_45_47:treasure:lot2045470050	Rauh Ancient Ruins, East via=	No complete exact placement coverage; a tile default, seam or nearest grace alone cannot settle a locked boundary.	At the listed pickup, which region lock permits standing and collection? Record the player play-region bucket and approach grace; distinguish elevation/locked access from the tile.
region	ground-m61_45_47	2045477060	7773264	Rauh Base :: Dewgem - near Rauh Ancient Ruins, East, may be sweep-granted by Rugalea the Great Red Bear (m61_44_47) [f2045477060]	review	Rauh Base	m61_45_47	none buckets=-; none buckets=-	m61_45_47:treasure:lot2045470060	Rauh Ancient Ruins, East via=	No complete exact placement coverage; a tile default, seam or nearest grace alone cannot settle a locked boundary.	At the listed pickup, which region lock permits standing and collection? Record the player play-region bucket and approach grace; distinguish elevation/locked access from the tile.
region	ground-m61_45_47	2045477070	7773265	Rauh Base :: Rauh Burrow - near Rauh Ancient Ruins, East, may be sweep-granted by Rugalea the Great Red Bear (m61_44_47) [f2045477070]	review	Rauh Base	m61_45_47	none buckets=-; none buckets=-	m61_45_47:treasure:lot2045470070	Rauh Ancient Ruins, East via=	No complete exact placement coverage; a tile default, seam or nearest grace alone cannot settle a locked boundary.	At the listed pickup, which region lock permits standing and collection? Record the player play-region bucket and approach grace; distinguish elevation/locked access from the tile.
region	ground-m61_45_47	2045477400	7773266	Rauh Base :: Devonia's Hammer - around Ravine North, may be sweep-granted by Rugalea the Great Red Bear (m61_44_47) [f2045477400]	review	Rauh Base	m61_45_47		m61_45_47:event:lot2045470400		No complete exact placement coverage; a tile default, seam or nearest grace alone cannot settle a locked boundary.	At the listed pickup, which region lock permits standing and collection? Record the player play-region bucket and approach grace; distinguish elevation/locked access from the tile.
region	ground-m61_45_47	2045477400	7900280	Rauh Base :: Crucible Hammer-Helm - around Ravine North, may be sweep-granted by Rugalea the Great Red Bear (m61_44_47) [f2045477400]	review	Rauh Base	m61_45_47		m61_45_47:event:lot2045470400		No complete exact placement coverage; a tile default, seam or nearest grace alone cannot settle a locked boundary.	At the listed pickup, which region lock permits standing and collection? Record the player play-region bucket and approach grace; distinguish elevation/locked access from the tile.
region	route-2045477500	2045477500	7773267	Rauh Base :: Sword of Light - around Ravine North (1), may be sweep-granted by Rugalea the Great Red Bear (m61_44_47) [f2045477500]	review	Rauh Base	m61_45_47;m61_50_46		m61_45_47:event:lot2045470500; m61_50_46:event:lot2045470500		No complete exact placement coverage; a tile default, seam or nearest grace alone cannot settle a locked boundary.	Which acquisition site and prerequisite chain should define the AP check, including relocation/death and existing sweeps?
region	route-2045477510	2045477510	7773268	Rauh Base :: Sword of Light - around Ravine North (2), may be sweep-granted by Rugalea the Great Red Bear (m61_44_47) [f2045477510]	review	Rauh Base	m61_45_47;m61_50_46		m61_45_47:event:lot2045470510; m61_50_46:event:lot2045470510		No complete exact placement coverage; a tile default, seam or nearest grace alone cannot settle a locked boundary.	Which acquisition site and prerequisite chain should define the AP check, including relocation/death and existing sweeps?
region	route-2045477520	2045477520	7773269	Rauh Base :: Sword of Light - around Ravine North (3), may be sweep-granted by Rugalea the Great Red Bear (m61_44_47) [f2045477520]	review	Rauh Base	m61_45_47;m61_50_46		m61_45_47:event:lot2045470520; m61_50_46:event:lot2045470520		No complete exact placement coverage; a tile default, seam or nearest grace alone cannot settle a locked boundary.	Which acquisition site and prerequisite chain should define the AP check, including relocation/death and existing sweeps?
region	route-2045477530	2045477530	7773270	Rauh Base :: Sword of Light - around Ravine North (4), may be sweep-granted by Rugalea the Great Red Bear (m61_44_47) [f2045477530]	review	Rauh Base	m61_45_47;m61_50_46		m61_45_47:event:lot2045470530; m61_50_46:event:lot2045470530		No complete exact placement coverage; a tile default, seam or nearest grace alone cannot settle a locked boundary.	Which acquisition site and prerequisite chain should define the AP check, including relocation/death and existing sweeps?
region	route-2045477540	2045477540	7773271	Rauh Base :: Sword of Light - around Ravine North (5), may be sweep-granted by Rugalea the Great Red Bear (m61_44_47) [f2045477540]	review	Rauh Base	m61_45_47;m61_50_46		m61_45_47:event:lot2045470540; m61_50_46:event:lot2045470540		No complete exact placement coverage; a tile default, seam or nearest grace alone cannot settle a locked boundary.	Which acquisition site and prerequisite chain should define the AP check, including relocation/death and existing sweeps?
region	route-2045477550	2045477550	7773272	Rauh Base :: Sword of Light - around Ravine North (6), may be sweep-granted by Rugalea the Great Red Bear (m61_44_47) [f2045477550]	review	Rauh Base	m61_45_47;m61_50_46		m61_45_47:event:lot2045470550; m61_50_46:event:lot2045470550		No complete exact placement coverage; a tile default, seam or nearest grace alone cannot settle a locked boundary.	Which acquisition site and prerequisite chain should define the AP check, including relocation/death and existing sweeps?
region	route-2045477560	2045477560	7773273	Rauh Base :: Sword of Light - around Ravine North (7), may be sweep-granted by Rugalea the Great Red Bear (m61_44_47) [f2045477560]	review	Rauh Base	m61_45_47;m61_50_46		m61_45_47:event:lot2045470560; m61_50_46:event:lot2045470560		No complete exact placement coverage; a tile default, seam or nearest grace alone cannot settle a locked boundary.	Which acquisition site and prerequisite chain should define the AP check, including relocation/death and existing sweeps?
region	route-2045477570	2045477570	7773274	Rauh Base :: Sword of Light - around Ravine North (8), may be sweep-granted by Rugalea the Great Red Bear (m61_44_47) [f2045477570]	review	Rauh Base	m61_45_47;m61_50_46		m61_45_47:event:lot2045470570; m61_50_46:event:lot2045470570		No complete exact placement coverage; a tile default, seam or nearest grace alone cannot settle a locked boundary.	Which acquisition site and prerequisite chain should define the AP check, including relocation/death and existing sweeps?
region	route-2045477580	2045477580	7773275	Rauh Base :: Sword of Light - around Ravine North (9), may be sweep-granted by Rugalea the Great Red Bear (m61_44_47) [f2045477580]	review	Rauh Base	m61_45_47;m61_50_46		m61_45_47:event:lot2045470580; m61_50_46:event:lot2045470580		No complete exact placement coverage; a tile default, seam or nearest grace alone cannot settle a locked boundary.	Which acquisition site and prerequisite chain should define the AP check, including relocation/death and existing sweeps?
region	route-2045477590	2045477590	7773276	Rauh Base :: Sword of Light - around Ravine North (10), may be sweep-granted by Rugalea the Great Red Bear (m61_44_47) [f2045477590]	review	Rauh Base	m61_45_47;m61_50_46		m61_45_47:event:lot2045470590; m61_50_46:event:lot2045470590		No complete exact placement coverage; a tile default, seam or nearest grace alone cannot settle a locked boundary.	Which acquisition site and prerequisite chain should define the AP check, including relocation/death and existing sweeps?
region	route-2045477600	2045477600	7773277	Rauh Base :: Sword of Light - around Ravine North (11), may be sweep-granted by Rugalea the Great Red Bear (m61_44_47) [f2045477600]	review	Rauh Base	m61_45_47;m61_50_46		m61_45_47:event:lot2045470600; m61_50_46:event:lot2045470600		No complete exact placement coverage; a tile default, seam or nearest grace alone cannot settle a locked boundary.	Which acquisition site and prerequisite chain should define the AP check, including relocation/death and existing sweeps?
region	ground-m61_46_46	2046467020	7773337	Ancient Ruins :: Smithing Stone [8] - near Temple Town Ruins, may be sweep-granted by Divine Beast Dancing Lion (m61_46_46) [f2046467020]	review	Ancient Ruins	m61_46_46	none buckets=-; none buckets=-	m61_46_46:treasure:lot2046460020	Temple Town Ruins via=	No complete exact placement coverage; a tile default, seam or nearest grace alone cannot settle a locked boundary.	At the listed pickup, which region lock permits standing and collection? Record the player play-region bucket and approach grace; distinguish elevation/locked access from the tile.
region	route-2046477970	2046477970	7773357	Ancient Ruins :: Fire Spritestone - around Rauh Ancient Ruins, East, may be sweep-granted by Divine Beast Dancing Lion (m61_46_46) [f2046477970]	review	Ancient Ruins					No complete exact placement coverage; a tile default, seam or nearest grace alone cannot settle a locked boundary.	Which acquisition site and prerequisite chain should define the AP check, including relocation/death and existing sweeps?
region	ground-m61_47_40	2047407010	7773373	Cerulean :: Black Pyrefly - near Ellac River Downstream, may be sweep-granted by Death Rite Bird (m61_47_39) [f2047407010]	review	Cerulean	m61_47_40	none buckets=-	m61_47_40:treasure:lot2047400010	Ellac River Downstream via=	No complete exact placement coverage; a tile default, seam or nearest grace alone cannot settle a locked boundary.	At the listed pickup, which region lock permits standing and collection? Record the player play-region bucket and approach grace; distinguish elevation/locked access from the tile.
region	ground-m61_47_40	2047407020	7773374	Cerulean :: Arrow - near Ellac River Downstream, may be sweep-granted by Demi-Human Queen Marigga (m61_46_40) [f2047407020]	review	Cerulean	m61_47_40	none buckets=-	m61_47_40:treasure:lot2047400020	Ellac River Downstream via=	No complete exact placement coverage; a tile default, seam or nearest grace alone cannot settle a locked boundary.	At the listed pickup, which region lock permits standing and collection? Record the player play-region bucket and approach grace; distinguish elevation/locked access from the tile.
region	ground-m61_47_40	2047407980	7773378	Cerulean :: Beast Claw with Ash of War: Savage Claws - m61_47_40, may be sweep-granted by Demi-Human Queen Marigga (m61_46_40) [f2047407980]	review	Cerulean	m61_47_40		m61_47_40:event:lot2047400980		No complete exact placement coverage; a tile default, seam or nearest grace alone cannot settle a locked boundary.	At the listed pickup, which region lock permits standing and collection? Record the player play-region bucket and approach grace; distinguish elevation/locked access from the tile.
region	ground-m61_47_41	2047417110	7773385	Cerulean :: Mushroom-Seller's Bell Bearing [2] - near Ellac River Downstream, may be sweep-granted by Demi-Human Queen Marigga (m61_46_40) [f2047417110]	confirmed	Cerulean	m61_47_41	volume:領域 マルチプレイエリア上書き パーツ② 墓地平原・箱舟 buckets=68300	m61_47_41:treasure:lot2047410110	Ellac River Downstream via=	All available placement maps covered by exact point-in-volume rows agreeing with the current region.	
region	ground-m61_47_44	2047447730	7773426	Gravesite :: Starlight Shards - near Castle Ensis Checkpoint, may be sweep-granted by Ghostflame Dragon (m61_45_44) [f2047447730]	review	Gravesite	m61_47_44	tile-default buckets=68100;68200; tile-default buckets=68100;68200	m61_47_44:treasure:lot2047440730	Castle Ensis Checkpoint via=	No complete exact placement coverage; a tile default, seam or nearest grace alone cannot settle a locked boundary.	At the listed pickup, which region lock permits standing and collection? Record the player play-region bucket and approach grace; distinguish elevation/locked access from the tile.
region	ground-m61_47_44	2047447820	7773428	Gravesite :: Carian Sorcery Sword - near Castle Ensis Checkpoint, may be sweep-granted by Ghostflame Dragon (m61_45_44) [f2047447820]	review	Gravesite	m61_47_44	tile-default buckets=68100;68200; tile-default buckets=68100;68200	m61_47_44:treasure:lot2047440820	Castle Ensis Checkpoint via=	No complete exact placement coverage; a tile default, seam or nearest grace alone cannot settle a locked boundary.	At the listed pickup, which region lock permits standing and collection? Record the player play-region bucket and approach grace; distinguish elevation/locked access from the tile.
region	ground-m61_47_45	2047457000	7773432	Scadu Altus :: Black Pyrefly - near Scadu Altus, West, may be sweep-granted by Black Knight Garrew (m61_47_45) [f2047457000]	confirmed	Scadu Altus	m61_47_45	none buckets=-; none buckets=-	m61_47_45:treasure:lot2047450000	Scadu Altus, West via=	Retain the documented grace-ground/access ruling in gen_data.FLAG_REGION_OVERRIDE and region_overrides.tsv.	
region	ground-m61_47_45	2047457010	7773433	Scadu Altus :: Smithing Stone [7] - near Scadu Altus, West, may be sweep-granted by Black Knight Garrew (m61_47_45) [f2047457010]	confirmed	Scadu Altus	m61_47_45	none buckets=-; none buckets=-	m61_47_45:treasure:lot2047450010	Scadu Altus, West via=	Retain the documented grace-ground/access ruling in gen_data.FLAG_REGION_OVERRIDE and region_overrides.tsv.	
region	ground-m61_47_44	2047457180	7773438	Gravesite :: Grave Glovewort [8] - near Castle Ensis Checkpoint, may be sweep-granted by Ghostflame Dragon (m61_45_44) [f2047457180]	review	Gravesite	m61_47_44	tile-default buckets=68100;68200; tile-default buckets=68100;68200	m61_47_44:treasure:lot2047440180	Castle Ensis Checkpoint via=	No complete exact placement coverage; a tile default, seam or nearest grace alone cannot settle a locked boundary.	At the listed pickup, which region lock permits standing and collection? Record the player play-region bucket and approach grace; distinguish elevation/locked access from the tile.
region	ground-m61_47_46	2047467010	7773443	Scadu Altus :: Rauh Burrow - near Ancient Ruins Base (1), may be sweep-granted by Black Knight Garrew (m61_47_45) [f2047467010]	review	Scadu Altus	m61_47_46	none buckets=-; none buckets=-	m61_47_46:treasure:lot2047460010	Ancient Ruins Base via=	No complete exact placement coverage; a tile default, seam or nearest grace alone cannot settle a locked boundary.	At the listed pickup, which region lock permits standing and collection? Record the player play-region bucket and approach grace; distinguish elevation/locked access from the tile.
region	ground-m61_47_46	2047467030	7773444	Scadu Altus :: Rauh Burrow - near Ancient Ruins Base (2), may be sweep-granted by Black Knight Garrew (m61_47_45) [f2047467030]	review	Scadu Altus	m61_47_46	none buckets=-; none buckets=-	m61_47_46:treasure:lot2047460030	Ancient Ruins Base via=	No complete exact placement coverage; a tile default, seam or nearest grace alone cannot settle a locked boundary.	At the listed pickup, which region lock permits standing and collection? Record the player play-region bucket and approach grace; distinguish elevation/locked access from the tile.
region	ground-m61_47_47	2047477030	7773448	Ancient Ruins :: Sacred Bloody Flesh - near Ancient Ruins Base, may be sweep-granted by Divine Beast Dancing Lion (m61_46_46) [f2047477030]	review	Ancient Ruins	m61_47_47	none buckets=-; none buckets=-	m61_47_47:treasure:lot2047470030	Ancient Ruins Base via=	No complete exact placement coverage; a tile default, seam or nearest grace alone cannot settle a locked boundary.	At the listed pickup, which region lock permits standing and collection? Record the player play-region bucket and approach grace; distinguish elevation/locked access from the tile.
region	ground-m61_47_47	2047477040	7773449	Ancient Ruins :: Sanguine Amaryllis - near Ancient Ruins Base, may be sweep-granted by Divine Beast Dancing Lion (m61_46_46) [f2047477040]	review	Ancient Ruins	m61_47_47	none buckets=-; none buckets=-	m61_47_47:treasure:lot2047470040	Ancient Ruins Base via=	No complete exact placement coverage; a tile default, seam or nearest grace alone cannot settle a locked boundary.	At the listed pickup, which region lock permits standing and collection? Record the player play-region bucket and approach grace; distinguish elevation/locked access from the tile.
region	ground-m61_47_47	2047477050	7774548	Ancient Ruins :: Smithing Stone [7] - near Ancient Ruins Base, may be sweep-granted by Divine Beast Dancing Lion (m61_46_46) [f2047477050]	review	Ancient Ruins	m61_47_47	none buckets=-; none buckets=-	m61_47_47:treasure:lot2047470050	Ancient Ruins Base via=	No complete exact placement coverage; a tile default, seam or nearest grace alone cannot settle a locked boundary.	At the listed pickup, which region lock permits standing and collection? Record the player play-region bucket and approach grace; distinguish elevation/locked access from the tile.
region	ground-m61_47_47	2047477070	7773450	Ancient Ruins :: Shadow Realm Rune [3] - near Ancient Ruins Base, may be sweep-granted by Divine Beast Dancing Lion (m61_46_46) [f2047477070]	review	Ancient Ruins	m61_47_47	none buckets=-; none buckets=-	m61_47_47:treasure:lot2047470070	Ancient Ruins Base via=	No complete exact placement coverage; a tile default, seam or nearest grace alone cannot settle a locked boundary.	At the listed pickup, which region lock permits standing and collection? Record the player play-region bucket and approach grace; distinguish elevation/locked access from the tile.
region	ground-m61_47_47	2047477900	7773451	Ancient Ruins :: Pearl Shield Talisman - near Ancient Ruins Base, may be sweep-granted by Divine Beast Dancing Lion (m61_46_46) [f2047477900]	review	Ancient Ruins	m61_47_47	none buckets=-; none buckets=-	m61_47_47:treasure:lot2047470900	Ancient Ruins Base via=	No complete exact placement coverage; a tile default, seam or nearest grace alone cannot settle a locked boundary.	At the listed pickup, which region lock permits standing and collection? Record the player play-region bucket and approach grace; distinguish elevation/locked access from the tile.
region	route-2047477950	2047477950	7773452	Ancient Ruins :: Bloodfiend's Sacred Spear - around Viaduct Minor Tower, may be sweep-granted by Divine Beast Dancing Lion (m61_46_46) [f2047477950]	review	Ancient Ruins					No complete exact placement coverage; a tile default, seam or nearest grace alone cannot settle a locked boundary.	Which acquisition site and prerequisite chain should define the AP check, including relocation/death and existing sweeps?
region	ground-m61_47_47	2047477995	7773453	Ancient Ruins :: Sacred Bloody Flesh - around Viaduct Minor Tower, may be sweep-granted by Divine Beast Dancing Lion (m61_46_46) [f2047477995]	review	Ancient Ruins	m61_47_47	none buckets=-; none buckets=-	m61_47_47:enemy:lot508100710		No complete exact placement coverage; a tile default, seam or nearest grace alone cannot settle a locked boundary.	At the listed pickup, which region lock permits standing and collection? Record the player play-region bucket and approach grace; distinguish elevation/locked access from the tile.
region	ground-m61_48_40	2048407000	7773467	Cerulean :: Lightning Perfume Bottle - near Charo's Hidden Grave, may be sweep-granted by Death Rite Bird (m61_47_39) [f2048407000]	confirmed	Cerulean	m61_48_40	volume:領域 マルチプレイエリア上書き パーツ① 墓地平原・箱舟 buckets=68300	m61_48_40:treasure:lot2048400000	Charo's Hidden Grave via=	All available placement maps covered by exact point-in-volume rows agreeing with the current region.	
region	ground-m61_48_40	2048407020	7773469	Cerulean :: Furnace Visage - near Ellac River Downstream, may be sweep-granted by Death Rite Bird (m61_47_39) [f2048407020]	confirmed	Cerulean	m61_48_40	volume:領域 マルチプレイエリア上書き パーツ② 墓地平原・箱舟 buckets=68300	m61_48_40:event:lot2048400020; m61_48_40:treasure:lot2048400020	Ellac River Downstream via=	All available placement maps covered by exact point-in-volume rows agreeing with the current region.	
region	ground-m61_48_41	2048417980	7773475	Jagged Peak :: Black Steel Greathammer - m61_48_41, may be sweep-granted by Jagged Peak Drake (m61_49_41) [f2048417980]	review	Jagged Peak	m61_48_41		m61_48_41:event:lot2048410980		No complete exact placement coverage; a tile default, seam or nearest grace alone cannot settle a locked boundary.	At the listed pickup, which region lock permits standing and collection? Record the player play-region bucket and approach grace; distinguish elevation/locked access from the tile.
region	ground-m61_48_44	2048447010	7773485	Ensis :: Shadow Realm Rune [2] - near Castle-Lord's Chamber, may be sweep-granted by Rellana, Twin Moon Knight (m61_48_44) [f2048447010]	review	Ensis	m61_48_44	tile-default buckets=68200	m61_48_44:treasure:lot2048440010	Castle-Lord's Chamber via=	No complete exact placement coverage; a tile default, seam or nearest grace alone cannot settle a locked boundary.	At the listed pickup, which region lock permits standing and collection? Record the player play-region bucket and approach grace; distinguish elevation/locked access from the tile.
region	ground-m61_48_44	2048447020	7773486	Ensis :: Hefty Beast Bone - near Castle-Lord's Chamber, may be sweep-granted by Rellana, Twin Moon Knight (m61_48_44) [f2048447020]	review	Ensis	m61_48_44	tile-default buckets=68200	m61_48_44:treasure:lot2048440020	Castle-Lord's Chamber via=	No complete exact placement coverage; a tile default, seam or nearest grace alone cannot settle a locked boundary.	At the listed pickup, which region lock permits standing and collection? Record the player play-region bucket and approach grace; distinguish elevation/locked access from the tile.
region	ground-m61_48_44	2048447040	7773488	Ensis :: Lump of Flesh - near Castle-Lord's Chamber, may be sweep-granted by Rellana, Twin Moon Knight (m61_48_44) [f2048447040]	review	Ensis	m61_48_44	tile-default buckets=68200	m61_48_44:treasure:lot2048440040	Castle-Lord's Chamber via=	No complete exact placement coverage; a tile default, seam or nearest grace alone cannot settle a locked boundary.	At the listed pickup, which region lock permits standing and collection? Record the player play-region bucket and approach grace; distinguish elevation/locked access from the tile.
region	ground-m61_48_44	2048447080	7773492	Ensis :: Ghost Glovewort [7] - near Castle-Lord's Chamber, may be sweep-granted by Rellana, Twin Moon Knight (m61_48_44) [f2048447080]	review	Ensis	m61_48_44	seam:プレイ領域 6900000 {2}@4.8m buckets=69000	m61_48_44:treasure:lot2048440080	Castle-Lord's Chamber via=	No complete exact placement coverage; a tile default, seam or nearest grace alone cannot settle a locked boundary.	At the listed pickup, which region lock permits standing and collection? Record the player play-region bucket and approach grace; distinguish elevation/locked access from the tile.
region	ground-m61_48_44	2048447500	7773493	Ensis :: Scadutree Fragment - near Highroad Cross, may be sweep-granted by Rellana, Twin Moon Knight (m61_48_44) [f2048447500]	review	Ensis	m61_48_44	tile-default buckets=69000	m61_48_44:treasure:lot2048440500	Highroad Cross via=	No complete exact placement coverage; a tile default, seam or nearest grace alone cannot settle a locked boundary.	At the listed pickup, which region lock permits standing and collection? Record the player play-region bucket and approach grace; distinguish elevation/locked access from the tile.
region	ground-m61_49_42	2049427700	7773516	Jagged Peak :: Swollen Grape - m61_49_42 (1), may be sweep-granted by Jagged Peak Drake (m61_49_41) [f2049427700]	review	Jagged Peak	m61_49_42		m61_49_42:event:lot2049420700		No complete exact placement coverage; a tile default, seam or nearest grace alone cannot settle a locked boundary.	At the listed pickup, which region lock permits standing and collection? Record the player play-region bucket and approach grace; distinguish elevation/locked access from the tile.
region	ground-m61_49_42	2049427720	7773517	Jagged Peak :: Swollen Grape - m61_49_42 (2), may be sweep-granted by Jagged Peak Drake (m61_49_41) [f2049427720]	review	Jagged Peak	m61_49_42		m61_49_42:event:lot2049420720		No complete exact placement coverage; a tile default, seam or nearest grace alone cannot settle a locked boundary.	At the listed pickup, which region lock permits standing and collection? Record the player play-region bucket and approach grace; distinguish elevation/locked access from the tile.
region	ground-m61_50_40	2050407000	7773579	Shadow Keep :: Ring the Finger Ruins of Dheo bell - m61_50_40 [f2050407000]	review	Shadow Keep	m61_50_40		m61_50_40:event:lot2050400000		No complete exact placement coverage; a tile default, seam or nearest grace alone cannot settle a locked boundary.	At the listed pickup, which region lock permits standing and collection? Record the player play-region bucket and approach grace; distinguish elevation/locked access from the tile.
region	ground-m61_50_41	2050417010	7773580	Scadu Altus :: Clarifying Boluses - near Abyssal Woods, may be sweep-granted by Dryleaf Dane (m61_50_43) [f2050417010]	review	Scadu Altus	m61_50_41	none buckets=-	m61_50_41:treasure:lot2050410010	Abyssal Woods via=	No complete exact placement coverage; a tile default, seam or nearest grace alone cannot settle a locked boundary.	At the listed pickup, which region lock permits standing and collection? Record the player play-region bucket and approach grace; distinguish elevation/locked access from the tile.
region	ground-m61_50_41	2050417700	7773581	Scadu Altus :: Swollen Grape - m61_50_41, may be sweep-granted by Jori, Elder Inquisitor (m61_52_43) [f2050417700]	review	Scadu Altus	m61_50_41		m61_50_41:event:lot2050410700		No complete exact placement coverage; a tile default, seam or nearest grace alone cannot settle a locked boundary.	At the listed pickup, which region lock permits standing and collection? Record the player play-region bucket and approach grace; distinguish elevation/locked access from the tile.
region	ground-m61_50_46	2050467500	7773613	Shadow Keep :: Furnace Visage - m61_50_46 (1), may be sweep-granted by Tree Sentinel (m61_50_47) [f2050467500]	review	Shadow Keep	m61_50_46		m61_50_46:event:lot2050460500		No complete exact placement coverage; a tile default, seam or nearest grace alone cannot settle a locked boundary.	At the listed pickup, which region lock permits standing and collection? Record the player play-region bucket and approach grace; distinguish elevation/locked access from the tile.
region	ground-m61_50_46	2050467510	7773614	Shadow Keep :: Furnace Visage - m61_50_46 (2), may be sweep-granted by Tree Sentinel (m61_50_47) [f2050467510]	review	Shadow Keep	m61_50_46		m61_50_46:event:lot2050460510		No complete exact placement coverage; a tile default, seam or nearest grace alone cannot settle a locked boundary.	At the listed pickup, which region lock permits standing and collection? Record the player play-region bucket and approach grace; distinguish elevation/locked access from the tile.
region	ground-m61_51_41	2051417000	7773624	Scadu Altus :: Ghost Glovewort [9] - near Church Ruins, may be sweep-granted by Black Knight Edredd (m61_49_43) [f2051417000]	review	Scadu Altus	m61_51_41	none buckets=-	m61_51_41:treasure:lot2051410000	Church Ruins via=	No complete exact placement coverage; a tile default, seam or nearest grace alone cannot settle a locked boundary.	At the listed pickup, which region lock permits standing and collection? Record the player play-region bucket and approach grace; distinguish elevation/locked access from the tile.
region	ground-m61_51_41	2051417700	7773625	Scadu Altus :: Aged One's Exultation - m61_51_41, may be sweep-granted by Dryleaf Dane (m61_50_43) [f2051417700]	review	Scadu Altus	m61_51_41		m61_51_41:event:lot2051410700		No complete exact placement coverage; a tile default, seam or nearest grace alone cannot settle a locked boundary.	At the listed pickup, which region lock permits standing and collection? Record the player play-region bucket and approach grace; distinguish elevation/locked access from the tile.
region	ground-m61_51_41	2051417710	7773626	Scadu Altus :: Swollen Grape - m61_51_41, may be sweep-granted by Jori, Elder Inquisitor (m61_52_43) [f2051417710]	review	Scadu Altus	m61_51_41		m61_51_41:event:lot2051410710		No complete exact placement coverage; a tile default, seam or nearest grace alone cannot settle a locked boundary.	At the listed pickup, which region lock permits standing and collection? Record the player play-region bucket and approach grace; distinguish elevation/locked access from the tile.
region	ground-m61_51_46	2051467020	7773635	Scadu Altus :: Spellmachinist's Bell Bearing - near Church District Highroad, may be sweep-granted by Rakshasa (m61_51_44) [f2051467020]	confirmed	Scadu Altus	m61_51_46	volume:マルチプレイ領域 6902000 buckets=69020	m61_51_46:treasure:lot2051460020	Church District Highroad via=	All available placement maps covered by exact point-in-volume rows agreeing with the current region.	
region	ground-m61_51_47	2051477010	7773638	Scadu Altus :: Shadow Sunflower - near Hinterland Bridge, may be sweep-granted by Ralva the Great Red Bear (m61_49_45) [f2051477010]	review	Scadu Altus	m61_51_47	none buckets=-	m61_51_47:treasure:lot2051470010	Hinterland Bridge via=	No complete exact placement coverage; a tile default, seam or nearest grace alone cannot settle a locked boundary.	At the listed pickup, which region lock permits standing and collection? Record the player play-region bucket and approach grace; distinguish elevation/locked access from the tile.
region	ground-m61_51_47	2051477020	7773639	Scadu Altus :: Pearlescent Scale - near Hinterland Bridge, may be sweep-granted by Ralva the Great Red Bear (m61_49_45) [f2051477020]	review	Scadu Altus	m61_51_47	none buckets=-	m61_51_47:treasure:lot2051470020	Hinterland Bridge via=	No complete exact placement coverage; a tile default, seam or nearest grace alone cannot settle a locked boundary.	At the listed pickup, which region lock permits standing and collection? Record the player play-region bucket and approach grace; distinguish elevation/locked access from the tile.
region	ground-m61_51_47	2051477030	7773640	Scadu Altus :: Fingerprint Nostrum - near Hinterland Bridge, may be sweep-granted by Ralva the Great Red Bear (m61_49_45) [f2051477030]	review	Scadu Altus	m61_51_47	none buckets=-	m61_51_47:treasure:lot2051470030	Hinterland Bridge via=	No complete exact placement coverage; a tile default, seam or nearest grace alone cannot settle a locked boundary.	At the listed pickup, which region lock permits standing and collection? Record the player play-region bucket and approach grace; distinguish elevation/locked access from the tile.
region	ground-m61_52_42	2052427500	7773646	Scadu Altus :: Madding Hand - m61_52_42, may be sweep-granted by Jori, Elder Inquisitor (m61_52_43) [f2052427500]	review	Scadu Altus	m61_52_42		m61_52_42:event:lot2052420500		No complete exact placement coverage; a tile default, seam or nearest grace alone cannot settle a locked boundary.	At the listed pickup, which region lock permits standing and collection? Record the player play-region bucket and approach grace; distinguish elevation/locked access from the tile.
acquisition	sweep-backed-60430	60430	7770021	Liurnia :: Memory Stone - near Manor Lower Level, may be sweep-granted by Glintstone Dragon Adula (m60_34_50) [f60430]	review	Liurnia	m60_34_50	"sweep owners {""7770021"": [1034500800]}"			Every AP sibling has a generated sweep route; this is not a proof of the vanilla hand route or of runtime availability.	Confirm the complete obtainable route, permanent-loss trigger, and whether an AP sweep is the intended fallback. Preserve OR alternatives; do not turn extracted root unions into AND rules.
acquisition	hand-route-60500	60500	7770025	Roundtable Hold :: Talisman Pouch - from Twin Maiden Husks [f60500]	review	Roundtable Hold		sweep owners {}	talk/m11_10_00_00-only/t102001110.py:t102001110_x3:lot101100; talk/m11_10_00_00-only/t102001110.py:t102001110_x40:lot101100		At least one AP sibling has no generated sweep fallback; prioritize complete hand-route and permanent-loss review.	Confirm the complete obtainable route, permanent-loss trigger, and whether an AP sweep is the intended fallback. Preserve OR alternatives; do not turn extracted root unions into AND rules.
acquisition	hand-route-65430	65430	7773683	Scadu Altus :: Cerulean-Sapping Cracked Tear [f65430]	review	Scadu Altus		sweep owners {}			Furnace-golem family lacks c4900 placement evidence in the bundle; needs targeted game-data extraction or live observation, not an invented boss prerequisite.	Confirm the complete obtainable route, permanent-loss trigger, and whether an AP sweep is the intended fallback. Preserve OR alternatives; do not turn extracted root unions into AND rules.
acquisition	hand-route-65450	65450	7773685	Scadu Altus :: Bloodsucking Cracked Tear [f65450]	review	Scadu Altus		sweep owners {}			Furnace-golem family lacks c4900 placement evidence in the bundle; needs targeted game-data extraction or live observation, not an invented boss prerequisite.	Confirm the complete obtainable route, permanent-loss trigger, and whether an AP sweep is the intended fallback. Preserve OR alternatives; do not turn extracted root unions into AND rules.
acquisition	hand-route-65460	65460	7773686	Gravesite :: Glovewort Crystal Tear [f65460]	review	Gravesite		sweep owners {}			Furnace-golem family lacks c4900 placement evidence in the bundle; needs targeted game-data extraction or live observation, not an invented boss prerequisite.	Confirm the complete obtainable route, permanent-loss trigger, and whether an AP sweep is the intended fallback. Preserve OR alternatives; do not turn extracted root unions into AND rules.
acquisition	hand-route-400031	400031	7770557	Liurnia :: Lord of Blood's Favor - m10_01 (1) [f400031]	review	Liurnia		sweep owners {}	talk/m60_00_00_00-only/t301006000.py:t301006000_x54:lot100310		At least one AP sibling has no generated sweep fallback; prioritize complete hand-route and permanent-loss review.	Confirm the complete obtainable route, permanent-loss trigger, and whether an AP sweep is the intended fallback. Preserve OR alternatives; do not turn extracted root unions into AND rules.
acquisition	sweep-backed-400036	400036	7770559	Mohgwyn :: Festering Bloody Finger - around Palace Approach Ledge-Road, may be sweep-granted by Mohg, Lord of Blood (m12_05) [f400036]	review	Mohgwyn	m60_35_44;m60_42_36	"sweep owners {""7770559"": [12050800]}"			Every AP sibling has a generated sweep route; this is not a proof of the vanilla hand route or of runtime availability.	Confirm the complete obtainable route, permanent-loss trigger, and whether an AP sweep is the intended fallback. Preserve OR alternatives; do not turn extracted root unions into AND rules.
acquisition	sweep-backed-400050	400050	7770561	Limgrave :: Grace Mimic - around Waypoint Ruins Cellar, may be sweep-granted by Mad Pumpkin Head (m60_44_36) [f400050]	review	Limgrave		"sweep owners {""7770561"": [1044360800]}"	talk/m10_00_00_00-only/t302001000.py:t302001000_x3:lot100500; talk/m10_00_00_00-only/t302001000.py:t302001000_x47:lot100500; talk/m10_00_00_00-only/t302011000.py:t302011000_x3:lot100500; talk/m10_00_00_00-only/t302011000.py:t302011000_x46:lot100500; talk/m10_00_00_00-only/t302021000.py:t302021000_x3:lot100500; talk/m10_00_00_00-only/t302021000.py:t302021000_x46:lot100500; talk/m10_00_00_00-only/t302031000.py:t302031000_x3:lot100500; talk/m10_00_00_00-only/t302031000.py:t302031000_x47:lot100500; talk/m10_00_00_00-only/t302041000.py:t302041000_x3:lot100500; talk/m10_00_00_00-only/t302041000.py:t302041000_x46:lot100500; talk/m10_00_00_00-only/t302051000.py:t302051000_x3:lot100500; talk/m10_00_00_00-only/t302051000.py:t302051000_x47:lot100500; talk/m10_00_00_00-only/t302061000.py:t302061000_x3:lot100500; talk/m10_00_00_00-only/t302061000.py:t302061000_x47:lot100500		Every AP sibling has a generated sweep route; this is not a proof of the vanilla hand route or of runtime availability.	Confirm the complete obtainable route, permanent-loss trigger, and whether an AP sweep is the intended fallback. Preserve OR alternatives; do not turn extracted root unions into AND rules.
acquisition	sweep-backed-400051	400051	7773703	Stormveil :: Gostoc's Bell Bearing - around Castleward Tunnel, may be sweep-granted by Godrick the Grafted (m10_00) [f400051]	review	Stormveil	m10_00	"sweep owners {""7773703"": [10000800]}"			Every AP sibling has a generated sweep route; this is not a proof of the vanilla hand route or of runtime availability.	Confirm the complete obtainable route, permanent-loss trigger, and whether an AP sweep is the intended fallback. Preserve OR alternatives; do not turn extracted root unions into AND rules.
acquisition	sweep-backed-400073	400073	7770566	Mt. Gelmir :: Letter from Volcano Manor - around Volcano Manor (1), may be sweep-granted by Abductor Virgin (Swinging Sickle) (m16_00) [f400073]	review	Mt. Gelmir	m16_00	"sweep owners {""7770566"": [16000860]}"	m16_00_00_00.emevd.dcx.js:90005750:lot100730		Every AP sibling has a generated sweep route; this is not a proof of the vanilla hand route or of runtime availability.	Confirm the complete obtainable route, permanent-loss trigger, and whether an AP sweep is the intended fallback. Preserve OR alternatives; do not turn extracted root unions into AND rules.
acquisition	sweep-backed-400074	400074	7770567	Mt. Gelmir :: Letter from Volcano Manor - around Volcano Manor (2), may be sweep-granted by Rykard, Lord of Blasphemy (m16_00) [f400074]	review	Mt. Gelmir	m16_00	"sweep owners {""7770567"": [16000800]}"	m16_00_00_00.emevd.dcx.js:90005750:lot100740		Every AP sibling has a generated sweep route; this is not a proof of the vanilla hand route or of runtime availability.	Confirm the complete obtainable route, permanent-loss trigger, and whether an AP sweep is the intended fallback. Preserve OR alternatives; do not turn extracted root unions into AND rules.
acquisition	sweep-backed-400075	400075	7770568	Mt. Gelmir :: Red Letter - around Volcano Manor, may be sweep-granted by Godskin Noble (m16_00) [f400075]	review	Mt. Gelmir	m16_00	"sweep owners {""7770568"": [16000850]}"	m16_00_00_00.emevd.dcx.js:90005750:lot100750		Every AP sibling has a generated sweep route; this is not a proof of the vanilla hand route or of runtime availability.	Confirm the complete obtainable route, permanent-loss trigger, and whether an AP sweep is the intended fallback. Preserve OR alternatives; do not turn extracted root unions into AND rules.
acquisition	sweep-backed-400090	400090	7773705	Mt. Gelmir :: Volcano Manor Invitation - around Volcano Manor, may be sweep-granted by Rykard, Lord of Blasphemy (m16_00) [f400090]	review	Mt. Gelmir		"sweep owners {""7773705"": [16000800]}"	talk/m16_00_00_00-only/t313001600.py:t313001600_x15:lot100900; talk/m16_00_00_00-only/t313001600.py:t313001600_x31:lot100900; talk/m60_00_00_00-only/t313006000.py:t313006000_x15:lot100900; talk/m60_00_00_00-only/t313006000.py:t313006000_x31:lot100900		Every AP sibling has a generated sweep route; this is not a proof of the vanilla hand route or of runtime availability.	Confirm the complete obtainable route, permanent-loss trigger, and whether an AP sweep is the intended fallback. Preserve OR alternatives; do not turn extracted root unions into AND rules.
acquisition	sweep-backed-400148	400148	7770576;7900008;7900009;7900010;7900011	Liurnia :: Seluvis's Bell Bearing - near Royal Moongazing Grounds, may be sweep-granted by Glintstone Dragon Adula (m60_34_50) [f400148] / Liurnia :: Preceptor's Big Hat - near Royal Moongazing Grounds, may be sweep-granted by Glintstone Dragon Adula (m60_34_50) [f400148] / Liurnia :: Preceptor's Long Gown - near Royal Moongazing Grounds, may be sweep-granted by Glintstone Dragon Adula (m60_34_50) [f400148] / Liurnia :: Preceptor's Gloves - near Royal Moongazing Grounds, may be sweep-granted by Glintstone Dragon Adula (m60_34_50) [f400148] / Liurnia :: Preceptor's Trousers - near Royal Moongazing Grounds, may be sweep-granted by Glintstone Dragon Adula (m60_34_50) [f400148]	review	Liurnia	m60_34_50	"sweep owners {""7770576"": [1034500800], ""7900008"": [1034500800], ""7900009"": [1034500800], ""7900010"": [1034500800], ""7900011"": [1034500800]}"	m60_34_50_00.emevd.dcx.js:90005750:lot101480		Every AP sibling has a generated sweep route; this is not a proof of the vanilla hand route or of runtime availability.	Confirm the complete obtainable route, permanent-loss trigger, and whether an AP sweep is the intended fallback. Preserve OR alternatives; do not turn extracted root unions into AND rules.
acquisition	sweep-backed-400149	400149	7770577	Liurnia :: Pidia's Bell Bearing - near Royal Moongazing Grounds, may be sweep-granted by Royal Knight Loretta (m60_35_50) [f400149]	review	Liurnia	m60_35_50	"sweep owners {""7770577"": [1035500800]}"	m60_35_50_00.emevd.dcx.js:90005750:lot101490; m60_35_50_00.emevd.dcx.js:90005750:lot101495		Every AP sibling has a generated sweep route; this is not a proof of the vanilla hand route or of runtime availability.	Confirm the complete obtainable route, permanent-loss trigger, and whether an AP sweep is the intended fallback. Preserve OR alternatives; do not turn extracted root unions into AND rules.
acquisition	hand-route-400159	400159	7773710	Ainsel River :: Discarded Palace Key [f400159]	review	Ainsel River		sweep owners {}	common.emevd.dcx.js:3050:lot101590		Existing questline_check_gates requires Miniature Ranni for the Baleful Shadow reward when item_shuffle is active; do not restore the bypassed mansion quest chain. Check permanent-loss semantics separately.	Confirm the complete obtainable route, permanent-loss trigger, and whether an AP sweep is the intended fallback. Preserve OR alternatives; do not turn extracted root unions into AND rules.
acquisition	sweep-backed-400163	400163	7770578	Altus :: Nagakiba with Ash of War: Piercing Fang - m60_39_52 (region unconfirmed), may be sweep-granted by Black Knife Assassin (m60_40_52) [f400163]	review	Altus	m60_35_46;m60_39_52;m60_43_35;m60_44_38	"sweep owners {""7770578"": [1040520800]}"	m60_39_52_00.emevd.dcx.js:90005750:lot101630		Every AP sibling has a generated sweep route; this is not a proof of the vanilla hand route or of runtime availability.	Confirm the complete obtainable route, permanent-loss trigger, and whether an AP sweep is the intended fallback. Preserve OR alternatives; do not turn extracted root unions into AND rules.
acquisition	sweep-backed-400164	400164	7773711;7900015;7900016;7900017	Mountaintops of the Giants :: Iron Kasa - around Zamor Ruins, may be sweep-granted by Black Blade Kindred (m60_49_52) [f400164] / Mountaintops of the Giants :: Ronin's Armor - around Zamor Ruins, may be sweep-granted by Black Blade Kindred (m60_49_52) [f400164] / Mountaintops of the Giants :: Ronin's Gauntlets - around Zamor Ruins, may be sweep-granted by Black Blade Kindred (m60_49_52) [f400164] / Mountaintops of the Giants :: Ronin's Greaves - around Zamor Ruins, may be sweep-granted by Black Blade Kindred (m60_49_52) [f400164]	review	Mountaintops of the Giants	m60_49_53	"sweep owners {""7773711"": [1049520800], ""7900015"": [1049520800], ""7900016"": [1049520800], ""7900017"": [1049520800]}"			Every AP sibling has a generated sweep route; this is not a proof of the vanilla hand route or of runtime availability.	Confirm the complete obtainable route, permanent-loss trigger, and whether an AP sweep is the intended fallback. Preserve OR alternatives; do not turn extracted root unions into AND rules.
acquisition	sweep-backed-400175	400175	7770580	Farum Azula :: Warrior Jar Shard - near Starscourge Radahn, may be sweep-granted by Godskin Duo (m13_00) [f400175]	review	Farum Azula	m13_00;m32_07;m60_35_53;m60_39_44;m60_43_39;m60_51_36;m60_52_38	"sweep owners {""7770580"": [13000850]}"			Every AP sibling has a generated sweep route; this is not a proof of the vanilla hand route or of runtime availability.	Confirm the complete obtainable route, permanent-loss trigger, and whether an AP sweep is the intended fallback. Preserve OR alternatives; do not turn extracted root unions into AND rules.
acquisition	sweep-backed-400180	400180	7770581	Mt. Gelmir :: Letter to Patches - around Volcano Manor, may be sweep-granted by Rykard, Lord of Blasphemy (m16_00) [f400180]	review	Mt. Gelmir		"sweep owners {""7770581"": [16000800]}"	talk/m16_00_00_00-only/t309001600.py:t309001600_x28:lot101800; talk/m31_00_00_00-only/t309003100.py:t309003100_x28:lot101800; talk/m60_00_00_00-only/t309006000.py:t309006000_x28:lot101800		Every AP sibling has a generated sweep route; this is not a proof of the vanilla hand route or of runtime availability.	Confirm the complete obtainable route, permanent-loss trigger, and whether an AP sweep is the intended fallback. Preserve OR alternatives; do not turn extracted root unions into AND rules.
acquisition	sweep-backed-400209	400209	7773713;7900019	Liurnia :: Glowstone - around Church of Vows, may be sweep-granted by Bell Bearing Hunter (m60_37_46) [f400209] / Liurnia :: Miriel's Bell Bearing - around Church of Vows, may be sweep-granted by Bell Bearing Hunter (m60_37_46) [f400209]	review	Liurnia	m60_37_46	"sweep owners {""7773713"": [1037460800], ""7900019"": [1037460800]}"			Every AP sibling has a generated sweep route; this is not a proof of the vanilla hand route or of runtime availability.	Confirm the complete obtainable route, permanent-loss trigger, and whether an AP sweep is the intended fallback. Preserve OR alternatives; do not turn extracted root unions into AND rules.
acquisition	hand-route-400220	400220	7773714	Stormveil :: Golden Seed - around Lake-Facing Cliffs (region unconfirmed) [f400220]	review	Stormveil	m10_00;m60_45_38;m60_46_36	sweep owners {}			At least one AP sibling has no generated sweep fallback; prioritize complete hand-route and permanent-loss review.	Confirm the complete obtainable route, permanent-loss trigger, and whether an AP sweep is the intended fallback. Preserve OR alternatives; do not turn extracted root unions into AND rules.
acquisition	sweep-backed-400241	400241	7770586	Liurnia :: Iji's Mirrorhelm - around Road to the Manor, may be sweep-granted by Glintstone Dragon Adula (m60_34_50) [f400241]	review	Liurnia		"sweep owners {""7770586"": [1034500800]}"			Every AP sibling has a generated sweep route; this is not a proof of the vanilla hand route or of runtime availability.	Confirm the complete obtainable route, permanent-loss trigger, and whether an AP sweep is the intended fallback. Preserve OR alternatives; do not turn extracted root unions into AND rules.
acquisition	hand-route-400285	400285	7770591;7900022	Roundtable Hold :: [Incantation] Law of Causality - around Table of Lost Grace [f400285] / Roundtable Hold :: All-Knowing Greaves - around Table of Lost Grace [f400285]	review	Roundtable Hold		sweep owners {}	talk/m11_10_00_00-only/t324001110.py:t324001110_x55:lot102850		Shared flag: map102850 Law of Causality AND map102864 All-Knowing Greaves. A dialogue-only analysis would omit the other collection route; settle the shared-flag acquisition semantics first.	Confirm the complete obtainable route, permanent-loss trigger, and whether an AP sweep is the intended fallback. Preserve OR alternatives; do not turn extracted root unions into AND rules.
acquisition	sweep-backed-400290	400290	7770592	Mt. Gelmir :: Letter to Bernahl - around Volcano Manor, may be sweep-granted by Godskin Noble (m16_00) [f400290]	review	Mt. Gelmir		"sweep owners {""7770592"": [16000850]}"	talk/m16_00_00_00-only/t326001600.py:t326001600_x42:lot102900; talk/m60_00_00_00-only/t326006000.py:t326006000_x12:lot102900		Every AP sibling has a generated sweep route; this is not a proof of the vanilla hand route or of runtime availability.	Confirm the complete obtainable route, permanent-loss trigger, and whether an AP sweep is the intended fallback. Preserve OR alternatives; do not turn extracted root unions into AND rules.
acquisition	sweep-backed-400291	400291	7770593	Mt. Gelmir :: [Sorcery] Gelmir's Fury - around Volcano Manor, may be sweep-granted by Abductor Virgin (Swinging Sickle) (m16_00) [f400291]	review	Mt. Gelmir	m16_00	"sweep owners {""7770593"": [16000860]}"	m16_00_00_00.emevd.dcx.js:90005750:lot102910; talk/m16_00_00_00-only/t326001600.py:t326001600_x42:lot102910; talk/m60_00_00_00-only/t326006000.py:t326006000_x12:lot102910		Every AP sibling has a generated sweep route; this is not a proof of the vanilla hand route or of runtime availability.	Confirm the complete obtainable route, permanent-loss trigger, and whether an AP sweep is the intended fallback. Preserve OR alternatives; do not turn extracted root unions into AND rules.
acquisition	sweep-backed-400292	400292	7770594	Farum Azula :: Blasphemous Claw - around Crumbling Beast Grave, may be sweep-granted by Maliketh, the Black Blade (m13_00) [f400292]	review	Farum Azula	m13_00	"sweep owners {""7770594"": [13000800]}"	m13_00_00_00.emevd.dcx.js:90005792:lot102920		Every AP sibling has a generated sweep route; this is not a proof of the vanilla hand route or of runtime availability.	Confirm the complete obtainable route, permanent-loss trigger, and whether an AP sweep is the intended fallback. Preserve OR alternatives; do not turn extracted root unions into AND rules.
acquisition	hand-route-400309	400309	7770597;7900023;7900024	Caelid :: [Sorcery] Death Lightning - m60_44_52 (region unconfirmed) [f400309] / Caelid :: Blackguard's Iron Mask - m60_44_52 (region unconfirmed) [f400309] / Caelid :: Blackguard's Bell Bearing - m60_44_52 (region unconfirmed) [f400309]	review	Caelid		sweep owners {}			Shared flag spans the Death Lightning and Blackguard item lots. Review every lot route before changing the whole flag; the displayed Caelid region is also unresolved.	Confirm the complete obtainable route, permanent-loss trigger, and whether an AP sweep is the intended fallback. Preserve OR alternatives; do not turn extracted root unions into AND rules.
acquisition	hand-route-400325	400325	7770602	Haligtree :: Somber Ancient Dragon Smithing Stone - around Caelem Ruins [f400325]	review	Haligtree		sweep owners {}			At least one AP sibling has no generated sweep fallback; prioritize complete hand-route and permanent-loss review.	Confirm the complete obtainable route, permanent-loss trigger, and whether an AP sweep is the intended fallback. Preserve OR alternatives; do not turn extracted root unions into AND rules.
acquisition	hand-route-400380	400380	7773732	Roundtable Hold :: Sewer-Gaol Key - around Table of Lost Grace (region unconfirmed) [f400380]	review	Roundtable Hold		sweep owners {}	talk/m11_10_00_00-only/t323001110.py:t323001110_x36:lot103800; talk/m11_10_00_00-only/t323001110.py:t323001110_x3:lot103800		At least one AP sibling has no generated sweep fallback; prioritize complete hand-route and permanent-loss review.	Confirm the complete obtainable route, permanent-loss trigger, and whether an AP sweep is the intended fallback. Preserve OR alternatives; do not turn extracted root unions into AND rules.
acquisition	sweep-backed-400401	400401	7770618;7900044;7900045;7900046	Raya Lucaria Academy :: Eccentric's Hood - around Church of the Cuckoo, may be sweep-granted by Rennala, Queen of the Full Moon (m14_00) [f400401] / Raya Lucaria Academy :: Eccentric's Armor - around Church of the Cuckoo, may be sweep-granted by Rennala, Queen of the Full Moon (m14_00) [f400401] / Raya Lucaria Academy :: Eccentric's Manchettes - around Church of the Cuckoo, may be sweep-granted by Red Wolf of Radagon (m14_00) [f400401] / Raya Lucaria Academy :: Eccentric's Breeches - around Church of the Cuckoo, may be sweep-granted by Rennala, Queen of the Full Moon (m14_00) [f400401]	review	Raya Lucaria Academy	m14_00;m60_41_33;m60_51_36	"sweep owners {""7770618"": [14000800], ""7900044"": [14000800], ""7900045"": [14000850], ""7900046"": [14000800]}"	m14_00_00_00.emevd.dcx.js:14000712:lot104010		Every AP sibling has a generated sweep route; this is not a proof of the vanilla hand route or of runtime availability.	Confirm the complete obtainable route, permanent-loss trigger, and whether an AP sweep is the intended fallback. Preserve OR alternatives; do not turn extracted root unions into AND rules.
acquisition	sweep-backed-400412	400412	7773736;7900047;7900048;7900049	Liurnia :: Blue Silver Mail Hood - around Slumbering Wolf's Shack, may be sweep-granted by Omenkiller (m60_35_42) [f400412] / Liurnia :: Blue Silver Mail Armor - around Slumbering Wolf's Shack, may be sweep-granted by Deathbird (m60_37_42) [f400412] / Liurnia :: Blue Silver Bracelets - around Slumbering Wolf's Shack, may be sweep-granted by Omenkiller (m60_35_42) [f400412] / Liurnia :: Blue Silver Mail Skirt - around Slumbering Wolf's Shack, may be sweep-granted by Deathbird (m60_37_42) [f400412]	review	Liurnia	m60_36_41	"sweep owners {""7773736"": [1035420800], ""7900047"": [1037420800], ""7900048"": [1035420800], ""7900049"": [1037420800]}"			Every AP sibling has a generated sweep route; this is not a proof of the vanilla hand route or of runtime availability.	Confirm the complete obtainable route, permanent-loss trigger, and whether an AP sweep is the intended fallback. Preserve OR alternatives; do not turn extracted root unions into AND rules.
acquisition	sweep-backed-400431	400431	7770621;7900050;7900051;7900052	Caelid :: Lusat's Glintstone Crown - around Sellia Hideaway, may be sweep-granted by Putrid Crystalian (Spear) (m31_11) [f400431] / Caelid :: Lusat's Robe - around Sellia Hideaway, may be sweep-granted by Putrid Crystalian (Spear) (m31_11) [f400431] / Caelid :: Lusat's Manchettes - around Sellia Hideaway, may be sweep-granted by Putrid Crystalian (Spear) (m31_11) [f400431] / Caelid :: Old Sorcerer's Legwraps - around Sellia Hideaway, may be sweep-granted by Putrid Crystalian (Spear) (m31_11) [f400431]	review	Caelid	m31_11	"sweep owners {""7770621"": [31110800], ""7900050"": [31110800], ""7900051"": [31110800], ""7900052"": [31110800]}"			Every AP sibling has a generated sweep route; this is not a proof of the vanilla hand route or of runtime availability.	Confirm the complete obtainable route, permanent-loss trigger, and whether an AP sweep is the intended fallback. Preserve OR alternatives; do not turn extracted root unions into AND rules.
acquisition	sweep-backed-400441	400441	7770622;7900053;7900054	Mt. Gelmir :: Azur's Glintstone Crown - around Primeval Sorcerer Azur, may be sweep-granted by Demi-Human Queen Maggie (m60_37_53) [f400441] / Mt. Gelmir :: Azur's Glintstone Robe - around Primeval Sorcerer Azur, may be sweep-granted by Demi-Human Queen Maggie (m60_37_53) [f400441] / Mt. Gelmir :: Azur's Manchettes - around Primeval Sorcerer Azur, may be sweep-granted by Demi-Human Queen Maggie (m60_37_53) [f400441]	review	Mt. Gelmir	m60_37_53	"sweep owners {""7770622"": [1037530800], ""7900053"": [1037530800], ""7900054"": [1037530800]}"			Every AP sibling has a generated sweep route; this is not a proof of the vanilla hand route or of runtime availability.	Confirm the complete obtainable route, permanent-loss trigger, and whether an AP sweep is the intended fallback. Preserve OR alternatives; do not turn extracted root unions into AND rules.
acquisition	hand-route-400490	400490	7770626;7900055;7900056;7900057	Roundtable Hold :: Royal Remains Helm - around Table of Lost Grace [f400490] / Roundtable Hold :: Royal Remains Armor - around Table of Lost Grace [f400490] / Roundtable Hold :: Royal Remains Gauntlets - around Table of Lost Grace [f400490] / Roundtable Hold :: Royal Remains Greaves - around Table of Lost Grace [f400490]	review	Roundtable Hold	m11_10	sweep owners {}	m11_10_00_00.emevd.dcx.js:90005750:lot104900		At least one AP sibling has no generated sweep fallback; prioritize complete hand-route and permanent-loss review.	Confirm the complete obtainable route, permanent-loss trigger, and whether an AP sweep is the intended fallback. Preserve OR alternatives; do not turn extracted root unions into AND rules.
acquisition	sweep-backed-400510	400510	7770628	Altus :: Great Stars - around Bower of Bounty, may be sweep-granted by Sanguine Noble (m60_40_53) [f400510]	review	Altus	m60_40_53	"sweep owners {""7770628"": [1040530800]}"	m60_40_53_00.emevd.dcx.js:90005774:lot105100		Every AP sibling has a generated sweep route; this is not a proof of the vanilla hand route or of runtime availability.	Confirm the complete obtainable route, permanent-loss trigger, and whether an AP sweep is the intended fallback. Preserve OR alternatives; do not turn extracted root unions into AND rules.
acquisition	sweep-backed-400594	400594	7770629	Scadu Altus :: Ash of War: Swift Slash - around Shadow Keep Main Gate, may be sweep-granted by Golden Hippopotamus (m21_00) [f400594]	review	Scadu Altus	m21_00	"sweep owners {""7770629"": [21000850]}"	m21_00_00_00.emevd.dcx.js:90005776:lot105920		Every AP sibling has a generated sweep route; this is not a proof of the vanilla hand route or of runtime availability.	Confirm the complete obtainable route, permanent-loss trigger, and whether an AP sweep is the intended fallback. Preserve OR alternatives; do not turn extracted root unions into AND rules.
acquisition	hand-route-400600	400600	7773742	Enir Ilim :: Golden Lion Shield - m60_49_40 (region unconfirmed) [f400600]	fixed	Enir Ilim		sweep owners {}	talk/m21_01_00_00-only/t417002101.py:t417002101_x3:lot106000; talk/m21_01_00_00-only/t417002101.py:t417002101_x52:lot106000; talk/m61_00_00_00-only/t417006100.py:t417006100_x3:lot106000; talk/m61_00_00_00-only/t417006100.py:t417006100_x52:lot106000		Quest protection added; full caller/death-state trace in audit notes.	
acquisition	hand-route-400611	400611	7773744	Scadu Altus :: New Cross Map [f400611]	review	Scadu Altus		sweep owners {}			At least one AP sibling has no generated sweep fallback; prioritize complete hand-route and permanent-loss review.	Confirm the complete obtainable route, permanent-loss trigger, and whether an AP sweep is the intended fallback. Preserve OR alternatives; do not turn extracted root unions into AND rules.
acquisition	sweep-backed-400620	400620	7770634	Shadow Keep :: Letter for Freyja - around Storehouse, First Floor, may be sweep-granted by Base Serpent Messmer (m21_01) [f400620]	review	Shadow Keep	m21_01	"sweep owners {""7770634"": [21010800]}"	m21_01_00_00.emevd.dcx.js:90005750:lot106200; talk/m21_01_00_00-only/t416002101.py:t416002101_x3:lot106200; talk/m21_01_00_00-only/t416002101.py:t416002101_x43:lot106200		Every AP sibling has a generated sweep route; this is not a proof of the vanilla hand route or of runtime availability.	Confirm the complete obtainable route, permanent-loss trigger, and whether an AP sweep is the intended fallback. Preserve OR alternatives; do not turn extracted root unions into AND rules.
acquisition	hand-route-400661	400661	7773751;7900096	Scadu Altus :: Ruins Map (2nd) [f400661] / Scadu Altus :: Beloved Stardust [f400661]	review	Scadu Altus		sweep owners {}	talk/m61_00_00_00-only/t420006100.py:t420006100_x39:lot106630; talk/m61_00_00_00-only/t420006100.py:t420006100_x40:lot106610		Existing legacy_key_gates binds the Hole-Laden Necklace; Ymir reward dispatch and both bell ObjActs already traced there. Remaining question is permanent loss/alternate access, not a missing blanket necklace gate.	Confirm the complete obtainable route, permanent-loss trigger, and whether an AP sweep is the intended fallback. Preserve OR alternatives; do not turn extracted root unions into AND rules.
acquisition	sweep-backed-400690	400690	7770643	Scadu Altus :: Fire Knight Queelign - around Shadow Keep Main Gate, may be sweep-granted by Golden Hippopotamus (m21_00) [f400690]	review	Scadu Altus		"sweep owners {""7770643"": [21000850]}"	common.emevd.dcx.js:4931:lot106900; m21_00_00_00.emevd.dcx.js:21000705:lot106900		Every AP sibling has a generated sweep route; this is not a proof of the vanilla hand route or of runtime availability.	Confirm the complete obtainable route, permanent-loss trigger, and whether an AP sweep is the intended fallback. Preserve OR alternatives; do not turn extracted root unions into AND rules.
acquisition	sweep-backed-400712	400712	7773763	Jagged Peak :: Igon's Greatbow with Ash of War: Igon's Drake Hunt - near Foot of the Jagged Peak, may be sweep-granted by Ancient Dragon Senessax (m61_54_39) [f400712]	review	Jagged Peak	m61_52_40	"sweep owners {""7773763"": [2054390850]}"	m61_52_40_00.emevd.dcx.js:90005750:lot107110		Every AP sibling has a generated sweep route; this is not a proof of the vanilla hand route or of runtime availability.	Confirm the complete obtainable route, permanent-loss trigger, and whether an AP sweep is the intended fallback. Preserve OR alternatives; do not turn extracted root unions into AND rules.
acquisition	sweep-backed-400720	400720	7770647	Belurat :: Scorpion Stew - around Belurat, Tower Settlement, may be sweep-granted by Divine Beast Dancing Lion (m20_00) [f400720]	review	Belurat		"sweep owners {""7770647"": [20000800]}"	m20_00_00_00.emevd.dcx.js:20000732:lot107210		Every AP sibling has a generated sweep route; this is not a proof of the vanilla hand route or of runtime availability.	Confirm the complete obtainable route, permanent-loss trigger, and whether an AP sweep is the intended fallback. Preserve OR alternatives; do not turn extracted root unions into AND rules.
acquisition	sweep-backed-400721	400721	7770648	Belurat :: [Sorcery] Watchful Spirit - around Belurat, Tower Settlement, may be sweep-granted by Divine Beast Dancing Lion (m20_00) [f400721]	review	Belurat		"sweep owners {""7770648"": [20000800]}"	talk/m20_00_00_00-only/t402002000.py:t402002000_x44:lot107211		Every AP sibling has a generated sweep route; this is not a proof of the vanilla hand route or of runtime availability.	Confirm the complete obtainable route, permanent-loss trigger, and whether an AP sweep is the intended fallback. Preserve OR alternatives; do not turn extracted root unions into AND rules.
acquisition	hand-route-400722	400722	7770649	Gravesite :: Gourmet Scorpion Stew [f400722]	fixed	Gravesite		sweep owners {}	talk/m20_00_00_00-only/t402002000.py:t402002000_x48:lot107220		Quest protection added; full caller/death-state trace in audit notes.	
acquisition	sweep-backed-400723	400723	7770650	Belurat :: Gourmet Scorpion Stew - near Theatre of the Divine Beast, may be sweep-granted by Divine Beast Dancing Lion (m20_00) [f400723]	review	Belurat	m20_00	"sweep owners {""7770650"": [20000800]}"	m20_00_00_00.emevd.dcx.js:90005750:lot107230		Every AP sibling has a generated sweep route; this is not a proof of the vanilla hand route or of runtime availability.	Confirm the complete obtainable route, permanent-loss trigger, and whether an AP sweep is the intended fallback. Preserve OR alternatives; do not turn extracted root unions into AND rules.
acquisition	hand-route-11107900	11107900	7771040	Roundtable Hold :: Clinging Bone - around Table of Lost Grace [f11107900]	review	Roundtable Hold	m11_10	sweep owners {}	m11_10_00_00.emevd.dcx.js:90005774:lot11100900		At least one AP sibling has no generated sweep fallback; prioritize complete hand-route and permanent-loss review.	Confirm the complete obtainable route, permanent-loss trigger, and whether an AP sweep is the intended fallback. Preserve OR alternatives; do not turn extracted root unions into AND rules.
acquisition	sweep-backed-12017999	12017999	7771145	Ainsel River :: Alabaster Lord's Sword - around Dragonkin Soldier of Nokstella, may be sweep-granted by Dragonkin Soldier of Nokstella (m12_01) [f12017999]	review	Ainsel River	m12_01	"sweep owners {""7771145"": [12010800]}"			Every AP sibling has a generated sweep route; this is not a proof of the vanilla hand route or of runtime availability.	Confirm the complete obtainable route, permanent-loss trigger, and whether an AP sweep is the intended fallback. Preserve OR alternatives; do not turn extracted root unions into AND rules.
acquisition	sweep-backed-12057950	12057950	7771357;7900185;7900186;7900187	Mohgwyn :: White Mask - around Palace Approach Ledge-Road, may be sweep-granted by Mohg, Lord of Blood (m12_05) [f12057950] / Mohgwyn :: War Surgeon Gown (Altered) - around Palace Approach Ledge-Road, may be sweep-granted by Mohg, Lord of Blood (m12_05) [f12057950] / Mohgwyn :: War Surgeon Gloves - around Palace Approach Ledge-Road, may be sweep-granted by Mohg, Lord of Blood (m12_05) [f12057950] / Mohgwyn :: War Surgeon Trousers - around Palace Approach Ledge-Road, may be sweep-granted by Mohg, Lord of Blood (m12_05) [f12057950]	review	Mohgwyn	m12_05	"sweep owners {""7771357"": [12050800], ""7900185"": [12050800], ""7900186"": [12050800], ""7900187"": [12050800]}"	m12_05_00_00.emevd.dcx.js:90005792:lot12050950		Every AP sibling has a generated sweep route; this is not a proof of the vanilla hand route or of runtime availability.	Confirm the complete obtainable route, permanent-loss trigger, and whether an AP sweep is the intended fallback. Preserve OR alternatives; do not turn extracted root unions into AND rules.
acquisition	sweep-backed-16007950	16007950	7771719	Mt. Gelmir :: [Incantation] Aspects of the Crucible: Breath - around Volcano Manor, may be sweep-granted by Abductor Virgin (Swinging Sickle) (m16_00) [f16007950]	review	Mt. Gelmir	m16_00	"sweep owners {""7771719"": [16000860]}"	m16_00_00_00.emevd.dcx.js:16003706:lot16000950		Every AP sibling has a generated sweep route; this is not a proof of the vanilla hand route or of runtime availability.	Confirm the complete obtainable route, permanent-loss trigger, and whether an AP sweep is the intended fallback. Preserve OR alternatives; do not turn extracted root unions into AND rules.
acquisition	sweep-backed-21007320	21007320	7771904	Scadu Altus :: Great Grave Glovewort - near Sunken Chapel, may be sweep-granted by Golden Hippopotamus (m21_00) [f21007320]	review	Scadu Altus	m21_00	"sweep owners {""7771904"": [21000850]}"			Every AP sibling has a generated sweep route; this is not a proof of the vanilla hand route or of runtime availability.	Confirm the complete obtainable route, permanent-loss trigger, and whether an AP sweep is the intended fallback. Preserve OR alternatives; do not turn extracted root unions into AND rules.
acquisition	sweep-backed-35007993	35007993	7772420	Leyndell :: Somber Smithing Stone [7] - around Underground Roadside (2), may be sweep-granted by Mohg, the Omen (m35_00) [f35007993]	review	Leyndell	m35_00	"sweep owners {""7772420"": [35000800]}"			Every AP sibling has a generated sweep route; this is not a proof of the vanilla hand route or of runtime availability.	Confirm the complete obtainable route, permanent-loss trigger, and whether an AP sweep is the intended fallback. Preserve OR alternatives; do not turn extracted root unions into AND rules.
acquisition	sweep-backed-39207500	39207500	7772423;7900222;7900223;7900224	Liurnia :: Bull-Goat Helm - near Magma Wyrm Makar, may be sweep-granted by Magma Wyrm Makar (m39_20) [f39207500] / Liurnia :: Bull-Goat Armor - near Magma Wyrm Makar, may be sweep-granted by Magma Wyrm Makar (m39_20) [f39207500] / Liurnia :: Bull-Goat Gauntlets - near Magma Wyrm Makar, may be sweep-granted by Magma Wyrm Makar (m39_20) [f39207500] / Liurnia :: Bull-Goat Greaves - near Magma Wyrm Makar, may be sweep-granted by Magma Wyrm Makar (m39_20) [f39207500]	review	Liurnia	m39_20	"sweep owners {""7772423"": [39200800], ""7900222"": [39200800], ""7900223"": [39200800], ""7900224"": [39200800]}"	m39_20_00_00.emevd.dcx.js:90005774:lot39200500		Every AP sibling has a generated sweep route; this is not a proof of the vanilla hand route or of runtime availability.	Confirm the complete obtainable route, permanent-loss trigger, and whether an AP sweep is the intended fallback. Preserve OR alternatives; do not turn extracted root unions into AND rules.
acquisition	sweep-backed-1034517900	1034517900	7772525;7900231;7900232	Liurnia :: Snow Witch Hat - near Royal Moongazing Grounds (region unconfirmed), may be sweep-granted by Royal Knight Loretta (m60_35_50) [f1034517900] / Liurnia :: Snow Witch Robe - near Royal Moongazing Grounds (region unconfirmed), may be sweep-granted by Royal Knight Loretta (m60_35_50) [f1034517900] / Liurnia :: Snow Witch Skirt - near Royal Moongazing Grounds (region unconfirmed), may be sweep-granted by Glintstone Dragon Adula (m60_34_50) [f1034517900]	review	Liurnia	m60_34_51	"sweep owners {""7772525"": [1035500800], ""7900231"": [1035500800], ""7900232"": [1034500800]}"			Every AP sibling has a generated sweep route; this is not a proof of the vanilla hand route or of runtime availability.	Confirm the complete obtainable route, permanent-loss trigger, and whether an AP sweep is the intended fallback. Preserve OR alternatives; do not turn extracted root unions into AND rules.
acquisition	sweep-backed-1035467700	1035467700	7772549	Raya Lucaria Academy :: Ash of War: Raptor of the Mists - around Main Academy Gate, may be sweep-granted by Red Wolf of Radagon (m14_00) [f1035467700]	review	Raya Lucaria Academy	m60_35_46	"sweep owners {""7772549"": [14000850]}"	m60_35_46_00.emevd.dcx.js:90005774:lot1035460700		Every AP sibling has a generated sweep route; this is not a proof of the vanilla hand route or of runtime availability.	Confirm the complete obtainable route, permanent-loss trigger, and whether an AP sweep is the intended fallback. Preserve OR alternatives; do not turn extracted root unions into AND rules.
acquisition	sweep-backed-1039487100	1039487100	7772734;7900244	Liurnia :: [Sorcery] Cannon of Haima - near Frenzied Flame Village Outskirts (region unconfirmed), may be sweep-granted by Erdtree Avatar (m60_38_48) [f1039487100] / Liurnia :: Gavel of Haima - near Frenzied Flame Village Outskirts (region unconfirmed), may be sweep-granted by Erdtree Avatar (m60_38_48) [f1039487100]	review	Liurnia	m60_39_48	"sweep owners {""7772734"": [1038480800], ""7900244"": [1038480800]}"			Every AP sibling has a generated sweep route; this is not a proof of the vanilla hand route or of runtime availability.	Confirm the complete obtainable route, permanent-loss trigger, and whether an AP sweep is the intended fallback. Preserve OR alternatives; do not turn extracted root unions into AND rules.
acquisition	sweep-backed-1039537700	1039537700	7772752;7900246	Mt. Gelmir :: Crepus's Vial - around Bridge of Iniquity, may be sweep-granted by Tibia Mariner (m60_38_52) [f1039537700] / Mt. Gelmir :: Black-Key Bolt - around Bridge of Iniquity, may be sweep-granted by Tibia Mariner (m60_38_52) [f1039537700]	review	Mt. Gelmir	m60_39_53	"sweep owners {""7772752"": [1038520800], ""7900246"": [1038520800]}"	m60_39_53_00.emevd.dcx.js:90005774:lot1039530700		Every AP sibling has a generated sweep route; this is not a proof of the vanilla hand route or of runtime availability.	Confirm the complete obtainable route, permanent-loss trigger, and whether an AP sweep is the intended fallback. Preserve OR alternatives; do not turn extracted root unions into AND rules.
acquisition	sweep-backed-1042397700	1042397700	7772842	Limgrave :: Hammer Talisman - m60_42_39 (region unconfirmed), may be sweep-granted by Deathbird (m60_42_38) [f1042397700]	review	Limgrave	m60_42_39	"sweep owners {""7772842"": [1042380800]}"	m60_42_39_00.emevd.dcx.js:90005792:lot1042390700		Every AP sibling has a generated sweep route; this is not a proof of the vanilla hand route or of runtime availability.	Confirm the complete obtainable route, permanent-loss trigger, and whether an AP sweep is the intended fallback. Preserve OR alternatives; do not turn extracted root unions into AND rules.
acquisition	sweep-backed-1048387500	1048387500	7773012	Caelid :: Sacramental Bud - around Aeonia Swamp Shore, may be sweep-granted by Decaying Ekzykes (m60_48_37) [f1048387500]	review	Caelid	m60_48_38	"sweep owners {""7773012"": [1048370800]}"	m60_48_38_00.emevd.dcx.js:90005792:lot1048380500		Every AP sibling has a generated sweep route; this is not a proof of the vanilla hand route or of runtime availability.	Confirm the complete obtainable route, permanent-loss trigger, and whether an AP sweep is the intended fallback. Preserve OR alternatives; do not turn extracted root unions into AND rules.
acquisition	sweep-backed-2046397060	2046397060	7773303	Cerulean :: Furnace Visage - around Cerulean Coast West, may be sweep-granted by Dancer of Ranah (m61_46_38) [f2046397060]	review	Cerulean	m61_46_39	"sweep owners {""7773303"": [2046380800]}"	m61_46_39_00.emevd.dcx.js:90005301:lot2046390060		Every AP sibling has a generated sweep route; this is not a proof of the vanilla hand route or of runtime availability.	Confirm the complete obtainable route, permanent-loss trigger, and whether an AP sweep is the intended fallback. Preserve OR alternatives; do not turn extracted root unions into AND rules.
acquisition	hand-route-2050407000	2050407000	7773579	Shadow Keep :: Ring the Finger Ruins of Dheo bell - m61_50_40 [f2050407000]	review	Shadow Keep	m61_50_40	sweep owners {}	m61_50_40_00.emevd.dcx.js:2050402600:lot2050400000		Existing legacy_key_gates binds the Hole-Laden Necklace; Ymir reward dispatch and both bell ObjActs already traced there. Remaining question is permanent loss/alternate access, not a missing blanket necklace gate.	Confirm the complete obtainable route, permanent-loss trigger, and whether an AP sweep is the intended fallback. Preserve OR alternatives; do not turn extracted root unions into AND rules.
acquisition	sweep-backed-2050467500	2050467500	7773613	Shadow Keep :: Furnace Visage - m61_50_46 (1), may be sweep-granted by Tree Sentinel (m61_50_47) [f2050467500]	review	Shadow Keep	m61_50_46	"sweep owners {""7773613"": [2050470800]}"	m61_50_46_00.emevd.dcx.js:90005301:lot2050460500		Every AP sibling has a generated sweep route; this is not a proof of the vanilla hand route or of runtime availability.	Confirm the complete obtainable route, permanent-loss trigger, and whether an AP sweep is the intended fallback. Preserve OR alternatives; do not turn extracted root unions into AND rules.
acquisition	sweep-backed-2051457700	2051457700	7773634	Scadu Altus :: Furnace Visage - around Cathedral of Manus Metyr, may be sweep-granted by Rakshasa (m61_51_44) [f2051457700]	review	Scadu Altus	m61_51_45	"sweep owners {""7773634"": [2051440800]}"	m61_51_45_00.emevd.dcx.js:90005301:lot2051450700		Every AP sibling has a generated sweep route; this is not a proof of the vanilla hand route or of runtime availability.	Confirm the complete obtainable route, permanent-loss trigger, and whether an AP sweep is the intended fallback. Preserve OR alternatives; do not turn extracted root unions into AND rules.
acquisition	hand-route-2053467600	2053467600	7773654	Scadu Altus :: Ring the Finger Ruins of Rhia bell - m61_53_46 [f2053467600]	review	Scadu Altus	m61_53_46	sweep owners {}	m61_53_46_00.emevd.dcx.js:2053462600:lot2053460600		Existing legacy_key_gates binds the Hole-Laden Necklace; Ymir reward dispatch and both bell ObjActs already traced there. Remaining question is permanent loss/alternate access, not a missing blanket necklace gate.	Confirm the complete obtainable route, permanent-loss trigger, and whether an AP sweep is the intended fallback. Preserve OR alternatives; do not turn extracted root unions into AND rules.
missing-check	unplaced-60270	60270		Bloody Finger	review			tools/matt_oracle.py:_B_SCOPE_UNPLACED_GLOBAL; greenfield/flag_lots.tsv	talk/m60_00_00_00-only/t301006000.py:t301006000_x59:lot100340		Existing scope debt: real common-event reward has no admitted region. An ESD common bucket is not a physical location.	Choose the intended repeatable acquisition site/region and provide a placement or live collection witness for this exact flag/lot; do not infer a map from the flag number.
missing-check	unplaced-400030	400030		Festering Bloody Finger	review			tools/matt_oracle.py:_B_SCOPE_UNPLACED_GLOBAL; greenfield/flag_lots.tsv	talk/m60_00_00_00-only/t301006000.py:t301006000_x53:lot100300		Existing scope debt: real common-event reward has no admitted region. An ESD common bucket is not a physical location.	Choose the intended repeatable acquisition site/region and provide a placement or live collection witness for this exact flag/lot; do not infer a map from the flag number.
missing-check	unplaced-400060	400060		Sacrificial Twig	review			tools/matt_oracle.py:_B_SCOPE_UNPLACED_GLOBAL; greenfield/flag_lots.tsv	talk/m60_00_00_00-only/t311006000.py:t311006000_x3:lot100600; talk/m60_00_00_00-only/t311006000.py:t311006000_x44:lot100600		Existing scope debt: real common-event reward has no admitted region. An ESD common bucket is not a physical location.	Choose the intended repeatable acquisition site/region and provide a placement or live collection witness for this exact flag/lot; do not infer a map from the flag number.
missing-check	unplaced-400069	400069		[Sorcery] Rancorcall	review		m60_43_31;m60_45_34	tools/matt_oracle.py:_B_SCOPE_UNPLACED_GLOBAL; greenfield/flag_lots.tsv			Existing scope debt: real common-event reward has no admitted region. An ESD common bucket is not a physical location.	Choose the intended repeatable acquisition site/region and provide a placement or live collection witness for this exact flag/lot; do not infer a map from the flag number.
missing-check	unplaced-400100	400100		Sellen's Primal Glintstone	review			tools/matt_oracle.py:_B_SCOPE_UNPLACED_GLOBAL; greenfield/flag_lots.tsv	talk/m60_00_00_00-only/t316106000.py:t316106000_x3:lot101000; talk/m60_00_00_00-only/t316106000.py:t316106000_x45:lot101000		Existing scope debt: real common-event reward has no admitted region. An ESD common bucket is not a physical location.	Choose the intended repeatable acquisition site/region and provide a placement or live collection witness for this exact flag/lot; do not infer a map from the flag number.
missing-check	unplaced-400102	400102		Sellian Sealbreaker	review			tools/matt_oracle.py:_B_SCOPE_UNPLACED_GLOBAL; greenfield/flag_lots.tsv	talk/m60_00_00_00-only/t316006000.py:t316006000_x55:lot101020		Existing scope debt: real common-event reward has no admitted region. An ESD common bucket is not a physical location.	Choose the intended repeatable acquisition site/region and provide a placement or live collection witness for this exact flag/lot; do not infer a map from the flag number.
missing-check	unplaced-400140	400140		Seluvis's Potion	review			tools/matt_oracle.py:_B_SCOPE_UNPLACED_GLOBAL; greenfield/flag_lots.tsv	talk/m60_00_00_00-only/t307006000.py:t307006000_x11:lot101400; talk/m60_00_00_00-only/t307006000.py:t307006000_x8:lot101400		Existing scope debt: real common-event reward has no admitted region. An ESD common bucket is not a physical location.	Choose the intended repeatable acquisition site/region and provide a placement or live collection witness for this exact flag/lot; do not infer a map from the flag number.
missing-check	unplaced-400141	400141		Magic Scorpion Charm	review			tools/matt_oracle.py:_B_SCOPE_UNPLACED_GLOBAL; greenfield/flag_lots.tsv	talk/m60_00_00_00-only/t307006000.py:t307006000_x13:lot101410		Existing scope debt: real common-event reward has no admitted region. An ESD common bucket is not a physical location.	Choose the intended repeatable acquisition site/region and provide a placement or live collection witness for this exact flag/lot; do not infer a map from the flag number.
missing-check	unplaced-400143	400143		Seluvis's Introduction	review			tools/matt_oracle.py:_B_SCOPE_UNPLACED_GLOBAL; greenfield/flag_lots.tsv	talk/m60_00_00_00-only/t307006000.py:t307006000_x19:lot101430		Existing scope debt: real common-event reward has no admitted region. An ESD common bucket is not a physical location.	Choose the intended repeatable acquisition site/region and provide a placement or live collection witness for this exact flag/lot; do not infer a map from the flag number.
missing-check	unplaced-400145	400145		Amber Draught	review			tools/matt_oracle.py:_B_SCOPE_UNPLACED_GLOBAL; greenfield/flag_lots.tsv	talk/m60_00_00_00-only/t307006000.py:t307006000_x5:lot101450		Existing scope debt: real common-event reward has no admitted region. An ESD common bucket is not a physical location.	Choose the intended repeatable acquisition site/region and provide a placement or live collection witness for this exact flag/lot; do not infer a map from the flag number.
missing-check	unplaced-400170	400170		Exalted Flesh	review			tools/matt_oracle.py:_B_SCOPE_UNPLACED_GLOBAL; greenfield/flag_lots.tsv	talk/m13_00_00_00-only/t220001300.py:t220001300_x45:lot101700; talk/m32_07_00_00-only/t220003207.py:t220003207_x45:lot101700; talk/m60_00_00_00-only/t220006000.py:t220006000_x45:lot101700; talk/m60_00_00_00-only/t220016000.py:t220016000_x42:lot101700; talk/m60_00_00_00-only/t220026000.py:t220026000_x45:lot101700		Existing scope debt: real common-event reward has no admitted region. An ESD common bucket is not a physical location.	Choose the intended repeatable acquisition site/region and provide a placement or live collection witness for this exact flag/lot; do not infer a map from the flag number.
missing-check	unplaced-400171	400171		Exalted Flesh	review			tools/matt_oracle.py:_B_SCOPE_UNPLACED_GLOBAL; greenfield/flag_lots.tsv	talk/m13_00_00_00-only/t220001300.py:t220001300_x69:lot101710; talk/m32_07_00_00-only/t220003207.py:t220003207_x69:lot101710; talk/m60_00_00_00-only/t220006000.py:t220006000_x69:lot101710; talk/m60_00_00_00-only/t220016000.py:t220016000_x66:lot101710; talk/m60_00_00_00-only/t220026000.py:t220026000_x69:lot101710		Existing scope debt: real common-event reward has no admitted region. An ESD common bucket is not a physical location.	Choose the intended repeatable acquisition site/region and provide a placement or live collection witness for this exact flag/lot; do not infer a map from the flag number.
missing-check	unplaced-400172	400172		Jar	review			tools/matt_oracle.py:_B_SCOPE_UNPLACED_GLOBAL; greenfield/flag_lots.tsv	talk/m13_00_00_00-only/t220001300.py:t220001300_x53:lot101720; talk/m32_07_00_00-only/t220003207.py:t220003207_x53:lot101720; talk/m60_00_00_00-only/t220006000.py:t220006000_x53:lot101720; talk/m60_00_00_00-only/t220016000.py:t220016000_x50:lot101720; talk/m60_00_00_00-only/t220026000.py:t220026000_x53:lot101720; talk/m60_00_00_00-only/t220036000.py:t220036000_x3:lot101720; talk/m60_00_00_00-only/t220036000.py:t220036000_x43:lot101720		Existing scope debt: real common-event reward has no admitted region. An ESD common bucket is not a physical location.	Choose the intended repeatable acquisition site/region and provide a placement or live collection witness for this exact flag/lot; do not infer a map from the flag number.
missing-check	unplaced-400181	400181		Dancer's Castanets	review			tools/matt_oracle.py:_B_SCOPE_UNPLACED_GLOBAL; greenfield/flag_lots.tsv	talk/m16_00_00_00-only/t309001600.py:t309001600_x11:lot101810; talk/m31_00_00_00-only/t309003100.py:t309003100_x11:lot101810; talk/m60_00_00_00-only/t309006000.py:t309006000_x11:lot101810		Existing scope debt: real common-event reward has no admitted region. An ESD common bucket is not a physical location.	Choose the intended repeatable acquisition site/region and provide a placement or live collection witness for this exact flag/lot; do not infer a map from the flag number.
missing-check	unplaced-400182	400182		Magma Whip Candlestick	review			tools/matt_oracle.py:_B_SCOPE_UNPLACED_GLOBAL; greenfield/flag_lots.tsv	talk/m16_00_00_00-only/t309001600.py:t309001600_x27:lot101820; talk/m31_00_00_00-only/t309003100.py:t309003100_x27:lot101820; talk/m60_00_00_00-only/t309006000.py:t309006000_x27:lot101820		Existing scope debt: real common-event reward has no admitted region. An ESD common bucket is not a physical location.	Choose the intended repeatable acquisition site/region and provide a placement or live collection witness for this exact flag/lot; do not infer a map from the flag number.
missing-check	unplaced-400189	400189		Patches' Bell Bearing	review		m16_00;m31_00;m60_37_42;m60_37_54;m60_39_54	tools/matt_oracle.py:_B_SCOPE_UNPLACED_GLOBAL; greenfield/flag_lots.tsv			Existing scope debt: real common-event reward has no admitted region. An ESD common bucket is not a physical location.	Choose the intended repeatable acquisition site/region and provide a placement or live collection witness for this exact flag/lot; do not infer a map from the flag number.
missing-check	unplaced-400271	400271		Mushroom	review			tools/matt_oracle.py:_B_SCOPE_UNPLACED_GLOBAL; greenfield/flag_lots.tsv	talk/m11_00_00_00-only/t223001100.py:t223001100_x14:lot102710; talk/m11_00_00_00-only/t223001100.py:t223001100_x49:lot102710; talk/m11_05_00_00-only/t223001105.py:t223001105_x14:lot102710; talk/m11_05_00_00-only/t223001105.py:t223001105_x49:lot102710; talk/m14_00_00_00-only/t223001400.py:t223001400_x38:lot102710; talk/m14_00_00_00-only/t223001400.py:t223001400_x5:lot102710; talk/m31_15_00_00-only/t223003115.py:t223003115_x14:lot102710; talk/m31_15_00_00-only/t223003115.py:t223003115_x49:lot102710; talk/m60_00_00_00-only/t223006000.py:t223006000_x14:lot102710; talk/m60_00_00_00-only/t223006000.py:t223006000_x49:lot102710		Existing scope debt: real common-event reward has no admitted region. An ESD common bucket is not a physical location.	Choose the intended repeatable acquisition site/region and provide a placement or live collection witness for this exact flag/lot; do not infer a map from the flag number.
missing-check	unplaced-400293	400293		Devourer's Scepter	review			tools/matt_oracle.py:_B_SCOPE_UNPLACED_GLOBAL; greenfield/flag_lots.tsv			Existing scope debt: real common-event reward has no admitted region. An ESD common bucket is not a physical location.	Choose the intended repeatable acquisition site/region and provide a placement or live collection witness for this exact flag/lot; do not infer a map from the flag number.
missing-check	unplaced-400294	400294		Beast Champion Helm	review			tools/matt_oracle.py:_B_SCOPE_UNPLACED_GLOBAL; greenfield/flag_lots.tsv			Existing scope debt: real common-event reward has no admitted region. An ESD common bucket is not a physical location.	Choose the intended repeatable acquisition site/region and provide a placement or live collection witness for this exact flag/lot; do not infer a map from the flag number.
missing-check	unplaced-400331	400331		Weathered Dagger	review			tools/matt_oracle.py:_B_SCOPE_UNPLACED_GLOBAL; greenfield/flag_lots.tsv	talk/m11_10_00_00-only/t322001110.py:t322001110_x17:lot103310; talk/m12_03_00_00-only/t322001203.py:t322001203_x17:lot103310; talk/m12_03_00_00-only/t322011203.py:t322011203_x17:lot103310		Existing scope debt: real common-event reward has no admitted region. An ESD common bucket is not a physical location.	Choose the intended repeatable acquisition site/region and provide a placement or live collection witness for this exact flag/lot; do not infer a map from the flag number.
missing-check	unplaced-400332	400332		Sacrificial Twig	review			tools/matt_oracle.py:_B_SCOPE_UNPLACED_GLOBAL; greenfield/flag_lots.tsv	talk/m11_10_00_00-only/t322001110.py:t322001110_x19:lot103320; talk/m12_03_00_00-only/t322001203.py:t322001203_x19:lot103320; talk/m12_03_00_00-only/t322011203.py:t322011203_x19:lot103320		Existing scope debt: real common-event reward has no admitted region. An ESD common bucket is not a physical location.	Choose the intended repeatable acquisition site/region and provide a placement or live collection witness for this exact flag/lot; do not infer a map from the flag number.
missing-check	unplaced-400334	400334		Knifeprint Clue	review			tools/matt_oracle.py:_B_SCOPE_UNPLACED_GLOBAL; greenfield/flag_lots.tsv	talk/m11_10_00_00-only/t322001110.py:t322001110_x49:lot103340; talk/m12_03_00_00-only/t322001203.py:t322001203_x49:lot103340; talk/m12_03_00_00-only/t322011203.py:t322011203_x49:lot103340		Existing scope debt: real common-event reward has no admitted region. An ESD common bucket is not a physical location.	Choose the intended repeatable acquisition site/region and provide a placement or live collection witness for this exact flag/lot; do not infer a map from the flag number.
missing-check	unplaced-400420	400420		Arsenal Charm	review			tools/matt_oracle.py:_B_SCOPE_UNPLACED_GLOBAL; greenfield/flag_lots.tsv	talk/m10_00_00_00-only/t334001000.py:t334001000_x50:lot104200; talk/m11_10_00_00-only/t334001110.py:t334001110_x3:lot104200; talk/m11_10_00_00-only/t334001110.py:t334001110_x45:lot104200; talk/m60_00_00_00-only/t334006000.py:t334006000_x48:lot104200		Existing scope debt: real common-event reward has no admitted region. An ESD common bucket is not a physical location.	Choose the intended repeatable acquisition site/region and provide a placement or live collection witness for this exact flag/lot; do not infer a map from the flag number.
missing-check	unplaced-400421	400421		Stormhawk Axe	review		m10_00;m11_10;m60_34_42	tools/matt_oracle.py:_B_SCOPE_UNPLACED_GLOBAL; greenfield/flag_lots.tsv			Existing scope debt: real common-event reward has no admitted region. An ESD common bucket is not a physical location.	Choose the intended repeatable acquisition site/region and provide a placement or live collection witness for this exact flag/lot; do not infer a map from the flag number.
missing-check	unplaced-400451	400451		Hoslow's Petal Whip	review		m11_10;m16_00;m60_37_44;m60_39_44	tools/matt_oracle.py:_B_SCOPE_UNPLACED_GLOBAL; greenfield/flag_lots.tsv			Existing scope debt: real common-event reward has no admitted region. An ESD common bucket is not a physical location.	Choose the intended repeatable acquisition site/region and provide a placement or live collection witness for this exact flag/lot; do not infer a map from the flag number.
missing-check	unplaced-530935	530935		Blessing of Marika	review			tools/matt_oracle.py:_B_SCOPE_UNPLACED_GLOBAL; greenfield/flag_lots.tsv	m61_50_47_00.emevd.dcx.js:2050472820:lot30935		Existing scope debt: real common-event reward has no admitted region. An ESD common bucket is not a physical location.	Choose the intended repeatable acquisition site/region and provide a placement or live collection witness for this exact flag/lot; do not infer a map from the flag number.
